ra,dec,vlos,vlos_err,src,id,ruwe,parallax,parallax_err,pmra,pmra_err,pmdec,pmdec_err,x_pc,y_pc,r_pc,has_vlos,preprocess_mode
283.159062,-30.464188,134.959,0.012781,apogee,,,,,,,,,-262.719144001696,36.807458034816996,265.2850120002423,True,dwarf
283.173712,-30.734055,-99.600304,0.358721,apogee,,,,,,,,,-256.99373802995876,-85.65430196965008,270.8919357096462,True,dwarf
283.187202,-30.5921,138.740997,0.021235,apogee,,,,,,,,,-251.72167478363093,-21.23716633826822,252.61595117877124,True,dwarf
283.199101,-30.510536,-10.5854,0.090382,apogee,,,,,,,,,-247.0713945339823,15.775402790245918,247.57450864368334,True,dwarf
283.207476,-30.293665,135.867004,0.009975,apogee,,,,,,,,,-243.7983382190801,114.1883408446538,269.2147969619051,True,dwarf
283.218867,-30.408974,135.807007,0.008681,apogee,,,,,,,,,-239.34659081811367,61.862776457918265,247.21204187364316,True,dwarf
283.222235,-30.68132,-11.9985,0.00294,apogee,,,,,,,,,-238.03033366366304,-61.72391806263189,245.90299267198284,True,dwarf
283.262842,-30.459347,140.817993,0.010287,apogee,,,,,,,,,-222.1606025855752,39.00423415113252,225.55855918785758,True,dwarf
283.27684,-30.661169,12.4667,0.016121,apogee,,,,,,,,,-216.69000649052535,-52.57968432582616,222.97798572206057,True,dwarf
283.278991,-30.682846,-102.867996,0.05235,apogee,,,,,,,,,-215.8493683850388,-62.41639489665185,224.69258150663313,True,dwarf
283.281712,-30.580366,48.177799,0.183546,apogee,,,,,,,,,-214.78596704380618,-15.912446043114592,215.3745982654826,True,dwarf
283.287131,-30.730522,148.014008,0.011454,apogee,,,,,,,,,-212.66815305331596,-84.0510774253529,228.67515592969713,True,dwarf
283.288101,-30.790314,157.210999,0.012984,apogee,,,,,,,,,-212.28906473984188,-111.18382635051694,239.6424216412,True,dwarf
283.297547,-30.626261,303.548004,0.049898,apogee,,,,,,,,,-208.59744802931286,-36.73893640838699,211.8080375546721,True,dwarf
283.29917,-30.204441,-29.351299,0.010427,apogee,,,,,,,,,-207.96315902644562,154.67690771143805,259.17874390356826,True,dwarf
283.300323,-30.71139,146.841995,0.011522,apogee,,,,,,,,,-207.51255198989736,-75.36925122057458,220.77586657719166,True,dwarf
283.310849,-30.760576,141.852997,0.037391,apogee,,,,,,,,,-203.3988575695285,-97.68915001360745,225.6418961340523,True,dwarf
283.312259,-30.212576,130.595993,0.007051,apogee,,,,,,,,,-202.84781167055158,150.9853618105459,252.87114145468047,True,dwarf
283.315365,-30.299223,146.533005,0.004046,apogee,,,,,,,,,-201.63394744199903,111.66620044917951,230.48988933096211,True,dwarf
283.325498,-30.228792,148.613007,0.006691,apogee,,,,,,,,,-197.67384241049712,143.62677443145833,244.3431977913751,True,dwarf
283.326062,-30.484762,6.49749,0.004104,apogee,,,,,,,,,-197.45342405090634,27.471272986880013,199.35527459524798,True,dwarf
283.3293,-30.141563,136.052994,0.038459,apogee,,,,,,,,,-196.18797254669897,183.21003901523292,268.43181437368315,True,dwarf
283.330847,-30.196495,155.283997,0.017504,apogee,,,,,,,,,-195.58338530859785,158.2826881328887,251.60737264902386,True,dwarf
283.331594,-30.310932,5.45322,0.259284,apogee,,,,,,,,,-195.29144822595285,106.35282479416541,222.37282453548247,True,dwarf
283.332511,-30.695427,147.526001,0.005385,apogee,,,,,,,,,-194.93307298525002,-68.12547159968108,206.49451039713324,True,dwarf
283.333108,-30.738815,153.373001,0.142987,apogee,,,,,,,,,-194.69975780674554,-87.81432145191759,213.58686931098103,True,dwarf
283.335065,-30.391773,131.283997,0.016415,apogee,,,,,,,,,-193.9349373639777,69.66834265844236,206.0690124670473,True,dwarf
283.342686,-30.768415,158.429993,0.019831,apogee,,,,,,,,,-190.95655382058158,-101.24637537526615,216.13707218721635,True,dwarf
283.343584,-30.39983,-126.906998,0.027532,apogee,,,,,,,,,-190.60560402109022,66.01219203477915,201.71292913812243,True,dwarf
283.356433,-30.590212,177.647995,0.039741,apogee,,,,,,,,,-185.58405171182505,-20.380419115050508,186.69976361281894,True,dwarf
283.359726,-30.54591,-166.514008,0.001215,apogee,,,,,,,,,-184.29710550943477,-0.2768092193667915,184.2973133892615,True,dwarf
283.75646972656,-31.13144493103,8.950713,0.258429,galah,,,,,,,,,-29.244620779492347,-265.98413244906413,267.58700745592563,True,dwarf
283.6979675293,-31.12111091614,-128.163361,0.326137,galah,,,,,,,,,-52.108022114092506,-261.2947052447685,266.4398036284992,True,dwarf
283.70755004883,-31.08941650391,-68.685135,0.376428,galah,,,,,,,,,-48.363051838238135,-246.91223719942502,251.6041288650352,True,dwarf
283.65924072266,-31.06769371033,-32.487877,0.257381,galah,,,,,,,,,-67.24294975933593,-237.05474616116962,246.40731922950897,True,dwarf
283.84851074219,-31.0772228241,-18.621687,0.240214,galah,,,,,,,,,6.726176526465079,-241.37892082334412,241.47261722296255,True,dwarf
283.88171386719,-31.06808280945,17.261032,0.255705,galah,,,,,,,,,19.70237926742635,-237.23131374094586,238.04806230686398,True,dwarf
283.94183349609,-31.05172157288,-43.893948,0.260977,galah,,,,,,,,,43.197893419108674,-229.80682009699382,233.83163293049287,True,dwarf
283.70416259766,-30.95927810669,-1.513353,0.281535,galah,,,,,,,,,-49.68691075685424,-187.85730581573446,194.3171542836761,True,dwarf
284.09634399414,-31.07711029053,-12.571372,0.257509,galah,,,,,,,,,103.58255746217436,-241.32785470914175,262.618505952877,True,dwarf
283.70590209961,-30.92247200012,-12.775982,0.296569,galah,,,,,,,,,-49.00709131299425,-171.15522445908704,178.0331594355406,True,dwarf
284.01657104492,-30.95841598511,40.027027,0.263836,galah,,,,,,,,,72.40627624395542,-187.46608745252513,200.96318763463566,True,dwarf
283.6823425293,-30.87519454956,-88.209938,0.294959,galah,,,,,,,,,-58.21447046279304,-149.70139792934688,160.62201939106626,True,dwarf
283.76574707031,-30.87677764893,64.744003,0.261253,galah,,,,,,,,,-25.618917072461976,-150.41978563555824,152.58584738635815,True,dwarf
284.0305480957,-30.97772216797,-45.196426,0.409811,galah,,,,,,,,,77.86868511787993,-196.22695533190247,211.11264794136798,True,dwarf
283.96347045898,-30.92958259583,-5.316329,0.279918,galah,,,,,,,,,51.65389318298141,-174.38191043894724,181.87131541091318,True,dwarf
284.02996826172,-30.94247245789,-49.545273,0.292952,galah,,,,,,,,,77.64207863790588,-180.23114429889486,196.24361836886268,True,dwarf
283.76461791992,-30.79713821411,10.462443,0.194952,galah,,,,,,,,,-26.060203378673975,-114.28055648260992,117.21424738534496,True,dwarf
283.79940795898,-30.80138969421,-23.702139,0.278397,galah,,,,,,,,,-12.463814478264709,-116.2098169541379,116.87629455053252,True,dwarf
283.81976318359,-30.79586029053,-23.897707,0.283978,galah,,,,,,,,,-4.508734305015972,-113.70065315705568,113.79001368035028,True,dwarf
284.16220092773,-30.95197296143,-7.749174,0.233209,galah,,,,,,,,,129.32028311787883,-184.54233605052383,225.34331456839985,True,dwarf
284.12615966797,-30.94913864136,-0.427673,0.256168,galah,,,,,,,,,115.23490128451954,-183.25616240132692,216.47610383623055,True,dwarf
283.80838012695,-30.74661064148,-22.666622,0.296112,galah,,,,,,,,,-8.957377340058338,-91.35187134132505,91.78997225391342,True,dwarf
284.06958007812,-30.89563941956,16.854721,0.249212,galah,,,,,,,,,93.12287933194736,-158.97898564204226,184.2449145318402,True,dwarf
283.87716674805,-30.73338890076,44.658386,0.297124,galah,,,,,,,,,17.92530738494419,-85.35203572269224,87.21402781005168,True,dwarf
284.01483154297,-30.80505561829,68.017456,0.258444,galah,,,,,,,,,71.72645680009542,-117.87336053256814,137.9812078811341,True,dwarf
284.10717773438,-30.88366699219,-8.089691,0.250701,galah,,,,,,,,,107.81652067487684,-153.54607043842395,187.61875673161677,True,dwarf
283.91094970703,-30.73191642761,1.657765,0.267817,galah,,,,,,,,,31.128116605879512,-84.68384860270928,90.22368789622722,True,dwarf
284.1692199707,-30.90719413757,-54.581329,0.286895,galah,,,,,,,,,132.0634142125051,-164.2223503508069,210.73615192511906,True,dwarf
284.28680419922,-30.97291755676,-20.405466,0.277457,galah,,,,,,,,,178.0168233694756,-194.04669192468904,263.3326946079317,True,dwarf
284.1217956543,-30.83905601501,-78.11808,0.214944,galah,,,,,,,,,113.52938934412332,-133.30225114602356,175.09543799153386,True,dwarf
283.86441040039,-30.63091659546,-46.799206,0.252865,galah,,,,,,,,,12.939964786295773,-38.85157861325084,40.949821115753174,True,dwarf
284.28350830078,-30.91116714478,-78.185608,0.2396,galah,,,,,,,,,176.7287444199634,-166.0252438333276,242.48181518244337,True,dwarf
284.06878662109,-30.7348613739,-1.528902,0.224082,galah,,,,,,,,,92.81278625221343,-86.0202228381346,126.54521732970153,True,dwarf
284.05191040039,-30.70244407654,-96.585602,0.25644,galah,,,,,,,,,86.21734497058273,-71.30971992635571,111.88613287513229,True,dwarf
283.93267822266,-30.5668888092,-26.860613,0.233968,galah,,,,,,,,,39.6198963427343,-9.796690855247592,40.81312702945343,True,dwarf
284.03713989258,-30.64519500732,63.699451,0.251437,galah,,,,,,,,,80.44484301694415,-45.330916384983986,92.33777530525195,True,dwarf
283.97375488281,-30.57311058044,-21.255402,0.289291,galah,,,,,,,,,55.67317656946583,-12.620041084789202,57.08562013604377,True,dwarf
284.21438598633,-30.80666732788,39.102825,0.278503,galah,,,,,,,,,149.71486647238083,-118.60473114478442,191.00163217305087,True,dwarf
284.04348754883,-30.60430526733,28.966015,0.2257,galah,,,,,,,,,82.92558765859441,-26.775740964125163,87.14122671101867,True,dwarf
284.00479125977,-30.54272270203,33.549023,0.229775,galah,,,,,,,,,67.80258667102494,1.1695407199168173,67.8126727446824,True,dwarf
284.09829711914,-30.63258361816,-18.511988,0.232368,galah,,,,,,,,,104.34586350575448,-39.60804951858421,111.61028992627948,True,dwarf
284.27612304688,-30.82388877869,140.808563,0.288011,galah,,,,,,,,,173.84249344508316,-126.41957762850953,214.9491152225906,True,dwarf
284.28680419922,-30.89872169495,14.267978,0.229226,galah,,,,,,,,,178.0168233694756,-160.37767784627044,239.60590342043156,True,dwarf
284.13955688477,-30.60388946533,-46.51812,0.202239,galah,,,,,,,,,120.47070367847,-26.58705600178024,123.36961535008336,True,dwarf
284.20175170898,-30.63277816772,-60.09412,0.195952,galah,,,,,,,,,144.7772305004904,-39.69633330847233,150.12076921442102,True,dwarf
284.24569702148,-30.68925094604,2.572145,0.23317,galah,,,,,,,,,161.95161648119196,-65.32286721372782,174.62933047427458,True,dwarf
284.18087768555,-30.55213928223,-31.886526,0.200867,galah,,,,,,,,,136.6193971625956,-3.1035678280553203,136.65464432039758,True,dwarf
284.33847045898,-30.80902862549,-28.54607,0.27767,galah,,,,,,,,,198.20865355153543,-119.67625401054826,231.5363386527261,True,dwarf
284.30334472656,-30.65277862549,-46.768169,0.251372,galah,,,,,,,,,184.48107142464812,-48.77225314828016,190.81928202135666,True,dwarf
284.34878540039,-30.62463951111,26.034472,0.179871,galah,,,,,,,,,202.2398635956739,-36.00312809059503,205.41954059802728,True,dwarf
283.79612801865,-31.13871254436,-73.74,4.860000133514404,gaia,6.760250456318795e+18,1.029,0.7389,0.0265,0.772,0.029,-4.148,0.024,-13.7456567958234,-269.2820707646917,269.6326699717024,True,dwarf
283.159062,-30.464188,133.533005,0.024818,apogee,,,,,,,,,-262.719144001696,36.807458034816996,265.2850120002423,True,dwarf
283.159062,-30.464188,134.959,0.012781,apogee,,,,,,,,,-262.719144001696,36.807458034816996,265.2850120002423,True,dwarf
283.173712,-30.734055,30.9653,0.19983,apogee,,,,,,,,,-256.99373802995876,-85.65430196965008,270.8919357096462,True,dwarf
283.173712,-30.734055,-99.600304,0.358721,apogee,,,,,,,,,-256.99373802995876,-85.65430196965008,270.8919357096462,True,dwarf
283.173712,-30.734055,-52.937801,0.274185,apogee,,,,,,,,,-256.99373802995876,-85.65430196965008,270.8919357096462,True,dwarf
283.187202,-30.5921,138.740997,0.021235,apogee,,,,,,,,,-251.72167478363093,-21.23716633826822,252.61595117877124,True,dwarf
283.199101,-30.510536,-10.5854,0.090382,apogee,,,,,,,,,-247.0713945339823,15.775402790245918,247.57450864368334,True,dwarf
283.199101,-30.510536,-10.0679,0.283419,apogee,,,,,,,,,-247.0713945339823,15.775402790245918,247.57450864368334,True,dwarf
283.207476,-30.293665,135.121002,0.018814,apogee,,,,,,,,,-243.7983382190801,114.1883408446538,269.2147969619051,True,dwarf
283.207476,-30.293665,135.867004,0.009975,apogee,,,,,,,,,-243.7983382190801,114.1883408446538,269.2147969619051,True,dwarf
283.207476,-30.293665,135.406006,0.01099,apogee,,,,,,,,,-243.7983382190801,114.1883408446538,269.2147969619051,True,dwarf
283.218867,-30.408974,135.802002,0.018726,apogee,,,,,,,,,-239.34659081811367,61.862776457918265,247.21204187364316,True,dwarf
283.218867,-30.408974,135.832993,0.009391,apogee,,,,,,,,,-239.34659081811367,61.862776457918265,247.21204187364316,True,dwarf
283.218867,-30.408974,135.807007,0.008681,apogee,,,,,,,,,-239.34659081811367,61.862776457918265,247.21204187364316,True,dwarf
283.222235,-30.68132,-11.9985,0.00294,apogee,,,,,,,,,-238.03033366366304,-61.72391806263189,245.90299267198284,True,dwarf
283.262842,-30.459347,148.623993,0.0147,apogee,,,,,,,,,-222.1606025855752,39.00423415113252,225.55855918785758,True,dwarf
283.262842,-30.459347,140.817993,0.010287,apogee,,,,,,,,,-222.1606025855752,39.00423415113252,225.55855918785758,True,dwarf
283.27684,-30.661169,12.4667,0.016121,apogee,,,,,,,,,-216.69000649052535,-52.57968432582616,222.97798572206057,True,dwarf
283.278991,-30.682846,-102.867996,0.05235,apogee,,,,,,,,,-215.8493683850388,-62.41639489665185,224.69258150663313,True,dwarf
283.281712,-30.580366,48.177799,0.183546,apogee,,,,,,,,,-214.78596704380618,-15.912446043114592,215.3745982654826,True,dwarf
283.287131,-30.730522,148.014008,0.011454,apogee,,,,,,,,,-212.66815305331596,-84.0510774253529,228.67515592969713,True,dwarf
283.287131,-30.730522,149.033005,0.012015,apogee,,,,,,,,,-212.66815305331596,-84.0510774253529,228.67515592969713,True,dwarf
283.287131,-30.730522,148.485001,0.011685,apogee,,,,,,,,,-212.66815305331596,-84.0510774253529,228.67515592969713,True,dwarf
283.288101,-30.790314,158.863007,0.02595,apogee,,,,,,,,,-212.28906473984188,-111.18382635051694,239.6424216412,True,dwarf
283.288101,-30.790314,157.210999,0.012984,apogee,,,,,,,,,-212.28906473984188,-111.18382635051694,239.6424216412,True,dwarf
283.297547,-30.626261,303.548004,0.049898,apogee,,,,,,,,,-208.59744802931286,-36.73893640838699,211.8080375546721,True,dwarf
283.29917,-30.204441,-29.351299,0.010427,apogee,,,,,,,,,-207.96315902644562,154.67690771143805,259.17874390356826,True,dwarf
283.300323,-30.71139,146.384003,0.013433,apogee,,,,,,,,,-207.51255198989736,-75.36925122057458,220.77586657719166,True,dwarf
283.300323,-30.71139,146.731003,0.01158,apogee,,,,,,,,,-207.51255198989736,-75.36925122057458,220.77586657719166,True,dwarf
283.300323,-30.71139,146.841995,0.011522,apogee,,,,,,,,,-207.51255198989736,-75.36925122057458,220.77586657719166,True,dwarf
283.310849,-30.760576,141.852997,0.037391,apogee,,,,,,,,,-203.3988575695285,-97.68915001360745,225.6418961340523,True,dwarf
283.312259,-30.212576,128.628998,0.012662,apogee,,,,,,,,,-202.84781167055158,150.9853618105459,252.87114145468047,True,dwarf
283.312259,-30.212576,130.595993,0.007051,apogee,,,,,,,,,-202.84781167055158,150.9853618105459,252.87114145468047,True,dwarf
283.315365,-30.299223,146.533005,0.004046,apogee,,,,,,,,,-201.63394744199903,111.66620044917951,230.48988933096211,True,dwarf
283.325498,-30.228792,148.613007,0.006691,apogee,,,,,,,,,-197.67384241049712,143.62677443145833,244.3431977913751,True,dwarf
283.326062,-30.484762,6.49749,0.004104,apogee,,,,,,,,,-197.45342405090634,27.471272986880013,199.35527459524798,True,dwarf
283.3293,-30.141563,136.052994,0.038459,apogee,,,,,,,,,-196.18797254669897,183.21003901523292,268.43181437368315,True,dwarf
283.330847,-30.196495,155.283997,0.017504,apogee,,,,,,,,,-195.58338530859785,158.2826881328887,251.60737264902386,True,dwarf
283.331594,-30.310932,5.45322,0.259284,apogee,,,,,,,,,-195.29144822595285,106.35282479416541,222.37282453548247,True,dwarf
283.332511,-30.695427,147.526001,0.005385,apogee,,,,,,,,,-194.93307298525002,-68.12547159968108,206.49451039713324,True,dwarf
283.332511,-30.695427,147.893005,0.005675,apogee,,,,,,,,,-194.93307298525002,-68.12547159968108,206.49451039713324,True,dwarf
283.333108,-30.738815,153.373001,0.142987,apogee,,,,,,,,,-194.69975780674554,-87.81432145191759,213.58686931098103,True,dwarf
283.335065,-30.391773,130.865005,0.019097,apogee,,,,,,,,,-193.9349373639777,69.66834265844236,206.0690124670473,True,dwarf
283.335065,-30.391773,131.283997,0.016415,apogee,,,,,,,,,-193.9349373639777,69.66834265844236,206.0690124670473,True,dwarf
283.342686,-30.768415,157.968994,0.026233,apogee,,,,,,,,,-190.95655382058158,-101.24637537526615,216.13707218721635,True,dwarf
283.342686,-30.768415,157.959,0.021122,apogee,,,,,,,,,-190.95655382058158,-101.24637537526615,216.13707218721635,True,dwarf
283.342686,-30.768415,158.429993,0.019831,apogee,,,,,,,,,-190.95655382058158,-101.24637537526615,216.13707218721635,True,dwarf
283.343584,-30.39983,-126.906998,0.027532,apogee,,,,,,,,,-190.60560402109022,66.01219203477915,201.71292913812243,True,dwarf
283.356433,-30.590212,177.647995,0.039741,apogee,,,,,,,,,-185.58405171182505,-20.380419115050508,186.69976361281894,True,dwarf
283.359726,-30.54591,-166.514008,0.001215,apogee,,,,,,,,,-184.29710550943477,-0.2768092193667915,184.2973133892615,True,dwarf
283.29755716507,-30.626272468449994,,,simbad,,,,,,,,,-208.59347539093292,-36.74414062591125,211.80502790539342,False,dwarf
283.3102778674,-30.547162653329995,,,simbad,,,,,,,,,-203.62206343975214,-0.8452452692240264,203.62381775968055,False,dwarf
283.33662430888,-30.94404764108,,,simbad,,,,,,,,,-193.32553965930103,-180.94593975657202,264.7946324964858,False,dwarf
283.31470776050253,-30.81833692858167,,,simbad,,,,,,,,,-201.89080498081813,-123.90022796535138,236.87795090651383,False,dwarf
283.27190563717,-30.808101871270008,,,simbad,,,,,,,,,-218.6184181228559,-119.25570628566228,249.02999061203855,False,dwarf
283.31621062249997,-30.63085502302,,,simbad,,,,,,,,,-201.30346743441874,-38.823637926283624,205.01307485853494,False,dwarf
283.2867879617992,-30.769719100458612,,,simbad,,,,,,,,,-212.802216736828,-101.83815739153434,235.9148018862124,False,dwarf
283.22318292631707,-30.622143631931397,,,simbad,,,,,,,,,-237.65987202567786,-34.87053404623319,240.204431507687,False,dwarf
283.32655057751,-30.60606231553,,,simbad,,,,,,,,,-197.26248175784065,-27.573064145488768,199.18022134648223,False,dwarf
283.28912460245954,-30.880261398635554,,,simbad,,,,,,,,,-211.8890279047175,-152.00066110516786,260.7703225499678,False,dwarf
283.27899005417,-30.68286863888001,,,simbad,,,,,,,,,-215.8497380274264,-62.42666809452446,224.69579056113295,False,dwarf
283.33250889703,-30.695444744049997,,,simbad,,,,,,,,,-194.93389485263475,-68.13352359415315,206.49794284634675,False,dwarf
283.28481344451,-30.71273115792,,,simbad,,,,,,,,,-213.5738831585934,-75.97784937939545,226.68576744859524,False,dwarf
283.28036236364,-30.76674569613,,,simbad,,,,,,,,,-215.31342206602568,-100.48886930782386,237.60867529732036,False,dwarf
283.32568741932,-30.79276936636,,,simbad,,,,,,,,,-197.59981493568728,-112.29803626096046,227.2807422785438,False,dwarf
283.31083780915446,-30.760564112023612,,,simbad,,,,,,,,,-203.4032310940347,-97.68375542104346,225.6435031031284,False,dwarf
283.3761678451429,-30.908209320214443,,,simbad,,,,,,,,,-177.87142370961305,-164.6830256218288,242.40202618881844,False,dwarf
283.16781895835993,-30.627518640660007,,,simbad,,,,,,,,,-259.29681351104176,-37.30963563681122,261.9672620926737,False,dwarf
283.18943540316417,-30.63999439638805,,,simbad,,,,,,,,,-250.84883247555138,-42.970954004162955,254.5027301275472,False,dwarf
283.19347407960333,-30.70692347699806,,,simbad,,,,,,,,,-249.2704664549017,-73.3424073755744,259.8362449049189,False,dwarf
283.1936941383017,-30.715088293107225,,,simbad,,,,,,,,,-249.18446472207694,-77.04748339761957,260.824101947528,False,dwarf
283.18527743494997,-30.608032168726947,,,simbad,,,,,,,,,-252.47381923622441,-28.4669551712482,254.0736053517712,False,dwarf
283.22950202237797,-30.72355216984195,,,simbad,,,,,,,,,-235.19028906846796,-80.88826882671984,248.7114474765752,False,dwarf
283.2326085117421,-30.734741531063886,,,simbad,,,,,,,,,-233.97623359020807,-85.96583988418205,249.2689381211635,False,dwarf
283.23993963952336,-30.71180800916694,,,simbad,,,,,,,,,-231.11113578963872,-75.55893776350509,243.14915208967122,False,dwarf
283.24706370197464,-30.703544779421946,,,simbad,,,,,,,,,-228.32696174858486,-71.80920305013339,239.35280049340352,False,dwarf
283.24867580793,-30.74073251733917,,,simbad,,,,,,,,,-227.6969302766386,-88.68446321876445,244.35798753837534,False,dwarf
283.2489661835542,-30.66865434022306,,,simbad,,,,,,,,,-227.5834477965826,-55.976423971459745,234.36634944379801,False,dwarf
283.25162805989373,-30.642878486573604,,,simbad,,,,,,,,,-226.5431527323997,-44.27971261538488,230.8300088793406,False,dwarf
283.19828272761004,-30.778617637302503,,,simbad,,,,,,,,,-247.3911857713861,-105.87618532146803,269.09508619742263,False,dwarf
283.2017301503471,-30.74613784191139,,,simbad,,,,,,,,,-246.04388920307065,-91.13732170279599,262.380652528596,False,dwarf
283.2080440907187,-30.642828454031395,,,simbad,,,,,,,,,-243.57632115467374,-44.25700856792325,247.56434928039616,False,dwarf
283.2111381735621,-30.758639670621946,,,simbad,,,,,,,,,-242.36711430220964,-96.81047161430368,260.9867535132085,False,dwarf
283.2134075773913,-30.639812880839717,,,simbad,,,,,,,,,-241.48020247722224,-42.88858486115244,245.25928912037668,False,dwarf
283.2157400564108,-30.616335459810834,,,simbad,,,,,,,,,-240.5686400671823,-32.23486914354679,242.71867948815782,False,dwarf
283.2167424768695,-30.706674311131938,,,simbad,,,,,,,,,-240.1768814268857,-73.22933949214149,251.0925537215304,False,dwarf
283.21793111206415,-30.667397137587773,,,simbad,,,,,,,,,-239.7123477039068,-55.405923512347634,246.03216456791748,False,dwarf
283.2180502240275,-30.701857565906106,,,simbad,,,,,,,,,-239.66579723658518,-71.04356984321036,249.97376498567817,False,dwarf
283.2181469819125,-30.710968615929723,,,simbad,,,,,,,,,-239.62798302683836,-75.17803319508532,251.14399639368665,False,dwarf
283.218606095435,-30.75253166948945,,,simbad,,,,,,,,,-239.44855563411187,-94.03874862188522,257.2525938404363,False,dwarf
283.2208560475242,-30.81362318515084,,,simbad,,,,,,,,,-238.56924579605567,-121.76119904833249,267.8452438132633,False,dwarf
283.22286178112245,-30.7435559834325,,,simbad,,,,,,,,,-237.78537964445928,-89.96571148958932,254.23555222762937,False,dwarf
283.2231031318067,-30.735955297015565,,,simbad,,,,,,,,,-237.69105673327027,-86.51662940152316,252.94696205722497,False,dwarf
283.226740207485,-30.72973632073722,,,simbad,,,,,,,,,-236.26964138799187,-83.69454748534855,250.65538238862445,False,dwarf
283.28909599060665,-30.628970035642492,,,simbad,,,,,,,,,-211.90020978003096,-37.96825778778601,215.27491146034853,False,dwarf
283.29232890247323,-30.560956511309165,,,simbad,,,,,,,,,-210.63674678297394,-7.104699464738351,210.75653216400895,False,dwarf
283.29356099148197,-30.566307312266392,,,simbad,,,,,,,,,-210.155230757827,-9.53281591712174,210.37132788045344,False,dwarf
283.2978241631896,-30.78191563021806,,,simbad,,,,,,,,,-208.4891291364278,-107.37276703364951,234.51359889893047,False,dwarf
283.30080166413626,-30.656238983806947,,,simbad,,,,,,,,,-207.32548396913268,-50.3425139424456,213.35000588957203,False,dwarf
283.30607292881996,-30.791507344379447,,,simbad,,,,,,,,,-205.26540681565146,-111.72534885233642,233.7016063517133,False,dwarf
283.3065676080829,-30.685194286501666,,,simbad,,,,,,,,,-205.07207988007931,-63.482013508741055,214.67306301784956,False,dwarf
283.3079928545259,-30.695554919106662,,,simbad,,,,,,,,,-204.51507547763566,-68.18351944895417,215.5815586316903,False,dwarf
283.30882301565043,-30.93558324643111,,,simbad,,,,,,,,,-204.1906379718204,-177.104919305479,270.29607669653524,False,dwarf
283.3116842639829,-30.59539005926,,,simbad,,,,,,,,,-203.07242580190507,-22.730147871758977,204.34057292506122,False,dwarf
283.31547340649126,-30.868526342001665,,,simbad,,,,,,,,,-201.5915808090748,-146.67546132476494,249.30474605978594,False,dwarf
283.3167605182717,-30.918562890275556,,,simbad,,,,,,,,,-201.0885611862744,-169.38132668128802,262.91946156243216,False,dwarf
283.32894980827916,-30.76425017780056,,,simbad,,,,,,,,,-196.3248319166491,-99.35643901161528,220.03441003663346,False,dwarf
283.329732465355,-30.778286962166934,,,simbad,,,,,,,,,-196.0189595961233,-105.72612970484485,222.71382315319428,False,dwarf
283.33436144843074,-30.78039337847333,,,simbad,,,,,,,,,-194.20989424834843,-106.68199110391718,221.58188159199963,False,dwarf
283.33537595175835,-30.762114598818055,,,simbad,,,,,,,,,-193.81341346949563,-98.38734400990856,217.35617935090264,False,dwarf
283.3360258013921,-30.650163858365563,,,simbad,,,,,,,,,-193.55944398321708,-47.58570946542662,199.32299942660944,False,dwarf
283.34362562825373,-30.8811108250025,,,simbad,,,,,,,,,-190.5893351710907,-152.3861185634363,244.02012993150385,False,dwarf
283.34391525152455,-30.918505799686663,,,simbad,,,,,,,,,-190.4761467202905,-169.35541979383828,254.87726592020095,False,dwarf
283.3463268615446,-30.644304790014726,,,simbad,,,,,,,,,-189.53365891071536,-44.92694858606705,194.78562208063127,False,dwarf
283.3523815167421,-30.711353877543615,,,simbad,,,,,,,,,-187.16742279980915,-75.35285936982916,201.76644312851374,False,dwarf
283.3531254228883,-30.700654128920274,,,simbad,,,,,,,,,-186.87669483451504,-70.49746746189057,199.73180014913194,False,dwarf
283.35398442088086,-30.755030888155556,,,simbad,,,,,,,,,-186.54098751461527,-95.17285807760788,209.41684014803667,False,dwarf
283.36138044873996,-30.72775770692834,,,simbad,,,,,,,,,-183.65052593976424,-82.79668101999982,201.4517462467864,False,dwarf
283.36424703117876,-30.758580399876944,,,simbad,,,,,,,,,-182.53022913338523,-96.78357540339366,206.60189983480427,False,dwarf
283.2559292908737,-30.88198153925917,,,simbad,,,,,,,,,-224.8621770642271,-152.78123615963167,271.854933368017,False,dwarf
283.2561081815225,-30.666487353597777,,,simbad,,,,,,,,,-224.79226432778742,-54.99307663355468,231.42126215894223,False,dwarf
283.25763190322624,-30.59003062659722,,,simbad,,,,,,,,,-224.1967745433665,-20.298114475643114,225.11376494322914,False,dwarf
283.2581022336496,-30.808184816794718,,,simbad,,,,,,,,,-224.01296344338886,-119.29334577081785,253.79659204939097,False,dwarf
283.2599246395312,-30.77420227135305,,,simbad,,,,,,,,,-223.30074409066168,-103.87255581051002,246.2777500344899,False,dwarf
283.2657087014795,-30.67331452175139,,,simbad,,,,,,,,,-221.0402592565471,-58.09114726811937,228.54622640316748,False,dwarf
283.2659900985754,-30.59298532123972,,,simbad,,,,,,,,,-220.93028569933267,-21.63891237311266,221.98746286193733,False,dwarf
283.26704924035835,-30.80381002158167,,,simbad,,,,,,,,,-220.51635964549155,-117.30812667604451,249.77722365248334,False,dwarf
283.2682720821584,-30.685773879142776,,,simbad,,,,,,,,,-220.03845754689115,-63.74502430634199,229.08590293475316,False,dwarf
283.2683766522838,-30.787341072424724,,,simbad,,,,,,,,,-219.99759021442972,-109.83475461060688,245.89146593675912,False,dwarf
283.26896711443123,-30.594317233801114,,,simbad,,,,,,,,,-219.76683011170823,-22.24331512128197,220.8896210439347,False,dwarf
283.26983196671875,-30.869682519200275,,,simbad,,,,,,,,,-219.42883485902726,-147.2001178949225,264.22885587283866,False,dwarf
283.27448004203416,-30.73635514389111,,,simbad,,,,,,,,,-217.61230802163553,-86.69807415805697,234.24703341818253,False,dwarf
283.2775161022308,-30.6155421203264,,,simbad,,,,,,,,,-216.4257771560774,-31.874863105220363,218.76042584432088,False,dwarf
283.2792392988175,-30.658141051874164,,,simbad,,,,,,,,,-215.75233005517512,-51.205645052065485,221.74554338122635,False,dwarf
283.2806403592033,-30.713622857770833,,,simbad,,,,,,,,,-215.20477787093074,-76.38248993614738,228.35801099878736,False,dwarf
283.28526068637495,-30.635181077342494,,,simbad,,,,,,,,,-213.39909536033673,-40.78673910652242,217.26189722902083,False,dwarf
283.37295236547743,-30.802227818305003,,,simbad,,,,,,,,,-179.12807398119486,-116.59014560409075,213.7291017624776,False,dwarf
283.37674569540957,-30.924985190686385,,,simbad,,,,,,,,,-177.6455924899898,-172.29567416203895,247.4747580382109,False,dwarf
283.3810162340666,-30.891793847491112,,,simbad,,,,,,,,,-175.97661177126673,-157.23392039219863,235.98786751101292,False,dwarf
283.3815857606937,-30.928687973378064,,,simbad,,,,,,,,,-175.75403353561717,-173.97594364788583,247.29963459781172,False,dwarf
283.25407240998163,-30.670309913935004,,,simbad,,,,,,,,,-225.58786968868654,-56.7276994908148,232.6110892459773,False,dwarf
283.1694141726158,-30.639397126426665,,,simbad,,,,,,,,,-258.673383529692,-42.69992149307767,262.1739930698965,False,dwarf
283.16959224946754,-30.670560534946386,,,simbad,,,,,,,,,-258.60378883546053,-56.841427698220755,264.777014679952,False,dwarf
283.1769619698562,-30.59486830177833,,,simbad,,,,,,,,,-255.72360855400908,-22.493381837004776,256.710958469539,False,dwarf
283.21122262841374,-30.650833284828888,,,simbad,,,,,,,,,-242.33410827410395,-47.88948555843664,247.02069318188072,False,dwarf
283.21204306575544,-30.750238396710277,,,simbad,,,,,,,,,-242.0134709460671,-92.9980944451687,259.2665919276824,False,dwarf
283.16483688310416,-30.61403125138806,,,simbad,,,,,,,,,-260.46224637640506,-31.1892525291777,262.32299033971833,False,dwarf
283.20748804714,-30.293667283839998,,,simbad,,,,,,,,,-243.79363004384186,114.18730447093762,269.2100937043265,False,dwarf
283.27475454889833,-30.26535665547444,,,simbad,,,,,,,,,-217.50502725442894,127.03426010641117,251.8851724928111,False,dwarf
283.2359323315283,-30.330937901560276,,,simbad,,,,,,,,,-232.67724262413284,97.27443464069086,252.19241636067414,False,dwarf
283.17104991465794,-30.36351776351972,,,simbad,,,,,,,,,-258.03411477498867,82.49016225371419,270.8989318110282,False,dwarf
283.2438318030579,-30.306378918120558,,,simbad,,,,,,,,,-229.59002887199225,108.41894781180406,253.9020472585066,False,dwarf
283.24568565277,-30.262358508019165,,,simbad,,,,,,,,,-228.86552087113844,128.39477626483765,262.4207408260925,False,dwarf
283.2525114268258,-30.23757106852055,,,simbad,,,,,,,,,-226.19792172161553,139.64295950697058,265.8301260787489,False,dwarf
283.2135273647975,-30.36592144459361,,,simbad,,,,,,,,,-241.4333880382622,81.39940638212617,254.78607540247683,False,dwarf
283.2143494575063,-30.363441425309166,,,simbad,,,,,,,,,-241.11210377178384,82.52480343481538,254.84385369714212,False,dwarf
283.2146847200138,-30.391299206278603,,,simbad,,,,,,,,,-240.9810789279089,69.883343429197,250.9094699091729,False,dwarf
283.2151702345046,-30.353730070490563,,,simbad,,,,,,,,,-240.79133370162617,86.93167646158106,256.0030913060014,False,dwarf
283.220307967605,-30.267891962285272,,,simbad,,,,,,,,,-238.78344238598913,125.88377437008269,269.9338011575447,False,dwarf
283.2222129129958,-30.368641545850004,,,simbad,,,,,,,,,-238.03896554527824,80.16506358642283,251.1752108343524,False,dwarf
283.28743005710294,-30.184981769368616,,,simbad,,,,,,,,,-212.55127774117656,163.50722646642657,268.1653571514227,False,dwarf
283.2917733579162,-30.35829517814667,,,simbad,,,,,,,,,-210.85386064810655,84.86009631959801,227.2896533007664,False,dwarf
283.29648690061833,-30.314151588517497,,,simbad,,,,,,,,,-209.0117483249243,104.89182186923252,233.8550945198507,False,dwarf
283.3004687077904,-30.275780111878056,,,simbad,,,,,,,,,-207.45560753574895,122.3042456307002,240.82391408936394,False,dwarf
283.30078364056953,-30.21998687787833,,,simbad,,,,,,,,,-207.33252780781933,147.62241210510308,254.51749182111053,False,dwarf
283.30456714243746,-30.21333227224583,,,simbad,,,,,,,,,-205.8538872488602,150.64217635153489,255.08604076153085,False,dwarf
283.3055300278862,-30.338171976205846,,,simbad,,,,,,,,,-205.47757939231562,93.99171569728581,225.95459334265541,False,dwarf
283.3096096203446,-30.312381852931114,,,simbad,,,,,,,,,-203.88322287194447,105.69490240390644,229.65143361804274,False,dwarf
283.32278083565626,-30.334733974273615,,,simbad,,,,,,,,,-198.73574472856555,95.55183148587743,220.5131486626661,False,dwarf
283.32279503699834,-30.34431341506527,,,simbad,,,,,,,,,-198.7301946637995,91.20481914570688,218.65957401063585,False,dwarf
283.32315526143793,-30.387082927478613,,,simbad,,,,,,,,,-198.5894143800087,71.79663005748593,211.16939075397812,False,dwarf
283.3242901967133,-30.379980432157776,,,simbad,,,,,,,,,-198.1458672671587,75.01964019734442,211.8719687226073,False,dwarf
283.32577373873704,-30.372948825057776,,,simbad,,,,,,,,,-197.56608021174415,78.21048228298588,212.4834948629436,False,dwarf
283.25981660215916,-30.274879291600556,,,simbad,,,,,,,,,-223.34296646711795,122.71302490579062,254.83439161906966,False,dwarf
283.2629011019712,-30.31750062559472,,,simbad,,,,,,,,,-222.13750478497784,103.37207705123986,245.01195347571007,False,dwarf
283.27867898211247,-30.360234931761944,,,simbad,,,,,,,,,-215.97130893634844,83.97986405073254,231.7244567361399,False,dwarf
283.28099851295707,-30.339559395624992,,,simbad,,,,,,,,,-215.06480683742663,93.3621247360592,234.4554488069132,False,dwarf
283.304231750455,-30.257741016531952,,,simbad,,,,,,,,,-205.98496269316382,130.49012743534004,243.83904161105,False,dwarf
283.16720041258753,-30.385406005203333,,,simbad,,,,,,,,,-259.53854905090964,72.55759324758148,269.49000497482814,False,dwarf
283.1843825299853,-30.382010957089726,,,simbad,,,,,,,,,-252.82355945662476,74.09821721157938,263.458342077551,False,dwarf
283.1879365814683,-30.39225577204973,,,simbad,,,,,,,,,-251.43459102081147,69.44926765152815,260.84967766730387,False,dwarf
283.1892917310621,-30.375938512776667,,,simbad,,,,,,,,,-250.90498135686073,76.85380503115825,262.4115413190775,False,dwarf
283.619813,-30.470446000000003,,,simbad,,,,,,,,,-82.65180428283354,33.96766771548232,89.35951656783536,False,dwarf
283.37437371825,-30.39397526003,,,simbad,,,,,,,,,-178.57259127457442,68.66898875721984,191.32067418722787,False,dwarf
283.39354187282,-30.286682489100002,,,simbad,,,,,,,,,-171.08143314200944,117.35690378144903,207.4644538977512,False,dwarf
283.66333499999996,-30.469027999999998,,,simbad,,,,,,,,,-65.64285420083415,34.61113570410879,74.20859129750546,False,dwarf
283.64044464703994,-30.14589541739,,,simbad,,,,,,,,,-74.58869471498762,181.24405036655133,195.9920385438108,False,dwarf
283.64575531689,-30.439160300710004,,,simbad,,,,,,,,,-72.51321752225188,48.16466771186501,87.05171986367523,False,dwarf
283.68909449631,-30.503702367509995,,,simbad,,,,,,,,,-55.57571604366314,18.87640684761349,58.69394303710142,False,dwarf
283.63166666666655,-30.224166666666672,,,simbad,,,,,,,,,-78.01924087536415,145.72568411884635,165.29663323453954,False,dwarf
283.32722646739,-30.207956864909995,,,simbad,,,,,,,,,-196.99833541277187,153.08145882433456,249.48402191561166,False,dwarf
283.651944,-30.420448000000007,,,simbad,,,,,,,,,-70.09460160176081,56.65604042019545,90.1285753232813,False,dwarf
283.40083333333337,-30.520833333333332,,,simbad,,,,,,,,,-168.2318378132766,11.102621148352032,168.59780381249465,False,dwarf
283.661373,-30.486591,,,simbad,,,,,,,,,-66.40962870705148,26.641299114386953,71.55415853401304,False,dwarf
283.6863339999999,-30.449599999999997,,,simbad,,,,,,,,,-56.65455304428714,43.427282448123435,71.38394246241262,False,dwarf
283.60255,-30.38207777777777,,,simbad,,,,,,,,,-89.3984038248094,74.06789494519272,116.09533870072391,False,dwarf
283.56901319387,-30.40802062592,,,simbad,,,,,,,,,-102.50501338724911,62.295403892096644,119.94996921883543,False,dwarf
283.56904159014,-30.100609188459998,,,simbad,,,,,,,,,-102.4939157644625,201.7942891832043,226.33147796028598,False,dwarf
283.66473573253,-30.408368069630008,,,simbad,,,,,,,,,-65.09543014673876,62.13773893776664,89.99174198940138,False,dwarf
283.50890450845077,-30.541660549466666,,,simbad,,,,,,,,,-125.99625068773547,1.6515302640223162,126.00707416482481,False,dwarf
283.59177218268496,-30.120538689230838,,,simbad,,,,,,,,,-93.61051164855832,192.75056860822716,214.27951276288584,False,dwarf
283.38647644531875,-30.154271358571112,,,simbad,,,,,,,,,-173.84269190025933,177.44316882589462,248.40966102409027,False,dwarf
283.46180322387124,-30.31140624472861,,,simbad,,,,,,,,,-144.40403062000266,106.13761936282873,179.2141688129356,False,dwarf
283.34358443017163,-30.39984046398806,,,simbad,,,,,,,,,-190.60543590454898,66.0074436276219,201.7112163728552,False,dwarf
283.52538056445,-30.273605001120007,,,simbad,,,,,,,,,-119.55719885096653,123.2912795831127,171.74010428065662,False,dwarf
283.60743749999995,-30.35260833333333,,,simbad,,,,,,,,,-87.48830678135909,87.44070463670894,123.69349477977157,False,dwarf
283.6442125,-30.44833611111111,,,simbad,,,,,,,,,-73.11616994788551,44.00081703287428,85.33490614870655,False,dwarf
283.6156916666667,-30.502497222222225,,,simbad,,,,,,,,,-84.26247366699964,19.42328443176189,86.47212525779004,False,dwarf
283.6398083333333,-30.44034166666667,,,simbad,,,,,,,,,-74.83737418910515,47.628580845881174,88.70802832276671,False,dwarf
283.65507143204115,-30.453816726719445,,,simbad,,,,,,,,,-68.87236145947756,41.513792560432975,80.4163984878432,False,dwarf
283.669175,-30.44293055555555,,,simbad,,,,,,,,,-63.36050806601274,46.45378033381942,78.56530843626857,False,dwarf
283.3589958333333,-30.209725,,,simbad,,,,,,,,,-184.58246391174757,152.27910457187966,239.28980687222148,False,dwarf
283.381075,-30.505799999999994,,,simbad,,,,,,,,,-175.9536452984737,17.924531417984113,176.86428164096728,False,dwarf
283.34749014343,-30.29159393773,,,simbad,,,,,,,,,-189.07903358284116,115.12815909091323,221.37157440891954,False,dwarf
283.58491517479,-30.329008855220003,,,simbad,,,,,,,,,-96.29031737891682,98.14980810228579,137.49621831689794,False,dwarf
283.59287257311,-30.298653156660006,,,simbad,,,,,,,,,-93.18046510173706,111.92478715427212,145.63569979955173,False,dwarf
283.47612569973,-30.514002957560002,,,simbad,,,,,,,,,-138.80662524036475,14.20214735457348,139.53128753114868,False,dwarf
283.5650272703,-30.403521275499998,,,simbad,,,,,,,,,-104.06276291697274,64.33714434687676,122.3451133826968,False,dwarf
283.61235859412,-30.13475746136,,,simbad,,,,,,,,,-85.56508072932472,186.2982944878653,205.0083841439253,False,dwarf
283.35165007221997,-30.158057104789997,,,simbad,,,,,,,,,-187.45328060426286,175.72525168561714,256.93986940386264,False,dwarf
283.5810333333333,-30.236308333333334,,,simbad,,,,,,,,,-97.80739029752138,140.21597055851043,170.95848617859468,False,dwarf
283.5530166666666,-30.33446944444444,,,simbad,,,,,,,,,-108.75665928328911,95.67187131458587,144.84860337364705,False,dwarf
283.62385878455,-30.18939971763999,,,simbad,,,,,,,,,-81.0706603222223,161.50242513495016,180.70828782751312,False,dwarf
283.43636482432,-30.480680262700005,,,simbad,,,,,,,,,-154.34568008772845,29.323506619125972,157.10651483049753,False,dwarf
283.36019325316,-30.33148178131,,,simbad,,,,,,,,,-184.11449704305556,97.02762983913348,208.1165754417875,False,dwarf
283.49833333333333,-30.406650000000003,,,simbad,,,,,,,,,-130.12760011746013,62.917374205142096,144.53991936209005,False,dwarf
283.46696249999997,-30.422075000000003,,,simbad,,,,,,,,,-142.3877200154238,55.91773124001875,152.97403530737395,False,dwarf
283.3122562152299,-30.21259363033,,,simbad,,,,,,,,,-202.8488999940457,150.9773614205705,252.86723767683296,False,dwarf
283.57609992794,-30.51278796906,,,simbad,,,,,,,,,-99.7354277514449,14.753491646744,100.820737274304,False,dwarf
283.5896916666666,-30.45791388888889,,,simbad,,,,,,,,,-94.42360371924256,39.65455934446349,102.4124065537576,False,dwarf
283.63907331023995,-30.50780647326001,,,simbad,,,,,,,,,-75.12463054460243,17.01402273473107,77.02718405914212,False,dwarf
283.6524020357999,-30.411455216,,,simbad,,,,,,,,,-69.91559539671047,60.73683635293614,92.61292442116202,False,dwarf
283.6454031794,-30.47936976607,,,simbad,,,,,,,,,-72.65083732348945,29.91819112590166,78.56998360729185,False,dwarf
283.34316417212,-30.39650597977999,,,simbad,,,,,,,,,-190.7696780860281,67.52058456307152,202.3662506861895,False,dwarf
283.43846714186,-30.515537330069996,,,simbad,,,,,,,,,-153.52406770562067,13.505871196033858,154.1169942661868,False,dwarf
283.47081087462,-30.453603834959996,,,simbad,,,,,,,,,-140.88372636143228,41.61039977640413,146.9001352042778,False,dwarf
283.40358408696,-30.498416936539993,,,simbad,,,,,,,,,-167.1568083770598,21.274859340761676,168.5052468820312,False,dwarf
283.60677970209076,-30.512005399080838,,,simbad,,,,,,,,,-87.74538255456531,15.108610638599806,89.03663445501422,False,dwarf
283.64148582375,-30.50816283423,,,simbad,,,,,,,,,-74.1817896396698,16.852311256181807,76.07192852044342,False,dwarf
283.67818531203,-30.48367689888,,,simbad,,,,,,,,,-59.83916374492946,27.963676255668535,66.05068286872074,False,dwarf
283.33454241743334,-30.303003621453886,,,simbad,,,,,,,,,-194.13916926485572,109.95060885349339,223.11242329843984,False,dwarf
283.4751824561971,-30.356144660560282,,,simbad,,,,,,,,,-139.1752567868626,85.83597024471423,163.516255734837,False,dwarf
283.4412857384954,-30.188554360263883,,,simbad,,,,,,,,,-152.42252436032348,161.88603614374665,222.35043204524666,False,dwarf
283.48501445144785,-30.465752011457226,,,simbad,,,,,,,,,-135.33278823241682,36.09773214866263,140.06430607773262,False,dwarf
283.3379188322896,-30.35351046968278,,,simbad,,,,,,,,,-192.81962347775524,87.03132814711134,211.55107959344824,False,dwarf
283.4743302403937,-30.425337036423056,,,simbad,,,,,,,,,-139.50831354110565,54.437466066559416,149.75315442030345,False,dwarf
283.43061559084543,-30.492748092530547,,,simbad,,,,,,,,,-156.5925535121717,23.847299152178316,158.39798449574994,False,dwarf
283.4721945379925,-30.433701741520554,,,simbad,,,,,,,,,-140.34297315079448,50.641683298907395,149.2003022790217,False,dwarf
283.4210351998062,-30.44071242224222,,,simbad,,,,,,,,,-160.33669194680016,47.4603373025293,167.21345161592996,False,dwarf
283.40800269948704,-30.260747312266112,,,simbad,,,,,,,,,-165.42995851022008,129.1259137052463,209.8584588786162,False,dwarf
283.4469098029825,-30.271413038398897,,,simbad,,,,,,,,,-150.22456856513458,124.28596071378561,194.97287255187445,False,dwarf
283.4353685651225,-30.239763402984718,,,simbad,,,,,,,,,-154.7350308289473,138.64810968464835,207.76483842258185,False,dwarf
283.4072855316383,-30.407558450703057,,,simbad,,,,,,,,,-165.71023680945547,62.505132352772776,177.10667450404983,False,dwarf
283.5044741362346,-30.369907472989443,,,simbad,,,,,,,,,-127.72769639035317,79.59060407290997,150.4959424100097,False,dwarf
283.4252857807896,-30.39577104879361,,,simbad,,,,,,,,,-158.6755109402942,67.85408566574192,172.57489595447325,False,dwarf
283.42830431749456,-30.344440131968614,,,simbad,,,,,,,,,-157.4958284777251,91.14731683899358,181.96914396356567,False,dwarf
283.3498547572179,-30.45757714202055,,,simbad,,,,,,,,,-188.15491249737318,39.8073702260191,192.31978010908162,False,dwarf
283.42188309100084,-30.19383499628695,,,simbad,,,,,,,,,-160.00532530455447,159.48975952849764,225.9174351843485,False,dwarf
283.4084669074154,-30.280289243491108,,,simbad,,,,,,,,,-165.2485401590057,120.25806661130977,204.374858066673,False,dwarf
283.406997131935,-30.224186138850833,,,simbad,,,,,,,,,-165.82294707455324,145.71684792196615,220.75019715688478,False,dwarf
283.33808425586994,-30.222042819885555,,,simbad,,,,,,,,,-192.7549738426013,146.6894552164446,242.22360787660483,False,dwarf
283.44627729996,-30.32836479112833,,,simbad,,,,,,,,,-150.47175877551638,98.44207511611746,179.81265901533325,False,dwarf
283.67882715848,-30.513294834611397,,,simbad,,,,,,,,,-59.588322004471884,14.523483355587175,61.332696729302924,False,dwarf
283.5275436626108,-30.47330400108888,,,simbad,,,,,,,,,-118.71183263067371,32.67074796079284,123.12545219754824,False,dwarf
283.51316205881,-30.503556897549995,,,simbad,,,,,,,,,-124.33234596065962,18.942419021497294,125.76703658139972,False,dwarf
283.36186731757994,-30.45559862455,,,simbad,,,,,,,,,-183.46025141664592,40.70519297442176,187.92172994346302,False,dwarf
283.52626109914,-30.397738700880005,,,simbad,,,,,,,,,-119.21307471633371,66.96119347226693,136.73170303390697,False,dwarf
283.58888662751,-30.26473990351,,,simbad,,,,,,,,,-94.73822324106335,127.31413327004937,158.69536689260164,False,dwarf
283.62927210038,-30.054152277099995,,,simbad,,,,,,,,,-78.95506777753563,222.8757668352239,236.44769013493098,False,dwarf
283.61081049208,-30.03064376322,,,simbad,,,,,,,,,-86.17009865865121,233.54359204109844,248.93351579548442,False,dwarf
283.30809399716713,-30.207298481305273,,,simbad,,,,,,,,,-204.4755476494869,153.38022382706674,255.60857311091638,False,dwarf
283.32326389592794,-30.150486114368334,,,simbad,,,,,,,,,-198.54695864227892,179.16085815848714,267.43131432609823,False,dwarf
283.3250361156758,-30.25155129182139,,,simbad,,,,,,,,,-197.85435266769537,133.2989354111147,238.5685458129158,False,dwarf
283.3333298661871,-30.36707072974222,,,simbad,,,,,,,,,-194.6130496843852,80.87787732505025,210.7497808968324,False,dwarf
283.3386383259078,-30.19548819528472,,,simbad,,,,,,,,,-192.53843623826853,158.73956162025004,249.5381691294279,False,dwarf
283.33906306214453,-30.293509675857788,,,simbad,,,,,,,,,-192.37244392521893,114.25882470457927,223.74591885581572,False,dwarf
283.33920830882323,-30.397601868630282,,,simbad,,,,,,,,,-192.31567967938767,67.02328597756191,203.66011272160017,False,dwarf
283.3401672332679,-30.385937288808336,,,simbad,,,,,,,,,-191.94091983351768,72.31650439518256,205.1121486272213,False,dwarf
283.34419944797867,-30.435159801068327,,,simbad,,,,,,,,,-190.36507913834342,49.980036864139876,196.81683728860327,False,dwarf
283.3510185864362,-30.15021795457805,,,simbad,,,,,,,,,-187.7000732648329,179.28254521129605,259.564151070721,False,dwarf
283.35187002735586,-30.189684317195844,,,simbad,,,,,,,,,-187.36731934496737,161.37327795316781,247.28090746329232,False,dwarf
283.3563134113917,-30.171407114176397,,,simbad,,,,,,,,,-185.6307884580427,169.66720959253288,251.48708045239835,False,dwarf
283.358789529135,-30.131970665834725,,,simbad,,,,,,,,,-184.66309021134407,187.56290218275694,263.21151031370465,False,dwarf
283.3611253260466,-30.51831803606277,,,simbad,,,,,,,,,-183.75023112695254,12.244026843334144,184.1577140185791,False,dwarf
283.361736680255,-30.21540312225722,,,simbad,,,,,,,,,-183.5113061415865,149.70245442517748,236.82741467725694,False,dwarf
283.3902888410895,-30.47671928200056,,,simbad,,,,,,,,,-172.35275923730154,31.120942644271786,175.13990604022626,False,dwarf
283.3916929403287,-30.15873472757139,,,simbad,,,,,,,,,-171.80401943053718,175.41775622145116,245.5361690062319,False,dwarf
283.3944078655137,-30.53904569601223,,,simbad,,,,,,,,,-170.74299220412829,2.838113122186847,170.76657832524882,False,dwarf
283.40510365613204,-30.141237134505555,,,simbad,,,,,,,,,-166.56294145473422,183.35791208594588,247.71624369542397,False,dwarf
283.4138382744467,-30.117223616303047,,,simbad,,,,,,,,,-163.14934173735477,194.25490098410148,253.6782889126999,False,dwarf
283.4195839768879,-30.156067516934442,,,simbad,,,,,,,,,-160.9038482855628,176.62809801538316,238.9299759377948,False,dwarf
283.4286845067867,-30.145183392523048,,,simbad,,,,,,,,,-157.34724567611448,181.56715700194636,240.25983481145775,False,dwarf
283.3664565596646,-30.11002332089445,,,simbad,,,,,,,,,-181.66671735265876,197.52229139600465,268.3614200886912,False,dwarf
283.3695958461075,-30.285249227801103,,,simbad,,,,,,,,,-180.439844359694,118.00729712783698,215.60208627925704,False,dwarf
283.3746213196237,-30.10555352275472,,,simbad,,,,,,,,,-178.47582551459584,199.55062145138604,267.720135243412,False,dwarf
283.37531510010535,-30.536248895770004,,,simbad,,,,,,,,,-178.20468729530873,4.107260813619895,178.25201307533632,False,dwarf
283.3766578478979,-30.29374259215889,,,simbad,,,,,,,,,-177.67992441271906,114.15313063984911,211.18970802145643,False,dwarf
283.3847766859367,-30.149446861716115,,,simbad,,,,,,,,,-174.50697944406164,179.6324560525615,250.44062198885706,False,dwarf
283.4673784642754,-30.103526952868613,,,simbad,,,,,,,,,-142.2251558962094,200.47024969427986,245.79730670246974,False,dwarf
283.46763232716,-30.459326343970005,,,simbad,,,,,,,,,-142.12594305827412,39.01360756021188,147.38332763601858,False,dwarf
283.63214628321,-30.021196757210006,,,simbad,,,,,,,,,-77.83180064178491,237.83050738367882,250.24216158257715,False,dwarf
283.6361279588,-30.27934513801999,,,simbad,,,,,,,,,-76.27571127656132,120.6864880841938,142.76978859983507,False,dwarf
283.4741396720092,-30.164346842859995,,,simbad,,,,,,,,,-139.58279008492275,172.8710590869702,222.18856486719193,False,dwarf
283.47973798649207,-30.172742605168335,,,simbad,,,,,,,,,-137.3948977182458,169.06118300409156,217.85096170949112,False,dwarf
283.4918843201325,-30.09499463085722,,,simbad,,,,,,,,,-132.64795634216784,204.3420946046992,243.62095958515044,False,dwarf
283.49583071522545,-30.05550912642194,,,simbad,,,,,,,,,-131.105655043052,222.26004814406818,258.0469371747536,False,dwarf
283.50400498612,-30.10171117872,,,simbad,,,,,,,,,-127.91104621069687,201.2942218657934,238.4965398056548,False,dwarf
283.5040390888658,-30.054058882435275,,,simbad,,,,,,,,,-127.89771842471094,222.91814798970512,257.00258185747225,False,dwarf
283.5187259662554,-30.158935348425555,,,simbad,,,,,,,,,-122.1579003010105,175.3267173656632,213.68671093020916,False,dwarf
283.52534702535826,-30.029244712635837,,,simbad,,,,,,,,,-119.57030635378122,234.17846105758366,262.93841443356143,False,dwarf
283.5325029364579,-30.107933334475003,,,simbad,,,,,,,,,-116.77368545664815,198.47069714887832,230.27529446705736,False,dwarf
283.53710784001373,-30.03138713317722,,,simbad,,,,,,,,,-114.9740306909096,233.2062614549364,260.0080539427623,False,dwarf
283.53905206413367,-30.116331790161382,,,simbad,,,,,,,,,-114.21420322425709,194.65959884981498,225.6928081320333,False,dwarf
283.55098138868624,-30.098271704587503,,,simbad,,,,,,,,,-109.55207175449497,202.85500571767412,230.54676265438997,False,dwarf
283.55304383217833,-30.159980864522506,,,simbad,,,,,,,,,-108.7460426564615,174.85227721052854,205.91022470763434,False,dwarf
283.55593143824456,-30.041816635826113,,,simbad,,,,,,,,,-107.61752954961167,228.4735032801517,252.5503402640096,False,dwarf
283.5634049548225,-30.1128073522775,,,simbad,,,,,,,,,-104.6967843997614,196.258938029064,222.43872733844282,False,dwarf
283.5674398041858,-30.090761118284718,,,simbad,,,,,,,,,-103.11991404891735,206.26320167088164,230.60404384350872,False,dwarf
283.577286965312,-30.15673442484806,,,simbad,,,,,,,,,-99.27151847783472,176.32546480397582,202.349954087549,False,dwarf
283.57920834898573,-30.17645692113667,,,simbad,,,,,,,,,-98.52061734749763,167.3756798833137,194.21876906965906,False,dwarf
283.45794405634246,-30.23875457294083,,,simbad,,,,,,,,,-145.91224227974595,139.10590223697915,201.59572040166745,False,dwarf
283.58680523661207,-30.08701441738195,,,simbad,,,,,,,,,-95.55165722582258,207.96340060874164,228.86435981024448,False,dwarf
283.5896682616945,-30.152302903468044,,,simbad,,,,,,,,,-94.43275067947063,178.33642541677497,201.79550300074578,False,dwarf
283.59034588165287,-30.17036173762167,,,simbad,,,,,,,,,-94.16792819782368,170.14158642541454,194.4627422732367,False,dwarf
283.5927102580204,-30.046704079944167,,,simbad,,,,,,,,,-93.24389989922892,226.2556514916021,244.71625344530494,False,dwarf
283.59411002952334,-30.17436767933167,,,simbad,,,,,,,,,-92.69685142675962,168.32374774087012,192.16032451566798,False,dwarf
283.5979312841654,-30.119812549619446,,,simbad,,,,,,,,,-91.20345660443333,193.08008031147318,213.5368537505451,False,dwarf
283.60003872287416,-30.182042227160828,,,simbad,,,,,,,,,-90.37984280454985,164.8411484071346,187.99234078429396,False,dwarf
283.60109066377834,-30.00043001989277,,,simbad,,,,,,,,,-89.96873094551337,247.2541538518247,263.114023086813,False,dwarf
283.6057398819487,-30.024066945587492,,,simbad,,,,,,,,,-88.15175746589017,236.52805721284943,252.42078795774745,False,dwarf
283.6121490893154,-30.036841019463886,,,simbad,,,,,,,,,-85.64695786650181,230.73136636391234,246.1145359704385,False,dwarf
283.6181893557846,-30.04018993698695,,,simbad,,,,,,,,,-83.2863450532756,229.21167579787772,243.87416344173215,False,dwarf
283.623702846357,-30.073873789326942,,,simbad,,,,,,,,,-81.13160294758516,213.9264284675777,228.79434825567316,False,dwarf
283.63297104315455,-30.146870343388336,,,simbad,,,,,,,,,-77.50947398567673,180.8016429820618,196.71541033317453,False,dwarf
283.6416144298137,-30.20839980828472,,,simbad,,,,,,,,,-74.13152875739029,152.88045749682522,169.9056145050727,False,dwarf
283.625325,-30.52836199999999,,,simbad,,,,,,,,,-80.49764471177738,7.686220586277104,80.86376686158302,False,dwarf
283.52316410495,-30.042183080089995,,,simbad,,,,,,,,,-120.42341935999849,228.3072161479771,258.1200977754216,False,dwarf
283.3679516179037,-30.10237855440584,,,simbad,,,,,,,,,-181.08242961407888,200.9913763860871,270.5335093782498,False,dwarf
283.37039627938833,-30.53618342618695,,,simbad,,,,,,,,,-180.12702487257857,4.136969968010051,180.17452541900244,False,dwarf
283.37362610345207,-30.13476847977167,,,simbad,,,,,,,,,-178.86476862806785,186.29329449125365,258.2591663983627,False,dwarf
283.3736873269908,-30.297822711636382,,,simbad,,,,,,,,,-178.84084169192997,112.30163115216718,211.1769471711232,False,dwarf
283.37678325609284,-30.258387121035,,,simbad,,,,,,,,,-177.63091329816405,130.19693451219538,220.23619846771956,False,dwarf
283.3775050719654,-30.12313747820834,,,simbad,,,,,,,,,-177.34881849219087,191.5712755784562,261.05968100672476,False,dwarf
283.383907187815,-30.096760661480825,,,simbad,,,,,,,,,-174.846790347699,203.5406953288017,268.3285574623474,False,dwarf
283.4127940498783,-30.206973856863332,,,simbad,,,,,,,,,-163.55743795439727,153.52753372601936,224.32507466219758,False,dwarf
283.41751459421795,-30.104065694038603,,,simbad,,,,,,,,,-161.7125893023774,200.22577670623787,257.3738976596026,False,dwarf
283.4779990126054,-30.049715469943333,,,simbad,,,,,,,,,-138.07451078823672,224.88912605737755,263.89332986694063,False,dwarf
283.5026912022858,-30.185955913174173,,,simbad,,,,,,,,,-128.42448961066623,163.0651740297595,207.56468994777478,False,dwarf
283.57417606942874,-29.990503786333885,,,simbad,,,,,,,,,-100.48729607970702,251.75853575786223,271.0720513080489,False,dwarf
283.4950454684499,-30.440397345479997,,,simbad,,,,,,,,,-131.41253945110697,47.60331460185885,139.76884876850167,False,dwarf
283.69838798292994,-30.49333017111,,,simbad,,,,,,,,,-51.94370349814613,23.583160271543058,57.046593075280185,False,dwarf
283.621647,-30.495597999999998,,,simbad,,,,,,,,,-81.93505380146769,22.554052165482563,84.98257651149859,False,dwarf
283.6433208333333,-30.357466666666664,,,simbad,,,,,,,,,-73.46464460032632,85.23606290322982,112.526620963644,False,dwarf
283.79751250000004,-30.51547777777778,,,simbad,,,,,,,,,-13.20458390919665,13.532895169018122,18.90767801372366,False,dwarf
283.76892602871,-30.46175628425,,,simbad,,,,,,,,,-24.376539775039483,37.91093563888115,45.07166218833593,False,dwarf
283.70549845039,-30.494278221169996,,,simbad,,,,,,,,,-49.16484255222211,23.15294880100471,54.34372807755036,False,dwarf
283.71829299999996,-30.490198000000007,,,simbad,,,,,,,,,-44.16457014660425,25.004494435278524,50.7516896092948,False,dwarf
283.79496361246413,-29.987847333716388,,,simbad,,,,,,,,,-14.200721514598486,252.96399571742455,253.36227742278518,False,dwarf
283.7100938558483,-30.429874950901116,,,simbad,,,,,,,,,-47.36889976360555,52.37822579734286,70.62075617332303,False,dwarf
283.83345900000006,-30.44613599999999,,,simbad,,,,,,,,,0.8437646070534435,44.99919578564304,45.007105661959095,False,dwarf
283.37744352297,-30.210333336259993,,,simbad,,,,,,,,,-177.3728726209367,152.0030503337786,233.5937996877834,False,dwarf
283.63276013153455,-30.180257176477223,,,simbad,,,,,,,,,-77.59190092415673,165.6511787124757,182.9229785944257,False,dwarf
283.6605755583521,-30.065788198719165,,,simbad,,,,,,,,,-66.72127902603748,217.59555309750155,227.59515329346968,False,dwarf
283.72822549801253,-30.047179202542775,,,simbad,,,,,,,,,-40.28282383700603,226.04004769549624,229.60141345049573,False,dwarf
283.79056715010546,-30.067614314018613,,,simbad,,,,,,,,,-15.918914814456699,216.76688826059598,217.35062846711907,False,dwarf
283.82173400000005,-30.496479,,,simbad,,,,,,,,,-3.7385142338136257,22.154267047018948,22.46748844590905,False,dwarf
283.79347,-30.392917999999998,,,simbad,,,,,,,,,-14.784444225966617,69.14875814012444,70.71160119380797,False,dwarf
283.65515111,-30.39868,,,simbad,,,,,,,,,-68.8412223016919,66.53404548112496,95.73867084974268,False,dwarf
283.65139806,-30.51589806,,,simbad,,,,,,,,,-70.30796188409674,13.34217714631647,71.56272210654993,False,dwarf
283.79794306,-30.42636306,,,simbad,,,,,,,,,-13.036315595540366,53.97187133642078,55.52394456323945,False,dwarf
283.78430194,-30.49356694,,,simbad,,,,,,,,,-18.367438456232925,23.475717957425424,29.807249605760184,False,dwarf
283.70617694,-30.46543306,,,simbad,,,,,,,,,-48.899680199695766,36.24246772881045,60.86620729687685,False,dwarf
283.71307389,-30.5077,,,simbad,,,,,,,,,-46.2042645876239,17.062338767495966,49.25400968753663,False,dwarf
283.74456806,-30.48297306,,,simbad,,,,,,,,,-33.895943154657914,28.283068208016402,44.14597274500935,False,dwarf
283.73504611,-30.46397611,,,simbad,,,,,,,,,-37.617242089318786,36.90361066677017,52.69661642507012,False,dwarf
283.80343611,-30.429035,,,simbad,,,,,,,,,-10.889561925021546,52.75938342561193,53.87146831458758,False,dwarf
283.74865694,-30.46279306,,,simbad,,,,,,,,,-32.29795694513325,37.44046172737936,49.44639721141511,False,dwarf
283.7610833333333,-30.47819444444444,,,simbad,,,,,,,,,-27.441564685906698,30.451535161435615,40.99189512695102,False,dwarf
283.7785,-30.466083333333334,,,simbad,,,,,,,,,-20.634910259882258,35.947383050491496,41.4489308621122,False,dwarf
283.76594379610714,-30.471995013938333,,,simbad,,,,,,,,,-25.542034133638303,33.264747487518505,41.93970592520068,False,dwarf
283.856361,-30.384453,,,simbad,,,,,,,,,9.794156932251045,72.99005329083808,73.64423527617721,False,dwarf
283.8151429999999,-30.486506,,,simbad,,,,,,,,,-6.314360702103277,26.67987089085555,27.416904672646538,False,dwarf
283.45396290848333,-30.114805606321394,,,simbad,,,,,,,,,-147.46812540104875,195.3521591077769,244.76379241499268,False,dwarf
283.65380062377,-30.410434035980007,,,simbad,,,,,,,,,-69.36900946388054,61.200233146651016,92.50690791073059,False,dwarf
283.78117199999997,-30.463465,,,simbad,,,,,,,,,-19.590658740697148,37.135545027608075,41.98621933911126,False,dwarf
283.82307408391375,-30.244537436681394,,,simbad,,,,,,,,,-3.214792428881006,136.48172191283646,136.51957847376184,False,dwarf
283.70388756882,-30.496011571059995,,,simbad,,,,,,,,,-49.79439551882572,22.366379571596706,54.5869651127995,False,dwarf
283.75434824378,-30.453209990250006,,,simbad,,,,,,,,,-30.0737231806986,41.78912083660702,51.48552657054049,False,dwarf
283.77543133307995,-30.46358879726001,,,simbad,,,,,,,,,-21.83418424688468,37.07936761301389,43.030350966590206,False,dwarf
283.79432562111,-30.49203384717,,,simbad,,,,,,,,,-14.450056634668913,24.17141341560436,28.161345196087446,False,dwarf
283.44932408082,-30.43319922972,,,simbad,,,,,,,,,-149.2810381386096,50.86971592060174,157.71035586030405,False,dwarf
283.81788750000004,-30.492530555555554,,,simbad,,,,,,,,,-5.241775262493075,23.946014300098017,24.513013049459733,False,dwarf
283.6226416666666,-30.386933333333342,,,simbad,,,,,,,,,-81.54632544154211,71.86451372727953,108.69365908955427,False,dwarf
283.6547374999999,-30.38444722222222,,,simbad,,,,,,,,,-69.00286634024233,72.99267516322594,100.44563798718971,False,dwarf
283.82302916666674,-30.51277777777778,,,simbad,,,,,,,,,-3.232346659204296,14.758116303916102,15.107946973867213,False,dwarf
283.61025416666666,-30.370091666666674,,,simbad,,,,,,,,,-86.38751769235833,79.50701963355388,117.40600233402824,False,dwarf
283.85485,-30.413394444444442,,,simbad,,,,,,,,,9.203638951141288,59.85684239903621,60.56028857201742,False,dwarf
283.7946818164445,-29.981745780985836,,,simbad,,,,,,,,,-14.310850976295448,255.73279251786207,256.13289836459825,False,dwarf
283.17703313095126,-30.428361049242223,,,simbad,,,,,,,,,-255.69579789472422,53.065212578318196,261.14413232351546,False,dwarf
283.18588916564664,-30.385860894690282,,,simbad,,,,,,,,,-252.23474711446613,72.3511709463014,262.40628725165794,False,dwarf
283.75784959592994,-30.472750233960003,,,simbad,,,,,,,,,-28.7053503132382,32.92203951268724,43.679031837721226,False,dwarf
283.6111833333333,-30.37812222222223,,,simbad,,,,,,,,,-86.02438756389729,75.86286911812645,114.69686206072768,False,dwarf
283.75240629879414,-30.045082833390833,,,simbad,,,,,,,,,-30.832659932837753,226.9913498405012,229.0758080220319,False,dwarf
284.34878541208116,-30.624645565657236,,,simbad,,,,,,,,,202.23986816472734,-36.005875556978765,205.420026652493,False,dwarf
283.9024580000001,-30.564404000000003,,,simbad,,,,,,,,,27.809449702185603,-8.669120207828396,29.12935182794443,False,dwarf
284.4680409036599,-30.486146492980005,,,simbad,,,,,,,,,248.84642814062218,26.843010001612598,250.29001575031415,False,dwarf
284.2326680085,-30.43166320609,,,simbad,,,,,,,,,156.8597128141929,51.56674133363182,165.1184372380043,False,dwarf
284.29058205761,-30.63266747841,,,simbad,,,,,,,,,179.49325838562763,-39.64610409290814,183.8195946454985,False,dwarf
283.90443435406337,-29.967434279545834,,,simbad,,,,,,,,,28.581833958583676,262.22714586469255,263.7802063475931,False,dwarf
283.879831,-30.490349000000005,,,simbad,,,,,,,,,18.966530867862634,24.93597280884563,31.329411630049403,False,dwarf
284.21905416666664,-30.533138888888885,,,simbad,,,,,,,,,151.53925060730916,5.518537169334925,151.63970036607887,False,dwarf
283.9737409524038,-30.573116585028888,,,simbad,,,,,,,,,55.667732389881536,-12.622765880791587,57.08091316642317,False,dwarf
284.10930926683,-30.61557833484,,,simbad,,,,,,,,,108.64955061468233,-31.891296730203187,113.23329746989745,False,dwarf
284.29311524364,-30.57022508057,,,simbad,,,,,,,,,180.483259643215,-11.310642779056801,180.83732372360413,False,dwarf
284.08170778622787,-30.187862370609718,,,simbad,,,,,,,,,97.86254161345296,162.20005108797463,189.43582983159862,False,dwarf
284.48459650184,-30.63455361184,,,simbad,,,,,,,,,255.31656607139826,-40.50200429353046,258.5091125323899,False,dwarf
283.8649077064599,-30.107151892020006,,,simbad,,,,,,,,,13.13431831138203,198.82530448649783,199.25865607710315,False,dwarf
284.1461,-30.086122222222222,,,simbad,,,,,,,,,123.02783617071302,208.36826592953983,241.9776492144083,False,dwarf
284.13635,-30.042652777777775,,,simbad,,,,,,,,,119.21741240113933,228.09407409831616,257.3707404861545,False,dwarf
284.49842463832,-30.523551008610003,,,simbad,,,,,,,,,260.720777346524,9.86937922732678,260.9075092566493,False,dwarf
283.9837220995,-30.650558422380005,,,simbad,,,,,,,,,59.568491378923845,-47.7647569356352,76.35363233194106,False,dwarf
283.86850775267,-30.15841951031,,,simbad,,,,,,,,,14.541262070408504,175.56079727727925,176.16197615613376,False,dwarf
283.87633257477,-30.202849960629994,,,simbad,,,,,,,,,17.599301877853637,155.39889847536003,156.3923050343049,False,dwarf
283.97983346418,-30.18014174332,,,simbad,,,,,,,,,58.04876333229153,165.7035606176216,175.5771309873988,False,dwarf
283.85374913583,-30.289521616280002,,,simbad,,,,,,,,,8.77340725880237,116.06854873492934,116.39965927940456,False,dwarf
284.50956666868,-30.51736142047,,,simbad,,,,,,,,,265.07522425166127,12.678125229348858,265.378238315427,False,dwarf
284.026161129,-30.57276172173,,,simbad,,,,,,,,,76.15420284197066,-12.461734023830218,77.16707474938194,False,dwarf
283.89341135879,-30.04291167698,,,simbad,,,,,,,,,24.2739074763564,227.97658936706688,229.26523479064798,False,dwarf
284.34814946077995,-30.591150258300008,,,simbad,,,,,,,,,201.99133032325156,-20.806187225849815,203.060077200404,False,dwarf
283.87652107797,-30.356949864440004,,,simbad,,,,,,,,,17.67297132133848,85.47058031458899,87.2785999809659,False,dwarf
284.0856192220999,-30.38255672803,,,simbad,,,,,,,,,99.39118040524842,73.85055421497123,123.82451736310965,False,dwarf
283.93432270741,-30.575612232540006,,,simbad,,,,,,,,,40.26258185864554,-13.755254797785277,42.547415109218186,False,dwarf
284.16216717974,-30.579411122750003,,,simbad,,,,,,,,,129.30709397496776,-15.479136492027035,130.23028917571344,False,dwarf
284.2378583333333,-30.61021666666667,,,simbad,,,,,,,,,158.8881576466586,-29.45824889158022,161.59590053001878,False,dwarf
284.04607266406,-30.519758196609995,,,simbad,,,,,,,,,83.93588350674345,11.590502717367501,84.73235682606091,False,dwarf
284.07312302498,-30.65150345152,,,simbad,,,,,,,,,94.50750794012052,-48.19359755616115,106.0862474709006,False,dwarf
283.93816849456,-30.35506898614,,,simbad,,,,,,,,,41.76556429650145,86.32409581286171,95.89688148690408,False,dwarf
283.90731296856995,-30.3242191872,,,simbad,,,,,,,,,29.706833049787523,100.32329050497535,104.62914769601072,False,dwarf
283.94470985907,-30.590227482549995,,,simbad,,,,,,,,,44.32201258514854,-20.387444873373852,48.78615283113564,False,dwarf
284.114594,-30.637941,,,simbad,,,,,,,,,110.71489142360898,-42.03915228084387,118.42752005945876,False,dwarf
284.47171009781994,-30.58156071921,,,simbad,,,,,,,,,250.28039579626778,-16.454592423247092,250.8207131234413,False,dwarf
283.8641043972979,-30.188099231101667,,,simbad,,,,,,,,,12.820374893423608,162.09256720621212,162.5987772275927,False,dwarf
284.06855356016166,-30.090561345006666,,,simbad,,,,,,,,,92.7217030828793,206.35385590883004,226.22826541135797,False,dwarf
284.0419545102407,-30.279075008825277,,,simbad,,,,,,,,,82.32645671701187,120.80906882438592,146.19328502292177,False,dwarf
284.12930837131546,-30.07857614043111,,,simbad,,,,,,,,,116.46545452255707,211.7925692244107,241.702905393838,False,dwarf
283.87294271825584,-30.302356919832775,,,simbad,,,,,,,,,16.274502920211315,110.24407274021897,111.43883981651396,False,dwarf
284.03910640355673,-30.642767943226108,,,simbad,,,,,,,,,81.21338047015334,-44.22954963550452,92.47630090109271,False,dwarf
284.3076131016062,-30.46491154957111,,,simbad,,,,,,,,,186.14920657678744,36.47912165457012,189.6898875160624,False,dwarf
284.0342952738275,-30.564052628020544,,,simbad,,,,,,,,,79.33312989798313,-8.509672661367595,79.78821985866016,False,dwarf
284.00142118266626,-30.538969321691393,,,simbad,,,,,,,,,66.48551775805055,2.8727706896138905,66.54755354625111,False,dwarf
284.09115878886,-30.473425880590003,,,simbad,,,,,,,,,101.55611341611932,32.615440797575616,106.66494808796304,False,dwarf
284.273373938075,-30.652501382224436,,,simbad,,,,,,,,,172.76810682603318,-48.646444145139526,179.48619797694136,False,dwarf
284.1676756496779,-30.630954895884447,,,simbad,,,,,,,,,131.45987395295538,-38.86895879455099,137.0857192325277,False,dwarf
283.9944134411175,-30.564096798115003,,,simbad,,,,,,,,,63.74680340230717,-8.52971641442668,64.31493610447686,False,dwarf
283.975685386435,-30.20437264750861,,,simbad,,,,,,,,,56.42764189252133,154.70792508813335,164.67732343776453,False,dwarf
284.11671479953,-30.464445118059995,,,simbad,,,,,,,,,111.54372680201665,36.69078156027305,117.42323637332859,False,dwarf
284.17756105489036,-30.358740276658335,,,simbad,,,,,,,,,135.32321579844574,84.65811702196558,159.62258459170974,False,dwarf
284.05744573771,-30.473532924429996,,,simbad,,,,,,,,,88.38062506255643,32.5668658438274,94.18989137555064,False,dwarf
283.90100008628997,-30.30751794903,,,simbad,,,,,,,,,27.239678517044922,107.90207198085744,111.28727341198588,False,dwarf
283.98361954227994,-30.1762736341,,,simbad,,,,,,,,,59.5284107154158,167.45885290223183,177.72478470273794,False,dwarf
283.9216906282,-30.035061709380003,,,simbad,,,,,,,,,35.3258049477769,231.5387916677327,234.2181131812015,False,dwarf
283.95623484873,-30.04992791652,,,simbad,,,,,,,,,48.82612484615487,224.79272085894354,230.03425357685148,False,dwarf
284.240637213715,-30.524516969680555,,,simbad,,,,,,,,,159.9741793758134,9.431039998017976,160.2519347228268,False,dwarf
284.1595524535667,-30.399926867765828,,,simbad,,,,,,,,,128.2852257942779,65.96823483700831,144.2529277505297,False,dwarf
284.45341970430826,-30.582220334306676,,,simbad,,,,,,,,,243.13227782787132,-16.75391625930245,243.7088390514241,False,dwarf
284.40740247012286,-30.503489447957506,,,simbad,,,,,,,,,225.1481585508944,18.973026675666915,225.94616403049258,False,dwarf
284.4924485665646,-30.44665183720944,,,simbad,,,,,,,,,258.385252642363,44.765116285202964,262.23435018907327,False,dwarf
284.33832518885083,-30.549003971652507,,,simbad,,,,,,,,,198.15188014094733,-1.6808090191564595,198.15900868330775,False,dwarf
283.9224423913291,-30.527121048836108,,,simbad,,,,,,,,,35.61960352174899,8.249346361598686,36.56238327079096,False,dwarf
283.83676,-30.472437,,,simbad,,,,,,,,,2.1338373109708146,33.06418057489613,33.13296392958272,False,dwarf
283.7860864526999,-30.492055017440002,,,simbad,,,,,,,,,-17.670028239944006,24.161806651812114,29.933639916989225,False,dwarf
283.7583083333334,-30.48407222222222,,,simbad,,,,,,,,,-28.526069912596483,27.784284213443033,39.82088790963509,False,dwarf
283.621992,-30.446738999999994,,,simbad,,,,,,,,,-81.80022342192254,44.72556306551301,93.22903272802752,False,dwarf
283.69719405177,-30.07556826598,,,simbad,,,,,,,,,-52.410306951578626,213.157499353533,219.50617259068164,False,dwarf
283.775336,-30.468753999999997,,,simbad,,,,,,,,,-21.871441624715214,34.735472960021774,41.04769226765043,False,dwarf
283.75490300000007,-30.474285000000002,,,simbad,,,,,,,,,-29.856917407639536,32.225584775895875,43.93089836590029,False,dwarf
283.78039,-30.52477799999999,,,simbad,,,,,,,,,-19.896274267627717,9.312588196454863,21.967840782594344,False,dwarf
283.74791200000004,-30.496267000000003,,,simbad,,,,,,,,,-32.58908895361745,22.250469595388232,39.46051337783236,False,dwarf
283.77245300000004,-30.528355000000005,,,simbad,,,,,,,,,-22.99815462239893,7.689397085508087,24.249576152468922,False,dwarf
283.7555,-30.484083,,,simbad,,,,,,,,,-29.62360222917484,27.779393413027265,40.61098998335444,False,dwarf
283.80158900000004,-30.510609000000002,,,simbad,,,,,,,,,-11.61143596080717,15.74227644104198,19.5613065161331,False,dwarf
283.77175,-30.476528,,,simbad,,,,,,,,,-23.272895946525498,31.207743662720056,38.93007770677894,False,dwarf
283.813396,-30.534714000000005,,,simbad,,,,,,,,,-6.997110479038569,4.803774420016671,8.487390867297078,False,dwarf
283.76814500000006,-30.462046,,,simbad,,,,,,,,,-24.681775709507427,37.779466801838964,45.12735494138431,False,dwarf
283.71450799999997,-30.462601,,,simbad,,,,,,,,,-45.643796194582684,37.52761579077624,59.09042289570044,False,dwarf
283.7274709999999,-30.456005,,,simbad,,,,,,,,,-40.57769123818821,40.52078564477646,57.34529706516183,False,dwarf
283.75691200000006,-30.428022000000006,,,simbad,,,,,,,,,-29.071774704766423,53.21906824399836,60.641877520769846,False,dwarf
283.70442099999997,-30.41840599999999,,,simbad,,,,,,,,,-49.585923842154536,57.58267062667088,75.99031385498823,False,dwarf
283.832421,-30.449593,,,simbad,,,,,,,,,0.43810103034033443,43.430458947360194,43.43266854443927,False,dwarf
283.73703744952,-30.43480282308,,,simbad,,,,,,,,,-36.83900132619005,50.142028336730206,62.22005323392521,False,dwarf
283.77302073258,-30.488565204469996,,,simbad,,,,,,,,,-22.776277523183076,25.74543354355141,34.37420786226901,False,dwarf
283.78371000000004,-30.497391,,,simbad,,,,,,,,,-18.598776122479038,21.74041457478637,28.610489320137116,False,dwarf
283.7642166666667,-30.481322222222218,,,simbad,,,,,,,,,-26.21701824370042,29.032194628620054,39.117775633905815,False,dwarf
283.7434589330696,-30.332140444890832,,,simbad,,,,,,,,,-34.32940403867568,96.72873778727187,102.63993713740007,False,dwarf
283.7642125,-30.484930555555557,,,simbad,,,,,,,,,-26.21864662993152,27.39478490203617,37.91954207178732,False,dwarf
283.80254,-30.542807,,,simbad,,,,,,,,,-11.23977308852462,1.1312875145566004,11.296561889447334,False,dwarf
283.63625,-30.511083,,,simbad,,,,,,,,,-76.2280160263465,15.527182064027256,77.79334039724986,False,dwarf
283.74680800000004,-30.484280000000002,,,simbad,,,,,,,,,-33.02054616813808,27.689997648738807,43.09399539413002,False,dwarf
283.76093615245,-30.602596171089996,,,simbad,,,,,,,,,-27.499084843473277,-26.000177691967828,37.84453602889647,False,dwarf
283.830928,-30.482442999999996,,,simbad,,,,,,,,,-0.14538232230358245,28.523601806078823,28.52397230421074,False,dwarf
283.75212500000004,-30.48008333333333,,,simbad,,,,,,,,,-30.942595072466627,29.594384573234265,42.8167232292141,False,dwarf
283.72947717954,-30.53520869561999,,,simbad,,,,,,,,,-39.79365080683332,4.579288668553838,40.056267040828104,False,dwarf
283.7908986206,-30.214959180769995,,,simbad,,,,,,,,,-15.789371937403548,149.90390868177371,150.7331619261376,False,dwarf
283.72953144497,-30.491878751510004,,,simbad,,,,,,,,,-39.772443187938734,24.24179359358769,46.57801835385361,False,dwarf
283.7545441936842,-30.481920203641945,,,simbad,,,,,,,,,-29.99714347069152,28.76083926798101,41.55736386971495,False,dwarf
283.81420085899,-30.53401926552999,,,simbad,,,,,,,,,-6.68256136861859,5.119034922165699,8.417906211149274,False,dwarf
283.69198507143994,-30.547891405050002,,,simbad,,,,,,,,,-54.446042589019996,-1.1759423097594812,54.45874028951883,False,dwarf
283.8016791666667,-30.585099999999994,,,simbad,,,,,,,,,-11.576197682871205,-18.060667099635275,21.45218051566695,False,dwarf
283.79983333333337,-30.402375,,,simbad,,,,,,,,,-12.297572781139742,64.85730766873465,66.01288248777155,False,dwarf
283.825391,-30.560019000000008,,,simbad,,,,,,,,,-2.3093122107065662,-6.679270327630604,7.067218335107887,False,dwarf
283.75894016901,-30.36565065591,,,simbad,,,,,,,,,-28.279140509470547,81.52228638888693,86.28784946923916,False,dwarf
283.73273732803,-30.133191396710007,,,simbad,,,,,,,,,-38.51954339159105,187.00895208334333,190.93481448496203,False,dwarf
283.73410368236,-30.23554280258,,,simbad,,,,,,,,,-37.9855547745006,140.56335739495586,145.60549376197548,False,dwarf
283.5730628563,-30.32534636657,,,simbad,,,,,,,,,-100.9223539019076,99.81179273203233,141.9426485785159,False,dwarf
283.74280783998,-30.11898319027,,,simbad,,,,,,,,,-34.58385948327216,193.45643164605343,196.52336828474841,False,dwarf
283.69691034915,-30.31469844593,,,simbad,,,,,,,,,-52.52118153689459,104.64366584716788,117.0844622995091,False,dwarf
283.61795727707,-30.106911777550003,,,simbad,,,,,,,,,-83.37704436102486,198.93426497666167,215.7001931111443,False,dwarf
283.6157061527899,-30.57606175468001,,,simbad,,,,,,,,,-84.25681230615845,-13.959241474280404,85.40533263521948,False,dwarf
283.72971316148,-30.248943439089995,,,simbad,,,,,,,,,-39.7014260690666,134.4823414419336,140.220196090372,False,dwarf
283.67544776913996,-30.217346650870006,,,simbad,,,,,,,,,-60.90903025759874,148.820509116782,160.8025307658411,False,dwarf
283.73828131589994,-30.410708340760003,,,simbad,,,,,,,,,-36.35288255489469,61.07575758596484,71.07587660204767,False,dwarf
283.82986375970995,-30.50784029565,,,simbad,,,,,,,,,-0.5613009374477935,16.998674621009123,17.007939252399726,False,dwarf
283.61066885726,-30.527033905069995,,,simbad,,,,,,,,,-86.22545134426849,8.288890948270122,86.62294253068946,False,dwarf
283.7391958333333,-30.504708333333333,,,simbad,,,,,,,,,-35.99547753274891,18.41991403733867,40.434733039227275,False,dwarf
283.7085363102554,-30.25388723541611,,,simbad,,,,,,,,,-47.97760835328047,132.2389178325274,140.67331762924587,False,dwarf
283.73230640365,-30.350505250180003,,,simbad,,,,,,,,,-38.687954109583956,88.39505349889687,96.49063828298637,False,dwarf
283.80828500000007,-30.518204000000008,,,simbad,,,,,,,,,-8.994554159660895,12.295774767125955,15.234437359317358,False,dwarf
283.7629588831909,-30.588472614438604,,,simbad,,,,,,,,,-26.70857599274956,-19.59111098484101,33.123400507508826,False,dwarf
283.76392074821,-30.467734228649995,,,simbad,,,,,,,,,-26.33266693305519,35.198230519572164,43.958216291339205,False,dwarf
283.76813483601,-30.43981434967,,,simbad,,,,,,,,,-24.685747925843707,47.86786970851309,53.85832434349849,False,dwarf
283.76388106216,-30.037268866290002,,,simbad,,,,,,,,,-26.348176745181412,230.53721563285444,232.0380016496103,False,dwarf
283.64442199999996,-30.460945000000002,,,simbad,,,,,,,,,-73.03429468843568,38.27908475351305,82.45784698986446,False,dwarf
283.7657220498,-30.468526590929997,,,simbad,,,,,,,,,-25.62869540539614,34.838667922551636,43.25000359306808,False,dwarf
283.726105,-30.40459611,,,simbad,,,,,,,,,-41.111541378587,63.84939992246031,75.94013895813956,False,dwarf
283.72809644407243,-30.39033624420333,,,simbad,,,,,,,,,-40.33325975506722,70.32032175761627,81.06614271423308,False,dwarf
283.4393936986625,-30.444941497256668,,,simbad,,,,,,,,,-153.16195754517685,45.541243936314316,159.78920532481987,False,dwarf
283.26977449015,-30.472484367100005,,,simbad,,,,,,,,,-219.45129743172555,33.042686066738995,221.92496715550672,False,dwarf
283.45070207462663,-30.494870082556666,,,simbad,,,,,,,,,-148.74250066629196,22.884370623272197,150.4926108594211,False,dwarf
283.1953561430471,-30.414715887701664,,,simbad,,,,,,,,,-248.53493216956315,59.257190470399564,255.50152079972943,False,dwarf
283.36725084005,-30.565437577300003,,,simbad,,,,,,,,,-181.35630249518994,-9.138142708759123,181.58638194229346,False,dwarf
283.3919677983066,-30.557469317656945,,,simbad,,,,,,,,,-171.69660144364124,-5.522261181704291,171.78538446519698,False,dwarf
283.28172146187,-30.5803773121,,,simbad,,,,,,,,,-214.78226922490475,-15.917579311262475,215.37128987989507,False,dwarf
283.39439558617,-30.376734616339995,,,simbad,,,,,,,,,-170.747791127519,76.49254469361667,187.0986840376805,False,dwarf
283.21484581296,-30.439273818430003,,,simbad,,,,,,,,,-240.9181217595732,48.113155004557925,245.67543034795554,False,dwarf
283.22374175625,-30.4379137299,,,simbad,,,,,,,,,-237.4414741939215,48.73034360170458,242.39038771148265,False,dwarf
283.33506175931,-30.39178976441,,,simbad,,,,,,,,,-193.93620386675363,69.66073521049853,206.06763258773614,False,dwarf
283.3813962564229,-30.4227191812325,,,simbad,,,,,,,,,-175.82809421029148,55.6254110693657,184.4172038348349,False,dwarf
283.35349067807124,-30.39343734546973,,,simbad,,,,,,,,,-186.73394847234616,68.9130866416674,199.04416852185042,False,dwarf
283.43613452538,-30.44443612598,,,simbad,,,,,,,,,-154.43568383695694,45.77057414710906,161.0755285570857,False,dwarf
283.2353560389399,-30.491361007520005,,,simbad,,,,,,,,,-232.90246508332905,24.47673836359221,234.18511686870934,False,dwarf
283.4307608445,-30.402453607959995,,,simbad,,,,,,,,,-156.535786540071,64.8216365080092,169.42637642142722,False,dwarf
283.25593827787,-30.386250878989998,,,simbad,,,,,,,,,-224.85866483201923,72.174201684712,236.1578593628928,False,dwarf
283.20761928199,-30.366414141160007,,,simbad,,,,,,,,,-243.74234179852365,81.17582777240683,256.9043483477144,False,dwarf
283.135738043333,-30.576543163363894,,,simbad,,,,,,,,,-271.8344423488454,-14.177697805399125,272.20391467091173,False,dwarf
283.140858735325,-30.56455667331971,,,simbad,,,,,,,,,-269.8332109146687,-8.73840116265856,269.97466801053696,False,dwarf
283.14938678973954,-30.48629719281417,,,simbad,,,,,,,,,-266.50033899166823,26.77462458611446,267.84195191269316,False,dwarf
283.1514507531517,-30.56237439326194,,,simbad,,,,,,,,,-265.69371588958035,-7.748113885231778,265.8066664551353,False,dwarf
283.1536312084742,-30.544871104880553,,,simbad,,,,,,,,,-264.8415662701471,0.1946264314813817,264.84163778354895,False,dwarf
283.15375428186417,-30.450606864979168,,,simbad,,,,,,,,,-264.79346762702073,42.97038161387601,268.2574028689315,False,dwarf
283.15959435959627,-30.469045452576943,,,simbad,,,,,,,,,-262.5110911135298,34.603215975912875,264.78190178615233,False,dwarf
283.1621577151475,-30.576935389564163,,,simbad,,,,,,,,,-261.5092992240602,-14.355684409189218,261.9030340708471,False,dwarf
283.16621421093123,-30.450740495786107,,,simbad,,,,,,,,,-259.92396917735005,42.90974187723307,263.44205378200115,False,dwarf
283.23402132238834,-30.58236732943388,,,simbad,,,,,,,,,-233.42408925499794,-16.820620532107977,234.02935439728586,False,dwarf
283.2360334650346,-30.485441471775008,,,simbad,,,,,,,,,-232.63771836606242,27.16293847602458,234.21813173454285,False,dwarf
283.3281629357,-30.370738415689996,,,simbad,,,,,,,,,-196.63235170940018,79.21353423638733,211.9883622866797,False,dwarf
283.2033801961533,-30.515724585106387,,,simbad,,,,,,,,,-245.3990303557823,13.420897555958433,245.7657514601367,False,dwarf
283.2116822307346,-30.58241269590999,,,simbad,,,,,,,,,-242.15448985276518,-16.84120718594051,242.73941421889592,False,dwarf
283.2122218700696,-30.426214597837777,,,simbad,,,,,,,,,-241.94359195030682,54.03924132860105,247.90510541170255,False,dwarf
283.2139007841567,-30.37455319838972,,,simbad,,,,,,,,,-241.28745101239838,77.48244075907196,253.42289289257914,False,dwarf
283.21806618036874,-30.404195362936953,,,simbad,,,,,,,,,-239.6595612958795,64.03125317112668,248.06593216965192,False,dwarf
283.22017130174504,-30.4799141106125,,,simbad,,,,,,,,,-238.83685313893324,29.671175408073182,240.67285070693995,False,dwarf
283.2240688152879,-30.616522684911114,,,simbad,,,,,,,,,-237.3136553701157,-32.319829199045415,239.50436819519913,False,dwarf
283.2243653482037,-30.607887398102225,,,simbad,,,,,,,,,-237.19776654232697,-28.40126034564827,238.8920510228198,False,dwarf
283.2261952763413,-30.541545736011383,,,simbad,,,,,,,,,-236.4826073964903,1.7036309573512654,236.4887438325161,False,dwarf
283.29668014647285,-30.420937672410275,,,simbad,,,,,,,,,-208.9362253918378,56.433834128995606,216.42348281895806,False,dwarf
283.3118520217712,-30.51421227552278,,,simbad,,,,,,,,,-203.0068639286686,14.107161876087515,203.4964344118862,False,dwarf
283.31283629395625,-30.55803262208529,,,simbad,,,,,,,,,-202.6221978640795,-5.77788062281126,202.7045608065138,False,dwarf
283.3148354447033,-30.372206359774168,,,simbad,,,,,,,,,-201.84090437428614,78.54740234128377,216.58588387333378,False,dwarf
283.32358971685994,-30.48417821468027,,,simbad,,,,,,,,,-198.4196236859836,27.736186361685622,200.34880358409305,False,dwarf
283.3238647131184,-30.48274827284999,,,simbad,,,,,,,,,-198.31215165729594,28.38507338099605,200.3332770305295,False,dwarf
283.32420192483505,-30.56482101276195,,,simbad,,,,,,,,,-198.1803650377433,-8.858354596516627,198.37824359705075,False,dwarf
283.32608611083873,-30.449038897690276,,,simbad,,,,,,,,,-197.44400122904773,43.681902599498116,202.2183034150179,False,dwarf
283.33110689600704,-30.522878148723052,,,simbad,,,,,,,,,-195.48181464983372,10.174713358555687,195.74642947119295,False,dwarf
283.33253106962957,-30.483347957350837,,,simbad,,,,,,,,,-194.9252295192534,28.112945186659964,196.94207978540737,False,dwarf
283.3390368550291,-30.420539503621672,,,simbad,,,,,,,,,-192.38268599861112,56.61451739383105,200.54002456311957,False,dwarf
283.33966478961537,-30.487644243967775,,,simbad,,,,,,,,,-192.13728119110084,26.163352162710485,193.91043246792617,False,dwarf
283.34740239956335,-30.359140011232213,,,simbad,,,,,,,,,-189.11332499976288,84.47672322631061,207.1235536087594,False,dwarf
283.2611160834008,-30.473552162871663,,,simbad,,,,,,,,,-222.83511270187162,32.55813571592636,225.2010649489751,False,dwarf
283.26631181497373,-30.51216276015445,,,simbad,,,,,,,,,-220.804554846893,15.037202448525466,221.31599331863146,False,dwarf
283.2666955368671,-30.454434547608333,,,simbad,,,,,,,,,-220.6545914599012,41.233434334266185,224.47415182896705,False,dwarf
283.27501024625417,-30.579352680507505,,,simbad,,,,,,,,,-217.40509748187338,-15.452616243627704,217.95357248706821,False,dwarf
283.2768685742733,-30.55178394665028,,,simbad,,,,,,,,,-216.6788393017974,-2.942321656847824,216.69881554338616,False,dwarf
283.2823113307054,-30.544744801784447,,,simbad,,,,,,,,,-214.55174099605185,0.25194095842695496,214.551888918936,False,dwarf
283.39343419166664,-30.53908738860667,,,simbad,,,,,,,,,-171.12351630367002,2.819193622972449,171.14673728942725,False,dwarf
283.7669583333333,-30.48049722222222,,,simbad,,,,,,,,,-25.145540106799757,29.406567753172297,38.69165820024502,False,dwarf
283.7660916666666,-30.478849999999998,,,simbad,,,,,,,,,-25.48424444187386,30.15405348670508,39.480547823608646,False,dwarf
283.7536469504,-30.705480980319997,,,simbad,,,,,,,,,-30.34779753602681,-72.68782314706202,78.768702218243,False,dwarf
283.6216109999999,-30.469238000000004,,,simbad,,,,,,,,,-81.94912305849881,34.515840726948355,88.92132495158317,False,dwarf
283.62843699999996,-30.373970000000003,,,simbad,,,,,,,,,-79.28143560706955,77.74708779348627,111.04123419831922,False,dwarf
283.863075,-30.548686111111124,,,simbad,,,,,,,,,12.41807336188305,-1.5365684809143243,12.51277701861776,False,dwarf
283.64481666666666,-30.372588888888888,,,simbad,,,,,,,,,-72.88005394505242,78.37381613533223,107.02316253339094,False,dwarf
283.74199699999997,-30.44758,,,simbad,,,,,,,,,-34.90074604051907,44.34392937126974,56.430897088996964,False,dwarf
283.745679,-30.519405,,,simbad,,,,,,,,,-33.461773700045306,11.75077825490245,35.465068571045116,False,dwarf
283.81037200000003,-30.517195,,,simbad,,,,,,,,,-8.17892806662992,12.753644443097567,15.150917823685141,False,dwarf
283.840801,-30.501682000000002,,,simbad,,,,,,,,,3.7131114086920176,19.793220541505676,20.13848990709187,False,dwarf
283.74300002134,-30.50743950148,,,simbad,,,,,,,,,-34.50875256817036,17.180549246130106,38.54899838140942,False,dwarf
283.824938,-30.463556,,,simbad,,,,,,,,,-2.4863503612456515,37.09425053750426,37.1774845983157,False,dwarf
283.74533709123,-30.51363291848,,,simbad,,,,,,,,,-33.59539598766575,14.370065762558282,36.53969651746328,False,dwarf
283.75538,-30.501524,,,simbad,,,,,,,,,-29.67049975247933,19.86491866717821,35.70649169570544,False,dwarf
283.756136,-30.525797,,,simbad,,,,,,,,,-29.375045355561603,8.850180664427443,30.67929248588218,False,dwarf
283.887734,-30.433331000000006,,,simbad,,,,,,,,,22.055123591054112,50.80992046430044,55.39022020361725,False,dwarf
283.71004899999997,-30.384476,,,simbad,,,,,,,,,-47.386429998537544,72.97961622191029,87.01435589547054,False,dwarf
283.74872600000003,-30.443793999999997,,,simbad,,,,,,,,,-32.2709674204392,46.06196167376386,56.24161849988262,False,dwarf
283.84237899999994,-30.430947999999997,,,simbad,,,,,,,,,4.329813840295219,51.89129156225469,52.071618256882864,False,dwarf
283.75750833333336,-30.46660277777778,,,simbad,,,,,,,,,-28.838720068072448,35.7116666387367,45.902014218124506,False,dwarf
283.7945,-30.447472222222224,,,simbad,,,,,,,,,-14.3819071508204,44.39283737541877,46.664368243180974,False,dwarf
283.75050000000005,-30.513805555555557,,,simbad,,,,,,,,,-31.577665700725596,14.291725542690425,34.66125199836803,False,dwarf
283.778217,-30.506391999999998,,,simbad,,,,,,,,,-20.745510252383443,17.655890339514315,27.24163466667706,False,dwarf
283.7651666666667,-30.48099999999999,,,simbad,,,,,,,,,-25.84574618410379,29.17841443484481,38.97925685213452,False,dwarf
283.7157741121,-30.906169979489995,,,simbad,,,,,,,,,-45.148983513468785,-163.7576021563265,169.86754538842663,False,dwarf
283.72850871907,-30.782015095009996,,,simbad,,,,,,,,,-40.17213745244489,-107.41790272448748,114.68394156648776,False,dwarf
283.84715692236,-30.51788327438,,,simbad,,,,,,,,,6.197086551070386,12.441315436806377,13.899288165930445,False,dwarf
283.73241685509,-30.486078758980007,,,simbad,,,,,,,,,-38.644788284738276,26.87374671581577,47.07035079663273,False,dwarf
284.01254335393,-30.64545022678,,,simbad,,,,,,,,,70.83220347628965,-45.44673130218024,84.15822262476239,False,dwarf
283.95771750935,-30.71129811822,,,simbad,,,,,,,,,49.40556743781075,-75.32755659139889,90.08413220918803,False,dwarf
283.79719320551123,-30.461308603202216,,,simbad,,,,,,,,,-13.329368248642465,38.1140868542289,40.37766306560624,False,dwarf
283.83824699999997,-30.38134600000001,,,simbad,,,,,,,,,2.714975787399787,74.39996516717918,74.44948562887215,False,dwarf
283.63749999999993,-30.366974999999996,,,simbad,,,,,,,,,-75.73950015848865,80.92131810409131,110.83650846161314,False,dwarf
283.6136458333333,-30.347436111111108,,,simbad,,,,,,,,,-85.06201130414215,89.78778462969484,123.68262624885709,False,dwarf
283.8465708333334,-30.50070833333334,,,simbad,,,,,,,,,5.968035519474794,20.235056459410927,21.096799706999654,False,dwarf
283.69403187975,-30.740674544079997,,,simbad,,,,,,,,,-53.6461239186075,-88.65815578824865,103.62516682381727,False,dwarf
283.96938842505,-30.390499269280003,,,simbad,,,,,,,,,53.966709447664236,70.24634332448399,88.58303719714,False,dwarf
283.95010047069,-30.454892996949997,,,simbad,,,,,,,,,46.428732036389924,41.02539662215943,61.95732665724361,False,dwarf
284.02147022584,-30.47823974696,,,simbad,,,,,,,,,74.32093833923615,30.43097753198176,80.30968975893582,False,dwarf
283.6588416666666,-30.603244444444446,,,simbad,,,,,,,,,-67.39890590730381,-26.294354808658493,72.3464277784689,False,dwarf
283.91391703051,-30.37040141348,,,simbad,,,,,,,,,32.287784290013796,79.36646098831268,85.68276456888994,False,dwarf
283.88287701039997,-30.69099457409,,,simbad,,,,,,,,,20.1569503991778,-66.11410052419386,69.11857158187027,False,dwarf
283.66866681095996,-30.44717492005,,,simbad,,,,,,,,,-63.5591147939695,44.52774882166488,77.604648626988,False,dwarf
283.97339752215,-30.482768342410004,,,simbad,,,,,,,,,55.53351548708763,28.375966103553417,62.363184609708746,False,dwarf
283.93021209604,-30.356460072490012,,,simbad,,,,,,,,,38.65610275384769,85.69284085119433,94.00828289711578,False,dwarf
283.66785236082,-30.561686188169993,,,simbad,,,,,,,,,-63.87741224754846,-7.435816320861655,64.30874870342952,False,dwarf
283.74744432811,-30.42203865148,,,simbad,,,,,,,,,-32.771861065015294,55.9342256751767,64.82771382322734,False,dwarf
283.72537083333333,-30.482705555555555,,,simbad,,,,,,,,,-41.39846303166332,28.40445787431789,50.20603518022404,False,dwarf
283.78293769156994,-30.667408074199994,,,simbad,,,,,,,,,-18.90060406090588,-55.410886389545496,58.545701501837435,False,dwarf
283.83045143557,-30.60047912329,,,simbad,,,,,,,,,-0.33162975118171106,-25.03949187413501,25.041687874557137,False,dwarf
283.7808837596775,-30.951058122094167,,,simbad,,,,,,,,,-19.703306717714845,-184.12719512856168,185.17841202884253,False,dwarf
283.63186433949033,-30.70796335526389,,,simbad,,,,,,,,,-77.941987826506,-73.81428916410005,107.34757915830512,False,dwarf
283.71917463139164,-30.348700594287223,,,simbad,,,,,,,,,-43.82001740701904,89.21398036595463,99.39480981564576,False,dwarf
283.6322680103949,-30.538256117117502,,,simbad,,,,,,,,,-77.78422811267532,3.1964126590346975,77.84987602412446,False,dwarf
283.65735399999994,-30.401011999999998,,,simbad,,,,,,,,,-67.9803049255433,65.47581744905706,94.38434472089156,False,dwarf
283.742509,-30.476171,,,simbad,,,,,,,,,-34.70064994103355,31.369745123889903,46.77815746123361,False,dwarf
283.74785127242,-30.47207615697,,,simbad,,,,,,,,,-32.61282206279946,33.22792594776103,46.558471041151144,False,dwarf
283.752391,-30.477888,,,simbad,,,,,,,,,-30.838638895805023,30.590595239213812,43.43738212686475,False,dwarf
283.777321,-30.47765,,,simbad,,,,,,,,,-21.095678426503003,30.698596213327043,37.248241002003326,False,dwarf
283.860582,-30.458023,,,simbad,,,,,,,,,11.443777314968758,39.605046292839006,41.22523172879097,False,dwarf
283.75182499999994,-30.489214,,,simbad,,,,,,,,,-31.059838880807405,25.451019471110612,40.15554735550951,False,dwarf
283.74278599999997,-30.477539,,,simbad,,,,,,,,,-34.592394824707526,30.74896641553959,46.28317961562747,False,dwarf
283.67277581190456,-30.933029467224724,,,simbad,,,,,,,,,-61.95326506386777,-175.94605106194794,186.53476870644639,False,dwarf
283.67583336498166,-30.73310289753305,,,simbad,,,,,,,,,-60.75833450777687,-85.22225157516993,104.66330481931317,False,dwarf
283.6771608037204,-30.896187613745273,,,simbad,,,,,,,,,-60.23955459773809,-159.2277482723503,170.24182728700026,False,dwarf
283.67721255503125,-30.724013663366936,,,simbad,,,,,,,,,-60.21932952852876,-81.09768794539929,101.01090356468897,False,dwarf
283.6785710704808,-30.994207217609723,,,simbad,,,,,,,,,-59.68840444541121,-203.7076335646648,212.27224405879053,False,dwarf
283.6837738984795,-30.95498840898,,,simbad,,,,,,,,,-57.65507321717767,-185.91070274291144,194.64556728074055,False,dwarf
283.71423609803287,-30.798841196934173,,,simbad,,,,,,,,,-45.7500589349421,-115.05334557466584,123.81575110006867,False,dwarf
283.6896487445954,-30.926370588519998,,,simbad,,,,,,,,,-55.35910877794651,-172.92434775684916,181.56943843009543,False,dwarf
283.752625,-30.487527999999994,,,simbad,,,,,,,,,-30.74718872531155,26.216102002017738,40.40635616694636,False,dwarf
283.69293840983664,-30.871024589892492,,,simbad,,,,,,,,,-54.07346584161248,-147.80913025663932,157.38957619660903,False,dwarf
283.6943623160908,-30.865548026327772,,,simbad,,,,,,,,,-53.516985201964424,-145.32394454326126,154.86483320211906,False,dwarf
283.69483140957,-30.990490934784724,,,simbad,,,,,,,,,-53.33365751547363,-202.02123791264538,208.94271844631365,False,dwarf
283.69834625570036,-30.91152510839832,,,simbad,,,,,,,,,-51.96001102916781,-166.1876825706201,174.12118936058422,False,dwarf
283.71654441270044,-30.934862094777227,,,simbad,,,,,,,,,-44.84794026036439,-176.77767106554953,182.37785702479576,False,dwarf
283.72267081287623,-30.889261421882782,,,simbad,,,,,,,,,-42.45366530121647,-156.08474210409273,161.7552484935461,False,dwarf
283.6234376177904,-30.727581549700826,,,simbad,,,,,,,,,-81.23525763831665,-82.71674340584445,115.93630459537684,False,dwarf
283.65217358365584,-30.863657137483333,,,simbad,,,,,,,,,-70.00487739465943,-144.46588640401959,160.53371980222843,False,dwarf
283.6636765863342,-30.951099981992776,,,simbad,,,,,,,,,-65.5093579252092,-184.14619054799886,195.45151692712204,False,dwarf
283.66666887400834,-30.969743548656943,,,simbad,,,,,,,,,-64.3399339170969,-192.6063727357239,203.06856456593425,False,dwarf
283.8046430281846,-30.85619788795,,,simbad,,,,,,,,,-10.417882977480362,-141.08098633782197,141.4651087434113,False,dwarf
283.80529074274085,-30.886427915452774,,,simbad,,,,,,,,,-10.16474790661347,-154.79893767301078,155.1323087067864,False,dwarf
283.8062886646733,-30.902033495977776,,,simbad,,,,,,,,,-9.774747347486285,-161.88052548101538,162.17536870843506,False,dwarf
283.80993491121166,-30.94634572501583,,,simbad,,,,,,,,,-8.34974791367506,-181.9887771669264,182.18022204656333,False,dwarf
283.8220401834159,-30.840072686241662,,,simbad,,,,,,,,,-3.6188538681065605,-133.76360191649627,133.81254537969747,False,dwarf
283.82334606644713,-30.933120891253342,,,simbad,,,,,,,,,-3.108498202208762,-175.98753797013188,176.01498879885696,False,dwarf
283.8290621451229,-30.833935330028606,,,simbad,,,,,,,,,-0.8745820940023465,-130.97855801107096,130.98147789858928,False,dwarf
283.8300884431996,-30.79684135048917,,,simbad,,,,,,,,,-0.47349177748156335,-114.1458440446761,114.14682609312823,False,dwarf
283.8346796768734,-30.98730378737528,,,simbad,,,,,,,,,1.3208206248056782,-200.57495629557232,200.5793051640514,False,dwarf
283.83747597327044,-30.969321581505,,,simbad,,,,,,,,,2.413648753852578,-192.4148901161693,192.43002790293534,False,dwarf
283.84356764869335,-30.884569680043608,,,simbad,,,,,,,,,4.79435283876986,-153.95569719266567,154.0303298614347,False,dwarf
283.8492859424925,-31.011115135363884,,,simbad,,,,,,,,,7.029134645306017,-211.38020326079499,211.49704268484902,False,dwarf
283.85005390140174,-30.742046834906667,,,simbad,,,,,,,,,7.329262735755037,-89.2808816119759,89.58121406668579,False,dwarf
283.8598727462,-30.907939277383615,,,simbad,,,,,,,,,11.166591926417441,-164.5604840723245,164.93891503635186,False,dwarf
283.86091754257495,-30.9074320898075,,,simbad,,,,,,,,,11.574911612731468,-164.33032965098616,164.7374754633697,False,dwarf
283.86155794482283,-30.92010802139556,,,simbad,,,,,,,,,11.825188940676174,-170.08248494218446,170.49306958815393,False,dwarf
283.73399580733155,-30.97148523677777,,,simbad,,,,,,,,,-38.02771370501625,-193.3967257342566,197.09997598772543,False,dwarf
283.7460356633504,-30.804749915165285,,,simbad,,,,,,,,,-33.322385135107496,-117.73463685500896,122.35941347715453,False,dwarf
283.7534955654092,-30.76979893698555,,,simbad,,,,,,,,,-30.406960712175415,-101.87438605825272,106.31544475991105,False,dwarf
283.7609846142162,-30.976353191150555,,,simbad,,,,,,,,,-27.48014537003467,-195.60573335694787,197.52660912309415,False,dwarf
283.7643408174075,-30.82736887271833,,,simbad,,,,,,,,,-26.168498558179824,-127.99879420441628,130.64639924075203,False,dwarf
283.76513752759035,-30.951271116854734,,,simbad,,,,,,,,,-25.85713410503459,-184.2238490849577,186.0296158029764,False,dwarf
283.7676436838192,-30.75970135232472,,,simbad,,,,,,,,,-24.877696436867826,-97.29224748866416,100.4225134190557,False,dwarf
283.7743676817821,-30.985174913717497,,,simbad,,,,,,,,,-22.249872676394578,-199.60890407370457,200.84514288282193,False,dwarf
283.79035721269713,-30.902238380925837,,,simbad,,,,,,,,,-16.00096101864328,-161.97349932123316,162.7619280909564,False,dwarf
283.7976240978642,-30.790829280616943,,,simbad,,,,,,,,,-13.160970047233546,-111.4176532772886,112.19226619692766,False,dwarf
283.9777287132838,-30.855497738203333,,,simbad,,,,,,,,,57.226199963678525,-140.76326846107733,151.95109644266554,False,dwarf
283.98613581831205,-30.93066775159667,,,simbad,,,,,,,,,60.51180333117242,-174.87433850560728,185.04786572712536,False,dwarf
284.0014988542754,-30.883972113235277,,,simbad,,,,,,,,,66.51587280887722,-153.68452997671,167.46132714656542,False,dwarf
284.0249558855717,-31.01269168580527,,,simbad,,,,,,,,,75.68317841046449,-212.09561915746855,225.19434975172032,False,dwarf
283.9113217781709,-30.980102136629437,,,simbad,,,,,,,,,31.273526730936613,-197.3069508511387,199.77003360955885,False,dwarf
283.9147599922784,-30.958941956984727,,,simbad,,,,,,,,,32.61722444993146,-187.70476591818232,190.5176172410752,False,dwarf
283.9252624194325,-30.772698583523887,,,simbad,,,,,,,,,36.72170630288082,-103.19020391844313,109.52945676175388,False,dwarf
283.93472465395496,-30.917374954441666,,,simbad,,,,,,,,,40.41966767085389,-168.84225849958924,173.61295398058402,False,dwarf
283.93588595125414,-30.943968818286937,,,simbad,,,,,,,,,40.87351739723811,-180.91017110769369,185.4700364873996,False,dwarf
283.9406146136563,-30.841796390293613,,,simbad,,,,,,,,,42.721538691146655,-134.54579400344423,141.16550765734664,False,dwarf
283.9416385833333,-30.77246742017972,,,simbad,,,,,,,,,43.12171903952379,-103.08530532033511,111.74105255415459,False,dwarf
283.94301135386587,-30.84172538382111,,,simbad,,,,,,,,,43.65821519002981,-134.5135722883253,141.42114722821853,False,dwarf
283.95677964713127,-30.858929229527778,,,simbad,,,,,,,,,49.039038977214936,-142.3204298295724,150.53216297749475,False,dwarf
284.14151146647544,-30.946687668152506,,,simbad,,,,,,,,,121.2345790210292,-182.14394604025452,218.80182867042342,False,dwarf
284.0360386633679,-30.951474865593056,,,simbad,,,,,,,,,80.01446866148571,-184.31630732955108,200.9348559677524,False,dwarf
284.0366319375925,-30.962813167366942,,,simbad,,,,,,,,,80.24632775969147,-189.46146546556665,205.7549999763698,False,dwarf
284.03955616118293,-30.763979124146665,,,simbad,,,,,,,,,81.38915145984184,-99.23343876515544,128.34122231189374,False,dwarf
284.05095917093666,-30.99341776643639,,,simbad,,,,,,,,,85.84559242501554,-203.34939198594725,220.72707346371516,False,dwarf
284.05995845264783,-30.873065343755002,,,simbad,,,,,,,,,89.3626259574514,-148.73519498385136,173.5161005350675,False,dwarf
284.0662562211325,-30.981478274649998,,,simbad,,,,,,,,,91.82387382713411,-197.93142247607577,218.19365666312171,False,dwarf
284.0665739636092,-31.01271257129472,,,simbad,,,,,,,,,91.9480516205445,-212.10509669194667,231.17745616628443,False,dwarf
284.0835565429146,-30.943323893665283,,,simbad,,,,,,,,,98.58505919534103,-180.61751359774215,205.77098948777854,False,dwarf
284.09139007388956,-30.805640199226946,,,simbad,,,,,,,,,101.6465025416638,-118.13863494701415,155.84847944749524,False,dwarf
284.0924625826075,-30.95903848800611,,,simbad,,,,,,,,,102.06565256339559,-187.74857030617386,213.6982056199913,False,dwarf
284.1979875995042,-30.9722885399625,,,simbad,,,,,,,,,143.30616873455827,-193.76125315635352,240.99809381424203,False,dwarf
284.21623710000256,-30.96808838694472,,,simbad,,,,,,,,,150.43830519424833,-191.85528417591203,243.80347359284642,False,dwarf
284.21921617970577,-30.96917318037556,,,simbad,,,,,,,,,151.60256735962744,-192.34754781978756,244.9100193587756,False,dwarf
284.2255476306671,-31.00530748554111,,,simbad,,,,,,,,,154.07697876876432,-208.74477536932721,259.449603257552,False,dwarf
284.22998746421547,-30.947883509615554,,,simbad,,,,,,,,,155.81212208012676,-182.6866016826676,240.10791703205868,False,dwarf
283.77440349824997,-30.47313833012,,,simbad,,,,,,,,,-22.235875146098138,32.74592706172186,39.58193884392821,False,dwarf
284.15860294938375,-30.882816687768617,,,simbad,,,,,,,,,127.91414750628878,-153.16021453168992,199.5496941808077,False,dwarf
284.1659614114721,-31.0040024761175,,,simbad,,,,,,,,,130.78992790104923,-208.1525808778273,245.83226429104477,False,dwarf
283.64336585601995,-30.559562937499997,,,simbad,,,,,,,,,-73.4470491628445,-6.47231572991025,73.73167502259079,False,dwarf
284.2640442918846,-30.888413029474453,,,simbad,,,,,,,,,169.12196266136186,-155.69975384136026,229.87964590344066,False,dwarf
284.27058999794167,-30.544512430708068,,,simbad,,,,,,,,,171.68010768171328,0.3573876080262828,171.68047966937604,False,dwarf
284.27955669222706,-30.990487337186114,,,simbad,,,,,,,,,175.1844056344999,-202.01960537418162,267.3976382338727,False,dwarf
284.3675403475467,-30.902244887881665,,,simbad,,,,,,,,,209.56953502575033,-161.97645208412405,264.86932823690574,False,dwarf
283.857649,-30.452099,,,simbad,,,,,,,,,10.297523682531748,42.29327221993162,43.5288395097037,False,dwarf
283.724138,-30.502473999999996,,,simbad,,,,,,,,,-41.88026994831348,19.433822341937024,46.16958372956789,False,dwarf
284.2749746788634,-30.681338686208615,,,simbad,,,,,,,,,173.39369664645,-61.73239759512139,184.05505412664786,False,dwarf
284.27672504122205,-30.94814294973639,,,simbad,,,,,,,,,174.07776047586736,-182.80433187499767,252.42917906723412,False,dwarf
283.80618319738215,-30.83633059714083,,,simbad,,,,,,,,,-9.815965303681988,-132.06549574796966,132.42978646059987,False,dwarf
283.83030675631875,-30.99886154221556,,,simbad,,,,,,,,,-0.3881722391849749,-205.81969907420518,205.82006511679964,False,dwarf
283.9255631845016,-30.94383543817639,,,simbad,,,,,,,,,36.839249109876576,-180.8496451334638,184.56360535024052,False,dwarf
283.9552964576491,-30.816022941988606,,,simbad,,,,,,,,,48.45938969950774,-122.85017415805743,132.06240093498906,False,dwarf
284.04790854162127,-30.95811158919222,,,simbad,,,,,,,,,84.65336776288919,-187.3279569666575,205.5674004673427,False,dwarf
284.11094099922246,-30.822541655757497,,,simbad,,,,,,,,,109.28725234739645,-125.80827263287486,166.64760720907842,False,dwarf
284.13072746985165,-30.992574302042215,,,simbad,,,,,,,,,117.02005624499641,-202.9666399851029,234.28433688666533,False,dwarf
284.19900736654,-30.457127882102498,,,simbad,,,,,,,,,143.70470663738686,40.01123790996775,149.17084791883923,False,dwarf
284.2207996825887,-30.35463377785417,,,simbad,,,,,,,,,152.22142038775885,86.5215870683751,175.09239233529598,False,dwarf
284.24852508274535,-30.44667762446611,,,simbad,,,,,,,,,163.05685872397748,44.75341439932134,169.086981395164,False,dwarf
284.2931505732274,-30.73409840899472,,,simbad,,,,,,,,,180.4970668944587,-85.67400034660366,199.79796168352806,False,dwarf
283.75933799999996,-30.474009,,,simbad,,,,,,,,,-28.12366310838535,32.3508296030206,42.86626415536615,False,dwarf
283.867932,-30.566720999999998,,,simbad,,,,,,,,,14.316250618194113,-9.720541455812581,17.304449079849793,False,dwarf
283.7753916666667,-30.47782777777778,,,simbad,,,,,,,,,-21.84968638472183,30.617923216790246,37.61470480038308,False,dwarf
283.74935729043,-30.47649931905,,,simbad,,,,,,,,,-32.024251106610386,31.22075866498175,44.7245841853926,False,dwarf
283.75004254328996,-30.49202164447,,,simbad,,,,,,,,,-31.756445590131218,24.176950825211428,39.912363845350676,False,dwarf
283.728791,-30.490334000000004,,,simbad,,,,,,,,,-40.061818481659834,24.94277959292934,47.1920708793216,False,dwarf
283.7746424266,-30.469768685790005,,,simbad,,,,,,,,,-22.142498913868444,34.275023154392684,40.80523827138888,False,dwarf
283.76371500000005,-30.421021,,,simbad,,,,,,,,,-26.41307594533202,56.39602126823573,62.274888966429906,False,dwarf
283.80379600000003,-30.494257,,,simbad,,,,,,,,,-10.748912344451819,23.162578662481614,25.53515550930437,False,dwarf
283.7915333333334,-30.473952777777775,,,simbad,,,,,,,,,-15.541318143941838,32.376342438176444,35.91323042174403,False,dwarf
283.78097,-30.470178999999995,,,simbad,,,,,,,,,-19.669602904923057,34.08882847215855,39.356594174821645,False,dwarf
284.33319167889124,-30.941166877345005,,,simbad,,,,,,,,,196.1456392823294,-179.6386906407319,265.97588421620156,False,dwarf
284.28681176287165,-30.972907170088888,,,simbad,,,,,,,,,178.01977934057317,-194.04197860285066,263.33121975294824,False,dwarf
284.3582603579775,-30.576485102280557,,,simbad,,,,,,,,,205.94279729898255,-14.151350521540706,206.42842943963248,False,dwarf
284.41397121526836,-30.416246081093604,,,simbad,,,,,,,,,227.71530753948613,58.56281073547676,235.12520938649268,False,dwarf
284.4742043609308,-30.33459841646861,,,simbad,,,,,,,,,251.25518548296864,95.61334566650447,268.832810686537,False,dwarf
284.2726788606783,-30.371952380713886,,,simbad,,,,,,,,,172.49646175586597,78.6626543829434,189.58597657227534,False,dwarf
284.27569944447,-30.253019634180003,,,simbad,,,,,,,,,173.67694424591184,132.6326227848038,218.52938838832097,False,dwarf
284.47406163166073,-30.380221296053055,,,simbad,,,,,,,,,251.19940507236424,74.91033962877758,262.131074258678,False,dwarf
284.31891638875,-30.550645745309996,,,simbad,,,,,,,,,190.5666746800933,-2.425822272445144,190.58211383108858,False,dwarf
284.32645149999996,-30.249338899999998,,,simbad,,,,,,,,,193.51149180965757,134.30288697342928,235.55034050452335,False,dwarf
284.41815869941,-30.53829827433,,,simbad,,,,,,,,,229.3518294993037,3.1772823228348734,229.3738363842674,False,dwarf
284.29617619896,-30.49746106643,,,simbad,,,,,,,,,181.67951983900244,21.708619437423636,182.9718887884403,False,dwarf
284.46494747863835,-30.533352557518057,,,simbad,,,,,,,,,247.6374783732918,5.421577421065971,247.69681910919886,False,dwarf
284.32839514985244,-30.48837030753028,,,simbad,,,,,,,,,194.27109484531363,25.833874969355186,195.9812424400078,False,dwarf
284.3783586088929,-30.51977246526278,,,simbad,,,,,,,,,213.79744889027725,11.584027808124953,214.1110432748627,False,dwarf
284.3435870710212,-30.306848493866948,,,simbad,,,,,,,,,200.20829048912168,108.20586109739128,227.57826775947757,False,dwarf
284.45105217425,-30.48965216057,,,simbad,,,,,,,,,242.20701702691747,25.252188511539096,243.5198392774186,False,dwarf
284.39464783096,-30.34422424717,,,simbad,,,,,,,,,220.16348365463384,91.24528225305428,238.32259873621672,False,dwarf
284.28179538029,-30.25424576747,,,simbad,,,,,,,,,176.05931334812496,132.07622114735517,220.09318483128533,False,dwarf
284.25393114319206,-30.2486278057025,,,simbad,,,,,,,,,165.16961577279747,134.62557132980035,213.08459923328272,False,dwarf
284.23856352991584,-30.084252491016386,,,simbad,,,,,,,,,159.16375742311433,209.21672303693728,262.87780217309813,False,dwarf
284.2976388385583,-30.23951741497639,,,simbad,,,,,,,,,182.25113796123938,138.7597355019581,229.06274573736357,False,dwarf
284.3010565559608,-30.199894637258332,,,simbad,,,,,,,,,183.58682530772322,156.73998168107283,241.39499639377684,False,dwarf
284.3017383160767,-30.382432348651943,,,simbad,,,,,,,,,183.8532658154751,73.90699578635717,198.15213190167893,False,dwarf
284.3046168231796,-30.34434972049612,,,simbad,,,,,,,,,184.97822293196225,91.18834426378486,206.2335013731699,False,dwarf
284.30510185735125,-30.131035503819174,,,simbad,,,,,,,,,185.16778044343397,187.98726524424336,263.86799504365297,False,dwarf
284.3051703978913,-30.114819274871664,,,simbad,,,,,,,,,185.1945669565472,195.34595651641484,269.17851020751283,False,dwarf
284.3061161178996,-30.358524529550838,,,simbad,,,,,,,,,185.56416634106597,84.75601995377957,204.00402630404204,False,dwarf
284.3071136162338,-30.371173012890832,,,simbad,,,,,,,,,185.95400135262707,79.01632028244899,202.04571138737737,False,dwarf
284.31155271389196,-30.192378211918328,,,simbad,,,,,,,,,187.68885706874636,160.15082730532137,246.72939539980064,False,dwarf
284.3121891245708,-30.426380317119726,,,simbad,,,,,,,,,187.93757444085503,53.9640403038959,195.53170978803522,False,dwarf
284.3144287280004,-30.46489600178472,,,simbad,,,,,,,,,188.81283989136296,36.486177016230585,192.30582315962556,False,dwarf
284.3146648270604,-30.44952743522056,,,simbad,,,,,,,,,188.90511040114527,43.46021130050048,193.83996157127413,False,dwarf
284.31492179695954,-30.156051342596943,,,simbad,,,,,,,,,189.00553749977132,176.63543769691904,258.69513148870743,False,dwarf
284.3183504951754,-30.19161214976223,,,simbad,,,,,,,,,190.34551628752018,160.49845528469154,248.9802596985045,False,dwarf
284.3184232214142,-30.149442049311393,,,simbad,,,,,,,,,190.37393862484413,179.6346398525521,261.74575515658705,False,dwarf
284.3201631459941,-30.585830008418334,,,simbad,,,,,,,,,191.05392323782112,-18.391934411785993,191.93713771954265,False,dwarf
284.32552695958873,-30.38541163737777,,,simbad,,,,,,,,,193.15016968055605,72.55503744789249,206.32794649948096,False,dwarf
284.32794274836124,-30.139053621275835,,,simbad,,,,,,,,,194.09429059962739,184.34875895905313,267.68836092201633,False,dwarf
284.333633044645,-30.29394811047722,,,simbad,,,,,,,,,196.3181306217517,114.0598693853192,227.0472686799276,False,dwarf
284.3337330020604,-30.246829098648334,,,simbad,,,,,,,,,196.3571952485668,135.44179869952578,238.53852720440497,False,dwarf
284.33605324023165,-30.374955582519995,,,simbad,,,,,,,,,197.26397377972629,77.29984463286365,211.86868888921128,False,dwarf
284.3377017373383,-30.346176877093328,,,simbad,,,,,,,,,197.90822737555,90.35920690094312,217.56022783289194,False,dwarf
284.3394349046062,-30.429362620873338,,,simbad,,,,,,,,,198.5855711452275,52.610713789223105,205.43640444791612,False,dwarf
284.34056429365285,-30.26988309624278,,,simbad,,,,,,,,,199.02695072147228,124.98022644150764,235.0144338436639,False,dwarf
284.34656951054706,-30.473881214740558,,,simbad,,,,,,,,,201.37386571586347,32.40881671435236,203.96510778605025,False,dwarf
284.3487467879917,-30.307475386705555,,,simbad,,,,,,,,,202.22477338026195,107.92138615102908,229.22016612300462,False,dwarf
284.35019211379546,-30.50281625545361,,,simbad,,,,,,,,,202.78962505180843,19.278511743677342,203.70393477717644,False,dwarf
284.35130069983705,-30.310701224786104,,,simbad,,,,,,,,,203.2228745495997,106.4575472643412,229.4182776278773,False,dwarf
284.355174894555,-30.411623859698334,,,simbad,,,,,,,,,204.73695902562102,60.66030827016955,213.53429558384954,False,dwarf
284.2543058869709,-30.122432217249443,,,simbad,,,,,,,,,165.31607039867708,191.8913128497375,253.28181750622406,False,dwarf
284.258853635,-30.27143729572972,,,simbad,,,,,,,,,167.09338805899992,124.27495308622993,208.24136067942936,False,dwarf
284.267067316,-30.32377807191944,,,simbad,,,,,,,,,170.30339886088095,100.52346226966779,197.75796856321526,False,dwarf
284.2681662521146,-30.1896168184425,,,simbad,,,,,,,,,170.73287704471292,161.40390791582539,234.94879611197265,False,dwarf
284.2742710530592,-30.207689317511658,,,simbad,,,,,,,,,173.11871075011433,153.2028679824946,231.17354253859463,False,dwarf
284.27470051879374,-30.094772742687773,,,simbad,,,,,,,,,173.28655141095712,204.44278426202845,268.0020166653837,False,dwarf
284.2757711311387,-30.31850828947055,,,simbad,,,,,,,,,173.70496030606438,102.91481368918731,201.9031255617692,False,dwarf
284.2783397076007,-30.302887339425272,,,simbad,,,,,,,,,174.7087925937261,110.00337596425868,206.4555761734026,False,dwarf
284.28177826685624,-30.208767508371388,,,simbad,,,,,,,,,176.0526252009578,152.7136004903471,233.05786966947556,False,dwarf
284.3589314769541,-30.15848907962638,,,simbad,,,,,,,,,206.2050791144516,175.52922772292013,270.79705396773056,False,dwarf
284.3600293564533,-30.392077842138896,,,simbad,,,,,,,,,206.63414435956074,69.53000968385537,218.01855852620622,False,dwarf
284.3619975986712,-30.543112589783885,,,simbad,,,,,,,,,207.4033584038092,0.9926152694366142,207.40573367737943,False,dwarf
284.3643246206983,-30.289904851799164,,,simbad,,,,,,,,,208.3127881519381,115.89464197280886,238.38159691058323,False,dwarf
284.45586626421414,-30.343660413433607,,,simbad,,,,,,,,,244.08842449648887,91.50114188653524,260.6753113352279,False,dwarf
284.37053189745245,-30.444209921605836,,,simbad,,,,,,,,,210.73867070459252,45.87322243601033,215.67368839754738,False,dwarf
284.3759333604012,-30.24945968991805,,,simbad,,,,,,,,,212.84963099283183,134.24807424732444,251.6495794808722,False,dwarf
284.37673098399205,-30.23036703703666,,,simbad,,,,,,,,,213.1613524174298,142.9120452960624,256.6351785222196,False,dwarf
284.3811860608621,-30.242795082386667,,,simbad,,,,,,,,,214.90245301240748,137.27237721149655,255.0034702823579,False,dwarf
284.3815945314221,-30.428165316324442,,,simbad,,,,,,,,,215.06208849250856,53.15403335893265,221.53341321137566,False,dwarf
284.38225731286377,-30.33634277759194,,,simbad,,,,,,,,,215.32111189348106,94.82177969790939,235.27505420703628,False,dwarf
284.41810833370994,-30.770557821359997,,,simbad,,,,,,,,,229.33214594433846,-102.21875686363147,251.08147565716902,False,dwarf
284.38633543653,-30.646184658799996,,,simbad,,,,,,,,,216.91489439121025,-45.780005981087335,221.69321224696594,False,dwarf
284.39204723528,-30.729907437460003,,,simbad,,,,,,,,,219.14713785011375,-83.77219779101131,234.61297737046235,False,dwarf
284.43136633524375,-30.625635290310278,,,simbad,,,,,,,,,234.51354124502927,-36.454998357955844,237.33008223266305,False,dwarf
284.42042855814,-30.717610585730004,,,simbad,,,,,,,,,230.23891910527558,-78.19206348274155,243.15418701403172,False,dwarf
284.34069813311,-30.799550456279995,,,simbad,,,,,,,,,199.07925688031574,-115.37519725638012,230.09560330864073,False,dwarf
284.42132919299,-30.75846079344999,,,simbad,,,,,,,,,230.5908986376023,-96.72929972851496,250.05743332375837,False,dwarf
284.41101923974,-30.696873508449997,,,simbad,,,,,,,,,226.56163802970727,-68.78187631255051,236.7723006092121,False,dwarf
284.37762746668,-30.61508339835,,,simbad,,,,,,,,,213.51170923212769,-31.66670167539465,215.84723758765847,False,dwarf
284.3757170641137,-30.67879887307223,,,simbad,,,,,,,,,212.76509965796856,-60.57986695312189,221.22140021372988,False,dwarf
284.34928136187625,-30.66918249022473,,,simbad,,,,,,,,,202.43369164039552,-56.21609083977263,210.0943796974691,False,dwarf
284.3325812662079,-30.70706357643833,,,simbad,,,,,,,,,195.90708225692404,-73.40598248491071,209.20808574956231,False,dwarf
284.38682372693995,-30.762459909960008,,,simbad,,,,,,,,,217.1057244819436,-98.54404123555072,238.42362228995586,False,dwarf
284.32816808843495,-30.684648302787775,,,simbad,,,,,,,,,194.18235636097117,-63.23425395853044,204.2188982332221,False,dwarf
284.3341696250525,-30.71308698904167,,,simbad,,,,,,,,,196.5278330565033,-76.13932042040483,210.76144163476846,False,dwarf
284.33922328387206,-30.676463835408338,,,simbad,,,,,,,,,198.5028670759432,-59.520260472905264,207.23428684494286,False,dwarf
284.35356737171037,-30.678298197280284,,,simbad,,,,,,,,,204.10871869153473,-60.35266748570689,212.8445759669256,False,dwarf
284.35363834238416,-30.730932003070276,,,simbad,,,,,,,,,204.13645493178421,-84.23713091686325,220.8338435503515,False,dwarf
284.45259029253657,-30.771144800397778,,,simbad,,,,,,,,,242.80813317867444,-102.48511950171601,263.550733743987,False,dwarf
284.35610508154446,-30.626669889418892,,,simbad,,,,,,,,,205.10048790918728,-36.924484540928006,208.39776318185355,False,dwarf
284.3589682569783,-30.886177958200832,,,simbad,,,,,,,,,206.21945321478873,-154.68551067008462,257.7868695171872,False,dwarf
284.3752156622712,-30.833380966085556,,,simbad,,,,,,,,,212.56914545296772,-130.72699563349622,249.54997292319044,False,dwarf
284.37781956885124,-30.768446167569998,,,simbad,,,,,,,,,213.58678519924555,-101.26051876989095,236.37471834630728,False,dwarf
284.37786502557077,-30.697552929522228,,,simbad,,,,,,,,,213.60455026229184,-69.09018781521392,224.50024041211515,False,dwarf
284.3795743048758,-30.808842068199443,,,simbad,,,,,,,,,214.27255831282923,-119.59159699748989,245.3872028414172,False,dwarf
284.3803519713849,-30.71936237650722,,,simbad,,,,,,,,,214.57648025652762,-78.98700092132249,228.65260154615558,False,dwarf
284.3824736780091,-30.684836379501114,,,simbad,,,,,,,,,215.4056701388617,-63.31960046377594,224.5194301855951,False,dwarf
284.4748378483657,-30.734063362992774,,,simbad,,,,,,,,,251.502760414217,-85.65809697539018,265.6895708781517,False,dwarf
283.42249999999996,-30.85,,,simbad,,,,,,,,,-159.76422943646386,-138.26847400149634,211.28838091605874,False,dwarf
283.51605607007036,-31.035236829572224,,,simbad,,,,,,,,,-123.20132962261013,-222.326280873258,254.18013846033259,False,dwarf
283.4036387871267,-31.00331542439389,,,simbad,,,,,,,,,-167.13543085752957,-207.8408066954056,266.70593014728604,False,dwarf
283.43712252543,-30.84054194462,,,simbad,,,,,,,,,-154.04956087542735,-133.97654461385412,204.15920677887647,False,dwarf
283.4008145909067,-30.984016360111664,,,simbad,,,,,,,,,-168.23916259154188,-199.08316912415614,260.6501948167709,False,dwarf
283.42113673355624,-30.912234633508607,,,simbad,,,,,,,,,-160.29701126839174,-166.50965485242298,231.12896179547025,False,dwarf
283.3726648854416,-30.988313753265842,,,simbad,,,,,,,,,-179.24042482855396,-201.033264278776,269.3352989106714,False,dwarf
283.49774541977797,-30.96465778042778,,,simbad,,,,,,,,,-130.35736419805443,-190.2985243203248,230.6654953805563,False,dwarf
283.5088472945479,-30.824486647950003,,,simbad,,,,,,,,,-126.01861060727374,-126.69088209268087,178.69322825672285,False,dwarf
283.5203704615658,-30.96782144748445,,,simbad,,,,,,,,,-121.51521065795761,-191.73415089129554,226.9976454487004,False,dwarf
283.5541157913708,-30.94252623890861,,,simbad,,,,,,,,,-108.32710739627109,-180.2555493509903,210.3017481350798,False,dwarf
283.5627327959012,-30.968129128852222,,,simbad,,,,,,,,,-104.95947263881747,-191.87377226707713,218.7053620298708,False,dwarf
283.47503108847,-30.12291914901,,,simbad,,,,,,,,,-139.23441321612034,191.67035022592782,236.90450603432424,False,dwarf
283.4245257613,-30.08921664587,,,simbad,,,,,,,,,-158.9725362047484,206.96406102080144,260.97200965159476,False,dwarf
283.82628,-30.2437609,,,simbad,,,,,,,,,-1.961879725467984,136.8341030810094,136.84816673248315,False,dwarf
283.77517763891,-30.095182562810002,,,simbad,,,,,,,,,-21.933331148959123,204.2568137897096,205.43105168112731,False,dwarf
283.73752953045,-30.24674650891999,,,simbad,,,,,,,,,-36.64668985212948,135.47927672941063,140.34818951537065,False,dwarf
283.66094582620997,-30.166010003090005,,,simbad,,,,,,,,,-66.57657364689052,172.116340914922,184.5439648661031,False,dwarf
283.69755383643,-30.13749528828,,,simbad,,,,,,,,,-52.2696985392267,185.05590804116713,192.29615307208448,False,dwarf
283.59326285097995,-30.206603589889998,,,simbad,,,,,,,,,-93.02793955586438,153.6955555487183,179.65667628406885,False,dwarf
283.81368452529,-30.23213858021,,,simbad,,,,,,,,,-6.884351133076039,142.1081445044461,142.27480108937078,False,dwarf
283.8187571708492,-30.0517105014325,,,simbad,,,,,,,,,-4.901896854764996,223.98380948503836,224.03744219260474,False,dwarf
283.8059631937729,-30.210898053667503,,,simbad,,,,,,,,,-9.901945506971213,151.74678970306576,152.06951275653344,False,dwarf
283.5614486377958,-30.115539615784446,,,simbad,,,,,,,,,-105.46133792790162,195.01907617912818,221.70821787047873,False,dwarf
283.7685492928775,-30.053941181939717,,,simbad,,,,,,,,,-24.523772920796763,222.97155878035178,224.31614178032459,False,dwarf
283.47778294452746,-30.21070317900833,,,simbad,,,,,,,,,-138.15895293593817,151.83522101827717,205.28475495765352,False,dwarf
283.7664535502092,-30.001227874456674,,,simbad,,,,,,,,,-25.342815759582603,246.89209893542863,248.18937694302235,False,dwarf
283.74087322411293,-30.066829981655275,,,simbad,,,,,,,,,-35.33993192274082,217.12280699701992,219.98005388345808,False,dwarf
283.43472695833,-30.18088238873001,,,simbad,,,,,,,,,-154.98577890821457,165.36746639176724,226.64287018262505,False,dwarf
283.43266481457,-30.106618362939994,,,simbad,,,,,,,,,-155.79169086711292,199.06741230313307,252.78228890549204,False,dwarf
283.56649939939996,-30.189056172500003,,,simbad,,,,,,,,,-103.48743617703819,161.65832097432232,191.94546670013744,False,dwarf
283.80814300999,-30.058428658839993,,,simbad,,,,,,,,,-9.050045658077348,220.93520635790952,221.1204846567259,False,dwarf
283.53370469353,-30.15796659004,,,simbad,,,,,,,,,-116.3040235373661,175.7663259762523,210.76154117431005,False,dwarf
283.56362571603995,-30.07508850482,,,simbad,,,,,,,,,-104.61050811357966,213.37520806202858,237.6390915301927,False,dwarf
283.60890563626,-30.004581938890006,,,simbad,,,,,,,,,-86.91454049396383,245.37007277560207,260.30868207415045,False,dwarf
283.42051783738503,-30.06800073785555,,,simbad,,,,,,,,,-160.53888374856209,216.59153468576432,269.600864413987,False,dwarf
283.43077132995916,-30.066468832527494,,,simbad,,,,,,,,,-156.53168868953202,217.28669127265343,267.797826294789,False,dwarf
283.4672917757621,-30.23603404261334,,,simbad,,,,,,,,,-142.25903486765102,140.3404397389718,199.83261002049574,False,dwarf
283.48847231324623,-30.19053983034,,,simbad,,,,,,,,,-133.98141194640343,160.98505840301792,209.4449994059895,False,dwarf
283.4999145723917,-30.15394035063472,,,simbad,,,,,,,,,-129.50963182071072,177.59337546274168,219.8002541913598,False,dwarf
283.5018867283008,-30.11597829614972,,,simbad,,,,,,,,,-128.73888825625508,194.8200093439445,233.5134629742601,False,dwarf
283.51831610346915,-30.13308846017278,,,simbad,,,,,,,,,-122.3180798807782,187.05566320221956,223.49839776101894,False,dwarf
283.52538675941366,-30.081164567165832,,,simbad,,,,,,,,,-119.55477778053158,210.61797843125518,242.18438787135094,False,dwarf
283.53336531531124,-30.129594393235283,,,simbad,,,,,,,,,-116.43665685344028,188.6412204831729,221.6822165275935,False,dwarf
283.54248197125287,-30.16229053033611,,,simbad,,,,,,,,,-112.87375198173713,173.80418411075692,207.2399051844036,False,dwarf
283.543249559587,-30.021512159801112,,,simbad,,,,,,,,,-112.57376871675233,237.687382227892,262.9983746593139,False,dwarf
283.5439673119733,-30.013951620000846,,,simbad,,,,,,,,,-112.29326197282008,241.11824635920388,265.9845585966113,False,dwarf
283.5449831949754,-30.084847849871945,,,simbad,,,,,,,,,-111.8962419996605,208.94655775816662,237.02200946881166,False,dwarf
283.55649944389546,-30.128858752363335,,,simbad,,,,,,,,,-107.39554573079235,188.97504372169305,217.36000182285267,False,dwarf
283.56304461748994,-30.178372359530556,,,simbad,,,,,,,,,-104.83760880356954,166.50648151190995,196.76212187595024,False,dwarf
283.5654676575199,-30.137818829298055,,,simbad,,,,,,,,,-103.89065400103269,184.90908978437858,212.09582615801204,False,dwarf
283.56553913783455,-30.07867440850555,,,simbad,,,,,,,,,-103.86271858665518,211.74797658674893,235.84882849145785,False,dwarf
283.57626643520825,-30.077890279357497,,,simbad,,,,,,,,,-99.67035459732139,212.10380310700305,234.3548652748863,False,dwarf
283.57772240992665,-29.992938553504725,,,simbad,,,,,,,,,-99.10134119476201,250.65367346294698,269.5335597788711,False,dwarf
283.57999264228044,-30.115744254618892,,,simbad,,,,,,,,,-98.21410557185465,194.9262140217274,218.27102291903907,False,dwarf
283.45896367650755,-30.1058324647975,,,simbad,,,,,,,,,-145.51376177584635,199.42404156759963,246.86879758550586,False,dwarf
283.4629458048116,-30.125788016119447,,,simbad,,,,,,,,,-143.95749548422643,190.36849962751413,238.6711674176877,False,dwarf
283.67639792298377,-30.062945114862497,,,simbad,,,,,,,,,-60.537698073877635,218.88570362693937,227.10298135503265,False,dwarf
283.6764576270575,-30.049123777718613,,,simbad,,,,,,,,,-60.51436496395552,225.15762747185298,233.14790493535327,False,dwarf
283.68095534337124,-30.106505696822502,,,simbad,,,,,,,,,-58.7566003331161,199.11853856547924,207.606672540065,False,dwarf
283.68564341579247,-30.10850814536417,,,simbad,,,,,,,,,-56.92444211902096,198.20985624148045,206.2220628881161,False,dwarf
283.69104868046577,-30.009714236468056,,,simbad,,,,,,,,,-54.81199606857023,243.04111001144446,249.14521080810687,False,dwarf
283.69237816243196,-29.9959498472775,,,simbad,,,,,,,,,-54.29241763932224,249.28719169487334,255.13088906723763,False,dwarf
283.6994826904875,-30.07973541749167,,,simbad,,,,,,,,,-51.5158778880747,211.26650598152196,217.45671344941152,False,dwarf
283.7187093645907,-30.09516796061166,,,simbad,,,,,,,,,-44.00184957906941,204.26344005712528,208.9490744424341,False,dwarf
283.72508471496576,-29.970364773882505,,,simbad,,,,,,,,,-41.51028172179263,260.89732971765824,264.17895476821593,False,dwarf
283.5897129996141,-30.05326950274611,,,simbad,,,,,,,,,-94.41526653257485,223.2763571299359,242.4181804395698,False,dwarf
283.6454908341733,-29.968745295711383,,,simbad,,,,,,,,,-72.61658072535671,261.63222560016374,271.5227233009002,False,dwarf
283.6125829279508,-30.153055860686393,,,simbad,,,,,,,,,-85.47740822046929,177.994744269518,197.45509946228248,False,dwarf
283.6163623584962,-29.976298056366105,,,simbad,,,,,,,,,-84.0003587860672,258.2048915331239,271.52500122055113,False,dwarf
283.61753558668124,-30.06431808364556,,,simbad,,,,,,,,,-83.54184631800605,218.26267015635946,233.70458547064305,False,dwarf
283.61787620998075,-30.157765101385,,,simbad,,,,,,,,,-83.40872640858953,175.85775862756714,194.63547187143098,False,dwarf
283.624469675465,-30.19144653351028,,,simbad,,,,,,,,,-80.83191639781249,160.57360955586674,179.77119567478792,False,dwarf
283.6260785694379,-29.98058789766945,,,simbad,,,,,,,,,-80.20314020939335,256.2582232997064,268.51595987607476,False,dwarf
283.6369437376179,-30.18446705484889,,,simbad,,,,,,,,,-75.95689455875706,163.74079650642815,180.50068773156974,False,dwarf
283.63839016196494,-30.097062493685,,,simbad,,,,,,,,,-75.3916135625705,203.40372821926533,216.9261903253379,False,dwarf
283.6418240259233,-30.164160294258053,,,simbad,,,,,,,,,-74.04961593709096,172.95571215726068,188.14096839406318,False,dwarf
283.64253776646285,-30.083847267009723,,,simbad,,,,,,,,,-73.77067707379327,209.40060785817093,222.015151211122,False,dwarf
283.6425399194366,-30.195028266744167,,,simbad,,,,,,,,,-73.76983566430253,158.94827057152173,175.23282047497804,False,dwarf
283.6467745159946,-30.03282258252333,,,simbad,,,,,,,,,-72.11490157414269,232.55487520421946,243.47962750566703,False,dwarf
283.6468093746158,-29.999818224266946,,,simbad,,,,,,,,,-72.1012783824513,247.53177790034476,257.81888102869686,False,dwarf
283.65257372559705,-30.00531987374389,,,simbad,,,,,,,,,-69.84849684449509,245.03520856109807,254.79612623824616,False,dwarf
283.6530714534596,-30.13283961721917,,,simbad,,,,,,,,,-69.65397847750938,187.16858455260254,199.70917795927673,False,dwarf
283.6532607487925,-30.197703316937503,,,simbad,,,,,,,,,-69.5799994584441,157.73437129974587,172.39926976052763,False,dwarf
283.65417699889076,-30.00375770637861,,,simbad,,,,,,,,,-69.22191728887186,245.74409762487193,255.30733508971105,False,dwarf
283.80256758522256,-29.961710534303055,,,simbad,,,,,,,,,-11.228992433376616,264.8244990655211,265.0624559917398,False,dwarf
283.8041893879175,-30.17270984529805,,,simbad,,,,,,,,,-10.595171352522687,169.07604896166384,169.40769754788673,False,dwarf
283.8107316991896,-30.18910978789111,,,simbad,,,,,,,,,-8.03835305721903,161.63399108160493,161.83374862135784,False,dwarf
283.81186651221753,-29.990391567089443,,,simbad,,,,,,,,,-7.594853720221803,251.80945923565213,251.9239678227999,False,dwarf
283.8154005119967,-30.025400930744723,,,simbad,,,,,,,,,-6.213721744810873,235.92271395052288,236.00452812542002,False,dwarf
283.81680423618957,-30.020507140268336,,,simbad,,,,,,,,,-5.665128510931669,238.14344562513102,238.2108191817809,False,dwarf
283.8187152464105,-30.05376070136028,,,simbad,,,,,,,,,-4.91828145762517,223.05345826937685,223.1076752118247,False,dwarf
283.82462470096715,-30.165177934615553,,,simbad,,,,,,,,,-2.6087916003970055,172.49392161143274,172.5136481166212,False,dwarf
283.82848490820663,-30.194729074260554,,,simbad,,,,,,,,,-1.1001736085117864,159.08403981386442,159.08784399025612,False,dwarf
283.74048163539624,-30.10665860246223,,,simbad,,,,,,,,,-35.49296976417662,199.0491521871698,202.18881247267822,False,dwarf
283.7413712617624,-30.140555948419998,,,simbad,,,,,,,,,-35.14529248708566,183.66702452625282,186.9993782939664,False,dwarf
283.7474617961596,-30.177359251251385,,,simbad,,,,,,,,,-32.76503432948527,166.96621546582912,170.15071137551564,False,dwarf
283.7518399685724,-29.9506405059675,,,simbad,,,,,,,,,-31.05398897266267,269.84791857687827,271.62888173275644,False,dwarf
283.7563573037646,-29.958357751634725,,,simbad,,,,,,,,,-29.288557035062563,266.3459435788411,267.9514531292923,False,dwarf
283.75661815354295,-29.995872874832784,,,simbad,,,,,,,,,-29.18661363038553,249.32212068230731,251.02465671071522,False,dwarf
283.768978733405,-29.98117053848944,,,simbad,,,,,,,,,-24.35594211118553,255.99382928240843,257.14986398362004,False,dwarf
283.7693280699746,-30.00246517892389,,,simbad,,,,,,,,,-24.219416945183095,246.33062797856243,247.5184001998186,False,dwarf
283.7741481885017,-30.04921708236861,,,simbad,,,,,,,,,-22.335653436689658,225.11528716475726,226.22063108769507,False,dwarf
283.77858747099583,-30.01595280393806,,,simbad,,,,,,,,,-20.60072548434444,240.2101378945014,241.09189168816255,False,dwarf
283.7850160925521,-30.180720067950276,,,simbad,,,,,,,,,-18.088338573194708,165.44112522508624,166.42702276998526,False,dwarf
283.7855586002371,-30.165675967967495,,,simbad,,,,,,,,,-17.876319683141073,172.26792124525315,173.19295452059993,False,dwarf
283.7915133007592,-30.012009268053326,,,simbad,,,,,,,,,-15.549147128239252,241.9996577138379,242.49868104802206,False,dwarf
283.49168395416,-30.559357185969994,,,simbad,,,,,,,,,-132.7262619077143,-6.378948647280502,132.87946261872003,False,dwarf
283.54744293875,-30.5286211329,,,simbad,,,,,,,,,-110.93494290777245,7.568629806335547,111.19283122169381,False,dwarf
283.66841407085997,-30.510951474160002,,,simbad,,,,,,,,,-63.65788883340828,15.586866596970728,65.53836449773772,False,dwarf
283.72658716361,-30.553896064360007,,,simbad,,,,,,,,,-40.923105719043825,-3.900770270682141,41.10859509149729,False,dwarf
283.61510878569624,-30.723933669596665,,,simbad,,,,,,,,,-84.49027094952812,-81.06138792391904,117.08780678310087,False,dwarf
283.6573875297741,-30.597455830747226,,,simbad,,,,,,,,,-67.9672010641651,-23.66756523695157,71.97009145986966,False,dwarf
283.6414288493033,-30.654505779635276,,,simbad,,,,,,,,,-74.20405597669479,-49.556010837917164,89.2302646727007,False,dwarf
283.59275137453,-30.623007938080004,,,simbad,,,,,,,,,-93.22783104534916,-35.26274373523086,99.67391623266707,False,dwarf
283.60629596086,-30.662696335710002,,,simbad,,,,,,,,,-87.93443476831182,-53.27276728581998,102.81270618124793,False,dwarf
283.6628666666667,-30.597405555555557,,,simbad,,,,,,,,,-65.82588481263684,-23.644751078658153,69.94370139575285,False,dwarf
283.6395916666666,-30.584883333333334,,,simbad,,,,,,,,,-74.92205027288361,-17.962346885109113,77.04517845208413,False,dwarf
283.60396249999997,-30.51979166666667,,,simbad,,,,,,,,,-88.8463808941177,11.57531448743332,89.59725053519013,False,dwarf
283.59714698043,-30.790905860880006,,,simbad,,,,,,,,,-91.50997246040161,-111.45240429833336,144.20718943098024,False,dwarf
283.39506155523,-30.809199356239997,,,simbad,,,,,,,,,-170.48752196486552,-119.75372916731719,208.34334833442526,False,dwarf
283.447736125,-30.704719971410004,,,simbad,,,,,,,,,-149.90163143108998,-72.34248825803569,166.44499005096662,False,dwarf
283.67175683168,-30.73063066809,,,simbad,,,,,,,,,-62.35149547086565,-84.10038944037512,104.6928101231223,False,dwarf
283.39883069446,-30.62931867068,,,simbad,,,,,,,,,-169.01449450711874,-38.1264633493863,173.261439913874,False,dwarf
283.43892871362993,-30.82658682195,,,simbad,,,,,,,,,-153.34367959858244,-127.64391082296234,199.51754820820415,False,dwarf
283.4599416666667,-30.63143055555556,,,simbad,,,,,,,,,-145.13155080675037,-39.084806306427744,150.30232574242933,False,dwarf
283.58682024873997,-30.795477018310002,,,simbad,,,,,,,,,-95.54579029568207,-113.52672974062506,148.3823318620764,False,dwarf
283.39646996456,-30.58326555846,,,simbad,,,,,,,,,-169.93709771987702,-17.228223934620424,170.80816397759347,False,dwarf
283.5347059022299,-30.66870285274,,,simbad,,,,,,,,,-115.91273846779713,-55.998438253334726,128.73068020451254,False,dwarf
283.39303056997994,-30.84421839912,,,simbad,,,,,,,,,-171.28125678254526,-135.64486674529695,218.48752550055934,False,dwarf
283.50231514289,-30.67106149460001,,,simbad,,,,,,,,,-128.57145839637204,-57.06875597798056,140.6679168220114,False,dwarf
283.68908362601996,-30.800733978130005,,,simbad,,,,,,,,,-55.579964291016225,-115.91226243573027,128.54876511876824,False,dwarf
283.54296768574,-30.586587980660003,,,simbad,,,,,,,,,-112.68392859436908,-18.735891304436425,114.23091256937644,False,dwarf
283.42289775001,-30.6916482518,,,simbad,,,,,,,,,-159.60878368336122,-66.41073005964104,172.8737947056653,False,dwarf
283.7305320678,-30.810653523590002,,,simbad,,,,,,,,,-39.38138708373493,-120.413609378764,126.68990082978408,False,dwarf
283.41218379637,-30.782263632630002,,,simbad,,,,,,,,,-163.79593277218945,-107.53068551887534,195.938653462942,False,dwarf
283.71697789788993,-30.651620929969994,,,simbad,,,,,,,,,-44.67852874552887,-48.24690758572658,65.75663481695737,False,dwarf
283.60815403737,-30.687240038589998,,,simbad,,,,,,,,,-87.20827488118651,-64.41034635888498,108.41575497050285,False,dwarf
283.63464992703,-30.526008603,,,simbad,,,,,,,,,-76.8533448548671,8.754158268942103,77.35031934244884,False,dwarf
283.70144216546,-30.444001593000003,,,simbad,,,,,,,,,-50.750090194638766,45.96775895855565,68.47340007941655,False,dwarf
283.66990570773,-30.569179321560004,,,simbad,,,,,,,,,-63.0749382092974,-10.836092393479158,63.99897443292902,False,dwarf
283.6871333333333,-30.567783333333335,,,simbad,,,,,,,,,-56.34216343060179,-10.20261303074177,57.258472671699025,False,dwarf
283.465478543278,-30.447464610744447,,,simbad,,,,,,,,,-142.96766914018897,44.396291354471096,149.70232164335204,False,dwarf
283.5295947477266,-30.73225462674639,,,simbad,,,,,,,,,-117.91024253029262,-84.83731850260034,145.25906479206068,False,dwarf
283.5333842174408,-30.785330677560555,,,simbad,,,,,,,,,-116.42926966126345,-108.92246635983915,159.4361267459966,False,dwarf
283.4173786964917,-30.80527790525417,,,simbad,,,,,,,,,-161.76569985893056,-117.97423115720096,200.21503656814164,False,dwarf
283.5758231679166,-30.728550584703335,,,simbad,,,,,,,,,-99.84358908186286,-83.15647754122656,129.93745433019842,False,dwarf
283.5890958920687,-30.840310935095278,,,simbad,,,,,,,,,-94.65643999506162,-133.8717158167977,163.95571941311513,False,dwarf
283.40659691391,-30.843752922369998,,,simbad,,,,,,,,,-165.97935735921422,-135.43364009644287,214.22282310517375,False,dwarf
283.5954204903683,-30.687485442821387,,,simbad,,,,,,,,,-92.18470669312572,-64.52170726662332,112.52142398982271,False,dwarf
283.48935202815915,-30.723193577533333,,,simbad,,,,,,,,,-133.63760819105954,-80.7255447988211,156.12694804579257,False,dwarf
283.66712538382285,-30.745149386342224,,,simbad,,,,,,,,,-64.1615240865141,-90.68877479381298,111.09075140040802,False,dwarf
283.7374313994741,-30.796802218129443,,,simbad,,,,,,,,,-36.685040683230355,-114.12808634312243,119.87915708025926,False,dwarf
283.7417185098054,-30.804670253514168,,,simbad,,,,,,,,,-35.00958354379093,-117.69848754442091,122.79497102957386,False,dwarf
283.59022447744,-30.698428332309994,,,simbad,,,,,,,,,-94.21537450533793,-69.48743299933291,117.06852752989533,False,dwarf
283.73816885759,-30.76874426228,,,simbad,,,,,,,,,-36.396832689994675,-101.39578985836972,107.73038397251788,False,dwarf
283.4056944809546,-30.48062899466472,,,simbad,,,,,,,,,-166.33203961396453,29.34677131556085,168.9010964700623,False,dwarf
283.41931215719086,-30.496281274996115,,,simbad,,,,,,,,,-161.01007887373862,22.24399180763381,162.53935114447088,False,dwarf
283.4667124694296,-30.587672461377213,,,simbad,,,,,,,,,-142.48543513630077,-19.228013043370407,143.77696516332855,False,dwarf
283.36329348993,-30.701892006990004,,,simbad,,,,,,,,,-182.9028851579539,-71.0591987113216,196.2214950523993,False,dwarf
283.62395373173,-30.62977736378,,,simbad,,,,,,,,,-81.03355375899346,-38.33461167551633,89.64362379513847,False,dwarf
283.68393481676,-30.445068118629997,,,simbad,,,,,,,,,-57.59218431042758,45.483784979746474,73.38688159153563,False,dwarf
283.40750758015,-30.58000478936,,,simbad,,,,,,,,,-165.62345743232302,-15.748533854121005,166.3705081148426,False,dwarf
283.54848149986,-30.482685646409998,,,simbad,,,,,,,,,-110.52906004216969,28.41349235798951,114.12273945968472,False,dwarf
283.34523020178,-30.497182272564167,,,simbad,,,,,,,,,-189.9622474680677,21.83513208064425,191.21304468079202,False,dwarf
283.35185774400253,-30.549601019983612,,,simbad,,,,,,,,,-187.37211983537483,-1.951740957610859,187.38228460654352,False,dwarf
283.3941349974704,-30.758360248804443,,,simbad,,,,,,,,,-170.84963249930354,-96.68367401565203,196.3092706580918,False,dwarf
283.39673437876036,-30.63425768591583,,,simbad,,,,,,,,,-169.83376129384092,-40.36771736884282,174.56534329810174,False,dwarf
283.39999845541536,-30.821239401213887,,,simbad,,,,,,,,,-168.5581187018413,-125.21732826626364,209.97909105062163,False,dwarf
283.4003406982825,-30.775327971710556,,,simbad,,,,,,,,,-168.42436584482627,-104.38338242887357,198.14806972949384,False,dwarf
283.40340378481255,-30.788672938283614,,,simbad,,,,,,,,,-167.2272727450768,-110.43913616585321,200.40400082537317,False,dwarf
283.40360349367666,-30.74196744338556,,,simbad,,,,,,,,,-167.14922398583403,-89.24485488249579,189.4822081411979,False,dwarf
283.41275425759335,-30.596062040228055,,,simbad,,,,,,,,,-163.572989284492,-23.035083162244785,165.18697854176057,False,dwarf
283.41627126770624,-30.55097126578111,,,simbad,,,,,,,,,-162.1984970863403,-2.573538776538431,162.21891245752417,False,dwarf
283.4186374258738,-30.551297078401387,,,simbad,,,,,,,,,-161.27377243770152,-2.7213878537166725,161.2967316102155,False,dwarf
283.42143759512,-30.58775914102472,,,simbad,,,,,,,,,-160.17943075005388,-19.267347019699123,161.33406551806974,False,dwarf
283.4215378676291,-30.61558927969778,,,simbad,,,,,,,,,-160.1402429805871,-31.89626334911866,163.28585069600427,False,dwarf
283.42321092504994,-30.743842606195837,,,simbad,,,,,,,,,-159.48639090222164,-90.09577677380531,183.17521086514847,False,dwarf
283.42363172338077,-30.5675826764575,,,simbad,,,,,,,,,-159.32193757277452,-10.111557828840878,159.64248617980445,False,dwarf
283.42727937305244,-30.61681567114639,,,simbad,,,,,,,,,-157.89638977667784,-32.452782135230066,161.19693847224667,False,dwarf
283.4274805598816,-30.730307239705553,,,simbad,,,,,,,,,-157.81776340991811,-83.95362229509584,178.75865613775602,False,dwarf
283.43269083689916,-30.84219740691416,,,simbad,,,,,,,,,-155.78152101053598,-134.72776957342347,205.95983633365404,False,dwarf
283.4437845457433,-30.838812460965276,,,simbad,,,,,,,,,-151.4459587672003,-133.1917298263614,201.68270952427972,False,dwarf
283.44508267620836,-30.700881656500833,,,simbad,,,,,,,,,-150.93863290257113,-70.60071620280617,166.63412624923595,False,dwarf
283.4477525609329,-30.594660022441946,,,simbad,,,,,,,,,-149.89520805987254,-22.398867672227098,151.55950208518902,False,dwarf
283.4481044075434,-30.84707549187777,,,simbad,,,,,,,,,-149.75770193803055,-136.9413743124053,202.92932091822092,False,dwarf
283.44886203924796,-30.679185050392775,,,simbad,,,,,,,,,-149.46160985028163,-60.75510866236411,161.33801798588414,False,dwarf
283.45366875197203,-30.59706540484055,,,simbad,,,,,,,,,-147.5830854997693,-23.49039558048127,149.4408438485266,False,dwarf
283.4536805487803,-30.663230848084176,,,simbad,,,,,,,,,-147.57847515735256,-53.51532130719083,156.98183316671137,False,dwarf
283.37365204184164,-30.688323238612224,,,simbad,,,,,,,,,-178.85463157614066,-64.90188693686983,190.26621918828167,False,dwarf
283.37836029554705,-30.656548764176108,,,simbad,,,,,,,,,-177.0145862600065,-50.48308781484301,184.07255608624126,False,dwarf
283.38175476906997,-30.615262525390285,,,simbad,,,,,,,,,-175.68798291673716,-31.74798694783587,178.53347589903603,False,dwarf
283.3835960424092,-30.71695818021639,,,simbad,,,,,,,,,-174.968389922077,-77.89601125170353,191.52474002292627,False,dwarf
283.3846099738121,-30.825030505228053,,,simbad,,,,,,,,,-174.57213265865582,-126.93767669691569,215.84393266015613,False,dwarf
283.47902662545124,-30.64654617394167,,,simbad,,,,,,,,,-137.672906643244,-45.944056348554696,145.13678216550946,False,dwarf
283.47909670006834,-30.727968171160548,,,simbad,,,,,,,,,-137.6455205933291,-82.89218665905152,160.6779510341342,False,dwarf
283.4794598158279,-30.611844875840838,,,simbad,,,,,,,,,-137.50361034498877,-30.19710677758969,140.78035415370874,False,dwarf
283.48046545569457,-30.61266574411833,,,simbad,,,,,,,,,-137.11059351918496,-30.569604985943855,140.4770999279947,False,dwarf
283.4818790133554,-30.68593598942889,,,simbad,,,,,,,,,-136.5581572411711,-63.818587620686706,150.73467562244488,False,dwarf
283.48617536666166,-30.79072820704111,,,simbad,,,,,,,,,-134.87908782982842,-111.37178754347698,174.91724727549294,False,dwarf
283.4865162425341,-30.82383512350472,,,simbad,,,,,,,,,-134.7458692117022,-126.39522967776706,184.74902802156402,False,dwarf
283.4874182443891,-30.749850990711664,,,simbad,,,,,,,,,-134.39335543644947,-92.8222951795079,163.33264360763752,False,dwarf
283.48901529760417,-30.82681529602139,,,simbad,,,,,,,,,-133.7692067665153,-127.74758906779482,184.96931418907542,False,dwarf
283.4909815844696,-30.636128781654165,,,simbad,,,,,,,,,-133.00075689884605,-41.21679368144604,139.2408898888715,False,dwarf
283.4948464011617,-30.770875186718882,,,simbad,,,,,,,,,-131.49033747436644,-102.36277269518368,166.6368689185218,False,dwarf
283.4958244559917,-30.817879624100833,,,simbad,,,,,,,,,-131.10810123105966,-123.692709774609,180.24766478320723,False,dwarf
283.49686985117785,-30.836977824848336,,,simbad,,,,,,,,,-130.69954752173808,-132.35919836512912,186.01432502430202,False,dwarf
283.49697280413795,-30.74093157739056,,,simbad,,,,,,,,,-130.65931219800157,-88.77479380471875,157.9646159085166,False,dwarf
283.497646793037,-30.613593505223612,,,simbad,,,,,,,,,-130.39590878043725,-30.99060962087985,134.0280228584675,False,dwarf
283.49794142743247,-30.607728144989448,,,simbad,,,,,,,,,-130.2807619185076,-28.32899357543606,133.32519943005508,False,dwarf
283.5015329149329,-30.678298502247777,,,simbad,,,,,,,,,-128.87716301185964,-60.35280587556491,142.30876404156936,False,dwarf
283.50404553309534,-30.823246248840558,,,simbad,,,,,,,,,-127.89519993800907,-126.12800683171565,179.62587863257517,False,dwarf
283.5095346221983,-30.71278142075139,,,simbad,,,,,,,,,-125.74999423632043,-76.00065792877264,146.93250510367315,False,dwarf
283.51145978391116,-30.65888255924861,,,simbad,,,,,,,,,-124.99761660033184,-51.54213042497502,135.2072311842406,False,dwarf
283.5167156777054,-30.65136651851278,,,simbad,,,,,,,,,-122.94354658557118,-48.131459328564,132.02936424953248,False,dwarf
283.5255290377778,-30.711922650260547,,,simbad,,,,,,,,,-119.49917358970222,-75.61096024158398,141.41099602674532,False,dwarf
283.5261493097029,-30.635436482716948,,,simbad,,,,,,,,,-119.25676344745771,-40.90263838902053,126.0761732253397,False,dwarf
283.5270606883329,-30.609655810850835,,,simbad,,,,,,,,,-118.90058510951077,-29.203740595582282,122.43450332385098,False,dwarf
283.53245569645037,-30.767517721074448,,,simbad,,,,,,,,,-116.7921474512641,-100.83920311471518,154.30149251089117,False,dwarf
283.53372530486627,-30.753131662436665,,,simbad,,,,,,,,,-116.2959683655227,-94.31101678474407,149.73082563402545,False,dwarf
283.54625780999623,-30.75838377214223,,,simbad,,,,,,,,,-111.39810626914404,-96.69434856773407,147.51045768110802,False,dwarf
283.5477385246375,-30.73819566030334,,,simbad,,,,,,,,,-110.8194241906745,-87.53327401264687,141.21975370792066,False,dwarf
283.5492448045,-30.73682322953778,,,simbad,,,,,,,,,-110.2307508992155,-86.91048468666528,140.37183047989356,False,dwarf
283.5497596002208,-30.71229064883501,,,simbad,,,,,,,,,-110.02956219655309,-75.77795269752573,133.59941119703183,False,dwarf
283.55047051158203,-30.767939185659994,,,simbad,,,,,,,,,-109.75172901204857,-101.03045767687257,149.1730384470749,False,dwarf
283.55266422974375,-30.694217056303884,,,simbad,,,,,,,,,-108.89439610670041,-67.57641656689528,128.15834572693862,False,dwarf
283.5544140104675,-30.82158696558334,,,simbad,,,,,,,,,-108.21055958758721,-125.37504797411225,165.61530080511798,False,dwarf
283.56049301881745,-30.71884780712583,,,simbad,,,,,,,,,-105.83480595557694,-78.75349674300791,131.92088311145275,False,dwarf
283.56077241496166,-30.745536655312783,,,simbad,,,,,,,,,-105.72561439568008,-90.86451187811551,139.40683289635493,False,dwarf
283.56259838560834,-30.722111883501388,,,simbad,,,,,,,,,-105.01200188750884,-80.23468761754815,132.15568711753457,False,dwarf
283.56333054613543,-30.808874944461394,,,simbad,,,,,,,,,-104.72586425923411,-119.60651577192527,158.97554925190016,False,dwarf
283.5670271498087,-30.72715077168056,,,simbad,,,,,,,,,-103.2811846178498,-82.52126254107428,132.19970449074114,False,dwarf
283.5675067605417,-30.72478026068305,,,simbad,,,,,,,,,-103.09374665508449,-81.44555877268145,131.3837875964042,False,dwarf
283.5727849432916,-30.799286524699724,,,simbad,,,,,,,,,-101.03096583350573,-115.25542890441143,153.26796778580592,False,dwarf
283.5747620561221,-30.84950087946806,,,simbad,,,,,,,,,-100.25828504124566,-138.04198028868208,170.60865171916856,False,dwarf
283.4579963227083,-30.589536162298334,,,simbad,,,,,,,,,-145.89181592048254,-20.073733694365494,147.2663462472274,False,dwarf
283.4606311932274,-30.715013074158605,,,simbad,,,,,,,,,-144.86207507375016,-77.01335012147426,164.0611986168747,False,dwarf
283.4629671170383,-30.615850998099997,,,simbad,,,,,,,,,-143.94916639548245,-32.01502739274442,147.46635034784197,False,dwarf
283.4643226806696,-30.672592170709176,,,simbad,,,,,,,,,-143.41939492042704,-57.76335476303118,154.6147728802821,False,dwarf
283.46472684989294,-30.810274563837226,,,simbad,,,,,,,,,-143.26144045729384,-120.24164289788386,187.034470108269,False,dwarf
283.4658984479633,-30.627127194129166,,,simbad,,,,,,,,,-142.80356505876222,-37.13200283578644,147.55217324082008,False,dwarf
283.67924614669084,-30.713383677274443,,,simbad,,,,,,,,,-59.424576092910065,-76.27395326976361,96.69020731811543,False,dwarf
283.6947388561846,-30.794135759203332,,,simbad,,,,,,,,,-53.36982855340122,-112.91808566474737,124.89528682064294,False,dwarf
283.72705172093873,-30.737248630324725,,,simbad,,,,,,,,,-40.74155081774977,-87.10352544035693,96.160792983285,False,dwarf
283.58366708168336,-30.802940384149444,,,simbad,,,,,,,,,-96.77808800870015,-116.91349772728188,151.77208000632677,False,dwarf
283.5870301861129,-30.78347206334723,,,simbad,,,,,,,,,-95.46374410531766,-108.07905398361983,144.20266415222633,False,dwarf
283.58710923723913,-30.722009218868614,,,simbad,,,,,,,,,-95.43284992167797,-80.18809988499997,124.64975012947376,False,dwarf
283.5894495623587,-30.833616458059446,,,simbad,,,,,,,,,-94.51822115613204,-130.83385850146345,161.40381860693523,False,dwarf
283.59328662689785,-30.781492033080557,,,simbad,,,,,,,,,-93.01864762532769,-107.18054475011307,141.9159539268784,False,dwarf
283.5940665349983,-30.78720218747584,,,simbad,,,,,,,,,-92.71384963926279,-109.77173061998103,143.68608407997453,False,dwarf
283.5977522341325,-30.675736186842503,,,simbad,,,,,,,,,-91.27343163020599,-59.1900640278531,108.78558268987318,False,dwarf
283.59896692227915,-30.829593010399996,,,simbad,,,,,,,,,-90.79871608285612,-129.00807586904796,157.75769547546372,False,dwarf
283.5990489939562,-30.782027366709443,,,simbad,,,,,,,,,-90.76664142960124,-107.42347144505149,140.635647734547,False,dwarf
283.59936318294376,-30.776634789441385,,,simbad,,,,,,,,,-90.64385238486771,-104.97639750416043,138.69517658563757,False,dwarf
283.6144022528725,-30.79245365337861,,,simbad,,,,,,,,,-84.7663929460062,-112.15477025452935,140.58461460601936,False,dwarf
283.6167788680071,-30.765178276577508,,,simbad,,,,,,,,,-83.83758158189123,-99.77759687709576,130.323861683379,False,dwarf
283.6241258202162,-30.71511442759111,,,simbad,,,,,,,,,-80.96629939403894,-77.05934285021398,111.77514910780471,False,dwarf
283.6505347067041,-30.760074274226394,,,simbad,,,,,,,,,-70.64537131182993,-97.46147407962735,120.37236982613659,False,dwarf
283.7377027690553,-30.769864645807225,,,simbad,,,,,,,,,-36.5789860060283,-101.90420377568476,108.27044363253297,False,dwarf
283.76175840905705,-30.782690460378884,,,simbad,,,,,,,,,-27.177736523435577,-107.72437380735455,111.09982031814425,False,dwarf
283.76431042984046,-30.80111406630361,,,simbad,,,,,,,,,-26.18037440512918,-116.0847409777419,119.0003323182846,False,dwarf
283.42956503328,-30.66779176105,,,simbad,,,,,,,,,-157.00312474484474,-55.58499795910565,166.55231363676415,False,dwarf
283.33084538219,-30.196520272440008,,,simbad,,,,,,,,,-195.5840175692841,158.2712198633971,251.60064977179573,False,dwarf
283.3357804952942,-30.128624424219446,,,simbad,,,,,,,,,-193.65531272026254,189.08137846035888,270.6550347310246,False,dwarf
283.25637854839,-30.208061709340004,,,simbad,,,,,,,,,-224.68660152385957,153.03388193117829,271.8518676104092,False,dwarf
283.36139224230374,-30.17436166418889,,,simbad,,,,,,,,,-183.64591686532796,168.32647732607796,249.11769457490087,False,dwarf
283.3917067382954,-30.094985297253334,,,simbad,,,,,,,,,-171.79862700999786,204.34633005979074,266.96852033793294,False,dwarf
283.4041792121371,-30.18833055569723,,,simbad,,,,,,,,,-166.92422590314106,161.9875954345429,232.60197391257884,False,dwarf
283.4136044348742,-30.163852540950835,,,simbad,,,,,,,,,-163.2407292107313,173.09536617812736,237.92759710800954,False,dwarf
283.3813855415358,-30.20222507741639,,,simbad,,,,,,,,,-175.832281724191,155.6824614828236,234.84893039928056,False,dwarf
283.37734413128,-30.17872887302,,,simbad,,,,,,,,,-177.41171615509847,166.34470082222785,243.19843034183776,False,dwarf
283.15333091283287,-30.56022514146667,,,simbad,,,,,,,,,-264.9589256188451,-6.772814357903334,265.04547398403037,False,dwarf
283.28713617083,-30.730516294830004,,,simbad,,,,,,,,,-212.66613222730052,-84.0484885013315,228.6723249890072,False,dwarf
283.2924113132691,-30.51353274338583,,,simbad,,,,,,,,,-210.60453959779477,14.41552377832278,211.09732216445212,False,dwarf
283.17369959743,-30.73406119279,,,simbad,,,,,,,,,-256.9985851117483,-85.6571121686105,270.89742267970445,False,dwarf
283.25103896107,-30.57310392593,,,simbad,,,,,,,,,-226.7733800309341,-12.617021363937386,227.12409629705192,False,dwarf
283.1925962839479,-30.67273949548472,,,simbad,,,,,,,,,-249.61352014003893,-57.83020862550914,256.2249840791712,False,dwarf
283.1962656151538,-30.55507423832084,,,simbad,,,,,,,,,-248.1794989251446,-4.435408654905437,248.21913007798545,False,dwarf
283.1480699759509,-30.65569780400667,,,simbad,,,,,,,,,-267.0149665363199,-50.096934339083134,271.67387652213904,False,dwarf
283.1510310016155,-30.59006946550639,,,simbad,,,,,,,,,-265.8577601183938,-20.315739013557987,266.6328521897413,False,dwarf
283.1548071951925,-30.67584787209194,,,simbad,,,,,,,,,-264.38197573229724,-59.24074518639655,270.93780648398365,False,dwarf
283.1563633689346,-30.659036732444168,,,simbad,,,,,,,,,-263.77380327932525,-51.61209200187589,268.77579380824136,False,dwarf
283.1714722444779,-30.706010848925274,,,simbad,,,,,,,,,-257.8690629201649,-72.9282698929532,267.98318260835583,False,dwarf
283.2306011247992,-30.718472014989445,,,simbad,,,,,,,,,-234.7607458898961,-78.58296768084871,247.56391219301267,False,dwarf
283.2309201661413,-30.648860558133894,,,simbad,,,,,,,,,-234.63606048339736,-46.99429058062532,239.2959344124859,False,dwarf
283.2333267487471,-30.732883264640837,,,simbad,,,,,,,,,-233.6955374511262,-85.12258533018402,248.71561824273357,False,dwarf
283.2394363806696,-30.631497378515554,,,simbad,,,,,,,,,-231.30781573822,-39.11512960379105,234.59177092453118,False,dwarf
283.24000632358667,-30.68689301108389,,,simbad,,,,,,,,,-231.08507481118227,-64.25287027189364,239.851502264769,False,dwarf
283.2411401346395,-30.737844382285004,,,simbad,,,,,,,,,-230.64196705878464,-87.37386910439126,246.63720313654386,False,dwarf
283.2428829053592,-30.545359335602495,,,simbad,,,,,,,,,-229.9608701382584,-0.026925642307995545,229.96087171459226,False,dwarf
283.25354779821043,-30.66089461168139,,,simbad,,,,,,,,,-225.79289462847126,-52.45517085651797,231.80590202643768,False,dwarf
283.20348164994834,-30.57399613223167,,,simbad,,,,,,,,,-245.3593809248117,-13.02189174078805,245.70469159606142,False,dwarf
283.2880309545996,-30.5430616161975,,,simbad,,,,,,,,,-212.31643937148863,1.015746349198432,212.31886908146652,False,dwarf
283.28853354014205,-30.527408262565,,,simbad,,,,,,,,,-212.1200225615163,8.119012905719147,212.2753455822447,False,dwarf
283.29269437205494,-30.598848411923335,,,simbad,,,,,,,,,-210.4939166310526,-24.29949852918689,211.89184639209333,False,dwarf
283.29363772204374,-30.724464938957784,,,simbad,,,,,,,,,-210.12524348023246,-81.30247031264793,225.30581356584204,False,dwarf
283.3218080917346,-30.648301022360275,,,simbad,,,,,,,,,-199.11590540146122,-46.740381300784726,204.52825484022102,False,dwarf
283.30263159963164,-30.61067363084,,,simbad,,,,,,,,,-206.610321947767,-29.66561265567469,208.72918748846902,False,dwarf
283.31150971130825,-30.59001579544223,,,simbad,,,,,,,,,-203.140643202998,-20.291384310995532,204.15156428052236,False,dwarf
283.25748261565997,-30.610530657173054,,,simbad,,,,,,,,,-224.25511801936753,-29.600733263646095,226.20026827487624,False,dwarf
283.3167027130046,-30.693812273318343,,,simbad,,,,,,,,,-201.11115221844742,-67.39273187469719,212.10251261162927,False,dwarf
283.317407288325,-30.616425287821393,,,simbad,,,,,,,,,-200.8357952391355,-32.27563180171011,203.41271606646308,False,dwarf
283.3260632782004,-30.723447340794444,,,simbad,,,,,,,,,-197.4529245139445,-80.84069891392276,213.3609055098918,False,dwarf
283.3274044976504,-30.704990301240834,,,simbad,,,,,,,,,-196.9287589270354,-72.46516004400783,209.83835567585373,False,dwarf
283.33394340833917,-30.73376526101861,,,simbad,,,,,,,,,-194.37326962286014,-85.52282259053823,212.35611864915444,False,dwarf
283.3375855080708,-30.638579078257223,,,simbad,,,,,,,,,-192.94989081378196,-42.328703009165025,197.53829872581287,False,dwarf
283.3387173945432,-30.65987405322583,,,simbad,,,,,,,,,-192.50753521183793,-51.99205611979618,199.40492725331802,False,dwarf
283.3394735500533,-30.67278094877361,,,simbad,,,,,,,,,-192.21202003962225,-57.849019531309054,200.728597136646,False,dwarf
283.34129840163575,-30.718879067493607,,,simbad,,,,,,,,,-191.49884487595438,-78.76768224792863,207.06558225725368,False,dwarf
283.3541417102475,-30.69345608774111,,,simbad,,,,,,,,,-186.47951683344908,-67.23109998685617,198.2287340520523,False,dwarf
283.3623863286588,-30.70597552396916,,,simbad,,,,,,,,,-183.25741529853852,-72.91223993635087,197.22949828673453,False,dwarf
283.26532065214,-30.714147244590553,,,simbad,,,,,,,,,-221.19191386445237,-76.62044912665999,234.08664204390308,False,dwarf
283.26687886451833,-30.697802344299163,,,simbad,,,,,,,,,-220.58294468656823,-69.20336865079113,231.18378342611948,False,dwarf
283.26746217443787,-30.593928168633603,,,simbad,,,,,,,,,-220.35497976528828,-22.066762948657505,221.4571270796965,False,dwarf
283.2710831902175,-30.639098778780834,,,simbad,,,,,,,,,-218.93984083229586,-42.564535625959635,223.0389956862356,False,dwarf
283.2712056846608,-30.697715444710834,,,simbad,,,,,,,,,-218.89196844886916,-69.16393486848116,229.55902016238053,False,dwarf
283.2761958124691,-30.6038046363625,,,simbad,,,,,,,,,-216.9417631551213,-26.548561837399287,218.56018561596932,False,dwarf
283.28426398022043,-30.64604751519694,,,simbad,,,,,,,,,-213.7886207780403,-45.71777218813145,218.62225199650334,False,dwarf
283.22951574202546,-30.798514482955284,,,simbad,,,,,,,,,-235.18492725606617,-114.90508747392414,261.75394769865704,False,dwarf
283.22250555018127,-30.799455525504165,,,simbad,,,,,,,,,-237.92459921837974,-115.33211903678686,264.4042597893275,False,dwarf
283.2156567851392,-30.7720886132336,,,simbad,,,,,,,,,-240.60118353721242,-102.91340818091687,261.68702509471,False,dwarf
283.33118768295,-30.863147135709998,,,simbad,,,,,,,,,-195.45024208700315,-144.23445494049014,242.9081619127863,False,dwarf
283.24473599576,-30.827288372180004,,,simbad,,,,,,,,,-229.23665888590932,-127.96226421888646,262.53340138199343,False,dwarf
283.22915017257833,-30.837160501028606,,,simbad,,,,,,,,,-235.3277964366722,-132.4420941862072,270.0371827881635,False,dwarf
283.2319600501671,-30.761812449666664,,,simbad,,,,,,,,,-234.22966060548964,-98.25023307428759,254.0012641829066,False,dwarf
283.24271171921,-30.78057004890305,,,simbad,,,,,,,,,-230.02777185845824,-106.7621616018457,253.59600741349524,False,dwarf
283.2497094020592,-30.84168143862083,,,simbad,,,,,,,,,-227.29298857018438,-134.49363058900698,264.1034632907684,False,dwarf
283.2021606573312,-30.750196994023064,,,simbad,,,,,,,,,-245.8756416086723,-92.97930650168152,262.86875541610095,False,dwarf
283.20688691705504,-30.766238012952787,,,simbad,,,,,,,,,-244.02855931197604,-100.25848998984132,263.82134594251795,False,dwarf
283.21218101072463,-30.816773667925286,,,simbad,,,,,,,,,-241.9595603010009,-123.19084278181136,271.51503193441545,False,dwarf
283.2132570108896,-30.76726362807778,,,simbad,,,,,,,,,-241.53904577742776,-100.72389937036607,261.6990915907848,False,dwarf
283.2151923563491,-30.820161619461945,,,simbad,,,,,,,,,-240.78268820397753,-124.72824642134216,271.1704969093742,False,dwarf
283.22457299795667,-30.784810529753894,,,simbad,,,,,,,,,-237.1166143829024,-108.68643077243378,260.83908650825526,False,dwarf
283.2890008101242,-30.903843402747498,,,simbad,,,,,,,,,-211.9374075208145,-162.7018351204468,267.18785874025946,False,dwarf
283.2914412313425,-30.91930862829472,,,simbad,,,,,,,,,-210.98365992922817,-169.71973185987332,270.77461502090534,False,dwarf
283.2958569536279,-30.771594708056668,,,simbad,,,,,,,,,-209.25793960553077,-102.68928112113306,233.0964902033642,False,dwarf
283.30445816415124,-30.786992093686667,,,simbad,,,,,,,,,-205.8964773465215,-109.67639308264543,233.28581307770432,False,dwarf
283.30613756186335,-30.758945276080006,,,simbad,,,,,,,,,-205.24014740181673,-96.9491509721383,226.98602595696926,False,dwarf
283.3074973124675,-30.828462517728607,,,simbad,,,,,,,,,-204.70873960461427,-128.4950745676272,241.69537078448533,False,dwarf
283.3152788646342,-30.867428457110275,,,simbad,,,,,,,,,-201.66761023638946,-146.17725696453542,249.0735141923607,False,dwarf
283.31931538159,-30.874627749044997,,,simbad,,,,,,,,,-200.0900881692263,-149.44419201443827,249.73908366616757,False,dwarf
283.31941535057,-30.810553855648333,,,simbad,,,,,,,,,-200.05101902279935,-120.36838150150243,233.4715346190016,False,dwarf
283.32123248863,-30.74540759041834,,,simbad,,,,,,,,,-199.3408584016363,-90.80594408683984,219.04907511743457,False,dwarf
283.3264264357646,-30.878936342138335,,,simbad,,,,,,,,,-197.31099792783579,-151.39936954023025,248.7034358436924,False,dwarf
283.3306121294937,-30.888453509099165,,,simbad,,,,,,,,,-195.67517568397014,-155.71812291237163,250.07380547011527,False,dwarf
283.33112229117415,-30.807774037168333,,,simbad,,,,,,,,,-195.47579802309647,-119.10693988932385,228.90445767298942,False,dwarf
283.3359200771471,-30.83158350967583,,,simbad,,,,,,,,,-193.60076236026205,-129.91133578821646,233.14847276521755,False,dwarf
283.33703188127663,-30.790001910827222,,,simbad,,,,,,,,,-193.1662551928587,-111.0422047762718,222.80837817911626,False,dwarf
283.3391191444682,-30.897292736446943,,,simbad,,,,,,,,,-192.3505262412046,-159.72923704670006,250.0243070439137,False,dwarf
283.3400640159541,-30.82077467822972,,,simbad,,,,,,,,,-191.98125847002024,-125.00644366549629,229.09258949522487,False,dwarf
283.344375391182,-30.773555201125554,,,simbad,,,,,,,,,-190.29631830100837,-103.57892465551343,216.65936949901618,False,dwarf
283.34805981307954,-30.765088570381934,,,simbad,,,,,,,,,-188.85639945221448,-99.73688949681846,213.57478020720276,False,dwarf
283.3511626658783,-30.8883062144575,,,simbad,,,,,,,,,-187.64376518988098,-155.65128272421424,243.79808126465733,False,dwarf
283.35435787753994,-30.962935651352495,,,simbad,,,,,,,,,-186.3950359114705,-189.5170469351166,265.81914997126444,False,dwarf
283.3551348571491,-30.76084476902306,,,simbad,,,,,,,,,-186.09138241699898,-97.81111352747996,210.23086485898148,False,dwarf
283.35611697265153,-30.76779021547778,,,simbad,,,,,,,,,-185.7075592113593,-100.96285715253205,211.3783245099722,False,dwarf
283.3608921719466,-30.752587307451666,,,simbad,,,,,,,,,-183.84135070896107,-94.0639963282599,206.50829919336925,False,dwarf
283.25612298081666,-30.792566976692218,,,simbad,,,,,,,,,-224.78648057576336,-112.20619474301397,251.23533188694861,False,dwarf
283.26502097927244,-30.86184838178028,,,simbad,,,,,,,,,-221.30902982525288,-143.6450991020739,263.84010532562957,False,dwarf
283.27524402208746,-30.77016125424722,,,simbad,,,,,,,,,-217.31373491859776,-102.03880041623026,240.07743787089584,False,dwarf
283.27616497310873,-30.831010045067774,,,simbad,,,,,,,,,-216.95381556863305,-129.65110580380613,252.74170080526517,False,dwarf
283.36799031696,-30.90967391708972,,,simbad,,,,,,,,,-181.06730553161907,-165.34763860171674,245.20442639488508,False,dwarf
283.36884361901747,-30.93660010092862,,,simbad,,,,,,,,,-180.7338242554736,-177.56635323935387,253.36638496993126,False,dwarf
283.37896566575245,-30.928056676085273,,,simbad,,,,,,,,,-176.77799989897727,-173.68947002361512,247.82754739004923,False,dwarf
283.38475427149837,-30.950418195326108,,,simbad,,,,,,,,,-174.5157392910934,-183.83680557263094,253.47921876056466,False,dwarf
283.38590151215703,-31.002512930742498,,,simbad,,,,,,,,,-174.06738307825316,-207.47664662788523,270.824690062896,False,dwarf
283.26947798176,-30.52878923473,,,simbad,,,,,,,,,-219.56717667450377,7.492347615621897,219.69497114318767,False,dwarf
283.28528962758,-30.542539149139998,,,simbad,,,,,,,,,-213.3877847700074,1.2528343792519436,213.39146253548392,False,dwarf
283.1929677617542,-30.592327603732503,,,simbad,,,,,,,,,-249.4683418977005,-21.34044963584003,250.37944883685606,False,dwarf
283.144835372415,-30.620661327315833,,,simbad,,,,,,,,,-268.27909065921466,-34.197885548696185,270.44993226276995,False,dwarf
283.1516002723338,-30.616477200485836,,,simbad,,,,,,,,,-265.6352818951732,-32.29918902157935,267.59174239684575,False,dwarf
283.1541905340496,-30.449452698827223,,,simbad,,,,,,,,,-264.6229747350389,43.49412560000454,268.17355894892023,False,dwarf
283.16263734573874,-30.657338047476383,,,simbad,,,,,,,,,-261.3218535004333,-50.841253215185176,266.2216072098441,False,dwarf
283.16442417509836,-30.37767324320917,,,simbad,,,,,,,,,-260.62353790410685,76.06660933143283,271.49725148670336,False,dwarf
283.173278994515,-30.675491898125287,,,simbad,,,,,,,,,-257.1629620702107,-59.07920932439015,263.86197534908234,False,dwarf
283.19717949324837,-30.33175959084527,,,simbad,,,,,,,,,-247.82234376472474,96.90156387095317,266.0936435724796,False,dwarf
283.33767434935703,-30.882046167651662,,,simbad,,,,,,,,,-192.91517051132774,-152.81056359385238,246.1043099161115,False,dwarf
283.34856749466996,-30.776184111491105,,,simbad,,,,,,,,,-188.65799104200767,-104.77188633759926,215.79848412522517,False,dwarf
284.09847726365126,-30.313273427843896,,,simbad,,,,,,,,,104.41626626757198,105.29031854224446,148.28623617850647,False,dwarf
284.20993913412997,-30.189506609310005,,,simbad,,,,,,,,,147.9769801828605,161.45391923374896,219.0081156029991,False,dwarf
284.09125,-30.01861111111111,,,simbad,,,,,,,,,101.59175988747704,239.0038363643252,259.6992866257047,False,dwarf
284.2976170862099,-30.226676131051946,,,simbad,,,,,,,,,182.2426368673494,144.58692530324768,232.63223693420375,False,dwarf
284.11107806981,-30.11614847034,,,simbad,,,,,,,,,109.34082127301184,194.74278674596368,223.33868492995254,False,dwarf
284.11524999999995,-30.09862222222222,,,simbad,,,,,,,,,110.97126455104001,202.69594586055862,231.08498009252662,False,dwarf
284.17103099676,-30.080300471070004,,,simbad,,,,,,,,,132.7711861864905,211.0100928013272,249.30593082675037,False,dwarf
283.8566356671733,-30.13148205925139,,,simbad,,,,,,,,,9.901500350295148,187.78462481703673,188.04548658997945,False,dwarf
283.8607975520154,-30.136458189748055,,,simbad,,,,,,,,,11.528017778873144,185.52652842646887,185.88434023307983,False,dwarf
283.8809724151513,-30.196806421210834,,,simbad,,,,,,,,,19.412610398474143,158.1413696701597,159.3284100329789,False,dwarf
283.9001270818601,-30.142407144895834,,,simbad,,,,,,,,,26.898497303668236,182.82697821253157,184.79511118944933,False,dwarf
283.91628035712296,-30.151937676312773,,,simbad,,,,,,,,,33.21140233116848,178.5021602425818,181.5654660338003,False,dwarf
283.93330422150166,-30.1415954477586,,,simbad,,,,,,,,,39.86454463667796,183.19531468944805,187.4825465030161,False,dwarf
284.1132064327395,-30.244205372901106,,,simbad,,,,,,,,,110.17261252397196,136.63240767644558,175.5175756949135,False,dwarf
284.04288707784826,-30.129950454019724,,,simbad,,,,,,,,,82.69091597635436,188.47964522450388,205.82119484874084,False,dwarf
284.06587120089125,-30.127348158148337,,,simbad,,,,,,,,,91.67340302927532,189.66052963224,210.6540512863442,False,dwarf
284.06776607277334,-30.22054538420194,,,simbad,,,,,,,,,92.41394301490443,147.36896997485704,173.94812495399978,False,dwarf
284.06832782084086,-30.06528504443777,,,simbad,,,,,,,,,92.63348129070438,217.8238772677543,236.70277430565315,False,dwarf
284.1983338838096,-30.188858414953337,,,simbad,,,,,,,,,143.44150103695128,161.74806050238243,216.18949857940848,False,dwarf
284.2118940648913,-30.298179697641114,,,simbad,,,,,,,,,148.74099194089726,112.13963604184829,186.2771608522104,False,dwarf
284.2979236747987,-30.20213784367139,,,simbad,,,,,,,,,182.3624555797877,155.72204690062043,239.80287966579775,False,dwarf
284.30031430746124,-30.24564639027417,,,simbad,,,,,,,,,183.2967451717544,135.97849473524627,228.2276228264722,False,dwarf
284.30982297868627,-30.119748952285825,,,simbad,,,,,,,,,187.01285459256735,193.10893986601974,268.821261136538,False,dwarf
284.3533907040246,-30.278031532418613,,,simbad,,,,,,,,,204.03967471727347,121.28258339742737,237.3639692419317,False,dwarf
284.2554035382958,-30.12729573051139,,,simbad,,,,,,,,,165.74504647038694,189.68432053921757,251.8959346394764,False,dwarf
284.26861659870747,-30.234696294154453,,,simbad,,,,,,,,,170.90887821003207,140.94749073341828,221.5311260185769,False,dwarf
284.2902759987529,-30.22335017639305,,,simbad,,,,,,,,,179.37364669906725,146.09619565206054,231.3417461551783,False,dwarf
284.3739618730908,-30.22537440145055,,,simbad,,,,,,,,,212.07914872527505,145.17763145863705,257.00994144191617,False,dwarf
284.3909035214074,-30.2704815528461,,,simbad,,,,,,,,,218.70015995001106,124.70865544939235,251.75783742746853,False,dwarf
284.4001443683896,-30.211645742456664,,,simbad,,,,,,,,,222.31160025689462,151.40749929313668,268.9733787031395,False,dwarf
284.4214457974866,-30.252626069609725,,,simbad,,,,,,,,,230.63646915509983,132.81121672163732,266.14281916184217,False,dwarf
284.4267504459971,-30.27778596549223,,,simbad,,,,,,,,,232.7095931318586,121.39401813381023,262.4695456129473,False,dwarf
284.4262666666066,-30.283829261951947,,,simbad,,,,,,,,,232.52052600480312,118.65165719051119,261.04407820826907,False,dwarf
284.0851758538133,-30.27366940928889,,,simbad,,,,,,,,,99.21790645058783,123.26205208319618,158.23313952582174,False,dwarf
284.1725354695875,-30.183284066198617,,,simbad,,,,,,,,,133.35915326573553,164.27761972741496,211.59347840389387,False,dwarf
283.75874999999996,-30.360277777777778,,,simbad,,,,,,,,,-28.3534609726569,83.96042114549273,88.61868351570385,False,dwarf
283.62723111423,-30.2337488625,,,simbad,,,,,,,,,-79.75271107385379,141.37742158042178,162.32088669163286,False,dwarf
283.45895455018956,-30.308218652971675,,,simbad,,,,,,,,,-145.51732845677464,107.58410261839634,180.96859400847006,False,dwarf
283.6948216313851,-30.2669395887751,,,simbad,,,,,,,,,-53.337478954259595,126.31594776007682,137.11529936415755,False,dwarf
283.45806387896994,-30.218566436210004,,,simbad,,,,,,,,,-145.86541407587075,148.26698808766903,207.98994874780422,False,dwarf
283.18162802083,-30.379513166676944,,,simbad,,,,,,,,,-253.90005660112763,75.23167854650126,264.8113369910358,False,dwarf
283.3120316581283,-30.357799813640842,,,simbad,,,,,,,,,-202.93665975995066,85.0848856018267,220.0516431031632,False,dwarf
283.3226951881667,-30.34869255764111,,,simbad,,,,,,,,,-198.7692168547345,89.21762728027561,217.87378590956428,False,dwarf
283.3587202291954,-30.277737466709443,,,simbad,,,,,,,,,-184.6901735074478,121.41602618332547,221.02559038346928,False,dwarf
283.3921458076025,-30.127016663143888,,,simbad,,,,,,,,,-171.62703315109215,189.81095729356045,255.89849162694162,False,dwarf
283.435215296337,-30.118522996041943,,,simbad,,,,,,,,,-154.79493021595914,193.66526116248895,247.9268113813,False,dwarf
283.38360629543456,-30.328104228773608,,,simbad,,,,,,,,,-174.96438290958432,98.56031456203085,200.81501660358498,False,dwarf
283.4764208535821,-30.09762282421806,,,simbad,,,,,,,,,-138.69127536818678,203.14945828903097,245.97758488606425,False,dwarf
283.53556863047083,-30.139414923025555,,,simbad,,,,,,,,,-115.57557331950153,184.1848054257811,217.4436839686642,False,dwarf
283.5441725348454,-30.163003070643324,,,simbad,,,,,,,,,-112.21305826922996,173.4808435759918,206.6092290629132,False,dwarf
283.70567512429454,-30.062525560974724,,,simbad,,,,,,,,,-49.095796147585375,219.07609114195049,224.50997953187172,False,dwarf
283.5884497225312,-30.111220460350005,,,simbad,,,,,,,,,-94.90897125300401,196.9790467432755,218.65145249961878,False,dwarf
283.6635999243029,-29.978633206946945,,,simbad,,,,,,,,,-65.53931842020614,257.14523381282106,265.3659238328003,False,dwarf
283.4085089533167,-30.308466221711665,,,simbad,,,,,,,,,-165.23210808704553,107.47175948781185,197.10867213366126,False,dwarf
283.2589713851387,-30.34596959154277,,,simbad,,,,,,,,,-223.67328800818152,90.45327010001914,241.2706651049355,False,dwarf
283.36916699037874,-30.33734004126944,,,simbad,,,,,,,,,-180.60744662250332,94.36923579615453,203.7758632425602,False,dwarf
283.25046101969,-30.23692639827,,,simbad,,,,,,,,,-226.99924685878133,139.93550158697522,266.66571335447736,False,dwarf
283.42675812223,-30.300813501989992,,,simbad,,,,,,,,,-158.10010121499792,110.94445354057436,193.1432467771246,False,dwarf
283.3002473599299,-30.226947455800005,,,simbad,,,,,,,,,-207.5421130894943,144.46380203815812,252.87055741025404,False,dwarf
283.38631285229,-30.26615216958,,,simbad,,,,,,,,,-173.9066261325881,126.67326725632134,215.15025273099536,False,dwarf
283.28461635809,-30.25699317168999,,,simbad,,,,,,,,,-213.6509070334213,130.82948865978162,250.52557789412154,False,dwarf
283.28226579968,-30.243750191559993,,,simbad,,,,,,,,,-214.56953509876706,136.8389624169426,254.48965996253455,False,dwarf
283.32548898219,-30.228808252880004,,,simbad,,,,,,,,,-197.67736668511878,143.61939910846354,244.3417137941024,False,dwarf
283.39262336168207,-30.2671771083,,,simbad,,,,,,,,,-171.44039895457203,126.20816481864705,212.88567650406546,False,dwarf
283.3570350050433,-30.28302791578028,,,simbad,,,,,,,,,-185.34878049884915,119.01529654825072,220.2698600464408,False,dwarf
283.25259888381953,-30.32180451510973,,,simbad,,,,,,,,,-226.16374241824607,101.41903394158768,247.86258053661845,False,dwarf
283.3881352258904,-30.33883637733722,,,simbad,,,,,,,,,-173.19441939578556,93.69022002757687,196.91156451224248,False,dwarf
283.20917401519455,-30.31494933267139,,,simbad,,,,,,,,,-243.13473232590846,104.52981705530995,264.65256604992084,False,dwarf
283.3763113037713,-30.313080137723617,,,simbad,,,,,,,,,-177.81535825653188,105.37803081651687,206.69501931750935,False,dwarf
283.44058659335,-30.313002929319993,,,simbad,,,,,,,,,-152.6957591583122,105.41306687870677,185.54759371575798,False,dwarf
283.23078406611,-30.33793772303,,,simbad,,,,,,,,,-234.68925010331546,94.09801641653127,252.85070853684064,False,dwarf
283.27311378996,-30.277120938999992,,,simbad,,,,,,,,,-218.1462566758414,121.69579758327798,249.79522903993234,False,dwarf
283.2371919827146,-30.301602669161106,,,simbad,,,,,,,,,-232.18495495012698,110.5863408379748,257.17541112074696,False,dwarf
283.1995766515588,-30.355896445440273,,,simbad,,,,,,,,,-246.8855038667184,85.94860669324689,261.4184672360273,False,dwarf
283.20082278206627,-30.2936902779775,,,simbad,,,,,,,,,-246.39850024562776,114.17687006232802,271.56689522201407,False,dwarf
283.28875138551246,-30.318087079311663,,,simbad,,,,,,,,,-212.03488582537193,103.10595279618929,235.77453278288672,False,dwarf
283.29071573094916,-30.35772845724362,,,simbad,,,,,,,,,-211.26719469268141,85.11726610774728,227.76912991661627,False,dwarf
283.2973376892137,-30.32967525391,,,simbad,,,,,,,,,-208.67924934166996,97.8474059692287,230.48024635684055,False,dwarf
283.2985907515475,-30.290768943547235,,,simbad,,,,,,,,,-208.18953667484118,115.50252957568819,238.08342554505504,False,dwarf
283.3022689791233,-30.343350432247227,,,simbad,,,,,,,,,-206.75203864563466,91.64180688689649,226.15177702954543,False,dwarf
283.31006422242,-30.33730296486583,,,simbad,,,,,,,,,-203.70555860999497,94.38606053441667,224.50987290499424,False,dwarf
283.3130476359479,-30.28751098950138,,,simbad,,,,,,,,,-202.53960273091826,116.98094222513666,233.89491554601813,False,dwarf
283.3130855967629,-30.266266887508607,,,simbad,,,,,,,,,-202.52476716252806,126.62120991162529,238.84976892121978,False,dwarf
283.3166923468721,-30.23245401423861,,,simbad,,,,,,,,,-201.11520343460643,141.96500508277165,246.17349110067582,False,dwarf
283.3248727433971,-30.354674362392778,,,simbad,,,,,,,,,-197.91820062810766,86.50317038894717,215.99632549468777,False,dwarf
283.33561031702163,-30.22660968839528,,,simbad,,,,,,,,,-193.7218205494891,144.6170760244363,241.74830389242868,False,dwarf
283.33715626478664,-30.246554517853333,,,simbad,,,,,,,,,-193.11764453817008,135.5663995118479,235.95057386786956,False,dwarf
283.3450795008288,-30.28148076033111,,,simbad,,,,,,,,,-190.02114331285512,119.71737342058297,224.58914578547186,False,dwarf
283.3631498763896,-30.303104951292774,,,simbad,,,,,,,,,-182.95901115260907,109.90462683119672,213.43155052813802,False,dwarf
283.25952354654953,-30.235307441472223,,,simbad,,,,,,,,,-223.4574963195081,140.67016087776295,264.0480009823189,False,dwarf
283.26420552418955,-30.33744102668777,,,simbad,,,,,,,,,-221.62772002328077,94.32341006694811,240.86459260209952,False,dwarf
283.2692692913637,-30.319300019467505,,,simbad,,,,,,,,,-219.64873553057782,102.55553801311335,242.41123199501473,False,dwarf
283.280258857105,-30.266838657870277,,,simbad,,,,,,,,,-215.35387373383296,126.36174875183647,249.68897148210195,False,dwarf
283.2805252515483,-30.28318085928028,,,simbad,,,,,,,,,-215.2497634037095,118.94589298949421,245.92801000378367,False,dwarf
283.39944443177205,-30.221980373326666,,,simbad,,,,,,,,,-168.77463817458596,146.71779256598217,223.63136887833286,False,dwarf
283.4057967859337,-30.225352816294443,,,simbad,,,,,,,,,-166.29205752941672,145.18742649177253,220.75424618491644,False,dwarf
283.3743712505058,-30.31055619203111,,,simbad,,,,,,,,,-178.57355570032846,106.52336104088621,207.93205919940607,False,dwarf
283.37713998939205,-30.280571540835002,,,simbad,,,,,,,,,-177.49149739634953,120.12996414017407,214.32321370378398,False,dwarf
283.3773499244812,-30.27052244994138,,,simbad,,,,,,,,,-177.4094520984997,124.69009693624633,216.8449537523536,False,dwarf
283.52556116339,-31.044774054410002,,,simbad,,,,,,,,,-119.4866184926259,-226.65413622123685,256.2208997427753,False,dwarf
283.43982993338125,-31.006460243494438,,,simbad,,,,,,,,,-152.99147147939934,-209.2678803351955,259.2285402601681,False,dwarf
283.7719529875101,-30.869187116482788,,,simbad,,,,,,,,,-23.193565850809556,-146.97531127279206,148.79409807048785,False,dwarf
283.6608988966983,-30.879934281360562,,,simbad,,,,,,,,,-66.59491429577704,-151.8522199944603,165.8130855128987,False,dwarf
283.64910589710706,-30.911909987467503,,,simbad,,,,,,,,,-71.2037682401028,-166.36233515207977,180.9596727694963,False,dwarf
283.65453814522994,-30.956159160969996,,,simbad,,,,,,,,,-69.08077671501418,-186.44197314360332,198.82847648470715,False,dwarf
283.7657415055454,-30.876772267392504,,,simbad,,,,,,,,,-25.621091853118784,-150.4173435713072,152.58380515242968,False,dwarf
283.5743601566845,-30.86911409651195,,,simbad,,,,,,,,,-100.41535244329444,-146.94217586111003,177.97540856283607,False,dwarf
283.7381869654204,-30.984826046761658,,,simbad,,,,,,,,,-36.38975591999143,-199.45059327090385,202.74307261169756,False,dwarf
283.5550522956475,-31.04645226241639,,,simbad,,,,,,,,,-107.96110963664472,-227.41568285760127,251.7409263579617,False,dwarf
283.65925623716333,-31.067688924917498,,,simbad,,,,,,,,,-67.23688649447978,-237.05257460985817,246.40357553135047,False,dwarf
283.68230827326835,-30.875198595361937,,,simbad,,,,,,,,,-58.2278581548114,-149.70323385602867,160.62858304875147,False,dwarf
283.62152621824,-30.964228717710004,,,simbad,,,,,,,,,-81.98225684651818,-190.10382183513363,207.0279051576688,False,dwarf
283.47872466168,-30.86507538485,,,simbad,,,,,,,,,-137.79091791825874,-145.10946664407888,200.10770692425956,False,dwarf
283.55333780955,-30.946228607820004,,,simbad,,,,,,,,,-108.63115256778167,-181.9356310692999,211.89927126063708,False,dwarf
283.58231819427,-30.939613610290003,,,simbad,,,,,,,,,-97.30525033304741,-178.93384040964565,203.68021746385082,False,dwarf
283.7611782894154,-31.13311211408472,,,simbad,,,,,,,,,-27.404454643627037,-266.7406761210607,268.14472292371374,False,dwarf
283.74526735097623,-31.021489848713333,,,simbad,,,,,,,,,-33.62265136413198,-216.0880988401561,218.6882464722488,False,dwarf
283.67533348563495,-30.88946682826306,,,simbad,,,,,,,,,-60.953693702111124,-156.17795256274357,167.65114268212238,False,dwarf
283.6279378219629,-30.95855850556111,,,simbad,,,,,,,,,-79.47652072066575,-187.53076118173095,203.67695926457125,False,dwarf
283.76798277610374,-30.869389364882217,,,simbad,,,,,,,,,-24.745174867511366,-147.06708868519192,149.13434297156982,False,dwarf
283.591334835197,-30.88930659637972,,,simbad,,,,,,,,,-93.78143259867143,-156.10524164053797,182.10931763067452,False,dwarf
283.73262667856875,-30.997191013183055,,,simbad,,,,,,,,,-38.5627866056681,-205.06163704565304,208.65608905238648,False,dwarf
283.7196284614479,-30.952457751558885,,,simbad,,,,,,,,,-43.642654859990294,-184.76232683271098,189.84677700678972,False,dwarf
283.684561408942,-30.89383052962444,,,simbad,,,,,,,,,-57.347304131537776,-158.15813742732087,168.23409204330258,False,dwarf
283.768661128985,-30.991007934021113,,,simbad,,,,,,,,,-24.48006595029161,-202.2558447241829,203.7319325830475,False,dwarf
283.71201303452,-30.894639195873605,,,simbad,,,,,,,,,-46.618860376030476,-158.52509853085905,165.23778323064732,False,dwarf
283.6930185013937,-30.873721224155826,,,simbad,,,,,,,,,-54.04216504441543,-149.03282406868735,158.52866697407177,False,dwarf
283.60521954852,-31.040909019,,,simbad,,,,,,,,,-88.35511037510803,-224.90023878735843,241.63348885452191,False,dwarf
283.76729438803,-30.89342358693,,,simbad,,,,,,,,,-25.01420566534824,-157.9734726903108,159.94164110357477,False,dwarf
283.40113356574295,-30.89977749842611,,,simbad,,,,,,,,,-168.1145031763562,-160.85678626598622,232.67443320239173,False,dwarf
283.406101741127,-30.942038639996113,,,simbad,,,,,,,,,-166.17287716870837,-180.03428398323297,245.00156839473908,False,dwarf
283.40863577959783,-30.951494314354722,,,simbad,,,,,,,,,-165.1825427664092,-184.3251328976401,247.5096504229871,False,dwarf
283.4292834530062,-30.86489201407945,,,simbad,,,,,,,,,-157.11316989033347,-145.02625562792937,213.81572200015205,False,dwarf
283.4347662231074,-30.993343812534174,,,simbad,,,,,,,,,-154.97043373477203,-203.31583276964915,255.64264743340323,False,dwarf
283.4365698378637,-30.962142619603334,,,simbad,,,,,,,,,-154.26555819232829,-189.15718054262797,244.08666779491864,False,dwarf
283.4373598289233,-31.01384391116833,,,simbad,,,,,,,,,-153.95681965783743,-212.61848244153958,262.505850210808,False,dwarf
283.45018695519207,-30.96027958918249,,,simbad,,,,,,,,,-148.94381588041756,-188.31176415500695,240.09494123823328,False,dwarf
283.45112274343956,-30.97702594367944,,,simbad,,,,,,,,,-148.5780979540988,-195.91101877063232,245.8791948648865,False,dwarf
283.4793922893729,-31.040548607795554,,,simbad,,,,,,,,,-137.5300005407905,-224.73668937071233,263.4788048364761,False,dwarf
283.4853042287937,-30.989297909764723,,,simbad,,,,,,,,,-135.21953956712096,-201.47986033154487,242.64883679911392,False,dwarf
283.4967464415796,-30.929498814808056,,,simbad,,,,,,,,,-130.74777755933337,-174.3438918171747,217.92378014035924,False,dwarf
283.4968708310163,-30.939007598065277,,,simbad,,,,,,,,,-130.6991645884265,-178.65884078529626,221.36226646576068,False,dwarf
283.5057191075708,-30.910039612341944,,,simbad,,,,,,,,,-127.24114578808988,-165.51358584318243,208.77034339228948,False,dwarf
283.5092279336941,-30.915100148284722,,,simbad,,,,,,,,,-125.8698519969734,-167.8099842102241,209.76989879955522,False,dwarf
283.51739339190453,-30.866911829514724,,,simbad,,,,,,,,,-122.67868727342245,-145.94281879825988,190.65509872518987,False,dwarf
283.51799343724,-30.87353295427583,,,simbad,,,,,,,,,-122.4441819391617,-148.94738990719358,192.8157220013868,False,dwarf
283.5279591324887,-31.06199314513444,,,simbad,,,,,,,,,-118.54946172827063,-234.4679117321049,262.7340413956228,False,dwarf
283.529198341877,-30.95491689312861,,,simbad,,,,,,,,,-118.0651629684194,-185.87824987898372,220.20469224072713,False,dwarf
283.5310201139341,-31.014909127664165,,,simbad,,,,,,,,,-117.35319132235249,-213.1018623541101,243.2779793822917,False,dwarf
283.5316947143729,-30.9712521560325,,,simbad,,,,,,,,,-117.08954890727014,-193.29095704713018,225.9897266238081,False,dwarf
283.5347615563108,-30.973798313110553,,,simbad,,,,,,,,,-115.89098814648855,-194.44636647853898,226.36278530331754,False,dwarf
283.5362644901296,-30.90322214767389,,,simbad,,,,,,,,,-115.30362253139305,-162.4199185106876,199.1862327016613,False,dwarf
283.53771356443417,-31.022672773810836,,,simbad,,,,,,,,,-114.73730589815551,-216.62489322180843,245.13464407979305,False,dwarf
283.54527868583455,-30.85846561956722,,,simbad,,,,,,,,,-111.78076042085131,-142.11005030289493,180.80432737452688,False,dwarf
283.54539364478205,-31.003027173331944,,,simbad,,,,,,,,,-111.73583300483965,-207.71000251272008,235.85661220563563,False,dwarf
283.5489488160229,-30.976333060800275,,,simbad,,,,,,,,,-110.3464269534294,-195.59659849375754,224.57596328128423,False,dwarf
283.5579075175654,-31.067254170535,,,simbad,,,,,,,,,-106.84525266603902,-236.85528932914625,259.83905807338374,False,dwarf
283.5624063323628,-30.908273858194153,,,simbad,,,,,,,,,-105.08705873384838,-164.71231202803048,195.38023351135234,False,dwarf
283.5673809327375,-30.865589800240837,,,simbad,,,,,,,,,-103.14292175826343,-145.34290094369572,178.22183133264062,False,dwarf
283.56948685160665,-31.017739525034994,,,simbad,,,,,,,,,-102.31990193099142,-214.3862559388907,237.55173976770462,False,dwarf
283.5800390270708,-31.08592079807139,,,simbad,,,,,,,,,-98.19597780694134,-245.32593620873456,264.2484910726141,False,dwarf
283.46260980678585,-31.035513761039716,,,simbad,,,,,,,,,-144.08880777796313,-222.4519483869225,265.0404759051207,False,dwarf
283.4664203625029,-30.883027210184732,,,simbad,,,,,,,,,-142.5995942313412,-153.25574657376228,209.33697268477064,False,dwarf
283.6763652127958,-30.97693126241778,,,simbad,,,,,,,,,-60.55048163056683,-195.86805377697834,205.0137929898252,False,dwarf
283.68055032671833,-30.929576735272782,,,simbad,,,,,,,,,-58.9148859824885,-174.379251002442,184.06272564129407,False,dwarf
283.68069681567295,-31.024094708974157,,,simbad,,,,,,,,,-58.857636239443025,-217.2701469309053,225.10117301131902,False,dwarf
283.6890928169558,-30.941724041108614,,,simbad,,,,,,,,,-55.576372356620396,-179.89152353657323,188.28088964265916,False,dwarf
283.6912912318387,-30.928120266226948,,,simbad,,,,,,,,,-54.717203912993654,-173.71832631455985,182.13190083449967,False,dwarf
283.6920891564079,-31.024058078505828,,,simbad,,,,,,,,,-54.40536486224276,-217.25352455165404,223.9621344243484,False,dwarf
283.6957759359008,-30.887370953075,,,simbad,,,,,,,,,-52.964524635270664,-155.2268745714378,164.01409530603485,False,dwarf
283.6976682194808,-30.900595050950276,,,simbad,,,,,,,,,-52.22499619096616,-161.22777983320736,169.47521121713234,False,dwarf
283.70291161260997,-30.85268522191306,,,simbad,,,,,,,,,-50.17581159479544,-139.4869890532644,148.23708100317515,False,dwarf
283.7044840877891,-31.10639994988278,,,simbad,,,,,,,,,-49.56126833328605,-254.61908051397185,259.39775534993447,False,dwarf
283.71204129872666,-31.028113685929437,,,simbad,,,,,,,,,-46.607814365276575,-219.09390082212178,223.99648599333386,False,dwarf
283.7136592810779,-30.879658560857223,,,simbad,,,,,,,,,-45.97548632322244,-151.72710199889772,158.5397704793366,False,dwarf
283.71453542646003,-30.84733260292194,,,simbad,,,,,,,,,-45.63307758583556,-137.058047603271,144.4551355361774,False,dwarf
283.71702549587076,-31.046378473262784,,,simbad,,,,,,,,,-44.65992685039823,-227.38219840185116,231.72650520892452,False,dwarf
283.7177709671895,-31.076644366868333,,,simbad,,,,,,,,,-44.36858719578853,-241.1164252582041,245.1646427587906,False,dwarf
283.6264651570483,-31.007704701081117,,,simbad,,,,,,,,,-80.05205686377253,-209.83259727470792,224.58417283319505,False,dwarf
283.7237485880404,-31.076927094238613,,,simbad,,,,,,,,,-42.03245708543409,-241.24472286912413,244.87903903935788,False,dwarf
283.7242980364041,-31.130204564461106,,,simbad,,,,,,,,,-41.81772569004198,-265.4212719545339,268.69531776316876,False,dwarf
283.7280802206287,-31.068177423770834,,,simbad,,,,,,,,,-40.33960008281012,-237.2742483578152,240.67894022661648,False,dwarf
283.72845027137794,-31.081816063064164,,,simbad,,,,,,,,,-40.19497955247256,-243.4632665479881,246.7589887713118,False,dwarf
283.5846087179075,-31.03423146407417,,,simbad,,,,,,,,,-96.4100846188766,-221.87006048195747,241.9116122770596,False,dwarf
283.5855843806908,-31.083555284420555,,,simbad,,,,,,,,,-96.02878321777732,-244.2525001643281,262.45154037043096,False,dwarf
283.5873818826375,-31.058621105703892,,,simbad,,,,,,,,,-95.32629663896941,-232.9377287772798,251.68847474371637,False,dwarf
283.5884257723679,-31.008200314373333,,,simbad,,,,,,,,,-94.91833128085125,-210.05749945261942,230.50735929559522,False,dwarf
283.5887972504991,-30.986645049410836,,,simbad,,,,,,,,,-94.77315291150795,-200.2760304895006,221.56813602460858,False,dwarf
283.5942482322371,-30.932518812739453,,,simbad,,,,,,,,,-92.6428400518241,-175.714323407137,198.64093048336184,False,dwarf
283.5958420429887,-30.973449397091947,,,simbad,,,,,,,,,-92.01995857776333,-194.28803341176138,214.97793538794392,False,dwarf
283.5978463220458,-30.900847843004716,,,simbad,,,,,,,,,-91.23666087928875,-161.34249322870153,185.35244376499583,False,dwarf
283.59859616741454,-30.87397082954139,,,simbad,,,,,,,,,-90.94361179041785,-149.14609139971512,174.68628196082943,False,dwarf
283.6114979335629,-31.103693593983614,,,simbad,,,,,,,,,-85.90143780054773,-253.39097516352084,267.55568263544956,False,dwarf
283.6156101254792,-31.114408924472784,,,simbad,,,,,,,,,-84.29434099818438,-258.2534378978791,271.6622427029415,False,dwarf
283.61669419404166,-30.968779301075557,,,simbad,,,,,,,,,-83.8706732424738,-192.16881106313411,209.6738938818191,False,dwarf
283.61806051265035,-30.882218416275002,,,simbad,,,,,,,,,-83.33669858571812,-152.88872753969528,174.12629996607063,False,dwarf
283.6233457814858,-30.880994850863058,,,simbad,,,,,,,,,-81.27114843195076,-152.3334911683438,172.65715189062993,False,dwarf
283.6282885074629,-30.93884309165278,,,simbad,,,,,,,,,-79.33946837556357,-178.58419014329007,195.41510742839674,False,dwarf
283.62926246625705,-31.04747739016389,,,simbad,,,,,,,,,-78.958832915072,-227.88087107323497,241.1725289007987,False,dwarf
283.6370208513796,-31.10438863317,,,simbad,,,,,,,,,-75.92675752177928,-253.70637394157436,264.82408630325347,False,dwarf
283.64026047324,-30.85493823545639,,,simbad,,,,,,,,,-74.66067217395852,-140.50937416826704,159.1134821397149,False,dwarf
283.6404816010762,-31.028603040067782,,,simbad,,,,,,,,,-74.57425260850658,-219.31596268610386,231.64803180914328,False,dwarf
283.64269123618163,-31.08418719977832,,,simbad,,,,,,,,,-73.71069915949796,-244.53925425758905,255.40695770366122,False,dwarf
283.64313346191415,-31.052610057351664,,,simbad,,,,,,,,,-73.53787172947101,-230.21000156096383,241.670154129961,False,dwarf
283.64392753824035,-30.944567214919452,,,simbad,,,,,,,,,-73.22753662094695,-181.18171488591918,195.42028023870662,False,dwarf
283.6475120512129,-30.94563255529445,,,simbad,,,,,,,,,-71.82666344831192,-181.6651510130709,195.34916604561926,False,dwarf
283.6486262336283,-30.868927498636104,,,simbad,,,,,,,,,-71.39122681660021,-146.8575004310313,163.29063873728222,False,dwarf
283.65123953299076,-30.922122806886385,,,simbad,,,,,,,,,-70.36991625171285,-170.99676559612885,184.91029976075026,False,dwarf
283.660935805275,-30.97493872241222,,,simbad,,,,,,,,,-66.58048995546166,-194.96386780403506,206.0191044340757,False,dwarf
283.66615055936836,-31.034064770043884,,,simbad,,,,,,,,,-64.54249785804791,-221.79441713048664,230.994583269843,False,dwarf
283.6714244727158,-31.05392031609112,,,simbad,,,,,,,,,-62.48138557314871,-230.8045781164332,239.11226823951378,False,dwarf
283.6716936440283,-30.95508516044223,,,simbad,,,,,,,,,-62.37619000726529,-185.95460716378386,196.13746456314672,False,dwarf
283.8080539037154,-31.106323233324442,,,simbad,,,,,,,,,-9.084869521321103,-254.58426764409415,254.7463133905949,False,dwarf
283.82656049062916,-31.14505866953722,,,simbad,,,,,,,,,-1.852260426960721,-272.1618510209336,272.16815394132755,False,dwarf
283.73074938549576,-30.831583002995004,,,simbad,,,,,,,,,-39.29645656955499,-129.91110586375055,135.7243785237771,False,dwarf
283.73092298257455,-30.918588706888055,,,simbad,,,,,,,,,-39.22861262745982,-169.39304188842397,173.87606703882125,False,dwarf
283.7322519747912,-30.966743689204723,,,simbad,,,,,,,,,-38.70922559853114,-191.24507969772674,195.12325503390883,False,dwarf
283.73303707852705,-31.114445078105,,,simbad,,,,,,,,,-38.40239709221525,-258.2698438957669,261.10928050985086,False,dwarf
283.73392818768116,-30.83875887514361,,,simbad,,,,,,,,,-38.05414032278007,-133.16741335182968,138.49793346661494,False,dwarf
283.73591809617665,-31.043231730886674,,,simbad,,,,,,,,,-37.27645882220165,-225.9542520072979,229.00842426098822,False,dwarf
283.7460306455296,-30.872143830763612,,,simbad,,,,,,,,,-33.324346163181886,-148.31702565306125,152.01464451089706,False,dwarf
283.7469387015058,-30.91282019288861,,,simbad,,,,,,,,,-32.96946636050837,-166.77537327024393,170.00297303731452,False,dwarf
283.7470572951263,-30.924878962308338,,,simbad,,,,,,,,,-32.92311846816592,-172.2474692531828,175.36568191580426,False,dwarf
283.74716083122166,-30.970674958145278,,,simbad,,,,,,,,,-32.88265524778667,-193.02903295437358,195.80979694449772,False,dwarf
283.74997199518833,-31.104772285910002,,,simbad,,,,,,,,,-31.784016683796807,-253.88047003250526,255.86230042833913,False,dwarf
283.75582074763713,-31.022758922516665,,,simbad,,,,,,,,,-29.498249980902525,-216.66398626444905,218.66282193353578,False,dwarf
283.7607576587217,-30.872332335805556,,,simbad,,,,,,,,,-27.568842458342093,-148.40256652766294,150.94158746511948,False,dwarf
283.76387916710127,-30.89665768833778,,,simbad,,,,,,,,,-26.348917358197856,-159.4410613559498,161.6035813101334,False,dwarf
283.7646515311129,-31.09995106542055,,,simbad,,,,,,,,,-26.047067697798976,-251.69266957336123,253.03685433671302,False,dwarf
283.76639972781624,-30.973233806588887,,,simbad,,,,,,,,,-25.363850233986412,-194.19020154478693,195.83962641584327,False,dwarf
283.7674265941396,-31.00177861393055,,,simbad,,,,,,,,,-24.962537839460413,-207.14342422873244,208.64210144788876,False,dwarf
283.7712812671163,-31.015831321314444,,,simbad,,,,,,,,,-23.456082707711815,-213.52034055810765,214.80485015018002,False,dwarf
283.77916373295,-31.04795387916334,,,simbad,,,,,,,,,-20.37551499739714,-228.09709492237263,229.0053412552533,False,dwarf
283.7794330848066,-31.029203084446106,,,simbad,,,,,,,,,-20.27024887260348,-219.5882541876595,220.5218455539982,False,dwarf
283.78626328686755,-31.02108984121,,,simbad,,,,,,,,,-17.600919202428617,-215.90658119304408,216.6228154171184,False,dwarf
283.78788406408256,-31.019141848642786,,,simbad,,,,,,,,,-16.967498892151596,-215.02261020638502,215.6910265139052,False,dwarf
283.7915466243446,-30.972493058790835,,,simbad,,,,,,,,,-15.536123848039813,-193.85406085671053,194.47562329212076,False,dwarf
283.79540097548,-30.994093488012226,,,simbad,,,,,,,,,-14.02979449599467,-203.65602471039935,204.13870660519683,False,dwarf
283.79551093503915,-30.9785722496961,,,simbad,,,,,,,,,-13.986820904398403,-196.61271018271998,197.1095861809008,False,dwarf
283.7978661996779,-31.12008241914417,,,simbad,,,,,,,,,-13.066353585095614,-260.8279881127398,261.1550669218391,False,dwarf
283.79871214630333,-31.004127209771944,,,simbad,,,,,,,,,-12.73574690517792,-208.20918321473857,208.5983298691083,False,dwarf
284.51105325263995,-30.553781986198334,,,simbad,,,,,,,,,265.65620013437217,-3.8490032430111842,265.6840821272481,False,dwarf
284.26043550493,-30.299902167150005,,,simbad,,,,,,,,,167.71160290840726,111.35800417276864,201.3151431051565,False,dwarf
284.0798694857,-30.45703495225001,,,simbad,,,,,,,,,97.14411043119948,40.05340813935065,105.0773700424905,False,dwarf
284.0428878333199,-30.47626817305,,,simbad,,,,,,,,,82.6912112242683,31.325649392555555,88.4258600388024,False,dwarf
284.44077838442,-30.701621713120005,,,simbad,,,,,,,,,238.1918895426258,-70.93654324385513,248.5304194887897,False,dwarf
284.30630108485417,-30.43389370382417,,,simbad,,,,,,,,,185.63645377494885,50.55457356872406,192.3971358384897,False,dwarf
284.34637727020913,-30.333834342015557,,,simbad,,,,,,,,,201.29873575144342,95.96007165484322,223.00115777083332,False,dwarf
284.13833776302954,-30.187231329844167,,,simbad,,,,,,,,,119.99425542636602,162.48640830387774,201.9912231232398,False,dwarf
284.1071604458537,-30.565656668609442,,,simbad,,,,,,,,,107.80976409934318,-9.237563191276443,108.20479568331919,False,dwarf
284.1625584671913,-30.460692203761386,,,simbad,,,,,,,,,129.46001407806233,38.3938000477273,135.03325193150374,False,dwarf
284.2826504424171,-30.466806651967776,,,simbad,,,,,,,,,176.39348248181238,35.619151465979385,179.9538402291483,False,dwarf
284.0765681061692,-30.511553987985273,,,simbad,,,,,,,,,95.85388940180512,15.31345449593724,97.06940816782921,False,dwarf
284.0875417870258,-30.708923711594164,,,simbad,,,,,,,,,100.14254318394333,-74.25008504294706,124.6659700328555,False,dwarf
284.1442796897925,-30.85959836541389,,,simbad,,,,,,,,,122.31643583402541,-142.62407406282617,187.89075809474446,False,dwarf
284.1482707485491,-31.019193480193614,,,simbad,,,,,,,,,123.87619225987824,-215.04603986094085,248.17354868857333,False,dwarf
284.24697931416875,-30.068632486128333,,,simbad,,,,,,,,,162.4527527417718,216.30485641326325,270.5155961887256,False,dwarf
284.24705280235287,-30.46425936955472,,,simbad,,,,,,,,,162.48147285700426,36.7750715582138,166.591220986861,False,dwarf
284.3432661550475,-30.750522010609732,,,simbad,,,,,,,,,200.0828724527963,-93.12679435026672,220.6938052481737,False,dwarf
284.05693709305626,-30.196612889277784,,,simbad,,,,,,,,,88.18184027498404,158.22919167558624,181.14224811620343,False,dwarf
283.5496297658,-30.39755726213,,,simbad,,,,,,,,,-110.08030313637548,67.04352776530142,128.8895176258064,False,dwarf
283.7573969559588,-30.099531009883332,,,simbad,,,,,,,,,-28.882247759886116,202.28355110147288,204.33506620716287,False,dwarf
283.7059227816141,-30.922460611390004,,,simbad,,,,,,,,,-48.99900852325646,-171.1500564173507,178.02596621820223,False,dwarf
283.65364344454,-31.10161349655,,,simbad,,,,,,,,,-69.43043710224403,-252.44705689007074,261.82074426727013,False,dwarf
283.64724583333333,-30.39845,,,simbad,,,,,,,,,-71.93070477510626,66.63841617039412,98.05460111153448,False,dwarf
283.62625026494993,-30.72245093328001,,,simbad,,,,,,,,,-80.13603942373362,-80.38854352664204,113.50816157817468,False,dwarf
283.41831698759,-30.466927298970003,,,simbad,,,,,,,,,-161.3990037867503,35.56440359301938,165.2708843876701,False,dwarf
283.89386734655,-30.06667667739,,,simbad,,,,,,,,,24.45211328140752,217.19237426586724,218.56448312379425,False,dwarf
283.64038366025,-30.170163524130007,,,simbad,,,,,,,,,-74.61252912667466,170.2315328547499,185.865016290739,False,dwarf
283.62704145097996,-30.70751743917,,,simbad,,,,,,,,,-79.82683387963206,-73.61193885942363,108.586559711089,False,dwarf
283.71188139391,-30.186424154709997,,,simbad,,,,,,,,,-46.67030719750809,162.852692760896,169.40813768347894,False,dwarf
283.36460948674,-30.508206146489997,,,simbad,,,,,,,,,-182.3885768989292,16.8326567760515,183.16367357463915,False,dwarf
283.75708526985,-30.17443333929,,,simbad,,,,,,,,,-29.004058647859544,168.29395219692066,170.77496820116198,False,dwarf
283.37545145818,-30.245807275459995,,,simbad,,,,,,,,,-178.15139682875872,135.90548735377772,224.07191186069193,False,dwarf
283.41791040508,-30.287678600800003,,,simbad,,,,,,,,,-161.5579013929322,116.90488263050058,199.41842213130542,False,dwarf
283.85263206551,-30.893741629800004,,,simbad,,,,,,,,,8.336841997305585,-158.11779596665798,158.33742556907296,False,dwarf
283.77429274922,-30.696573117720003,,,simbad,,,,,,,,,-22.279157272872933,-68.6455633232479,72.17045249099831,False,dwarf
283.64177719391,-30.418911470149997,,,simbad,,,,,,,,,-74.06791848238399,57.35329554857893,93.67740954251309,False,dwarf
283.8808916666667,-30.447275,,,simbad,,,,,,,,,19.38105286563553,44.482333980951694,48.521162873260664,False,dwarf
283.45326532354,-30.49421254605,,,simbad,,,,,,,,,-147.74075045226417,23.182751225099942,149.54855164314722,False,dwarf
283.84709638572,-30.8491417939,,,simbad,,,,,,,,,6.173428063701999,-137.87903242674693,138.0171684863649,False,dwarf
283.9080324169099,-30.158183441190005,,,simbad,,,,,,,,,29.988002593949712,175.66792204584124,178.2091443654856,False,dwarf
283.95080494572125,-30.090433293026386,,,simbad,,,,,,,,,46.70404982142952,206.411964054239,211.62978801305601,False,dwarf
283.47458868379,-30.903643718789997,,,simbad,,,,,,,,,-139.40731058109085,-162.61122141488005,214.18871952904493,False,dwarf
283.53690946545373,-30.918106362862503,,,simbad,,,,,,,,,-115.05155798718731,-169.17416111272,204.58924161224036,False,dwarf
283.5034572050399,-30.953052346189995,,,simbad,,,,,,,,,-128.1251260104901,-185.0321453174275,225.0620863583504,False,dwarf
283.7329110529429,-30.866689093737772,,,simbad,,,,,,,,,-38.45164949031657,-145.8417445088458,150.82554090706793,False,dwarf
283.64817114429707,-30.923260528861398,,,simbad,,,,,,,,,-71.56908150429646,-171.51304745147254,185.84633134248224,False,dwarf
284.0302179787154,-30.74695291858111,,,simbad,,,,,,,,,77.73967120968908,-91.50719176290755,120.07090665154526,False,dwarf
284.00975764772704,-30.62374157030056,,,simbad,,,,,,,,,69.74351412953102,-35.59565547666366,78.30203351094676,False,dwarf
283.96496360889506,-30.662626297775557,,,simbad,,,,,,,,,52.23743512429534,-53.240985079327615,74.58788186148035,False,dwarf
283.5211952838462,-30.210895015843334,,,simbad,,,,,,,,,-121.19285964020038,151.74816822394476,194.20405708195685,False,dwarf
283.48861149251667,-30.376385251678887,,,simbad,,,,,,,,,-133.92701892073458,76.65108134790466,154.3108378202837,False,dwarf
283.4279593276575,-30.443305284303605,,,simbad,,,,,,,,,-157.630654885454,46.283733821978146,164.2851404604836,False,dwarf
283.54279776334,-30.257479314869997,,,simbad,,,,,,,,,-112.75033642532695,130.60888388247483,172.54367248047726,False,dwarf
283.34374763313997,-30.24897397433,,,simbad,,,,,,,,,-190.54165411278677,134.46848498955833,233.21212534391077,False,dwarf
283.7933666666667,-30.493597222222224,,,simbad,,,,,,,,,-14.8248282043666,23.46197632087721,27.753195566824125,False,dwarf
283.730532,-30.476138999999993,,,simbad,,,,,,,,,-39.38141358085993,31.38426626326907,50.3574016854574,False,dwarf
283.4246398211195,-30.129529363670002,,,simbad,,,,,,,,,-158.9279601793729,188.6707299638306,246.68753692041483,False,dwarf
283.4558272368225,-31.04541809926528,,,simbad,,,,,,,,,-146.73952221974176,-226.94639450586916,270.2538683543525,False,dwarf
283.4943177802696,-31.035606597330002,,,simbad,,,,,,,,,-131.6969292294641,-222.4940761591234,258.5492121325692,False,dwarf
283.5123635906416,-30.836074356684446,,,simbad,,,,,,,,,-124.64439745687282,-131.9492175173107,181.51259411075986,False,dwarf
283.5306734427946,-30.921770981428338,,,simbad,,,,,,,,,-117.48867480443155,-170.8371122676122,207.33766574175135,False,dwarf
283.4580148798279,-30.845362178492774,,,simbad,,,,,,,,,-145.88456356258635,-136.1638973605528,199.55679099008748,False,dwarf
283.58591709200743,-31.072230311900555,,,simbad,,,,,,,,,-95.89875541171065,-239.1133906518601,257.62722076392504,False,dwarf
283.6310015326542,-30.67885270847222,,,simbad,,,,,,,,,-78.2791836908117,-60.604296682706945,98.99753216977383,False,dwarf
283.6503264553521,-30.948424239730553,,,simbad,,,,,,,,,-70.72675858378737,-182.9319772253255,196.12848510947194,False,dwarf
283.6562719142283,-31.06098112867722,,,simbad,,,,,,,,,-68.4031977814331,-234.00867323127028,243.80126458692803,False,dwarf
283.65821262673205,-30.94278302011194,,,simbad,,,,,,,,,-67.64474269895958,-180.37207296482993,192.6392896592966,False,dwarf
283.8596380018946,-30.829015096729997,,,simbad,,,,,,,,,11.074850871978215,-128.74582696436843,129.22128417012289,False,dwarf
283.86800865795544,-31.13642204461611,,,simbad,,,,,,,,,14.346209520300002,-268.2426749514717,268.62603446561405,False,dwarf
283.87346072058,-30.992962091205,,,simbad,,,,,,,,,16.47694480417769,-203.14261312515168,203.80974210619806,False,dwarf
283.7371395002437,-30.98697770075139,,,simbad,,,,,,,,,-36.799118607909485,-200.42698287950046,203.77720823609926,False,dwarf
283.73969357073037,-31.1059982638875,,,simbad,,,,,,,,,-35.8009554395441,-254.4368011913758,256.9431731159322,False,dwarf
283.55461837049626,-30.803098917177497,,,simbad,,,,,,,,,-108.13069309413808,-116.98543773341186,159.30423544493934,False,dwarf
283.781398,-30.388711999999995,,,simbad,,,,,,,,,-19.502335071750675,71.05738039693654,73.6850892794857,False,dwarf
283.77202700000004,-30.449905000000008,,,simbad,,,,,,,,,-23.16464083017959,43.28887783843571,49.097123432052854,False,dwarf
283.765176352195,-30.442738427648887,,,simbad,,,,,,,,,-25.841960956685707,46.540965212281904,53.23409047760376,False,dwarf
284.0557286725,-30.367652527520004,,,simbad,,,,,,,,,87.709574181513,80.61386586817054,119.12835419543796,False,dwarf
283.54659197895,-30.40227123643,,,simbad,,,,,,,,,-111.26750879996857,64.90439408317728,128.8139700725642,False,dwarf
283.51087099662,-30.46332765931,,,simbad,,,,,,,,,-125.22772214797808,37.19786825578253,130.63561458172788,False,dwarf
283.53056868452995,-30.327419300900008,,,simbad,,,,,,,,,-117.52961566408997,98.87112497188878,153.58616445290752,False,dwarf
283.6451372972208,-30.51161012198056,,,simbad,,,,,,,,,-72.75474745431723,15.287981696896491,74.3436322862027,False,dwarf
283.77335035096996,-30.44254998614999,,,simbad,,,,,,,,,-22.647458472107644,46.62647725196267,51.83566104694366,False,dwarf
283.99932675517,-30.38756061401,,,simbad,,,,,,,,,65.66698890519008,71.5798627855917,97.13820148776944,False,dwarf
283.5307692313979,-30.34256537696139,,,simbad,,,,,,,,,-117.45123940228662,91.99805367514635,149.1926121399728,False,dwarf
283.5964186681583,-30.34666048243778,,,simbad,,,,,,,,,-91.79460614161671,90.13975375687866,128.65234130805882,False,dwarf
283.74549250279995,-30.393103528370002,,,simbad,,,,,,,,,-33.5346591732814,69.06456803640194,76.7755685353286,False,dwarf
283.87805135673,-30.42530616595,,,simbad,,,,,,,,,18.271023686584464,54.45147464286837,57.435123377064905,False,dwarf
283.72636572788997,-30.32543054732,,,simbad,,,,,,,,,-41.00964560943289,99.77359271941988,107.87289204036367,False,dwarf
283.72434792174585,-30.39045709002749,,,simbad,,,,,,,,,-41.7982298652214,70.26548366212593,81.75775323563126,False,dwarf
283.73005393571,-30.485903276388612,,,simbad,,,,,,,,,-39.56824717409477,26.95337818980925,47.87620265093237,False,dwarf
283.71507529539,-30.465902221180002,,,simbad,,,,,,,,,-45.42208995472431,36.029569138658516,57.97668590194201,False,dwarf
283.71482497492,-30.42992897314,,,simbad,,,,,,,,,-45.51991837205305,52.35371128295796,69.37560128530558,False,dwarf
283.53494545199,-30.58301212961,,,simbad,,,,,,,,,-115.81911938062903,-17.113221570468795,117.07660213135824,False,dwarf
283.86088185949416,-30.431763122098335,,,simbad,,,,,,,,,11.560966211794897,51.521400887289516,52.802563281900056,False,dwarf
284.011474663,-30.42389697733,,,simbad,,,,,,,,,70.41454549454161,55.09094415408566,89.40481164339789,False,dwarf
283.7194945833745,-30.349033650900274,,,simbad,,,,,,,,,-43.69497611053825,89.06284406912857,99.20403787640107,False,dwarf
283.60118733921,-30.41958206807,,,simbad,,,,,,,,,-89.93094895958679,57.048987865391034,106.49958965760074,False,dwarf
283.84040824819,-30.4310791039,,,simbad,,,,,,,,,3.559619015639398,51.83179849960595,51.95388554516645,False,dwarf
283.76648902917,-30.490178153629998,,,simbad,,,,,,,,,-25.32895013131718,25.01350043230954,35.59818701327221,False,dwarf
283.64902083333334,-30.42937777777778,,,simbad,,,,,,,,,-71.23701224270674,52.60383580416295,88.55436440164249,False,dwarf
283.80078333333336,-30.439722222222215,,,simbad,,,,,,,,,-11.92630072154311,47.90967581819117,49.371790385855476,False,dwarf
283.8309208333333,-30.40473888888889,,,simbad,,,,,,,,,-0.14818314659243326,63.78460891791127,63.784781045762166,False,dwarf
283.8529083333333,-30.37129722222223,,,simbad,,,,,,,,,8.444810969656926,78.95995587579141,79.41026044674683,False,dwarf
283.61755416666665,-30.412788888888894,,,simbad,,,,,,,,,-83.53458502384649,60.13163479348482,102.92638339144766,False,dwarf
283.64332499999995,-30.445894444444445,,,simbad,,,,,,,,,-73.46301621409522,45.10881021968216,86.20684143794922,False,dwarf
283.80235833333336,-30.392713888888885,,,simbad,,,,,,,,,-11.31077072799766,69.24138082427334,70.15912166577755,False,dwarf
283.6343625,-30.551311111111115,,,simbad,,,,,,,,,-76.96567498688624,-2.7277556953966275,77.01399728179791,False,dwarf
283.81967916666673,-30.41861666666666,,,simbad,,,,,,,,,-4.541569185169157,57.48707312577417,57.66618963683819,False,dwarf
283.647225,-30.402194444444444,,,simbad,,,,,,,,,-71.93884670624188,64.93924118084315,96.91389327938427,False,dwarf
283.8245541666667,-30.378011111111118,,,simbad,,,,,,,,,-2.636357300392254,75.91328974096268,75.95905435898133,False,dwarf
283.84759166666663,-30.351677777777777,,,simbad,,,,,,,,,6.366990144880774,87.862977352954,88.09336724652269,False,dwarf
283.8554291666667,-30.394927777777774,,,simbad,,,,,,,,,9.429984636607683,68.23674991427842,68.88525712451418,False,dwarf
283.75638182347,-30.38535265405,,,simbad,,,,,,,,,-29.278974422940706,72.58180323300101,78.26478457015833,False,dwarf
283.88197290417,-30.337694254279995,,,simbad,,,,,,,,,19.80361420751167,94.20849903067618,96.26746296279379,False,dwarf
283.55139713788,-30.419185761109993,,,simbad,,,,,,,,,-109.38959169193029,57.228826259209775,123.45534142164138,False,dwarf
283.56673136438,-30.35598176102,,,simbad,,,,,,,,,-103.39678131819447,85.90989171123908,134.42992182099695,False,dwarf
284.14580509292,-30.357050758610004,,,simbad,,,,,,,,,122.91258274020954,85.42479599256248,149.682660205649,False,dwarf
283.6607171186,-30.317338157240002,,,simbad,,,,,,,,,-66.66595548414323,103.4458028519647,123.06658258154938,False,dwarf
283.87331205834,-30.276005351249992,,,simbad,,,,,,,,,16.418845713617408,122.2020352459201,123.30010508029858,False,dwarf
283.88189871441,-30.38968656037,,,simbad,,,,,,,,,19.774619907506892,70.61513892931947,73.33166736474399,False,dwarf
283.48944548821,-30.419291487290003,,,simbad,,,,,,,,,-133.601082816782,57.180849240594746,145.32342842670712,False,dwarf
283.66221652386,-30.312176691910004,,,simbad,,,,,,,,,-66.07996887460432,105.78800152210022,124.73036339443797,False,dwarf
283.7279208333333,-30.32762777777778,,,simbad,,,,,,,,,-40.40189066117442,98.77652116567236,106.71979152242574,False,dwarf
283.6613576208,-30.293847304780005,,,simbad,,,,,,,,,-66.41563909364456,114.10561355967008,132.02699785288618,False,dwarf
283.91488685222,-30.27569347018,,,simbad,,,,,,,,,32.666802925497514,122.34356238611777,126.62964609718841,False,dwarf
283.63409021051,-30.567357454490008,,,simbad,,,,,,,,,-77.07208917609614,-10.009355341945358,77.71932915516864,False,dwarf
284.1153530803799,-30.37624102279,,,simbad,,,,,,,,,111.01154967206736,76.71653034158199,134.94069137307972,False,dwarf
283.73799153973,-30.34592568238,,,simbad,,,,,,,,,-36.466130760618235,90.47319544603405,97.5457727780491,False,dwarf
283.71715039974,-30.40635780699001,,,simbad,,,,,,,,,-44.611112832727386,63.049967187109644,77.23632403519692,False,dwarf
283.7367666666666,-30.305297222222222,,,simbad,,,,,,,,,-36.944826702714934,108.90980584001686,115.00550433872202,False,dwarf
283.68463625745244,-30.407998206130827,,,simbad,,,,,,,,,-57.318052383502625,62.305577669701464,84.66016854337789,False,dwarf
283.5096631283733,-30.398620167558885,,,simbad,,,,,,,,,-125.69977239185417,66.56119658164683,142.23510702264957,False,dwarf
283.47442307499875,-30.402884492575552,,,simbad,,,,,,,,,-139.47203259900567,64.62610727183016,153.7172131493679,False,dwarf
283.51389073537,-30.328738061010004,,,simbad,,,,,,,,,-124.0475699109461,98.27269061684075,158.25713671706674,False,dwarf
283.7150302772558,-30.317910432795838,,,simbad,,,,,,,,,-45.43968361306379,103.18611244233544,112.74812037376779,False,dwarf
283.768872905,-30.493178736700006,,,simbad,,,,,,,,,-24.39730119526506,23.651879026977518,33.97998951028768,False,dwarf
283.57753854591,-30.500531249370002,,,simbad,,,,,,,,,-99.1731975864954,20.315414612940952,101.23259944516762,False,dwarf
283.63234058576995,-30.484819113689998,,,simbad,,,,,,,,,-77.75586473481358,27.445355616480647,82.4573953358564,False,dwarf
283.81798690744995,-30.347983673639995,,,simbad,,,,,,,,,-5.202925569171147,89.53930863596482,89.69034633384408,False,dwarf
284.01524478032,-30.29173595155,,,simbad,,,,,,,,,71.88795520224771,115.06371526361181,135.67437736516763,False,dwarf
283.59308174303,-30.355135719129997,,,simbad,,,,,,,,,-93.09871884174152,86.29381334258835,126.94090621694457,False,dwarf
283.789375,-30.488417000000005,,,simbad,,,,,,,,,-16.38482220920467,25.812686598707167,30.573799048700558,False,dwarf
283.65943899999996,-30.413924999999995,,,simbad,,,,,,,,,-67.16546045788415,59.61608392499751,89.80688470864551,False,dwarf
283.67488499999996,-30.495108000000005,,,simbad,,,,,,,,,-61.128967581474335,22.77640711218254,65.2343115125531,False,dwarf
283.67778699999997,-30.435676999999995,,,simbad,,,,,,,,,-59.99482914255931,49.74533943375903,77.93573197978438,False,dwarf
283.745318,-30.464471999999994,,,simbad,,,,,,,,,-33.602857082684466,36.67858292285398,49.74404938631346,False,dwarf
283.764758,-30.426056,,,simbad,,,,,,,,,-26.005458305189325,54.1112107444508,60.03588085381365,False,dwarf
283.773935,-30.485725000000002,,,simbad,,,,,,,,,-22.418970209439323,27.034277448763966,35.12068311449075,False,dwarf
283.804933,-30.484004999999996,,,simbad,,,,,,,,,-10.304558311037367,27.814788690259107,29.662204770875263,False,dwarf
283.76087499999994,-30.452778,,,simbad,,,,,,,,,-27.52298399724286,41.98515179378437,50.202267072908185,False,dwarf
283.767737,-30.471782,,,simbad,,,,,,,,,-24.841227288802358,33.361410146508284,41.5941132875493,False,dwarf
283.75363333333337,-30.44760555555556,,,simbad,,,,,,,,,-30.353119258539202,44.332332628014726,53.72771691561109,False,dwarf
283.68553899999995,-30.553376999999998,,,simbad,,,,,,,,,-56.96524913623408,-3.6652263357719317,57.08304032938026,False,dwarf
284.1650763143999,-30.364106251790005,,,simbad,,,,,,,,,130.44402072954287,82.22311474764243,154.19560027086825,False,dwarf
284.1982617027,-30.297556311789997,,,simbad,,,,,,,,,143.41329174302288,112.42251956776927,182.22567095372392,False,dwarf
284.23434733179,-30.334619809760003,,,simbad,,,,,,,,,157.5160136737846,95.60363769881519,184.25892137133067,False,dwarf
283.6245389999999,-30.553986000000005,,,simbad,,,,,,,,,-80.80482348953117,-3.9415817695371835,80.9008996613773,False,dwarf
283.77055416666667,-30.480383333333332,,,simbad,,,,,,,,,-23.74024279347851,29.458248891577334,37.83368281903608,False,dwarf
283.63975466192,-30.30018477793,,,simbad,,,,,,,,,-74.85834965874182,111.22975946884227,134.07397922463164,False,dwarf
283.7618,-30.490683333333337,,,simbad,,,,,,,,,-27.161482254973155,24.78425715473542,36.76962769731664,False,dwarf
283.79434100000003,-30.462533999999994,,,simbad,,,,,,,,,-14.444046369213764,37.55801942634784,40.23972289598822,False,dwarf
284.02775048501155,-30.29128781893806,,,simbad,,,,,,,,,76.77534334706984,115.26707139227321,138.49531072715737,False,dwarf
284.108338670272,-30.26295194366305,,,simbad,,,,,,,,,108.27022915876258,128.12548371184042,167.7455874188172,False,dwarf
284.1123069462325,-30.27515799621944,,,simbad,,,,,,,,,109.8210817786603,122.58655276154818,164.5847286992175,False,dwarf
284.11259133656586,-30.31857232901667,,,simbad,,,,,,,,,109.93222513109326,102.88575346497475,150.5675011027577,False,dwarf
284.14185468952667,-30.280872758789165,,,simbad,,,,,,,,,121.36871494643523,119.99327576845076,170.67147153930713,False,dwarf
284.0414499378704,-30.26893233661389,,,simbad,,,,,,,,,82.12926342950223,125.41166747540488,149.9109810868907,False,dwarf
284.0693536965162,-30.314807010326668,,,simbad,,,,,,,,,93.03440652740537,104.59440088668815,139.98353294138477,False,dwarf
284.07253890476954,-30.339777062143337,,,simbad,,,,,,,,,94.27922634685724,93.26335080323211,132.61457357171827,False,dwarf
284.1966968311671,-30.25888984296139,,,simbad,,,,,,,,,142.80172008300244,129.96880653842013,193.0912269671656,False,dwarf
284.2070496081345,-30.29965095854333,,,simbad,,,,,,,,,146.84771674328218,111.47199902245886,184.36447184525088,False,dwarf
284.20854713486875,-30.336439776427504,,,simbad,,,,,,,,,147.4329692011036,94.77776302257901,175.26923509565992,False,dwarf
284.2170726417533,-30.29863802000333,,,simbad,,,,,,,,,150.76484551705974,111.93165595118693,187.77309244872592,False,dwarf
284.22301193568785,-30.268174870871665,,,simbad,,,,,,,,,153.08599698195525,125.75539452590023,198.11547573151378,False,dwarf
284.22381453977374,-30.345137844975554,,,simbad,,,,,,,,,153.39966484724349,90.83070471966059,178.2741543104799,False,dwarf
284.2255081247404,-30.286783427126117,,,simbad,,,,,,,,,154.06153935109432,117.31109955814878,193.64103900457332,False,dwarf
284.2320981034583,-30.26692563562611,,,simbad,,,,,,,,,156.6369866893498,126.32227949824015,201.22739350483835,False,dwarf
284.2370884326175,-30.25495911107056,,,simbad,,,,,,,,,158.58727067356233,131.7525160896329,206.17625449027514,False,dwarf
284.23918188378207,-30.3486287524475,,,simbad,,,,,,,,,159.4054179636144,89.24658115869465,182.6883672395976,False,dwarf
284.2417513301758,-30.249359384290837,,,simbad,,,,,,,,,160.409590231659,134.29359149710774,209.20326325246648,False,dwarf
284.2430463723358,-30.282681298564448,,,simbad,,,,,,,,,160.91570914744722,119.17258645142104,200.23978328980294,False,dwarf
284.24443389039624,-30.282311924704718,,,simbad,,,,,,,,,161.4579688190697,119.34020299202008,200.77539626497128,False,dwarf
284.1513072254504,-30.330650913377777,,,simbad,,,,,,,,,125.06288597891184,97.40466574686279,158.51938164979185,False,dwarf
284.15677304817626,-30.372902292391107,,,simbad,,,,,,,,,127.19899888505218,78.23159813730652,149.33106932074293,False,dwarf
284.1577796448,-30.35500574709222,,,simbad,,,,,,,,,127.59238962365859,86.35279278245144,154.06694230497502,False,dwarf
284.1759933381817,-30.367657640649167,,,simbad,,,,,,,,,134.71053220761476,80.61154560375728,156.98773446446526,False,dwarf
284.25705347468335,-30.339255469420827,,,simbad,,,,,,,,,166.38986255545274,93.5000420726495,190.86079804090122,False,dwarf
284.25980803712497,-30.2964693376475,,,simbad,,,,,,,,,167.46638052493822,112.91577278720455,201.97762338995628,False,dwarf
283.6478494781004,-30.26924117688584,,,simbad,,,,,,,,,-71.6947927372856,125.27152020559117,144.33674889044084,False,dwarf
284.13464901036,-30.923088207729997,,,simbad,,,,,,,,,118.55264405693686,-171.43485060251606,208.4337722491194,False,dwarf
284.2914569623599,-30.85851020217,,,simbad,,,,,,,,,179.83518226820323,-142.1302812462937,229.21978454877848,False,dwarf
284.1727117349754,-30.99230594785306,,,simbad,,,,,,,,,133.42804001687892,-202.84486471688345,242.79431831234558,False,dwarf
283.9726152638071,-31.11474510342555,,,simbad,,,,,,,,,55.22779899644442,-258.40599106752427,264.241870265825,False,dwarf
283.60262049356044,-30.841650729081667,,,simbad,,,,,,,,,-89.37085404652521,-134.4796950421814,161.46807093553642,False,dwarf
283.92502104890536,-30.830761767653332,,,simbad,,,,,,,,,36.62737563683635,-129.53844108695645,134.61713251024477,False,dwarf
283.70416491248784,-30.959275742594993,,,simbad,,,,,,,,,-49.686006092745636,-187.85623302345167,194.31588583337629,False,dwarf
284.01432919747,-31.094022902070005,,,simbad,,,,,,,,,71.53013380176623,-249.00255437772122,259.073024702165,False,dwarf
283.5959833803828,-30.96043867425222,,,simbad,,,,,,,,,-91.96472212997608,-188.3839546697028,209.6330710871745,False,dwarf
283.70189563727286,-30.825109092931395,,,simbad,,,,,,,,,-50.57286765365051,-126.97333866546323,136.6742246166704,False,dwarf
283.70915907623294,-31.09524725674278,,,simbad,,,,,,,,,-47.73422350367364,-249.55814890427507,254.08232086870387,False,dwarf
283.71645070434334,-30.819347802197495,,,simbad,,,,,,,,,-44.88456267588052,-124.3589478612126,132.21108833888647,False,dwarf
283.80807545935124,-30.87928547606416,,,simbad,,,,,,,,,-9.07644530520234,-151.55780149016974,151.8293418674797,False,dwarf
283.8108456936996,-31.018199908741398,,,simbad,,,,,,,,,-7.993802555629012,-214.59517143787198,214.74400686340013,False,dwarf
283.8591201602829,-31.041495459444995,,,simbad,,,,,,,,,10.872471796461909,-225.16635701979104,225.42870042771585,False,dwarf
283.86859889828463,-31.119882527218063,,,simbad,,,,,,,,,14.576882933635643,-260.7372800340151,261.14443267203177,False,dwarf
283.73049795737205,-31.05354224727611,,,simbad,,,,,,,,,-39.394717871996185,-230.63301593028675,233.9733571014317,False,dwarf
283.73094921679876,-31.041576755101385,,,simbad,,,,,,,,,-39.21835995960095,-225.20324781845136,228.5926127106903,False,dwarf
283.74076805158245,-30.998587581994723,,,simbad,,,,,,,,,-35.38103468276133,-205.69537986950493,208.71609165295018,False,dwarf
283.7965164318709,-31.066253619508053,,,simbad,,,,,,,,,-13.593859978464172,-236.40125367553023,236.79177723999726,False,dwarf
283.98217840479913,-30.895944734194725,,,simbad,,,,,,,,,58.965195893665395,-159.11753302843601,169.69173121821157,False,dwarf
284.004131708405,-30.852935073315557,,,simbad,,,,,,,,,67.54482562502302,-139.60036802323606,155.08244975153607,False,dwarf
284.01867963124,-30.97309195668194,,,simbad,,,,,,,,,73.23033854486422,-194.1258320988697,207.47896561211687,False,dwarf
284.1061501309599,-31.077437776651664,,,simbad,,,,,,,,,107.41492021358268,-241.47646319715798,264.28932510167476,False,dwarf
284.1208116936992,-30.91354363743472,,,simbad,,,,,,,,,113.14484505060871,-167.10366199166015,201.80532652174782,False,dwarf
284.12872401718874,-30.82252731690582,,,simbad,,,,,,,,,116.2370815118697,-125.80176586838476,171.28089039353145,False,dwarf
284.03117218913667,-31.075167636774722,,,simbad,,,,,,,,,78.11258875537416,-240.44630639848896,252.8161442288491,False,dwarf
284.0511384008217,-30.84639230829028,,,simbad,,,,,,,,,85.91563773928105,-136.63135543447535,161.39895940187878,False,dwarf
284.0711032822555,-30.938234017011947,,,simbad,,,,,,,,,93.71816684412457,-178.30780083859298,201.4367559223453,False,dwarf
284.2166805720171,-30.99754905847278,,,simbad,,,,,,,,,150.6116196870942,-205.22411284425536,254.5600056518729,False,dwarf
284.23926167741126,-30.982636901145277,,,simbad,,,,,,,,,159.43660232682595,-198.45719050180554,254.56882492440502,False,dwarf
284.2774662764229,-30.932357155485,,,simbad,,,,,,,,,174.3674446018343,-175.6409656720399,247.49495865407127,False,dwarf
284.35904313626077,-30.900640427884728,,,simbad,,,,,,,,,206.2487169889296,-161.24837123288316,261.8006311773088,False,dwarf
284.38648919036837,-30.819815037428054,,,simbad,,,,,,,,,216.97498334305635,-124.57097248323024,250.1920673845142,False,dwarf
284.4438451115137,-30.828116266481942,,,simbad,,,,,,,,,239.39040542086354,-128.33795073599808,271.6217881663415,False,dwarf
284.16641036312956,-30.93267531072834,,,simbad,,,,,,,,,130.96538390792333,-175.78533994178613,219.20861643785597,False,dwarf
284.4171435376946,-30.84701851960083,,,simbad,,,,,,,,,228.95509141412268,-136.91552111321647,266.7701141547773,False,dwarf
283.9864583333333,-30.47411111111111,,,simbad,,,,,,,,,60.63784629559103,32.30449305063576,68.70610361988443,False,dwarf
283.65757499999995,-30.594877777777775,,,simbad,,,,,,,,,-67.89393532008606,-22.497681909150693,71.52434651594767,False,dwarf
283.99640000000005,-30.481852777777778,,,simbad,,,,,,,,,64.52317583161627,28.791436154578463,70.65541037486682,False,dwarf
283.765,-30.48211111111111,,,simbad,,,,,,,,,-25.91088163316874,28.67420820648836,38.64691453760734,False,dwarf
283.86046123852,-30.561647930160003,,,simbad,,,,,,,,,11.396582195591892,-7.418455386632328,13.598366301300178,False,dwarf
284.0826414158299,-30.66927038741,,,simbad,,,,,,,,,98.2274159137216,-56.25597731721221,113.19611398366087,False,dwarf
284.17343921707,-30.74876068541,,,simbad,,,,,,,,,133.71234925433058,-92.32753032799246,162.4911234485701,False,dwarf
284.44566935206,-30.54132796701,,,simbad,,,,,,,,,240.1033417838252,1.802451395505722,240.11010717334148,False,dwarf
283.80902331754,-30.48188437283001,,,simbad,,,,,,,,,-8.706010292619851,28.777098774671384,30.065196309061346,False,dwarf
283.8571085587496,-30.69633072065333,,,simbad,,,,,,,,,10.086312381339646,-68.53556702357011,69.27378757290694,False,dwarf
283.83957499999997,-30.42235000000001,,,simbad,,,,,,,,,3.2339750454552822,55.79294019849846,55.886588467966554,False,dwarf
283.756854,-30.475666,,,simbad,,,,,,,,,-29.094441841066722,31.59890685467648,42.953200817328316,False,dwarf
283.730666,-30.499113,,,simbad,,,,,,,,,-39.329044679813386,20.958995762082377,44.565157452675344,False,dwarf
283.81188,-30.565101999999996,,,simbad,,,,,,,,,-7.589582523637579,-8.985862560477065,11.76212093284576,False,dwarf
283.76327698084,-30.726894296960005,,,simbad,,,,,,,,,-26.58425939344113,-82.40487800470775,86.58687410034231,False,dwarf
283.86321843519585,-30.445367522608894,,,simbad,,,,,,,,,12.474129657247778,45.34791976388841,47.032305255195496,False,dwarf
283.776958,-30.478417,,,simbad,,,,,,,,,-21.237543434533887,30.35054265389503,37.04306534993581,False,dwarf
283.7484343444,-30.715674054829993,,,simbad,,,,,,,,,-32.38495013131021,-77.31329363567552,83.82201600894382,False,dwarf
283.7559166666667,-30.426805555555553,,,simbad,,,,,,,,,-29.460763606522406,53.77107322280317,61.312844558146665,False,dwarf
284.1156608448,-30.75834923389,,,simbad,,,,,,,,,111.13182791431221,-96.67867560603294,147.29918361115534,False,dwarf
283.7829979999999,-30.467077,,,simbad,,,,,,,,,-18.877034760898187,35.49647142047463,40.203755106565985,False,dwarf
283.80620700000003,-30.581402000000004,,,simbad,,,,,,,,,-9.806662938458947,-16.38256793043169,19.093432640144965,False,dwarf
283.92563827359,-30.6279535656,,,simbad,,,,,,,,,36.868594878836504,-37.506998314061235,52.593423646600165,False,dwarf
283.710583,-30.442802,,,simbad,,,,,,,,,-47.17773601976296,46.512116994437136,66.25040228749292,False,dwarf
283.758375,-30.476425,,,simbad,,,,,,,,,-28.50001573299835,31.254483580088532,42.297678903684265,False,dwarf
284.03920332982386,-30.645732186767702,,,simbad,,,,,,,,,81.251260485753,-45.5746806859314,93.16017845704405,False,dwarf
283.75786700000003,-30.478862999999993,,,simbad,,,,,,,,,-28.69854858170043,30.148154273835992,41.62352576146373,False,dwarf
283.776933,-30.486704,,,simbad,,,,,,,,,-21.24731375190059,26.590021340962664,34.03641544852445,False,dwarf
283.84323099999995,-30.512567999999998,,,simbad,,,,,,,,,4.662786255856536,14.853310439832068,15.56799302061216,False,dwarf
283.7607791666667,-30.477394444444442,,,simbad,,,,,,,,,-27.56043688041891,30.814563645848338,41.34144426267172,False,dwarf
283.76554166666665,-30.479149999999997,,,simbad,,,,,,,,,-25.699191423742455,30.01791780505103,39.51612113030526,False,dwarf
283.7656375,-30.480377777777775,,,simbad,,,,,,,,,-25.661738540526624,29.46076992272073,39.069960191454456,False,dwarf
283.76244583333335,-30.4811,,,simbad,,,,,,,,,-26.909082389888734,29.133035874286726,39.65895225946214,False,dwarf
283.7644291666667,-30.479180555555555,,,simbad,,,,,,,,,-26.133970546153048,30.004052133770998,39.789792170269536,False,dwarf
283.759775,-30.47872222222222,,,simbad,,,,,,,,,-27.95287796096016,30.212037202965725,41.15981751968438,False,dwarf
283.76378750000003,-30.48049722222222,,,simbad,,,,,,,,,-26.38474202500637,29.406567753172297,39.50823760620119,False,dwarf
283.7652458333333,-30.4807,,,simbad,,,,,,,,,-25.814806845812353,29.314550116495973,39.06081285661058,False,dwarf
283.7627708333333,-30.47999722222222,,,simbad,,,,,,,,,-26.782068264240916,29.633460555930967,39.942723555491014,False,dwarf
283.7668541666667,-30.478169444444443,,,simbad,,,,,,,,,-25.186249762438006,30.46287980157225,39.52637376361443,False,dwarf
283.76402916666666,-30.477213888888887,,,simbad,,,,,,,,,-26.290295623900978,30.896497157956837,40.56813011002284,False,dwarf
283.73449353737,-30.517106770480005,,,simbad,,,,,,,,,-37.83319448765866,12.79368172925266,39.93781287615058,False,dwarf
283.78918600000003,-30.471334000000002,,,simbad,,,,,,,,,-16.458685808414213,33.56470609778195,37.382854813009885,False,dwarf
283.77523611455,-30.47730100736001,,,simbad,,,,,,,,,-21.910478126531242,30.85696404978755,37.84469952454485,False,dwarf
283.75861899999995,-30.519302000000003,,,simbad,,,,,,,,,-28.404657435605927,11.79751817226804,30.75721052142274,False,dwarf
283.676563,-30.479893000000004,,,simbad,,,,,,,,,-60.47318388040432,29.68075510014834,67.36433174869454,False,dwarf
283.77845399952,-30.490755288959996,,,simbad,,,,,,,,,-20.652887831416006,24.751604727120345,32.23637250598549,False,dwarf
283.638068,-30.522431999999995,,,simbad,,,,,,,,,-75.51751854811442,10.377169226999161,76.22716870532831,False,dwarf
283.6027781164199,-30.652174761389993,,,simbad,,,,,,,,,-89.30925303213463,-48.49822831200656,101.62785458013646,False,dwarf
284.09410147493,-30.696613327890006,,,simbad,,,,,,,,,102.7061524876625,-68.66381011959066,123.54461776604508,False,dwarf
284.24959507546,-30.455578575760004,,,simbad,,,,,,,,,163.47502545969002,40.71429082673084,168.4688025320116,False,dwarf
283.76458986754994,-30.489221994079998,,,simbad,,,,,,,,,-26.07116660099729,25.447391872679415,36.4317921746744,False,dwarf
283.76080875648995,-30.451477491959995,,,simbad,,,,,,,,,-27.548872801863116,42.57530362220008,50.710914714445416,False,dwarf
283.89690400000006,-30.523698999999993,,,simbad,,,,,,,,,25.638875997943035,9.802222864808474,27.44878021933349,False,dwarf
283.76671250000004,-30.477147222222218,,,simbad,,,,,,,,,-25.24161489413625,30.926749531660302,39.91995690200494,False,dwarf
283.7601041666667,-30.47922222222222,,,simbad,,,,,,,,,-27.824235449081247,29.985144400207055,40.905952660061324,False,dwarf
283.68196321073,-30.54795074986,,,simbad,,,,,,,,,-58.36271297514002,-1.2028721302994594,58.375107427570775,False,dwarf
283.73281,-30.545395000000006,,,simbad,,,,,,,,,-38.491142263207806,-0.04310963252729394,38.49116640434424,False,dwarf
283.9022118740292,-30.66319543019667,,,simbad,,,,,,,,,27.713260548362268,-53.49924917966287,60.25109520173945,False,dwarf
283.5153439796278,-30.47536884438361,,,simbad,,,,,,,,,-123.47962360706948,31.733751795993026,127.49215053952632,False,dwarf
284.0047776495658,-30.54272441611388,,,simbad,,,,,,,,,67.79726763045159,1.168762893325681,67.80734108380813,False,dwarf
284.11036659278,-30.59708497991,,,simbad,,,,,,,,,109.06276701796946,-23.49927846522459,111.56569023674821,False,dwarf
284.37956068285,-30.711479110630002,,,simbad,,,,,,,,,214.26723465222943,-75.40968834176675,227.1498821072024,False,dwarf
283.90240746666,-30.580483852789996,,,simbad,,,,,,,,,27.78970063139449,-15.965925942784231,32.04962171996727,False,dwarf
284.12933246804494,-30.799107585749727,,,simbad,,,,,,,,,116.47487183032338,-115.17422898463536,163.80323192811392,False,dwarf
283.1590732570879,-30.59338085834222,,,simbad,,,,,,,,,-262.714744588837,-21.818401416675126,263.6191944164101,False,dwarf
283.2314846465813,-30.665489189529445,,,simbad,,,,,,,,,-234.4154543617616,-54.54012414740062,240.6766095524137,False,dwarf
283.2929878256458,-30.790795084539724,,,simbad,,,,,,,,,-210.37923124254579,-111.40213558968037,238.0543147102066,False,dwarf
283.311405575722,-30.813511375915553,,,simbad,,,,,,,,,-203.18134071202905,-121.710461626797,236.84613926122094,False,dwarf
283.31295936493706,-30.79323901016861,,,simbad,,,,,,,,,-202.57410016249167,-112.51115386102728,231.72187164741908,False,dwarf
283.3227172940721,-30.55378363819278,,,simbad,,,,,,,,,-198.76057758627178,-3.8497528943111092,198.79785662772025,False,dwarf
283.32347917685667,-30.47839022660584,,,simbad,,,,,,,,,-198.46282412248453,30.36269203477593,200.77197420524328,False,dwarf
283.3505134669891,-30.697951523568605,,,simbad,,,,,,,,,-187.89748035689234,-69.27106405590622,200.259690002522,False,dwarf
283.39450181239454,-30.579723368400277,,,simbad,,,,,,,,,-170.70627657050704,-15.620829073507148,171.41949469506136,False,dwarf
283.41233341424044,-30.695176175500833,,,simbad,,,,,,,,,-163.73746020912745,-68.0116510524471,177.30070658239188,False,dwarf
283.760012,-30.476201,,,simbad,,,,,,,,,-27.86025535240893,31.356131555725362,41.945212056221465,False,dwarf
283.44696152075545,-30.80651037388167,,,simbad,,,,,,,,,-150.20435660292483,-118.53350767961612,191.3414256906544,False,dwarf
283.3700262588212,-30.65010967329,,,simbad,,,,,,,,,-180.27163360737225,-47.561121058101506,186.44013012163998,False,dwarf
283.3836411815929,-30.72441087350138,,,simbad,,,,,,,,,-174.9507489560487,-81.27793618677592,192.90896161418732,False,dwarf
283.52495752543996,-30.68557433478,,,simbad,,,,,,,,,-119.72252786628741,-63.6544739468512,135.59268318070974,False,dwarf
283.741382,-30.510656000000004,,,simbad,,,,,,,,,-35.141095847529165,15.72094851758199,38.49733548776714,False,dwarf
283.5013833563633,-30.65270568202278,,,simbad,,,,,,,,,-128.93561239939402,-48.73915245283889,137.84011435945575,False,dwarf
283.5316739104983,-30.706978025922503,,,simbad,,,,,,,,,-117.09767932557004,-73.36716089228301,138.1832363234708,False,dwarf
283.7011245768558,-30.76104040356861,,,simbad,,,,,,,,,-50.87420785272775,-97.8998896681933,110.3293860296837,False,dwarf
283.7258105260454,-30.736353240058055,,,simbad,,,,,,,,,-41.226625538189026,-86.69721022602106,96.00021309476844,False,dwarf
283.58485290664294,-30.80734379475972,,,simbad,,,,,,,,,-96.31465256125927,-118.91170207741285,153.02452479567933,False,dwarf
283.64654066467835,-30.770235391453046,,,simbad,,,,,,,,,-72.20629363711697,-102.07244281306815,125.03012606022848,False,dwarf
283.83237221649506,-30.755706641600003,,,simbad,,,,,,,,,0.41903581733228407,-95.47950526357684,95.48042478117493,False,dwarf
283.8385613698091,-30.74614363626944,,,simbad,,,,,,,,,2.8378354995128148,-91.13995109907158,91.18412140643487,False,dwarf
283.8524123986146,-30.778551285858054,,,simbad,,,,,,,,,8.250993386052834,-105.84607599107221,106.1671827570296,False,dwarf
283.8595439504571,-30.79158516809722,,,simbad,,,,,,,,,11.038094376275422,-111.76066413522956,112.30443257239293,False,dwarf
284.1458019013083,-30.793075970036668,,,simbad,,,,,,,,,122.91133541783621,-112.43716859603015,166.5812512141986,False,dwarf
284.2304111336408,-30.55878112452111,,,simbad,,,,,,,,,155.97769746972997,-6.117540253883336,156.09761819680816,False,dwarf
284.2389355985516,-30.56607701523722,,,simbad,,,,,,,,,159.30916656912407,-9.428310440290355,159.58791805994403,False,dwarf
284.25180826202745,-30.4620305212161,,,simbad,,,,,,,,,164.33996686515616,37.786490851162704,168.62812221004427,False,dwarf
284.2908844535246,-30.359936255022507,,,simbad,,,,,,,,,179.61143854776472,84.11539925579304,198.33221939251052,False,dwarf
284.29856690498497,-30.69286829441417,,,simbad,,,,,,,,,182.6138381019341,-66.96436783606963,194.50460258308502,False,dwarf
284.31099066897036,-30.35442109918722,,,simbad,,,,,,,,,187.46920277861793,86.61809758603667,206.51246165758312,False,dwarf
284.31468511608955,-30.784332851924724,,,simbad,,,,,,,,,188.91303961127005,-108.46966744948183,217.83894346918427,False,dwarf
284.26207362138786,-30.58601247142334,,,simbad,,,,,,,,,168.3517996149153,-18.474733496997242,169.36246399768063,False,dwarf
284.2816649635558,-30.64173904439055,,,simbad,,,,,,,,,176.00834483283143,-43.76265015439529,181.3673261624841,False,dwarf
284.45577827815873,-30.787876777692507,,,simbad,,,,,,,,,244.05403842912693,-110.07784994992687,267.7302872727783,False,dwarf
284.40110398376,-30.70667734821555,,,simbad,,,,,,,,,222.68663012531275,-73.23071767696776,234.418585543151,False,dwarf
284.4022037174925,-30.75760450093139,,,simbad,,,,,,,,,223.11642002835524,-96.34072650945913,243.0277195519882,False,dwarf
284.4153774031,-30.432288946439723,,,simbad,,,,,,,,,228.26486359469328,51.28278937013686,233.95463756353655,False,dwarf
284.41639492493545,-30.79314221273028,,,simbad,,,,,,,,,228.662524044717,-112.46722857686197,254.8243069376642,False,dwarf
284.4185313963338,-30.516158808512778,,,simbad,,,,,,,,,229.49748418823683,13.223853224559656,229.87815368763233,False,dwarf
284.44676723494126,-30.51896648147167,,,simbad,,,,,,,,,240.53240835069204,11.949771650812346,240.82906076611815,False,dwarf
284.49727253352086,-30.69585799350611,,,simbad,,,,,,,,,260.27052016583366,-68.32105024882496,269.08829326913514,False,dwarf
284.4593453038633,-30.545759144535555,,,simbad,,,,,,,,,245.44807735542238,-0.20835318108858303,245.44816578764951,False,dwarf
284.46246291993623,-30.34973959562973,,,simbad,,,,,,,,,246.66648129272235,88.74249651261157,262.1442039806027,False,dwarf
284.47929398917165,-30.41344905471083,,,simbad,,,,,,,,,253.24427680882886,59.83206104623551,260.21633166553397,False,dwarf
283.3521186839996,-30.631312636554444,,,simbad,,,,,,,,,-187.27014117206542,-39.03129636110458,191.294401042565,False,dwarf
283.70186399999994,-30.41707400000001,,,simbad,,,,,,,,,-50.5852319015244,58.187113053212784,77.10126984686029,False,dwarf
283.41639860530836,-30.726649574427217,,,simbad,,,,,,,,,-162.148731934973,-82.29382644198257,181.836424125044,False,dwarf
283.4810845937046,-30.606384997949444,,,simbad,,,,,,,,,-136.86862652532443,-27.719492782586563,139.64738166916203,False,dwarf
283.7781049199671,-30.81338306912555,,,simbad,,,,,,,,,-20.78931255200744,-121.65223785240275,123.41581134880015,False,dwarf
284.27765811794245,-30.558361047439163,,,simbad,,,,,,,,,174.4424187029798,-5.926915320888293,174.54307711326365,False,dwarf
284.31085296636746,-30.776325728324444,,,simbad,,,,,,,,,187.41538685336133,-104.836150018067,214.74437263873932,False,dwarf
284.38164882367073,-30.731634405785556,,,simbad,,,,,,,,,215.08330659246838,-84.5558711583334,231.107170209179,False,dwarf
284.3859708988021,-30.31903515426361,,,simbad,,,,,,,,,216.7724284196113,102.67573003004249,239.85952401382286,False,dwarf
284.39632511139666,-30.36882004287722,,,simbad,,,,,,,,,220.81898614121314,80.08406420484349,234.89249025883902,False,dwarf
283.2760385426367,-30.584623073760547,,,simbad,,,,,,,,,-217.00322620207277,-17.844244837279753,217.73565912803704,False,dwarf
283.58944317832453,-30.684507906260002,,,simbad,,,,,,,,,-94.52071611773461,-63.17054403516198,113.68677763534207,False,dwarf
284.1863381067316,-30.393965737881665,,,simbad,,,,,,,,,138.75339907669027,68.67330977106678,154.8177290566173,False,dwarf
283.695791,-30.446725999999995,,,simbad,,,,,,,,,-52.9586373940937,44.73146227838498,69.32186518120872,False,dwarf
283.7176119999999,-30.583000000000006,,,simbad,,,,,,,,,-44.43071359144175,-17.107717328051166,47.610527222676595,False,dwarf
284.46574556437577,-30.55196566098889,,,simbad,,,,,,,,,247.94938041060988,-3.024781008025057,247.96782965971985,False,dwarf
283.41929335351875,-30.595310380194718,,,simbad,,,,,,,,,-161.0174275874925,-22.693990658872785,162.6088226355458,False,dwarf
283.90645,-30.002602777777778,,,simbad,,,,,,,,,29.369573977859318,246.26818759933224,248.01329016627486,False,dwarf
284.45296952243166,-30.584879197021937,,,simbad,,,,,,,,,242.95634103575176,-17.9604698865381,243.6192975279786,False,dwarf
284.0615351766175,-30.292530730049457,,,simbad,,,,,,,,,89.97882970023718,114.7030562209832,145.78402141750075,False,dwarf
283.7412283149,-30.655806362480007,,,simbad,,,,,,,,,-35.20115793551518,-50.14619661164033,61.26795699722956,False,dwarf
283.38933498517997,-30.78850026658,,,simbad,,,,,,,,,-172.72553823529472,-110.36078023227303,204.97222585547615,False,dwarf
283.8197307155316,-30.795874672811383,,,simbad,,,,,,,,,-4.521423234414602,-113.70717962932054,113.79703848219984,False,dwarf
283.8771826863942,-30.733387755348613,,,simbad,,,,,,,,,17.93153629217263,-85.35151595149148,87.21479959854983,False,dwarf
284.20173287567786,-30.632788447036944,,,simbad,,,,,,,,,144.76987020693784,-39.70099791453574,150.1149045069929,False,dwarf
283.69232910856,-30.237451144789993,,,simbad,,,,,,,,,-54.31158851518389,139.6973791696574,149.8836428497576,False,dwarf
283.4004017182799,-30.784945505762778,,,simbad,,,,,,,,,-168.40051845523277,-108.74768094235598,200.46144947678007,False,dwarf
283.5451279357641,-30.6247594029075,,,simbad,,,,,,,,,-111.83967546203131,-36.057533262521034,117.50854740158394,False,dwarf
283.4655798920867,-30.61680417441167,,,simbad,,,,,,,,,-142.92806073919456,-32.447565082502464,146.56491744769662,False,dwarf
283.855497152,-30.30288669654833,,,simbad,,,,,,,,,9.456554167901063,110.00366769256154,110.40938964846221,False,dwarf
283.9855468093858,-30.376889250882225,,,simbad,,,,,,,,,60.281611165737225,76.42237376423778,97.33576863875886,False,dwarf
284.01484461446375,-30.80505312391722,,,simbad,,,,,,,,,71.7315653057887,-117.872228622105,137.98289655446584,False,dwarf
284.4397711155783,-30.364811956255554,,,simbad,,,,,,,,,237.7982360927045,81.90287621942628,251.50761861585087,False,dwarf
283.7999711960812,-30.580606809821948,,,simbad,,,,,,,,,-12.243694269224271,-16.02172207398023,20.164414883008646,False,dwarf
283.76241372456127,-30.464496214602775,,,simbad,,,,,,,,,-26.92163090562205,36.66759468466885,45.48941317029381,False,dwarf
283.72492751119,-30.74877509878,,,simbad,,,,,,,,,-41.57171895294286,-92.33407090782464,101.26099183354692,False,dwarf
284.19274642644,-30.60657029711,,,simbad,,,,,,,,,141.2578517679632,-27.803578874361577,143.96812037504242,False,dwarf
283.73299248162,-30.421265163899992,,,simbad,,,,,,,,,-38.41982612963107,56.28522320503215,68.14770275710967,False,dwarf
284.05982825684,-30.622997101150002,,,simbad,,,,,,,,,89.31174378300618,-35.2578260923877,96.01927868049415,False,dwarf
283.6422088538912,-30.838887346699167,,,simbad,,,,,,,,,-73.89922028211187,-133.22571189445887,152.34889257257322,False,dwarf
284.12710243824165,-30.279326419911943,,,simbad,,,,,,,,,115.60334787449558,120.69498209218854,167.12693601578817,False,dwarf
283.43026017844784,-30.98824083840889,,,simbad,,,,,,,,,-156.73145318886887,-201.00017656626167,254.88393318991874,False,dwarf
284.27786076944744,-30.888683516543615,,,simbad,,,,,,,,,174.5216174836397,-155.82249697982542,233.9624874507312,False,dwarf
284.4963411825496,-30.71975950285,,,simbad,,,,,,,,,259.90653638340575,-79.16721113924896,271.6962549877805,False,dwarf
284.26083325091,-30.75787426959,,,simbad,,,,,,,,,167.86704708651808,-96.46314364355813,193.6090999388846,False,dwarf
284.35622424789,-30.88529109351,,,simbad,,,,,,,,,205.1470596297601,-154.28306423934112,256.68770906651724,False,dwarf
284.20567502729,-30.953290768390005,,,simbad,,,,,,,,,146.31051309989314,-185.1403378798273,235.97396244884862,False,dwarf
284.29586839014,-30.77869622077,,,simbad,,,,,,,,,181.55922424474005,-105.9118453678507,210.1929373161128,False,dwarf
283.77217500000006,-30.469539999999995,,,simbad,,,,,,,,,-23.106800551410867,34.37879747408545,41.42252946751159,False,dwarf
283.750228,-30.485493,,,simbad,,,,,,,,,-31.68396675360214,27.139555709244867,41.718451952805864,False,dwarf
283.798599,-30.474022,,,simbad,,,,,,,,,-12.779965916818785,32.34493039014863,34.77818354627812,False,dwarf
283.71576705608993,-30.4755654223,,,simbad,,,,,,,,,-45.15174109177891,31.6445475671725,55.13671294473473,False,dwarf
283.7226835706,-30.492436484730007,,,simbad,,,,,,,,,-42.448679420807935,23.98870228663119,48.75805802087638,False,dwarf
283.755163,-30.476414,,,simbad,,,,,,,,,-29.755306107153103,31.259475221748765,43.15707395861666,False,dwarf
283.75711433929996,-30.489145063280006,,,simbad,,,,,,,,,-28.99269793781484,25.48230196233603,38.599536875629056,False,dwarf
283.76038602388,-30.50007913036,,,simbad,,,,,,,,,-27.71408207212182,20.52057971166077,34.48426506108152,False,dwarf
283.76137499999993,-30.480944444444443,,,simbad,,,,,,,,,-27.327577650087783,29.203624746258594,39.99560224001965,False,dwarf
283.7631501567979,-30.488803459245833,,,simbad,,,,,,,,,-26.633823839024558,25.637316955829714,36.967994170388344,False,dwarf
283.76270833333336,-30.47672222222223,,,simbad,,,,,,,,,-26.806494057627845,31.11960841400041,41.073326521020455,False,dwarf
283.7669166666667,-30.482888888888887,,,simbad,,,,,,,,,-25.16182396903119,28.321263846640576,37.8841836565016,False,dwarf
283.77017433888,-30.496060261589992,,,simbad,,,,,,,,,-23.888684314167,22.344284509959067,32.709880594767164,False,dwarf
283.7760275371838,-30.47925572351722,,,simbad,,,,,,,,,-21.601180114699478,29.969941994769876,36.943313407402414,False,dwarf
283.78834151526996,-30.482037725519998,,,simbad,,,,,,,,,-16.78872116109316,28.70750953138557,33.256311607265324,False,dwarf
283.79318229701335,-30.46352740486972,,,simbad,,,,,,,,,-14.896882205359187,37.10722659601351,39.98578953938811,False,dwarf
283.80531465847,-30.463775170020003,,,simbad,,,,,,,,,-10.155401336053473,36.99479433726749,38.36335470671244,False,dwarf
283.75879166666664,-30.47908333333334,,,simbad,,,,,,,,,-28.337177110385696,30.048170178748723,41.30239869155799,False,dwarf
283.75285379306,-30.465774855019998,,,simbad,,,,,,,,,-30.657773493092897,36.087366068697776,47.351843315017724,False,dwarf
283.769344,-30.484056,,,simbad,,,,,,,,,-24.213191289049007,27.79164562437564,36.85992673501884,False,dwarf
283.77918300000005,-30.495638000000003,,,simbad,,,,,,,,,-20.36798518965303,22.53590074125933,30.37633359880382,False,dwarf
283.8080833333334,-30.295027777777783,,,simbad,,,,,,,,,-9.073368053011386,113.56993190557586,113.93180170989373,False,dwarf
283.76814583333334,-30.486216666666664,,,simbad,,,,,,,,,-24.68145003228905,26.811166192720393,36.44190730889444,False,dwarf
283.83868333333334,-30.48154444444444,,,simbad,,,,,,,,,2.885500393034366,28.931353382947613,29.074891592011067,False,dwarf
283.74206174407,-30.423476239589995,,,simbad,,,,,,,,,-34.875443236079946,55.28186888419695,65.36345743794905,False,dwarf
283.76083299999993,-30.471139,,,simbad,,,,,,,,,-27.539398130409374,33.653194290858664,43.48512314991735,False,dwarf
283.82157800000004,-30.431079999999998,,,simbad,,,,,,,,,-3.7994810141293502,51.8313918623261,51.97046505817255,False,dwarf
283.79934583333335,-30.491641666666666,,,simbad,,,,,,,,,-12.48809396962141,24.349379282782024,27.36502809154175,False,dwarf
283.77404291206,-30.46579684170999,,,simbad,,,,,,,,,-22.376796806532077,36.07738882526568,42.45349243313475,False,dwarf
283.691586,-30.431715000000004,,,simbad,,,,,,,,,-54.60200477369752,51.54323800281979,75.08717806071962,False,dwarf
283.70061099999987,-30.414106,,,simbad,,,,,,,,,-51.074920207539456,59.53394873039719,78.44066882453313,False,dwarf
283.83489800000007,-30.434858000000002,,,simbad,,,,,,,,,1.4061440741805078,50.116989844676056,50.1367122201757,False,dwarf
283.8061306646016,-30.445123562623,,,simbad,,,,,,,,,-9.836495781196064,45.458625293811174,46.51067901951784,False,dwarf
283.74626,-30.49297100000001,,,simbad,,,,,,,,,-33.23471152463485,23.74614695117372,40.84636514002725,False,dwarf
283.76211394023,-30.45432217688,,,simbad,,,,,,,,,-27.038790427825248,41.28442655326525,49.35078584614238,False,dwarf
283.782417,-30.49375,,,simbad,,,,,,,,,-19.10409693624899,23.392647964479927,30.20235915519986,False,dwarf
283.76248333333336,-30.478661111111112,,,simbad,,,,,,,,,-26.894426913848623,30.23976854552579,40.46917099115469,False,dwarf
283.79062872077,-30.476791917260005,,,simbad,,,,,,,,,-15.89485221717391,31.087981809080567,34.915740575956896,False,dwarf
283.745025,-30.46653888888889,,,simbad,,,,,,,,,-33.717365202124384,35.740658496865585,49.135072870231895,False,dwarf
283.67554399999995,-30.395053999999995,,,simbad,,,,,,,,,-60.87142201592589,68.17947208673769,91.39896297150855,False,dwarf
283.752072,-30.492453000000005,,,simbad,,,,,,,,,-30.963308145277672,23.981207894835155,39.16407516327588,False,dwarf
283.758839,-30.462803000000005,,,simbad,,,,,,,,,-28.31867864283462,37.435951098459874,46.94036636757767,False,dwarf
283.74112199999996,-30.367949,,,simbad,,,,,,,,,-35.242707148055366,80.47933092431504,87.85767532292783,False,dwarf
283.75143333333335,-30.493761111111112,,,simbad,,,,,,,,,-31.21290718603347,23.387605902196018,39.00289328806741,False,dwarf
283.744685,-30.450197,,,simbad,,,,,,,,,-33.85024151820018,43.15637244162862,54.848075017825785,False,dwarf
283.72831199999996,-30.497200000000003,,,simbad,,,,,,,,,-40.24901776225153,21.82708762543961,45.78651750280489,False,dwarf
283.783208,-30.472323999999997,,,simbad,,,,,,,,,-18.79496409504572,33.115458348320416,38.07734571833234,False,dwarf
283.79513546246994,-30.48490058554,,,simbad,,,,,,,,,-14.133560350824409,27.408384863694568,30.837916418376864,False,dwarf
283.8000791666667,-30.439966666666667,,,simbad,,,,,,,,,-12.20149799378336,47.7987504479509,49.331502082115705,False,dwarf
283.775147,-30.471388,,,simbad,,,,,,,,,-21.94530522392476,33.5402016750852,40.08168596474713,False,dwarf
283.70127899999994,-30.40723,,,simbad,,,,,,,,,-50.81385732769843,62.65417855394273,80.66966088182737,False,dwarf
283.77149999999995,-30.477082999999997,,,simbad,,,,,,,,,-23.370599120132866,30.955892651657322,38.787268440751106,False,dwarf
283.80482640009,-30.466535056669994,,,simbad,,,,,,,,,-10.346218909069217,35.74239750263919,37.20971949573189,False,dwarf
283.823173,-30.483141000000003,,,simbad,,,,,,,,,-3.1761347667064492,28.206859453424382,28.3851149774229,False,dwarf
283.72725568558997,-30.461484788709996,,,simbad,,,,,,,,,-40.66183884286674,38.034136406896565,55.677470042214395,False,dwarf
283.78312672168505,-30.436234693776388,,,simbad,,,,,,,,,-18.826728692305196,49.4922660257453,52.95214924454729,False,dwarf
283.681537,-30.415866999999995,,,simbad,,,,,,,,,-58.5292815388664,58.734832279080166,82.91837745824242,False,dwarf
283.65641666666664,-30.405166666666663,,,simbad,,,,,,,,,-68.34662669099897,63.590489519996574,93.35422720708242,False,dwarf
283.758479,-30.449793000000003,,,simbad,,,,,,,,,-28.459371212787868,43.33970182625557,51.848486614519416,False,dwarf
283.72451,-30.462868,,,simbad,,,,,,,,,-41.73488762600991,37.40645503410289,56.04501515187623,False,dwarf
283.716625,-30.487222,,,simbad,,,,,,,,,-44.81644572069576,26.35496039730412,51.99132374328949,False,dwarf
283.74961799999994,-30.492272999999997,,,simbad,,,,,,,,,-31.92236249716275,24.06288930383105,39.97574100687428,False,dwarf
283.75520100000006,-30.45463,,,simbad,,,,,,,,,-29.740455224750146,41.144740852363526,50.76794635184213,False,dwarf
283.761218,-30.464686999999998,,,simbad,,,,,,,,,-27.38893524306954,36.58101901766564,45.698191716082945,False,dwarf
283.76698300000004,-30.487029999999997,,,simbad,,,,,,,,,-25.135900060308472,26.44208723356467,36.48283773377914,False,dwarf
283.671952,-30.454454,,,simbad,,,,,,,,,-62.27522121389145,41.22460711893594,74.68380955300647,False,dwarf
283.74313299999994,-30.454337999999993,,,simbad,,,,,,,,,-34.45678281979054,41.27724624917928,53.7687729096136,False,dwarf
283.769092,-30.444365000000005,,,simbad,,,,,,,,,-24.311676088008323,45.80285009301011,51.85517014581084,False,dwarf
283.74061217689996,-30.432610771489998,,,simbad,,,,,,,,,-35.44195248740002,51.13674979482607,62.21815792594446,False,dwarf
283.77454676657,-30.491631935189996,,,simbad,,,,,,,,,-22.17988406794071,24.353795286813586,32.94016700229848,False,dwarf
283.753472,-30.494953,,,simbad,,,,,,,,,-30.416170373239485,22.846743881041796,38.04099270707656,False,dwarf
283.7935,-30.420500000000008,,,simbad,,,,,,,,,-14.772719845150437,56.63244356870756,58.52748855184329,False,dwarf
283.74379,-30.46102,,,simbad,,,,,,,,,-34.20001887961393,38.24505083310026,51.3061907043621,False,dwarf
283.77482373993,-30.487479968399995,,,simbad,,,,,,,,,-22.07163936285306,26.23789805070742,34.28679860067371,False,dwarf
283.70512299999996,-30.382053,,,simbad,,,,,,,,,-49.31157333075366,74.079138744082,88.99073019938227,False,dwarf
283.737375,-30.485056000000004,,,simbad,,,,,,,,,-36.70708231365074,27.33786001885541,45.76864081870537,False,dwarf
283.748999,-30.398929999999993,,,simbad,,,,,,,,,-32.164275554896626,66.42059907974995,73.79862196602454,False,dwarf
283.803283,-30.457905,,,simbad,,,,,,,,,-10.949399256643149,39.6585929942912,41.142354604084346,False,dwarf
283.77329246146,-30.466510485579995,,,simbad,,,,,,,,,-22.670082427463033,35.75354750959203,42.33495951088914,False,dwarf
283.750808,-30.476826,,,simbad,,,,,,,,,-31.457295390897478,31.072515552274858,44.216090465536894,False,dwarf
283.82676299999997,-30.447986999999994,,,simbad,,,,,,,,,-1.7731171941326085,44.159238629826625,44.19482210565057,False,dwarf
283.7570045551299,-30.473998668079997,,,simbad,,,,,,,,,-29.03560298509745,32.35551807959558,43.473506770299046,False,dwarf
283.81676200000004,-30.484138,,,simbad,,,,,,,,,-5.681634949959814,27.754435204723205,28.33001322339585,False,dwarf
283.7800916666667,-30.457483333333332,,,simbad,,,,,,,,,-20.012866721432303,39.84993925795277,44.59296461631967,False,dwarf
283.825,-30.471666666666664,,,simbad,,,,,,,,,-2.4621199742016837,33.41374675301534,33.504335642450904,False,dwarf
283.7608877304633,-30.478201452342496,,,simbad,,,,,,,,,-27.51800877054742,30.448355078172227,41.040749672275496,False,dwarf
283.71102399999995,-30.49139200000001,,,simbad,,,,,,,,,-47.005387621594096,24.462674422288888,52.98989437003266,False,dwarf
283.62845589170286,-30.168698791025555,,,simbad,,,,,,,,,-79.27405248976866,170.89620765347635,188.38760359559413,False,dwarf
283.7804641595816,-30.189670890888333,,,simbad,,,,,,,,,-19.86729176175477,161.37937061825158,162.59769538062244,False,dwarf
283.7847916666667,-30.49225277777778,,,simbad,,,,,,,,,-18.17604705814277,24.072065857184242,30.163438817423252,False,dwarf
283.810962,-30.390286999999994,,,simbad,,,,,,,,,-7.948348576986533,70.34266806824485,70.79030439304917,False,dwarf
283.73589999999996,-30.474541666666667,,,simbad,,,,,,,,,-37.28353103776915,32.10911313714648,49.20423592637496,False,dwarf
283.7645,-30.479833333333332,,,simbad,,,,,,,,,-26.106287980323813,29.707830974612158,39.54862188910917,False,dwarf
283.85485806,-30.48303611,,,simbad,,,,,,,,,9.206788901477289,28.254457025588486,29.716650277028062,False,dwarf
283.83950806,-30.48158306,,,simbad,,,,,,,,,3.207814043711062,28.913830199687183,29.09122973948287,False,dwarf
283.84384194,-30.48331111,,,simbad,,,,,,,,,4.901549363353847,28.129665984071075,28.553516325258432,False,dwarf
283.66513111,-30.48190889,,,simbad,,,,,,,,,-64.94091161242807,28.765973235841624,71.02677817033764,False,dwarf
283.64975,-30.44245,,,simbad,,,,,,,,,-70.9520446530998,46.67184952757908,84.92616898683498,False,dwarf
283.66702306,-30.40767306,,,simbad,,,,,,,,,-64.2015135353962,62.45312430356065,89.56688604340144,False,dwarf
283.65539611,-30.49206889,,,simbad,,,,,,,,,-68.74547319157378,24.155511483772372,72.86582751452184,False,dwarf
283.81387306,-30.40389306,,,simbad,,,,,,,,,-6.810669375089363,64.16843389241956,64.52885498397286,False,dwarf
283.78503389,-30.48451194,,,simbad,,,,,,,,,-18.081383104610392,27.58474661539423,32.98264181067359,False,dwarf
283.75448611,-30.48620389,,,simbad,,,,,,,,,-30.019843311803754,26.816964060140336,40.2534539371233,False,dwarf
283.77066,-30.48443389,,,simbad,,,,,,,,,-23.69888178332396,27.62016458190586,36.393824878838046,False,dwarf
283.73956306,-30.48279611,,,simbad,,,,,,,,,-35.851960689717814,28.36336557091346,45.71480713955108,False,dwarf
283.72091694,-30.40603611,,,simbad,,,,,,,,,-43.13910108547027,63.19594865051626,76.51607653494206,False,dwarf
283.76940889,-30.46745889,,,simbad,,,,,,,,,-24.187831453310917,35.32317523558426,42.81095536352313,False,dwarf
283.75329611,-30.42254306,,,simbad,,,,,,,,,-30.48491041802925,55.70533234950004,63.501289871651615,False,dwarf
283.70300306,-30.45421,,,simbad,,,,,,,,,-50.14007279390935,41.335330806681505,64.98181647719862,False,dwarf
283.77087389,-30.49424611,,,simbad,,,,,,,,,-23.61529085613123,23.167520387725737,33.08195827237806,False,dwarf
283.78460694,-30.478155,,,simbad,,,,,,,,,-18.24824058446256,30.46943448254047,35.51597840570147,False,dwarf
283.77819806,-30.46740694,,,simbad,,,,,,,,,-20.75291224480587,35.34674939778948,40.98873088582695,False,dwarf
283.75412,-30.46555889,,,simbad,,,,,,,,,-30.162923747315688,36.18536788606952,47.108203298752244,False,dwarf
283.72451806,-30.44865,,,simbad,,,,,,,,,-41.731737675713674,43.85837877336463,60.540030707479005,False,dwarf
283.78179889,-30.46908194,,,simbad,,,,,,,,,-19.345662170740127,34.58665850854836,39.62942835332534,False,dwarf
283.74298111,-30.45631194,,,simbad,,,,,,,,,-34.51614335989952,40.38150069101909,53.12277995831837,False,dwarf
283.67572,-30.45765111,,,simbad,,,,,,,,,-60.80263898169294,39.773804621676454,72.65615212231774,False,dwarf
283.71682694,-30.44957889,,,simbad,,,,,,,,,-44.73752500521908,43.436861862252705,62.35548983075208,False,dwarf
283.70321694,-30.46451,,,simbad,,,,,,,,,-50.056485774851424,36.66133906983959,62.045995443071504,False,dwarf
283.74411,-30.416285,,,simbad,,,,,,,,,-34.07495881743547,58.545149895971036,67.7394818016173,False,dwarf
283.78009,-30.50017694,,,simbad,,,,,,,,,-20.013518075948607,20.4761951049488,28.63241994230056,False,dwarf
283.74716194,-30.50049611,,,simbad,,,,,,,,,-32.882221923129116,20.331360353235127,38.660118111757164,False,dwarf
283.71945194,-30.44319889,,,simbad,,,,,,,,,-43.711641682630066,46.33201402546305,63.69743434586944,False,dwarf
283.68716389,-30.48730694,,,simbad,,,,,,,,,-56.33022149733874,26.31641584797184,62.17433230057744,False,dwarf
283.69549611,-30.44799806,,,simbad,,,,,,,,,-53.07388414950204,44.15421976102718,69.03935328071843,False,dwarf
283.72549389,-30.44947111,,,simbad,,,,,,,,,-41.35037092421705,43.485770874816865,60.00721160116845,False,dwarf
283.80438194,-30.46773889,,,simbad,,,,,,,,,-10.519919554360987,35.196115266038944,36.73465989022529,False,dwarf
283.79592889,-30.48832889,,,simbad,,,,,,,,,-13.823478800035465,25.852669648413816,29.31636222461864,False,dwarf
283.71759786776,-30.486929557860005,,,simbad,,,,,,,,,-44.43623665020809,26.487666430881738,51.73176587539764,False,dwarf
283.760346,-30.483396,,,simbad,,,,,,,,,-27.729723912488417,28.091144124018584,39.47214165027299,False,dwarf
283.72796948606,-30.4127556912,,,simbad,,,,,,,,,-40.38287655796698,60.146699426841145,72.44585682451945,False,dwarf
283.7588219999999,-30.446295000000003,,,simbad,,,,,,,,,-28.325322458694096,44.92704387436031,53.110857305052946,False,dwarf
283.780667,-30.483610999999996,,,simbad,,,,,,,,,-19.7880191513017,27.993580218833138,34.28128112250954,False,dwarf
283.73427742652996,-30.47234709639,,,simbad,,,,,,,,,-37.917653347321554,33.10497753899888,50.33575243527473,False,dwarf
283.749486,-30.434935,,,simbad,,,,,,,,,-31.973949772777804,50.08204835305152,59.418389672806754,False,dwarf
283.7288611691,-30.394213179500003,,,simbad,,,,,,,,,-40.03439550661595,68.56102432646006,79.3937458511286,False,dwarf
283.7554679363138,-30.494986311200833,,,simbad,,,,,,,,,-29.636133124760345,22.83162773760017,37.411009231733786,False,dwarf
283.76929914670876,-30.453949692761938,,,simbad,,,,,,,,,-24.230720524647857,41.45345448432636,48.01579641980031,False,dwarf
283.82773908350373,-30.25486487643306,,,simbad,,,,,,,,,-1.3916513701346676,131.79527841167095,131.8026255624138,False,dwarf
283.67146463501206,-30.19584328366778,,,simbad,,,,,,,,,-62.465689637949055,158.57842762333152,170.43790684420168,False,dwarf
283.76680686441,-30.049739765719995,,,simbad,,,,,,,,,-25.20473608481383,224.87810098365358,226.28618831718256,False,dwarf
283.70954923783165,-29.988943273254446,,,simbad,,,,,,,,,-47.58174339806453,252.46667413053524,256.91135407243706,False,dwarf
283.69011099999994,-30.38771999999999,,,simbad,,,,,,,,,-55.17845349781593,71.5075357176127,90.32158875272451,False,dwarf
283.711253,-30.403411999999996,,,simbad,,,,,,,,,-46.915891514569985,64.38673199581314,79.66650572045674,False,dwarf
283.76307699999995,-30.493353,,,simbad,,,,,,,,,-26.66241444435687,23.572800849870124,35.588780309393684,False,dwarf
283.7552390437134,-30.488696700538334,,,simbad,,,,,,,,,-29.72558725861901,25.685762520557986,39.285734486353626,False,dwarf
283.7322785606,-30.497565880580005,,,simbad,,,,,,,,,-38.698835526978975,21.661056284895565,44.34863279202172,False,dwarf
283.6960802023879,-30.129594803243887,,,simbad,,,,,,,,,-52.84561342965479,188.64103442716961,195.903289223303,False,dwarf
283.70494801267995,-30.091988582753892,,,simbad,,,,,,,,,-49.37996059674351,205.70619596348627,211.5500403363331,False,dwarf
283.71325007917875,-30.02098523304583,,,simbad,,,,,,,,,-46.13540761996131,237.9264940046022,242.35819025892644,False,dwarf
283.67240981694454,-29.99704492806472,,,simbad,,,,,,,,,-62.09630054028685,248.7902597967535,256.42258853409487,False,dwarf
283.7629737084329,-30.124832155818606,,,simbad,,,,,,,,,-26.702782099964146,190.8022552729227,192.6617221689657,False,dwarf
283.77668169296834,-30.196633730489722,,,simbad,,,,,,,,,-21.345527730026582,158.21973423360623,159.6531110095457,False,dwarf
283.760769,-30.500538000000002,,,simbad,,,,,,,,,-27.564410142825174,20.312351274219154,34.24015655351412,False,dwarf
283.76125,-30.427725000000002,,,simbad,,,,,,,,,-27.376429236841748,53.35384256883913,59.96750282128041,False,dwarf
283.72061099999996,-30.498241000000004,,,simbad,,,,,,,,,-43.25866632117732,21.35469681009461,48.2424635330538,False,dwarf
283.77294400000005,-30.462244,,,simbad,,,,,,,,,-22.806265589496665,37.68961725194608,44.05261625303146,False,dwarf
283.8279799999999,-30.542147000000007,,,simbad,,,,,,,,,-1.2974981451685703,1.430786014196661,1.9314890771466062,False,dwarf
283.78840900000006,-30.503220000000002,,,simbad,,,,,,,,,-16.762347271895308,19.095298280218167,25.408791834208074,False,dwarf
283.78057800000005,-30.512523999999996,,,simbad,,,,,,,,,-19.822801481084202,14.873277006475893,24.78220788125704,False,dwarf
283.71751399999994,-30.503012,,,simbad,,,,,,,,,-44.469013235477064,19.189685686166857,48.43281093299161,False,dwarf
283.69728999999995,-30.528543,,,simbad,,,,,,,,,-52.37280916531439,7.604085391673898,52.92195437160562,False,dwarf
283.849308,-30.505388,,,simbad,,,,,,,,,7.037754999249053,18.111491087455136,19.43080299010882,False,dwarf
283.80411684239994,-30.507153448329994,,,simbad,,,,,,,,,-10.623523061706207,17.310356048016118,20.310284802328397,False,dwarf
283.77691666666664,-30.505230555555556,,,simbad,,,,,,,,,-21.25369702590979,18.182937110012176,27.970320684894276,False,dwarf
283.708861,-30.507977999999998,,,simbad,,,,,,,,,-47.850715479371324,16.936186369162385,50.75948562208593,False,dwarf
283.775256,-30.509699000000005,,,simbad,,,,,,,,,-21.90270664024491,16.15522134206282,27.216166790708616,False,dwarf
283.70285299999995,-30.524973,,,simbad,,,,,,,,,-50.1987181468389,9.224100003375257,51.039154817238504,False,dwarf
283.76479900000004,-30.511447999999998,,,simbad,,,,,,,,,-25.989434984708726,15.36155031801334,30.18986517023979,False,dwarf
283.688162,-30.525429000000003,,,simbad,,,,,,,,,-55.94014743903679,9.017173767257525,56.662240674457024,False,dwarf
283.78839200000004,-30.51119000000001,,,simbad,,,,,,,,,-16.768991087695124,15.478627004232415,22.820757131071517,False,dwarf
283.754093,-30.514345000000002,,,simbad,,,,,,,,,-30.17347569005423,14.046933418824015,33.28295319966617,False,dwarf
283.744148,-30.51995299999999,,,simbad,,,,,,,,,-34.06010793503252,11.502103743082248,35.949817010141956,False,dwarf
283.78515400000003,-30.505160999999998,,,simbad,,,,,,,,,-18.034442591902497,18.21450041990813,25.632189628423482,False,dwarf
283.69843215723,-30.551292624509998,,,simbad,,,,,,,,,-51.9264396209176,-2.719366741915641,51.99759693660696,False,dwarf
283.738336,-30.537689,,,simbad,,,,,,,,,-36.331511314409575,3.453762243601277,36.49530364340591,False,dwarf
283.83660889,-30.51018889,,,simbad,,,,,,,,,2.0747816047210472,15.932916311776069,16.067437284935913,False,dwarf
283.86917111,-30.53143111,,,simbad,,,,,,,,,14.800510535850622,6.293502646519844,16.083012394560217,False,dwarf
283.66851806,-30.50752306,,,simbad,,,,,,,,,-63.617248557400345,17.142631592536482,65.88644877310877,False,dwarf
283.701935,-30.53293611,,,simbad,,,,,,,,,-50.557484200207746,5.610555310213039,50.86784386568017,False,dwarf
283.76022306,-30.525335,,,simbad,,,,,,,,,-27.7777704251611,9.059829614177506,29.217889082390645,False,dwarf
283.71606389,-30.53273194,,,simbad,,,,,,,,,-45.03573463161229,5.703204717290689,45.39541758653983,False,dwarf
283.80117806,-30.50806611,,,simbad,,,,,,,,,-11.772036529430517,16.896203319458625,20.592778604713136,False,dwarf
283.81906111,-30.53094306,,,simbad,,,,,,,,,-4.78311357634091,6.514972711293643,8.082267312646715,False,dwarf
283.71420306,-30.52043694,,,simbad,,,,,,,,,-45.76297061758394,11.282498737142266,47.13326062876902,False,dwarf
283.733215,-30.503881110000002,,,simbad,,,,,,,,,-38.3328631220104,18.795296078554678,42.69275758031235,False,dwarf
283.76904306,-30.50342611,,,simbad,,,,,,,,,-24.3308024612867,19.0017685290651,30.871591401194785,False,dwarf
283.82437111,-30.52025806,,,simbad,,,,,,,,,-2.707898169510652,11.3636719062582,11.68185566121757,False,dwarf
283.83099389,-30.52113889,,,simbad,,,,,,,,,-0.11963167385968716,10.963963931349907,10.964616583598907,False,dwarf
283.75903306,-30.53173389,,,simbad,,,,,,,,,-28.242837531386606,6.156105440878967,28.9059769947933,False,dwarf
283.7208333333333,-30.578333333333333,,,simbad,,,,,,,,,-43.17177563213888,-14.990051168961571,45.70015147983458,False,dwarf
283.7812005724788,-30.510672359569725,,,simbad,,,,,,,,,-19.579492253260547,15.713524780329946,25.10520619149608,False,dwarf
283.3483302430983,-30.369141946751107,,,simbad,,,,,,,,,-188.75071196797182,79.93798886051296,204.98027546932352,False,dwarf
283.3748568831721,-30.28766332557195,,,simbad,,,,,,,,,-178.38376428957253,116.9118143091128,213.2818315918312,False,dwarf
283.2254445895792,-30.428402058771663,,,simbad,,,,,,,,,-236.77598531256325,53.04660304416875,242.64543951053517,False,dwarf
283.34815255301874,-30.114916633005834,,,simbad,,,,,,,,,-188.820155506721,195.30177679654946,271.6538885152788,False,dwarf
283.34923829892205,-30.179129650353328,,,simbad,,,,,,,,,-188.3958322249027,166.16283383734398,251.20325823637415,False,dwarf
283.2744335936587,-30.42119979841667,,,simbad,,,,,,,,,-217.63046063638902,56.31488512046201,224.79854021531747,False,dwarf
283.40338137688127,-30.104264858769724,,,simbad,,,,,,,,,-167.23603004908733,200.1353986181278,260.8104053265823,False,dwarf
283.4385110060425,-30.16160426149639,,,simbad,,,,,,,,,-153.50692502625418,174.1156030317379,232.12199217248192,False,dwarf
283.44908865037,-30.13331601548555,,,simbad,,,,,,,,,-149.37304734709778,186.95240187682316,239.2979478417471,False,dwarf
283.3725741787408,-30.232474179328886,,,simbad,,,,,,,,,-179.27587415867723,141.95585445507098,228.67291853087275,False,dwarf
283.4776759664429,-30.158696303379998,,,simbad,,,,,,,,,-138.20076132939155,175.4351925664075,223.3314962624751,False,dwarf
283.50416324829575,-30.060384705286943,,,simbad,,,,,,,,,-127.8491953433709,220.04758063655828,254.492346631387,False,dwarf
283.90782479950207,-30.067184436711116,,,simbad,,,,,,,,,29.90686307540925,216.96196039487714,219.01349893876292,False,dwarf
283.811476,-30.385937000000002,,,simbad,,,,,,,,,-7.747470852109286,72.31663545224731,72.73045488471467,False,dwarf
284.340092795,-30.183299546089994,,,simbad,,,,,,,,,198.8426830625801,164.2705951755319,257.92099768504534,False,dwarf
283.65172083333334,-30.389236111111114,,,simbad,,,,,,,,,-70.18181796803752,70.8195463190191,99.7040406108521,False,dwarf
283.78162224391997,-29.98934737851,,,simbad,,,,,,,,,-19.414697701224988,252.28329698245068,253.02923234908127,False,dwarf
284.02028593918,-30.077441509519996,,,simbad,,,,,,,,,73.85810407880527,212.3074483994518,224.78761572649307,False,dwarf
283.6089416666666,-30.40444444444445,,,simbad,,,,,,,,,-86.90045935366277,63.918223568421915,107.87598963634291,False,dwarf
284.14097916114,-30.42592258121,,,simbad,,,,,,,,,121.02654733870116,54.17175427085863,132.59714974881308,False,dwarf
284.36828941121416,-30.275265457413614,,,simbad,,,,,,,,,209.86227861584592,122.53778841848106,243.01787089909124,False,dwarf
284.36751207730333,-30.195420805592224,,,simbad,,,,,,,,,209.55848665578029,158.77014209266616,262.9119954463589,False,dwarf
283.7024368779529,-30.20275982208,,,simbad,,,,,,,,,-50.361343925214584,155.43980205184926,163.39460524714954,False,dwarf
284.093150166245,-30.178807288519728,,,simbad,,,,,,,,,102.33436897732585,166.30911699720176,195.27172214731044,False,dwarf
283.9505871084408,-30.047732467905554,,,simbad,,,,,,,,,46.61891624692323,225.78898383783553,230.55148790359172,False,dwarf
283.811295,-30.43165,,,simbad,,,,,,,,,-7.818207949811603,51.57273406717966,52.16197153780262,False,dwarf
283.9528951728017,-30.27043463363056,,,simbad,,,,,,,,,47.52093709846437,124.72994671402704,133.4758370267826,False,dwarf
283.78627300000005,-30.413933000000004,,,simbad,,,,,,,,,-17.597123186953887,59.612453640150555,62.15547742118895,False,dwarf
283.5377716751904,-30.088942517232223,,,simbad,,,,,,,,,-114.71459547693576,207.08845665068543,236.73839421057124,False,dwarf
283.60942302087244,-30.16907552904556,,,simbad,,,,,,,,,-86.7123400195741,170.7252493629474,191.48404811291934,False,dwarf
283.8104331255017,-30.057136529171114,,,simbad,,,,,,,,,-8.155039444639991,221.5215562021109,221.6716141740945,False,dwarf
283.8959708759842,-30.200223135168333,,,simbad,,,,,,,,,25.274199287164915,156.59091405807123,158.61746283164908,False,dwarf
284.11518303849914,-30.260551369995547,,,simbad,,,,,,,,,110.9450951465086,129.21482948714134,170.30938405284326,False,dwarf
284.1497581688975,-30.257350963878057,,,simbad,,,,,,,,,124.45749501382448,130.66712771507173,180.45377893084702,False,dwarf
284.06348266896373,-30.160508189884997,,,simbad,,,,,,,,,90.73993443123145,174.61298455160534,196.78269759967046,False,dwarf
284.0670980181567,-30.024738512214157,,,simbad,,,,,,,,,92.15285879022787,236.22330994452324,253.56182982530703,False,dwarf
284.22936494841247,-30.33360453570222,,,simbad,,,,,,,,,155.5688350018874,96.06435445189199,182.8387886092642,False,dwarf
284.1274762357,-30.895059657010002,,,simbad,,,,,,,,,115.74943266632674,-158.71589774223628,196.43998411397948,False,dwarf
284.1621972433,-30.951965477209995,,,simbad,,,,,,,,,129.31884319585913,-184.5389398192192,225.33970692072137,False,dwarf
284.19163804868117,-30.842175614720556,,,simbad,,,,,,,,,140.8246836697028,-134.71788058965316,194.88586116298922,False,dwarf
284.13489086376666,-30.71306838593056,,,simbad,,,,,,,,,118.64716343841819,-76.13087859636458,140.97184140046238,False,dwarf
284.0455489731104,-30.898936112338614,,,simbad,,,,,,,,,83.73121843573776,-160.47497737079541,181.0058985306571,False,dwarf
284.08865096859455,-30.965259427331944,,,simbad,,,,,,,,,100.5760254213087,-190.57154302503966,215.48329378513841,False,dwarf
284.0299571859412,-30.942468446851116,,,simbad,,,,,,,,,77.63775008295362,-180.2293241471873,196.24023420413835,False,dwarf
284.16919747504755,-30.907178096408604,,,simbad,,,,,,,,,132.05462262594628,-164.21507110266953,210.72496988761415,False,dwarf
284.08235270941,-30.73506512511999,,,simbad,,,,,,,,,98.11458577987806,-86.11268220887513,130.5444980838479,False,dwarf
284.25782518917,-30.70077733854,,,simbad,,,,,,,,,166.69145837322063,-70.55337821378372,181.0077939536537,False,dwarf
284.13203506017,-30.6903265615,,,simbad,,,,,,,,,117.53107914036484,-65.81096602654756,134.70203344139279,False,dwarf
284.19055272057,-30.715915672870004,,,simbad,,,,,,,,,140.40052366636695,-77.42293642426534,160.3328354715462,False,dwarf
284.01352546873,-30.75912851541,,,simbad,,,,,,,,,71.21602640739515,-97.03230234245508,120.36191305864334,False,dwarf
284.2366439073,-30.977794605430002,,,simbad,,,,,,,,,158.41354453654455,-196.25982640854934,252.21572225883483,False,dwarf
284.13631987975,-30.81095124289,,,simbad,,,,,,,,,119.2056410250751,-120.54871011158697,169.53458750876322,False,dwarf
284.06157924132,-30.728282343990003,,,simbad,,,,,,,,,89.99605074533676,-83.03475376670244,122.45023267782766,False,dwarf
284.07325342862,-30.719286679749995,,,simbad,,,,,,,,,94.55847133800818,-78.95265082251046,123.18614197093022,False,dwarf
284.06507644324,-30.761239150449995,,,simbad,,,,,,,,,91.36280165027665,-97.99007814210836,133.9746876827272,False,dwarf
283.98255473875463,-30.727960890932774,,,simbad,,,,,,,,,59.11227198077876,-82.88888299648356,101.80779745743595,False,dwarf
284.00391359792,-30.69835003711,,,simbad,,,,,,,,,67.45958527872712,-69.45190376459509,96.82129198944018,False,dwarf
284.08975004561,-30.79003614567999,,,simbad,,,,,,,,,101.00555867096645,-111.0577400596655,150.11976721802588,False,dwarf
284.20541058423004,-30.818525881591942,,,simbad,,,,,,,,,146.2071653951232,-123.98597212153217,191.70043426084948,False,dwarf
284.32956394943335,-30.71434922452722,,,simbad,,,,,,,,,194.72787655864087,-76.71210471452162,209.29331790281555,False,dwarf
284.05271883180285,-30.78121631899889,,,simbad,,,,,,,,,86.53329022919579,-107.05542966861347,137.65491396757938,False,dwarf
284.0812276189746,-30.772116931332498,,,simbad,,,,,,,,,97.6748861554785,-102.92625852657244,141.89502485909966,False,dwarf
284.15597535652205,-30.68486746274083,,,simbad,,,,,,,,,126.88725086042861,-63.333705590532304,141.8151356334914,False,dwarf
284.2393269261213,-30.773646308471946,,,simbad,,,,,,,,,159.46210235099755,-103.62026785786193,190.17182230061076,False,dwarf
284.0290310860329,-30.71978468587833,,,simbad,,,,,,,,,77.27581848256762,-79.17863883500864,110.63818947323513,False,dwarf
284.29283251610036,-30.75700805980167,,,simbad,,,,,,,,,180.37276613168098,-96.07007011025348,204.3619170319732,False,dwarf
284.25906139958454,-30.73155951473472,,,simbad,,,,,,,,,167.17458509607587,-84.5218866774824,187.32669652125477,False,dwarf
283.99556892641044,-30.750628756861385,,,simbad,,,,,,,,,64.19838172289313,-93.17523426271079,113.15059211400236,False,dwarf
284.09,-30.729999999999997,,,simbad,,,,,,,,,101.1032440195794,-83.81420133927087,131.32663970962804,False,dwarf
284.04255893745,-31.096506254949993,,,simbad,,,,,,,,,82.56267454319732,-250.12946416808245,263.40338660073826,False,dwarf
284.10145138294,-30.778132430030006,,,simbad,,,,,,,,,105.57858984001321,-105.65600524551644,149.36542463718416,False,dwarf
284.18462267368,-31.01122527955,,,simbad,,,,,,,,,138.0829860638593,-211.43018510698641,252.52650200461437,False,dwarf
283.99931218410256,-30.807707966217784,,,simbad,,,,,,,,,65.66129434706984,-119.07695784302219,135.98061429660268,False,dwarf
284.0208822996783,-30.813027023001386,,,simbad,,,,,,,,,74.09116933192229,-121.49066924635643,142.30068196217178,False,dwarf
284.023706173185,-30.874455357918617,,,simbad,,,,,,,,,75.19477494548977,-149.36596340276643,167.22573128062385,False,dwarf
284.11189664845415,-30.73055028847917,,,simbad,,,,,,,,,109.66073219843899,-84.0639143300015,138.17459201596935,False,dwarf
284.11375623564544,-30.91166368698,,,simbad,,,,,,,,,110.38748247898877,-166.25056753621914,199.56113723409177,False,dwarf
284.11651155519246,-30.85007997437389,,,simbad,,,,,,,,,111.46429633485326,-138.30476522117686,177.630226707925,False,dwarf
284.117606568085,-31.08533399336028,,,simbad,,,,,,,,,111.89224127371074,-245.0596526775819,269.3958185045035,False,dwarf
284.1191181240592,-30.996871752888335,,,simbad,,,,,,,,,112.48297653659145,-204.91676131949532,233.759062027983,False,dwarf
284.12292695889914,-30.938567496981392,,,simbad,,,,,,,,,113.97151754258782,-178.45912924845697,211.7478869388733,False,dwarf
284.1278672860179,-30.911138824094433,,,simbad,,,,,,,,,115.90226009467672,-166.012392313879,202.46838838898125,False,dwarf
284.12930952576335,-31.014393683320556,,,simbad,,,,,,,,,116.46590569545809,-212.86796113053396,242.64598918039806,False,dwarf
284.1307954782375,-30.733116893455545,,,simbad,,,,,,,,,117.04663478548254,-85.2286027233342,144.7889133766051,False,dwarf
284.1336933875746,-30.709138203537222,,,simbad,,,,,,,,,118.17917454141902,-74.347418399207,139.62039936169043,False,dwarf
284.1384769672029,-30.759446957234722,,,simbad,,,,,,,,,120.04865818443548,-97.1768066587091,154.45067848432248,False,dwarf
284.1399126655116,-30.732217044356116,,,simbad,,,,,,,,,120.60974730866107,-84.8202641548732,147.4489347440718,False,dwarf
284.1408641631962,-30.859228872197782,,,simbad,,,,,,,,,120.98160468244141,-142.45640336001864,186.89669748235482,False,dwarf
284.1412257714616,-30.827668533488335,,,simbad,,,,,,,,,121.12292578292396,-128.13477594838307,176.3215357168773,False,dwarf
284.14251134984954,-30.706597391784996,,,simbad,,,,,,,,,121.62534613645629,-73.1944345997142,141.95122429618084,False,dwarf
284.14537237031664,-30.751365160650288,,,simbad,,,,,,,,,122.74346925369258,-93.50940370196304,154.3047887303854,False,dwarf
284.0373416244279,-30.999970475771384,,,simbad,,,,,,,,,80.52368238394244,-206.32291715931416,221.47959176817906,False,dwarf
284.0477696097825,-30.8128831771375,,,simbad,,,,,,,,,84.59907143666344,-121.42539406391163,147.99030107247538,False,dwarf
284.0520967227967,-31.110632525112223,,,simbad,,,,,,,,,86.29016213235408,-256.5397622273673,270.6633364246109,False,dwarf
284.0582429580275,-31.03834678449334,,,simbad,,,,,,,,,88.69218888280314,-223.73753365027162,240.6756911961182,False,dwarf
284.06351811639286,-31.043009232349167,,,simbad,,,,,,,,,90.75378773650286,-225.8532853737285,243.40492292192667,False,dwarf
284.06476290037415,-30.963110014534443,,,simbad,,,,,,,,,91.2402651180833,-189.59617043721732,210.40792243467567,False,dwarf
284.0647988175874,-30.83668451555972,,,simbad,,,,,,,,,91.25430202096804,-132.22609883199144,160.65829841518183,False,dwarf
284.066157778565,-31.06652537568139,,,simbad,,,,,,,,,91.78540122209486,-236.52457271520055,253.7093482227431,False,dwarf
284.06849844226326,-31.07974748489056,,,simbad,,,,,,,,,92.70016230849357,-242.52457554891626,259.6372273715829,False,dwarf
284.0711086249271,-30.947532081621112,,,simbad,,,,,,,,,93.72025482800026,-182.5271287174146,205.18196529629242,False,dwarf
284.0712816413379,-31.018453754876386,,,simbad,,,,,,,,,93.78787183768348,-214.7103631599452,234.30045871085548,False,dwarf
284.0720040962916,-31.01913482691083,,,simbad,,,,,,,,,94.07021640464974,-215.01942384549744,234.69673675888063,False,dwarf
284.07214171998044,-30.768006494668327,,,simbad,,,,,,,,,94.12400148929778,-101.06100153597608,138.10377868766622,False,dwarf
284.07375049502417,-30.986088048408057,,,simbad,,,,,,,,,94.75273119868227,-200.0232714521799,221.33094946717728,False,dwarf
284.07514788659626,-30.862119883831397,,,simbad,,,,,,,,,95.29884956398291,-143.76830282474052,172.48534901644527,False,dwarf
284.07563398965914,-30.777031007379442,,,simbad,,,,,,,,,95.48882481170446,-105.15619550109933,142.04203996066028,False,dwarf
284.07984912091706,-30.826051816805837,,,simbad,,,,,,,,,97.13615161551208,-127.40113318966296,160.2076174489902,False,dwarf
284.07999459743917,-31.083367389304723,,,simbad,,,,,,,,,97.19300568706966,-244.1672360654157,262.80053181512244,False,dwarf
284.08671391678047,-30.94942608798555,,,simbad,,,,,,,,,99.81900098281592,-183.38660154235708,208.79290836247924,False,dwarf
284.0976151663046,-30.949097887075837,,,simbad,,,,,,,,,104.07934768074475,-183.23766869380975,210.73337144835824,False,dwarf
284.0988728346396,-31.052428521473058,,,simbad,,,,,,,,,104.57086043132276,-230.12762319236612,252.7722053698049,False,dwarf
284.0992073760383,-30.807953200795275,,,simbad,,,,,,,,,104.701603456688,-119.188241764264,158.645084201365,False,dwarf
284.18568351799036,-30.86409490220417,,,simbad,,,,,,,,,138.4975774870447,-144.66453773293853,200.27333184242167,False,dwarf
284.1859084577312,-30.89767097523778,,,simbad,,,,,,,,,138.5854867932266,-159.90087636542992,211.5992141104217,False,dwarf
284.1923391839796,-30.777747853556953,,,simbad,,,,,,,,,141.0986962447716,-105.4814899778238,176.16806410333305,False,dwarf
284.1997180291221,-30.972385562983888,,,simbad,,,,,,,,,143.9824425958533,-193.80528080686466,241.43618337874682,False,dwarf
284.200652279975,-30.83928903335083,,,simbad,,,,,,,,,144.34755968883073,-133.40799151491245,196.55510725535345,False,dwarf
284.2024684491029,-31.0485568903364,,,simbad,,,,,,,,,145.0573416390624,-228.37073271267337,270.54541933493346,False,dwarf
284.2027850081241,-30.755027944703613,,,simbad,,,,,,,,,145.18105692304334,-95.17152238148508,173.59480971993796,False,dwarf
284.21150831023084,-30.77161904517222,,,simbad,,,,,,,,,148.59023412269826,-102.70032495385051,180.62783401863837,False,dwarf
284.211715318885,-30.682169231223337,,,simbad,,,,,,,,,148.67113573258973,-62.1092869675377,161.12315205343418,False,dwarf
284.2123621658425,-30.775917264704162,,,simbad,,,,,,,,,148.92393173483998,-104.65079510680565,182.01682988078298,False,dwarf
284.2157157961675,-30.74007716930555,,,simbad,,,,,,,,,150.23457303790337,-88.38707571450487,174.30634552202264,False,dwarf
284.21807761648574,-30.734442215358897,,,simbad,,,,,,,,,151.15760239996087,-85.83001472575359,173.8258099107487,False,dwarf
284.2263065794342,-30.978618331308326,,,simbad,,,,,,,,,154.3735855812785,-196.63362135502572,249.99196981585618,False,dwarf
284.234620817037,-30.885619840855,,,simbad,,,,,,,,,157.62289518001432,-154.43224505235565,220.6678395164112,False,dwarf
284.2365527378067,-30.745772110174716,,,simbad,,,,,,,,,158.3779143412228,-90.97135790521006,182.64542619565793,False,dwarf
284.23908505465,-31.010629344428054,,,simbad,,,,,,,,,159.3675759096277,-211.15975832682344,264.5495563934164,False,dwarf
284.2391657855729,-30.824968909731943,,,simbad,,,,,,,,,159.3991265791112,-126.90972554741565,203.75023924575862,False,dwarf
284.2397986576404,-30.870958996990833,,,simbad,,,,,,,,,159.64646101696428,-147.77936514204205,217.54478453188918,False,dwarf
284.2471373036292,-30.878367322898885,,,simbad,,,,,,,,,162.51449702849166,-151.14115680010622,221.93379874029534,False,dwarf
284.1577004887233,-31.04698954043167,,,simbad,,,,,,,,,127.56145442406377,-227.65949188709666,260.9612402274972,False,dwarf
284.15941191095413,-30.901053776526943,,,simbad,,,,,,,,,128.23029995720267,-161.43594289678242,206.16637331555154,False,dwarf
284.16947810741334,-30.875894888289718,,,simbad,,,,,,,,,132.16429731694,-150.01920156387948,199.9328945500075,False,dwarf
284.16999626813083,-30.830086285963056,,,simbad,,,,,,,,,132.36680110303956,-129.2319172191172,184.99150916293536,False,dwarf
284.1770144276692,-30.987612346851947,,,simbad,,,,,,,,,135.10958694134973,-200.71497614453148,241.9526857304171,False,dwarf
284.17734677116044,-30.761041025739722,,,simbad,,,,,,,,,135.23947099662118,-97.90017200048817,166.95555753903824,False,dwarf
284.18082354574005,-30.809711388429438,,,simbad,,,,,,,,,136.5982386375924,-119.98608200444782,181.8123721688673,False,dwarf
284.1818392060525,-30.83172945906638,,,simbad,,,,,,,,,136.99517158080374,-129.97756552078133,188.84343932253208,False,dwarf
284.29322358063786,-30.794480775695007,,,simbad,,,,,,,,,180.52559911724043,-113.074649182336,213.014948358905,False,dwarf
284.2979814889462,-30.732352363026944,,,simbad,,,,,,,,,182.3850500825392,-84.88166981985313,201.1695910544556,False,dwarf
284.29954926814037,-30.934917743935284,,,simbad,,,,,,,,,182.99775809348998,-176.80292385243467,254.45520892686258,False,dwarf
284.3015691009996,-30.941624338413334,,,simbad,,,,,,,,,183.78713441528322,-179.846279888624,257.14275250599354,False,dwarf
284.30558891232334,-30.769469977375834,,,simbad,,,,,,,,,185.35812770936582,-101.72510892256793,211.4370669802953,False,dwarf
284.3070910241955,-30.80382831210278,,,simbad,,,,,,,,,185.94517209726658,-117.31642665124386,219.86075363397345,False,dwarf
284.3074480514333,-30.940589450409718,,,simbad,,,,,,,,,186.08470287402497,-179.37666260926034,258.4637377516439,False,dwarf
284.3097355314925,-30.698462112213885,,,simbad,,,,,,,,,186.9786791191529,-69.50276183347538,199.47847088752195,False,dwarf
284.3112046290958,-30.651638994639168,,,simbad,,,,,,,,,187.55282111171863,-48.25510507256725,193.6610850752645,False,dwarf
284.31418373192747,-30.89604256297389,,,simbad,,,,,,,,,188.7170923160032,-159.16192632022597,246.8737728519818,False,dwarf
284.3150042599267,-30.64658564290499,,,simbad,,,,,,,,,189.0377650741469,-45.96196679597586,194.54505651900473,False,dwarf
284.3176298326291,-30.68586689460528,,,simbad,,,,,,,,,190.06387221609623,-63.78723338431547,200.48213552484341,False,dwarf
284.3177645646871,-30.71581285270722,,,simbad,,,,,,,,,190.11652721467897,-77.37627811443826,205.259305111882,False,dwarf
284.3190899715021,-30.742497674617507,,,simbad,,,,,,,,,190.6345130231147,-89.48546618315167,210.59241727463993,False,dwarf
284.32684281619834,-30.848997187079995,,,simbad,,,,,,,,,193.6644231474738,-137.81341193336982,237.69401612527074,False,dwarf
284.3288503770758,-30.841856141056944,,,simbad,,,,,,,,,194.44900342301622,-134.57290803976397,236.47469740012977,False,dwarf
284.3329804311717,-30.797179529245835,,,simbad,,,,,,,,,196.06308099188118,-114.29930469654259,226.94726872589158,False,dwarf
284.3399037361204,-30.941431537544712,,,simbad,,,,,,,,,198.76879645247595,-179.75878962971282,267.9967479136737,False,dwarf
284.3420974607725,-30.839452394013055,,,simbad,,,,,,,,,199.626131894342,-133.48212223193823,240.14176956672765,False,dwarf
284.25451031375127,-30.86066955829167,,,simbad,,,,,,,,,165.39596297951826,-143.11016597149572,218.71521248946362,False,dwarf
284.2554343193679,-30.874366672621388,,,simbad,,,,,,,,,165.75707610412275,-149.32571929146388,223.09992989801904,False,dwarf
284.25584251051407,-30.884644340208055,,,simbad,,,,,,,,,165.91660238573797,-153.98957690059746,226.3649900961986,False,dwarf
284.2571023073629,-30.82077541654361,,,simbad,,,,,,,,,166.4089469865313,-125.00677870171106,208.13128635201568,False,dwarf
284.26019425834073,-30.901225733134165,,,simbad,,,,,,,,,167.61732067885578,-161.51397432991322,232.77098207337238,False,dwarf
284.26066279041873,-30.764935549226394,,,simbad,,,,,,,,,167.8004289626378,-99.66745069909334,195.16809341924068,False,dwarf
284.2648386727625,-30.844565803964723,,,simbad,,,,,,,,,169.43241679255559,-135.8025140631205,217.13973999715094,False,dwarf
284.26541501316996,-31.015043573194173,,,simbad,,,,,,,,,169.6576579400453,-213.16287180035442,272.4373887921329,False,dwarf
284.27338515497917,-30.785293363211395,,,simbad,,,,,,,,,172.772490534577,-108.90553364531041,204.23209528399383,False,dwarf
284.2794198991379,-30.955856951173054,,,simbad,,,,,,,,,175.13094515876546,-186.30483468790436,255.69579460814344,False,dwarf
284.28063723516334,-30.79257341578417,,,simbad,,,,,,,,,175.60669553076065,-112.20911671025435,208.39529118511473,False,dwarf
284.2814918225758,-30.7635521540975,,,simbad,,,,,,,,,175.94067913994436,-99.03968590285706,201.9009211468869,False,dwarf
284.2822396694025,-31.002170195664448,,,simbad,,,,,,,,,176.23294717321525,-207.32111838295864,272.10310140995824,False,dwarf
284.2860886817454,-30.94077496531361,,,simbad,,,,,,,,,177.73719005740858,-179.46084660225492,252.5800946090199,False,dwarf
284.289457078655,-30.782549126282223,,,simbad,,,,,,,,,179.05360232917394,-107.66023842871975,208.92802455769964,False,dwarf
283.15331500857,-30.519831919299996,,,simbad,,,,,,,,,-264.96514120665006,11.557048421845018,265.21706472790333,False,dwarf
283.21722142978,-30.34002598271,,,simbad,,,,,,,,,-239.98970054947284,93.15039423316284,257.43358816521845,False,dwarf
283.26862939031,-30.661522181939993,,,simbad,,,,,,,,,-219.89881698544755,-52.739953206324856,226.13489862426076,False,dwarf
283.1416774256725,-30.532126780057226,,,simbad,,,,,,,,,-269.51325633414643,5.97781758836069,269.57954233019063,False,dwarf
283.17575536646206,-30.45917667961444,,,simbad,,,,,,,,,-256.19516447745104,39.08152309042578,259.1588851432566,False,dwarf
283.17936271771964,-30.568292292107493,,,simbad,,,,,,,,,-254.78536581312486,-10.43357119625865,254.99890595929082,False,dwarf
283.1841188290895,-30.609125791772502,,,simbad,,,,,,,,,-252.92661711419754,-28.963225567185447,254.57953979078434,False,dwarf
283.25218647906127,-30.34396362083833,,,simbad,,,,,,,,,-226.32491543296828,91.36355073078506,244.07020659612877,False,dwarf
283.2402495605533,-30.583217619281385,,,simbad,,,,,,,,,-230.99001471690423,-17.20646982542484,231.62998403222517,False,dwarf
283.30454276818836,-30.588788664299166,,,simbad,,,,,,,,,-205.86341301482062,-19.734529862189156,206.80714805584515,False,dwarf
283.1551019421504,-30.42272517222083,,,simbad,,,,,,,,,-264.2667848795428,55.6226924450991,270.05706342440413,False,dwarf
283.15592150649917,-30.661736147772505,,,simbad,,,,,,,,,-263.9464887282326,-52.83704782119059,269.18302794645473,False,dwarf
283.1762955909179,-30.579647149661664,,,simbad,,,,,,,,,-255.98403790231953,-15.586242107054948,256.4581030183993,False,dwarf
283.18266669800414,-30.369786713773887,,,simbad,,,,,,,,,-253.49412837618567,79.64540286666289,265.7116168310959,False,dwarf
283.184432086937,-30.53402502091222,,,simbad,,,,,,,,,-252.80419197079732,5.1164232125566755,252.85596149685244,False,dwarf
283.1853471425083,-30.383825347663606,,,simbad,,,,,,,,,-252.44657663753154,73.27487288636392,262.86589937175546,False,dwarf
283.1960412109546,-30.62685657736889,,,simbad,,,,,,,,,-248.26719893483357,-37.00920084536152,251.01052371197613,False,dwarf
283.1695592410899,-30.561094460329993,,,simbad,,,,,,,,,-258.61668892845915,-7.1672987446853575,258.7159870661552,False,dwarf
283.16264333055,-30.51405071545,,,simbad,,,,,,,,,-261.31951456021505,14.180475511541557,261.7039827280431,False,dwarf
283.2715642971967,-30.540714299033056,,,simbad,,,,,,,,,-218.75181811750153,2.080925090011343,218.76171552386106,False,dwarf
283.2898966919299,-30.65456480864,,,simbad,,,,,,,,,-211.58728553854658,-49.58279735056848,217.31919656274727,False,dwarf
283.1915060111579,-30.580876567700834,,,simbad,,,,,,,,,-250.03961258663912,-16.144134316394386,250.5602541012887,False,dwarf
283.1846576929941,-30.626147212064446,,,simbad,,,,,,,,,-252.7160222597737,-36.687301081150366,255.36512284848416,False,dwarf
283.2216967439158,-30.518322460923336,,,simbad,,,,,,,,,-238.24069097416427,12.242018905303409,238.55501223559534,False,dwarf
283.2614709516424,-30.635649635871108,,,simbad,,,,,,,,,-222.69642568823159,-40.99936422215001,226.4390555556496,False,dwarf
283.2628361440137,-30.550394810808335,,,simbad,,,,,,,,,-222.1628911793546,-2.311951807663526,222.1749205881049,False,dwarf
283.2794928128779,-30.44141012974889,,,simbad,,,,,,,,,-215.65325354220704,47.1437276791411,220.74613659773175,False,dwarf
283.23180305998,-30.355837741109998,,,simbad,,,,,,,,,-234.29101436350462,85.97524587330608,249.56767081185689,False,dwarf
284.09633433911,-31.077114002749166,,,simbad,,,,,,,,,103.57878415388431,-241.32953926076107,262.61856569292314,False,dwarf
283.56792976494,-30.20215005208,,,simbad,,,,,,,,,-102.92843116647994,155.7165069005273,186.65983087878004,False,dwarf
283.63864088046,-30.07600779568,,,simbad,,,,,,,,,-75.2936295920015,212.95804710247435,225.87664882151321,False,dwarf
284.02015302973,-30.03410760675,,,simbad,,,,,,,,,73.806161378548,231.9717497074163,243.43015860767224,False,dwarf
284.03284047023,-30.000870116549997,,,simbad,,,,,,,,,78.76457418431578,247.054444323739,259.30629881772643,False,dwarf
284.21613322812993,-30.05805187376,,,simbad,,,,,,,,,150.39771074783178,221.10618600358433,267.40870757557633,False,dwarf
284.1489583333333,-30.128391666666666,,,simbad,,,,,,,,,124.14490912196511,189.18700048738546,226.28230070934617,False,dwarf
283.24881212670584,-30.55392823454305,,,simbad,,,,,,,,,-227.64365516857094,-3.915368636675076,227.67732396984178,False,dwarf
284.36191456321,-30.22404552106,,,simbad,,,,,,,,,207.37090709149487,145.78065825132614,253.4850950808338,False,dwarf
283.45141666666655,-30.300666666666665,,,simbad,,,,,,,,,-148.4632290258528,111.01108529668302,185.3774296712797,False,dwarf
283.731748,-30.399940000000004,,,simbad,,,,,,,,,-38.906185344561926,65.96227561817103,76.58141460428219,False,dwarf
283.45830846,-30.421361938830003,,,simbad,,,,,,,,,-145.76982870452335,56.24130813481898,156.24316849469525,False,dwarf
283.6029676821445,-30.323119534507494,,,simbad,,,,,,,,,-89.23516834057007,100.82229706790358,134.64045029194784,False,dwarf
283.6286996632979,-30.380050897346106,,,simbad,,,,,,,,,-79.17878345590805,74.98766410918934,109.05241637905223,False,dwarf
283.6730569999999,-30.543766,,,simbad,,,,,,,,,-61.84337318670479,0.6961071188640311,61.847290742852834,False,dwarf
283.72794725016,-30.45123439998,,,simbad,,,,,,,,,-40.39156662995485,42.68561526353842,58.76683082529554,False,dwarf
283.7930917254,-30.452919454620012,,,simbad,,,,,,,,,-14.932278741584339,41.920961723389325,44.501011002338416,False,dwarf
283.83855502083,-30.315974022850003,,,simbad,,,,,,,,,2.8353542378909986,104.06482740213896,104.1034463209134,False,dwarf
284.21243159933,-30.340073631570007,,,simbad,,,,,,,,,148.95106722316964,93.12877186637247,175.6684051736682,False,dwarf
283.75592458809,-30.48943568115,,,simbad,,,,,,,,,-29.45766781372638,25.35042375622698,38.86384151938828,False,dwarf
283.7484680973229,-30.480822307233886,,,simbad,,,,,,,,,-32.37175906055407,29.259048854308524,43.63510885208581,False,dwarf
283.63150833333333,-30.407283333333332,,,simbad,,,,,,,,,-78.08111955190724,62.629976654982265,100.09583011436018,False,dwarf
283.89852916666666,-30.0718,,,simbad,,,,,,,,,26.274011761629765,214.8674842130218,216.46791786794512,False,dwarf
283.770981,-30.519238999999995,,,simbad,,,,,,,,,-23.57343090845959,11.826106665419056,26.37353680600664,False,dwarf
283.69142899999997,-30.477147999999996,,,simbad,,,,,,,,,-54.66336236669916,30.926396587300342,62.80545510628869,False,dwarf
283.48999999999995,-30.529999999999998,,,simbad,,,,,,,,,-133.38437257011103,6.9429197644343965,133.56494667680425,False,dwarf
283.70668,-30.526049000000004,,,simbad,,,,,,,,,-48.703077965674055,8.735826691834925,49.480344292661314,False,dwarf
283.79332467254,-30.46107733047001,,,simbad,,,,,,,,,-14.841240042177368,38.21903509105251,40.99947620739358,False,dwarf
283.42365,-30.288960000000003,,,simbad,,,,,,,,,-159.31479483797338,116.32340211861725,197.2621041526098,False,dwarf
283.71245899999997,-30.520484999999994,,,simbad,,,,,,,,,-46.44457140523059,11.260689800944412,47.790180453819765,False,dwarf
283.72777799999994,-30.48494500000001,,,simbad,,,,,,,,,-40.457711741026124,27.38823022106507,48.85633627240202,False,dwarf
283.789907,-30.498379,,,simbad,,,,,,,,,-16.176909855821805,21.29207439653369,26.740322447399734,False,dwarf
283.77537294368994,-30.466596855400006,,,simbad,,,,,,,,,-21.857003561706964,35.71435412852031,41.87175295487194,False,dwarf
283.728149,-30.501717,,,simbad,,,,,,,,,-40.312720231408456,19.77733804531323,44.90276731577245,False,dwarf
283.7839414225863,-30.361351192755563,,,simbad,,,,,,,,,-18.50833323803,83.47332087982684,85.5006064186477,False,dwarf
283.74895999999995,-30.488964000000006,,,simbad,,,,,,,,,-32.17951725000539,25.564465872488505,41.0982146301883,False,dwarf
283.75462100000004,-30.476043999999998,,,simbad,,,,,,,,,-29.967126587454803,31.42737589579059,43.42474676499403,False,dwarf
283.75381181087,-30.468979488860004,,,simbad,,,,,,,,,-30.28336797158039,34.63314936114603,46.00584104625836,False,dwarf
284.15405,-30.093819444444442,,,simbad,,,,,,,,,126.13479709052048,204.8753772826182,240.59074640094104,False,dwarf
283.761588,-30.474934000000005,,,simbad,,,,,,,,,-27.244334546157674,31.931077917913164,41.97436720026643,False,dwarf
283.5630811130533,-30.520626831859712,,,simbad,,,,,,,,,-104.82334587413233,11.19632854460062,105.41959786077072,False,dwarf
283.41965336436624,-30.484657456887224,,,simbad,,,,,,,,,-160.87673077820926,27.51871314661325,163.21336366587758,False,dwarf
283.72644833645,-30.479409062729996,,,simbad,,,,,,,,,-40.97736113549658,29.900358867251953,50.72647815509527,False,dwarf
283.63708359765826,-30.399142645841387,,,simbad,,,,,,,,,-75.90223547957198,66.32410345785078,100.79700417316027,False,dwarf
283.72180228109,-30.466969311850004,,,simbad,,,,,,,,,-42.79309854868864,35.54533875282884,55.63021113074382,False,dwarf
283.83074779199,-30.52873762786,,,simbad,,,,,,,,,-0.21580990021135898,7.515766070371965,7.5188638461927,False,dwarf
283.55490854640993,-30.39354216717,,,simbad,,,,,,,,,-108.01728866349623,68.86552006293934,128.10228141509492,False,dwarf
283.63181360719,-30.494865020360002,,,simbad,,,,,,,,,-77.96181465348229,22.88666777525039,81.25173294101863,False,dwarf
283.7585109011,-30.504533606209996,,,simbad,,,,,,,,,-28.44690385794915,18.499202690802406,33.93297569177795,False,dwarf
283.7755493261337,-30.483564383125273,,,simbad,,,,,,,,,-21.788071063626745,28.014734285556564,35.49007435557141,False,dwarf
283.35974022269454,-30.54594163491278,,,simbad,,,,,,,,,-184.291547099875,-0.2911646874175222,184.2917771072292,False,dwarf
283.19912694936,-30.510556261550004,,,simbad,,,,,,,,,-247.0612531946757,15.766208390508796,247.5638021947809,False,dwarf
284.00808278001,-30.152166898879997,,,simbad,,,,,,,,,69.08895456440806,178.39814234111606,191.3091237593334,False,dwarf
283.4605864433,-30.292838313850005,,,simbad,,,,,,,,,-144.87956391346253,114.56347911980313,184.70213530922874,False,dwarf
284.36025178498085,-30.447400426972774,,,simbad,,,,,,,,,206.721072251703,44.42541702616376,211.44081770283233,False,dwarf
284.430395605585,-30.321718528819716,,,simbad,,,,,,,,,234.13416777161976,101.45805328226709,255.17159930904603,False,dwarf
284.37437681378367,-30.521630902326383,,,simbad,,,,,,,,,212.24131281541744,10.740695819898782,212.51291116613945,False,dwarf
284.303331870195,-30.65277266786639,,,simbad,,,,,,,,,184.47604699400097,-48.769549664442465,190.8137334916053,False,dwarf
284.26422175439995,-30.71660988293,,,simbad,,,,,,,,,169.19131726510938,-77.73795895669822,186.1958434032731,False,dwarf
284.09838374969,-30.545803623819992,,,simbad,,,,,,,,,104.37971982440516,-0.22853724010873933,104.37997001288818,False,dwarf
284.2466234019,-30.55354155032,,,simbad,,,,,,,,,162.31365770908812,-3.7398969023725304,162.35673779595166,False,dwarf
284.2362625628541,-30.613390504448326,,,simbad,,,,,,,,,158.26451028618607,-30.898490791145594,161.2525099007665,False,dwarf
284.29307293766124,-30.639758657062224,,,simbad,,,,,,,,,180.4667259296591,-42.86397889144822,185.48735766670788,False,dwarf
284.3733258657412,-30.66793896535778,,,simbad,,,,,,,,,211.8305889793547,-55.65179715504631,219.0189967877826,False,dwarf
284.2293690001742,-30.852556479020834,,,simbad,,,,,,,,,155.57041848180845,-139.42856738196042,208.90782778247177,False,dwarf
284.33399367085,-30.527736804730004,,,simbad,,,,,,,,,196.45906792057198,7.969925200435046,196.62066289157008,False,dwarf
284.10826434924206,-30.73287298314389,,,simbad,,,,,,,,,108.24118355679916,-85.1179197348666,137.69972431986886,False,dwarf
284.12405696376914,-30.812075164347494,,,simbad,,,,,,,,,114.41313779042453,-121.05872949073282,166.57005158479447,False,dwarf
284.13214067716126,-30.754827622297498,,,simbad,,,,,,,,,117.57235560128322,-95.08061895712827,151.20708615308084,False,dwarf
284.1488921050458,-30.905773168450555,,,simbad,,,,,,,,,124.11902626646767,-163.57753501851735,205.33665684448638,False,dwarf
284.1860882184891,-30.71297629323472,,,simbad,,,,,,,,,138.65573957933893,-76.08908825662076,158.16119457697985,False,dwarf
284.19103268633665,-30.83265628955556,,,simbad,,,,,,,,,140.58810038081555,-130.39814785552605,191.7516386705415,False,dwarf
284.19977730439666,-30.681447204974162,,,simbad,,,,,,,,,144.0056081256141,-61.781641848856154,156.6990313983091,False,dwarf
284.2020061991028,-30.745584358343603,,,simbad,,,,,,,,,144.87668847105923,-90.88615882684104,171.02499445589268,False,dwarf
284.20558791490504,-30.69921371055389,,,simbad,,,,,,,,,146.2764684740072,-69.8438263413006,162.09554376114409,False,dwarf
284.21258830447084,-30.74036532877972,,,simbad,,,,,,,,,149.0123095814929,-88.51783833597682,173.32073191192336,False,dwarf
284.2130423764192,-30.911033907375,,,simbad,,,,,,,,,149.1897666630346,-165.9647826168209,223.16338307621018,False,dwarf
284.2187461657458,-30.730771668939163,,,simbad,,,,,,,,,151.4188799375875,-84.16437359609041,173.23775276877674,False,dwarf
284.22008909243834,-30.45769637862055,,,simbad,,,,,,,,,151.94371273656515,39.75326237328836,157.05799473280987,False,dwarf
284.2224409908325,-30.58803462217,,,simbad,,,,,,,,,152.8628644847368,-19.392356398018507,154.0880229776045,False,dwarf
284.2256070674975,-30.567978136539445,,,simbad,,,,,,,,,154.10020743659916,-10.291011921584658,154.44344873892544,False,dwarf
284.23268940967336,-30.55804275492111,,,simbad,,,,,,,,,156.86807666440856,-5.782478757850873,156.97461749268817,False,dwarf
284.246194872445,-30.535142702076108,,,simbad,,,,,,,,,162.14618295818892,4.609235588824312,162.21168176374894,False,dwarf
284.250509203977,-30.49289429326333,,,simbad,,,,,,,,,163.83227848837183,23.780955364125944,165.54923531300884,False,dwarf
284.29118486922334,-30.829479547195838,,,simbad,,,,,,,,,179.72884481639485,-128.9565879002441,221.2063724712946,False,dwarf
284.2954941973921,-30.944893492367775,,,simbad,,,,,,,,,181.41298496872918,-181.3297748953746,256.4978720747437,False,dwarf
284.3003388203183,-30.592256926594725,,,simbad,,,,,,,,,183.3063251074661,-21.30837736807645,184.54066156396107,False,dwarf
284.3009583447683,-30.57724082881083,,,simbad,,,,,,,,,183.54844312694019,-14.494288342686623,184.11983969383783,False,dwarf
284.3052647703771,-30.91619122645583,,,simbad,,,,,,,,,185.2314489220186,-168.3050997787683,250.27444192584176,False,dwarf
284.31104712382205,-30.772081507921666,,,simbad,,,,,,,,,187.49126605131903,-102.91018389263873,213.87725637463936,False,dwarf
284.31187247054913,-30.827878378749443,,,simbad,,,,,,,,,187.8138220294641,-128.23000070725988,227.41364256943575,False,dwarf
284.31368562491707,-30.73465143910139,,,simbad,,,,,,,,,188.52242577321775,-85.92495744842932,207.18060558829532,False,dwarf
284.3156284901204,-30.749832891263612,,,simbad,,,,,,,,,189.28172215802533,-92.8140819105141,210.81277035322012,False,dwarf
284.31564689669574,-30.686979076159993,,,simbad,,,,,,,,,189.2889156813163,-64.29192536456773,199.90934262032783,False,dwarf
284.3197615810175,-30.946677727398612,,,simbad,,,,,,,,,190.89698654736623,-182.13943506922914,263.84926242118485,False,dwarf
284.31990139016204,-30.900169977971938,,,simbad,,,,,,,,,190.95162573584813,-161.03488783434307,249.78942826105126,False,dwarf
284.32097937928336,-30.821280862706107,,,simbad,,,,,,,,,191.37291756879478,-125.23614289461716,228.70873412686646,False,dwarf
284.32986455861374,-30.631313041004166,,,simbad,,,,,,,,,194.8453584423718,-39.031479894566125,198.71630564524963,False,dwarf
284.35108110039045,-30.79617367154528,,,simbad,,,,,,,,,203.1370522982049,-113.84286095083107,232.86231770270152,False,dwarf
284.2663052133258,-30.647317873143344,,,simbad,,,,,,,,,170.005559461424,-46.294242338064336,176.19604740585757,False,dwarf
284.2687412984958,-30.712695958425833,,,simbad,,,,,,,,,170.95761247028585,-75.9618763556218,187.0740813715444,False,dwarf
284.27793044801535,-30.582067731708058,,,simbad,,,,,,,,,174.54884875250644,-16.68466739668495,175.3444573602581,False,dwarf
284.28153340514706,-30.72087368372472,,,simbad,,,,,,,,,175.9569301366488,-79.67281038214047,193.15433719516116,False,dwarf
284.28389245261496,-30.894800196897776,,,simbad,,,,,,,,,176.8788758336026,-158.59815847810154,237.57001618218578,False,dwarf
284.2873270016579,-30.44045444833222,,,simbad,,,,,,,,,178.22114119884375,47.57740214948725,184.46241992750782,False,dwarf
284.28979853715833,-30.592002872624168,,,simbad,,,,,,,,,179.18704864685265,-21.193091333212344,180.43598732799236,False,dwarf
284.3595963280062,-30.525507579818047,,,simbad,,,,,,,,,206.46491134543723,8.98151537694325,206.660173316838,False,dwarf
284.3757541126554,-30.806934677070558,,,simbad,,,,,,,,,212.77957869834916,-118.72605035910766,243.66170020116073,False,dwarf
284.3779608690516,-30.863739412296667,,,simbad,,,,,,,,,213.64200711125807,-144.50322153000707,257.92264002036956,False,dwarf
284.3789914121762,-30.675331525533327,,,simbad,,,,,,,,,214.04475644641084,-59.00643455063958,222.0290906178338,False,dwarf
284.38719864293375,-30.894979128116105,,,simbad,,,,,,,,,217.25224641162177,-158.67935488935814,269.0309949411013,False,dwarf
284.3875499055087,-30.589753271080273,,,simbad,,,,,,,,,217.3895242849622,-20.172254534442047,218.3234415307813,False,dwarf
284.39279036388245,-30.691133853395836,,,simbad,,,,,,,,,219.4375619414438,-66.17730346832973,229.19921266257523,False,dwarf
284.40566945208866,-30.726170986777223,,,simbad,,,,,,,,,224.47087310364606,-82.07665025543554,239.00575179075975,False,dwarf
284.4106624116408,-30.7918850280675,,,simbad,,,,,,,,,226.42218507884155,-111.89673627341467,252.56263675476484,False,dwarf
284.41151482364666,-30.77134512779694,,,simbad,,,,,,,,,226.7553185115182,-102.57602519184749,248.8771090667412,False,dwarf
284.41218848721786,-30.79606889956723,,,simbad,,,,,,,,,227.01859478683104,-113.79531693533163,253.9425457370229,False,dwarf
284.3252722258437,-30.590095147522778,,,simbad,,,,,,,,,193.05061649932136,-20.32739314291554,194.1178596697241,False,dwarf
284.34251614211627,-30.43114718835444,,,simbad,,,,,,,,,199.78975787836907,51.80090275422123,206.39593232244093,False,dwarf
284.354883055022,-30.661628257228887,,,simbad,,,,,,,,,204.62290443143695,-52.78808864552609,211.3223019958019,False,dwarf
284.36466048150663,-30.649596369156104,,,simbad,,,,,,,,,208.44404681936368,-47.32819103088759,213.74956917076878,False,dwarf
284.4098844811,-30.75154973212,,,simbad,,,,,,,,,226.11815994818872,-93.59315957810877,244.7224995339987,False,dwarf
284.17522678524995,-31.00024497195111,,,simbad,,,,,,,,,134.41095359101246,-206.44747957444332,246.3470443660437,False,dwarf
284.23496629896164,-30.947105159267217,,,simbad,,,,,,,,,157.75791390181755,-182.33339749854193,241.10791617451005,False,dwarf
284.24105139094456,-30.76658364227306,,,simbad,,,,,,,,,160.13604509482747,-100.4153316002252,189.0153214927187,False,dwarf
283.1712074955021,-30.72785916166639,,,simbad,,,,,,,,,-257.97253018072274,-82.84271971973789,270.94785944606934,False,dwarf
283.1730502156504,-30.57079820105861,,,simbad,,,,,,,,,-257.2523717546866,-11.57071660701603,257.51245456523327,False,dwarf
283.17549229299243,-30.600891858909993,,,simbad,,,,,,,,,-256.29797692892396,-25.22678535737155,257.53648999185754,False,dwarf
283.22888073313754,-30.593347632645,,,simbad,,,,,,,,,-235.43309679047567,-21.80332407354313,236.4405379900186,False,dwarf
283.2298328072734,-30.705800392218613,,,simbad,,,,,,,,,-235.06101413224434,-72.83276766888424,246.08594517198426,False,dwarf
283.2328584811504,-30.790644504570555,,,simbad,,,,,,,,,-233.878542372263,-111.333804567193,259.02584547025486,False,dwarf
283.21591762293383,-30.67421518739472,,,simbad,,,,,,,,,-240.49924481590517,-58.49985637244792,247.51185820606196,False,dwarf
283.22319255775494,-30.805381526814447,,,simbad,,,,,,,,,-237.65610793749295,-118.02125312967759,265.3477752503245,False,dwarf
283.22805348338335,-30.648421545391383,,,simbad,,,,,,,,,-235.7563964957826,-46.79507291743512,240.35568921501468,False,dwarf
283.17914732434417,-30.61575597166972,,,simbad,,,,,,,,,-254.8695442785386,-31.971905766541298,256.8670616468654,False,dwarf
283.1875317220896,-30.72919672006639,,,simbad,,,,,,,,,-251.592815205428,-83.44968446819779,265.0713007868532,False,dwarf
283.188427239575,-30.717408684253048,,,simbad,,,,,,,,,-251.24283560414815,-78.1004434987671,263.10196068656944,False,dwarf
283.20895232888336,-30.7976147615764,,,simbad,,,,,,,,,-243.22137015046835,-114.49680686320951,268.82364791763064,False,dwarf
283.2310381400646,-30.810151248533337,,,simbad,,,,,,,,,-234.58995477658252,-120.18568418803821,263.58498736807053,False,dwarf
283.37960272038,-30.847679025549997,,,simbad,,,,,,,,,-176.52903086356665,-137.21524920530803,223.58560631692026,False,dwarf
283.57464058102994,-30.91271446651,,,simbad,,,,,,,,,-100.3057590493089,-166.727396161507,194.5745870591895,False,dwarf
283.30362556105,-30.79666728713,,,simbad,,,,,,,,,-206.22186920781263,-114.06685659783689,235.6665167427814,False,dwarf
283.39650052021,-30.86773177590001,,,simbad,,,,,,,,,-169.92515618399645,-146.31489866519965,224.23783863470328,False,dwarf
283.48331250771,-30.740930009679996,,,simbad,,,,,,,,,-135.99792945015358,-88.77408240023254,162.40774156650363,False,dwarf
283.55607769643,-30.59265484276,,,simbad,,,,,,,,,-107.56036999407546,-21.488945996081643,109.68595166786365,False,dwarf
283.3427031391,-30.76840828933,,,simbad,,,,,,,,,-190.9498556427333,-101.24333016981679,216.12972788086145,False,dwarf
283.4020320242896,-30.99060581995972,,,simbad,,,,,,,,,-167.76337417100325,-202.07337115134538,262.63700623048044,False,dwarf
283.4386647957058,-30.87606981966472,,,simbad,,,,,,,,,-153.4468220735813,-150.09858290380907,214.65207148828767,False,dwarf
283.5520867073425,-30.78224234153972,,,simbad,,,,,,,,,-109.12009919235615,-107.5210239285802,153.19258021980033,False,dwarf
283.4124827805841,-30.582007799569165,,,simbad,,,,,,,,,-163.67908594591722,-16.657471054747795,164.52451038684393,False,dwarf
283.52817183729,-30.61940810775,,,simbad,,,,,,,,,-118.46633399179133,-33.629192549167406,123.14704576628556,False,dwarf
283.35525559336,-30.678937848480004,,,simbad,,,,,,,,,-186.0441971730972,-60.64293199269155,195.678329158986,False,dwarf
283.287892037975,-30.60828670980694,,,simbad,,,,,,,,,-212.3707297518333,-28.582462249362894,214.285519817748,False,dwarf
283.28824388380167,-30.59566848408333,,,simbad,,,,,,,,,-212.23322393632645,-22.85649304880466,213.46044274501293,False,dwarf
283.2952730554958,-30.66097411559166,,,simbad,,,,,,,,,-209.4861344077407,-52.49124858658183,215.96243119412304,False,dwarf
283.3196730087667,-30.636326867791386,,,simbad,,,,,,,,,-199.95032292874185,-41.30668231916923,204.17241156318087,False,dwarf
283.2974963218204,-30.776018789329996,,,simbad,,,,,,,,,-208.61725370524246,-104.69686552061441,233.41506419543515,False,dwarf
283.30378125010003,-30.707034641549164,,,simbad,,,,,,,,,-206.16102395068714,-73.3928522487095,218.8352772237527,False,dwarf
283.31184539645744,-30.641392252931944,,,simbad,,,,,,,,,-203.00945318539203,-43.60528118236129,207.63973278162507,False,dwarf
283.31658639026335,-30.894195438663054,,,simbad,,,,,,,,,-201.15661262237163,-158.32372789636563,255.9890341727733,False,dwarf
283.3239245708287,-30.58709196498194,,,simbad,,,,,,,,,-198.28875850425325,-18.964592135140236,199.19359302952063,False,dwarf
283.3256507499833,-30.770878360356665,,,simbad,,,,,,,,,-197.61414577795378,-102.36421284632668,222.55287615126082,False,dwarf
283.33050688357457,-30.736528981503618,,,simbad,,,,,,,,,-195.71630712519791,-86.77695916431038,214.09136721626396,False,dwarf
283.3319344480133,-30.701206588050002,,,simbad,,,,,,,,,-195.15839682057674,-70.74816546259876,207.58637422986354,False,dwarf
283.3331108678121,-30.738810496199715,,,simbad,,,,,,,,,-194.6986370293865,-87.81227769217837,213.58500737315117,False,dwarf
283.333602760725,-30.645607740461937,,,simbad,,,,,,,,,-194.5063990347718,-45.51820874371582,199.76147424543691,False,dwarf
283.34063882038834,-30.883096481235,,,simbad,,,,,,,,,-191.75661760037963,-153.2871807792522,245.49452170015803,False,dwarf
283.34345688931876,-30.701883148700276,,,simbad,,,,,,,,,-190.65528048890008,-71.05517894695335,203.46565910119753,False,dwarf
283.3547753800779,-30.668477294950552,,,simbad,,,,,,,,,-186.23187061972453,-55.89608337527174,194.43940385430406,False,dwarf
283.35540798910245,-30.736498596553332,,,simbad,,,,,,,,,-185.9846389824017,-86.76317091124663,205.22702980842578,False,dwarf
283.35675897459413,-30.956789762771116,,,simbad,,,,,,,,,-185.45665670240547,-186.72813116376562,263.1759230688597,False,dwarf
283.26838104290334,-30.632928059424724,,,simbad,,,,,,,,,-219.99587430457007,-39.76435200646211,223.5607040638538,False,dwarf
283.27063626660834,-30.633812133806394,,,simbad,,,,,,,,,-219.11450425213897,-40.16553223507158,222.7654280928421,False,dwarf
283.2752712875129,-30.633546810008887,,,simbad,,,,,,,,,-217.30307924421177,-40.045132114961746,220.96208012942157,False,dwarf
283.2774298504487,-30.57642692437611,,,simbad,,,,,,,,,-216.45948544743217,-14.124950225943289,216.91985399924204,False,dwarf
283.38727775552,-30.75434258838556,,,simbad,,,,,,,,,-173.52952970151964,-94.8605175497006,197.76505117999903,False,dwarf
283.38739138789293,-30.78725823799222,,,simbad,,,,,,,,,-173.48512072770183,-109.79716553749608,205.31075148168347,False,dwarf
283.39125789543243,-30.945407966982224,,,simbad,,,,,,,,,-171.9740404985958,-181.56323606981493,250.08054561991824,False,dwarf
283.3950068932738,-30.749657836321955,,,simbad,,,,,,,,,-170.50888455123857,-92.73464449781521,194.09532194528484,False,dwarf
283.3951477609304,-30.829579336204723,,,simbad,,,,,,,,,-170.45383168280745,-129.0018707160656,213.7662073003948,False,dwarf
283.40001746951043,-30.95424154865972,,,simbad,,,,,,,,,-168.55068775210623,-185.57178828023459,250.6914895787893,False,dwarf
283.4046071755141,-30.575731280205552,,,simbad,,,,,,,,,-166.75697238269927,-13.80927691478151,167.32777404589308,False,dwarf
283.4077962637279,-30.841187595656393,,,simbad,,,,,,,,,-165.51063622545516,-134.26953176035818,213.1245595019513,False,dwarf
283.4091184107741,-31.000901374478616,,,simbad,,,,,,,,,-164.9939243760322,-206.74534559285183,264.51206589740207,False,dwarf
283.4194827566088,-30.69633683127612,,,simbad,,,,,,,,,-160.94340645556832,-68.53833993623493,174.92936895426442,False,dwarf
283.4197545305692,-30.790683610663613,,,simbad,,,,,,,,,-160.83719374184838,-111.35155034931077,195.6214984503185,False,dwarf
283.42598081602836,-30.63160915844694,,,simbad,,,,,,,,,-158.40388234597793,-39.16585372763826,163.17399927835677,False,dwarf
283.4506677098141,-30.874888831343334,,,simbad,,,,,,,,,-148.75593087125648,-149.56266740327885,210.94387511885205,False,dwarf
283.4537156751578,-30.58814618055833,,,simbad,,,,,,,,,-147.56474732312256,-19.4429799888185,148.8401294120057,False,dwarf
283.45579347290993,-30.73129933914556,,,simbad,,,,,,,,,-146.7527175853751,-84.40382274021441,169.2937252583639,False,dwarf
283.4562960041603,-30.925752211193608,,,simbad,,,,,,,,,-146.5563219934323,-172.64373702735415,226.46106828992225,False,dwarf
283.3714395211408,-30.63280328964,,,simbad,,,,,,,,,-179.71931275247576,-39.707733274152446,184.05362114882018,False,dwarf
283.36856212120625,-30.720600683667495,,,simbad,,,,,,,,,-180.84383717352245,-79.54892688586712,197.5665083265292,False,dwarf
283.3730680790829,-30.5653251849075,,,simbad,,,,,,,,,-179.08285163527864,-9.087140658871506,179.3132562728627,False,dwarf
283.37457065297247,-30.615187649820836,,,simbad,,,,,,,,,-178.49562668507392,-31.714009492215922,181.2911115961553,False,dwarf
283.4697027453429,-31.006911757226945,,,simbad,,,,,,,,,-141.3167973498603,-209.4727707677011,252.68414850623165,False,dwarf
283.52211193217,-30.75717833063001,,,simbad,,,,,,,,,-120.83462183904896,-96.14733656119311,154.41928688734873,False,dwarf
283.4820316594488,-30.83244300074333,,,simbad,,,,,,,,,-136.49850121013648,-130.30136046271812,188.70687685150435,False,dwarf
283.4838091071958,-30.668345345043054,,,simbad,,,,,,,,,-135.80385206713882,-55.83620640659959,146.83449248100297,False,dwarf
283.4841887343141,-30.95958218221111,,,simbad,,,,,,,,,-135.65548897019673,-187.99529091020605,231.82890478142747,False,dwarf
283.50282514306497,-30.76150461531222,,,simbad,,,,,,,,,-128.37214385388336,-98.11054227535676,161.57068367499932,False,dwarf
283.51334837265665,-30.842133847422772,,,simbad,,,,,,,,,-124.25953214425182,-134.69892719113764,183.26001286465018,False,dwarf
283.5200488302204,-30.952014889962776,,,simbad,,,,,,,,,-121.6409082706175,-184.561362615159,221.0416411793601,False,dwarf
283.52223603144955,-30.972126924369718,,,simbad,,,,,,,,,-120.78612226524713,-193.68791432672361,228.26365345387657,False,dwarf
283.5264610682791,-30.969505869454167,,,simbad,,,,,,,,,-119.13492423828991,-192.49851733477175,226.38199873079242,False,dwarf
283.5333325151254,-30.94060239686805,,,simbad,,,,,,,,,-116.44947558244786,-179.38253752569432,213.86578766269338,False,dwarf
283.5410872118716,-30.893997858178334,,,simbad,,,,,,,,,-113.41884165345088,-158.2340687164696,194.6839853315598,False,dwarf
283.5516751462792,-30.79133347937222,,,simbad,,,,,,,,,-109.28094248038104,-111.6464514147526,156.22821289033254,False,dwarf
283.56337440071115,-30.702853653398602,,,simbad,,,,,,,,,-104.7087253343476,-71.49558000914058,126.78933362861116,False,dwarf
283.565271065852,-30.74025589719334,,,simbad,,,,,,,,,-103.96748452042975,-88.46817985728683,136.51321066023996,False,dwarf
283.56610292311075,-30.661228240239453,,,simbad,,,,,,,,,-103.64238414386159,-52.606566693758516,116.2290611264181,False,dwarf
283.5682397062646,-30.65567312699833,,,simbad,,,,,,,,,-102.8073021623242,-50.085736267911244,114.35874411427484,False,dwarf
283.568851663705,-30.786464715317496,,,simbad,,,,,,,,,-102.56814142623868,-109.43707637005429,149.98899066284164,False,dwarf
283.56907424759197,-30.783852698301953,,,simbad,,,,,,,,,-102.481152817667,-108.25178064703044,149.06654452321223,False,dwarf
283.5757306351983,-30.702804217485,,,simbad,,,,,,,,,-99.87975204282868,-71.47314670315197,122.81846590715593,False,dwarf
283.4630712948596,-30.663686967544724,,,simbad,,,,,,,,,-143.90845238045026,-53.72230175278481,153.60901136376597,False,dwarf
283.5814411019613,-30.797925145494457,,,simbad,,,,,,,,,-97.64802914136894,-114.63765461740749,150.5886099656068,False,dwarf
283.5889307336512,-30.720458671019994,,,simbad,,,,,,,,,-94.72098600121014,-79.48448359062877,123.65212622802076,False,dwarf
283.5906431567883,-30.674671652300276,,,simbad,,,,,,,,,-94.05174930117973,-58.70699357601295,110.87038667446771,False,dwarf
283.5943686812941,-30.731375198693883,,,simbad,,,,,,,,,-92.59576703133592,-84.43824671128431,125.31477797848565,False,dwarf
283.5975426919925,-30.81348149162278,,,simbad,,,,,,,,,-91.35532335850614,-121.69690056490535,152.17072883127582,False,dwarf
283.59906470532167,-30.710903158444165,,,simbad,,,,,,,,,-90.76050122854289,-75.14832953036677,117.83352669958126,False,dwarf
283.6009836935,-30.747870710526676,,,simbad,,,,,,,,,-90.0105362882044,-91.92367253666589,128.65402525967986,False,dwarf
283.6017990542683,-31.006463940585004,,,simbad,,,,,,,,,-89.69188294949605,-209.26955802167635,227.68043785449348,False,dwarf
283.6034766484167,-30.905886060843606,,,simbad,,,,,,,,,-89.03625786040374,-163.62876396145685,186.28426559787187,False,dwarf
283.61072815837247,-30.95408118627472,,,simbad,,,,,,,,,-86.20227571672442,-185.49901813825542,204.55003805670384,False,dwarf
283.6107291895766,-30.950067715073892,,,simbad,,,,,,,,,-86.20187270906366,-183.67776267915724,202.89968792822336,False,dwarf
283.622678970377,-30.99543101332667,,,simbad,,,,,,,,,-81.531746677964,-204.26297444511076,219.93360008312433,False,dwarf
283.62827959536617,-30.834557275516943,,,simbad,,,,,,,,,-79.34295133610874,-131.26078792109564,153.3776332207241,False,dwarf
283.3772443993096,-30.61551390149639,,,simbad,,,,,,,,,-177.45069267516834,-31.8620578063582,180.2884884249484,False,dwarf
283.3804161794871,-30.785795641082508,,,simbad,,,,,,,,,-176.2111207182059,-109.13346011319192,207.26907917256685,False,dwarf
283.39240170249997,-30.692830245675285,,,simbad,,,,,,,,,-171.52702617674979,-66.94710186605724,184.1288547656332,False,dwarf
283.4051762821125,-30.715458215001668,,,simbad,,,,,,,,,-166.53455829963042,-77.21534862848456,183.56461851857895,False,dwarf
283.4267397605979,-30.980295374653608,,,simbad,,,,,,,,,-158.10727717390708,-197.39463948494551,252.90819439618457,False,dwarf
283.47942460253876,-30.713048592856115,,,simbad,,,,,,,,,-137.5173721453885,-76.12189678409264,157.18005856908607,False,dwarf
283.48267559297244,-30.834657482022497,,,simbad,,,,,,,,,-136.2468438148139,-131.30626019089542,189.22086675316075,False,dwarf
283.5052703267783,-30.90517326933333,,,simbad,,,,,,,,,-127.41653501877471,-163.30530943435684,207.13183600219855,False,dwarf
283.5429206403833,-30.74150199170222,,,simbad,,,,,,,,,-112.7023145169769,-89.03363960853295,143.627297821221,False,dwarf
283.5791205406091,-30.978550852557504,,,simbad,,,,,,,,,-98.55493397574419,-196.6030004692243,219.92229265007472,False,dwarf
283.6072439343178,-30.75144206957528,,,simbad,,,,,,,,,-87.5639547071404,-93.54430386506118,128.13267713410593,False,dwarf
283.25498828265,-30.68878016701,,,simbad,,,,,,,,,-225.22993502351446,-65.10923446653317,234.45199091394923,False,dwarf
283.32341119101,-30.709539221769997,,,simbad,,,,,,,,,-198.4893938544082,-74.5293947007899,212.02044747419177,False,dwarf
283.29743933797,-30.75310892917,,,simbad,,,,,,,,,-208.63952371735445,-94.30070075556563,228.96085477652124,False,dwarf
283.31508848423,-30.803733159020002,,,simbad,,,,,,,,,-201.74201331509997,-117.2732475519569,233.35135424465088,False,dwarf
283.1780311303354,-30.689549938800276,,,simbad,,,,,,,,,-255.3057670664906,-65.45854582449451,263.56376063272927,False,dwarf
283.29611909673,-30.804072552879997,,,simbad,,,,,,,,,-209.15549075349108,-117.42725960022571,239.86492159036612,False,dwarf
283.19612763210006,-30.698154652166384,,,simbad,,,,,,,,,-248.2334244541452,-69.36324088964719,257.742298047773,False,dwarf
283.23569080378667,-30.723886677146105,,,simbad,,,,,,,,,-232.7716347316046,-81.04006342628666,246.47540610730337,False,dwarf
283.2416372866479,-30.758189477929164,,,simbad,,,,,,,,,-230.4476737429038,-96.60618065060866,249.87773905134858,False,dwarf
283.30769220249374,-30.712927965899993,,,simbad,,,,,,,,,-204.63257410837073,-76.06715800776765,218.31331364256403,False,dwarf
283.2585319147645,-30.752754497940003,,,simbad,,,,,,,,,-223.8450386091934,-94.13986496524629,242.83516113945709,False,dwarf
283.2685490576442,-30.697693824564716,,,simbad,,,,,,,,,-219.93021201102133,-69.15412395738407,230.54628822760523,False,dwarf
283.2758640569529,-30.839700280158052,,,simbad,,,,,,,,,-217.07141742226023,-133.59460939634582,254.88726904549657,False,dwarf
283.2868091369146,-30.768682244833894,,,simbad,,,,,,,,,-212.79394123292863,-101.36764723403724,235.7046060882292,False,dwarf
283.21050132621,-30.791484715880006,,,simbad,,,,,,,,,-242.61600233175275,-111.71508036501577,267.1006996778612,False,dwarf
283.16543666102666,-30.694746012802774,,,simbad,,,,,,,,,-260.22784555051834,-67.81644941203746,268.91932323788086,False,dwarf
283.4700537098199,-30.151173401559998,,,simbad,,,,,,,,,-141.17963597699105,178.84897712405245,227.85663526199,False,dwarf
283.64151233941,-30.11193753579,,,simbad,,,,,,,,,-74.17142698313435,196.65364823053523,210.17625447013162,False,dwarf
283.2474082851,-30.281847024740003,,,simbad,,,,,,,,,-228.1922942889412,119.55116790401487,257.61250924608595,False,dwarf
283.41358270152,-30.134356812499995,,,simbad,,,,,,,,,-163.24922288143833,186.48010317340203,247.84095232821429,False,dwarf
283.44995894074,-30.196679129179998,,,simbad,,,,,,,,,-149.032926822774,158.19913296144915,217.3425382825842,False,dwarf
283.66497290505333,-30.0039543842886,,,simbad,,,,,,,,,-65.00274011388751,245.65484802039572,254.10954444537757,False,dwarf
283.26466666666664,-30.25508333333333,,,simbad,,,,,,,,,-221.44749968933755,131.69614581490197,257.6487336300318,False,dwarf
283.23074605763,-30.24854913557,,,simbad,,,,,,,,,-234.70410429981803,134.66127070351286,270.5913420689299,False,dwarf
283.623570493,-30.07097443016,,,simbad,,,,,,,,,-81.18332831963296,215.24211592276444,230.04325954907281,False,dwarf
283.44345999474,-30.051302959349993,,,simbad,,,,,,,,,-151.57279741925163,224.1687462157227,270.6029188634642,False,dwarf
283.28852855503294,-30.2722610869675,,,simbad,,,,,,,,,-212.12197080543328,123.90112848057267,245.6567119725013,False,dwarf
283.4165198285383,-30.147154267668885,,,simbad,,,,,,,,,-162.10135635786338,180.67280223049065,242.73341590905238,False,dwarf
283.4346961784179,-30.0923513055225,,,simbad,,,,,,,,,-154.99780808858316,205.54159759229762,257.43284338455976,False,dwarf
283.45012171576786,-30.146948537631392,,,simbad,,,,,,,,,-148.9693122755628,180.7661595601291,234.23974991869378,False,dwarf
283.4791977847167,-30.15049379351472,,,simbad,,,,,,,,,-137.60601542954615,179.1573734723937,225.9043601879416,False,dwarf
283.51933740326456,-30.035128900615565,,,simbad,,,,,,,,,-121.91894295602886,231.50830125221788,261.64923504608817,False,dwarf
283.6047107077875,-30.02790440560444,,,simbad,,,,,,,,,-88.55397179276625,234.78667309540734,250.9314404045131,False,dwarf
283.6237040180233,-29.99040203797166,,,simbad,,,,,,,,,-81.13114504551345,251.80470770002538,264.5522132137461,False,dwarf
283.626706368352,-30.09327793511472,,,simbad,,,,,,,,,-79.95778842427461,205.1211064217,220.15430095586015,False,dwarf
284.092213100055,-30.384903245135835,,,simbad,,,,,,,,,101.96815161487747,72.78573852924053,125.28075541359738,False,dwarf
284.1217375,-30.091355555555552,,,simbad,,,,,,,,,113.50666190544226,205.99345459399387,235.1958027526941,False,dwarf
284.16432575194835,-30.210989344070004,,,simbad,,,,,,,,,130.15069139560282,151.70536343248853,199.8842659264027,False,dwarf
284.15638374734164,-30.030053924368058,,,simbad,,,,,,,,,127.0468551769795,233.81125242168488,266.098863525114,False,dwarf
284.0259712703016,-29.974822407444996,,,simbad,,,,,,,,,76.08000365251911,258.8745197723221,269.8225045156866,False,dwarf
284.10165384709165,-30.331619460703326,,,simbad,,,,,,,,,105.65771540062669,96.96515291226615,143.40778815315082,False,dwarf
284.1038988647609,-30.26170852440972,,,simbad,,,,,,,,,106.53509680472372,128.6897294706264,167.06517686943278,False,dwarf
284.127262624375,-30.254778057948066,,,simbad,,,,,,,,,115.66595064888558,131.83467539045424,175.38242151030096,False,dwarf
284.13074645841004,-30.111441640701674,,,simbad,,,,,,,,,117.02747721466534,196.87867828346418,229.03415550059952,False,dwarf
284.1401120719104,-30.190019610592497,,,simbad,,,,,,,,,120.6876778606429,161.22112663614053,201.38959074694196,False,dwarf
284.14457574026875,-30.34307445905028,,,simbad,,,,,,,,,122.43213611830923,91.76703955118026,153.00593943530455,False,dwarf
284.0338390304354,-29.998125909038336,,,simbad,,,,,,,,,79.15482418863421,248.29972619108707,260.6112818335047,False,dwarf
284.0395316793071,-30.181474669286395,,,simbad,,,,,,,,,81.37958363199547,165.0986980008513,184.06579452384207,False,dwarf
284.03959684978463,-30.02023082927722,,,simbad,,,,,,,,,81.40505308189888,238.26883157554613,251.7912205928609,False,dwarf
284.04277341868664,-30.080059054764167,,,simbad,,,,,,,,,82.6464965331655,211.1196440458527,226.71997594224928,False,dwarf
284.045623369645,-30.16080325738555,,,simbad,,,,,,,,,83.76029354587216,174.47908716719863,193.54260159869085,False,dwarf
284.04579555960123,-30.193625610724723,,,simbad,,,,,,,,,83.82758756660046,159.58477568263896,180.26193460327187,False,dwarf
284.0480911429862,-30.05880174577361,,,simbad,,,,,,,,,84.7247306943254,220.7659048778272,236.46535633735402,False,dwarf
284.06300595492456,-30.318513221046384,,,simbad,,,,,,,,,90.55362853317051,102.91257581106272,137.08011489851899,False,dwarf
284.06424890011834,-30.16353730593138,,,simbad,,,,,,,,,91.039387293229,173.23841529231078,195.70313889081515,False,dwarf
284.06984841843126,-30.00073615832139,,,simbad,,,,,,,,,93.22775013198084,247.11523263962155,264.11617064694343,False,dwarf
284.07148625562337,-30.052882311463613,,,simbad,,,,,,,,,93.86783769787718,223.45205896051647,242.36747638197897,False,dwarf
284.07672449796206,-30.016062430666388,,,simbad,,,,,,,,,95.91500929973517,240.16039086320507,258.60530224366187,False,dwarf
284.0938925016087,-30.31231030381972,,,simbad,,,,,,,,,102.62448306090887,105.7273703607442,147.34334517349856,False,dwarf
284.1013036044808,-30.286147366917216,,,simbad,,,,,,,,,105.52083614220084,117.59973452519112,158.00108993467302,False,dwarf
284.1859250730091,-30.390293826929447,,,simbad,,,,,,,,,138.5919802547528,70.33957010592995,155.42005055211126,False,dwarf
284.18637107124033,-30.34178997704528,,,simbad,,,,,,,,,138.76628202514317,92.34991899559542,166.68709777776624,False,dwarf
284.18847765974,-30.172436330921673,,,simbad,,,,,,,,,139.58956355252374,169.2001658485678,219.34890557275847,False,dwarf
284.19887783450673,-30.047924364058336,,,simbad,,,,,,,,,143.65408387447624,225.7019041259496,267.54036207625643,False,dwarf
284.1989360162725,-30.15667855605028,,,simbad,,,,,,,,,143.67682204711858,176.35081726020596,227.4700858176783,False,dwarf
284.20876547352964,-30.313291985439726,,,simbad,,,,,,,,,147.51829872143523,105.28189737238458,181.2344513937566,False,dwarf
284.22083778384047,-30.297186374568057,,,simbad,,,,,,,,,152.2363108406359,112.59039175403029,189.3475393388906,False,dwarf
284.2312790633538,-30.129316277443614,,,simbad,,,,,,,,,156.31689541933284,188.7674254260987,245.0879692998748,False,dwarf
284.2325088461371,-30.057130326594717,,,simbad,,,,,,,,,156.7975101423015,221.5243708419965,271.40100601097174,False,dwarf
284.24161158456667,-30.316164072804725,,,simbad,,,,,,,,,160.35497587362653,103.97858546835704,191.1158405874086,False,dwarf
284.24450996506334,-30.23531003425806,,,simbad,,,,,,,,,161.4876997646898,140.66898430887264,214.1635830896104,False,dwarf
284.24538853597664,-30.19532003177556,,,simbad,,,,,,,,,161.831056430461,158.81587180008205,226.74164143584025,False,dwarf
284.2469844502133,-30.367733368892495,,,simbad,,,,,,,,,162.45475997317322,80.5771812170042,181.34009807767077,False,dwarf
284.24834328207544,-30.138468057974997,,,simbad,,,,,,,,,162.98580871434044,184.61447915609264,246.26587209019226,False,dwarf
284.25273035633705,-30.163405434149446,,,simbad,,,,,,,,,164.70033302669884,173.29825680872779,239.07840871155486,False,dwarf
284.2530806664346,-30.21810768654416,,,simbad,,,,,,,,,164.8372386597594,148.47516208256616,221.8472199609875,False,dwarf
284.16046886921623,-30.37161214188723,,,simbad,,,,,,,,,128.6433726633922,78.817049864919,150.86830243500964,False,dwarf
284.1616017127104,-30.075593918597228,,,simbad,,,,,,,,,129.0861022815963,213.14585856509026,249.18743713458792,False,dwarf
284.1762404235875,-30.355407578496663,,,simbad,,,,,,,,,134.807096320788,86.17044747526936,159.99468502587942,False,dwarf
284.1809672047142,-30.05292243087444,,,simbad,,,,,,,,,136.65438238834986,223.43385334938137,261.91049434586273,False,dwarf
284.2921735904174,-30.251629573306946,,,simbad,,,,,,,,,180.1152496101768,133.26341239979112,224.05499375504465,False,dwarf
284.2979882182687,-30.38370583651444,,,simbad,,,,,,,,,182.38767998718998,73.32910532555292,196.5767623574965,False,dwarf
284.29985077945537,-30.111538882346665,,,simbad,,,,,,,,,183.11559254288096,196.8345514247103,268.84040036218016,False,dwarf
284.3005387955616,-30.2257907874975,,,simbad,,,,,,,,,183.3844779710777,144.9886814641941,233.77678352105502,False,dwarf
284.3085267069779,-30.39954541244444,,,simbad,,,,,,,,,186.50625515365778,66.14133377100262,197.88698604114538,False,dwarf
284.3147079638012,-30.39694917612861,,,simbad,,,,,,,,,188.92196878701773,67.31946843964964,200.5577750209647,False,dwarf
284.3245518762746,-30.253920391951105,,,simbad,,,,,,,,,192.76909474336665,132.22387187421702,233.75858525749686,False,dwarf
284.3246134489475,-30.168067175500553,,,simbad,,,,,,,,,192.79315812556987,171.1828256869439,257.823120821616,False,dwarf
284.3338215665854,-30.235514765490837,,,simbad,,,,,,,,,196.39180738921806,140.57608022243872,241.51889437538682,False,dwarf
284.34044643156994,-30.278897746368887,,,simbad,,,,,,,,,198.9808887232911,120.88950797549414,232.82540070977612,False,dwarf
284.3470221543304,-30.388489652181384,,,simbad,,,,,,,,,201.55076465238253,71.15827863643975,213.74333054030313,False,dwarf
284.2581270886284,-30.352951626466112,,,simbad,,,,,,,,,166.8094445139766,87.28492315457869,188.26589863584468,False,dwarf
284.26563897447915,-30.34387826912,,,simbad,,,,,,,,,169.74518486269994,91.40228211196977,192.78953539896372,False,dwarf
284.2706876588821,-30.27443930119833,,,simbad,,,,,,,,,171.71827481697392,122.912686216885,211.1745589297352,False,dwarf
284.27524904040035,-30.205200067770832,,,simbad,,,,,,,,,173.50092061793117,154.33245368342165,232.2091206546701,False,dwarf
284.28023589024997,-30.136829967790554,,,simbad,,,,,,,,,175.44984484381348,185.35782090233477,255.22572328309747,False,dwarf
284.36881904307,-30.179566799730278,,,simbad,,,,,,,,,210.0692654684235,165.96446174262303,267.7186935123537,False,dwarf
284.3707310078621,-30.32592770851944,,,simbad,,,,,,,,,210.81648558026262,99.54798812349085,233.13814044863562,False,dwarf
284.39315777018624,-30.383023293323888,,,simbad,,,,,,,,,219.5811489889409,73.63883360057089,231.5999974208895,False,dwarf
284.40041154123793,-30.214744849925278,,,simbad,,,,,,,,,222.4160147976067,150.00116893392357,268.27082271464536,False,dwarf
284.40520930844707,-30.301323449038613,,,simbad,,,,,,,,,224.2910431273111,110.71304691033478,250.12766896788392,False,dwarf
284.40710614738293,-30.299010951448338,,,simbad,,,,,,,,,225.03235186253053,111.76242502959765,251.25763477609627,False,dwarf
284.4105847473262,-30.40804158543084,,,simbad,,,,,,,,,226.3918328788032,62.28589276777896,234.80373598412615,False,dwarf
284.41374533233784,-30.377703665780835,,,simbad,,,,,,,,,227.62702962280648,76.05280400632752,239.99602832573476,False,dwarf
284.41524304317414,-30.301036498043608,,,simbad,,,,,,,,,228.21235403004872,110.8432611413559,253.70673438516982,False,dwarf
284.4281225371196,-30.3974100526025,,,simbad,,,,,,,,,233.245823760296,67.11032932987715,242.70848894174185,False,dwarf
284.27139016069,-30.376147476244718,,,simbad,,,,,,,,,171.99282144127937,76.75898041727658,188.3440248641609,False,dwarf
284.3668743010308,-30.350210694904447,,,simbad,,,,,,,,,209.3092355923397,88.5287184429726,227.26128155364407,False,dwarf
284.37346416813114,-30.289366964828055,,,simbad,,,,,,,,,211.88463930899147,116.13872733769482,241.62637348336136,False,dwarf
284.04369707131036,-30.261591066375274,,,simbad,,,,,,,,,83.0074717036559,128.74303023591006,153.1829239600736,False,dwarf
284.047901577695,-30.28355388697223,,,simbad,,,,,,,,,84.65064617210732,118.77661839242748,145.854780429356,False,dwarf
284.0679422302287,-30.116662740143056,,,simbad,,,,,,,,,92.48278758465484,194.5094185119851,215.37636799170647,False,dwarf
284.1055663048953,-30.241559870259998,,,simbad,,,,,,,,,107.1867535762672,137.83289869434245,174.6050059554545,False,dwarf
284.1496538839571,-30.21042112750361,,,simbad,,,,,,,,,124.41673913528938,151.96321193113448,196.39842860238352,False,dwarf
284.1780005932288,-30.07031977979861,,,simbad,,,,,,,,,135.4949929607414,215.53918683341044,254.58993337961965,False,dwarf
284.17853284377253,-30.027755114296106,,,simbad,,,,,,,,,135.70300322979924,234.85441934215666,271.2414116062082,False,dwarf
284.1959039273825,-30.38603260822111,,,simbad,,,,,,,,,142.49184321860412,72.27324981773808,159.77280126183064,False,dwarf
284.2000573043979,-30.108280304234167,,,simbad,,,,,,,,,144.11503568049503,198.3132472666198,245.14748122430677,False,dwarf
284.2148193541388,-30.302652452644725,,,simbad,,,,,,,,,149.8842321133741,110.10996420419828,185.98249179228037,False,dwarf
284.2330840629967,-30.23920535158278,,,simbad,,,,,,,,,157.02231219301422,138.90134537798903,209.6415757292809,False,dwarf
284.2495003141717,-30.322784942416387,,,simbad,,,,,,,,,163.43799154530382,100.97413014256928,192.1139038133662,False,dwarf
284.26691591119584,-30.3129150671689,,,simbad,,,,,,,,,170.24422794143186,105.45293745814321,200.25838101294354,False,dwarf
284.2672124452104,-30.123130174071388,,,simbad,,,,,,,,,170.3601171986228,191.57459009066469,256.36574088659876,False,dwarf
284.3693614702099,-30.80656092333,,,simbad,,,,,,,,,210.2812528804377,-118.5564462916342,241.39974372452787,False,dwarf
284.20947435367543,-30.961101119113888,,,simbad,,,,,,,,,147.795338081158,-188.6845626123772,239.67754614637533,False,dwarf
284.0443284048479,-30.870737245919432,,,simbad,,,,,,,,,83.25420486446592,-147.67873769783213,169.5295614211267,False,dwarf
284.4878962227583,-30.669575822713053,,,simbad,,,,,,,,,256.60613889397285,-56.394579461157115,262.7300118194982,False,dwarf
284.47203116976124,-30.73098481673778,,,simbad,,,,,,,,,250.40587478672418,-84.26109699895056,264.2026392660966,False,dwarf
284.29837810681494,-30.75263899395611,,,simbad,,,,,,,,,182.5400533804349,-94.08745091997628,205.36143627456195,False,dwarf
283.3072051916242,-30.824569775023058,,,simbad,,,,,,,,,-204.82290413845092,-126.72860396186204,240.85796877378073,False,dwarf
283.4225357257267,-30.852318229398062,,,simbad,,,,,,,,,-159.75026736893042,-139.32045313262532,211.96777251630684,False,dwarf
283.50592747042083,-30.87899055318139,,,simbad,,,,,,,,,-127.15971494128544,-151.42396973122962,197.73419459747805,False,dwarf
283.50541666666663,-31.0125,,,simbad,,,,,,,,,-127.35934353274665,-212.00863489825505,247.3217816054902,False,dwarf
283.5513038578,-30.905439515610002,,,simbad,,,,,,,,,-109.42604673129637,-163.42612816223445,196.6778052280911,False,dwarf
283.47951330413,-30.96977504905,,,simbad,,,,,,,,,-137.48270643751346,-192.62066716066118,236.6520990542905,False,dwarf
283.43074173145,-30.84566769277999,,,simbad,,,,,,,,,-156.54325616263444,-136.30253534637183,207.5672714852925,False,dwarf
283.5882747541999,-30.91660019083,,,simbad,,,,,,,,,-94.9773510979787,-168.49068192493633,193.4161500938295,False,dwarf
283.46708041869,-30.894164097710007,,,simbad,,,,,,,,,-142.34163589446737,-158.30950582300994,212.89208755385613,False,dwarf
283.37687262047996,-30.832528342409997,,,simbad,,,,,,,,,-177.59598856126058,-130.34008728260437,220.29269962004716,False,dwarf
283.38229486814,-30.788431035590012,,,simbad,,,,,,,,,-175.47690534399223,-110.32936420555961,207.27931135332207,False,dwarf
283.58115754594576,-30.885599653619167,,,simbad,,,,,,,,,-97.75884643179015,-154.4230843753187,182.76564514060382,False,dwarf
283.71172619462874,-30.83360791993972,,,simbad,,,,,,,,,-46.73096104677671,-130.82998402563373,138.9254024305956,False,dwarf
283.5865888681353,-30.828628900894447,,,simbad,,,,,,,,,-95.63621677319219,-128.57057685328522,160.2394433061833,False,dwarf
283.63506949134,-30.92106379767,,,simbad,,,,,,,,,-76.68937379643964,-170.51620245762234,186.96800623063532,False,dwarf
283.48368047325334,-30.969391306500835,,,simbad,,,,,,,,,-135.85412384477084,-192.44653031562464,235.56742133867527,False,dwarf
283.65699001250164,-30.796824062586108,,,simbad,,,,,,,,,-68.12255586045018,-114.13799904311661,132.92165151895549,False,dwarf
283.77247197091,-30.882786411350004,,,simbad,,,,,,,,,-22.990740549974298,-153.14647552873595,154.8625749427858,False,dwarf
283.44752649655834,-31.037114202920556,,,simbad,,,,,,,,,-149.9835568871821,-223.17820587491633,268.8932481749535,False,dwarf
283.49364621602786,-30.85853064591278,,,simbad,,,,,,,,,-131.95938506020093,-142.13955832249005,193.95085291273904,False,dwarf
283.5147162799042,-31.057889015498336,,,simbad,,,,,,,,,-123.72493662727834,-232.60551678005737,263.4638236645433,False,dwarf
283.5159746425671,-31.03403850030889,,,simbad,,,,,,,,,-123.2331525245586,-221.7824963028856,253.7200929124073,False,dwarf
283.5680794754975,-30.958812377734727,,,simbad,,,,,,,,,-102.86992238013711,-187.64596471975904,213.993525617259,False,dwarf
283.690021537185,-31.017628373871112,,,simbad,,,,,,,,,-55.21341670158742,-214.33581714068418,221.33315136514895,False,dwarf
283.59769506463954,-30.926052462445554,,,simbad,,,,,,,,,-91.295774193769,-172.77998672352646,195.41709801811518,False,dwarf
283.63948154770367,-30.89476431908611,,,simbad,,,,,,,,,-74.96508616148968,-158.58187764360986,175.40802735385978,False,dwarf
283.73830673632995,-31.073425426083052,,,simbad,,,,,,,,,-36.342947928150124,-239.6557162648283,242.39569344878245,False,dwarf
283.47539778157085,-30.88573080688861,,,simbad,,,,,,,,,-139.0911048973901,-154.48259984110925,207.87306009977596,False,dwarf
283.5526345805,-30.032192095879996,,,simbad,,,,,,,,,-108.90598340752067,232.84098096743722,257.0514260606963,False,dwarf
283.85715288105996,-30.161576256450005,,,simbad,,,,,,,,,10.103634102869432,174.12831131866935,174.42119201741542,False,dwarf
283.89199511597,-30.117265637,,,simbad,,,,,,,,,23.720421804073116,194.23583259669107,195.67886210598462,False,dwarf
283.95513433573,-29.99590842052001,,,simbad,,,,,,,,,48.396030395501455,249.30599056110657,253.9599430770468,False,dwarf
283.48245514629,-30.101243835650003,,,simbad,,,,,,,,,-136.3329971767144,201.50629542379738,243.29297814488754,False,dwarf
283.90531881474294,-29.980827883321666,,,simbad,,,,,,,,,28.92749241978097,256.14932126520085,257.77756807433724,False,dwarf
283.4867275583479,-30.15754001675333,,,simbad,,,,,,,,,-134.6632843091365,175.959898793443,221.5763663487648,False,dwarf
283.7545616800163,-30.101259728453062,,,simbad,,,,,,,,,-29.990309590112485,201.49908349853663,203.71867690533688,False,dwarf
283.7273333333333,-30.076999999999998,,,simbad,,,,,,,,,-40.63149311906324,212.5077990643247,216.35730377375265,False,dwarf
283.48424611002997,-30.241286315840007,,,simbad,,,,,,,,,-135.63306581209022,137.95703375246003,193.46439389035956,False,dwarf
283.82860000000005,-30.028475000000004,,,simbad,,,,,,,,,-1.055194274629453,234.5277455721102,234.53011934097862,False,dwarf
283.79479249178,-30.065765307370004,,,simbad,,,,,,,,,-14.267597650215151,217.6059408622424,218.07317542799746,False,dwarf
283.46590497153,-30.23928334705,,,simbad,,,,,,,,,-142.80101556608292,138.8659521576676,199.18805866657843,False,dwarf
283.90579924088166,-30.10788577448528,,,simbad,,,,,,,,,29.11524905347435,198.49227918761358,200.61625712922512,False,dwarf
283.8385478132708,-30.126873354732503,,,simbad,,,,,,,,,2.832537432266825,189.87598858779586,189.89711506628524,False,dwarf
283.46839802830704,-30.24073504879583,,,simbad,,,,,,,,,-141.8266973299674,138.20719080190423,198.03040086027232,False,dwarf
283.8246535666667,-30.009783534437506,,,simbad,,,,,,,,,-2.5975105185767666,243.0096635904162,243.02354548319258,False,dwarf
283.64867132316203,-29.97938562173722,,,simbad,,,,,,,,,-71.3736052544363,256.8037988116159,266.5377695770207,False,dwarf
283.4155929031,-30.119454329039996,,,simbad,,,,,,,,,-162.46361058583904,193.24263565402688,252.46215755851833,False,dwarf
283.67877597063,-30.231254441810005,,,simbad,,,,,,,,,-59.608326866044685,142.50935378365014,154.47352053864373,False,dwarf
283.68642003242456,-29.992505454753335,,,simbad,,,,,,,,,-56.620930480593316,250.85020744209552,257.1609541556232,False,dwarf
284.44938347534,-30.784339546270004,,,simbad,,,,,,,,,241.5548683099273,-108.47270524700892,264.7925266842529,False,dwarf
284.43849079640876,-30.742075307145004,,,simbad,,,,,,,,,237.2978711084679,-89.29380190388957,253.5422305870604,False,dwarf
284.4575882923071,-30.763326226010278,,,simbad,,,,,,,,,244.76141493519816,-98.93716298899302,264.0013493552463,False,dwarf
284.4609516771588,-30.724340057370274,,,simbad,,,,,,,,,246.0758684311078,-81.24580084584233,259.1412996401889,False,dwarf
284.46249208251,-30.79941012991389,,,simbad,,,,,,,,,246.67787839674673,-115.31151917136695,272.29895729497144,False,dwarf
284.46443065373876,-30.744884541276118,,,simbad,,,,,,,,,247.43549664178607,-90.56859191512024,263.4900279704242,False,dwarf
284.4752484259113,-30.75458591499028,,,simbad,,,,,,,,,251.6632193310266,-94.97093566036364,268.98671823021544,False,dwarf
284.3773498098133,-30.440416571219448,,,simbad,,,,,,,,,213.4031974039661,47.59459023804213,218.64622037017529,False,dwarf
284.38631211786617,-30.46336715268945,,,simbad,,,,,,,,,216.90578116137948,37.179946728674864,220.0692307888028,False,dwarf
284.38922978111833,-30.505550794920833,,,simbad,,,,,,,,,218.04604099806681,18.037617095729928,218.7908399029146,False,dwarf
284.394570093415,-30.523835326464717,,,simbad,,,,,,,,,220.13310283522003,9.740359877465243,220.34849120065263,False,dwarf
284.39681937709753,-30.460433987848333,,,simbad,,,,,,,,,221.0121514514745,38.51097471218567,224.34229708749106,False,dwarf
284.4032330588925,-30.53709822186195,,,simbad,,,,,,,,,223.51869971426004,3.721848858703636,223.54968414399647,False,dwarf
284.4065545935283,-30.65320759606333,,,simbad,,,,,,,,,224.8167976145411,-48.96691381964735,230.08770314529696,False,dwarf
284.4086136000958,-30.506662312434166,,,simbad,,,,,,,,,225.62148351879577,17.533226447896453,226.3017186300083,False,dwarf
284.40925048875,-30.469743446092775,,,simbad,,,,,,,,,225.8703876897131,34.286476565682065,228.45786156398813,False,dwarf
284.41783881292713,-30.57099038184778,,,simbad,,,,,,,,,229.22681380104925,-11.657925482797538,229.5230694112105,False,dwarf
284.4180132037717,-30.655942576594164,,,simbad,,,,,,,,,229.29496795687172,-50.20800861591268,234.72755794648057,False,dwarf
284.42033164798295,-30.487629408633612,,,simbad,,,,,,,,,230.20104538568557,26.1700842238064,231.68382465106103,False,dwarf
284.42074994684083,-30.637804162151664,,,simbad,,,,,,,,,230.36452188937818,-41.97705723497758,234.15782344271648,False,dwarf
284.42371564985456,-30.442389634058888,,,simbad,,,,,,,,,231.52355627471147,46.699242722719525,236.1863170909038,False,dwarf
284.4350028129412,-30.454575608217496,,,simbad,,,,,,,,,235.93472289179297,41.169423060322345,239.49971787279196,False,dwarf
284.4441655470083,-30.451351236809714,,,simbad,,,,,,,,,239.51563567985002,42.63259639202044,243.28024582823727,False,dwarf
284.4456854652075,-30.535039528978064,,,simbad,,,,,,,,,240.10963900641642,4.656054055593328,240.15477838918844,False,dwarf
284.50064218679074,-30.477476325317227,,,simbad,,,,,,,,,261.5874234391405,30.777407284412472,263.39177834677906,False,dwarf
284.50159235192245,-30.46059070745222,,,simbad,,,,,,,,,261.9587600343224,38.439857611839216,264.76407349173746,False,dwarf
284.5133154184875,-30.438378181408332,,,simbad,,,,,,,,,266.54028326424054,48.51958219276176,270.92041720538845,False,dwarf
284.5154124356425,-30.459346149652227,,,simbad,,,,,,,,,267.35982418862034,39.00462002671268,270.1899997660872,False,dwarf
284.45747359407335,-30.5269067116525,,,simbad,,,,,,,,,244.71658940942228,8.346609490245571,244.85888797869362,False,dwarf
284.4601001801062,-30.48779273980417,,,simbad,,,,,,,,,245.74309257378357,26.09596688967497,247.12480052725218,False,dwarf
284.4717630431816,-30.530963876648617,,,simbad,,,,,,,,,250.30108751573124,6.505526415795604,250.38561517288562,False,dwarf
284.48233396300293,-30.441473769623887,,,simbad,,,,,,,,,254.43233717249856,47.114848819930664,258.7578466025425,False,dwarf
284.48289837038874,-30.455927980006116,,,simbad,,,,,,,,,254.65291474363113,40.55573620933717,257.86212348250837,False,dwarf
284.3831378828483,-30.45500379311222,,,simbad,,,,,,,,,215.6652498216678,40.975118918597396,219.5232569707264,False,dwarf
284.4513031380883,-30.543183957195012,,,simbad,,,,,,,,,242.3050968807452,0.9602297655646463,242.30699951835894,False,dwarf
284.47979990769664,-30.58944881066028,,,simbad,,,,,,,,,253.44199619068604,-20.03409477839768,254.23259111827016,False,dwarf
284.45391349907914,-30.28373888482612,,,simbad,,,,,,,,,243.3252590927207,118.692669029278,270.73073596072055,False,dwarf
284.43012231572754,-30.307466797125553,,,simbad,,,,,,,,,234.02736262611253,107.92528397879053,257.71432513470523,False,dwarf
284.45924025169,-30.425744127479724,,,simbad,,,,,,,,,245.4070216325341,54.252734004909044,251.3323803523105,False,dwarf
284.4650469614742,-30.397611139778054,,,simbad,,,,,,,,,247.67635752838595,67.01907886415559,256.58358289323337,False,dwarf
284.4715448486925,-30.33977622729361,,,simbad,,,,,,,,,250.21581433952775,93.26372964602126,267.0319775103333,False,dwarf
284.4785243233675,-30.33638531103056,,,simbad,,,,,,,,,252.94348164218619,94.80247863571134,270.1257389823219,False,dwarf
284.4838416500012,-30.369657468984173,,,simbad,,,,,,,,,255.02156039045556,79.70405229182288,267.186699174417,False,dwarf
284.42357644692873,-30.317212236526938,,,simbad,,,,,,,,,231.46915400421662,103.5029438589885,253.55636186636036,False,dwarf
283.33396495536874,-30.502271970625554,,,simbad,,,,,,,,,-194.36484877018313,19.525500363950954,195.34313297866092,False,dwarf
283.280839075612,-30.486519336400832,,,simbad,,,,,,,,,-215.12711697583595,26.673819024128687,216.77446593099236,False,dwarf
283.21110566038,-30.546437240411947,,,simbad,,,,,,,,,-242.379820866513,-0.5160633289569283,242.38037025436367,False,dwarf
283.29558597215873,-30.458988604491104,,,simbad,,,,,,,,,-209.36384260359898,39.16686887415332,212.9959206349964,False,dwarf
283.3260493461,-30.484766576730003,,,simbad,,,,,,,,,-197.45836935566058,27.469196132684502,199.3598865488551,False,dwarf
283.30255013448993,-30.43964120994,,,simbad,,,,,,,,,-206.64215955929157,47.94643802573128,212.13166436598522,False,dwarf
283.30663671655,-30.421648390539996,,,simbad,,,,,,,,,-205.04507141385764,56.111320472147064,212.5840106787008,False,dwarf
283.28848296179,-30.5448467131,,,simbad,,,,,,,,,-212.13978922355787,0.20569507038947776,212.13988894660415,False,dwarf
283.27508049984,-30.489076001839997,,,simbad,,,,,,,,,-217.37764148872165,25.513641049708102,218.8697898267656,False,dwarf
283.31738793124,-30.489898038880007,,,simbad,,,,,,,,,-200.84336023367644,25.140612473749435,202.41073525262826,False,dwarf
283.30378466047,-30.53437809341,,,simbad,,,,,,,,,-206.1596911348144,4.956203995358566,206.21925760424432,False,dwarf
283.2306558411458,-30.408662821941935,,,simbad,,,,,,,,,-234.73936204706985,62.003984581420646,242.79016083490365,False,dwarf
283.14654260506336,-30.4399838724375,,,simbad,,,,,,,,,-267.6118824681003,47.790942716813724,271.84571698645925,False,dwarf
283.17279752585,-30.55774955721,,,simbad,,,,,,,,,-257.35112613641024,-5.649429856978028,257.4131274457219,False,dwarf
283.21939529038,-30.512136546830003,,,simbad,,,,,,,,,-239.14012823131955,15.049097677832357,239.61318050434724,False,dwarf
283.19143660558,-30.42160517872,,,simbad,,,,,,,,,-250.0667371675442,56.130929374050176,256.28900536311784,False,dwarf
283.19406512625915,-30.57332715529333,,,simbad,,,,,,,,,-249.03947791885938,-12.718319635746544,249.36402550579558,False,dwarf
283.19423665169086,-30.484640194908057,,,simbad,,,,,,,,,-248.97244360275545,27.52654638428309,250.48949764286192,False,dwarf
283.1434868188454,-30.559594376406388,,,simbad,,,,,,,,,-268.8061225131699,-6.486582253082851,268.88437524313554,False,dwarf
283.1452022245763,-30.578001635608054,,,simbad,,,,,,,,,-268.1357201776591,-14.839531515848048,268.546040988881,False,dwarf
283.15131044119335,-30.574872320235276,,,simbad,,,,,,,,,-265.74855158407337,-13.419493244553493,266.08715765322745,False,dwarf
283.1648272898317,-30.46118290020611,,,simbad,,,,,,,,,-260.4659955490535,38.17112906443132,263.24811477276154,False,dwarf
283.1672228243679,-30.57500623929389,,,simbad,,,,,,,,,-259.5297902426291,-13.480263785656588,259.8796443262033,False,dwarf
283.2373348050812,-30.421581580173886,,,simbad,,,,,,,,,-232.12913815622275,56.14163805458738,238.8217333171398,False,dwarf
283.24712041206004,-30.522457361740557,,,simbad,,,,,,,,,-228.30479872730913,10.365660434201285,228.53999220739092,False,dwarf
283.24714723214504,-30.46347684977638,,,simbad,,,,,,,,,-228.29431709762517,37.130167769657604,231.29406515877997,False,dwarf
283.2530517754825,-30.521312831802508,,,simbad,,,,,,,,,-225.9867466072097,10.885031645172738,226.2487426617607,False,dwarf
283.197470510505,-30.572772025333336,,,simbad,,,,,,,,,-247.70861052657,-12.466409650708332,248.02211010025542,False,dwarf
283.20759222370043,-30.509898063524993,,,simbad,,,,,,,,,-243.7529165215552,16.064889179839614,244.2817327945845,False,dwarf
283.2110006118775,-30.447225289281388,,,simbad,,,,,,,,,-242.42087515479898,44.5048919894997,246.47224209191523,False,dwarf
283.21797753320413,-30.52406225226889,,,simbad,,,,,,,,,-239.69420573312124,9.637384214010503,239.88787263327904,False,dwarf
283.2218923304079,-30.43073024116028,,,simbad,,,,,,,,,-238.16425329020382,51.99010738919307,243.77280982837317,False,dwarf
283.2225718699771,-30.487260452148607,,,simbad,,,,,,,,,-237.89868060026768,26.337511365765785,239.35213961084622,False,dwarf
283.2253860997863,-30.483113345010555,,,simbad,,,,,,,,,-236.79884386610755,28.219408889556654,238.47437492192148,False,dwarf
283.2878466526005,-30.44515493297806,,,simbad,,,,,,,,,-212.38846693233538,45.44438987824462,217.19588729364472,False,dwarf
283.29000124836125,-30.424841668295834,,,simbad,,,,,,,,,-211.54642355791108,54.66225699212668,218.49451173797573,False,dwarf
283.2969468603408,-30.490480957774444,,,simbad,,,,,,,,,-208.83199022649285,24.87609227026799,210.30839286294994,False,dwarf
283.3027254056979,-30.53843309690805,,,simbad,,,,,,,,,-206.5736613462613,3.1161017776173416,206.5971627401701,False,dwarf
283.311301206085,-30.456828297586387,,,simbad,,,,,,,,,-203.22212969106812,40.147185051015114,207.14977785093993,False,dwarf
283.32422714517463,-30.40973066117055,,,simbad,,,,,,,,,-198.1705086088769,61.519414510467165,207.49985263612027,False,dwarf
283.3257855859758,-30.520240255536116,,,simbad,,,,,,,,,-197.56145016046034,11.37175131568191,197.88846180990384,False,dwarf
283.33647801257416,-30.47591402788972,,,simbad,,,,,,,,,-193.38271411275292,31.486355368554932,195.9292338881813,False,dwarf
283.33899734890457,-30.53210723531055,,,simbad,,,,,,,,,-192.39812549358584,5.9866867130635715,192.49124424566946,False,dwarf
283.3409907149962,-30.462099292233333,,,simbad,,,,,,,,,-191.61909272053663,37.75528355346647,195.30319539435158,False,dwarf
283.34141027086076,-30.504056563372224,,,simbad,,,,,,,,,-191.4551249627048,18.715677863800238,192.36772461196927,False,dwarf
283.2643407837729,-30.551636831700833,,,simbad,,,,,,,,,-221.57485886106522,-2.875563010432236,221.59351737342845,False,dwarf
283.2740595640742,-30.47001743728027,,,simbad,,,,,,,,,-217.77663614606337,34.162143308758885,220.43982237005875,False,dwarf
283.2844432595146,-30.526367016699165,,,simbad,,,,,,,,,-213.71855615404036,8.5915152914402,213.89117648835062,False,dwarf
283.30642606097,-30.503815722050003,,,simbad,,,,,,,,,-205.12739828863735,18.824968189038227,205.9893903966502,False,dwarf
283.1386333884937,-30.52621496040417,,,simbad,,,,,,,,,-270.7029047056025,8.660516249336947,270.84140591452325,False,dwarf
283.16166101324666,-30.405868568851933,,,simbad,,,,,,,,,-261.703416632209,63.2719764118399,269.24342383061463,False,dwarf
283.1698030658504,-30.443812278610558,,,simbad,,,,,,,,,-258.5213991168897,46.05366710340242,262.59142037588583,False,dwarf
283.1701276414925,-30.496234189043335,,,simbad,,,,,,,,,-258.39455083567645,22.265358735227725,259.35205821658593,False,dwarf
283.19027138071084,-30.49500854513361,,,simbad,,,,,,,,,-250.52212183815504,22.821538298951396,251.55944852185917,False,dwarf
283.2042324827575,-30.474924950900277,,,simbad,,,,,,,,,-245.06594593167748,31.93518426911246,247.13796521313765,False,dwarf
283.2388244148633,-30.564558092650554,,,simbad,,,,,,,,,-231.54697974379633,-8.73904523456348,231.71183556323956,False,dwarf
283.27201809316784,-30.189309161027495,,,simbad,,,,,,,,,-218.57446889134815,161.54351842218472,271.79239650025835,False,dwarf
284.50734567375,-30.66895003968,,,simbad,,,,,,,,,264.20723123902707,-56.11060812857849,270.09972488610873,False,dwarf
284.0070801819154,-31.058508206248607,,,simbad,,,,,,,,,68.69712650174182,-232.8864966296016,242.80736294850234,False,dwarf
284.02964693388833,-30.95352824126,,,simbad,,,,,,,,,77.51649964223986,-185.2480996499315,200.81251490058165,False,dwarf
283.69430211755,-30.887105440959992,,,simbad,,,,,,,,,-53.54051155588481,-155.10638899555707,164.0871057850278,False,dwarf
284.13837546984,-30.99448278786,,,simbad,,,,,,,,,120.0089917265767,-203.83268337755123,236.537356263493,False,dwarf
283.87002688329994,-30.9971442066,,,simbad,,,,,,,,,15.134957604912193,-205.04039689201957,205.59822786040593,False,dwarf
283.74823816262,-30.952860868360002,,,simbad,,,,,,,,,-32.46162046133128,-184.9452554344,187.77248017393546,False,dwarf
283.7422887323812,-30.83784672966361,,,simbad,,,,,,,,,-34.78673332258614,-132.75349486286615,137.23559018549727,False,dwarf
283.75646035302503,-31.131449948281116,,,simbad,,,,,,,,,-29.24828407595616,-265.9864092053985,267.58967095792303,False,dwarf
284.19206935642,-30.99307501535,,,simbad,,,,,,,,,140.9932442092091,-203.1938564766682,247.31930418489074,False,dwarf
284.1723494886846,-31.067640383394444,,,simbad,,,,,,,,,133.28646956796035,-237.03054716542727,271.9352188655097,False,dwarf
284.275908,-30.913521,,,simbad,,,,,,,,,173.7584503945211,-167.0933894496387,241.064721353569,False,dwarf
283.90488646767,-31.008818107670002,,,simbad,,,,,,,,,28.758525695323996,-210.33784515783327,212.29475242174323,False,dwarf
284.3089526469912,-30.800830506532222,,,simbad,,,,,,,,,186.6727179178601,-115.95606563518123,219.75557506564294,False,dwarf
283.64239594562,-30.742146845029993,,,simbad,,,,,,,,,-73.82610245948474,-89.32626476634687,115.88561162398825,False,dwarf
283.67292608312,-30.669165671350008,,,simbad,,,,,,,,,-61.894537165280674,-56.208458676522135,83.60816083191047,False,dwarf
284.4927253152799,-30.67120737051,,,simbad,,,,,,,,,258.4934095534445,-57.13495236612576,264.7324036918115,False,dwarf
283.67368983366,-30.719739521700006,,,simbad,,,,,,,,,-61.59605375895566,-79.15814398100008,100.29997805180665,False,dwarf
284.09098074301,-30.73737157976,,,simbad,,,,,,,,,101.48653083774813,-87.15931812429245,133.77691384305746,False,dwarf
283.838347,-30.944752,,,simbad,,,,,,,,,2.7540570568467126,-181.26556769558744,181.28648836103577,False,dwarf
283.98098484081,-30.673903324350004,,,simbad,,,,,,,,,58.49873593522843,-58.35833741186214,82.63048863159611,False,dwarf
283.77175953519,-30.74395543726,,,simbad,,,,,,,,,-23.26916947324574,-90.146977886576,93.10172860939507,False,dwarf
284.03262489153,-30.808024583999998,,,simbad,,,,,,,,,78.68032329175112,-119.22063443504327,142.84310605832084,False,dwarf
283.75226956087505,-30.938610469818062,,,simbad,,,,,,,,,-30.886098847414694,-178.4786297031653,181.13136769409067,False,dwarf
284.11002838422706,-30.80237428753917,,,simbad,,,,,,,,,108.930590822169,-116.65661123420578,159.60776472814672,False,dwarf
284.30905206495413,-30.782870252247214,,,simbad,,,,,,,,,186.71157171982782,-107.80596076919213,215.59994478537558,False,dwarf
284.045736427965,-30.712835615100555,,,simbad,,,,,,,,,83.80447817252153,-76.02525054432418,113.15047185980225,False,dwarf
284.1865506990979,-30.76929101884666,,,simbad,,,,,,,,,138.8364828721444,-101.64390011804336,172.06699685736953,False,dwarf
283.97548919117213,-30.71480194832639,,,simbad,,,,,,,,,56.35096629324937,-76.91754425786156,95.35061623735328,False,dwarf
284.24571737881877,-30.68923698551111,,,simbad,,,,,,,,,161.9595723876004,-65.31653212666998,174.63433928362625,False,dwarf
283.83274374507,-31.01149280972,,,simbad,,,,,,,,,0.5642339007135101,-211.55158644717397,211.55233888617454,False,dwarf
283.95346682846,-30.707577468209998,,,simbad,,,,,,,,,47.74434738651083,-73.63917917368835,87.76247157377918,False,dwarf
283.7095275159674,-30.81848972180305,,,simbad,,,,,,,,,-47.590232578355334,-123.96956332983633,132.79037189891537,False,dwarf
283.8435139405063,-31.103288259145284,,,simbad,,,,,,,,,4.773362997474397,-253.20704004847096,253.25202886534518,False,dwarf
283.8688560272109,-30.873185379163605,,,simbad,,,,,,,,,14.677372182100171,-148.78966532442828,149.51183819860975,False,dwarf
283.7334494394603,-30.885686020669173,,,simbad,,,,,,,,,-38.2412412048754,-154.46227649940326,159.12569682570935,False,dwarf
283.7402899686524,-31.04542964791361,,,simbad,,,,,,,,,-35.567875560758516,-226.9516351162464,229.72182842264564,False,dwarf
283.7450805196475,-31.056778257116395,,,simbad,,,,,,,,,-33.69566741909322,-232.10147061512342,234.53462572618386,False,dwarf
283.9188181025392,-31.048274189613064,,,simbad,,,,,,,,,34.20318545478197,-228.24244719375474,230.79097165237667,False,dwarf
283.9464680572184,-30.88389384996694,,,simbad,,,,,,,,,45.00913874067978,-153.64901523209795,160.10572273335902,False,dwarf
284.1320115357063,-31.06204678399944,,,simbad,,,,,,,,,117.52188548131961,-234.49225227693705,262.2937474378585,False,dwarf
284.1434880198675,-31.008698063486115,,,simbad,,,,,,,,,122.0070411776415,-210.2833708351588,243.1148167979887,False,dwarf
284.0668100387333,-31.076357953593064,,,simbad,,,,,,,,,92.0403127758582,-240.98645503665762,257.9649020448573,False,dwarf
284.46820149778705,-30.70018747785083,,,simbad,,,,,,,,,248.90919036413626,-70.28570792377641,258.6423511068445,False,dwarf
284.3943607299137,-30.83740386638055,,,simbad,,,,,,,,,220.05128092120282,-132.55252987980182,256.89052028558365,False,dwarf
283.7887868933821,-31.09418340185111,,,simbad,,,,,,,,,-16.614661741082156,-249.07538686807618,249.62891524871952,False,dwarf
284.33811648614994,-30.849342979820005,,,simbad,,,,,,,,,198.07031647608966,-137.97032770127782,241.38695406946977,False,dwarf
284.3245240119,-30.77670728638,,,simbad,,,,,,,,,192.75820499205668,-105.00929557134798,219.5055301083562,False,dwarf
284.3574910277,-30.92284354699,,,simbad,,,,,,,,,205.64213326042866,-171.32382708046933,267.6575063348653,False,dwarf
284.26680940679,-30.935893621299993,,,simbad,,,,,,,,,170.20260466762184,-177.24576295329197,245.73356938061463,False,dwarf
284.37957141696,-30.58868528325,,,simbad,,,,,,,,,214.27142967866877,-19.687617030194502,215.1739943414824,False,dwarf
284.2251570535146,-30.9444820441675,,,simbad,,,,,,,,,153.92433625944727,-181.14306562467263,237.7088797601298,False,dwarf
284.38327783269995,-30.89553089681,,,simbad,,,,,,,,,215.71994400024184,-158.92973958022316,267.9435693621047,False,dwarf
284.1657688846509,-30.823843332625007,,,simbad,,,,,,,,,130.7146859753396,-126.39895485838726,181.8324088795071,False,dwarf
284.16602767413417,-30.82167182390139,,,simbad,,,,,,,,,130.81582419054507,-125.41355545735166,181.22179711918162,False,dwarf
284.16935695878544,-30.82437111272028,,,simbad,,,,,,,,,132.11695089526745,-126.6384538685017,183.00870665645158,False,dwarf
284.1934861921025,-30.712493688473053,,,simbad,,,,,,,,,141.54696157969002,-75.8700891626205,160.5982962611566,False,dwarf
284.2761898774033,-30.628299077491945,,,simbad,,,,,,,,,173.86861166195234,-37.663786637161856,177.90125054395892,False,dwarf
284.27805573430163,-30.90608089597333,,,simbad,,,,,,,,,174.59781222360323,-163.717177338774,239.34851198418633,False,dwarf
284.20898373619,-30.612171217532218,,,simbad,,,,,,,,,147.60359853980702,-30.345195939619707,150.69058769052046,False,dwarf
284.20217053359704,-30.87528988338361,,,simbad,,,,,,,,,144.94091247752266,-149.7446590462197,208.40184985427905,False,dwarf
284.1991117611,-30.675191474190004,,,simbad,,,,,,,,,143.74550535666242,-58.94288126700498,155.36097824839578,False,dwarf
284.1749662551083,-30.74541783876723,,,simbad,,,,,,,,,134.3091351044104,-90.81059464004815,162.1280600987192,False,dwarf
284.3006727970492,-30.94823830666278,,,simbad,,,,,,,,,183.43684745349077,-182.84760347557926,259.0025542353548,False,dwarf
284.3210743135817,-30.914107606062498,,,simbad,,,,,,,,,191.41001909769,-167.35958283690877,254.2577931516007,False,dwarf
284.2642298438079,-30.579320081365275,,,simbad,,,,,,,,,169.19447870843285,-15.437823222131941,169.89731608020222,False,dwarf
284.37158199326825,-30.717678162144445,,,simbad,,,,,,,,,211.14906147965215,-78.22272868688773,225.17264808799575,False,dwarf
284.4799110295371,-30.624281603072216,,,simbad,,,,,,,,,253.4854240165659,-35.84071457494997,256.0066737608636,False,dwarf
284.3865223785496,-30.639866789407776,,,simbad,,,,,,,,,216.98795370559458,-42.91304779335103,221.19064565269412,False,dwarf
284.4179410104987,-30.667257483166114,,,simbad,,,,,,,,,229.26675390932908,-55.342550346051624,235.85173801972738,False,dwarf
284.4211222330625,-30.655079340061103,,,simbad,,,,,,,,,230.5100160707071,-49.81628430305318,235.8315705979169,False,dwarf
284.2631542255937,-30.61082317179083,,,simbad,,,,,,,,,168.77411345609153,-29.733472186597165,171.37322060684045,False,dwarf
284.501995373745,-30.66539378758944,,,simbad,,,,,,,,,262.1162660786473,-54.49683212028877,267.72157487613725,False,dwarf
284.22511780727376,-30.732173495663062,,,simbad,,,,,,,,,153.90899833033473,-84.80050238482706,175.72451443030377,False,dwarf
284.3003013626417,-30.870410672050554,,,simbad,,,,,,,,,183.2916861719328,-147.53054317699664,235.28940347973594,False,dwarf
284.2714364044942,-30.981788229998887,,,simbad,,,,,,,,,172.0108941069948,-198.0720757517558,262.3362248796324,False,dwarf
283.80802350871,-30.71247711591,,,simbad,,,,,,,,,-9.096748275282204,-75.86256877206065,76.40602181686651,False,dwarf
283.83082467433,-30.984364659,,,simbad,,,,,,,,,-0.18576330576688846,-199.2412221461004,199.24130874464134,False,dwarf
283.84748065685,-31.080939788739997,,,simbad,,,,,,,,,6.323606099350808,-243.06562587319536,243.14786956752866,False,dwarf
283.84908617816,-30.57906965913,,,simbad,,,,,,,,,6.951064208302279,-15.324185216461395,16.827000510380778,False,dwarf
283.88203431924995,-30.85596563314,,,simbad,,,,,,,,,19.827616000360557,-140.97559244823165,142.36309923005913,False,dwarf
283.90361738264,-31.115880356290003,,,simbad,,,,,,,,,28.262551155424585,-258.92115247603533,260.4590850735127,False,dwarf
283.9364772471,-30.749762248660005,,,simbad,,,,,,,,,41.10460331991425,-92.78202531385982,101.47951830507095,False,dwarf
283.98479489017,-30.736044412180004,,,simbad,,,,,,,,,59.987751591096156,-86.55706858037915,105.31218572503145,False,dwarf
284.00918564193,-30.940763955260003,,,simbad,,,,,,,,,69.51996700282974,-179.45585039841293,192.45110561982256,False,dwarf
284.0307852882,-30.850245599650002,,,simbad,,,,,,,,,77.96138295787222,-138.37992358738705,158.83003646903532,False,dwarf
283.80616048632,-31.120833635579995,,,simbad,,,,,,,,,-9.824841075088726,-261.16887931794787,261.35361299653687,False,dwarf
283.8335583333334,-30.608605555555556,,,simbad,,,,,,,,,0.8825853346699812,-28.727149860465097,28.740704514305044,False,dwarf
283.74970999999994,-30.5776,,,simbad,,,,,,,,,-31.886407729282716,-14.65727505824943,35.09385573018789,False,dwarf
283.8756392357158,-31.05932601694556,,,simbad,,,,,,,,,17.32833617401914,-233.25760735191682,233.90036900804756,False,dwarf
284.03625967720836,-30.681440029525007,,,simbad,,,,,,,,,80.10084367596683,-61.778385733315844,101.15687866584278,False,dwarf
283.81041666666664,-31.095555555555553,,,simbad,,,,,,,,,-8.161471766320846,-249.69805046770932,249.83139520237876,False,dwarf
283.88856506691997,-30.98523251068889,,,simbad,,,,,,,,,22.3799150931939,-199.63504075024252,200.88556467533837,False,dwarf
283.8964098104538,-30.988129034046942,,,simbad,,,,,,,,,25.445740449862438,-200.94944135617544,202.55410064573059,False,dwarf
283.90155520075086,-30.86684138757278,,,simbad,,,,,,,,,27.45662429516997,-145.910853258981,148.471691970052,False,dwarf
283.90543652300164,-31.083434357705553,,,simbad,,,,,,,,,28.97349430149457,-244.19762536173727,245.91043817689018,False,dwarf
283.96465270886995,-30.956595384461664,,,simbad,,,,,,,,,52.1159314478136,-186.63992508491134,193.7795963107946,False,dwarf
283.9732201808346,-30.99137176653,,,simbad,,,,,,,,,55.464208249798006,-202.42094667953592,209.88215277011165,False,dwarf
283.9741413421604,-30.846701341292217,,,simbad,,,,,,,,,55.82420978944462,-136.77159016238517,147.72545574193833,False,dwarf
283.99541889487125,-30.825222512969177,,,simbad,,,,,,,,,64.13974749281515,-127.02480704598517,142.2997147344711,False,dwarf
284.00289325742835,-30.788452736068333,,,simbad,,,,,,,,,67.06082326205633,-110.33921157025483,129.1196949598713,False,dwarf
284.0067832044791,-31.027459363003334,,,simbad,,,,,,,,,68.58106394970667,-218.7969784968955,229.2934367395733,False,dwarf
284.0070079151538,-31.01783477688388,,,simbad,,,,,,,,,68.66888373393184,-214.42947985681292,225.1564287888036,False,dwarf
284.0773682965292,-30.752383508060003,,,simbad,,,,,,,,,96.16661395235141,-93.97151509790902,134.456919825114,False,dwarf
284.1063655977875,-30.855972268169996,,,simbad,,,,,,,,,107.49912738500407,-140.97860332933675,177.2879831946537,False,dwarf
283.98974845202997,-31.121302130109996,,,simbad,,,,,,,,,61.92366644805005,-261.38147539192636,268.6164852432359,False,dwarf
283.84938675441,-31.079721815,,,simbad,,,,,,,,,7.068533222397131,-242.51292692208426,242.61591845184503,False,dwarf
283.72080292134996,-30.79211363898611,,,simbad,,,,,,,,,-43.18366102127987,-112.00047661754286,120.03722481696072,False,dwarf
283.77531421173745,-30.9367693658386,,,simbad,,,,,,,,,-21.87995675429567,-177.64316321902385,178.98554675177155,False,dwarf
283.7764044598304,-30.73388028198945,,,simbad,,,,,,,,,-21.45387395960933,-85.57501745143713,88.22330938980113,False,dwarf
283.7803684554554,-31.117361804627496,,,simbad,,,,,,,,,-19.904694149152892,-259.5934124069088,260.35540442678496,False,dwarf
283.7808569421687,-30.908219645634166,,,simbad,,,,,,,,,-19.713787340587785,-164.68771114866843,165.86342458389421,False,dwarf
283.79163875027166,-30.952022397584717,,,simbad,,,,,,,,,-15.500119866283953,-184.56476946592826,185.21449145215504,False,dwarf
283.8933687959154,-30.764987706325282,,,simbad,,,,,,,,,24.257273364663323,-99.69111883979464,102.5998756657047,False,dwarf
283.90345312066086,-31.005025387683332,,,simbad,,,,,,,,,28.19835548879064,-208.6167634221212,210.5138979568653,False,dwarf
283.90530036780626,-31.030002448659996,,,simbad,,,,,,,,,28.92028312274584,-219.950994161489,221.8441403520209,False,dwarf
283.90800605442666,-30.911233272944166,,,simbad,,,,,,,,,29.97769980084658,-166.05525184234548,168.7394712264278,False,dwarf
283.9081562147045,-30.95124576059333,,,simbad,,,,,,,,,30.036384343593525,-184.21234277852406,186.64504176749114,False,dwarf
283.9727784044559,-30.850759521205557,,,simbad,,,,,,,,,55.291556432961535,-138.61313379166273,149.23390054650707,False,dwarf
283.97302718290086,-31.11323931286028,,,simbad,,,,,,,,,55.38878220731823,-257.72268498407857,263.60747248477674,False,dwarf
283.99016412674916,-30.896959241373608,,,simbad,,,,,,,,,62.086117405017035,-159.5779017829091,171.2302330544035,False,dwarf
283.9929196518292,-30.995681174890557,,,simbad,,,,,,,,,63.163011585803154,-204.376494161856,213.91427581739245,False,dwarf
284.00125850648834,-30.890895526148615,,,simbad,,,,,,,,,66.42194184265865,-156.82627509784373,170.31252132246206,False,dwarf
284.0038057954813,-31.096424322584443,,,simbad,,,,,,,,,67.41745471719676,-250.09228443997023,259.01981379220445,False,dwarf
284.004239008435,-31.02060736897083,,,simbad,,,,,,,,,67.58675983883099,-215.68764223584625,226.02904485656313,False,dwarf
284.00585385040836,-31.096050146183607,,,simbad,,,,,,,,,68.21786058135098,-249.92248857534594,259.06548746984913,False,dwarf
284.0072979906346,-30.977732468437775,,,simbad,,,,,,,,,68.78224891413761,-196.23162953590744,207.93713039282812,False,dwarf
284.0080515712517,-31.10940607261638,,,simbad,,,,,,,,,69.07675778550161,-255.98321573890192,265.1395956966557,False,dwarf
284.00920796888784,-31.10703036589055,,,simbad,,,,,,,,,69.52869266136362,-254.905154223787,264.21748002933305,False,dwarf
284.01206270718205,-30.803962157401667,,,simbad,,,,,,,,,70.64436062569011,-117.37716372124396,136.9964388276435,False,dwarf
284.01277273462625,-31.11652132045001,,,simbad,,,,,,,,,70.92184836420648,-259.21201278549887,268.73923447778355,False,dwarf
284.0195617857071,-31.002502464928327,,,simbad,,,,,,,,,73.57509570895463,-207.47189739206306,220.13151277371574,False,dwarf
284.04969138121584,-31.06570829138028,,,simbad,,,,,,,,,85.35012410838995,-236.1537916208618,251.10407599684038,False,dwarf
284.0866292543342,-31.022796468329997,,,simbad,,,,,,,,,99.78591382406529,-216.68102401408507,238.55375655289166,False,dwarf
284.08667006093964,-31.08723423909111,,,simbad,,,,,,,,,99.80186156349338,-245.9219568371813,265.4016209938575,False,dwarf
284.0895637199312,-31.020926076528887,,,simbad,,,,,,,,,100.93274023043529,-215.83226713806192,238.26662709741845,False,dwarf
283.871958,-30.581639,,,simbad,,,,,,,,,15.889662525507225,-16.49011511893761,22.89989676418484,False,dwarf
283.9203791666667,-30.68727777777778,,,simbad,,,,,,,,,34.81326913245175,-64.42747185906516,73.23156995339613,False,dwarf
284.04320698253,-30.58220961385999,,,simbad,,,,,,,,,82.8159387869619,-16.749051474912235,84.49266502173475,False,dwarf
283.763862,-30.603207,,,simbad,,,,,,,,,-26.355626479288997,-26.277363058762493,37.21718496122208,False,dwarf
284.1025107658321,-30.71545952599028,,,simbad,,,,,,,,,105.99261012239018,-77.21594353624495,131.13632348342534,False,dwarf
283.73264958165583,-30.881959326199176,,,simbad,,,,,,,,,-38.55383578849485,-152.77115619275204,157.56085941145557,False,dwarf
283.7159698393999,-30.813402060549997,,,simbad,,,,,,,,,-45.072490800037855,-121.66085588744524,129.74164050984254,False,dwarf
283.9532794313342,-30.75938132082583,,,simbad,,,,,,,,,47.67111021085414,-97.14702180115542,108.21311655048831,False,dwarf
283.7760477375854,-30.581563157444723,,,simbad,,,,,,,,,-21.5932855413286,-16.4556988590685,27.148849062339625,False,dwarf
284.0826178015492,-30.643140980676666,,,simbad,,,,,,,,,98.21818715304003,-44.398828660887844,107.7871433617594,False,dwarf
283.9818078429317,-30.625790582009724,,,simbad,,,,,,,,,58.820375611850636,-36.52546749582175,69.23833015683961,False,dwarf
283.7206794848837,-30.795559742209445,,,simbad,,,,,,,,,-43.231901559231744,-113.56426865542434,121.51477452420549,False,dwarf
283.81059305774085,-30.749480435076944,,,simbad,,,,,,,,,-8.09253589535205,-92.65414236642711,93.00687735256842,False,dwarf
283.85260745185377,-30.983939130445837,,,simbad,,,,,,,,,8.327222667983982,-199.04812341348355,199.22223287522797,False,dwarf
283.73401393068747,-30.889067047779445,,,simbad,,,,,,,,,-38.020630867457044,-155.99653793391144,160.5630350327425,False,dwarf
283.74456915754746,-30.728884588821114,,,simbad,,,,,,,,,-33.895514219186566,-83.30804380205859,89.93962445056567,False,dwarf
283.7562945011796,-30.756199116931672,,,simbad,,,,,,,,,-29.31310108252682,-95.70298348016149,100.0915528008158,False,dwarf
283.7620882413279,-30.729859615691666,,,simbad,,,,,,,,,-27.048833885007983,-83.75049696090974,88.01014234585755,False,dwarf
283.76950543289456,-30.71648750455028,,,simbad,,,,,,,,,-24.150101264574516,-77.68242540955539,81.34977940105517,False,dwarf
283.77478296993837,-30.893328218966673,,,simbad,,,,,,,,,-22.087572793130395,-157.93019608132553,159.46726217684233,False,dwarf
283.77499018040584,-30.95608172671055,,,simbad,,,,,,,,,-22.0065923120519,-186.40683459129392,187.70135345152647,False,dwarf
283.7966326707267,-30.939503165574997,,,simbad,,,,,,,,,-13.54843235804878,-178.88372218777081,179.39605927419976,False,dwarf
283.98399730433334,-30.77549287213805,,,simbad,,,,,,,,,59.67604492131954,-104.458211869213,120.30273631287336,False,dwarf
283.9095155702004,-30.908261593006387,,,simbad,,,,,,,,,30.567637727497168,-164.7067462623717,167.51923095745397,False,dwarf
283.9121341409934,-30.896542405870555,,,simbad,,,,,,,,,31.591008434347184,-159.3887478317535,162.4892757977378,False,dwarf
283.9481626694046,-30.95467984955889,,,simbad,,,,,,,,,45.67141469499932,-185.77068291916365,191.30244314303735,False,dwarf
283.9623360031117,-30.87091271930333,,,simbad,,,,,,,,,51.21053342850932,-147.7583649935965,156.38111509902132,False,dwarf
284.05833176958043,-30.953309382355005,,,simbad,,,,,,,,,88.72689756508603,-185.14878462920703,205.31082485148647,False,dwarf
284.0787606079679,-31.035342044884718,,,simbad,,,,,,,,,96.71074693705724,-222.37402606754975,242.49366186070682,False,dwarf
283.7667657670796,-31.082758219953607,,,simbad,,,,,,,,,-25.22079744323758,-243.890803782558,245.19137993284966,False,dwarf
283.80704231043376,-30.73779443426416,,,simbad,,,,,,,,,-9.48021301727116,-87.35120341150804,87.86414044586957,False,dwarf
283.99379229289923,-31.120220416433888,,,simbad,,,,,,,,,63.504050793558214,-260.8906092964156,268.5082391403396,False,dwarf
284.05636480673127,-31.110566486249176,,,simbad,,,,,,,,,87.95818351438855,-256.50979474191263,271.17137910496564,False,dwarf
284.1112635816604,-30.855951153610278,,,simbad,,,,,,,,,109.41332165910373,-140.96902184606952,178.44758355527296,False,dwarf
283.4516666666666,-31.003055555555555,,,simbad,,,,,,,,,-148.36552585224544,-207.72288195724832,255.2667721228876,False,dwarf
283.5798814058899,-31.04988735833,,,simbad,,,,,,,,,-98.2575781653455,-228.97447993677278,249.1663382747247,False,dwarf
283.51184329526,-30.95718450413,,,simbad,,,,,,,,,-124.8477354967939,-186.90725911033135,224.7693941950593,False,dwarf
283.5538946249871,-31.00466048758167,,,simbad,,,,,,,,,-108.4135420265787,-208.45117700853356,234.95827138237064,False,dwarf
283.56323659075827,-30.960710995601662,,,simbad,,,,,,,,,-104.76258321333904,-188.50753017815492,215.66243941725173,False,dwarf
283.49293034315997,-30.998235410577777,,,simbad,,,,,,,,,-132.23915726447999,-205.53556954981912,244.40144243475405,False,dwarf
283.54351690989,-30.979421443830002,,,simbad,,,,,,,,,-112.46928482451169,-196.99806225697446,226.84262509929636,False,dwarf
283.3369213517625,-30.957849139398338,,,simbad,,,,,,,,,-193.2094515300612,-187.20886102802203,269.02983070276116,False,dwarf
283.34678907506,-30.965599110162497,,,simbad,,,,,,,,,-189.35302000142696,-190.72568620398678,268.7579832519258,False,dwarf
283.38743038088,-30.969528652308057,,,simbad,,,,,,,,,-173.46988177336087,-192.50885586591983,259.1359864420017,False,dwarf
283.42346101246085,-31.015693488703604,,,simbad,,,,,,,,,-159.38865356734308,-213.4577941033371,266.4000239291903,False,dwarf
283.4242114065937,-31.03022043171639,,,simbad,,,,,,,,,-159.09539001447547,-220.0499117347272,271.53877582827704,False,dwarf
283.4260422793095,-31.025640499629997,,,simbad,,,,,,,,,-158.37986171547652,-217.97160447967045,269.4360795373466,False,dwarf
283.3833712070696,-30.989746848597783,,,simbad,,,,,,,,,-175.05625842689548,-201.68358231174642,267.0598453315717,False,dwarf
283.46774128718744,-30.98697761985806,,,simbad,,,,,,,,,-142.083360096394,-200.4269461712713,245.67995841709038,False,dwarf
283.471454271545,-31.018956728270286,,,simbad,,,,,,,,,-140.63227867565686,-214.93860524605623,256.85801881706476,False,dwarf
283.47280379469623,-31.018302465876385,,,simbad,,,,,,,,,-140.10486789687977,-214.641710389472,256.32096646064696,False,dwarf
283.4745313767071,-30.957961018430556,,,simbad,,,,,,,,,-139.42970691656518,-187.2596301224021,233.46694036719225,False,dwarf
283.4773869264858,-30.974221696342227,,,simbad,,,,,,,,,-138.31372181380178,-194.6384916946906,238.77777972661085,False,dwarf
283.49415161275704,-31.021152501573333,,,simbad,,,,,,,,,-131.76186960276473,-215.93501556396012,252.96071083831117,False,dwarf
283.5043115582238,-31.02247977294056,,,simbad,,,,,,,,,-127.79123394080312,-216.5373122050247,251.43390194858253,False,dwarf
283.51100884718204,-31.000078281151666,,,simbad,,,,,,,,,-125.17384839840773,-206.37183768908375,241.36658367312796,False,dwarf
283.5182465048683,-31.05015920806584,,,simbad,,,,,,,,,-122.34527989751352,-229.09784143376078,259.71944182677106,False,dwarf
283.5189604118275,-31.074050990088338,,,simbad,,,,,,,,,-122.06627599528473,-239.93958820575668,269.20472084215965,False,dwarf
283.5287840853141,-30.965286883371665,,,simbad,,,,,,,,,-118.22705969189937,-190.5840021806502,224.27639093445842,False,dwarf
283.5427419156883,-30.950686976796106,,,simbad,,,,,,,,,-112.77216239656025,-183.9587747347464,215.77393589936977,False,dwarf
283.55906000830953,-31.032927918023617,,,simbad,,,,,,,,,-106.39484465316596,-221.27853004808594,245.5281059858789,False,dwarf
283.5673033530662,-30.999502849132227,,,simbad,,,,,,,,,-103.17324087862059,-206.11071492170763,230.49152791140784,False,dwarf
283.5727689597096,-31.040200628800836,,,simbad,,,,,,,,,-101.03721242024773,-224.5787815118876,246.26032445162255,False,dwarf
283.59499035005456,-31.02713008862139,,,simbad,,,,,,,,,-92.35281098808741,-218.6475585221026,237.35163059283516,False,dwarf
283.53342108801377,-30.984770934773888,,,simbad,,,,,,,,,-116.41486017330026,-199.4255842441621,230.91769815303124,False,dwarf
283.5670981585016,-31.039778400553335,,,simbad,,,,,,,,,-103.25343351928174,-224.38718041092764,247.003802129212,False,dwarf
284.09356052799,-30.408558050819998,,,simbad,,,,,,,,,102.49474355654753,62.051528208429744,119.81470948812584,False,dwarf
284.19047213268,-30.419501330409997,,,simbad,,,,,,,,,140.36902889593765,57.08562545332341,151.53294330470092,False,dwarf
284.19632793765993,-30.17212097289999,,,simbad,,,,,,,,,142.65755181753747,169.3432707793914,221.4233963447306,False,dwarf
284.2063679278999,-30.073499523080002,,,simbad,,,,,,,,,146.58130745413052,214.09626510307,259.4673205358362,False,dwarf
284.43689652935,-30.383276743009997,,,simbad,,,,,,,,,236.67481130377746,73.52382178129125,247.8320372248224,False,dwarf
284.41003704186994,-30.40174715196,,,simbad,,,,,,,,,226.1777826337388,65.14221607174031,235.37182854337536,False,dwarf
284.07365496895,-29.99981519225,,,simbad,,,,,,,,,94.71539839625825,247.53315378598995,265.0352220302058,False,dwarf
284.19699583334,-30.18441424755,,,simbad,,,,,,,,,142.91857392779613,163.76475969853232,217.35826483635944,False,dwarf
284.29736725264,-30.47648193708,,,simbad,,,,,,,,,182.14499873677008,31.228646352764677,184.80267562414787,False,dwarf
284.26994635884,-30.39464845806,,,simbad,,,,,,,,,171.428565350231,68.36350118154222,184.55709499186733,False,dwarf
284.14615,-30.10090833333334,,,simbad,,,,,,,,,123.04737680542654,201.65854154571684,236.23468059758335,False,dwarf
284.1114011587971,-30.38469757974111,,,simbad,,,,,,,,,109.4670885505705,72.87906652492038,131.50818154503625,False,dwarf
284.21062743715,-30.289405726970006,,,simbad,,,,,,,,,148.24597774061934,116.1211376356377,188.31088264374662,False,dwarf
284.3589296719,-30.197021426760003,,,simbad,,,,,,,,,206.20437367637876,158.0438032468403,259.803940439697,False,dwarf
284.1812533518199,-30.089061471169998,,,simbad,,,,,,,,,136.76621230970053,207.0344770660031,248.1295458496135,False,dwarf
284.24359472493,-30.064771443019993,,,simbad,,,,,,,,,161.13001230223543,218.05694219811488,271.1304315367616,False,dwarf
284.11419468798124,-30.115925510732502,,,simbad,,,,,,,,,110.55883521766859,194.8439626064593,224.0255025859219,False,dwarf
284.2964222710883,-30.353441795948065,,,simbad,,,,,,,,,181.77568795046707,87.06249129940358,201.54969144388266,False,dwarf
283.9406668826,-30.19723211670001,,,simbad,,,,,,,,,42.741966057857525,157.94819518483695,163.6291784023815,False,dwarf
283.9002075595,-30.046539731450007,,,simbad,,,,,,,,,26.929948986944527,226.33023047253985,227.92673247820767,False,dwarf
284.0066541666667,-30.14900555555555,,,simbad,,,,,,,,,68.53063433457613,179.8327144358518,192.4480527926069,False,dwarf
283.62778532425,-30.28978818413,,,simbad,,,,,,,,,-79.53611876273366,115.9475840817048,140.60525040774147,False,dwarf
283.99680726687996,-30.220723693310006,,,simbad,,,,,,,,,64.68234089825243,147.2880558682852,160.8650882744197,False,dwarf
283.60373644616,-30.21631914731,,,simbad,,,,,,,,,-88.93472560436878,149.28677544193158,173.76975208641483,False,dwarf
283.93216525278,-30.207319216350008,,,simbad,,,,,,,,,39.41942120184336,153.37081456223746,158.35560466043685,False,dwarf
284.0341161104333,-30.29281251410861,,,simbad,,,,,,,,,79.26311056914378,114.57518667107402,139.32018553608006,False,dwarf
283.84664643011877,-29.965646528689728,,,simbad,,,,,,,,,5.99757970284045,263.03840146944646,263.10676846081634,False,dwarf
283.9681676555708,-30.187485463650837,,,simbad,,,,,,,,,53.489617238372475,162.37108604053407,170.95469790061375,False,dwarf
283.84650724019167,-30.153850617784162,,,simbad,,,,,,,,,5.943182512421698,177.63409493866612,177.7334889745177,False,dwarf
283.60277979156,-30.318441477390003,,,simbad,,,,,,,,,-89.30859836612407,102.94513204961575,136.28545760584467,False,dwarf
283.87132926366996,-30.135207576889993,,,simbad,,,,,,,,,15.643944386345474,186.09403853953287,186.7504328667439,False,dwarf
283.57098304025,-30.124891359979998,,,simbad,,,,,,,,,-101.73517241608207,190.77538927669568,216.20660133355022,False,dwarf
283.93842616604,-30.060014106389996,,,simbad,,,,,,,,,41.86626558184884,220.21575308141306,224.16012602375068,False,dwarf
283.5496886442966,-30.026424363848882,,,simbad,,,,,,,,,-110.05729267245934,235.45829473964486,259.91001564405485,False,dwarf
283.5553265494625,-30.131406068417785,,,simbad,,,,,,,,,-107.8539277642798,187.81910836347794,216.58367251626876,False,dwarf
283.5585991473287,-30.06541564432806,,,simbad,,,,,,,,,-106.57495497476586,217.7646129174591,242.44514362421071,False,dwarf
283.67278345272496,-29.973572959481114,,,simbad,,,,,,,,,-61.95027893426102,259.4415012731772,266.7353175770182,False,dwarf
283.6745870727246,-30.01951991583333,,,simbad,,,,,,,,,-61.24540134267519,238.5914338631523,246.32675757720747,False,dwarf
283.68239865884624,-30.15384067614083,,,simbad,,,,,,,,,-58.19253432359266,177.63860631330465,186.92738029495771,False,dwarf
283.7153873246021,-30.117122713095274,,,simbad,,,,,,,,,-45.30014497765438,194.30068940734026,199.51155615443486,False,dwarf
283.71700380003955,-30.19140834469362,,,simbad,,,,,,,,,-44.668405856635175,160.59093909115907,166.68748063353001,False,dwarf
283.7208081507762,-30.175004290533895,,,simbad,,,,,,,,,-43.18161729512617,168.03486274098756,173.4945738880766,False,dwarf
283.7265240094562,-30.15188327110861,,,simbad,,,,,,,,,-40.947787164055974,178.52684854109714,183.16265155224377,False,dwarf
283.7288667726462,-29.956569635342497,,,simbad,,,,,,,,,-40.03220556963848,267.1573650132466,270.1400288065263,False,dwarf
283.5810042689003,-30.041866568403332,,,simbad,,,,,,,,,-97.8187490469058,228.4508445953619,248.51216481580076,False,dwarf
283.5832843872775,-30.158703690380836,,,simbad,,,,,,,,,-96.92764984055263,175.4318404517594,200.42779235401548,False,dwarf
283.6387054874816,-30.172196720212778,,,simbad,,,,,,,,,-75.26838034780549,169.30889773919145,185.28581147471033,False,dwarf
283.64702209538575,-30.16705130815944,,,simbad,,,,,,,,,-72.01814440523117,171.64381166345865,186.14029979006048,False,dwarf
283.66027020972956,-30.152307547174722,,,simbad,,,,,,,,,-66.84061314391901,178.33431816952893,190.44893436941518,False,dwarf
283.66492569389624,-30.170688201128886,,,simbad,,,,,,,,,-65.02119083338927,169.99344198511167,182.00419109278104,False,dwarf
283.6671073580308,-30.10111780125417,,,simbad,,,,,,,,,-64.16856879486406,201.5634880184256,211.53119137218323,False,dwarf
283.81638183408666,-30.02173920591388,,,simbad,,,,,,,,,-5.830208614855717,237.58435197012795,237.65587649700223,False,dwarf
283.83151225362707,-29.99566529208972,,,simbad,,,,,,,,,0.08295141187450852,249.41631874306424,249.4163325371427,False,dwarf
283.86417452468123,-30.119979068569172,,,simbad,,,,,,,,,12.847781565025826,193.00451640904015,193.43166453667834,False,dwarf
283.8726332333641,-30.144527097761664,,,simbad,,,,,,,,,16.153552295828526,181.86497411763924,182.58095755741795,False,dwarf
283.7312113580633,-30.13988535068944,,,simbad,,,,,,,,,-39.115911825717575,183.97133212347262,188.08377282807356,False,dwarf
283.73432289759785,-29.97365419578833,,,simbad,,,,,,,,,-37.899882676749044,259.4046374063157,262.1586676324349,False,dwarf
283.74429483323206,-30.136257784062227,,,simbad,,,,,,,,,-34.002723643994415,185.617469641961,188.7062008824675,False,dwarf
283.76390364503624,-30.09514655570111,,,simbad,,,,,,,,,-26.339351070479637,204.27315329742112,205.96427499177057,False,dwarf
283.76465677325376,-29.978271737729163,,,simbad,,,,,,,,,-26.045019002623906,257.3092633406886,258.6240515029004,False,dwarf
283.76499301195827,-30.00981283629945,,,simbad,,,,,,,,,-25.913612648584177,242.99636682725233,244.37419997157113,False,dwarf
283.76910187168295,-30.19074821448611,,,simbad,,,,,,,,,-24.30781810900609,160.89049667709432,162.71638498388114,False,dwarf
283.7700388635821,-30.165527605828885,,,simbad,,,,,,,,,-23.941629780339795,172.33524584815885,173.99034053097375,False,dwarf
283.77012326379247,-30.071647254430836,,,simbad,,,,,,,,,-23.908645106735218,214.93679795361453,216.26245727215976,False,dwarf
283.7856782348534,-30.02976271258083,,,simbad,,,,,,,,,-17.829564956404703,233.94340013888538,234.62184010674986,False,dwarf
283.7890059745455,-30.154068338756666,,,simbad,,,,,,,,,-16.52904204135771,177.53529629532406,178.30308651695705,False,dwarf
283.79584433686045,-30.139782838991668,,,simbad,,,,,,,,,-13.856523240337042,184.01785045631925,184.5388103431749,False,dwarf
283.968219266635,-30.058600469050557,,,simbad,,,,,,,,,53.50978749741652,220.85724135747452,227.2470427047455,False,dwarf
283.9896511878967,-30.1070598472875,,,simbad,,,,,,,,,61.885654390069625,198.86707306117256,208.2737308620674,False,dwarf
283.99655997827546,-30.028609532266376,,,simbad,,,,,,,,,64.58569737246076,234.4666967661515,243.19939185268848,False,dwarf
284.01496717214127,-30.209928270373055,,,simbad,,,,,,,,,71.77946240194761,152.1868634025576,168.26506653200877,False,dwarf
283.8893677710192,-29.967013650114723,,,simbad,,,,,,,,,22.693622044941492,262.4180214457879,263.39745340652144,False,dwarf
283.8963756318259,-30.127973347710835,,,simbad,,,,,,,,,25.432383008196123,189.3768276080572,191.0769189105984,False,dwarf
283.898014626638,-29.990816491042224,,,simbad,,,,,,,,,26.072922986673344,251.6166348624407,252.96388724987565,False,dwarf
283.9036409576067,-30.183121702107783,,,simbad,,,,,,,,,28.27176455167726,164.35129821468843,166.76522987637117,False,dwarf
283.9246342288721,-30.00723613408222,,,simbad,,,,,,,,,36.47620145742525,244.16563720313778,246.87521476158147,False,dwarf
283.9260849306296,-30.190268583105556,,,simbad,,,,,,,,,37.04315411992958,161.1081464935442,165.3119177002619,False,dwarf
283.92711742009334,-30.175062330381394,,,simbad,,,,,,,,,37.446664109095735,168.00852509364694,172.1311045599895,False,dwarf
283.94442590713663,-29.968377921162496,,,simbad,,,,,,,,,44.211040565030025,261.7989348822831,265.5057408293475,False,dwarf
283.9491976984467,-30.155331491426665,,,simbad,,,,,,,,,46.075917183627396,176.96209579610732,182.8621707539948,False,dwarf
283.95132585855,-30.172384232380836,,,simbad,,,,,,,,,46.907629167529464,169.22380741646847,175.60473419200426,False,dwarf
283.96286166345214,-30.075113180213894,,,simbad,,,,,,,,,51.41596816244272,213.36401072346777,219.47164476096995,False,dwarf
283.96309111898046,-30.077964833836667,,,simbad,,,,,,,,,51.50564229569047,212.0699713575289,218.23497414455537,False,dwarf
283.9378333333333,-29.962630555555553,,,simbad,,,,,,,,,41.63457903445664,264.4070066643667,267.66490869104763,False,dwarf
283.5771350582654,-30.02200737156278,,,simbad,,,,,,,,,-99.3308856799923,237.46266225876457,257.4007397366833,False,dwarf
283.5988363724225,-30.14587595696972,,,simbad,,,,,,,,,-90.84973662407192,181.25288122515238,202.74684115192136,False,dwarf
283.62491202141575,-30.19895638461416,,,simbad,,,,,,,,,-80.65904198496749,157.16574722533895,176.65489847392254,False,dwarf
283.7561611353492,-29.962222491353614,,,simbad,,,,,,,,,-29.365222142032597,264.59218032533283,266.21671277507045,False,dwarf
283.7810792654313,-29.994189704305835,,,simbad,,,,,,,,,-19.6269005873285,250.0859192390692,250.8549027392431,False,dwarf
283.89953125588795,-30.09429366600861,,,simbad,,,,,,,,,26.66564095013896,204.6601823629728,206.39003525395069,False,dwarf
283.68316333646,-30.10147732547,,,simbad,,,,,,,,,-57.89368860508649,201.40034110444648,209.5561418266955,False,dwarf
283.8192944667967,-30.142006147519165,,,simbad,,,,,,,,,-4.691914777889331,183.00894504991393,183.0690799467933,False,dwarf
283.88476811327007,-30.266356044143333,,,simbad,,,,,,,,,20.896017407071078,126.58075191415064,128.2939215186299,False,dwarf
283.92552325278416,-29.99215270581945,,,simbad,,,,,,,,,36.823643287804984,251.01027983065504,253.69694772632022,False,dwarf
283.38711023548,-30.48522113299,,,simbad,,,,,,,,,-173.59499865970457,27.262925045000273,175.72276642960108,False,dwarf
283.19878467438,-30.37015811569,,,simbad,,,,,,,,,-247.19501860178602,79.47686602326831,259.6573693435599,False,dwarf
283.26528559184,-30.476386937799997,,,simbad,,,,,,,,,-221.2056158747668,31.27175565856288,223.40511900246096,False,dwarf
283.26284888662997,-30.459345872,,,simbad,,,,,,,,,-222.15791120316172,39.004746021296555,225.55599686627207,False,dwarf
283.30443334828,-30.361155038099998,,,simbad,,,,,,,,,-205.90617570402617,83.56233303897741,222.21614859405307,False,dwarf
283.22983755736715,-30.345100607897777,,,simbad,,,,,,,,,-235.05915773531274,90.84760236954703,252.004155702897,False,dwarf
283.1532762717388,-30.42689076375528,,,simbad,,,,,,,,,-264.9802800520455,53.73240696829562,270.3732981917168,False,dwarf
283.26383116553745,-30.352445788133615,,,simbad,,,,,,,,,-221.77402413675713,87.51446530858576,238.41665088675873,False,dwarf
283.1961898503296,-30.548874165771124,,,simbad,,,,,,,,,-248.20910878021846,-1.6219049786732054,248.21440783570594,False,dwarf
283.1418471077767,-30.50982359702945,,,simbad,,,,,,,,,-269.4469424138542,16.098681003610338,269.9274389650501,False,dwarf
283.1609806980108,-30.436669724067496,,,simbad,,,,,,,,,-261.9692924625197,49.29485554167545,266.56686398760786,False,dwarf
283.2441311686491,-30.51087257456556,,,simbad,,,,,,,,,-229.4730329987057,15.622670097210634,230.0042188625925,False,dwarf
283.24548901471417,-30.370714031978334,,,simbad,,,,,,,,,-228.94236951955807,79.22459921374968,242.26255526145417,False,dwarf
283.2489224946621,-30.532239223683614,,,simbad,,,,,,,,,-227.60052197021815,5.926792289271843,227.6776767009799,False,dwarf
283.20282240780546,-30.347386389508337,,,simbad,,,,,,,,,-245.6170211228614,89.81034757731665,261.52173828809447,False,dwarf
283.20354841597,-30.490180033200275,,,simbad,,,,,,,,,-245.33328791600573,25.012647510373355,246.60505812970655,False,dwarf
283.21519700944754,-30.479351468951947,,,simbad,,,,,,,,,-240.7808697140464,29.926494094697944,242.63351431542299,False,dwarf
283.21993023334164,-30.38744768565833,,,simbad,,,,,,,,,-238.93106573118524,71.63110804603522,249.43750682554284,False,dwarf
283.2208733413454,-30.49618763180417,,,simbad,,,,,,,,,-238.5624871512135,22.286485740192763,239.60122646268053,False,dwarf
283.2209458738063,-30.478750488098335,,,simbad,,,,,,,,,-238.5341405447386,30.199210555259093,240.4382010487892,False,dwarf
283.2213454606892,-30.527859651434998,,,simbad,,,,,,,,,-238.37797691842056,7.914179134022481,238.50931661275717,False,dwarf
283.22524178453045,-30.337859623744727,,,simbad,,,,,,,,,-236.85524410008782,94.13345674798946,254.8754879093668,False,dwarf
283.29434137007,-30.537297895038336,,,simbad,,,,,,,,,-209.85024889923673,3.631240045451012,209.88166396171746,False,dwarf
283.2949068579037,-30.39140094386361,,,simbad,,,,,,,,,-209.62924907536492,69.83717637758136,220.95622478738812,False,dwarf
283.2995847685479,-30.423599490568897,,,simbad,,,,,,,,,-207.80106221271592,55.225939364105024,215.01438518243572,False,dwarf
283.3027458242858,-30.396398825318336,,,simbad,,,,,,,,,-206.56568150291247,67.56920971533842,217.33609657927985,False,dwarf
283.31094576803036,-30.419607081585276,,,simbad,,,,,,,,,-203.3610393948666,57.0376370922161,211.20843825194066,False,dwarf
283.31428841905955,-30.436902403336113,,,simbad,,,,,,,,,-202.0546889399876,49.1892690388751,207.9559605089837,False,dwarf
283.31746657036916,-30.51070429444834,,,simbad,,,,,,,,,-200.81262706373133,15.699033192098533,201.42534803595066,False,dwarf
283.32066531744414,-30.44260949275445,,,simbad,,,,,,,,,-199.5625161009277,46.5994740114255,204.93098548212407,False,dwarf
283.32130872795375,-30.412047627991388,,,simbad,,,,,,,,,-199.31106310610548,60.46800831870747,208.28173205184663,False,dwarf
283.32942490217084,-30.496691011763893,,,simbad,,,,,,,,,-196.13915919279071,22.058059160364742,197.3756006774319,False,dwarf
283.34741250894956,-30.447850675221943,,,simbad,,,,,,,,,-189.10937412329014,44.22110085178166,194.21086772332274,False,dwarf
283.35199841966084,-30.377366052958333,,,simbad,,,,,,,,,-187.31714200232864,76.20600784541853,202.2252885265751,False,dwarf
283.3596295857891,-30.4946359467825,,,simbad,,,,,,,,,-184.3347854069813,22.990618067326274,185.76297163362648,False,dwarf
283.36113402366914,-30.363142693432504,,,simbad,,,,,,,,,-183.74683198563395,82.66036366035468,201.4835824210471,False,dwarf
283.36439976479414,-30.478339217695275,,,simbad,,,,,,,,,-182.47053889764402,30.385839144142945,184.9832337972562,False,dwarf
283.25805749757,-30.529089262559435,,,simbad,,,,,,,,,-224.03044687119356,7.3561993053685715,224.15118735694216,False,dwarf
283.27365444182703,-30.367992009996946,,,simbad,,,,,,,,,-217.9349630630141,80.45981360680754,232.31321471435828,False,dwarf
283.39079454477206,-30.4960346955375,,,simbad,,,,,,,,,-172.15512381858062,22.35588601657024,173.60061145219709,False,dwarf
283.4312475365117,-30.551120330836383,,,simbad,,,,,,,,,-156.34558112367964,-2.641182352907112,156.36788858689113,False,dwarf
283.26031488290994,-30.403211697649997,,,simbad,,,,,,,,,-223.1482320243906,64.47762631899434,232.2767697195377,False,dwarf
283.42956231834455,-30.557925368442497,,,simbad,,,,,,,,,-157.0041857760909,-5.729210463574219,157.10868277644363,False,dwarf
283.17787973265456,-30.47299599763027,,,simbad,,,,,,,,,-255.36493520205465,32.810515496759066,257.46413353691156,False,dwarf
283.70850499999995,-30.556176999999998,,,simbad,,,,,,,,,-47.989844798580904,-4.93582603122511,48.243005528287746,False,dwarf
283.76612500000005,-30.485555555555557,,,simbad,,,,,,,,,-25.47121735204496,27.111168898588556,37.19944075443758,False,dwarf
283.88592514107,-30.972451337900004,,,simbad,,,,,,,,,21.348198558968623,-193.8351285170017,195.00718609557882,False,dwarf
283.8083161489434,-30.518198909874453,,,simbad,,,,,,,,,-8.982380757190835,12.298084592832215,15.22911844853829,False,dwarf
283.76569063796376,-30.491765263975,,,simbad,,,,,,,,,-25.64097154974667,24.293292603377648,35.321714108013516,False,dwarf
283.4901442742299,-30.28856135872,,,simbad,,,,,,,,,-133.32798836959256,116.5042997932475,177.058194820226,False,dwarf
283.73815526204,-30.57037822703,,,simbad,,,,,,,,,-36.402146003534725,-11.380138438141785,38.13953047081114,False,dwarf
283.78326000000004,-30.525143000000003,,,simbad,,,,,,,,,-18.774641834940482,9.146956450435173,20.88430004420677,False,dwarf
283.7738800000001,-30.474907,,,simbad,,,,,,,,,-22.440464907602315,31.943330129264424,39.037812502963114,False,dwarf
283.749364,-30.582445000000003,,,simbad,,,,,,,,,-32.02162892147402,-16.855866316988433,36.187082613562076,False,dwarf
283.8009708333334,-30.374241666666666,,,simbad,,,,,,,,,-11.853023341342555,77.62380937065605,78.52356298298213,False,dwarf
283.731398,-30.513844,,,simbad,,,,,,,,,-39.04296978755655,14.274280007189999,41.57052512966029,False,dwarf
283.788939,-30.493036,,,simbad,,,,,,,,,-16.555216543924058,23.71665088681962,28.92325576596623,False,dwarf
283.5462948024,-30.374549047200002,,,simbad,,,,,,,,,-111.38364916817116,77.48432450921183,135.68396311527417,False,dwarf
283.62286529587,-30.998327682799996,,,simbad,,,,,,,,,-81.45892831004397,-205.5774413560516,221.12811082248615,False,dwarf
283.66276657969,-30.357722111760005,,,simbad,,,,,,,,,-65.86500007365049,85.12014559687219,107.62730797123331,False,dwarf
283.73383667579,-30.453967648199995,,,simbad,,,,,,,,,-38.0899043315305,41.44530656499512,56.28991249106338,False,dwarf
283.75161350443,-30.490051693490003,,,simbad,,,,,,,,,-31.14249403431742,25.070886223511167,39.98004840804646,False,dwarf
283.75770319003,-30.307409984909995,,,simbad,,,,,,,,,-28.762567597446743,107.95106454442794,111.71713221826337,False,dwarf
283.76258333333334,-30.483805555555552,,,simbad,,,,,,,,,-26.855345644421583,27.905293708248237,38.728736186776764,False,dwarf
283.765375,-30.48338888888889,,,simbad,,,,,,,,,-25.764326872787514,28.09437104387902,38.11947302310184,False,dwarf
283.7719166666667,-30.479841666666665,,,simbad,,,,,,,,,-23.207760497460548,29.704049427899946,37.69523444313105,False,dwarf
283.79091507889,-30.458815038240004,,,simbad,,,,,,,,,-15.782939828743256,39.24563074050602,42.30036314096939,False,dwarf
283.79494182794997,-30.486866422890003,,,simbad,,,,,,,,,-14.209235179287178,26.516316171472766,30.0835069047111,False,dwarf
284.00452707879,-30.55230027833,,,simbad,,,,,,,,,67.69934139042438,-3.176625540779021,67.77382809406267,False,dwarf
284.09065585821,-30.705690064190005,,,simbad,,,,,,,,,101.35956173374099,-72.78270239761642,124.78414371688436,False,dwarf
283.75003599999997,-30.456921,,,simbad,,,,,,,,,-31.7590027909291,40.1051180301204,51.15715737298282,False,dwarf
283.7377984655,-30.465040768610002,,,simbad,,,,,,,,,-36.541586620627115,36.42048391476172,51.592045911537674,False,dwarf
283.76254166666666,-30.476616666666665,,,simbad,,,,,,,,,-26.871629506692795,31.16750800569612,41.15213272274105,False,dwarf
283.76016,-30.487510999999998,,,simbad,,,,,,,,,-27.802415073660097,26.223816357310305,38.218618869211085,False,dwarf
283.76460601725586,-30.797126848309723,,,simbad,,,,,,,,,-26.064855090913365,-114.2753988460501,117.21025318774011,False,dwarf
283.5234579320408,-30.551533554292778,,,simbad,,,,,,,,,-120.30858800298354,-2.82869720928125,120.34183759264037,False,dwarf
283.721745,-30.521591000000004,,,simbad,,,,,,,,,-42.81548472580074,10.758802921236654,44.14654655353334,False,dwarf
283.762247,-30.403954999999993,,,simbad,,,,,,,,,-26.98678898060924,64.14032641201794,69.58640852727017,False,dwarf
283.785125,-30.484597999999995,,,simbad,,,,,,,,,-18.045776160052643,27.545693826187765,32.93046136307238,False,dwarf
283.65653,-30.553389000000006,,,simbad,,,,,,,,,-68.30233458564038,-3.6706717630423658,68.40089722394555,False,dwarf
283.8978120320079,-30.765201695540835,,,simbad,,,,,,,,,25.99374643343947,-99.78822406554899,103.11820651951894,False,dwarf
284.00560216163416,-30.77382875816611,,,simbad,,,,,,,,,68.11949741337494,-103.70306090280667,124.07494013080169,False,dwarf
284.0894655655395,-31.011119961558332,,,simbad,,,,,,,,,100.8943802481412,-211.3823933183654,234.22679644023788,False,dwarf
284.0904800528641,-30.75388622678834,,,simbad,,,,,,,,,101.29085477282878,-94.6534272259707,138.63299948508805,False,dwarf
283.7949476623,-30.499132519659998,,,simbad,,,,,,,,,-14.206955041236833,20.950138021351925,25.312958235998813,False,dwarf
283.58479831894704,-31.075536064504725,,,simbad,,,,,,,,,-96.33598612576317,-240.6134935990365,259.1823210112079,False,dwarf
283.85454058223377,-30.548567074670835,,,simbad,,,,,,,,,9.082714560247933,-1.48255145777898,9.202915983964125,False,dwarf
283.83308,-30.563856000000005,,,simbad,,,,,,,,,0.695646595888775,-8.420445696005308,8.44913190249424,False,dwarf
283.8625291666667,-30.459724999999995,,,simbad,,,,,,,,,12.204754766265443,38.83270319224952,40.70546494172527,False,dwarf
283.76385,-30.479794444444444,,,simbad,,,,,,,,,-26.360316231619443,29.725478192604406,39.729967601421215,False,dwarf
284.40195853248997,-30.25564307039,,,simbad,,,,,,,,,223.0205986168978,131.4421451957104,258.8729899798155,False,dwarf
283.74434599999995,-30.505308,,,simbad,,,,,,,,,-33.98272702159006,18.147793935895827,38.52490312205398,False,dwarf
283.78917499999994,-30.542406000000007,,,simbad,,,,,,,,,-16.46298474809852,1.3132555423673864,16.51528101291901,False,dwarf
283.78788083628876,-30.847783063273326,,,simbad,,,,,,,,,-16.96876035494572,-137.2624600265857,138.30734528770918,False,dwarf
283.7675666666667,-30.480530555555553,,,simbad,,,,,,,,,-24.907795717735556,29.391441566320566,38.52603178193781,False,dwarf
283.76320833333335,-30.48178888888889,,,simbad,,,,,,,,,-26.611087710472766,28.82042801271023,39.22712148463467,False,dwarf
283.76615416666664,-30.48314166666667,,,simbad,,,,,,,,,-25.45981864848693,28.206556929688098,37.997529122846636,False,dwarf
283.76084583333335,-30.48025555555555,,,simbad,,,,,,,,,-27.534382700800883,29.516232607837978,40.36521049213246,False,dwarf
283.76668333333333,-30.476958333333332,,,simbad,,,,,,,,,-25.253013597734057,31.012464590478128,39.99359518401666,False,dwarf
283.76405416666665,-30.476627777777775,,,simbad,,,,,,,,,-26.280525306534273,31.162465943415096,40.764755537864986,False,dwarf
283.7506739133099,-30.47022840618,,,simbad,,,,,,,,,-31.50969817152132,34.06640865884958,46.404539409115095,False,dwarf
283.6934789999999,-30.49074400000001,,,simbad,,,,,,,,,-53.86219634338523,24.75672749466429,59.27926915185821,False,dwarf
283.75119700000005,-30.425888000000008,,,simbad,,,,,,,,,-31.305269252794087,54.18744672617337,62.580342486213766,False,dwarf
283.77982734388,-30.90408591077,,,simbad,,,,,,,,,-20.116167421865356,-162.81188177028105,164.04989801071042,False,dwarf
283.72389116123,-30.590418436150003,,,simbad,,,,,,,,,-41.97673767309222,-20.47409686837831,46.70369523122702,False,dwarf
283.98441657544,-31.07340254224,,,simbad,,,,,,,,,59.83990139216506,-239.6453319062517,247.00343905112248,False,dwarf
283.74213335851994,-30.482989824519997,,,simbad,,,,,,,,,-34.84745539994893,28.27546071015785,44.87590473988363,False,dwarf
283.56966362143,-30.637760939279996,,,simbad,,,,,,,,,-102.25081804006537,-41.95744331798545,110.524462629974,False,dwarf
283.747583,-30.477806,,,simbad,,,,,,,,,-32.717666330048715,30.627805658866247,44.81638282549901,False,dwarf
283.76481666666666,-30.48243611111111,,,simbad,,,,,,,,,-25.982530627118305,28.526727884694793,38.585827729835785,False,dwarf
283.76332083333335,-30.477372222222222,,,simbad,,,,,,,,,-26.567121282352435,30.824647770416156,40.69362165501426,False,dwarf
283.75029166666667,-30.47972222222222,,,simbad,,,,,,,,,-31.65908501206175,29.758251597448382,43.449409684574455,False,dwarf
283.86132198243,-29.986587374269998,,,simbad,,,,,,,,,11.732971842175724,253.5357471777333,253.80708761817664,False,dwarf
284.2639443321,-30.106987959970006,,,simbad,,,,,,,,,169.0828971086004,198.89969449107082,261.05576906722223,False,dwarf
284.51054841959,-30.532362718269997,,,simbad,,,,,,,,,265.4589049699518,5.870752223611886,265.5238142982978,False,dwarf
283.94449674301,-30.315329129289992,,,simbad,,,,,,,,,44.23872412354981,104.35747081676227,113.34701772587992,False,dwarf
283.7493875,-30.398877777777784,,,simbad,,,,,,,,,-32.01244482317597,66.44429677247655,73.7539232661275,False,dwarf
283.739158,-30.458497999999995,,,simbad,,,,,,,,,-36.010263279684324,39.389498130219856,53.369201084734016,False,dwarf
283.95708333333334,-30.174722222222222,,,simbad,,,,,,,,,49.15772340007621,168.16286128059878,175.20054133465544,False,dwarf
283.71389400000004,-30.540323000000008,,,simbad,,,,,,,,,-45.883755188867084,2.2584909586618185,45.93930530212929,False,dwarf
283.8740419999999,-30.506783999999996,,,simbad,,,,,,,,,16.704116180420783,17.478006382152024,24.176604485815254,False,dwarf
284.22437,-30.26022,,,simbad,,,,,,,,,153.61674575484707,129.36520042122112,200.8319189181143,False,dwarf
284.02788645750996,-30.13507121737,,,simbad,,,,,,,,,76.8284831255258,186.15591652688158,201.3867946945194,False,dwarf
283.86944872524,-31.068674436395554,,,simbad,,,,,,,,,14.909006095752474,-237.49978553267482,237.96728050475704,False,dwarf
283.79137613258087,-31.055188975810005,,,simbad,,,,,,,,,-15.60275419358468,-231.3802776351641,231.9057541695571,False,dwarf
284.15617548934586,-30.101221735709164,,,simbad,,,,,,,,,126.96546530852198,201.51632405883225,238.1786267556218,False,dwarf
283.7968419044,-30.255618104580005,,,simbad,,,,,,,,,-13.466661182423445,131.45347432091614,132.1414653863122,False,dwarf
283.59323064310036,-30.12734470309194,,,simbad,,,,,,,,,-93.04052680407023,189.6620974870993,211.25399605968371,False,dwarf
283.88207198699337,-30.20818154201139,,,simbad,,,,,,,,,19.842337032658897,152.97950358983314,154.26096997461607,False,dwarf
284.12507677194833,-30.993848369357774,,,simbad,,,,,,,,,114.81169177261646,-203.5447933933663,233.69254905802723,False,dwarf
284.2393518608942,-30.659608999109444,,,simbad,,,,,,,,,159.47184717677743,-51.871778377097,167.6960089983543,False,dwarf
284.24222780920417,-30.1770107300925,,,simbad,,,,,,,,,160.5958042845046,167.1243693509501,231.7791344895819,False,dwarf
284.42299348228624,-30.684426712086932,,,simbad,,,,,,,,,231.24132402158966,-63.13369928817125,239.7048475126589,False,dwarf
284.5118403090999,-30.61368699920194,,,simbad,,,,,,,,,265.963791790071,-31.0330358424471,267.76816064825715,False,dwarf
284.04916333413246,-30.234785529381945,,,simbad,,,,,,,,,85.14375660499823,140.90699707167786,164.63365728965937,False,dwarf
284.268822355455,-30.172680313608055,,,simbad,,,,,,,,,170.9892905589018,169.0894500174922,240.47573597569993,False,dwarf
283.41774767822994,-30.378628857159995,,,simbad,,,,,,,,,-161.6214971116592,75.6329654761152,178.44285862798012,False,dwarf
283.30601770396,-30.498828512509995,,,simbad,,,,,,,,,-205.28698939196678,21.08809208999718,206.36728336055035,False,dwarf
283.34397448362,-30.79158571019,,,simbad,,,,,,,,,-190.45299806547348,-111.7609101291297,220.82310908285538,False,dwarf
283.36881340955,-30.671296357470002,,,simbad,,,,,,,,,-180.74563049885353,-57.17533336765324,189.5732093153734,False,dwarf
283.38611561438,-30.5293302992,,,simbad,,,,,,,,,-173.98370921162012,7.246820347476479,174.13456714903617,False,dwarf
283.28289102244,-30.699663233400003,,,simbad,,,,,,,,,-214.3251901073649,-70.04781333821764,225.4816694723185,False,dwarf
283.16132835174335,-30.427415957585268,,,simbad,,,,,,,,,-261.8334249706105,53.49408156813951,267.24213588927006,False,dwarf
283.1536067857479,-30.477588570723615,,,simbad,,,,,,,,,-264.8511109816327,30.726471934708457,266.6275062062419,False,dwarf
283.3315260913133,-30.692154662456392,,,simbad,,,,,,,,,-195.31798780274832,-66.64053192599306,206.37363410739715,False,dwarf
283.4863402770508,-30.85075851685471,,,simbad,,,,,,,,,-134.81463875632988,-138.61267803170696,193.36096124637305,False,dwarf
283.42430204742,-30.313593867529995,,,simbad,,,,,,,,,-159.05996642895437,105.14490762525553,190.67124722910796,False,dwarf
283.27722423438,-30.25952036719,,,simbad,,,,,,,,,-216.5398428172277,129.68268371954795,252.40265843293724,False,dwarf
283.4418063647299,-30.182040819130002,,,simbad,,,,,,,,,-152.21905701888886,164.84178735125553,224.37347476222828,False,dwarf
283.48230147299046,-30.321544625015832,,,simbad,,,,,,,,,-136.39305465296727,101.53696832521408,170.0377055074634,False,dwarf
283.40867406707,-30.28386720798,,,simbad,,,,,,,,,-165.1675795362328,118.63443782919458,203.35795821385213,False,dwarf
283.28853495546,-30.21501946382,,,simbad,,,,,,,,,-212.11946943728347,149.87655310142455,259.72610666607767,False,dwarf
283.34076917357993,-30.1739746996,,,simbad,,,,,,,,,-191.7056739183596,168.50207628636204,255.23325630745572,False,dwarf
283.46260434972,-30.207079168950003,,,simbad,,,,,,,,,-144.0909404685726,153.47974461700176,210.5189567065584,False,dwarf
283.48322079574,-30.300393231590007,,,simbad,,,,,,,,,-136.0337716522676,111.1351661985125,175.6593640997037,False,dwarf
283.50443526093,-30.247038010079997,,,simbad,,,,,,,,,-127.74288935289604,135.3469976990076,186.11033170235717,False,dwarf
283.30853494483,-30.320564349690002,,,simbad,,,,,,,,,-204.30321970530957,101.98180315752082,228.3420542896453,False,dwarf
283.3534782038008,-30.145866137822775,,,simbad,,,,,,,,,-186.73882357557784,181.25733701269442,260.2414464517984,False,dwarf
283.5292727588533,-30.207229956976388,,,simbad,,,,,,,,,-118.03607986940726,153.41131918114348,193.56536106399764,False,dwarf
283.36730038010336,-30.17525168090611,,,simbad,,,,,,,,,-181.33694161347728,167.92260055113294,247.14588034111557,False,dwarf
283.37817103025,-30.13670796507,,,simbad,,,,,,,,,-177.08855354070593,185.41318398075734,256.39501670083536,False,dwarf
283.25091404474415,-30.227875030256104,,,simbad,,,,,,,,,-226.82219891679406,144.0428821019326,268.6943650426651,False,dwarf
283.2092259314404,-30.308141668874175,,,simbad,,,,,,,,,-243.11444279798107,107.61903689369534,265.8693088697892,False,dwarf
283.2228306009688,-30.298803864503615,,,simbad,,,,,,,,,-237.79756524431068,111.85639810420334,262.79181081793286,False,dwarf
283.2884446330675,-30.17051613644306,,,simbad,,,,,,,,,-212.15476857486246,170.07152246275848,271.90801492757436,False,dwarf
283.2983272558837,-30.327992508464444,,,simbad,,,,,,,,,-208.29251412516973,98.61101163017283,230.45585923406267,False,dwarf
283.3057830764842,-30.162103023169994,,,simbad,,,,,,,,,-205.37868478793112,173.88927216367267,269.1057099706957,False,dwarf
283.31867665723166,-30.27180166732917,,,simbad,,,,,,,,,-200.3397097566307,124.10960649933855,235.6675491678727,False,dwarf
283.33379047148213,-30.286302684003335,,,simbad,,,,,,,,,-194.43303928802518,117.5292538672188,227.19448118597404,False,dwarf
283.3407911340024,-30.142508022746387,,,simbad,,,,,,,,,-191.69709150647958,182.78120129603437,264.87118083941306,False,dwarf
283.3420711227929,-30.305541693372223,,,simbad,,,,,,,,,-191.19685563855924,108.79886835118113,219.98507076747208,False,dwarf
283.3433221543108,-30.139955862387215,,,simbad,,,,,,,,,-190.7079366403912,183.93933493000225,264.95885724415217,False,dwarf
283.34671947793584,-30.290527233656952,,,simbad,,,,,,,,,-189.38021944101197,115.6122140446092,221.88071469107535,False,dwarf
283.3486893736612,-30.256972036752224,,,simbad,,,,,,,,,-188.61035918506997,130.83907939031425,229.54897579302343,False,dwarf
283.35352260339295,-30.162688574536656,,,simbad,,,,,,,,,-186.7214716513477,173.62355738218892,254.9706799882906,False,dwarf
283.3551393149029,-30.15590169367361,,,simbad,,,,,,,,,-186.0896402702292,176.70334622420935,256.6192252788869,False,dwarf
283.35801544170874,-30.23988733185611,,,simbad,,,,,,,,,-184.96561340402488,138.59187254670235,231.12763849857632,False,dwarf
283.36065112589205,-30.130998746379728,,,simbad,,,,,,,,,-183.9355545669921,188.0039452411586,263.01667563123726,False,dwarf
283.27780843159206,-30.289410182355557,,,simbad,,,,,,,,,-216.31153113076752,116.11911584580793,245.50830447247435,False,dwarf
283.40419946275915,-30.077681733803608,,,simbad,,,,,,,,,-166.9163117029611,212.19843807745153,269.98005895812025,False,dwarf
283.4077794486704,-30.123861403596386,,,simbad,,,,,,,,,-165.5172077633835,191.24276865789037,252.9224043649009,False,dwarf
283.43978593726206,-30.12154366130333,,,simbad,,,,,,,,,-153.00866572127742,192.29452674778068,245.74140229712728,False,dwarf
283.378747050715,-30.19376214795001,,,simbad,,,,,,,,,-176.86343743079826,159.52281705518612,238.17683485398044,False,dwarf
283.47729991896,-30.169748039814166,,,simbad,,,,,,,,,-138.34772545937193,170.42007365659705,219.50647973329106,False,dwarf
283.4980559182234,-30.190492074815555,,,simbad,,,,,,,,,-130.2360174640308,161.00672917259428,207.0859412991342,False,dwarf
283.5005103006912,-30.080847911084998,,,simbad,,,,,,,,,-129.2768136389113,210.76167240263754,247.2508384183692,False,dwarf
283.50178938336455,-30.10877727795917,,,simbad,,,,,,,,,-128.7769318930674,198.08772774389172,236.26731909117242,False,dwarf
283.5216559969996,-30.167890451119167,,,simbad,,,,,,,,,-121.01280709142421,171.26302066736199,209.70245999571753,False,dwarf
283.53596545134417,-30.11388971973667,,,simbad,,,,,,,,,-115.42049068482038,195.76777525621213,227.2595685525507,False,dwarf
283.5361082883112,-30.083507792139997,,,simbad,,,,,,,,,-115.36466818488462,209.5546566674875,239.21153984797033,False,dwarf
283.46630569340584,-30.04925076890723,,,simbad,,,,,,,,,-142.6444083701129,225.10000069843116,266.49097086710697,False,dwarf
283.3663852810108,-30.17041586543417,,,simbad,,,,,,,,,-181.69457395539393,170.11702400324302,248.90303344987998,False,dwarf
283.4003112751667,-30.148504014566388,,,simbad,,,,,,,,,-168.43586477198423,180.06030651731075,246.56105638278333,False,dwarf
283.4181091793083,-30.080774213578618,,,simbad,,,,,,,,,-161.48021790121018,210.7951152701961,265.5380225037416,False,dwarf
283.471647861777,-30.064969673194167,,,simbad,,,,,,,,,-140.5566211554978,217.9669881984958,259.3564568214436,False,dwarf
283.54321038974746,-30.164836775666668,,,simbad,,,,,,,,,-112.5890767872869,172.6487346316319,206.11619485551648,False,dwarf
283.2129780531362,-30.29680586356917,,,simbad,,,,,,,,,-241.64806600862977,112.76306216806775,266.6632633026728,False,dwarf
283.47631312170415,-30.095249985988048,,,simbad,,,,,,,,,-138.73337835366715,204.226218122034,246.891268452026,False,dwarf
283.9834429033125,-30.82864004205806,,,simbad,,,,,,,,,59.45937796463948,-128.57563255296168,141.65843043862964,False,dwarf
283.8816954218596,-31.068085697892776,,,simbad,,,,,,,,,19.695170598156515,-237.2326244746996,238.04877201961017,False,dwarf
283.9418426912205,-31.051732803806942,,,simbad,,,,,,,,,43.20148699283408,-229.81191652997813,233.83730553009212,False,dwarf
283.9634553110129,-30.929585528100557,,,simbad,,,,,,,,,51.647973165156984,-174.3832410611179,181.87090997476406,False,dwarf
283.79941275708074,-30.801390369679446,,,simbad,,,,,,,,,-12.46193931959315,-116.2101234724504,116.87639936739748,False,dwarf
283.91095811294963,-30.731915547937778,,,simbad,,,,,,,,,31.13140174597461,-84.68344942011719,90.22444668912532,False,dwarf
283.79365580781996,-30.89107472148083,,,simbad,,,,,,,,,-14.711828171239787,-156.90759136017917,157.59578076393117,False,dwarf
283.88712975686997,-30.917400906750004,,,simbad,,,,,,,,,21.81897770535977,-168.85403528354414,170.25790148960297,False,dwarf
283.92382424782033,-30.817677537891953,,,simbad,,,,,,,,,36.159650580234626,-123.601005961945,128.78171067698017,False,dwarf
283.8485063075183,-31.077233215331944,,,simbad,,,,,,,,,6.724443400442966,-241.38363621482273,241.47728251604877,False,dwarf
283.96501764835,-30.716057066629997,,,simbad,,,,,,,,,52.2585544292911,-77.48709887726135,93.46232932820398,False,dwarf
283.78631298698,-30.6982182826,,,simbad,,,,,,,,,-17.581495767568352,-69.39211546449475,71.58473777323485,False,dwarf
283.9379091398499,-30.87930459785,,,simbad,,,,,,,,,41.66420518346567,-151.56647868133376,157.18875103972653,False,dwarf
283.80107426512336,-30.930559373005554,,,simbad,,,,,,,,,-11.81260088481791,-174.82515786101405,175.2237808084065,False,dwarf
283.7939282830029,-30.907744083343335,,,simbad,,,,,,,,,-14.605341410849947,-164.47190782656241,165.11912203568892,False,dwarf
283.81413442805376,-30.918434934850556,,,simbad,,,,,,,,,-6.7085234217847995,-169.32326235127482,169.45610481708613,False,dwarf
283.90000000000003,-31.110000000000007,,,simbad,,,,,,,,,26.848832099536967,-256.2527314363143,257.6554329985707,False,dwarf
283.97116653861,-31.000968180420003,,,simbad,,,,,,,,,54.6616187988509,-206.77566116741608,213.87862590949322,False,dwarf
283.89346953029,-30.94255711062,,,simbad,,,,,,,,,24.296641637008666,-180.26955848923842,181.8995341190905,False,dwarf
283.96822553109,-30.82253442174,,,simbad,,,,,,,,,53.51223572595476,-125.80498993986345,136.71303839122035,False,dwarf
283.87417898144,-31.08744523239,,,simbad,,,,,,,,,16.75765026610626,-246.01770255907863,246.58777101650523,False,dwarf
283.81081301677,-30.917468864809997,,,simbad,,,,,,,,,-8.00657311452373,-168.8848736729478,169.07455683385882,False,dwarf
283.80407550203586,-30.736833714355832,,,simbad,,,,,,,,,-10.639679400770945,-86.91524254617366,87.5640460726398,False,dwarf
283.8044497210213,-30.91529771741555,,,simbad,,,,,,,,,-10.493429870816025,-167.89963823788966,168.22722904116313,False,dwarf
283.80867819887624,-30.982199711032223,,,simbad,,,,,,,,,-8.840887047463756,-198.25879992162632,198.45582135616348,False,dwarf
283.81038930220626,-30.750131084185288,,,simbad,,,,,,,,,-8.172166144799188,-92.94939756603671,93.30795682784697,False,dwarf
283.8115777083013,-30.975606992600557,,,simbad,,,,,,,,,-7.707721956863313,-195.26711919609997,195.4191823156269,False,dwarf
283.8119696170842,-30.86138937569,,,simbad,,,,,,,,,-7.554559029497678,-143.43680874545916,143.63561349892163,False,dwarf
283.8145408467946,-30.991364138257502,,,simbad,,,,,,,,,-6.549689818646722,-202.4174850792806,202.52342260227894,False,dwarf
283.81791326522296,-30.99003577817389,,,simbad,,,,,,,,,-5.231705886310136,-201.8146943943915,201.88249458529702,False,dwarf
283.828104492852,-31.013502721274993,,,simbad,,,,,,,,,-1.2488447582286162,-212.46365537919453,212.46732565342674,False,dwarf
283.8289713157942,-30.97456163025639,,,simbad,,,,,,,,,-0.9100793486810973,-194.79274881176556,194.79487476333787,False,dwarf
283.8312853310604,-30.862212547720556,,,simbad,,,,,,,,,-0.005732807791233294,-143.8103523637917,143.81035247805707,False,dwarf
283.8314575205608,-31.06284147828778,,,simbad,,,,,,,,,0.06156103476030342,-234.8528731057744,234.85288117414692,False,dwarf
283.83190025652004,-30.963017935708613,,,simbad,,,,,,,,,0.2345878678860506,-189.55438639148193,189.5545315515274,False,dwarf
283.8353388582863,-31.126128335138606,,,simbad,,,,,,,,,1.57843708883239,-263.57153776319086,263.5762640726523,False,dwarf
283.8354364541671,-30.89703634336444,,,simbad,,,,,,,,,1.6165787979576953,-159.6128895565061,159.62107580011926,False,dwarf
283.83692872408164,-30.9039513147725,,,simbad,,,,,,,,,2.199776823905156,-162.75080404405395,162.76566970667076,False,dwarf
283.8432725163975,-30.934747017364725,,,simbad,,,,,,,,,4.679011391057018,-176.72545059223532,176.78738086929803,False,dwarf
283.8451329317029,-30.787713475238057,,,simbad,,,,,,,,,5.406085309090132,-110.0037456467522,110.13650536804094,False,dwarf
283.8484158598296,-30.880461277981667,,,simbad,,,,,,,,,6.689095295539895,-152.09136347527385,152.2383881931252,False,dwarf
283.85160617274045,-30.760370813783613,,,simbad,,,,,,,,,7.9359100799408235,-97.59603946215867,97.9181575985585,False,dwarf
283.85788691256585,-30.879427317032224,,,simbad,,,,,,,,,10.390502933408888,-151.6221668797495,151.97777482421495,False,dwarf
283.8613755724991,-30.848878770116393,,,simbad,,,,,,,,,11.753915521491324,-137.75967601983763,138.2601998666897,False,dwarf
283.8638134750087,-30.892913317608336,,,simbad,,,,,,,,,12.706678769731765,-157.74191981720344,158.2528766025256,False,dwarf
283.86470763177795,-31.139372726741115,,,simbad,,,,,,,,,13.056126585866682,-269.58165202625975,269.89762790849716,False,dwarf
283.86676648957626,-31.10308474281473,,,simbad,,,,,,,,,13.860754349230126,-253.11468726717723,253.4939159457099,False,dwarf
283.8695541163163,-30.778818962193057,,,simbad,,,,,,,,,14.950194266259789,-105.96754365883498,107.01695481411348,False,dwarf
283.87425561686166,-31.029915552870836,,,simbad,,,,,,,,,16.78760036171809,-219.91156210318886,220.55139689552965,False,dwarf
283.87833744413126,-31.021847501661387,,,simbad,,,,,,,,,18.38283027467564,-216.25039659975442,217.0303261723085,False,dwarf
283.8834876396187,-30.96679775850083,,,simbad,,,,,,,,,20.39559204937389,-191.26961556600185,192.3539602238816,False,dwarf
283.8840346154534,-30.99343352109806,,,simbad,,,,,,,,,20.609357149060912,-203.35654122463188,204.3982105130643,False,dwarf
283.7864588810909,-30.732936702848054,,,simbad,,,,,,,,,-17.524478497020755,-85.14683481940443,86.93152952959868,False,dwarf
283.96843666415623,-31.095379425956114,,,simbad,,,,,,,,,53.59474920841928,-249.61812539077854,255.3068852700996,False,dwarf
283.97766015470796,-30.817152248153054,,,simbad,,,,,,,,,57.19940640195329,-123.36263703970718,135.97835235847782,False,dwarf
283.9785542432971,-30.777954001588334,,,simbad,,,,,,,,,57.54882757241959,-105.57503698707005,120.24124080273494,False,dwarf
283.98097238486463,-31.02591475654389,,,simbad,,,,,,,,,58.49386799367214,-218.09605831940894,225.80394869736926,False,dwarf
283.98167588283087,-31.08218319249278,,,simbad,,,,,,,,,58.76880392929713,-243.62986459805592,250.61780311731093,False,dwarf
283.9821683884738,-30.98875562528361,,,simbad,,,,,,,,,58.96128138657084,-201.23377943991994,209.69374499593624,False,dwarf
283.9833328951542,-30.824192575540838,,,simbad,,,,,,,,,59.416385379906174,-126.55743626642035,139.81091347224142,False,dwarf
283.98487433976834,-30.87259081572361,,,simbad,,,,,,,,,60.01880150269235,-148.51986099379056,160.18865641310077,False,dwarf
283.98674517584544,-31.126597197957224,,,simbad,,,,,,,,,60.749947990609996,-263.7843009612413,270.68933044077033,False,dwarf
283.98676983150875,-30.844536593150842,,,simbad,,,,,,,,,60.75958373681451,-135.78925861625547,148.76306588472585,False,dwarf
283.98892125952295,-31.00920338807944,,,simbad,,,,,,,,,61.60038911566985,-210.51267986172496,219.34036637556488,False,dwarf
284.00065688432295,-31.065180543632493,,,simbad,,,,,,,,,66.1868202632345,-235.91430728957175,245.02296945485784,False,dwarf
284.0269072759125,-31.090492418739156,,,simbad,,,,,,,,,76.4458065272067,-247.40047186165847,258.94199121225273,False,dwarf
283.89149972529003,-30.85019728734611,,,simbad,,,,,,,,,23.52681683768426,-138.35800015931144,140.34403200206972,False,dwarf
283.8997659542442,-30.84985167841501,,,simbad,,,,,,,,,26.75736404708981,-138.2011678012387,140.76760746838966,False,dwarf
283.9022169355755,-30.826834052324728,,,simbad,,,,,,,,,27.71523866489818,-127.75610040826125,130.72779217051743,False,dwarf
283.9041654561563,-30.89261623018444,,,simbad,,,,,,,,,28.47674524302767,-157.60710582065806,160.15906101373224,False,dwarf
283.90550515744167,-31.022458659736667,,,simbad,,,,,,,,,29.000317511939407,-216.52773133701174,218.46115639569987,False,dwarf
283.90679088768127,-30.89664918352639,,,simbad,,,,,,,,,29.502797211039958,-159.43720199496235,162.14387568840883,False,dwarf
283.9106259991063,-30.858513677841938,,,simbad,,,,,,,,,31.00160744003961,-142.1318584561888,145.47358815976324,False,dwarf
283.91399302558335,-30.906429839589162,,,simbad,,,,,,,,,32.31748412938111,-163.87552292877626,167.03175385426772,False,dwarf
283.9157951922688,-30.851316329295837,,,simbad,,,,,,,,,33.02179374732539,-138.86580528806846,142.73804937925502,False,dwarf
283.921447885425,-30.801015648484437,,,simbad,,,,,,,,,35.23093798984328,-116.04008038807345,121.27043847580799,False,dwarf
283.9246354544325,-30.897342745526945,,,simbad,,,,,,,,,36.47668042200219,-159.7519304473496,163.86344160996893,False,dwarf
283.92525396956336,-30.953502866251668,,,simbad,,,,,,,,,36.71840398675725,-185.23658483641213,188.84076242483246,False,dwarf
283.9269234741779,-30.815256326819167,,,simbad,,,,,,,,,37.37086758334303,-122.50229522919342,128.075735720519,False,dwarf
283.9280615818012,-30.844411670398056,,,simbad,,,,,,,,,37.815654490016684,-135.73257046923982,140.901931891282,False,dwarf
283.929300455898,-30.963911047790283,,,simbad,,,,,,,,,38.299822213701546,-189.95966779825957,193.78222769806905,False,dwarf
283.93330888231003,-30.742227829451938,,,simbad,,,,,,,,,39.86636613976324,-89.36301433129645,97.85231463570577,False,dwarf
283.9422696620017,-30.83584893587,,,simbad,,,,,,,,,43.36835259423696,-131.84692479653194,138.79634571933227,False,dwarf
283.9538606611833,-30.857274066713607,,,simbad,,,,,,,,,47.89826221419848,-141.5693407697125,149.4527409220423,False,dwarf
283.95509766684495,-30.74178411185445,,,simbad,,,,,,,,,48.38169972972123,-89.16166167264139,101.4425491643594,False,dwarf
283.9561647505084,-30.926273358822222,,,simbad,,,,,,,,,48.798729571302,-172.88022631956858,179.63543264088608,False,dwarf
283.95855824925167,-31.010907046386105,,,simbad,,,,,,,,,49.7341392639976,-211.28577547801086,217.0602762544891,False,dwarf
283.96003549139004,-30.759494670101937,,,simbad,,,,,,,,,50.311464244258815,-97.19845807104832,109.4476298774472,False,dwarf
283.9629480036738,-30.777614427272777,,,simbad,,,,,,,,,51.44971101708505,-105.42094305066696,117.3057884225392,False,dwarf
283.9661323783059,-30.99356613964861,,,simbad,,,,,,,,,52.694205046772254,-203.41672161389778,210.13101122313495,False,dwarf
283.88081104647335,-30.007404874829167,,,simbad,,,,,,,,,19.349545470670073,244.08906508110962,244.85480718599686,False,dwarf
283.90177916666676,-29.982741666666655,,,simbad,,,,,,,,,27.54415301818748,255.2808739311634,256.76254586786575,False,dwarf
284.1275416666666,-30.006755555555554,,,simbad,,,,,,,,,115.77500391868017,244.3837168208598,270.4205106487831,False,dwarf
283.89990416666666,-29.971724999999996,,,simbad,,,,,,,,,26.81137921630125,260.2800786852901,261.657351159682,False,dwarf
283.89315498954295,-30.00427624846555,,,simbad,,,,,,,,,24.173715120186944,245.50879068996312,246.69603727818588,False,dwarf
283.82134091642877,-29.956577311378055,,,simbad,,,,,,,,,-3.8921362834007778,267.1538817388033,267.18223229279124,False,dwarf
283.8321163139259,-29.98013759357778,,,simbad,,,,,,,,,0.31902584479162105,256.4625648146139,256.4627632401626,False,dwarf
283.8356337138671,-29.97973114619694,,,simbad,,,,,,,,,1.693670392780668,256.64700478543875,256.6525931775021,False,dwarf
283.87707540592584,-29.974779132264437,,,simbad,,,,,,,,,17.889609723299042,258.89415742633594,259.5115081948089,False,dwarf
283.9765296128129,-30.009788903747772,,,simbad,,,,,,,,,56.75757627790779,243.00722707470567,249.5474601663581,False,dwarf
283.9789875187338,-30.01007260435279,,,simbad,,,,,,,,,57.71815711321899,242.878487823873,249.6424353113017,False,dwarf
283.98521471997583,-29.99746020696889,,,simbad,,,,,,,,,60.15182640867622,248.60181220776602,255.77549384818883,False,dwarf
284.01957797278584,-29.980824543273886,,,simbad,,,,,,,,,73.58142182481909,256.1508369308059,266.5098063826438,False,dwarf
284.02460637452714,-29.98299648268055,,,simbad,,,,,,,,,75.54658505743666,255.16524209200142,266.11386150614214,False,dwarf
283.8872255203867,-29.95955015593694,,,simbad,,,,,,,,,21.856403303367976,265.8048476705357,266.7019298964973,False,dwarf
283.9169714151659,-29.96301262805361,,,simbad,,,,,,,,,33.48147658686041,264.23362766448145,266.34642716426345,False,dwarf
283.93304662306923,-30.004438275912225,,,simbad,,,,,,,,,39.76387189924836,245.4352649669649,248.6355461269046,False,dwarf
283.9372065175829,-29.960137030096114,,,simbad,,,,,,,,,41.389611482212175,265.53853262485296,268.7448832019106,False,dwarf
283.9632465825967,-29.988466309591665,,,simbad,,,,,,,,,51.56639945042623,252.68311337506157,257.89115792751625,False,dwarf
284.0635230272492,-29.982793670529443,,,simbad,,,,,,,,,90.75570696149413,255.25727532679986,270.91119385020306,False,dwarf
284.06452193532164,-30.007983532128616,,,simbad,,,,,,,,,91.14609291666622,243.82647872809105,260.3055166202088,False,dwarf
284.0673692076233,-30.008479805066663,,,simbad,,,,,,,,,92.25884307633477,243.6012772123961,260.4866145990892,False,dwarf
283.238625,-30.353833333333338,,,simbad,,,,,,,,,-231.6249136038119,86.88481726994456,247.38446207069066,False,dwarf
283.22702185813,-30.272145036899996,,,simbad,,,,,,,,,-236.15956874055595,123.95379033072528,266.7131118731863,False,dwarf
283.18322752887,-30.412484345600003,,,simbad,,,,,,,,,-253.27494855443052,60.26983215424053,260.3471763494848,False,dwarf
283.3725410664716,-30.380088744513053,,,simbad,,,,,,,,,-179.28881485382098,74.97048960961905,194.33232732613916,False,dwarf
283.2485815425796,-30.55411055353583,,,simbad,,,,,,,,,-227.73377037222298,-3.9981023712105657,227.76886308387077,False,dwarf
283.48272175012875,-30.29752431320306,,,simbad,,,,,,,,,-136.2288050121886,112.43704006591781,176.63627966483472,False,dwarf
283.57295408012,-30.706438856390005,,,simbad,,,,,,,,,-100.96486501388654,-73.12249351950229,124.6627571722284,False,dwarf
283.49340513596,-30.67794497285,,,simbad,,,,,,,,,-132.0536022110453,-60.192379323726456,145.12503707342975,False,dwarf
283.45657253324,-30.61477994456,,,simbad,,,,,,,,,-146.4482509187395,-31.528998713553193,149.80376482931703,False,dwarf
283.31536285248,-30.299250141739996,,,simbad,,,,,,,,,-201.63478672007096,111.65388391826193,230.48465677715126,False,dwarf
283.15906795046834,-30.46419590695056,,,simbad,,,,,,,,,-262.7168184831257,36.8038699744706,265.28221116198756,False,dwarf
283.59589887024,-30.676211398459998,,,simbad,,,,,,,,,-91.99774976657278,-59.40570821944746,109.51084024500528,False,dwarf
283.53109666989997,-30.691071438940003,,,simbad,,,,,,,,,-117.32327227907706,-66.14898068669683,134.6864427630318,False,dwarf
283.26091545731,-30.496907488239998,,,simbad,,,,,,,,,-222.91351992496405,21.959825251574472,223.99256972144642,False,dwarf
283.3670843669099,-30.514610455910002,,,simbad,,,,,,,,,-181.42136231161285,13.926473347966262,181.95509710616275,False,dwarf
283.62212126903,-30.74573278763,,,simbad,,,,,,,,,-81.74970344400965,-90.95351390044625,122.29290945930673,False,dwarf
283.40925441421,-30.516691916789995,,,simbad,,,,,,,,,-164.9407725068146,12.981936362176594,165.45086614114888,False,dwarf
283.56855325264996,-30.42912455548,,,simbad,,,,,,,,,-102.68476425467553,52.718744437891154,115.42714942831243,False,dwarf
283.63783802217995,-30.45531379252,,,simbad,,,,,,,,,-75.60739679959191,40.83444564962812,85.92979926849226,False,dwarf
283.67173919182994,-30.32977380192,,,simbad,,,,,,,,,-62.35838934820628,97.80268630083944,115.99109521753337,False,dwarf
283.51104125081997,-30.446952113279995,,,simbad,,,,,,,,,-125.16118464537081,44.62885532670447,132.8798587807969,False,dwarf
283.60985766923,-30.74723718209,,,simbad,,,,,,,,,-86.54247392386651,-91.63618645141547,126.04281201330639,False,dwarf
283.4192127591204,-30.415574004045,,,simbad,,,,,,,,,-161.04892490146014,58.867789625932865,171.47061808764568,False,dwarf
283.35264688475456,-30.421650390433054,,,simbad,,,,,,,,,-187.06371361189008,56.110412949464504,195.29775060566024,False,dwarf
283.2249513636783,-30.30312855768639,,,simbad,,,,,,,,,-236.96874425579907,109.89391458957543,261.210371574314,False,dwarf
283.48697438984414,-30.335040512141664,,,simbad,,,,,,,,,-134.56681942707152,95.41272901381004,164.96004894695207,False,dwarf
283.3616267888183,-30.45352955984,,,simbad,,,,,,,,,-183.55425311004728,41.64410475670665,188.21900885876235,False,dwarf
283.29387923062495,-30.250479897718332,,,simbad,,,,,,,,,-210.03085886091782,133.7851186329193,249.02092209587346,False,dwarf
283.2888198399179,-30.397912321844718,,,simbad,,,,,,,,,-212.00813297473837,66.88240677766433,222.3076804426858,False,dwarf
283.499247895965,-30.34437506340306,,,simbad,,,,,,,,,-129.77017743125379,91.17684401741388,158.5985997274721,False,dwarf
283.35607933749,-30.730731615239996,,,simbad,,,,,,,,,-185.72226751025448,-84.14619780396038,203.8954223468829,False,dwarf
283.37174335592,-30.716124853270003,,,simbad,,,,,,,,,-179.60057026380048,-77.51785947874134,195.61539657513725,False,dwarf
283.36186974458,-30.46667447673,,,simbad,,,,,,,,,-183.45930291419398,35.679130686287586,186.89653873812424,False,dwarf
283.50310624059,-30.3939716978,,,simbad,,,,,,,,,-128.26228737275906,68.67060524591562,145.48837199904534,False,dwarf
283.46305084606,-30.35196815425999,,,simbad,,,,,,,,,-143.9164440309178,87.73120868514384,168.54882924500114,False,dwarf
283.25665273393,-30.429811223249995,,,simbad,,,,,,,,,-224.57944633421462,52.40714448809358,230.61317505549917,False,dwarf
283.20661748299,-30.380130646459996,,,simbad,,,,,,,,,-244.1338575648689,74.95147510925393,255.38023422057708,False,dwarf
283.31027762053077,-30.519561456377776,,,simbad,,,,,,,,,-203.62215991937293,11.67978060277508,203.95686133386062,False,dwarf
283.42757730285376,-30.660970341657773,,,simbad,,,,,,,,,-157.77995502829543,-52.489536029708184,166.2818859688119,False,dwarf
283.51276784108165,-30.624504014033615,,,simbad,,,,,,,,,-124.48641125321817,-35.94164146774182,129.57109314234043,False,dwarf
283.45093404781744,-30.712964866589445,,,simbad,,,,,,,,,-148.651842598596,-76.08390300947421,166.99140877635844,False,dwarf
283.21858043280497,-30.540651938228333,,,simbad,,,,,,,,,-239.4585849157118,2.1092235255426584,239.4678740744066,False,dwarf
283.6722689999999,-30.457767000000008,,,simbad,,,,,,,,,-62.15133358983042,39.72121540784923,73.76017367435588,False,dwarf
283.17589540879123,-30.71637396027333,,,simbad,,,,,,,,,-256.14043415747517,-77.63090065108625,267.6461820132667,False,dwarf
284.2177570938729,-30.27752167410639,,,simbad,,,,,,,,,151.0323380940394,121.51394976036856,193.84634929891664,False,dwarf
284.02276996135754,-30.229245864936107,,,simbad,,,,,,,,,74.82889147874468,143.42081705660115,161.76802454478081,False,dwarf
283.92597675588496,-30.166846555170274,,,simbad,,,,,,,,,37.00087805650375,171.7367256226279,175.6774541725091,False,dwarf
283.99458779639247,-30.10876873588362,,,simbad,,,,,,,,,63.81494365708101,198.09160401481907,208.1168676852511,False,dwarf
283.9997621385196,-29.965667171783334,,,simbad,,,,,,,,,65.83714224509743,263.02903393071506,271.1435081087623,False,dwarf
284.00688831956626,-30.071945544832502,,,simbad,,,,,,,,,68.62214426013212,214.80143806307404,225.4964666615045,False,dwarf
284.0871065781083,-30.091701877135552,,,simbad,,,,,,,,,99.97245801429578,205.83629884610932,228.8297932614653,False,dwarf
284.1054577233058,-30.073103066692777,,,simbad,,,,,,,,,107.14431851270922,214.2761713048089,239.57082998270198,False,dwarf
284.10919362472583,-30.167434670111383,,,simbad,,,,,,,,,108.60435621238649,171.46984752796257,202.9699849720881,False,dwarf
284.20977910355793,-30.236979968015,,,simbad,,,,,,,,,147.91443820383546,139.91119240780358,203.60211882524627,False,dwarf
284.30524486866955,-30.337149206209723,,,simbad,,,,,,,,,185.2236710820474,94.45583399928137,207.9175627637316,False,dwarf
284.36989387991,-30.45493567127,,,simbad,,,,,,,,,210.48932534982964,41.00603163001693,214.44638191461377,False,dwarf
283.90048563295045,-30.20851543821806,,,simbad,,,,,,,,,27.038623621327694,152.82798629750772,155.2014193333522,False,dwarf
284.14804427363,-30.46436588568,,,simbad,,,,,,,,,123.78768298653786,36.726736073806165,129.1210424439433,False,dwarf
284.0900588752012,-30.198008728050272,,,simbad,,,,,,,,,101.12625319558728,157.59578013300523,187.25103204283963,False,dwarf
284.01743090498996,-30.151549549350005,,,simbad,,,,,,,,,72.7423204746218,178.6782866714003,192.91805336945447,False,dwarf
284.08347173473,-30.127682765639996,,,simbad,,,,,,,,,98.55191508020962,189.50868956902588,213.60248918995833,False,dwarf
284.02769828641,-30.447292894929998,,,simbad,,,,,,,,,76.75494347097005,44.474213519307916,88.70894552069029,False,dwarf
284.10098333333326,-30.06666666666667,,,simbad,,,,,,,,,105.39567011212634,217.19691698801546,241.4182015248292,False,dwarf
283.9560166666667,-29.977880555555554,,,simbad,,,,,,,,,48.740856526148036,257.48677618020844,262.0593654166538,False,dwarf
283.9182875,-30.000091666666666,,,simbad,,,,,,,,,33.995819246826834,247.4076936754124,249.73242203616576,False,dwarf
283.92797643761173,-30.0742156624475,,,simbad,,,,,,,,,37.782379059928665,213.77129136655415,217.08448396868977,False,dwarf
284.1012995191467,-30.068833329388337,,,simbad,,,,,,,,,105.51923954179611,216.21371663290967,240.58819832588443,False,dwarf
284.1347958333333,-30.140938888888886,,,simbad,,,,,,,,,118.61002433872949,183.4932516536998,218.49052903062412,False,dwarf
283.92140416666666,-30.199797222222223,,,simbad,,,,,,,,,35.21385214410872,156.78418722222065,160.6900642409464,False,dwarf
284.1569018004604,-30.492917729855005,,,simbad,,,,,,,,,127.24931691211171,23.770320176180526,129.45044138927133,False,dwarf
283.972105143375,-30.261738846696932,,,simbad,,,,,,,,,55.02843745596312,128.67596965316275,139.94868379169026,False,dwarf
283.8942696421021,-29.99556897652611,,,simbad,,,,,,,,,24.609335490040703,249.4600253594177,250.67094695154182,False,dwarf
284.2365409498246,-30.429431451129442,,,simbad,,,,,,,,,158.37330744818394,52.57947960977849,166.8733237761869,False,dwarf
284.3008279168504,-30.270779695435838,,,simbad,,,,,,,,,183.49747024093642,124.57336263377705,221.7878361468678,False,dwarf
284.3063804359721,-30.23045396111222,,,simbad,,,,,,,,,185.6674651991327,142.87260040179973,234.275452361197,False,dwarf
284.32541105590997,-30.28763693495333,,,simbad,,,,,,,,,193.10487305155897,116.92378999196129,225.7446891121538,False,dwarf
284.5198842490058,-30.49262228906861,,,simbad,,,,,,,,,269.10746561762807,23.904386952330327,270.1670738019524,False,dwarf
284.11407152998584,-30.04463357047556,,,simbad,,,,,,,,,110.51070350965769,227.19521888454562,252.64655761398384,False,dwarf
284.0373148766446,-30.07146508810472,,,simbad,,,,,,,,,80.51322901067758,215.01946241021597,229.5991055315854,False,dwarf
283.8885786474625,-30.05215609478722,,,simbad,,,,,,,,,22.38522254159824,223.7816056347497,224.89843309526083,False,dwarf
284.0385686803338,-30.147955050394998,,,simbad,,,,,,,,,81.00323140860336,180.30941855623306,197.66894019729702,False,dwarf
283.9576684151596,-30.09847423615917,,,simbad,,,,,,,,,49.3863808049904,202.76309980578856,208.6908940319814,False,dwarf
283.87901496653876,-29.972787148585557,,,simbad,,,,,,,,,18.647614632224546,259.79809094624096,260.46646922547103,False,dwarf
283.95690445299,-30.039144170109996,,,simbad,,,,,,,,,49.08781469111938,229.6862297533666,234.8731097624119,False,dwarf
283.80598790194165,-30.206940220818613,,,simbad,,,,,,,,,-9.892289240985585,153.54279727894004,153.8611321376162,False,dwarf
283.8364732878376,-30.202045280841386,,,simbad,,,,,,,,,2.0217865582754673,155.76405058048204,155.77717122263516,False,dwarf
283.97921811178713,-30.111562168052217,,,simbad,,,,,,,,,57.80827580568686,196.82398470671637,205.13770425608277,False,dwarf
283.9071807040716,-29.959929295937222,,,simbad,,,,,,,,,29.655142404825025,265.63279939593264,267.2830177657575,False,dwarf
283.91771746874747,-30.192393734653614,,,simbad,,,,,,,,,33.77304379717255,160.1437833114916,163.66627575845828,False,dwarf
283.9234283595592,-30.188143151926944,,,simbad,,,,,,,,,36.00493242224714,162.0726365679186,166.02377746216717,False,dwarf
284.149339158725,-30.113646905878326,,,simbad,,,,,,,,,124.2937405193696,195.87796068994857,231.98514912888157,False,dwarf
284.03361458466793,-30.168951957607504,,,simbad,,,,,,,,,79.06710793351694,170.78132430279024,188.19635567030844,False,dwarf
284.0736516490171,-30.09659639349028,,,simbad,,,,,,,,,94.7141009243375,203.61523777835956,224.56608374695296,False,dwarf
284.22162759204707,-30.091425873856952,,,simbad,,,,,,,,,152.5449779138573,205.96154516101484,256.3008551914175,False,dwarf
284.25022692994787,-30.06839539336416,,,simbad,,,,,,,,,163.72196221452137,216.41244569681817,271.3654870536256,False,dwarf
284.16165265484665,-30.035708935004724,,,simbad,,,,,,,,,129.10601111510576,231.24508999571168,264.84458414923006,False,dwarf
283.9005942210317,-29.985995701152227,,,simbad,,,,,,,,,27.08106122194052,253.80423992175128,255.2449335034182,False,dwarf
283.43701494771,-30.1583208279,,,simbad,,,,,,,,,-154.09160361403437,175.60557793445653,233.6269276133194,False,dwarf
283.29593326093914,-30.24313622103111,,,simbad,,,,,,,,,-209.22811773962738,137.11757340516218,250.1552201921587,False,dwarf
283.29785207734744,-30.19131624376444,,,simbad,,,,,,,,,-208.47821992918657,160.63273316707537,263.18442801497036,False,dwarf
283.3161751135783,-30.276819481945562,,,simbad,,,,,,,,,-201.31734477175493,121.83259445526006,235.31224867747432,False,dwarf
283.32255624452625,-30.29039444182889,,,simbad,,,,,,,,,-198.82351779321047,115.67247306471474,230.02372106496807,False,dwarf
283.2620682955858,-30.247087452716396,,,simbad,,,,,,,,,-222.46297609229936,135.32456134231109,260.3891561381385,False,dwarf
283.39727973172546,-30.238502143620554,,,simbad,,,,,,,,,-169.62063043218646,139.22045102893122,219.43903994711474,False,dwarf
283.404424413735,-30.113298073052224,,,simbad,,,,,,,,,-166.828398006002,196.03625600516582,257.413923574021,False,dwarf
283.41128352330793,-30.144165212148337,,,simbad,,,,,,,,,-164.14777091319564,182.02919259981232,245.11041930997246,False,dwarf
283.5294530621491,-30.137745869930555,,,simbad,,,,,,,,,-117.96561505257736,184.94219769513796,219.36158009788397,False,dwarf
283.6891829571487,-30.170446670967223,,,simbad,,,,,,,,,-55.54114442494864,170.10304489577388,178.9409528499462,False,dwarf
283.7099215486412,-29.98037969497806,,,simbad,,,,,,,,,-47.43623960744176,256.3527026840919,260.70463172243996,False,dwarf
283.72758594210245,-30.156532782325,,,simbad,,,,,,,,,-40.53277040540895,176.4169672784015,181.01340232271804,False,dwarf
283.60128952063997,-30.13511085139695,,,simbad,,,,,,,,,-89.89101515964715,186.13793117596322,206.70685530213925,False,dwarf
283.6192517296342,-30.177444640084442,,,simbad,,,,,,,,,-82.87115586674285,166.92746724251606,186.36632687986116,False,dwarf
283.6703793929929,-30.06198677259833,,,simbad,,,,,,,,,-62.88981599543161,219.32058555157874,228.1592606111499,False,dwarf
283.37182357609623,-30.139211712257225,,,simbad,,,,,,,,,-179.56921920057187,184.277019547336,257.299678230565,False,dwarf
283.38256601761833,-30.093607932712228,,,simbad,,,,,,,,,-175.37093668579067,204.97135826209646,269.7558584013706,False,dwarf
283.5210674760329,-30.15062277557444,,,simbad,,,,,,,,,-121.24280855608126,179.09884327032267,216.27809479310238,False,dwarf
283.8915082238946,-30.170510852441122,,,simbad,,,,,,,,,23.530138200244764,170.07392026677738,171.69393046532764,False,dwarf
284.0892228145466,-30.078761548155835,,,simbad,,,,,,,,,100.79951007855118,211.70843386777838,234.4802810532763,False,dwarf
283.9050678590887,-30.219050812251663,,,simbad,,,,,,,,,28.82941576440404,148.04718521230532,150.8280619201994,False,dwarf
284.0828333333333,-30.14375,,,simbad,,,,,,,,,98.30241971032352,182.2176098959627,207.04256344312842,False,dwarf
283.8979791666667,-30.114819444444453,,,simbad,,,,,,,,,26.05906477976117,195.3458795667251,197.07634947119672,False,dwarf
283.9067541666667,-30.11113333333333,,,simbad,,,,,,,,,29.488446172391416,197.01858372929348,199.213179263719,False,dwarf
284.139475,-30.103194444444444,,,simbad,,,,,,,,,120.4387020708834,200.62113723088083,233.99641377664517,False,dwarf
283.8974847266504,-30.140457041680275,,,simbad,,,,,,,,,25.86583134482336,183.71190698102734,185.52386907825226,False,dwarf
284.13766666666663,-30.120047222222222,,,simbad,,,,,,,,,119.73198244863508,192.97358926232255,227.10031654285254,False,dwarf
283.9173291666667,-30.14937222222223,,,simbad,,,,,,,,,33.62129041478789,179.66632638048853,182.7850650469445,False,dwarf
284.1236434553937,-30.149424946200007,,,simbad,,,,,,,,,114.25153346808756,179.6424009983084,212.89623091132114,False,dwarf
283.95160279044876,-30.06663981859778,,,simbad,,,,,,,,,47.01585766903318,217.20910025521368,222.23924969733463,False,dwarf
283.9423875,-30.14714722222222,,,simbad,,,,,,,,,43.41440517983671,180.67599935277312,185.81880238351098,False,dwarf
284.0880291666666,-30.096113888888887,,,simbad,,,,,,,,,100.33301733451714,203.83419142106706,227.18955072742392,False,dwarf
283.96357970291,-30.220279573559992,,,simbad,,,,,,,,,51.6965870976098,147.48959101796834,156.28728859439695,False,dwarf
283.9455376729,-30.125379079099993,,,simbad,,,,,,,,,44.64553273845863,190.55406936050545,195.71427373431175,False,dwarf
283.95192771444,-30.240949966120006,,,simbad,,,,,,,,,47.14284208949931,138.10966441381666,145.93398152854093,False,dwarf
283.87064092553,-30.103953305590007,,,simbad,,,,,,,,,15.374933103268585,200.2767769664373,200.86606472969507,False,dwarf
283.9005000000001,-30.208544444444442,,,simbad,,,,,,,,,27.044238446711926,152.8148236895055,155.18943640730595,False,dwarf
283.8975078741592,-30.095755989979452,,,simbad,,,,,,,,,25.87487768510318,203.99660079440073,205.63103469780322,False,dwarf
284.1584321383892,-30.11158462348722,,,simbad,,,,,,,,,127.84739240127591,196.81379475354643,234.69261928977852,False,dwarf
283.83554842431505,-30.05667450049917,,,simbad,,,,,,,,,1.6603381531649841,221.7312181627762,221.73743443706456,False,dwarf
284.0194004488492,-30.040013944862782,,,simbad,,,,,,,,,73.5120432168301,229.2915384905092,240.78752069253454,False,dwarf
284.03350395346956,-30.166302872304993,,,simbad,,,,,,,,,79.02387185681212,171.98344108086096,189.2698505553799,False,dwarf
284.01370001064083,-30.117098028118335,,,simbad,,,,,,,,,71.28423960183413,194.31189109454806,206.97476618262237,False,dwarf
283.94874654680297,-30.206492197231114,,,simbad,,,,,,,,,45.89960139419416,153.74610393387988,160.45135675024162,False,dwarf
283.89336517625753,-30.228028123825556,,,simbad,,,,,,,,,24.25585875641165,143.97341044381818,146.00236162074614,False,dwarf
284.1301040326379,-30.062136963684175,,,simbad,,,,,,,,,116.77640906775436,219.25243099874558,248.4116708482498,False,dwarf
283.862254164715,-30.221926113834442,,,simbad,,,,,,,,,12.097280512585868,146.74241474251605,147.24021352967668,False,dwarf
284.0259509782021,-30.25610598932805,,,simbad,,,,,,,,,76.07207324243083,131.23207924510248,151.68658131289865,False,dwarf
283.9399687199916,-30.05720949690222,,,simbad,,,,,,,,,42.46911524780224,221.48844449606764,225.52329546017802,False,dwarf
283.85916122265,-30.099260437099996,,,simbad,,,,,,,,,10.88851949080279,202.40633313579636,202.69899740793136,False,dwarf
283.99915816821,-30.172987514789998,,,simbad,,,,,,,,,65.60110298111772,168.95004654312683,181.23913192041044,False,dwarf
283.8281493266304,-30.027920563550826,,,simbad,,,,,,,,,-1.2313231484716174,234.77934085192098,234.7825697268825,False,dwarf
283.8527066177679,-30.16754814824527,,,simbad,,,,,,,,,8.365977966068742,171.41835278426342,171.622379830251,False,dwarf
283.86256958117417,-30.198450776970553,,,simbad,,,,,,,,,12.220549268810752,157.3951846960464,157.86888860676126,False,dwarf
283.8653421037021,-30.126250084921384,,,simbad,,,,,,,,,13.30408626801257,190.15881945643542,190.6236483978101,False,dwarf
283.8740505082608,-30.04096518966306,,,simbad,,,,,,,,,16.707441316772535,228.85987729281854,229.46891299223378,False,dwarf
283.8807293298917,-30.069968923612777,,,simbad,,,,,,,,,19.317609593222652,215.69840032014875,216.56170007890896,False,dwarf
283.88536680860335,-30.203230534382772,,,simbad,,,,,,,,,21.12999514335067,155.2261995845108,156.6577471183867,False,dwarf
283.8855151753179,-30.14344646192306,,,simbad,,,,,,,,,21.187978738798964,182.3553511060063,183.5821465176574,False,dwarf
283.9719549689862,-30.231128901125278,,,simbad,,,,,,,,,54.96974739844769,142.56632233928613,152.79669300871134,False,dwarf
283.9838313251462,-30.15306829283473,,,simbad,,,,,,,,,59.61117814798614,177.98910273955792,187.70618864124816,False,dwarf
283.9856872193575,-30.05741664398,,,simbad,,,,,,,,,60.336485165070606,221.39444413394415,229.46893326865165,False,dwarf
284.0100058472504,-30.195866098954994,,,simbad,,,,,,,,,69.84051365397288,158.56807437440756,173.26722586299584,False,dwarf
284.02290873846295,-30.196329676486666,,,simbad,,,,,,,,,74.8831273332233,158.35770956349404,175.17033692209324,False,dwarf
284.02434739474796,-30.049924045150004,,,simbad,,,,,,,,,75.4453724721601,224.7944776309234,237.11718917198453,False,dwarf
283.9007518780067,-30.2022089940425,,,simbad,,,,,,,,,27.142675569119348,155.6897598863829,158.03805291932076,False,dwarf
283.9075563861787,-30.19621179457444,,,simbad,,,,,,,,,29.801963741319934,158.41120267841126,161.19015533480834,False,dwarf
283.91209287365336,-30.13759523778556,,,simbad,,,,,,,,,31.574880634011972,185.01055239426557,187.68558171655965,False,dwarf
283.91267246985296,-30.223241530292775,,,simbad,,,,,,,,,31.80139418640506,146.14549768846197,149.5654878867694,False,dwarf
283.9175189691296,-30.213767552799997,,,simbad,,,,,,,,,33.69546762670636,150.44465230169158,154.17191036229423,False,dwarf
283.92644237981995,-30.13617502037722,,,simbad,,,,,,,,,37.18284980107559,185.65502661087697,189.34189506079943,False,dwarf
283.92748314511783,-30.099361392255833,,,simbad,,,,,,,,,37.589594091291715,202.36052113927428,205.82215162539416,False,dwarf
283.93102518558544,-30.24743454554444,,,simbad,,,,,,,,,38.97386846981413,135.16705561316678,140.6737194597317,False,dwarf
283.93485241826875,-30.0732436882175,,,simbad,,,,,,,,,40.469599586556136,214.21235928106407,218.00165907500764,False,dwarf
283.9374762236629,-30.04401106658889,,,simbad,,,,,,,,,41.49501604201221,227.47770218769548,231.23135892201284,False,dwarf
283.94231396494,-30.050139515752218,,,simbad,,,,,,,,,43.38566674491526,224.69670017322562,228.84694262243772,False,dwarf
283.9503995895042,-30.12031857844806,,,simbad,,,,,,,,,46.54563146607285,192.85045171307047,198.38798485420128,False,dwarf
283.95165505474375,-30.165800637769166,,,simbad,,,,,,,,,47.03628321897358,172.2113478838132,178.51935547445612,False,dwarf
283.95499091873126,-30.237321564853893,,,simbad,,,,,,,,,48.339981211793756,139.7561806794243,147.88016710044812,False,dwarf
283.96228827396334,-30.216449455740555,,,simbad,,,,,,,,,51.191880271434734,149.227643351868,157.7640584736499,False,dwarf
284.1018894525088,-30.057159806642222,,,simbad,,,,,,,,,105.74979298847728,221.51099322078883,245.45903697922014,False,dwarf
284.10804301123994,-30.03146048836611,,,simbad,,,,,,,,,108.1546818558403,233.17297392612724,257.0351551381492,False,dwarf
284.1135104992863,-30.058389980509443,,,simbad,,,,,,,,,110.2914455903793,220.9527580275594,246.95004403806212,False,dwarf
284.1214629939117,-30.118733962237506,,,simbad,,,,,,,,,113.3993814414683,193.56952773969073,224.34032580139157,False,dwarf
284.12363723887455,-30.155706036534713,,,simbad,,,,,,,,,114.24910397350568,176.79213261745684,210.49540592178576,False,dwarf
284.1333557954125,-30.05160168560916,,,simbad,,,,,,,,,118.0472392389619,224.03318853932208,253.23115973164943,False,dwarf
284.13407770422003,-30.12544401296278,,,simbad,,,,,,,,,118.3293703650904,190.5246033082628,224.27987951835902,False,dwarf
284.14671404873707,-30.197566129214454,,,simbad,,,,,,,,,123.26781421209064,157.7966251137195,200.23668224854862,False,dwarf
284.1494445968429,-30.052661379948617,,,simbad,,,,,,,,,124.33494707430138,223.55231450182654,255.8022994093151,False,dwarf
284.1497797100542,-30.129537701834725,,,simbad,,,,,,,,,124.46591357130484,188.66694622470325,226.02429125847203,False,dwarf
284.0354810219404,-30.04377794678583,,,simbad,,,,,,,,,79.79653531276621,227.58348859868494,241.16743422499917,False,dwarf
284.03673533808336,-30.07035730776139,,,simbad,,,,,,,,,80.28673798411033,215.52215718409485,229.99078358363596,False,dwarf
284.040372447545,-30.13367919886361,,,simbad,,,,,,,,,81.70816653232812,186.78759448769665,203.8769970658163,False,dwarf
284.0406753772421,-30.03078312334833,,,simbad,,,,,,,,,81.82655530344924,233.48035242087838,247.40384014684574,False,dwarf
284.0457190403675,-30.035234913628884,,,simbad,,,,,,,,,83.79768287869551,231.46019407277495,246.16229015843402,False,dwarf
284.0510405612575,-30.235678896573614,,,simbad,,,,,,,,,85.87740079558455,140.50159989965684,164.66823476848447,False,dwarf
284.08036115606205,-30.052572470005558,,,simbad,,,,,,,,,97.33626145010058,223.59266055417493,243.8606685112973,False,dwarf
284.0807276198821,-30.11079278809278,,,simbad,,,,,,,,,97.47948016298646,197.1731182574834,219.95337600551986,False,dwarf
284.1879831613692,-30.15755777564444,,,simbad,,,,,,,,,139.3963073118959,175.95184006428565,224.47801788638566,False,dwarf
284.19059424193915,-30.057655011608894,,,simbad,,,,,,,,,140.41675074450748,221.286276335132,262.0772404920228,False,dwarf
284.19091659342917,-30.137443034015,,,simbad,,,,,,,,,140.5427297988389,185.07962027445092,232.39346965920618,False,dwarf
284.195990628195,-30.20802369139306,,,simbad,,,,,,,,,142.52572699672123,153.05113392825342,209.13687492326187,False,dwarf
284.1985874038009,-30.212786239290548,,,simbad,,,,,,,,,143.54057986780825,150.88995824678042,208.25867945538735,False,dwarf
284.2033232586229,-30.134161479560834,,,simbad,,,,,,,,,145.3914120506953,186.56874244947707,236.5302482924211,False,dwarf
284.2053932529875,-30.065307611321394,,,simbad,,,,,,,,,146.2003921255472,217.81363674080455,262.33058343990115,False,dwarf
284.2198769079904,-30.157287833121387,,,simbad,,,,,,,,,151.86078836076106,176.0743360955661,232.51638839670255,False,dwarf
284.1550710970208,-30.12624610827112,,,simbad,,,,,,,,,126.53385476839811,190.16062400308442,228.41164445752872,False,dwarf
284.155631801352,-30.14187836735194,,,simbad,,,,,,,,,126.7529851387747,183.06692985047212,222.66526457098809,False,dwarf
284.1740684019129,-30.08113339265999,,,simbad,,,,,,,,,133.95824267801345,210.63212497326523,249.6211186020421,False,dwarf
284.17583547622957,-30.041144565678884,,,simbad,,,,,,,,,134.64883775277102,228.77847903886206,265.46167704493075,False,dwarf
284.1788978003575,-30.141922516860827,,,simbad,,,,,,,,,135.84563289607723,183.04689543884734,227.94780522465246,False,dwarf
284.17925832022456,-30.139073920127498,,,simbad,,,,,,,,,135.98652863667567,184.3395476323597,229.07074189419396,False,dwarf
283.635585,-30.527589999999996,,,simbad,,,,,,,,,-76.48790646809,8.036543073734137,76.90894525636968,False,dwarf
283.3618742637,-30.29124962705,,,simbad,,,,,,,,,-183.4575367847612,115.28440232132175,216.67293606197427,False,dwarf
283.35714499774,-30.529205019029998,,,simbad,,,,,,,,,-185.30579395669244,7.303670685280705,185.4496720929945,False,dwarf
283.3654028620799,-30.309193809080003,,,simbad,,,,,,,,,-182.07851574473494,107.14159081330332,211.26264785288245,False,dwarf
283.36606295257,-30.845900228480005,,,simbad,,,,,,,,,-181.82054400180544,-136.40805669980648,227.301271782034,False,dwarf
283.40102134675,-30.903768256409997,,,simbad,,,,,,,,,-168.15835978335653,-162.66773479418052,233.96159066842282,False,dwarf
283.48628045673,-30.53058620655,,,simbad,,,,,,,,,-134.83801729706875,6.6769076701809205,135.00322960818653,False,dwarf
283.54668355332,-30.45170267851001,,,simbad,,,,,,,,,-111.23172037370365,42.47311720724723,119.06494573380681,False,dwarf
283.61140903957,-30.696361134140002,,,simbad,,,,,,,,,-85.9361787014203,-68.54936822603608,109.92744286114878,False,dwarf
283.61553628725,-30.826382756949997,,,simbad,,,,,,,,,-84.32319791547772,-127.5513090633711,152.90434313803004,False,dwarf
283.6481580935799,-30.838801017109997,,,simbad,,,,,,,,,-71.57418189022897,-133.18653676956438,151.20025492678943,False,dwarf
283.6815386958999,-30.854131222549988,,,simbad,,,,,,,,,-58.5286187596581,-140.14316332787402,151.873978816177,False,dwarf
283.59546167471,-30.562587433000004,,,simbad,,,,,,,,,-92.16861132959151,-7.844788251768042,92.50185737130029,False,dwarf
283.7242782462729,-31.0242655539925,,,simbad,,,,,,,,,-41.825459924538634,-217.34767394100274,221.3354478285474,False,dwarf
283.46095833333334,-30.89897222222222,,,simbad,,,,,,,,,-144.73422456753573,-160.49136351619265,216.11449170394047,False,dwarf
283.475125,-30.59222222222221,,,simbad,,,,,,,,,-139.1977113980491,-21.29262902338258,140.81682750716251,False,dwarf
283.54766666666666,-30.841888888888885,,,simbad,,,,,,,,,-110.84750719787426,-134.58776853450982,174.35893235243665,False,dwarf
283.6744583333333,-30.745250000000006,,,simbad,,,,,,,,,-61.2957143310456,-90.73443182343199,109.4984096399312,False,dwarf
283.6625216265,-31.06409393241,,,simbad,,,,,,,,,-65.96073088983462,-235.42121875801004,244.48715357054652,False,dwarf
283.48877707907,-30.798856885449997,,,simbad,,,,,,,,,-133.8623055936849,-115.06046479731901,176.51636586512927,False,dwarf
283.58688333333333,-30.534391666666668,,,simbad,,,,,,,,,-95.52113603576126,4.950044646862217,95.6493093104615,False,dwarf
283.4260361169666,-30.32199963474639,,,simbad,,,,,,,,,-158.38227003731387,101.33049145911687,188.02343460728179,False,dwarf
283.44182344111,-30.81250238758,,,simbad,,,,,,,,,-152.2123833527845,-121.2525972439873,194.60421882463808,False,dwarf
283.43733323432,-30.469388645479995,,,simbad,,,,,,,,,-153.96721316641703,34.44747997659103,157.7736720969964,False,dwarf
283.6616519999999,-30.571820999999993,,,simbad,,,,,,,,,-66.30059196539341,-12.034848043954494,67.38401933991965,False,dwarf
283.31076335437,-30.292697492689996,,,simbad,,,,,,,,,-203.43232896894952,114.62738173516796,233.5040665881235,False,dwarf
283.55135647124996,-30.402742324820007,,,simbad,,,,,,,,,-109.40548472717633,64.69062095286615,127.1001043573758,False,dwarf
283.40123477941,-30.5008844095,,,simbad,,,,,,,,,-168.07494759044067,20.15515562950565,169.27911361411063,False,dwarf
283.40721989708,-30.691688334960002,,,simbad,,,,,,,,,-165.73588762804243,-66.42891922067417,178.55303345695913,False,dwarf
283.44058132476,-30.43263801901,,,simbad,,,,,,,,,-152.69781819018533,51.124385262463875,161.02896152092558,False,dwarf
283.72268749999995,-31.090452777777767,,,simbad,,,,,,,,,-42.44714376142804,-247.38248336398993,250.99771530601248,False,dwarf
283.6145833333333,-30.77472222222222,,,simbad,,,,,,,,,-84.69562440321891,-104.10850203051703,134.20852800060547,False,dwarf
283.41814734877,-30.69900832608,,,simbad,,,,,,,,,-161.46530079104994,-69.75062582345348,175.8868760377182,False,dwarf
283.65396094366,-30.791416084369995,,,simbad,,,,,,,,,-69.30635441570386,-111.68393637368767,131.44075626044256,False,dwarf
283.3518848967358,-30.73146203916917,,,simbad,,,,,,,,,-187.36150820254792,-84.47765366894532,205.5256887236817,False,dwarf
283.4182344214813,-30.888148756824446,,,simbad,,,,,,,,,-161.4312716701415,-155.57983071685632,224.1988831348736,False,dwarf
283.4032714330575,-30.905331671683605,,,simbad,,,,,,,,,-167.27899749106967,-163.37719014079255,233.8255102847377,False,dwarf
283.4258142155787,-30.9814318938725,,,simbad,,,,,,,,,-158.46899191657445,-197.91037554687406,253.53685757333207,False,dwarf
283.4291490636716,-30.650855824193055,,,simbad,,,,,,,,,-157.16569094826383,-47.899713597453044,164.30288181880198,False,dwarf
283.48201362142504,-30.941132168673892,,,simbad,,,,,,,,,-136.50555069881028,-179.62294034539417,225.60621904085556,False,dwarf
283.4898169254583,-30.78742431783083,,,simbad,,,,,,,,,-133.45592042501517,-109.87253017762377,172.86542622549146,False,dwarf
283.5063476684296,-30.709323408844718,,,simbad,,,,,,,,,-126.99549622534104,-74.43146190181405,147.2001989888662,False,dwarf
283.53575491441705,-30.775716034378338,,,simbad,,,,,,,,,-115.50277118855742,-104.55947968155144,155.79979121780946,False,dwarf
283.5660478605779,-30.90672276013055,,,simbad,,,,,,,,,-103.66390328068005,-164.0084460540181,194.02313063250978,False,dwarf
283.62737819878333,-30.896875450219444,,,simbad,,,,,,,,,-79.6952285632916,-159.53987856327956,178.33760766518452,False,dwarf
283.6358112447549,-31.07872802353222,,,simbad,,,,,,,,,-76.39948714584997,-242.06195865911974,253.8323727699804,False,dwarf
283.636344887805,-31.056115600109447,,,simbad,,,,,,,,,-76.19093266762212,-231.80076640397428,244.00133918942325,False,dwarf
283.6365628047496,-30.97198555000139,,,simbad,,,,,,,,,-76.10576795937779,-193.6237606733855,208.04386223580622,False,dwarf
283.63710527412877,-30.823604698545562,,,simbad,,,,,,,,,-75.89376403971173,-126.29066614814866,147.34040781896385,False,dwarf
283.63871817251913,-30.79473103676889,,,simbad,,,,,,,,,-75.26342287412972,-113.18821405528467,135.92701947646398,False,dwarf
283.66145621221824,-30.97577687824334,,,simbad,,,,,,,,,-66.37710831585343,-195.34421085538023,206.31355075003142,False,dwarf
283.45256630011,-30.51359757618,,,simbad,,,,,,,,,-148.01393768232938,14.38610358956205,148.7114176003917,False,dwarf
283.62979111,-30.529165,,,simbad,,,,,,,,,-78.75223222955803,7.321830745042446,79.0918661216012,False,dwarf
283.63439889,-30.51758194,,,simbad,,,,,,,,,-76.95145331293546,12.578056640899504,77.97264697209248,False,dwarf
283.62072806,-30.498075,,,simbad,,,,,,,,,-82.29418721879313,21.430025220611213,85.03869255202486,False,dwarf
283.61419694,-30.48902694,,,simbad,,,,,,,,,-84.84663182286931,25.535904606479587,88.60605710535124,False,dwarf
283.61752306,-30.41645611,,,simbad,,,,,,,,,-83.5467419040669,58.467502641013304,101.97306971873341,False,dwarf
283.63749999999993,-30.68861111111111,,,simbad,,,,,,,,,-75.73950015848865,-65.03251933308829,99.82835496524123,False,dwarf
283.710163786,-30.83777573249,,,simbad,,,,,,,,,-47.34157017259255,-132.72127736745065,140.91189350957666,False,dwarf
283.3916061592604,-30.82196961468083,,,simbad,,,,,,,,,-171.83793457365022,-125.54868862651958,212.81623287328637,False,dwarf
283.6758260130624,-30.85151185593167,,,simbad,,,,,,,,,-60.761207731154634,-138.9545324609045,151.6584532967981,False,dwarf
283.37674756154,-30.41191935082,,,simbad,,,,,,,,,-177.64486318251625,60.52621865259988,187.6729084325099,False,dwarf
283.54018967689416,-30.480169017712775,,,simbad,,,,,,,,,-113.76960971623093,29.555502235223628,117.54595615060441,False,dwarf
283.4403220587966,-30.3143743306675,,,simbad,,,,,,,,,-152.79914261988944,104.79074468781758,185.27999934585677,False,dwarf
283.6624249999999,-30.553725000000004,,,simbad,,,,,,,,,-65.99849375267587,-3.82314372649617,66.10913405555577,False,dwarf
283.43845252348,-30.859460663960004,,,simbad,,,,,,,,,-153.5297807540691,-142.56158712519306,209.5118127983397,False,dwarf
283.64032301201,-30.703945980080004,,,simbad,,,,,,,,,-74.63623122874563,-71.99126213368578,103.69816216130276,False,dwarf
283.48779159126,-30.68587265903,,,simbad,,,,,,,,,-134.24744673991424,-63.78984919727859,148.63216952193645,False,dwarf
283.58113596093,-30.40960805934999,,,simbad,,,,,,,,,-97.76728212995795,61.57504945184811,115.54188924401545,False,dwarf
283.36236944103075,-30.70863900528861,,,simbad,,,,,,,,,-183.2640151979544,-74.12088941968697,197.68562293409585,False,dwarf
283.3977371198871,-30.706112209713332,,,simbad,,,,,,,,,-169.44187733239895,-72.9742659595376,184.487921789642,False,dwarf
283.3981315404629,-30.268341839273052,,,simbad,,,,,,,,,-169.28773276446913,125.67962666877519,210.8404729271328,False,dwarf
283.45245450951995,-30.239370812339992,,,simbad,,,,,,,,,-148.0576268640363,138.82626166808666,202.96253792595883,False,dwarf
283.49197133984956,-30.828067798359445,,,simbad,,,,,,,,,-132.6139479320848,-128.31595659968232,184.53033329028932,False,dwarf
283.495029253687,-30.692637536583053,,,simbad,,,,,,,,,-131.41887638629206,-66.8596532539496,147.44875144901664,False,dwarf
283.4957182936554,-30.779303327009448,,,simbad,,,,,,,,,-131.14959081973862,-106.18734144033203,168.74823452217368,False,dwarf
283.4990181064516,-31.009907164794175,,,simbad,,,,,,,,,-129.8599820901226,-210.83204360437068,247.6161657865702,False,dwarf
283.5042892989029,-30.805593782656395,,,simbad,,,,,,,,,-127.799933165973,-118.11757177544035,174.0246639972434,False,dwarf
283.5153112349112,-30.733175401141946,,,simbad,,,,,,,,,-123.49242065797799,-85.25515266923378,150.06271694402093,False,dwarf
283.529004912745,-30.629383182150832,,,simbad,,,,,,,,,-118.14075752866128,-38.15573772623981,124.14950225788075,False,dwarf
283.53471632640833,-31.013960583227224,,,simbad,,,,,,,,,-115.908664566549,-212.67142654243253,242.20642887667958,False,dwarf
283.56962289178296,-30.90898470098917,,,simbad,,,,,,,,,-102.26673570316159,-165.03488225619535,194.15199610793746,False,dwarf
283.5697658975604,-30.8581607734975,,,simbad,,,,,,,,,-102.21084722997549,-141.97171554455744,174.93720389366615,False,dwarf
283.5713152517221,-30.728774483722226,,,simbad,,,,,,,,,-101.60533995558058,-83.25807969308929,131.3603933522959,False,dwarf
283.57661329303244,-30.76982426075972,,,simbad,,,,,,,,,-99.53479815650458,-101.88587762244961,142.4356279269793,False,dwarf
283.58036718649663,-31.061657045797777,,,simbad,,,,,,,,,-98.06772893757469,-234.31539469110118,254.0098101416954,False,dwarf
283.6767648392354,-30.865653030723617,,,simbad,,,,,,,,,-60.394302544993806,-145.37159402661248,157.41782659449495,False,dwarf
283.69297150979787,-30.95218732058472,,,simbad,,,,,,,,,-54.06052995658485,-184.6396091493483,192.3910761080433,False,dwarf
283.5891185474653,-30.974088737438333,,,simbad,,,,,,,,,-94.64758597848191,-194.57815685797897,216.37658065928113,False,dwarf
283.6001837406378,-30.924978694834447,,,simbad,,,,,,,,,-90.32316802160788,-172.29272643793303,194.53292334429162,False,dwarf
283.60799169814373,-31.0807199066725,,,simbad,,,,,,,,,-87.27171911160522,-242.9658465560527,258.16420268773567,False,dwarf
283.6126814759366,-30.710671314175272,,,simbad,,,,,,,,,-85.43889441664436,-75.04312193842111,113.71576332858713,False,dwarf
283.64000885611955,-30.866480508299443,,,simbad,,,,,,,,,-74.7590073387297,-145.74709143941166,163.80208741441749,False,dwarf
283.6427552394266,-30.866408509323897,,,simbad,,,,,,,,,-73.68568587888291,-145.71441934069585,163.28586070826086,False,dwarf
283.64671520722084,-30.915694156902774,,,simbad,,,,,,,,,-72.13808019580803,-168.07953677064978,182.906077797795,False,dwarf
283.64994856042665,-30.76376110286556,,,simbad,,,,,,,,,-70.87444471776433,-99.13450384609223,121.86400931719876,False,dwarf
283.6512698752863,-30.8776750756525,,,simbad,,,,,,,,,-70.35805809744292,-150.8270249642365,166.43030913510188,False,dwarf
283.65544261188745,-30.98868185427639,,,simbad,,,,,,,,,-68.72729966367403,-201.20030321873926,212.61468372239267,False,dwarf
283.3800396943,-30.943214595806957,,,simbad,,,,,,,,,-176.3582559085321,-180.5679158029192,252.40246956895928,False,dwarf
283.38560092650334,-30.2721158609225,,,simbad,,,,,,,,,-174.18485576743504,123.96702996933962,213.79473449582733,False,dwarf
283.55622507623366,-30.87925973598639,,,simbad,,,,,,,,,-107.50277209593577,-151.54612101339282,185.80385572564583,False,dwarf
283.600061335225,-31.08610475241389,,,simbad,,,,,,,,,-90.37100561078742,-245.40941204143252,261.5199766243997,False,dwarf
283.34653124714,-30.464505633039998,,,simbad,,,,,,,,,-189.45378242550595,36.66332073342949,192.9687403766042,False,dwarf
283.876979,-30.466019000000003,,,simbad,,,,,,,,,17.85193306366113,35.9765765911122,40.1622406910471,False,dwarf
283.92432638676996,-30.511130278319992,,,simbad,,,,,,,,,36.3558928560608,15.50572784296178,39.52440437630114,False,dwarf
283.94513843821085,-30.536126595146946,,,simbad,,,,,,,,,44.489506753913325,4.162759075909017,44.68383124051207,False,dwarf
283.97617846689,-30.379588357399996,,,simbad,,,,,,,,,56.62034399367283,75.1975580787112,94.1304206670882,False,dwarf
284.052995503,-30.422110280450003,,,simbad,,,,,,,,,86.6414168451971,55.901721479652444,103.11031751154604,False,dwarf
284.20532369231,-30.30411806977,,,simbad,,,,,,,,,146.173206929741,109.44488824954735,182.60555848078883,False,dwarf
284.23559820912,-30.40724866861,,,simbad,,,,,,,,,158.0048724133653,62.645707007450646,169.97065721125867,False,dwarf
284.50303353075,-30.466421286889997,,,simbad,,,,,,,,,262.5219910148888,35.794024591143895,264.9509538817567,False,dwarf
283.90840353774,-30.5238375494,,,simbad,,,,,,,,,30.133041325479176,9.739351141432095,31.667888154708873,False,dwarf
283.90256400000004,-30.398165000000002,,,simbad,,,,,,,,,27.850875847767924,66.76774506796734,72.3436456570227,False,dwarf
283.8731490508,-30.49674371917,,,simbad,,,,,,,,,16.355140297732365,22.03414129816972,27.440736085357067,False,dwarf
283.9744188174,-30.1699683421,,,simbad,,,,,,,,,55.93265063543919,170.32010365042404,179.2690690403598,False,dwarf
283.97259870986,-30.5498284558,,,simbad,,,,,,,,,55.221329503778904,-2.0549480572680245,55.259551605880695,False,dwarf
283.99439849,-30.541028416230002,,,simbad,,,,,,,,,63.7409603157925,1.9383832275912116,63.77042693534709,False,dwarf
284.14810363438,-30.15796220649,,,simbad,,,,,,,,,123.8108819211887,175.76831516814352,214.99682578854592,False,dwarf
284.28044148548,-30.369769410639993,,,simbad,,,,,,,,,175.53019406960476,79.65325477975394,192.7575939544834,False,dwarf
283.890275,-30.051077777777774,,,simbad,,,,,,,,,23.0481786472902,224.27093037182289,225.4521429235048,False,dwarf
283.94420833333334,-30.13155,,,simbad,,,,,,,,,44.12600996073854,187.75379428328986,192.8693651745324,False,dwarf
283.89511200000004,-30.546293,,,simbad,,,,,,,,,24.938539649723808,-0.45060910628058615,24.942610296989958,False,dwarf
284.06875,-30.081944444444446,,,simbad,,,,,,,,,92.79847426537931,210.2640813481489,229.8315485984534,False,dwarf
283.87689666987,-30.416698472579995,,,simbad,,,,,,,,,17.81975740373549,58.357521990893616,61.01757227918543,False,dwarf
283.92776228497,-30.374168897759997,,,simbad,,,,,,,,,37.69868548902272,77.65683085303165,86.32365994173684,False,dwarf
284.05329714183995,-30.25057491564,,,simbad,,,,,,,,,86.75930113294768,133.74200086779965,159.41800127087285,False,dwarf
283.9257333333333,-30.12205277777778,,,simbad,,,,,,,,,36.90574543324812,192.06349702014447,195.57714829087462,False,dwarf
283.90061900000006,-30.490131,,,simbad,,,,,,,,,27.090745157330502,25.034898070850133,36.88705185559402,False,dwarf
283.878778,-30.430811000000002,,,simbad,,,,,,,,,18.55500510074144,51.953460190208304,55.167474475673615,False,dwarf
283.89939040456045,-30.24118815596334,,,simbad,,,,,,,,,26.610594463355252,138.0015772915315,140.54379770250873,False,dwarf
283.90294621279713,-30.134408744168052,,,simbad,,,,,,,,,28.00024946078738,186.4565373299678,188.54722030024203,False,dwarf
283.96418627896,-30.237088071606113,,,simbad,,,,,,,,,51.93364471802091,139.86213655425206,149.19289760312947,False,dwarf
283.9884720677496,-30.245896915520273,,,simbad,,,,,,,,,61.42483926847407,135.86480998474593,149.1048539496585,False,dwarf
283.9992676918138,-30.17887348498556,,,simbad,,,,,,,,,65.64390619581995,166.27907799387032,178.7675982921324,False,dwarf
284.0036538633625,-30.25033701771528,,,simbad,,,,,,,,,67.358077716491,133.84995552162104,149.84298858071662,False,dwarf
284.0060473800425,-30.139684230146386,,,simbad,,,,,,,,,68.29349441909652,184.0625977308845,196.3238173615534,False,dwarf
284.0081839954646,-30.07751990875583,,,simbad,,,,,,,,,69.12851084893002,212.2718719547465,223.24448175792148,False,dwarf
284.08529931539755,-30.298141943439724,,,simbad,,,,,,,,,99.26615680496721,112.15676835498623,149.77620162983965,False,dwarf
284.1050302647683,-30.226573020498048,,,simbad,,,,,,,,,106.9772622899609,144.6337153883841,179.8973214756217,False,dwarf
284.1078348238442,-30.032490219973052,,,simbad,,,,,,,,,108.07331957878628,232.70569654534955,256.5770519930315,False,dwarf
284.22619129464624,-30.212098057381944,,,simbad,,,,,,,,,154.32853082268335,151.2022452908832,216.05419321756366,False,dwarf
284.2289798719013,-30.534954758383055,,,simbad,,,,,,,,,155.4183422130314,4.694521731380963,155.48922673463053,False,dwarf
284.3525611219767,-30.37650134593611,,,simbad,,,,,,,,,203.7154635219718,76.5983994450945,217.64031077794866,False,dwarf
283.97635468251,-30.49968419417999,,,simbad,,,,,,,,,56.689211294911075,20.699796065248186,60.35021320908434,False,dwarf
284.16342869356,-30.32281051391,,,simbad,,,,,,,,,129.8001095898818,100.96252616685564,164.44299966717443,False,dwarf
284.47079474386,-30.462387209110002,,,simbad,,,,,,,,,249.92266384893045,37.62463101924873,252.73889840046408,False,dwarf
283.8968023538529,-29.989006888742782,,,simbad,,,,,,,,,25.599151393286206,252.43780633764067,253.73246268583088,False,dwarf
283.90088032705876,-30.20900258558084,,,simbad,,,,,,,,,27.192875089225385,152.60692583651146,155.01072952827724,False,dwarf
283.9024667075096,-29.998623242217228,,,simbad,,,,,,,,,27.812852707427947,248.0740435533597,249.6282953926483,False,dwarf
284.0029901666571,-30.244153874476943,,,simbad,,,,,,,,,67.09869661886904,136.6557769200374,152.24006192054065,False,dwarf
284.0063486875671,-30.161394167714718,,,simbad,,,,,,,,,68.41124922459126,174.21094056567023,187.16183059920263,False,dwarf
284.0194834791266,-30.277395925928058,,,simbad,,,,,,,,,73.54449250325146,121.5710124736158,142.08554976288355,False,dwarf
284.02020698930835,-30.102189632336117,,,simbad,,,,,,,,,73.82724946675336,201.07710650189148,214.20192698246026,False,dwarf
284.0300181033746,-30.154375417296666,,,simbad,,,,,,,,,77.66155738922073,177.39594847410876,193.65081985663753,False,dwarf
284.06721342424044,-30.141193951438332,,,simbad,,,,,,,,,92.19796095274995,183.377507940254,205.2505162532429,False,dwarf
284.07530764411746,-30.27479020496249,,,simbad,,,,,,,,,95.36128483128016,122.75345113978786,155.44190043678967,False,dwarf
284.07703723171164,-30.189260727259448,,,simbad,,,,,,,,,96.03722961902028,161.56549696894572,187.953609392634,False,dwarf
284.07726052066,-30.316795278379722,,,simbad,,,,,,,,,96.1244937745344,103.69215346429871,141.39300192539295,False,dwarf
284.0844001474529,-30.03502159313361,,,simbad,,,,,,,,,98.91475055789445,231.55699584289246,251.7990671184383,False,dwarf
284.0849815787187,-29.99673791063695,,,simbad,,,,,,,,,99.14198127743852,248.92957988611974,267.9460173129954,False,dwarf
284.08695102754916,-30.194836293310555,,,simbad,,,,,,,,,99.91166688117907,159.03538535233653,187.8153214547255,False,dwarf
284.0955472566946,-30.337705281585,,,simbad,,,,,,,,,103.27118235446085,94.20349499839786,139.78281573498754,False,dwarf
284.10831605293913,-30.193864067665274,,,simbad,,,,,,,,,108.26139001796317,159.47656735548054,192.75192373646667,False,dwarf
284.12448919249124,-30.15762063935388,,,simbad,,,,,,,,,114.58205826187417,175.9233134178344,209.94775607145013,False,dwarf
284.1596911477846,-30.150659335484164,,,simbad,,,,,,,,,128.33942925527163,179.08225290955215,220.3212708948677,False,dwarf
284.162134640975,-30.35444272503361,,,simbad,,,,,,,,,129.29437741255984,86.60828408823784,155.62143458794606,False,dwarf
284.228387984915,-30.332786860484727,,,simbad,,,,,,,,,155.1870252652079,96.43540369558102,182.70960537583665,False,dwarf
284.2286431766008,-30.249565381668056,,,simbad,,,,,,,,,155.28675741549748,134.20011285255094,205.2404621858394,False,dwarf
284.25002378229374,-30.433191830942224,,,simbad,,,,,,,,,163.64256953246473,50.87307337945512,171.36790877599861,False,dwarf
284.2513924765138,-30.276510978346383,,,simbad,,,,,,,,,164.17747260829404,121.9725889478176,204.52763863761888,False,dwarf
284.25211726288876,-30.204966994812224,,,simbad,,,,,,,,,164.4607283242948,154.4382188370741,225.6069471415397,False,dwarf
284.2897388861771,-30.53606154027473,,,simbad,,,,,,,,,179.1637362861597,4.192280040489882,179.21277747960514,False,dwarf
284.29055378149496,-30.217783905246392,,,simbad,,,,,,,,,179.48220772091835,148.62208937482868,233.02872856906387,False,dwarf
284.36770786701044,-30.461979908332502,,,simbad,,,,,,,,,209.63500375872337,37.80945824919435,213.0173465566068,False,dwarf
284.3811505557687,-30.20715860825611,,,simbad,,,,,,,,,214.8885771712071,153.44369620337784,264.0493675493663,False,dwarf
284.39604168331624,-30.399696224729162,,,simbad,,,,,,,,,220.70821884944897,66.07289732705945,230.38607950327295,False,dwarf
284.45431781686375,-30.332997916766672,,,simbad,,,,,,,,,243.48327161548272,96.33962939287998,261.85001002126467,False,dwarf
283.891823,-30.427456000000006,,,simbad,,,,,,,,,23.65315669809711,53.475910896721324,58.473454387600654,False,dwarf
284.17241299409,-30.09320713009,,,simbad,,,,,,,,,133.3112882865584,205.1532367227171,244.66252292173618,False,dwarf
283.89387005681,-30.523223632659995,,,simbad,,,,,,,,,24.453172485422087,10.017937721032544,26.42568297668559,False,dwarf
283.88012694,-30.49279,,,simbad,,,,,,,,,19.082187976630966,23.828282145776924,30.52731445761698,False,dwarf
283.88406389,-30.52866694,,,simbad,,,,,,,,,20.620798013507393,7.5478432037257015,21.958762436483042,False,dwarf
283.87771611,-30.54229889,,,simbad,,,,,,,,,18.14000500877084,1.3618605185754529,18.19105400438044,False,dwarf
283.87496889,-30.52819306,,,simbad,,,,,,,,,17.066356558698693,7.762883126467779,18.74894345353455,False,dwarf
283.88281194,-30.47117,,,simbad,,,,,,,,,20.13152006085233,33.639126937086814,39.202920312776946,False,dwarf
283.91629,-30.51499889,,,simbad,,,,,,,,,33.215170889921325,13.750207549232396,35.94879392822024,False,dwarf
283.90570111,-30.42240889,,,simbad,,,,,,,,,29.076898259206082,55.7662167641928,62.89146956914872,False,dwarf
283.98951248709,-30.456991450509996,,,simbad,,,,,,,,,61.831448354094626,40.07314860278299,73.68164794917253,False,dwarf
283.86106,-30.39820299999999,,,simbad,,,,,,,,,11.63058578285466,66.75050121496162,67.75618007311904,False,dwarf
283.88272800000004,-30.541216000000002,,,simbad,,,,,,,,,20.0987152433083,1.8532604129364305,20.18397702609054,False,dwarf
283.9228848377746,-30.558345485535835,,,simbad,,,,,,,,,35.79251720919402,-5.91985355316238,36.27876726490771,False,dwarf
284.1186571609375,-30.25501413227388,,,simbad,,,,,,,,,112.30282629703402,131.72754825956724,173.10133380415766,False,dwarf
284.118185645575,-30.15025868866944,,,simbad,,,,,,,,,112.11855210779173,179.26406066696975,211.43834366916192,False,dwarf
283.92281329877665,-30.189206559882496,,,simbad,,,,,,,,,35.76455886064988,161.5900773448964,165.50062467201292,False,dwarf
284.3265960051225,-30.238121931977783,,,simbad,,,,,,,,,193.5679662459535,139.39298559947244,238.5350330474107,False,dwarf
284.3082852626846,-30.138568226650833,,,simbad,,,,,,,,,186.4118956588568,184.56902405287568,262.326360633009,False,dwarf
284.04218057724,-30.415076681910005,,,simbad,,,,,,,,,82.4148065701056,59.093467252098634,101.41123317395748,False,dwarf
283.94877709271,-30.22312555575,,,simbad,,,,,,,,,45.91153912241417,146.19812526658094,153.2375973971527,False,dwarf
284.06419288289,-30.42789148721,,,simbad,,,,,,,,,91.01749504929148,53.278293069437986,105.4645007452305,False,dwarf
284.05913927176994,-30.356079084590007,,,simbad,,,,,,,,,89.04247967142815,85.86572767609324,123.6991769389825,False,dwarf
284.4322452999279,-30.43584011195028,,,simbad,,,,,,,,,234.85705180144214,49.67132157863152,240.0522338330412,False,dwarf
284.17025466703876,-30.467595471728885,,,simbad,,,,,,,,,132.46778667645157,35.26119641303849,137.08051093950868,False,dwarf
284.14233493212,-30.56145335729,,,simbad,,,,,,,,,121.55639984824293,-7.330161018999304,121.77721299418201,False,dwarf
284.42269156451454,-30.318533044165562,,,simbad,,,,,,,,,231.12333072377234,102.90358036492276,252.99632577721434,False,dwarf
284.31485379672,-30.4709267138,,,simbad,,,,,,,,,188.9789621429393,33.74952671266796,191.96895240103692,False,dwarf
283.9941291820888,-30.101968654499448,,,simbad,,,,,,,,,63.635711365416384,201.1773830633108,211.00199813552638,False,dwarf
284.02495212950544,-30.16135100013778,,,simbad,,,,,,,,,75.68171049208142,174.23052939070894,189.95788658219462,False,dwarf
284.0253560075779,-30.22854204162666,,,simbad,,,,,,,,,75.8395511697562,143.74020194325675,162.52040849172852,False,dwarf
283.93035541447784,-30.15691204820056,,,simbad,,,,,,,,,38.712113418680175,176.24486188340848,180.44633292378785,False,dwarf
284.1286859184496,-30.286343899753334,,,simbad,,,,,,,,,116.22219204096358,117.51055075314932,165.27651817821882,False,dwarf
284.1329108253575,-30.130939465616112,,,simbad,,,,,,,,,117.87333929287531,188.03084599837126,221.92278648871664,False,dwarf
284.04161979967165,-30.09981743821862,,,simbad,,,,,,,,,82.19564757770847,202.15357404590816,218.22509475368162,False,dwarf
284.0633014972841,-30.150272308115277,,,simbad,,,,,,,,,90.66913023897246,179.25788035849456,200.88374461093684,False,dwarf
284.19307698912417,-30.25451050608556,,,simbad,,,,,,,,,141.38703986120584,131.95608657439007,193.39778650424657,False,dwarf
284.21385853999664,-30.190066008955558,,,simbad,,,,,,,,,149.50873374973017,161.20007172686468,219.85978393556658,False,dwarf
284.21718461832495,-30.143593628183616,,,simbad,,,,,,,,,150.8086073827316,182.28856917534642,236.58478081380034,False,dwarf
284.2358340055054,-30.104569251967497,,,simbad,,,,,,,,,158.09702463406737,199.9972693665617,254.9383787353837,False,dwarf
284.24189131518875,-30.40064411524583,,,simbad,,,,,,,,,160.4642981517201,65.64275825498945,173.3717471004059,False,dwarf
284.24992049620795,-30.380065834149722,,,simbad,,,,,,,,,163.6022040189959,74.98088600271657,179.96614799907658,False,dwarf
284.16295883582046,-30.211856171622504,,,simbad,,,,,,,,,129.61648322075663,151.3120095666971,199.23794056762614,False,dwarf
284.1781387334279,-30.143450600078335,,,simbad,,,,,,,,,135.5489799041414,182.35347327070818,227.21424948040607,False,dwarf
284.1814994159504,-30.307805195290275,,,simbad,,,,,,,,,136.8623772955046,107.77172376270539,174.2011904717127,False,dwarf
284.3028838757641,-30.182359489473342,,,simbad,,,,,,,,,184.30096508341632,164.69717933654238,247.16797246425728,False,dwarf
284.3262531160075,-30.281112940984716,,,simbad,,,,,,,,,193.4339608270561,119.88428454540801,227.57183235674714,False,dwarf
284.3518836545175,-30.36904047069167,,,simbad,,,,,,,,,203.45070063892834,79.98403723559045,218.60840286451744,False,dwarf
284.2719786865641,-30.143791562058055,,,simbad,,,,,,,,,172.2228248238176,182.19874963228256,250.7131543375069,False,dwarf
284.2809911770679,-30.34275719968001,,,simbad,,,,,,,,,175.7450205200986,91.91100728662538,198.32787372946845,False,dwarf
284.39308827221373,-30.46199900297806,,,simbad,,,,,,,,,219.55398829905138,37.80079337389752,222.78432116671965,False,dwarf
284.4051216235358,-30.217329728853603,,,simbad,,,,,,,,,224.25677475089725,148.82818808424213,269.1485288648504,False,dwarf
284.42516917742125,-30.48817095687306,,,simbad,,,,,,,,,232.09161329930282,25.924337428052446,233.534982893263,False,dwarf
284.4400538570012,-30.479421586857224,,,simbad,,,,,,,,,237.9087350299883,29.894675598594045,239.7796026202278,False,dwarf
284.46694575104453,-30.303020086066937,,,simbad,,,,,,,,,248.41842859632663,109.94313744909157,271.66009853936606,False,dwarf
284.37424556046824,-30.191828252242775,,,simbad,,,,,,,,,212.19001735357267,160.40039108970294,265.994152052708,False,dwarf
284.4511253550554,-30.525880512001663,,,simbad,,,,,,,,,242.2356170146611,8.812284120184533,242.39585496020436,False,dwarf
284.4798313299388,-30.40260900640055,,,simbad,,,,,,,,,253.45427640181808,64.75111893256536,261.59468195930214,False,dwarf
283.89871920202415,-30.068612396663063,,,simbad,,,,,,,,,26.34827999170046,216.31397272342622,217.9127500948768,False,dwarf
284.14144593477124,-30.09470437112749,,,simbad,,,,,,,,,121.20896839915024,204.4738102919108,237.69971206477834,False,dwarf
284.1883503159479,-30.155975385721113,,,simbad,,,,,,,,,139.53979598203756,176.6699058338097,225.1302074134785,False,dwarf
284.0952476969733,-30.541678208030554,,,simbad,,,,,,,,,103.15411061266039,1.643517061916011,103.16720256274174,False,dwarf
283.87702419447703,-30.483228475598892,,,simbad,,,,,,,,,17.86959563899584,28.16716428581456,33.35733191077018,False,dwarf
283.8119721382504,-30.4744862403496,,,simbad,,,,,,,,,-7.55357372573954,32.13426480200088,33.01011133569978,False,dwarf
283.80688333333336,-30.47661388888889,,,simbad,,,,,,,,,-9.542343286215388,31.168768521267822,32.59675515330254,False,dwarf
283.83500260429,-30.44788067457,,,simbad,,,,,,,,,1.4470247585624851,44.20748757945692,44.23116366024899,False,dwarf
283.84111048442,-30.42064716895,,,simbad,,,,,,,,,3.8340618487327633,56.5656604176219,56.69544927718295,False,dwarf
283.81025999999997,-30.441776000000008,,,simbad,,,,,,,,,-8.222699088427182,46.97770102569554,47.69189841009117,False,dwarf
283.794787,-30.418899999999997,,,simbad,,,,,,,,,-14.26974390757554,57.35850053754166,59.106879253627966,False,dwarf
283.863345,-30.529652000000002,,,simbad,,,,,,,,,12.523592789347985,7.1008371551528615,14.39660601174486,False,dwarf
283.854881,-30.443134000000004,,,simbad,,,,,,,,,9.21575414466327,46.36146017340393,47.26854254009739,False,dwarf
283.80184604272,-30.39417536796,,,simbad,,,,,,,,,-11.51098040286443,68.57818265903548,69.53754242602454,False,dwarf
283.83573392395544,-30.51996906051333,,,simbad,,,,,,,,,1.732833767425191,11.49481571331079,11.624693593747134,False,dwarf
283.85569799999996,-30.506707999999996,,,simbad,,,,,,,,,9.53504811591916,17.512494088172126,19.940024868619325,False,dwarf
283.84524,-30.540768,,,simbad,,,,,,,,,5.447928958769423,2.0565563642100937,5.823173878476542,False,dwarf
283.85197400000004,-30.538403000000006,,,simbad,,,,,,,,,8.079661642298769,3.129759321258696,8.664659581486148,False,dwarf
283.8144875,-30.424919444444452,,,simbad,,,,,,,,,-6.570538423191342,54.62696329542993,55.02069696078815,False,dwarf
283.820196,-30.452076,,,simbad,,,,,,,,,-4.33958415768181,42.30370928885652,42.52570763970528,False,dwarf
283.87114399999996,-30.524822,,,simbad,,,,,,,,,15.57154099230909,9.292621629808151,18.13355193088052,False,dwarf
283.80766004633995,-30.518139589978336,,,simbad,,,,,,,,,-9.238793983401244,12.325003107810817,15.403279387042142,False,dwarf
283.83389999999997,-30.44610833333333,,,simbad,,,,,,,,,1.0161130052024154,45.01175052072482,45.02321812775396,False,dwarf
283.836149,-30.539787,,,simbad,,,,,,,,,1.895050754724282,2.5017200432231324,3.138442374434398,False,dwarf
283.880258,-30.425283000000004,,,simbad,,,,,,,,,19.1334078883491,54.46198701751514,57.7251706564643,False,dwarf
283.840675,-30.452874999999988,,,simbad,,,,,,,,,3.6638690092123594,41.941134590054,42.100863492542416,False,dwarf
283.8294166666667,-30.427966666666673,,,simbad,,,,,,,,,-0.7360305742887585,53.24417771417056,53.2492647974079,False,dwarf
283.79483700000003,-30.458639,,,simbad,,,,,,,,,-14.250203272842132,39.325514359839886,41.827794263901765,False,dwarf
283.80539914494,-30.496279891489998,,,simbad,,,,,,,,,-10.122382951084465,22.24461962279434,24.439430000947493,False,dwarf
283.84655645721,-30.48915605619,,,simbad,,,,,,,,,5.9624171479574555,25.4773135380173,26.165701277831186,False,dwarf
283.7994166666667,-30.495027777777775,,,simbad,,,,,,,,,-12.460411403772286,22.812810801873475,25.993964473187493,False,dwarf
283.79965945031995,-30.45665007169,,,simbad,,,,,,,,,-12.365528470111755,40.228061397326485,42.08566523333347,False,dwarf
283.8177791666667,-30.416041666666658,,,simbad,,,,,,,,,-5.284113304382309,58.65557105998609,58.893105452052936,False,dwarf
283.91446139044,-30.490390488109995,,,simbad,,,,,,,,,32.50052706093608,24.917146101731458,40.95300268714944,False,dwarf
283.87833311249994,-30.472183591659995,,,simbad,,,,,,,,,18.38113741817155,33.179173631908924,37.93051246268717,False,dwarf
283.89490370734,-30.482824059220004,,,simbad,,,,,,,,,24.857136234045388,28.35068261718998,37.70462075951077,False,dwarf
283.81399073996,-30.4039576313,,,simbad,,,,,,,,,-6.764678552864095,64.1391323659517,64.49487713439457,False,dwarf
283.89163930102,-30.473125778109996,,,simbad,,,,,,,,,23.581364804778257,32.75162298318301,40.35776968674801,False,dwarf
283.850925,-30.442643999999998,,,simbad,,,,,,,,,7.669699125961016,46.583815120109676,47.21097452740545,False,dwarf
283.8066458333334,-30.444741666666662,,,simbad,,,,,,,,,-9.635161301089687,45.63192418160256,46.63806211468847,False,dwarf
283.84121694,-30.39742889,,,simbad,,,,,,,,,3.87566604076484,67.10178119004651,67.21361339889724,False,dwarf
283.79945599400753,-30.409393957900548,,,simbad,,,,,,,,,-12.445041779741478,61.67220560772479,62.915340016731946,False,dwarf
283.8177262229567,-30.502892894922226,,,simbad,,,,,,,,,-5.304804378340333,19.243733856004084,19.961519035714105,False,dwarf
283.7547326240542,-30.475191667589165,,,simbad,,,,,,,,,-29.923502490083305,31.814152074944644,43.67557983040095,False,dwarf
283.776765,-30.432828999999995,,,simbad,,,,,,,,,-21.312970284526877,51.03772083827663,55.309055774936006,False,dwarf
283.72390799999994,-30.466879,,,simbad,,,,,,,,,-41.970156868023516,35.58632097036751,55.02617838567858,False,dwarf
283.75941631351,-30.486200129520004,,,simbad,,,,,,,,,-28.09305719455061,26.81867051183118,38.83891026481633,False,dwarf
283.71689299999997,-30.539172999999995,,,simbad,,,,,,,,,-44.71170791864244,2.780344405013402,44.798070717526244,False,dwarf
283.752167,-30.470499999999998,,,simbad,,,,,,,,,-30.926180939319995,33.94316329278557,45.91913546455623,False,dwarf
283.7383709999999,-30.501707,,,simbad,,,,,,,,,-36.317832870143924,19.78187590136904,41.35586534653666,False,dwarf
283.7353,-30.465116666666674,,,simbad,,,,,,,,,-37.518018654351266,36.38604246915711,52.26419242957414,False,dwarf
283.7841791666667,-30.46844722222222,,,simbad,,,,,,,,,-18.415419833398293,34.87468429966811,39.43819585936756,False,dwarf
283.72100467522,-30.406115021419993,,,simbad,,,,,,,,,-43.104813047741644,63.160139784011804,76.46717050745809,False,dwarf
283.79005300000006,-30.488033,,,simbad,,,,,,,,,-16.119851202444806,25.986940271228278,30.580560286713965,False,dwarf
283.7653833333333,-30.481113888888885,,,simbad,,,,,,,,,-25.761070100345208,29.12673329643689,38.88443551392594,False,dwarf
283.744,-30.486417,,,simbad,,,,,,,,,-34.117948213781354,26.72025780974763,43.335973137079144,False,dwarf
283.76305927411,-30.51449001377,,,simbad,,,,,,,,,-26.66934194716558,13.981128257397835,30.11188714186897,False,dwarf
283.752667,-30.477625,,,simbad,,,,,,,,,-30.730774592164924,30.709940853466566,43.44514903021814,False,dwarf
283.774863,-30.400226999999997,,,simbad,,,,,,,,,-22.05629602913175,65.83203914938895,69.42865095255252,False,dwarf
283.74963731341,-30.53591756073,,,simbad,,,,,,,,,-31.914814571334524,4.257615885377541,32.197557083575234,False,dwarf
283.75708299999997,-30.487000000000002,,,simbad,,,,,,,,,-29.004945734082384,26.455700801729208,39.25800532308894,False,dwarf
283.7107088478999,-30.49590717444,,,simbad,,,,,,,,,-47.12855306292493,22.413753255015045,52.18694136258254,False,dwarf
283.770379,-30.471941,,,simbad,,,,,,,,,-23.808700150433427,33.28925823523132,40.92711713161783,False,dwarf
283.76210000000003,-30.47774722222222,,,simbad,,,,,,,,,-27.044238446672153,30.654478168346433,40.87894158285031,False,dwarf
283.76447916666666,-30.485063888888888,,,simbad,,,,,,,,,-26.11442991145942,27.334280154635017,37.803787127384474,False,dwarf
283.763575,-30.478080555555554,,,simbad,,,,,,,,,-26.467789722553743,30.503216299840652,40.38551841232431,False,dwarf
283.766355,-30.492189000000003,,,simbad,,,,,,,,,-25.381330432374703,24.101007294692334,35.0010069446038,False,dwarf
283.77339475174,-30.45438220069,,,simbad,,,,,,,,,-22.630106087529548,41.257188612300325,47.05610814467943,False,dwarf
283.72274707532324,-30.424304389488054,,,simbad,,,,,,,,,-42.42386096882868,54.90606638124662,69.38631064528771,False,dwarf
283.76492083333335,-30.479888888888887,,,simbad,,,,,,,,,-25.94182097146017,29.682620663195493,39.4212638654629,False,dwarf
283.7620583333333,-30.48286111111111,,,simbad,,,,,,,,,-27.060522308943366,28.333869002348912,39.180096991649854,False,dwarf
283.7593958333333,-30.476980555555553,,,simbad,,,,,,,,,-28.10106110757248,31.00238046591319,41.84276795247607,False,dwarf
283.76350833333333,-30.478594444444443,,,simbad,,,,,,,,,-26.49384390217177,30.27002091922637,40.226830985836386,False,dwarf
283.76186666666666,-30.485252777777777,,,simbad,,,,,,,,,-27.13542807535513,27.24856509581719,38.45537357267198,False,dwarf
283.76745833333337,-30.477541666666667,,,simbad,,,,,,,,,-24.950133759624794,30.74775632059157,39.59714249000359,False,dwarf
283.76148333333333,-30.483375000000002,,,simbad,,,,,,,,,-27.28523960817866,28.100673621731744,39.16799916348564,False,dwarf
283.7618708333333,-30.482725,,,simbad,,,,,,,,,-27.133799689124032,28.395634265321767,39.27537563027785,False,dwarf
283.76177499999994,-30.47875277777778,,,simbad,,,,,,,,,-27.171252572359744,30.19817153168569,40.62273415475721,False,dwarf
283.76581250000004,-30.481783333333333,,,simbad,,,,,,,,,-25.593346319019364,28.82294904385074,38.54583981948867,False,dwarf
283.76555,-30.48009444444444,,,simbad,,,,,,,,,-25.695934651280258,29.589342510950356,39.18941499733314,False,dwarf
283.7617,-30.48046944444444,,,simbad,,,,,,,,,-27.20056352440019,29.419172908880633,40.066923898491964,False,dwarf
283.7641625,-30.479163888888884,,,simbad,,,,,,,,,-26.23818726464504,30.011615227198305,39.86401283714401,False,dwarf
283.76440833333334,-30.479574999999997,,,simbad,,,,,,,,,-26.142112477288656,29.82505892270515,39.66036036798008,False,dwarf
283.7624916666667,-30.478972222222218,,,simbad,,,,,,,,,-26.891170141406313,30.098590801587832,40.36161790383891,False,dwarf
283.76546666666667,-30.47863333333333,,,simbad,,,,,,,,,-25.72850237580279,30.252373701234127,39.7134983231245,False,dwarf
283.76545000000004,-30.47647222222222,,,simbad,,,,,,,,,-25.73501592070729,31.233054815384076,40.469677013040815,False,dwarf
283.7659708333333,-30.484413888888888,,,simbad,,,,,,,,,-25.531467642436496,27.629240798222156,37.61955325443041,False,dwarf
283.7656125,-30.48163333333333,,,simbad,,,,,,,,,-25.67150885789333,28.89101688467921,38.64863805713877,False,dwarf
283.7647333333333,-30.48085,,,simbad,,,,,,,,,-26.01509835166073,29.246482275667507,39.14258637018656,False,dwarf
283.7750247361,-30.472748477320003,,,simbad,,,,,,,,,-21.993087508105212,32.922836650633336,39.59304321801318,False,dwarf
283.7725970000001,-30.494320000000002,,,simbad,,,,,,,,,-22.941877594413654,23.133990169333487,32.580841743452204,False,dwarf
283.78565799999996,-30.540071000000005,,,simbad,,,,,,,,,-17.83747299400375,2.3728449312543365,17.994605743933167,False,dwarf
283.78627300000005,-30.493048,,,simbad,,,,,,,,,-17.597123186953887,23.711205459552076,29.527614343219845,False,dwarf
283.737981,-30.48998600000001,,,simbad,,,,,,,,,-36.47024982089346,25.100696983647808,44.27328891175,False,dwarf
283.7875971825,-30.508247529859997,,,simbad,,,,,,,,,-17.079615856375604,16.813877598437664,23.967055674333483,False,dwarf
283.76235,-30.476491666666664,,,simbad,,,,,,,,,-26.94653527308467,31.224231206387955,41.24401020334429,False,dwarf
283.7634708333334,-30.48318888888889,,,simbad,,,,,,,,,-26.508499378211877,28.18512816498364,38.69240221233638,False,dwarf
283.7657375,-30.484308333333335,,,simbad,,,,,,,,,-25.62265727109959,27.677140389914978,37.71663645919789,False,dwarf
283.7604333333333,-30.479555555555553,,,simbad,,,,,,,,,-27.69559293722222,29.83388253170127,40.70757196222422,False,dwarf
283.758625,-30.484280555555557,,,simbad,,,,,,,,,-28.402312559430754,27.68974554562331,39.66627493356244,False,dwarf
283.7681375,-30.480877777777778,,,simbad,,,,,,,,,-24.68470680473136,29.233877119959175,38.26165602140638,False,dwarf
283.7647875,-30.479191666666665,,,simbad,,,,,,,,,-25.99392933069622,29.999010071487085,39.69414273313397,False,dwarf
283.76645,-30.478513888888887,,,simbad,,,,,,,,,-25.34420322639714,30.30657587078256,39.507178818442846,False,dwarf
283.7814625,-30.480052777777775,,,simbad,,,,,,,,,-19.477127652991914,29.608250244514302,35.440188827836735,False,dwarf
283.71882999999997,-30.395007999999997,,,simbad,,,,,,,,,-43.95470372975202,68.20034622459036,81.13755730316431,False,dwarf
283.738589,-30.415736999999993,,,simbad,,,,,,,,,-36.23263570274445,58.7938244077999,69.06169472625906,False,dwarf
283.72360399999997,-30.481133999999997,,,simbad,,,,,,,,,-42.08896392708807,29.1176071637016,51.179252939011995,False,dwarf
283.74284,-30.472355,,,simbad,,,,,,,,,-34.57129093921056,33.10139099454857,47.86309896963969,False,dwarf
283.70639239942,-30.4622715905,,,simbad,,,,,,,,,-48.81547592323398,37.67709708019717,61.66453059906026,False,dwarf
283.77008,-30.512288999999996,,,simbad,,,,,,,,,-23.92555314602862,14.97991662377296,28.228177330437568,False,dwarf
283.770625,-30.486806,,,simbad,,,,,,,,,-23.71256022762939,26.543735209198616,35.59291209503658,False,dwarf
283.7602083333333,-30.482638888888886,,,simbad,,,,,,,,,-27.783525793442998,28.43471024801847,39.75496261353643,False,dwarf
283.7608916666667,-30.48577222222223,,,simbad,,,,,,,,,-27.516470452298577,27.01284868405662,38.55969579988878,False,dwarf
283.748275,-30.485419999999994,,,simbad,,,,,,,,,-32.44722394560645,27.17268205845169,42.322298992682796,False,dwarf
283.75193700000005,-30.471258,,,simbad,,,,,,,,,-31.016067858990255,33.59919380380205,45.72638504954157,False,dwarf
283.7830829999999,-30.480332999999998,,,simbad,,,,,,,,,-18.84381568187924,29.48108943372163,34.98891286753178,False,dwarf
283.76149999999996,-30.481388888888887,,,simbad,,,,,,,,,-27.278726063274153,29.001942254916592,39.81509199025753,False,dwarf
283.758682,-30.496876,,,simbad,,,,,,,,,-28.38003623583626,21.974114161628755,35.89273115737604,False,dwarf
283.774769,-30.460061999999997,,,simbad,,,,,,,,,-22.093032422383622,38.6797774431884,44.54466595083052,False,dwarf
283.78500899999995,-30.496555,,,simbad,,,,,,,,,-18.091110432613466,22.119779340998846,28.575739969062834,False,dwarf
283.761888,-30.470066,,,simbad,,,,,,,,,-27.127090737876564,34.14010624557995,43.60534263551286,False,dwarf
283.7573651576088,-30.45596596421333,,,simbad,,,,,,,,,-28.8946749587475,40.53849952286637,49.78224768466272,False,dwarf
283.7974204426,-30.543096415309996,,,simbad,,,,,,,,,-13.240561109727162,0.9999550128636514,13.278266774250715,False,dwarf
283.76134639111,-30.48730873752,,,simbad,,,,,,,,,-27.33875836744126,26.315600159270147,37.9462583243186,False,dwarf
283.74981853789996,-30.45035500929,,,simbad,,,,,,,,,-31.84398974014531,43.08467010028805,53.57544661709443,False,dwarf
283.73237621411,-30.49848163248,,,simbad,,,,,,,,,-38.66067129562756,21.245501254451682,44.1137034104083,False,dwarf
283.75308650444,-30.49034322454,,,simbad,,,,,,,,,-30.566826931692685,24.938593629461934,39.449516611582105,False,dwarf
283.7950125,-30.498233333333335,,,simbad,,,,,,,,,-14.181615645011803,21.358175833070536,25.637665596134173,False,dwarf
283.76073701022,-30.42768341227,,,simbad,,,,,,,,,-27.576912154922365,53.37271448208014,60.0760579198232,False,dwarf
283.73761712002,-30.462572367870003,,,simbad,,,,,,,,,-36.61245873627594,37.54060863922448,52.438243980123175,False,dwarf
283.74669169257,-30.477856739659995,,,simbad,,,,,,,,,-33.066000588254795,30.604780731531722,45.05566555415203,False,dwarf
283.7759694627699,-30.515598496439996,,,simbad,,,,,,,,,-21.623876332851193,13.478114777786265,25.480416119475414,False,dwarf
283.78088122813,-30.43477444527,,,simbad,,,,,,,,,-19.704296078628722,50.1549057784223,53.88667606743509,False,dwarf
283.71847499999996,-30.47825,,,simbad,,,,,,,,,-44.0934422362359,30.426324850016062,53.572314604830886,False,dwarf
283.72461799999996,-30.404004999999987,,,simbad,,,,,,,,,-41.69267985505575,64.11763713174467,76.48104957997278,False,dwarf
283.776768,-30.474061,,,simbad,,,,,,,,,-21.311797846449235,32.327232751532705,38.720055589057296,False,dwarf
283.731855,-30.510172000000004,,,simbad,,,,,,,,,-38.864368386273796,15.940580750652522,42.00644289549011,False,dwarf
283.748908,-30.513347999999997,,,simbad,,,,,,,,,-32.19983951011063,14.499357667528079,35.31375139018491,False,dwarf
283.776043,-30.481195,,,simbad,,,,,,,,,-21.595137049825087,29.089926241765205,36.229459738616974,False,dwarf
283.76233333333334,-30.479166666666664,,,simbad,,,,,,,,,-26.953048817989174,30.010354711626608,40.33718173723292,False,dwarf
283.78905299999997,-30.458122,,,simbad,,,,,,,,,-16.510663896794735,39.56012151789401,42.8672979883671,False,dwarf
283.740486,-30.447741000000008,,,simbad,,,,,,,,,-35.49126402162883,44.27086988877815,56.740988205723816,False,dwarf
283.76570833333335,-30.485472222222214,,,simbad,,,,,,,,,-25.634055974677505,27.14898436571933,37.33861510290616,False,dwarf
283.7547591641679,-30.43724303888277,,,simbad,,,,,,,,,-29.91313027673852,49.03469353107415,57.4386327539183,False,dwarf
283.73007194,-30.44390306,,,simbad,,,,,,,,,-39.561210868989434,46.01247181562385,60.68143841410013,False,dwarf
283.74072306,-30.50546306,,,simbad,,,,,,,,,-35.39861796430849,18.077429939903134,39.747397738910784,False,dwarf
283.75116,-30.49508694,,,simbad,,,,,,,,,-31.319729322491238,22.78596383703779,38.73145482443064,False,dwarf
283.769879,-30.500256,,,simbad,,,,,,,,,-24.0041064975885,20.44031881497621,31.527825202595892,False,dwarf
283.73046063080665,-30.49569472758444,,,simbad,,,,,,,,,-39.40930556760154,22.51015858000538,45.38502621589614,False,dwarf
283.763875,-30.47986111111111,,,simbad,,,,,,,,,-26.35054591427263,29.695225818903825,39.700852716483084,False,dwarf
284.3581986699,-30.19363257628,,,simbad,,,,,,,,,205.91868881520872,159.58161481392042,260.51640675779566,False,dwarf
283.5891139113,-30.08061300492,,,simbad,,,,,,,,,-94.64939785073466,210.86826943896165,231.1361840337622,False,dwarf
283.5672467934554,-30.124645004901947,,,simbad,,,,,,,,,-103.19534509249789,190.88718166496244,216.99584183286117,False,dwarf
283.86978,-30.32039,,,simbad,,,,,,,,,15.038472477282134,102.0609205371712,103.16291560122148,False,dwarf
283.748608,-30.447110999999996,,,simbad,,,,,,,,,-32.317083318391745,44.55675482025945,55.04269501324029,False,dwarf
283.80256199999997,-30.369667000000007,,,simbad,,,,,,,,,-11.231175209275333,79.69972725403163,80.48717799095998,False,dwarf
283.82854229871293,-30.07652555641528,,,simbad,,,,,,,,,-1.077744670111847,212.72309473370132,212.725824870083,False,dwarf
283.7064909999999,-30.440012,,,simbad,,,,,,,,,-48.776941564943264,47.7781788338345,68.27843291338607,False,dwarf
283.745028,-30.369247,,,simbad,,,,,,,,,-33.716192764046745,79.89031720835249,86.71357701163953,False,dwarf
283.76249583333333,-30.4138361111111,,,simbad,,,,,,,,,-26.889541755175216,59.6564204232688,65.4365032189306,False,dwarf
283.5457458333333,-30.38867777777778,,,simbad,,,,,,,,,-111.59819324822303,71.07290994876614,132.30840965280004,False,dwarf
283.836365,-30.39770694,,,simbad,,,,,,,,,1.9794662967121397,66.97560610243025,67.00485131397362,False,dwarf
283.54998260374,-30.32515583702,,,simbad,,,,,,,,,-109.94240959038801,99.8982522992491,148.54963560704238,False,dwarf
283.288478224,-30.310403141530003,,,simbad,,,,,,,,,-212.1416408120241,106.59281315520674,237.41546618272085,False,dwarf
284.13388341625,-30.68533861041,,,simbad,,,,,,,,,118.25344016005369,-63.54750562087541,134.24664457751854,False,dwarf
283.69577385205,-30.974811984279995,,,simbad,,,,,,,,,-52.96533903062746,-194.9063558639619,201.97478727504247,False,dwarf
283.71235241982333,-30.705529896815275,,,simbad,,,,,,,,,-46.486224291225916,-72.71002074849142,86.30015159952046,False,dwarf
283.809789897945,-30.958677635256944,,,simbad,,,,,,,,,-8.40642093913274,-187.58482052288917,187.77308860326718,False,dwarf
283.98930740675,-30.915170215889997,,,simbad,,,,,,,,,61.75130035388049,-167.8417798809113,178.84095215857985,False,dwarf
284.14607343752,-31.022660936040005,,,simbad,,,,,,,,,123.01745521634552,-216.61952141180407,249.11304932617364,False,dwarf
283.65091162337,-30.85763740138,,,simbad,,,,,,,,,-70.49806749407914,-141.73421681130606,158.2989757879502,False,dwarf
283.9677933536,-31.086827704629993,,,simbad,,,,,,,,,53.34333527664822,-245.73747735057916,251.4605718458926,False,dwarf
284.24915012854,-30.671255004050003,,,simbad,,,,,,,,,163.3011345550744,-57.15656778092048,173.01483689981467,False,dwarf
283.88949482981417,-30.7542624256675,,,simbad,,,,,,,,,22.743278234947795,-94.82414086214574,97.51345750775278,False,dwarf
284.089642868485,-31.05540659561361,,,simbad,,,,,,,,,100.96367248998435,-231.47903036951735,252.53951109376283,False,dwarf
283.7206052320612,-31.05448830482333,,,simbad,,,,,,,,,-43.260920504866576,-231.06232322720732,235.07723083719276,False,dwarf
283.6071177026445,-30.776233044902494,,,simbad,,,,,,,,,-87.6132876474996,-104.79409161531628,136.59388642938163,False,dwarf
283.6796161866408,-30.82702669085666,,,simbad,,,,,,,,,-59.27995978304865,-127.84351700112029,140.91869454084366,False,dwarf
284.4836576708108,-30.75333129217444,,,simbad,,,,,,,,,254.9496589873835,-94.40160588618073,271.8657606460823,False,dwarf
284.3384749339612,-30.80903430919889,,,simbad,,,,,,,,,198.21040243099608,-119.6788331958294,231.53916892606438,False,dwarf
284.29863416628996,-30.47531967103,,,simbad,,,,,,,,,182.64012467376207,31.75606595603653,185.3803195213869,False,dwarf
284.5023281642,-30.497815921719997,,,simbad,,,,,,,,,262.2463248130088,21.547591214778894,263.13006967104565,False,dwarf
284.47727946496,-30.695844405089996,,,simbad,,,,,,,,,252.4569751739215,-68.31488402119024,261.5367042936702,False,dwarf
284.4651330715,-30.69441253364,,,simbad,,,,,,,,,247.71001041959735,-67.66512136822934,256.78554848716516,False,dwarf
284.39564133085,-30.57951892581,,,simbad,,,,,,,,,220.5517560234478,-15.528055968884846,221.09771054264507,False,dwarf
284.38806472363,-30.626084610099994,,,simbad,,,,,,,,,217.590721742032,-36.65889321080407,220.65719258537558,False,dwarf
284.38593733671,-30.67243971549,,,simbad,,,,,,,,,216.75931192796918,-57.694172779083175,224.30607856264027,False,dwarf
284.3393661074433,-30.556134989323056,,,simbad,,,,,,,,,198.55868434063655,-4.916762190749546,198.61955008891982,False,dwarf
284.2430289744167,-30.819369951883335,,,simbad,,,,,,,,,160.90890981981397,-124.36899906981292,203.36992203624447,False,dwarf
284.20863405738083,-30.838787175990003,,,simbad,,,,,,,,,147.46693962224754,-133.18025586854665,198.70450129466911,False,dwarf
284.302848137395,-30.670203297014446,,,simbad,,,,,,,,,184.28699807510247,-56.6793182669616,192.80623117197314,False,dwarf
283.71553196099546,-31.097737290419165,,,simbad,,,,,,,,,-45.24361923906171,-250.6880903438753,254.73810810734264,False,dwarf
284.28349893926753,-30.9111830408925,,,simbad,,,,,,,,,176.7250858220439,-166.03245726036332,242.48408777221476,False,dwarf
284.28677135286665,-30.89872064952611,,,simbad,,,,,,,,,178.00398659764016,-160.37720344795713,239.59604886233055,False,dwarf
284.35885757731614,-30.911978931796114,,,simbad,,,,,,,,,206.17619819780927,-166.39362109598665,264.9442617697864,False,dwarf
284.24252134616626,-30.893522969396116,,,simbad,,,,,,,,,160.71052225555178,-158.0185710228763,225.38354143939617,False,dwarf
284.3018090935037,-30.943249837704442,,,simbad,,,,,,,,,183.88092653242688,-180.58390806870926,257.7261007267052,False,dwarf
284.30721461342796,-30.86403976418389,,,simbad,,,,,,,,,185.99347233821413,-144.6395168930188,235.61443419169356,False,dwarf
284.3148076475958,-30.89071699130027,,,simbad,,,,,,,,,188.96092647935924,-156.74525855358135,245.5103008327082,False,dwarf
284.31596918692,-30.887174177548616,,,simbad,,,,,,,,,189.41487079220394,-155.1375806700468,244.83803261213848,False,dwarf
284.3249069353816,-30.942386194519997,,,simbad,,,,,,,,,192.90785634960483,-180.19199922330543,263.9746154945423,False,dwarf
284.3257240228979,-30.89765584133528,,,simbad,,,,,,,,,193.22718452333987,-159.8940088183205,250.80438372327143,False,dwarf
284.3286903428704,-30.89701573740055,,,simbad,,,,,,,,,194.38646002400657,-159.60353886670387,251.5141854040049,False,dwarf
284.33761557599746,-30.92845018276139,,,simbad,,,,,,,,,197.87455442979794,-173.86803768891167,263.40925158502665,False,dwarf
284.3423476740037,-30.894204831408338,,,simbad,,,,,,,,,199.72391840137132,-158.3279901889716,254.86740878126554,False,dwarf
284.35411167700704,-30.934199675643885,,,simbad,,,,,,,,,204.32144011105842,-176.47707479801977,269.98408993554176,False,dwarf
284.2551756209175,-30.973891358225554,,,simbad,,,,,,,,,165.65597346569828,-194.4885890123911,255.47546418570005,False,dwarf
284.26704783837414,-30.906587708209724,,,simbad,,,,,,,,,170.29578675743193,-163.94716143635034,236.38808500085077,False,dwarf
284.2703456777833,-30.98839128882278,,,simbad,,,,,,,,,171.58462426235394,-201.06844879842933,264.32897000794253,False,dwarf
284.27236961820626,-30.974303367879173,,,simbad,,,,,,,,,172.37560587217524,-194.6755530625386,260.0229229510444,False,dwarf
284.2730539670196,-30.860671829369448,,,simbad,,,,,,,,,172.64305807578162,-143.11119655390138,224.24638253681397,False,dwarf
284.2888510089175,-30.862074814855834,,,simbad,,,,,,,,,178.81674258211504,-143.74785117237442,229.43162847426572,False,dwarf
284.35952729006374,-30.932939077479453,,,simbad,,,,,,,,,206.43793044112513,-175.90503349665698,271.2179933822143,False,dwarf
284.38369807892167,-30.864160919131947,,,simbad,,,,,,,,,215.88418155843294,-144.6944952644844,259.88935493205247,False,dwarf
284.38876661301083,-30.854387939105003,,,simbad,,,,,,,,,217.86502902205194,-140.25965760523795,259.10990413783514,False,dwarf
284.3908690197191,-30.876716778473057,,,simbad,,,,,,,,,218.6866762522636,-150.39216349839646,265.4084874528144,False,dwarf
284.3979260353171,-30.893180289908326,,,simbad,,,,,,,,,221.4446475319454,-157.86306800401073,271.9530844836779,False,dwarf
284.4052954177804,-30.858089216050832,,,simbad,,,,,,,,,224.32469574786643,-141.93924380529265,265.45869368772077,False,dwarf
284.4123047062237,-30.871688097675555,,,simbad,,,,,,,,,227.06401464964645,-148.11022053774226,271.0990670890505,False,dwarf
284.4137614753879,-30.850571324929437,,,simbad,,,,,,,,,227.63333853169672,-138.5277330305479,266.4711422080612,False,dwarf
284.3028225423721,-30.98182191214527,,,simbad,,,,,,,,,184.27699521523206,-198.08736022494756,270.54872619630424,False,dwarf
284.24148419883045,-30.92270172878083,,,simbad,,,,,,,,,160.30519191083903,-171.25947201854697,234.57954154112076,False,dwarf
284.33225276807707,-30.84830050068445,,,simbad,,,,,,,,,195.77870101732265,-137.49726567550957,239.23795234091074,False,dwarf
284.37362452403033,-30.86521163809972,,,simbad,,,,,,,,,211.94730843000943,-145.1712964075056,256.8975804700414,False,dwarf
284.2835344161354,-30.944661154089722,,,simbad,,,,,,,,,176.7389506323748,-181.22434312918313,253.13814254915619,False,dwarf
284.3645288146696,-30.851504847831944,,,simbad,,,,,,,,,208.39258974801905,-138.95135228612787,250.469458745033,False,dwarf
284.2538857564133,-30.971968045915,,,simbad,,,,,,,,,165.15187804350543,-193.61581757094459,254.48423848042572,False,dwarf
284.3584491391116,-30.68974644087445,,,simbad,,,,,,,,,206.01657536262957,-65.5477156372093,216.19281289950987,False,dwarf
284.38538631500535,-30.551818546855547,,,simbad,,,,,,,,,216.54396565093617,-2.9580227319461194,216.56416822345412,False,dwarf
284.36649776182,-30.383636124109994,,,simbad,,,,,,,,,209.1620792888535,73.36073981121683,221.65417559361632,False,dwarf
284.4501058774,-30.579180652720005,,,simbad,,,,,,,,,241.83719220536685,-15.37455250991071,242.32541013821796,False,dwarf
284.3275228743,-30.568394696239988,,,simbad,,,,,,,,,193.93019848647197,-10.480040717530503,194.21316417391358,False,dwarf
284.3009093774979,-30.134611734755556,,,simbad,,,,,,,,,183.52930609607057,186.36442312330192,261.5620469452445,False,dwarf
284.46119342579163,-30.38861636163028,,,simbad,,,,,,,,,246.17034686564543,71.10077971244877,256.2326297559902,False,dwarf
283.771926,-30.561197,,,simbad,,,,,,,,,-23.20411291233232,-7.213829770929214,24.299592507122668,False,dwarf
283.80992399999997,-30.49424699999999,,,simbad,,,,,,,,,-8.35401215371953,23.16711651854031,24.62731830403215,False,dwarf
283.7864375,-30.501963888888888,,,simbad,,,,,,,,,-17.532834498768086,19.665303421372293,26.346241557683882,False,dwarf
283.81122354074,-30.59498356468,,,simbad,,,,,,,,,-7.846135135720406,-22.545686482632775,23.871946203465615,False,dwarf
283.73840907048,-30.481740701310002,,,simbad,,,,,,,,,-36.30295444325325,28.842294842373217,46.36574676507766,False,dwarf
283.76211677146,-30.47502835498,,,simbad,,,,,,,,,-27.037683947206833,31.888260986183248,41.807864594499236,False,dwarf
283.8078764837759,-30.57823847171167,,,simbad,,,,,,,,,-9.15420748589734,-14.94700433053553,17.527477090326112,False,dwarf
284.04350822522497,-30.604292994088055,,,simbad,,,,,,,,,82.93366825621517,-26.770171543600174,87.14720543371274,False,dwarf
284.3006194592804,-30.521646712215837,,,simbad,,,,,,,,,183.41600237638454,10.733521519639133,183.72979728924335,False,dwarf
283.75888618437,-30.552604924559994,,,simbad,,,,,,,,,-28.3002383920675,-3.3148696147247136,28.493716037233128,False,dwarf
283.766539,-30.477050999999985,,,simbad,,,,,,,,,-25.309420896594748,30.970413791039377,39.996666317446866,False,dwarf
284.1617829728146,-30.529835846330837,,,simbad,,,,,,,,,129.15694103127592,7.017410336592533,129.34743702288267,False,dwarf
283.80009838307,-30.626754694990005,,,simbad,,,,,,,,,-12.19398797943037,-36.96296808836719,38.9224145287024,False,dwarf
283.78108439419,-30.523277162040003,,,simbad,,,,,,,,,-19.62489620333442,9.993646858913241,22.022931878664934,False,dwarf
283.85461435276,-30.572110854746118,,,simbad,,,,,,,,,9.111545018362609,-12.16637995543679,15.20003466580595,False,dwarf
284.08752483930994,-30.58320009559,,,simbad,,,,,,,,,100.13591980143161,-17.198517826518824,101.60212325491938,False,dwarf
283.82697559592583,-30.530366139156946,,,simbad,,,,,,,,,-1.6900320075315043,6.7767710853945395,6.984327779415887,False,dwarf
283.75375094768,-30.516215519280003,,,simbad,,,,,,,,,-30.30715407885079,13.198118694715655,33.05622370203537,False,dwarf
283.74829512402,-30.51023111363,,,simbad,,,,,,,,,-32.43935922311688,15.913755836270527,36.132528995668885,False,dwarf
283.86699583333336,-30.566300000000002,,,simbad,,,,,,,,,13.950384800872,-9.529497715890178,16.89451280178143,False,dwarf
283.8383583333333,-30.54345277777778,,,simbad,,,,,,,,,2.758486267366662,0.8382428546374054,2.8830361722672033,False,dwarf
283.86168899999996,-30.552104999999997,,,simbad,,,,,,,,,11.876406967547146,-3.0880110455533405,12.271302077459499,False,dwarf
284.09313511177,-30.650005393769998,,,simbad,,,,,,,,,102.3284854973908,-47.5138005129756,112.8214526735787,False,dwarf
284.25483690065994,-30.500802329819997,,,simbad,,,,,,,,,165.52359728921118,20.19240220679519,166.7506952502506,False,dwarf
284.20323921788,-30.46751263357,,,simbad,,,,,,,,,145.3585678615375,35.29878717712798,149.58314619947456,False,dwarf
284.24631766672996,-30.44213857682,,,simbad,,,,,,,,,162.19417252352986,46.81316888388931,168.8147575940685,False,dwarf
284.14098312546,-30.65570127046,,,simbad,,,,,,,,,121.02809664527899,-50.09850736570631,130.98725364649312,False,dwarf
283.9351176778599,-30.549650695440008,,,simbad,,,,,,,,,40.57326640207767,-1.9742829646718363,40.621272010592655,False,dwarf
283.87660672537,-30.54595877826,,,simbad,,,,,,,,,17.706443412484642,-0.29894409161701496,17.70896682162552,False,dwarf
284.1685532858,-30.59301181058,,,simbad,,,,,,,,,131.8028652904678,-21.65093285443076,133.56930108465892,False,dwarf
284.20650319707,-30.419995583630005,,,simbad,,,,,,,,,146.63417236295038,56.86134045660274,157.27298732805048,False,dwarf
284.12756101883,-30.517689291380005,,,simbad,,,,,,,,,115.78256698981112,12.529342129919963,116.45852151284888,False,dwarf
284.12660261178996,-30.52987009602,,,simbad,,,,,,,,,115.40800935222498,7.001868320655413,115.62021788001891,False,dwarf
284.23308515968,-30.54666844179,,,simbad,,,,,,,,,157.022740790787,-0.6209791862925584,157.023968681856,False,dwarf
284.0756341926,-30.66010685094,,,simbad,,,,,,,,,95.48890412355034,-52.09769637148432,108.77637968755883,False,dwarf
284.14640183556,-30.44764459009,,,simbad,,,,,,,,,123.1457973391782,44.31461931816827,130.87655591287586,False,dwarf
283.9535,-30.657963888888883,,,simbad,,,,,,,,,47.75731124544826,-51.12525103951504,69.96107540088312,False,dwarf
284.16956270907,-30.54658174476,,,simbad,,,,,,,,,132.197360718339,-0.5816373220379756,132.19864024591564,False,dwarf
283.92045576455,-30.666027148909993,,,simbad,,,,,,,,,34.84320455760721,-54.78424237064661,64.92582010239849,False,dwarf
284.1105307182,-30.48778233204,,,simbad,,,,,,,,,109.1269093155637,26.10068978324187,112.20484991268555,False,dwarf
284.19706485992,-30.450469363720007,,,simbad,,,,,,,,,142.9455503914916,43.0327777060231,149.2824515267031,False,dwarf
284.16876010582,-30.520955237330007,,,simbad,,,,,,,,,131.88369317973138,11.047302869406472,132.34557577574674,False,dwarf
284.14483548667,-30.567732726369996,,,simbad,,,,,,,,,122.53364830922307,-10.179648319241341,122.95576524861207,False,dwarf
283.97444874558,-30.42308847509,,,simbad,,,,,,,,,55.944346948096246,55.45783083262634,78.77398654447525,False,dwarf
283.75733202713,-30.62002481626,,,simbad,,,,,,,,,-28.907622770420836,-33.90904599380495,44.55865857997672,False,dwarf
283.7793977343,-30.521945636020007,,,simbad,,,,,,,,,-20.2840642993342,10.597874200160229,22.88576417911244,False,dwarf
283.98185428604,-30.482305052750007,,,simbad,,,,,,,,,58.83852616813461,28.586200282445297,65.41515885653979,False,dwarf
283.95202894598,-30.577105898140008,,,simbad,,,,,,,,,47.18240466038522,-14.433058746524674,49.34057655030971,False,dwarf
283.89371173831,-30.61297290912,,,simbad,,,,,,,,,24.39129960587835,-30.708992042219442,39.21705864433,False,dwarf
283.78157791536,-30.65581931576,,,simbad,,,,,,,,,-19.432021865162525,-50.15207462364546,53.785072862494644,False,dwarf
283.85264525361,-30.491821924220005,,,simbad,,,,,,,,,8.34199607418527,24.267580999790095,25.661340301767087,False,dwarf
283.81415948651085,-30.50026883876,,,simbad,,,,,,,,,-6.6987302586537005,20.43449277049558,21.504452605580056,False,dwarf
283.842349,-30.464665999999998,,,simbad,,,,,,,,,4.318089459498928,36.590548515381684,36.84445870462391,False,dwarf
283.86653805337,-30.64512487989,,,simbad,,,,,,,,,13.771478579989736,-45.29909356669726,47.3461878110953,False,dwarf
283.87429190434,-30.481815629420005,,,simbad,,,,,,,,,16.801781968889316,28.808293544605235,33.349927350479156,False,dwarf
284.16266259785044,-30.626128096771936,,,simbad,,,,,,,,,129.50070966153544,-36.67862683656375,134.5947824748686,False,dwarf
284.06934293614165,-30.583277135919445,,,simbad,,,,,,,,,93.03020123644157,-17.23347761906546,94.61295414973388,False,dwarf
284.26375410104873,-30.629232095681385,,,simbad,,,,,,,,,169.00855239891663,-38.08717686121632,173.2470023556971,False,dwarf
284.13490261871004,-30.550566921474996,,,simbad,,,,,,,,,118.65175741949925,-2.390053150750804,118.67582691011303,False,dwarf
284.04485122314327,-30.646263920075835,,,simbad,,,,,,,,,83.45852889111958,-45.815973607137515,95.20729742115236,False,dwarf
284.24011553506915,-30.629356590201674,,,simbad,,,,,,,,,159.77030073866487,-38.14367068248914,164.26042923132033,False,dwarf
284.076699836992,-30.566681031108896,,,simbad,,,,,,,,,95.90537147958821,-9.702404148361987,96.39490092788084,False,dwarf
284.3220634883221,-30.599949863410835,,,simbad,,,,,,,,,191.7966011431567,-24.799321359391335,193.3932329476745,False,dwarf
284.2644450812875,-30.53248318968917,,,simbad,,,,,,,,,169.2785962477378,5.816084027715052,169.37848145801186,False,dwarf
284.014163968582,-30.522165902974443,,,simbad,,,,,,,,,71.46556025486893,10.497920226865798,72.23249013866226,False,dwarf
284.1917867884129,-30.645755705301664,,,simbad,,,,,,,,,140.8828130450214,-45.58535305810585,148.07427671581115,False,dwarf
284.2568016498037,-30.50429327181917,,,simbad,,,,,,,,,166.29144619575857,18.6082629778721,167.32935345877158,False,dwarf
283.99491575779,-30.658217166110003,,,simbad,,,,,,,,,63.94311513449163,-51.24018459666368,81.94070106243308,False,dwarf
283.81365243532,-30.56654753673,,,simbad,,,,,,,,,-6.896892300703675,-9.641826320800684,11.854616746567157,False,dwarf
284.1374856946,-30.420947578530004,,,simbad,,,,,,,,,119.6612562676848,56.42933887445656,132.2992310535809,False,dwarf
283.771125,-30.474027999999993,,,simbad,,,,,,,,,-23.517153880474314,32.34220767651919,39.98843487846211,False,dwarf
283.743344,-30.487305,,,simbad,,,,,,,,,-34.37432134127204,26.31729619204726,43.29196283991955,False,dwarf
283.899937,-30.494099000000006,,,simbad,,,,,,,,,26.824210899787193,23.234276788151263,35.48760217688265,False,dwarf
284.1878310973775,-30.412663214377215,,,simbad,,,,,,,,,139.33687877359824,60.188664077865496,151.78089823771154,False,dwarf
284.188743628365,-30.447896909436942,,,simbad,,,,,,,,,139.6935074674663,44.20012043053178,146.51937303522897,False,dwarf
284.21506518613256,-30.379541302726107,,,simbad,,,,,,,,,149.9803063771983,75.2189108123944,167.78550844694905,False,dwarf
284.2154104872721,-30.56056506616944,,,simbad,,,,,,,,,150.11525444590163,-6.927067294979716,150.27499418954227,False,dwarf
284.21624507422746,-30.65638741655083,,,simbad,,,,,,,,,150.4414216225538,-50.40987058500801,158.6624605639666,False,dwarf
284.2215111062046,-30.362104358877232,,,simbad,,,,,,,,,152.4994537678997,83.13154493524921,173.68631829487646,False,dwarf
284.2427063718396,-30.41112411386777,,,simbad,,,,,,,,,160.78283263744333,60.88708573449742,171.9254387231865,False,dwarf
284.16096763196043,-30.373267775882496,,,simbad,,,,,,,,,128.83829547528612,78.06574698985935,150.64384233702307,False,dwarf
284.18352709541915,-30.472125216729726,,,simbad,,,,,,,,,137.65482017190268,33.205663334987754,141.603197683087,False,dwarf
284.2927480134654,-30.419731176254448,,,simbad,,,,,,,,,180.33974142926303,56.98132471762407,189.1277179721385,False,dwarf
284.3008215174633,-30.48393107930139,,,simbad,,,,,,,,,183.4949692792381,27.84833283923671,185.59615672937153,False,dwarf
284.30595272297296,-30.511404641520553,,,simbad,,,,,,,,,185.5003095295508,15.381225771862628,186.13690376119445,False,dwarf
284.335976101195,-30.606744963531668,,,simbad,,,,,,,,,197.23382686498633,-27.882839982281915,199.19496787139212,False,dwarf
284.3393270255995,-30.61506003142278,,,simbad,,,,,,,,,198.543410659966,-31.656098100177886,201.0512234815297,False,dwarf
284.3535874287079,-30.609649919163896,,,simbad,,,,,,,,,204.1165572207882,-29.20106703285663,206.19474107630555,False,dwarf
284.2589589493374,-30.400059550481387,,,simbad,,,,,,,,,167.13454623895237,65.90802533058616,179.6603026533065,False,dwarf
284.26076507826326,-30.476628918069995,,,simbad,,,,,,,,,167.84040435075062,31.16194849521836,170.70872375670234,False,dwarf
284.26941387465115,-30.53528998437139,,,simbad,,,,,,,,,171.22046376969257,4.542401003278851,171.28070708746853,False,dwarf
284.2698905936983,-30.433085386085835,,,simbad,,,,,,,,,171.40677162493338,50.9213765230665,178.81070422624586,False,dwarf
284.27131489587333,-30.55087706435444,,,simbad,,,,,,,,,171.96340699549194,-2.5307915250971647,171.9820288612758,False,dwarf
284.2745792862396,-30.465242770131944,,,simbad,,,,,,,,,173.23917218982555,36.32881853181091,177.00732707132005,False,dwarf
284.28055383928455,-30.64337699205139,,,simbad,,,,,,,,,175.57410336267031,-44.50592722547619,181.12714686044447,False,dwarf
284.2891891576637,-30.451701739935835,,,simbad,,,,,,,,,178.948895404701,42.47354311869711,183.92038775409986,False,dwarf
284.38638119891164,-30.60619997663028,,,simbad,,,,,,,,,216.93277891088286,-27.635532771236537,218.6859694574576,False,dwarf
283.89900383032796,-31.018729464963055,,,simbad,,,,,,,,,26.459516345996136,-214.83547642857158,216.45874419287242,False,dwarf
284.06958740872295,-30.895627355376114,,,simbad,,,,,,,,,93.12574422463202,-158.973511089054,184.24163879365912,False,dwarf
283.94696015982714,-31.071919152885002,,,simbad,,,,,,,,,45.20145868707592,-238.97219116957413,243.20953932736052,False,dwarf
283.6154052349825,-31.020829579888048,,,simbad,,,,,,,,,-84.37441480523135,-215.78847835146874,231.69745199929915,False,dwarf
283.34231562011576,-30.85461661112583,,,simbad,,,,,,,,,-191.10130298107282,-140.36342567667458,237.11094295446412,False,dwarf
283.1464541668,-30.64270057343,,,simbad,,,,,,,,,-267.6464452640722,-44.19897819178487,271.27139424512103,False,dwarf
283.35082396996,-30.827003741360006,,,simbad,,,,,,,,,-187.77613185424713,-127.83310284988447,227.15892647741745,False,dwarf
283.28967467017,-30.648403644110005,,,simbad,,,,,,,,,-211.6740544607467,-46.78694957362506,216.7831266087287,False,dwarf
283.60301701244,-29.986498182399995,,,simbad,,,,,,,,,-89.2158894348624,253.57622116447033,268.8128993700004,False,dwarf
283.48414096939626,-30.389728251434722,,,simbad,,,,,,,,,-135.67415610642018,70.5962201242698,152.94215550666084,False,dwarf
283.54157166816003,-30.230368701127226,,,simbad,,,,,,,,,-113.22950998609883,142.91129015571724,182.33090463677203,False,dwarf
283.79858905206913,-30.466892400460555,,,simbad,,,,,,,,,-12.78385369449628,35.58024003426019,37.807147421854744,False,dwarf
283.68779249243,-30.3536571305,,,simbad,,,,,,,,,-56.08455568802797,86.964775579365,103.48115566755538,False,dwarf
283.47073778052,-30.64035995516,,,simbad,,,,,,,,,-140.9122924635924,-43.13683931284529,147.36709630459316,False,dwarf
283.46816924455,-30.32081203676,,,simbad,,,,,,,,,-141.9161089264773,101.86940633048324,174.69275290909144,False,dwarf
283.82768974276996,-30.4701726089,,,simbad,,,,,,,,,-1.4109343552527498,34.09172866134025,34.12091292555463,False,dwarf
283.7580641476166,-30.4280669311958,,,simbad,,,,,,,,,-28.62150079049633,53.19867911410636,60.40935165176033,False,dwarf
283.8027257564,-30.516649113010004,,,simbad,,,,,,,,,-11.167177129367461,13.001360101397852,17.13888005456855,False,dwarf
283.9361468551879,-29.975277674132503,,,simbad,,,,,,,,,40.975481966565226,258.66792630286017,261.8932725753264,False,dwarf
283.94270416666666,-30.144566666666673,,,simbad,,,,,,,,,43.53816253304222,181.84701831811978,186.98638899113539,False,dwarf
283.6725458333333,-30.35033333333334,,,simbad,,,,,,,,,-62.04314360893217,88.47306688925815,108.05940603977854,False,dwarf
283.96537928669295,-30.053527498035002,,,simbad,,,,,,,,,52.39988728446753,223.1592825815467,229.22873639606252,False,dwarf
283.90898333333337,-30.11712777777778,,,simbad,,,,,,,,,30.359632803463594,194.29839112732128,196.65597397136622,False,dwarf
283.6225666666666,-30.394805555555557,,,simbad,,,,,,,,,-81.57563639360244,68.29221259939567,106.38801978955286,False,dwarf
283.9322208333333,-29.957519444444443,,,simbad,,,,,,,,,39.44114278761059,266.7263553147925,269.6266907483486,False,dwarf
283.6741416666666,-30.580061111111107,,,simbad,,,,,,,,,-61.41947168425111,-15.774091854050543,63.41272329582248,False,dwarf
283.9163291666666,-29.96515277777778,,,simbad,,,,,,,,,33.23047772043796,263.2624585259997,265.3514400162212,False,dwarf
283.62409166666663,-30.426736111111122,,,simbad,,,,,,,,,-80.97964703477051,53.802586112069676,97.22356456241815,False,dwarf
283.7969458333334,-30.437466666666673,,,simbad,,,,,,,,,-13.42604443596975,48.93321446174426,50.7416805669234,False,dwarf
284.1574333333333,-30.11770277777778,,,simbad,,,,,,,,,127.45704670629435,194.03746440414983,232.15476809120725,False,dwarf
283.44265059449,-30.47520721474,,,simbad,,,,,,,,,-151.8891213117447,31.807097001688156,155.18375105831376,False,dwarf
283.68193137098,-30.17255416684001,,,simbad,,,,,,,,,-58.37515635360039,169.14669360501432,178.93647709960058,False,dwarf
283.67349953527,-30.343348387080002,,,simbad,,,,,,,,,-61.67042478545966,91.64273495434361,110.46099838011202,False,dwarf
283.48409516483,-30.37411049504,,,simbad,,,,,,,,,-135.69205711236495,77.68333316668885,156.35547516883472,False,dwarf
284.0433373116699,-30.6463415966,,,simbad,,,,,,,,,82.86687306926805,-45.85122209568971,94.70614140564722,False,dwarf
283.80269557874,-30.162122277159998,,,simbad,,,,,,,,,-11.178970941980225,173.88053498015933,174.23951858378183,False,dwarf
283.42039398024,-30.71691196518,,,simbad,,,,,,,,,-160.58728869312432,-77.87503953343133,178.4735248493242,False,dwarf
283.57242276538,-30.345274090469996,,,simbad,,,,,,,,,-101.17250955895376,90.76887847546544,135.92227922658745,False,dwarf
284.22342928110993,-30.44974280388,,,simbad,,,,,,,,,153.24910087081693,43.36248010296706,159.26578916513753,False,dwarf
283.4969532521,-30.83512965501,,,simbad,,,,,,,,,-130.66695338262585,-131.52052549593884,185.3955267341292,False,dwarf
283.92374025148,-30.475272889160003,,,simbad,,,,,,,,,36.12682374416831,31.777294895240836,48.113863539538194,False,dwarf
283.98106821361,-30.51136643777,,,simbad,,,,,,,,,58.5313190838439,15.39856208394097,60.522979337998,False,dwarf
283.45425522026,-30.33011236909,,,simbad,,,,,,,,,-147.35388624802368,97.64904939259078,176.77246572832584,False,dwarf
283.98509838749,-30.12954850697,,,simbad,,,,,,,,,60.106362196435164,188.66204300984936,198.00540712096551,False,dwarf
283.29915886418996,-30.204442536819997,,,simbad,,,,,,,,,-207.96751104237825,154.67621032464552,259.1818197512235,False,dwarf
283.38631939824,-30.83379031125,,,simbad,,,,,,,,,-173.90406789224346,-130.91275057680951,217.67125003788618,False,dwarf
283.99944495235,-30.36366656918999,,,simbad,,,,,,,,,65.71318186356538,82.42263638252645,105.41211153790721,False,dwarf
283.63111597589,-30.21199558922,,,simbad,,,,,,,,,-78.23445782146923,151.24874386779828,170.28450579018073,False,dwarf
283.84510450007,-30.18299386203,,,simbad,,,,,,,,,5.394973866059911,164.4093102017947,164.49780249001938,False,dwarf
283.28033038915,-30.43073073832,,,simbad,,,,,,,,,-215.32591810260865,51.989881785267535,221.51342806876838,False,dwarf
284.06027945875996,-30.40425444441,,,simbad,,,,,,,,,89.48807922102588,64.00444284910445,110.02129351672285,False,dwarf
283.4515687967199,-30.29287519192,,,simbad,,,,,,,,,-148.40377466980482,114.54674438248014,187.46902940184933,False,dwarf
283.46247841707,-30.263795039659996,,,simbad,,,,,,,,,-144.14015654683678,127.74289888435631,192.59967015736422,False,dwarf
283.99986976175,-30.170834839620003,,,simbad,,,,,,,,,65.87920276975812,169.92689954862848,182.25043360109896,False,dwarf
283.77968910365996,-30.284591453970002,,,simbad,,,,,,,,,-20.170193454727805,118.30578542407699,120.012897510263,False,dwarf
283.98087842663,-30.14179251324,,,simbad,,,,,,,,,58.457147922835105,183.10588921064584,192.21083425991765,False,dwarf
283.40815491166,-30.308885750229997,,,simbad,,,,,,,,,-165.37047206079743,107.28138348508742,197.1209990642432,False,dwarf
283.65083568524994,-30.228006400780004,,,simbad,,,,,,,,,-70.52774507539289,143.98326804919813,160.32886297715345,False,dwarf
284.08217948575,-30.61488106331,,,simbad,,,,,,,,,98.04688777458955,-31.574884946752313,103.00565791102741,False,dwarf
283.22209258331,-30.52344878189,,,simbad,,,,,,,,,-238.08599191400432,9.915768241363754,238.2923876364744,False,dwarf
283.86277482871,-30.400890114369997,,,simbad,,,,,,,,,12.300762611288047,65.53112739347088,66.67561337009636,False,dwarf
283.63352077635,-30.61881168889,,,simbad,,,,,,,,,-77.29463127442091,-33.358546255638274,84.18582203755122,False,dwarf
284.18823136419996,-30.50342949863,,,simbad,,,,,,,,,139.49330812891972,19.00023081754987,140.78136163523178,False,dwarf
283.82002275694,-30.10376225672,,,simbad,,,,,,,,,-4.4072897447403285,200.36347219359828,200.41193874709393,False,dwarf
283.43841909259,-30.754012901440003,,,simbad,,,,,,,,,-153.54284597028314,-94.71091035948076,180.40388601628206,False,dwarf
283.3785060842,-30.778359023950003,,,simbad,,,,,,,,,-176.95761020375724,-105.75883030470922,206.15267642319168,False,dwarf
283.76124964357,-30.76451442689,,,simbad,,,,,,,,,-27.37656853421249,-99.47635144467482,103.17471105582459,False,dwarf
283.83913068072,-30.422316278369998,,,simbad,,,,,,,,,3.0603294305289492,55.80824258879247,55.89208850161954,False,dwarf
283.87954683799,-30.86617458261,,,simbad,,,,,,,,,18.85547674710088,-145.608266765183,146.82403193524266,False,dwarf
283.82677823353,-30.421722790269996,,,simbad,,,,,,,,,-1.7671637372107265,56.07755894561839,56.10539621973467,False,dwarf
283.67771049094,-30.376501293399993,,,simbad,,,,,,,,,-60.02472985443175,76.5984232852277,97.31539777383855,False,dwarf
283.67573987009996,-30.90140746683,,,simbad,,,,,,,,,-60.79487349440857,-161.5964424651204,172.6540670259004,False,dwarf
283.94518597996,-30.47699186225,,,simbad,,,,,,,,,44.508086673002495,30.997249650726033,54.23835603335464,False,dwarf
283.83706918419,-30.52114114201999,,,simbad,,,,,,,,,2.2546704172920546,10.962941997094244,11.192391876728793,False,dwarf
283.79214443291,-30.42779213498,,,simbad,,,,,,,,,-15.302492671914916,53.323377681289806,55.475660332397,False,dwarf
283.61488863127,-30.51097212005,,,simbad,,,,,,,,,-84.57631009402238,15.577497789278638,85.99889921676447,False,dwarf
283.9236092612,-29.998184615210004,,,simbad,,,,,,,,,36.075631079910345,248.27308617542943,250.88040273581754,False,dwarf
283.41146192355,-30.49132653625,,,simbad,,,,,,,,,-164.07804983392907,24.49238092972572,165.89600103954317,False,dwarf
283.46158768828,-30.45763842662,,,simbad,,,,,,,,,-144.48826466512867,39.7795601569495,149.86417861590752,False,dwarf
283.43497157323,-30.805179094889997,,,simbad,,,,,,,,,-154.89018030007838,-117.92939243626476,194.6748816714096,False,dwarf
283.63305566432,-30.600873896229995,,,simbad,,,,,,,,,-77.47640296000702,-25.218634151752852,81.47743567455557,False,dwarf
283.70205002901,-30.533002428119996,,,simbad,,,,,,,,,-50.51252940286968,5.580461101974077,50.819850184612115,False,dwarf
283.7603203275,-30.525401742199996,,,simbad,,,,,,,,,-27.73975705140927,9.029542964537729,29.17236307568592,False,dwarf
283.79554738386,-30.330366905119998,,,simbad,,,,,,,,,-13.972576242523665,97.53354460609143,98.52931142701426,False,dwarf
283.81970021833,-30.46413294050001,,,simbad,,,,,,,,,-4.5333419279316125,36.83244324336066,37.11037677403622,False,dwarf
283.87755749814,-30.793914827869997,,,simbad,,,,,,,,,18.078017480409954,-112.81783020587221,114.25706773930014,False,dwarf
283.94364172558,-30.19054234769,,,simbad,,,,,,,,,43.90457245804581,160.9839160658242,166.8635152291001,False,dwarf
283.96081873608546,-30.311743121994724,,,simbad,,,,,,,,,50.617566213979416,105.98474930864032,117.45171388890809,False,dwarf
284.1427922320521,-30.092800459690277,,,simbad,,,,,,,,,121.73511846684063,205.3377778963017,238.71121066997807,False,dwarf
283.85091358181876,-30.28286191197361,,,simbad,,,,,,,,,7.665236755770264,119.09062668617753,119.33705719108592,False,dwarf
284.09281883072754,-30.092789603700552,,,simbad,,,,,,,,,102.2048788510337,205.34270418817235,229.3718889146308,False,dwarf
283.83082631107504,-30.210409832241947,,,simbad,,,,,,,,,-0.18512364502747836,151.96833755828897,151.96845031451105,False,dwarf
283.88180425794326,-29.958227339186944,,,simbad,,,,,,,,,19.737705121236658,266.40512287042316,267.1352962359301,False,dwarf
283.9027222622792,-30.20083910941888,,,simbad,,,,,,,,,27.91272675548645,156.31139380980306,158.7840424907043,False,dwarf
283.96320970973,-30.263662426519446,,,simbad,,,,,,,,,51.551989066030494,127.80307681864089,137.80868630451258,False,dwarf
284.12384114553663,-30.03370870419917,,,simbad,,,,,,,,,114.32879328549465,232.15276594298584,258.777857841617,False,dwarf
283.88438807149544,-30.18855558370195,,,simbad,,,,,,,,,20.74749225718604,161.88548096516263,163.20958115957538,False,dwarf
284.02460842023163,-30.165125764901116,,,simbad,,,,,,,,,75.54738454471506,172.51759547688872,188.33408629527068,False,dwarf
283.82388310304793,-30.092945118913335,,,simbad,,,,,,,,,-2.898617481297124,205.27213362317286,205.29259807775003,False,dwarf
283.6915138721087,-30.95062936822499,,,simbad,,,,,,,,,-54.63019326921365,-183.9326327944204,191.87410305541167,False,dwarf
283.5831345984821,-30.77709593410612,,,simbad,,,,,,,,,-96.98618920325191,-105.18565831507854,143.074608548636,False,dwarf
283.4015171974013,-30.93773557374444,,,simbad,,,,,,,,,-167.96457505434103,-178.08161445863215,244.79615985831612,False,dwarf
283.4405734372712,-30.885337064975836,,,simbad,,,,,,,,,-152.7009007209149,-154.3039254288019,217.0881537157566,False,dwarf
283.42100044951167,-30.940274140237772,,,simbad,,,,,,,,,-160.35027280304595,-179.23357939195728,240.49300607224384,False,dwarf
283.71695927456244,-30.88650003089306,,,simbad,,,,,,,,,-44.685806978313636,-154.83166262174785,161.1510629673843,False,dwarf
283.55165987757,-30.683800299520005,,,simbad,,,,,,,,,-109.28690968577064,-62.849442282182586,126.07014326892465,False,dwarf
283.6177584103863,-30.852049599432775,,,simbad,,,,,,,,,-83.45476398549738,-139.19855272116678,162.29890545392632,False,dwarf
283.6128227170358,-30.844681774865283,,,simbad,,,,,,,,,-85.38369560211888,-135.85513998845312,160.45870040592217,False,dwarf
283.5992269982678,-30.807213319690277,,,simbad,,,,,,,,,-90.69707508500399,-118.85249436901945,149.5054341711787,False,dwarf
284.1379408513417,-30.722753282469444,,,simbad,,,,,,,,,119.83913730024338,-80.5257452366468,144.3807967659963,False,dwarf
284.15946103012584,-30.56850525489056,,,simbad,,,,,,,,,128.2494963530313,-10.530210641725324,128.68107339840344,False,dwarf
284.09920318973,-30.5997032671,,,simbad,,,,,,,,,104.69996739427847,-24.687419503160115,107.57114787008636,False,dwarf
283.2461502552359,-30.413945283411664,,,simbad,,,,,,,,,-228.6839483296694,59.606879604752194,236.3246248698225,False,dwarf
283.3213085484229,-30.50465719436277,,,simbad,,,,,,,,,-199.31113326904526,18.44312016606109,200.16262519873905,False,dwarf
283.49607267961125,-30.33217117594861,,,simbad,,,,,,,,,-131.01109228950193,96.71479247561132,162.8424311611963,False,dwarf
283.3939253981579,-30.165787448863604,,,simbad,,,,,,,,,-170.9315465713746,172.21733281930884,242.64460294158326,False,dwarf
283.4317159717317,-30.501280674333618,,,simbad,,,,,,,,,-156.16251069322027,19.975336352036077,157.43488751984773,False,dwarf
283.2423223379442,-30.479921163253056,,,simbad,,,,,,,,,-230.17994700006093,29.667975021308468,232.08402948676982,False,dwarf
283.5298757280854,-30.221935748451674,,,simbad,,,,,,,,,-117.80043183922238,146.73804269190205,188.17277941976025,False,dwarf
283.47014923840544,-30.30647155504889,,,simbad,,,,,,,,,-141.14230219309334,108.37691050718678,177.95140965850553,False,dwarf
283.30107845751417,-30.38213972910195,,,simbad,,,,,,,,,-207.21730960335177,74.03978232603814,220.04750115858724,False,dwarf
283.3096492070633,-30.17634238389111,,,simbad,,,,,,,,,-203.86775187975826,167.42765523664272,263.8068990654846,False,dwarf
283.3752239413283,-30.16908282872334,,,simbad,,,,,,,,,-178.24031330259166,170.72193687424587,246.81083650500443,False,dwarf
284.4967788183299,-30.62107403558,,,simbad,,,,,,,,,260.07757000182755,-34.38516661825375,262.3407747595112,False,dwarf
284.07619368348,-30.828212276160002,,,simbad,,,,,,,,,95.70756026184316,-128.38151854589074,160.13041995643184,False,dwarf
284.32532286310993,-30.781879832219992,,,simbad,,,,,,,,,193.07040618576158,-107.35652241742177,220.91085226918426,False,dwarf
284.24029295947,-30.843444329929994,,,simbad,,,,,,,,,159.83964044680377,-135.29360528919798,209.41124680950833,False,dwarf
284.2325642297204,-30.845969266985,,,simbad,,,,,,,,,156.8191547497238,-136.43938537960042,207.8652284033598,False,dwarf
284.0898647486746,-30.86078569109361,,,simbad,,,,,,,,,101.05038608469204,-143.16286536534605,175.2335200453427,False,dwarf
284.2614128190983,-30.80800345398083,,,simbad,,,,,,,,,168.0935496917305,-119.21104593650078,206.07453729473897,False,dwarf
284.2761072668462,-30.82387526887916,,,simbad,,,,,,,,,173.83632640757043,-126.4134470708156,214.94052195713414,False,dwarf
284.18827938918037,-30.989828823799446,,,simbad,,,,,,,,,139.51207690091175,-201.72078147826932,245.26494507248603,False,dwarf
284.2066333966566,-30.751375417646663,,,simbad,,,,,,,,,146.6850560142003,-93.5140581792746,173.95799704252127,False,dwarf
284.3083515898283,-30.807331596163053,,,simbad,,,,,,,,,186.43781714859986,-118.90616652983744,221.12832496529293,False,dwarf
284.41600571282163,-30.84661258828195,,,simbad,,,,,,,,,228.510415009853,-136.73131532387873,266.2939397698964,False,dwarf
283.6584999999999,-30.482072999999996,,,simbad,,,,,,,,,-67.53243357787602,28.691502480120647,73.37459982525974,False,dwarf
283.6399083333333,-30.48801666666667,,,simbad,,,,,,,,,-74.79829291965821,25.994352102784557,79.18643169722027,False,dwarf
283.65651699999995,-30.405005999999997,,,simbad,,,,,,,,,-68.30741515067663,63.663397740617135,93.37521714270282,False,dwarf
283.635087,-30.418724,,,simbad,,,,,,,,,-76.68253118985335,57.43836680411118,95.80906309325049,False,dwarf
283.57202169078,-30.202241905479998,,,simbad,,,,,,,,,-101.32925460400928,155.67482514979014,185.74786411698486,False,dwarf
283.64596611,-30.37855,,,simbad,,,,,,,,,-72.43083689898891,75.66874972021176,104.74724730563558,False,dwarf
283.49391908442,-30.15990013133,,,simbad,,,,,,,,,-131.85274462867346,174.88891277117546,219.02346467079275,False,dwarf
283.55728774085,-30.120681507320004,,,simbad,,,,,,,,,-107.08746927407931,192.68575981515568,220.4439341671046,False,dwarf
283.2966195807857,-30.19977243979084,,,simbad,,,,,,,,,-208.9598952312274,156.79543313285095,261.2451830491117,False,dwarf
283.4502083333333,-30.493916666666667,,,simbad,,,,,,,,,-148.93546103143944,23.31701703022704,150.74964290450347,False,dwarf
283.69239899999997,-30.410565999999996,,,simbad,,,,,,,,,-54.284274053225076,61.14034977393401,81.76138929815612,False,dwarf
283.70642799999996,-30.415305999999998,,,simbad,,,,,,,,,-48.80156276465326,58.98940600377522,76.55940535917598,False,dwarf
283.6673839380204,-30.470154126758334,,,simbad,,,,,,,,,-64.06047782393918,34.100115591187304,72.57108723426802,False,dwarf
283.61574553712,-30.43073751097,,,simbad,,,,,,,,,-84.24142040999337,51.98680845418768,98.99113680499708,False,dwarf
283.59359650186,-30.294139227290003,,,simbad,,,,,,,,,-92.89754455646043,113.9731433267055,147.03683614791672,False,dwarf
283.6159958333333,-30.424436111111113,,,simbad,,,,,,,,,-84.14360147250733,54.84629300476706,100.44033813726882,False,dwarf
283.14752815237,-30.444479194119992,,,simbad,,,,,,,,,-267.2267180698142,45.7510304451243,271.1148753520445,False,dwarf
283.5365161922,-30.42804864658,,,simbad,,,,,,,,,-115.20525416709548,53.206976409560845,126.89851427953218,False,dwarf
283.25316688918997,-30.298311986280005,,,simbad,,,,,,,,,-225.9417587090495,112.07960536174477,252.21323570856228,False,dwarf
283.45890404687,-30.470244752780005,,,simbad,,,,,,,,,-145.5370657951663,34.05899080706831,149.4692355471939,False,dwarf
283.360297961844,-30.4520951756163,,,simbad,,,,,,,,,-184.0735755601343,42.29500767020377,188.87019058950267,False,dwarf
283.22581434793995,-30.457969045290003,,,simbad,,,,,,,,,-236.63147905136069,39.6295301635865,239.92698168197165,False,dwarf
283.21889767223,-30.4089864328,,,simbad,,,,,,,,,-239.33460372126916,61.85713463224252,247.19902435755753,False,dwarf
283.55540891324,-30.2871160542,,,simbad,,,,,,,,,-107.821738954476,117.16015818001524,159.22320828300553,False,dwarf
283.67188168908,-30.105254022369994,,,simbad,,,,,,,,,-62.3026996139785,199.68653041482253,209.18015395419204,False,dwarf
283.37941373571,-30.20294251436,,,simbad,,,,,,,,,-176.60288847163,155.3568989249472,235.2112800443449,False,dwarf
283.31343229236,-30.20288110312,,,simbad,,,,,,,,,-202.3892741221083,155.38476646167675,255.15846826633782,False,dwarf
283.58583754421,-30.45348303012,,,simbad,,,,,,,,,-95.92984370075837,41.665219273871124,104.5874055973839,False,dwarf
283.44971096131997,-30.437405191909995,,,simbad,,,,,,,,,-149.12984032805625,48.961110821426956,156.96145912019168,False,dwarf
283.471044599655,-30.45815407173112,,,simbad,,,,,,,,,-140.7923836507743,39.54556782796814,146.24071672726186,False,dwarf
283.53105245793995,-30.376907289110004,,,simbad,,,,,,,,,-117.34055087429431,76.41418827612156,140.02832945294108,False,dwarf
283.68648662128,-30.437998974679996,,,simbad,,,,,,,,,-56.594906710590585,48.69166074759623,74.65829687274854,False,dwarf
283.2637729712337,-30.480814444758334,,,simbad,,,,,,,,,-221.7967672093895,29.26261673253716,223.71881164214037,False,dwarf
283.3501320065109,-30.368466052885832,,,simbad,,,,,,,,,-188.0465599541799,80.24469976743221,204.45224516098207,False,dwarf
283.4932478844912,-30.399699489874163,,,simbad,,,,,,,,,-132.1150580812662,66.07141565125852,147.7153361637772,False,dwarf
283.49953122389957,-30.253556799710555,,,simbad,,,,,,,,,-129.65944927777716,132.38886479925728,185.30619069489418,False,dwarf
283.47653054437376,-30.442515487313052,,,simbad,,,,,,,,,-138.64840681436368,46.642132327572085,146.28352340651367,False,dwarf
283.40901252657704,-30.3692672302525,,,simbad,,,,,,,,,-165.03530526438038,79.88113701097221,183.35116043775926,False,dwarf
283.3520420328829,-30.400687088147773,,,simbad,,,,,,,,,-187.30009740151996,65.62325777065902,198.4634436037358,False,dwarf
283.53280102886,-30.40414478082,,,simbad,,,,,,,,,-116.65718716183096,64.05420660769524,133.08583959479597,False,dwarf
283.56931069007,-30.27615766758,,,simbad,,,,,,,,,-102.3887480957808,122.13291628787726,159.37347639304005,False,dwarf
283.37659328296,-30.240440026750004,,,simbad,,,,,,,,,-177.70515721004102,138.34106755961085,225.20518171786858,False,dwarf
283.65691127246,-30.15475113680001,,,simbad,,,,,,,,,-68.15332846827596,177.22545237177866,189.8782166276224,False,dwarf
283.14160209485703,-30.497344083305006,,,simbad,,,,,,,,,-269.5426965731225,21.761704695633988,270.4197423768656,False,dwarf
283.1490530946146,-30.47241997066639,,,simbad,,,,,,,,,-266.6307512825108,33.07190824136019,268.6739820753046,False,dwarf
283.155014478675,-30.440626535584446,,,simbad,,,,,,,,,-264.3009667160094,47.499311431533854,268.5352594976811,False,dwarf
283.36024999999995,-30.133555555555557,,,simbad,,,,,,,,,-184.0923196576387,186.84370204110888,262.29859158858807,False,dwarf
283.174396427645,-30.392134662016396,,,simbad,,,,,,,,,-256.72625501796244,69.5042256413383,265.9684330847365,False,dwarf
283.18159625815,-30.429071026472222,,,simbad,,,,,,,,,-253.91246985966157,52.74303513109935,259.33254733078513,False,dwarf
283.2387705159663,-30.466194237949725,,,simbad,,,,,,,,,-231.56804411697178,35.8970561319869,234.3338594721275,False,dwarf
283.23958708824796,-30.474180560883326,,,simbad,,,,,,,,,-231.24891730345573,32.27297774369697,233.49005727539162,False,dwarf
283.24168048031464,-30.369034401637776,,,simbad,,,,,,,,,-230.4307931096178,79.98679128488595,243.91850522906086,False,dwarf
283.21157959004205,-30.320799686756107,,,simbad,,,,,,,,,-242.19460313837092,101.87501058447879,262.7484416146757,False,dwarf
283.21169931605,-30.31564675045889,,,simbad,,,,,,,,,-242.14781269462313,104.2133389023101,263.6209081198948,False,dwarf
283.2151807744963,-30.373892763764168,,,simbad,,,,,,,,,-240.78721453908673,77.78213648553401,253.0386204549543,False,dwarf
283.2284900316283,-30.26329903344972,,,simbad,,,,,,,,,-235.5857878999641,127.96797936282766,268.09786870218113,False,dwarf
283.2910977006675,-30.28612576949,,,simbad,,,,,,,,,-211.11791607792367,117.60953512677874,241.6666655577931,False,dwarf
283.31407852838163,-30.472348199842777,,,simbad,,,,,,,,,-202.13671688134508,33.10447680801087,204.82958452406524,False,dwarf
283.31629231844624,-30.32374406745667,,,simbad,,,,,,,,,-201.27153962152298,100.53889300539653,224.98511432619017,False,dwarf
283.3208932374992,-30.151034099111108,,,simbad,,,,,,,,,-199.4734420501094,178.91219057017204,267.95377589788865,False,dwarf
283.3253763709308,-30.421849623212783,,,simbad,,,,,,,,,-197.72137659473177,56.02000398187768,205.50421798261303,False,dwarf
283.3291290405724,-30.22094896037472,,,simbad,,,,,,,,,-196.25478566122288,147.1858329169211,245.31532831517143,False,dwarf
283.34070606464206,-30.19474009699833,,,simbad,,,,,,,,,-191.7303376923902,159.07903785412736,249.13181787205116,False,dwarf
283.3428445777462,-30.147862593737504,,,simbad,,,,,,,,,-190.89457962435267,180.35137405653944,262.6163716412976,False,dwarf
283.353484322755,-30.20324185133583,,,simbad,,,,,,,,,-186.7364322106229,155.22106411411607,242.8251919786559,False,dwarf
283.35910516202165,-30.112862188087224,,,simbad,,,,,,,,,-184.53973687249103,196.23405432794416,269.37468062709746,False,dwarf
283.35976694031706,-30.203449088539998,,,simbad,,,,,,,,,-184.28110551382093,155.1270228539361,240.88154572096556,False,dwarf
283.26311782382163,-30.309065733615558,,,simbad,,,,,,,,,-222.0528071346721,107.19970961548886,246.57499244252855,False,dwarf
283.2740681164317,-30.24558614883972,,,simbad,,,,,,,,,-217.77329377618688,136.00583143105592,256.7543449785849,False,dwarf
283.39071756185206,-30.255885227089724,,,simbad,,,,,,,,,-172.18520972097733,131.33225797109606,216.5546315146445,False,dwarf
283.40078720842416,-30.08514704705694,,,simbad,,,,,,,,,-168.24986401332214,208.8107863824047,268.1603275097561,False,dwarf
283.40152449271875,-30.15213469354111,,,simbad,,,,,,,,,-167.96172395167017,178.41275666032374,245.03520655602318,False,dwarf
283.40195196354455,-30.224593149686942,,,simbad,,,,,,,,,-167.7946629265024,145.53215226324866,222.11406134910044,False,dwarf
283.4050616546979,-30.118289815660564,,,simbad,,,,,,,,,-166.57935614838487,193.77107506304813,255.5306467449646,False,dwarf
283.4418459954642,-30.09481949326638,,,simbad,,,,,,,,,-152.20356882485956,204.42156952240697,254.8609512048247,False,dwarf
283.45298380010206,-30.06534967753,,,simbad,,,,,,,,,-147.8507733855611,217.79454770085914,263.2381359129607,False,dwarf
283.36949579896043,-30.099101927200834,,,simbad,,,,,,,,,-180.47894405479326,202.47826264636814,271.2380800909504,False,dwarf
283.3712508330262,-30.272860441745,,,simbad,,,,,,,,,-179.7930544629334,123.62914990994467,218.19649204459478,False,dwarf
283.4751534611171,-30.16507131112805,,,simbad,,,,,,,,,-139.1865884321994,172.54230581527264,221.6839049084203,False,dwarf
284.38342915475,-30.23149084064,,,simbad,,,,,,,,,215.77908257833258,142.4020793974361,258.5323281430401,False,dwarf
284.36666280208,-30.24611637074,,,simbad,,,,,,,,,209.22657911750954,135.76522436497805,249.41523120308494,False,dwarf
284.4542573969637,-30.325429732616108,,,simbad,,,,,,,,,243.45965875156645,99.77396242031821,263.1110963385624,False,dwarf
284.279164093815,-30.254689248570838,,,simbad,,,,,,,,,175.03097319129307,131.87497580747598,219.1502927684869,False,dwarf
284.43150370347,-30.3037437045,,,simbad,,,,,,,,,234.56722649164635,109.6147698202783,258.91539449545274,False,dwarf
284.2949191279379,-30.19700756902972,,,simbad,,,,,,,,,181.1882405259088,158.05009168536753,240.43504317513217,False,dwarf
284.29709976620165,-30.363428188613888,,,simbad,,,,,,,,,182.04046164109727,82.53081005659668,199.87512172129337,False,dwarf
284.2992556494604,-30.148008972222495,,,simbad,,,,,,,,,182.883008186084,180.2849496070915,256.8050967913659,False,dwarf
284.30206851356996,-30.35297871210222,,,simbad,,,,,,,,,183.98231118748546,87.27263208279612,203.63202876892385,False,dwarf
284.3034767523542,-30.28435504254473,,,simbad,,,,,,,,,184.53266878098256,118.41306552584618,219.25774771866136,False,dwarf
284.3063326448062,-30.314693002030833,,,simbad,,,,,,,,,185.64878780484838,104.64613621024709,213.1109716489116,False,dwarf
284.3066915354021,-30.351145516027216,,,simbad,,,,,,,,,185.7890468055811,88.10451007372544,205.62094885555214,False,dwarf
284.3071636702746,-30.2866491146639,,,simbad,,,,,,,,,185.97356310718297,117.37204862014438,219.91444693805568,False,dwarf
284.3108809506812,-30.12587741258805,,,simbad,,,,,,,,,187.42632347842346,190.3279327968772,267.1204760690787,False,dwarf
284.31523180566455,-30.27149654952917,,,simbad,,,,,,,,,189.1266928370356,124.24806456496663,226.28850499222122,False,dwarf
284.273938173837,-30.20411489403111,,,simbad,,,,,,,,,172.9886173244063,154.82488990599475,232.15470759433953,False,dwarf
284.3180359662609,-30.315251793032225,,,simbad,,,,,,,,,190.2225943949809,104.39256489732252,216.98489123484867,False,dwarf
284.3197983940054,-30.28948636821973,,,simbad,,,,,,,,,190.91137353034625,116.08454379730149,223.43404810339672,False,dwarf
284.3245863601505,-30.12671883873862,,,simbad,,,,,,,,,192.7825714798105,189.9461057216427,270.6374751308209,False,dwarf
284.32612228001915,-30.19925833048195,,,simbad,,,,,,,,,193.38282846193718,157.02872853688964,249.10828956470155,False,dwarf
284.3271913956379,-30.135862924485004,,,simbad,,,,,,,,,193.80065241743165,185.7966512343059,268.4754895466334,False,dwarf
284.3285564104387,-30.18009360589805,,,simbad,,,,,,,,,194.33411752951497,165.72540468678997,255.402934584894,False,dwarf
284.3288144397608,-30.221823151459997,,,simbad,,,,,,,,,194.43495866408585,146.78913758594936,243.62266738530622,False,dwarf
284.33033085648333,-30.342857678102778,,,simbad,,,,,,,,,195.02759356914103,91.86541162470706,215.58064872883867,False,dwarf
284.3333359799396,-30.178502845338055,,,simbad,,,,,,,,,196.20203396383351,166.4472689307417,257.2934734229532,False,dwarf
284.3349913660745,-30.16182014923778,,,simbad,,,,,,,,,196.8489798793532,174.0176362822876,262.73876496782225,False,dwarf
284.3367221609033,-30.378085381113888,,,simbad,,,,,,,,,197.52539646971644,75.87958708278376,211.59866253446035,False,dwarf
284.3536827962925,-30.32710389386583,,,simbad,,,,,,,,,204.15382808347078,99.01425214387949,226.89779119406845,False,dwarf
284.26084950728455,-30.19213926385528,,,simbad,,,,,,,,,167.8734002840363,160.25925849679857,232.0872862887323,False,dwarf
284.2613986058187,-30.113198498331663,,,simbad,,,,,,,,,168.08799496163311,196.0814415800296,258.26634659266887,False,dwarf
284.26156655317203,-30.137219390282777,,,simbad,,,,,,,,,168.15363091928901,185.18110658089836,250.1353350205974,False,dwarf
284.26815470567,-30.145675753296665,,,simbad,,,,,,,,,170.7283645475675,181.34373077015664,249.06570047022967,False,dwarf
284.2697560989596,-30.190618808524448,,,simbad,,,,,,,,,171.35420937374622,160.94921923976503,235.08916658151563,False,dwarf
284.2708737343834,-30.16344548297583,,,simbad,,,,,,,,,171.7909954849642,173.28008322779587,244.0043716271224,False,dwarf
284.2792238288379,-30.190107534050558,,,simbad,,,,,,,,,175.05431839655105,161.18122823648528,237.95672447968985,False,dwarf
284.28124596214116,-30.325227693707777,,,simbad,,,,,,,,,175.84459376104482,99.86564476867454,202.22380710502406,False,dwarf
284.28173370467624,-30.1897146398686,,,simbad,,,,,,,,,176.03520973532457,161.35951796074855,238.79968405147616,False,dwarf
284.28269619895,-30.342250162431665,,,simbad,,,,,,,,,176.41136471571522,92.14109349138467,199.02500021517193,False,dwarf
284.28690135859955,-30.332141994317514,,,simbad,,,,,,,,,178.05479448838798,96.72803467974856,202.63223468468368,False,dwarf
284.3624586447712,-30.21485067208917,,,simbad,,,,,,,,,207.58354107235166,149.95314835920558,256.07981807822074,False,dwarf
284.3666726640713,-30.31447644251584,,,simbad,,,,,,,,,209.23043330891824,104.74440780088968,233.98454048974423,False,dwarf
284.3668686822838,-30.19239459723417,,,simbad,,,,,,,,,209.30703971467196,160.14339188485093,263.5438157849738,False,dwarf
284.37060335374963,-30.35116374264195,,,simbad,,,,,,,,,210.76659673262088,88.09623909832266,228.43709340105005,False,dwarf
284.37988873429833,-30.299841181316392,,,simbad,,,,,,,,,214.3954413226221,111.3856786662022,241.60334159910195,False,dwarf
284.38156884533623,-30.228180088013055,,,simbad,,,,,,,,,215.05205004408347,143.90445128297725,258.75833383143,False,dwarf
284.38193449944293,-30.206845923223327,,,simbad,,,,,,,,,215.19495231071502,153.5855881703163,264.3811649751792,False,dwarf
284.3963079353592,-30.326052871194445,,,simbad,,,,,,,,,220.81227352772632,99.49119110322701,242.19115848358763,False,dwarf
284.41115099707537,-30.232936921455554,,,simbad,,,,,,,,,226.61313046892914,141.74586873892193,267.2927275581578,False,dwarf
284.41798222575835,-30.34829342006111,,,simbad,,,,,,,,,229.28286135600783,89.39875016870147,246.09503660847005,False,dwarf
284.42339833442077,-30.334601793820276,,,simbad,,,,,,,,,231.39954537508711,95.61181307293288,250.37445636264587,False,dwarf
284.4361594263804,-30.28566085565639,,,simbad,,,,,,,,,236.3867421062373,117.8205063322768,264.12187254370815,False,dwarf
284.4382886976058,-30.33948100802389,,,simbad,,,,,,,,,237.21888833075948,93.3976959010916,254.94299476650485,False,dwarf
284.4438319563967,-30.28486753451778,,,simbad,,,,,,,,,239.38526423414436,118.18050404553082,266.9680435350022,False,dwarf
284.3734721953358,-30.271815193273614,,,simbad,,,,,,,,,211.88777644249404,124.10346862044963,245.556715911765,False,dwarf
284.39041467898244,-30.341431663365555,,,simbad,,,,,,,,,218.50911412483435,92.51251658571636,237.28632215246273,False,dwarf
284.24957010800495,-30.128700719579722,,,simbad,,,,,,,,,163.46526786130767,189.04675672409675,249.91912696884344,False,dwarf
284.37336827914373,-30.909153803596944,,,simbad,,,,,,,,,211.84716467548304,-165.11161858545842,268.5908929449231,False,dwarf
284.2327538369567,-31.02793498572,,,simbad,,,,,,,,,156.8932556646012,-219.01280923937705,269.41066104362255,False,dwarf
284.2991516112295,-30.76816246369083,,,simbad,,,,,,,,,182.84234872474119,-101.1317780332952,208.94726850417442,False,dwarf
284.2994067128429,-30.906728688546668,,,simbad,,,,,,,,,182.94204567359637,-164.0111362839165,245.6978732109451,False,dwarf
284.3038981123521,-30.97312778478055,,,simbad,,,,,,,,,184.69734161705333,-194.1420903742923,267.96316772143587,False,dwarf
284.3183907771833,-30.956372006959164,,,simbad,,,,,,,,,190.36125900755263,-186.5385595896798,266.5221250566884,False,dwarf
284.3450836768779,-30.82726497139861,,,simbad,,,,,,,,,200.79318305630716,-127.9516452811329,238.09562342057558,False,dwarf
284.3454575104066,-30.815638690278888,,,simbad,,,,,,,,,200.939281944885,-122.67580626329111,235.427161710102,False,dwarf
284.3550226533308,-30.906735584893614,,,simbad,,,,,,,,,204.6774612226259,-164.01426574689148,262.2852311912195,False,dwarf
284.25630379180245,-30.853636775534728,,,simbad,,,,,,,,,166.09687696888508,-139.91879038965615,217.17605863198062,False,dwarf
284.25957388731956,-30.889282363536665,,,simbad,,,,,,,,,167.37487180861353,-156.09424512518032,228.8662514966977,False,dwarf
284.2817272541904,-30.813413384162498,,,simbad,,,,,,,,,176.0326888035698,-121.66599437980041,213.98626525045967,False,dwarf
284.35743293056333,-30.92607974357999,,,simbad,,,,,,,,,205.6194281618989,-172.79236650963603,268.5824848377621,False,dwarf
284.3711292020058,-30.81205395432305,,,simbad,,,,,,,,,210.972104906423,-121.04910468694796,243.23263513385376,False,dwarf
284.39267471040665,-30.818881219419165,,,simbad,,,,,,,,,219.3923630949714,-124.14721931262318,252.08240923843204,False,dwarf
284.36618319047,-30.87495794658,,,simbad,,,,,,,,,209.03914081199412,-149.5940309028003,257.052011221785,False,dwarf
284.42555628954165,-30.82199958246444,,,simbad,,,,,,,,,232.24290163009198,-125.56228757534926,264.0126008710934,False,dwarf
284.24408216274793,-30.838010421906397,,,simbad,,,,,,,,,161.32050918916966,-132.8277760463774,208.9677601317475,False,dwarf
284.26927175616873,-30.98935652731694,,,simbad,,,,,,,,,171.16492206268117,-201.50646013297103,264.3904007713676,False,dwarf
284.3705240326479,-30.903312802835554,,,simbad,,,,,,,,,210.73559703914603,-162.46105651811638,266.08849419775356,False,dwarf
284.2779771646203,-30.89709709386445,,,simbad,,,,,,,,,174.56710619475712,-159.64045725893737,236.55601907170788,False,dwarf
284.31542442741454,-30.858560833383613,,,simbad,,,,,,,,,189.201971862133,-142.1532569622217,236.65361738517078,False,dwarf
284.30492529071336,-30.921491526975835,,,simbad,,,,,,,,,185.0987759599555,-170.71029985966857,251.80064205647244,False,dwarf
284.39516371946,-30.85226257458,,,simbad,,,,,,,,,220.36509942928012,-139.29519777731048,260.69892437502796,False,dwarf
284.38708150533296,-30.86173716737639,,,simbad,,,,,,,,,217.20646755024745,-143.59463160646314,260.38062096064783,False,dwarf
284.2477466247775,-30.872036606921395,,,simbad,,,,,,,,,162.75262746815523,-148.26836901689379,220.16340976356153,False,dwarf
284.25090084542626,-30.980564821505556,,,simbad,,,,,,,,,163.98533693836885,-197.51691058781208,256.7179789164446,False,dwarf
284.31520789861247,-30.950425228223057,,,simbad,,,,,,,,,189.1173496576015,-183.83999700003196,263.74706906141586,False,dwarf
284.2692496993883,-30.839377914086384,,,simbad,,,,,,,,,171.15630199287827,-133.44832431331577,217.03210585973045,False,dwarf
283.58165352241,-30.94125109453,,,simbad,,,,,,,,,-97.56501253346786,-179.67690718701857,204.45714134494844,False,dwarf
283.6766184419704,-30.965319182455556,,,simbad,,,,,,,,,-60.45151645456363,-190.5986590399915,199.95558174129403,False,dwarf
283.48795274434,-30.58177272206,,,simbad,,,,,,,,,-134.18446607052385,-16.550796264905188,135.20133058381478,False,dwarf
283.4731435253008,-30.93021308915694,,,simbad,,,,,,,,,-139.97209686395553,-174.66801923508868,223.83276088187327,False,dwarf
283.4791148004379,-30.99996819477028,,,simbad,,,,,,,,,-137.6384467391281,-206.32188207384684,248.01826755957748,False,dwarf
283.50813104165337,-31.023596659707223,,,simbad,,,,,,,,,-126.29853133077886,-217.04413934273092,251.1164619043095,False,dwarf
283.39870317199,-30.44351132173,,,simbad,,,,,,,,,-169.06433190720162,46.190237003681965,175.260623979503,False,dwarf
283.42395228883953,-30.60475840113778,,,simbad,,,,,,,,,-159.19665652213607,-26.981366563471276,161.46693032772802,False,dwarf
283.43732396961667,-30.5837181380439,,,simbad,,,,,,,,,-153.97083393008643,-17.433598035144993,154.95466447182952,False,dwarf
283.4382705464163,-30.695262715725555,,,simbad,,,,,,,,,-153.60089970064902,-68.05092176072414,168.00048911039823,False,dwarf
283.44674633816084,-30.64728355170777,,,simbad,,,,,,,,,-150.28845269250482,-46.27866776464118,157.25245340781586,False,dwarf
283.4493512041142,-30.673816966879723,,,simbad,,,,,,,,,-149.27043801094163,-58.319149634920684,160.25850017430787,False,dwarf
283.48536320268494,-30.940050540337506,,,simbad,,,,,,,,,-135.19649182180183,-179.13211297582032,224.42460939055812,False,dwarf
283.4863708816037,-30.75017889305778,,,simbad,,,,,,,,,-134.80267810854104,-92.97109254418933,163.75404139774733,False,dwarf
283.491141681015,-30.705499008659167,,,simbad,,,,,,,,,-132.93818913657643,-72.69600414786859,151.51657054586173,False,dwarf
283.4984818050208,-30.697238824995274,,,simbad,,,,,,,,,-130.0695754972662,-68.9476517022547,147.21369890500833,False,dwarf
283.5047598661474,-30.76001480163361,,,simbad,,,,,,,,,-127.61602951328364,-97.4344862730987,160.55942857408886,False,dwarf
283.50759458848,-31.02876103347889,,,simbad,,,,,,,,,-126.50818404085078,-219.387657821831,253.24941270191047,False,dwarf
283.5091495207475,-30.996138207353898,,,simbad,,,,,,,,,-125.90049677191638,-204.5838889149758,240.21969671738094,False,dwarf
283.51814138491204,-31.0076690823425,,,simbad,,,,,,,,,-122.38636211084444,-209.81643400383643,242.9019506072625,False,dwarf
283.51869204733043,-30.77361620758666,,,simbad,,,,,,,,,-122.17115624743703,-103.60660850940673,160.18776715360366,False,dwarf
283.52322376830125,-30.624971253859723,,,simbad,,,,,,,,,-120.40010216494596,-36.15366817515464,125.7110668312405,False,dwarf
283.52946960364915,-30.635128339963053,,,simbad,,,,,,,,,-117.9591504243819,-40.762807642858334,124.8037165142554,False,dwarf
283.5316618961704,-30.6770530646,,,simbad,,,,,,,,,-117.10237467741183,-59.78764419843263,131.48204650783057,False,dwarf
283.5355187738712,-30.720453186008058,,,simbad,,,,,,,,,-115.59505791152958,-79.48199457116533,140.2840150358573,False,dwarf
283.54264823009913,-30.801100194408058,,,simbad,,,,,,,,,-112.80877591407756,-116.07844611121698,161.86421956327243,False,dwarf
283.55178087166087,-30.675485255953888,,,simbad,,,,,,,,,-109.23962365911726,-59.07619520261997,124.19054801716445,False,dwarf
283.55457281213125,-31.078739823173333,,,simbad,,,,,,,,,-108.14849788151216,-242.06731316640727,265.1276705619972,False,dwarf
283.5605584384058,-30.802712303291383,,,simbad,,,,,,,,,-105.80923914998552,-116.80999791699853,157.6076479834276,False,dwarf
283.5639681788854,-30.730244359658325,,,simbad,,,,,,,,,-104.47666928625002,-83.9250882347904,134.01042817768254,False,dwarf
283.4576127025379,-30.62195665186501,,,simbad,,,,,,,,,-146.04173955287703,-34.78568518358638,150.12739118935608,False,dwarf
283.459298944485,-30.659352469036108,,,simbad,,,,,,,,,-145.382734794268,-51.755368722434135,154.32030899352029,False,dwarf
283.4630698871479,-30.829005631729164,,,simbad,,,,,,,,,-143.90900253206073,-128.74153188323456,193.091126262743,False,dwarf
283.68213062735293,-30.934401781516115,,,simbad,,,,,,,,,-58.297284433644435,-176.56878753362747,185.94383588447485,False,dwarf
283.6906810795083,-31.103867202868337,,,simbad,,,,,,,,,-54.95565918918918,-253.46975637639858,259.35890552365686,False,dwarf
283.70598241130875,-31.10432014742667,,,simbad,,,,,,,,,-48.97570448162213,-253.67529609706673,258.35977914413394,False,dwarf
283.58668709333205,-30.70598705621833,,,simbad,,,,,,,,,-95.59782911940552,-72.91747310502417,120.23270277409961,False,dwarf
283.59657457812705,-30.736815993563614,,,simbad,,,,,,,,,-91.7336745466659,-86.90720110574767,126.36426967251656,False,dwarf
283.61631640978703,-30.90286003283972,,,simbad,,,,,,,,,-84.01831612488351,-162.25559601139716,182.71824178629396,False,dwarf
283.618398260145,-30.75489678416389,,,simbad,,,,,,,,,-83.20470257733245,-95.11200361654737,126.36975810270617,False,dwarf
283.61987651728793,-30.94915043682277,,,simbad,,,,,,,,,-82.62698092040313,-183.2615150125414,201.02736346257092,False,dwarf
283.62449137456986,-30.737459210091668,,,simbad,,,,,,,,,-80.82343611217934,-87.19908350740901,118.89536571923914,False,dwarf
283.63523909341995,-30.90927154113306,,,simbad,,,,,,,,,-76.62309115061302,-165.16504618457594,182.0730363854798,False,dwarf
283.64905679412163,-30.99719252365389,,,simbad,,,,,,,,,-71.2229583101296,-205.06232247557654,217.07893930440096,False,dwarf
283.65801060098624,-31.125570074113895,,,simbad,,,,,,,,,-67.72369692499137,-263.31820694605443,271.8878026585107,False,dwarf
283.65892489326666,-31.089951556175546,,,simbad,,,,,,,,,-67.36637989549324,-247.15503621572864,256.17150713344773,False,dwarf
283.66897745793835,-30.887987380693335,,,simbad,,,,,,,,,-63.4377100113549,-155.50660055148336,167.94834285149514,False,dwarf
283.4762813527946,-30.646580297507505,,,simbad,,,,,,,,,-138.74579404681273,-45.95954113153966,146.1597577539805,False,dwarf
283.4628354333629,-30.446814241512506,,,simbad,,,,,,,,,-144.000630047474,44.6914195501984,150.77633911022423,False,dwarf
283.62435889,-30.52694889,,,simbad,,,,,,,,,-80.87521276387143,8.327469563286005,81.30280923147076,False,dwarf
283.52803624523244,-31.085608687687216,,,simbad,,,,,,,,,-118.51932508913278,-245.18430500906473,272.32732848974524,False,dwarf
283.41046193710457,-30.851241749070834,,,simbad,,,,,,,,,-164.4688572309462,-138.83196185550582,215.23084962779382,False,dwarf
283.23435466314334,-30.78707770856195,,,simbad,,,,,,,,,-233.29381545641937,-109.71524388066634,257.80504081574503,False,dwarf
283.2047499063675,-30.69808291101083,,,simbad,,,,,,,,,-244.86373021654245,-69.33068578593281,254.48966652323514,False,dwarf
283.29435014285616,-30.872298630663057,,,simbad,,,,,,,,,-209.8468203830565,-148.38727161916455,257.0106425879257,False,dwarf
283.32489215362705,-30.921900830242773,,,simbad,,,,,,,,,-197.91061486385289,-170.89603579049762,261.48435235152283,False,dwarf
283.3319345825192,-30.822248156372783,,,simbad,,,,,,,,,-195.15834425397878,-125.67508683686412,232.12282693308694,False,dwarf
283.3331378987487,-30.849194294485276,,,simbad,,,,,,,,,-194.68807299620454,-137.9028564366269,238.58047610891467,False,dwarf
283.34413330685874,-30.92517390080306,,,simbad,,,,,,,,,-190.39092792761454,-172.381308096601,256.83461763989953,False,dwarf
283.35983209859415,-30.764285595309996,,,simbad,,,,,,,,,-184.25564083199038,-99.37251096758226,209.3443027990246,False,dwarf
283.27378347230456,-30.75137404305528,,,simbad,,,,,,,,,-217.88453631444307,-93.51343440949123,237.1042673171828,False,dwarf
283.4492599922967,-30.840959632601667,,,simbad,,,,,,,,,-149.30608474708842,-134.1660854075335,200.73077844736795,False,dwarf
283.47872459470375,-30.77221602862167,,,simbad,,,,,,,,,-137.7909440934365,-102.9712274499437,172.0157491531185,False,dwarf
283.52044358950167,-30.90546699759389,,,simbad,,,,,,,,,-121.48663133229387,-163.43859909093416,203.64473296718427,False,dwarf
283.52528461597456,-30.744450218520278,,,simbad,,,,,,,,,-119.59469673317058,-90.3715025003724,149.8996329244133,False,dwarf
283.54489488563286,-31.07350404034278,,,simbad,,,,,,,,,-111.93075441174449,-239.691390284281,264.53819451941865,False,dwarf
283.58072169775244,-31.032859945690003,,,simbad,,,,,,,,,-97.92918143854222,-221.24768518151748,241.95177778929997,False,dwarf
283.5556892046454,-30.717899486540276,,,simbad,,,,,,,,,-107.71219751515397,-78.32316251186543,133.17820872576573,False,dwarf
283.567320358457,-30.90652746823,,,simbad,,,,,,,,,-103.16659495604323,-163.9198254006755,193.68287346642765,False,dwarf
283.567741116525,-30.9881141880825,,,simbad,,,,,,,,,-103.0021573618172,-200.94270447121198,225.80393021688838,False,dwarf
283.57543484195037,-30.848072594951383,,,simbad,,,,,,,,,-99.99535179900712,-137.39384533442967,169.92980644133146,False,dwarf
283.46540179854964,-30.96405383283499,,,simbad,,,,,,,,,-142.99766195424985,-190.02446159622988,237.8184755844654,False,dwarf
283.6819237792125,-30.85907320372889,,,simbad,,,,,,,,,-58.378123312708745,-142.38576324960306,153.88863134645732,False,dwarf
283.7011242801008,-30.935130561688613,,,simbad,,,,,,,,,-50.87432382833427,-176.89949748549404,184.06963094332136,False,dwarf
283.71152494213,-30.790150866820834,,,simbad,,,,,,,,,-46.809613078049544,-111.10979886202954,120.56752166183631,False,dwarf
283.7279753285492,-31.062757862351113,,,simbad,,,,,,,,,-40.380593239026986,-234.81492939732206,238.26171194341129,False,dwarf
283.6005803555191,-30.96253528223417,,,simbad,,,,,,,,,-90.16816589123832,-189.3353651923273,209.70974858766536,False,dwarf
283.6107480749916,-31.015456069459447,,,simbad,,,,,,,,,-86.1944920491462,-213.3500566678661,230.10375298936785,False,dwarf
283.63570094936586,-30.935410335816666,,,simbad,,,,,,,,,-76.44259198400795,-177.0264549576024,192.82592051923297,False,dwarf
283.6381361502262,-30.942872158950564,,,simbad,,,,,,,,,-75.49088457457027,-180.4125228866904,195.56981379597332,False,dwarf
283.6463200312271,-30.858487141063616,,,simbad,,,,,,,,,-72.29251999065002,-142.11981644816962,159.44983748458307,False,dwarf
283.66948932913544,-31.007805832073608,,,simbad,,,,,,,,,-63.237664249676776,-209.87848906337248,219.19849988373326,False,dwarf
283.67086853263123,-30.71656838975112,,,simbad,,,,,,,,,-62.69865401547725,-77.71912994939557,99.85681937375912,False,dwarf
283.7422401240425,-30.860054245186117,,,simbad,,,,,,,,,-34.805730078409944,-142.83094574130862,147.01060474553452,False,dwarf
283.7438785998991,-30.926612751219164,,,simbad,,,,,,,,,-34.16539291432384,-173.03423770392402,176.37494575695328,False,dwarf
283.74619446828456,-30.786636945380568,,,simbad,,,,,,,,,-33.26032215092895,-109.51523189351242,114.45451081662695,False,dwarf
283.76060861926794,-30.757475895203054,,,simbad,,,,,,,,,-27.627088968818228,-96.28236708115345,100.1676108112846,False,dwarf
283.7834852573833,-31.08424700427889,,,simbad,,,,,,,,,-18.686608390075197,-244.56639267909173,245.27924853355964,False,dwarf
283.4102224090167,-30.971578839851666,,,simbad,,,,,,,,,-164.56246784834428,-193.43920146182313,253.96757762857277,False,dwarf
283.41905962872045,-30.995094838509996,,,simbad,,,,,,,,,-161.1087702056513,-204.11042315236605,260.0328838370549,False,dwarf
283.4429060616108,-30.73694524366556,,,simbad,,,,,,,,,-151.78928151793386,-86.96585294152226,174.93726178712484,False,dwarf
283.4798268117124,-30.80708981295972,,,simbad,,,,,,,,,-137.3601836945583,-118.79644879250905,181.60511091462712,False,dwarf
283.23038932586877,-30.761924039005553,,,simbad,,,,,,,,,-234.84351960055696,-98.3008707100046,254.5869986482464,False,dwarf
283.7869956967246,-31.066252780654718,,,simbad,,,,,,,,,-17.31468413284794,-236.40087301596236,237.03411368267112,False,dwarf
283.8086364295633,-31.127106636021942,,,simbad,,,,,,,,,-8.857211025180508,-264.0154766219143,264.16400603231534,False,dwarf
283.53382057552994,-30.82929391094001,,,simbad,,,,,,,,,-116.25873538076428,-128.87234883948628,173.56317537928606,False,dwarf
283.2801268040554,-30.19092117391667,,,simbad,,,,,,,,,-215.40548174195135,160.81201017716796,268.8122470827989,False,dwarf
283.3867255426934,-30.08689278779528,,,simbad,,,,,,,,,-173.74534148413193,208.01859436437863,271.03353904778925,False,dwarf
283.39773768790747,-30.274257014001936,,,simbad,,,,,,,,,-169.44165534281584,122.99540552268073,209.37608350764964,False,dwarf
283.4043415602516,-30.198772936039173,,,simbad,,,,,,,,,-166.86077819908107,157.24899354802037,229.28097451177294,False,dwarf
283.42872014806045,-30.18847492116861,,,simbad,,,,,,,,,-157.33331661388104,161.92208446169775,225.7709767732445,False,dwarf
283.36648800218376,-30.151908353238607,,,simbad,,,,,,,,,-181.65442921702646,178.5154666315485,254.68824763000586,False,dwarf
283.38421195224,-30.120167098949995,,,simbad,,,,,,,,,-174.72768454164242,192.9191909288226,260.2836490713837,False,dwarf
283.5018785051158,-30.057481383703053,,,simbad,,,,,,,,,-128.7421019813403,221.36506617951858,256.0801072852721,False,dwarf
283.52069814781703,-30.08360599158611,,,simbad,,,,,,,,,-121.3871467112037,209.51009517237097,242.13491975719495,False,dwarf
283.5352575158129,-30.160154579469168,,,simbad,,,,,,,,,-115.69716087722065,174.7734478682701,209.59864292216304,False,dwarf
283.5483082068475,-30.03666944812,,,simbad,,,,,,,,,-110.59678515128711,230.80922297008667,255.93855960729158,False,dwarf
283.5702268899554,-30.14579432310833,,,simbad,,,,,,,,,-102.03068555003442,181.2899254963738,208.02956011175615,False,dwarf
283.57600993749327,-30.062391596333892,,,simbad,,,,,,,,,-99.77059716039531,219.13688236760942,240.7802842251362,False,dwarf
283.45908147206376,-30.052300878139995,,,simbad,,,,,,,,,-145.46772577715222,223.71590503334303,266.85139199124393,False,dwarf
283.4603449138142,-30.24419289162945,,,simbad,,,,,,,,,-144.97395670255628,136.63807149786277,199.21699401569566,False,dwarf
283.7002167142695,-30.119820340289717,,,simbad,,,,,,,,,-51.22901207613866,193.07654501744588,199.7572624816704,False,dwarf
283.3009530573621,-30.167093227537507,,,simbad,,,,,,,,,-207.2663175746453,171.62478925309978,269.0992283287424,False,dwarf
283.3648998358104,-30.141373625834163,,,simbad,,,,,,,,,-182.27510479644116,183.29597428574695,258.49879693707436,False,dwarf
283.38330520638334,-30.159499458633043,,,simbad,,,,,,,,,-175.0820523329327,175.0707322735785,247.59540857600487,False,dwarf
283.4172431236292,-30.076158860830564,,,simbad,,,,,,,,,-161.81868345461095,212.88949591165297,267.4083465124103,False,dwarf
283.4180316348517,-30.070668773872224,,,simbad,,,,,,,,,-161.5105232592377,215.38081834639277,269.21096938095707,False,dwarf
284.1682346065925,-30.49670195187916,,,simbad,,,,,,,,,131.6783214107469,22.053094693533115,133.51224406440744,False,dwarf
284.15465688406243,-30.452737538332784,,,simbad,,,,,,,,,126.37197508610586,42.00351271594327,133.16970814581583,False,dwarf
284.15384040971,-30.437037771019998,,,simbad,,,,,,,,,126.05288654461494,49.12784113247404,135.2881184013111,False,dwarf
284.44901430108337,-30.421348155174442,,,simbad,,,,,,,,,241.41059032399554,56.24756295930267,247.87670616546592,False,dwarf
284.32212542034915,-30.604825095997498,,,simbad,,,,,,,,,191.8208049654962,-27.01163173077381,193.7133177310478,False,dwarf
284.3059390999484,-30.507195982407225,,,simbad,,,,,,,,,185.4949854786089,17.291054696025654,186.2991417323501,False,dwarf
284.3395004382308,-30.516286820171945,,,simbad,,,,,,,,,198.61118251762062,13.165763376291384,199.04707771361052,False,dwarf
284.37917490985916,-30.47999436496944,,,simbad,,,,,,,,,214.1164696702668,29.634757136113965,216.15753841718023,False,dwarf
284.4490427751599,-30.49945614403972,,,simbad,,,,,,,,,241.42171835456776,20.80328193624026,242.31636889114804,False,dwarf
284.52279729262915,-30.501748321762495,,,simbad,,,,,,,,,270.24592004471407,19.76312468035335,270.96759658295895,False,dwarf
284.177384862,-30.479170979470005,,,simbad,,,,,,,,,135.25435738025055,30.008397623549232,138.54329690850284,False,dwarf
284.23017016654046,-30.444486328737778,,,simbad,,,,,,,,,155.88352446799914,45.74779285827169,162.45779067797463,False,dwarf
284.35259101535996,-30.559139467919998,,,simbad,,,,,,,,,203.72714623561959,-6.280151330131378,203.82392012234206,False,dwarf
284.18088711578673,-30.61858023029,,,simbad,,,,,,,,,136.62308261882637,-33.25351367468588,140.61174515659485,False,dwarf
284.37961183702,-30.491300355081666,,,simbad,,,,,,,,,214.28722635121565,24.50426156705099,215.68373655017103,False,dwarf
284.50642197158993,-30.60780970004,,,simbad,,,,,,,,,263.8462367090822,-28.366002083433983,265.36666463544816,False,dwarf
284.22570170826,-30.43318453386,,,simbad,,,,,,,,,154.13719424796415,50.876384690331065,162.31660780645086,False,dwarf
284.40998009529,-30.592614080439997,,,simbad,,,,,,,,,226.15552718741253,-21.470448642017416,227.1724073084273,False,dwarf
284.4734808675,-30.546768821510007,,,simbad,,,,,,,,,250.97243506594606,-0.666530058317294,250.97332014628398,False,dwarf
284.14091806449,-30.480123890280005,,,simbad,,,,,,,,,121.00266999228288,29.575980414629388,124.5647813900376,False,dwarf
284.23419214957994,-30.442712885919995,,,simbad,,,,,,,,,157.45536649615062,46.552555681191876,164.1929745113584,False,dwarf
284.15273193495,-30.44740231635,,,simbad,,,,,,,,,125.61968053706698,44.42455965397585,133.2435575879165,False,dwarf
284.19749040885,-30.527030752930003,,,simbad,,,,,,,,,143.1118603153981,8.290321344025964,143.3517840521046,False,dwarf
284.21113161479,-30.42360220685,,,simbad,,,,,,,,,148.44301676253843,55.22470675484148,158.382756200672,False,dwarf
284.23963025022,-30.45230074622,,,simbad,,,,,,,,,159.58064525925246,42.20172268932676,165.06655548385993,False,dwarf
284.4719555217467,-30.586702994390006,,,simbad,,,,,,,,,250.37631058232915,-18.78808287955014,251.0802440637411,False,dwarf
284.29279149844,-30.508248770559998,,,simbad,,,,,,,,,180.35673590934204,16.81331458663715,181.13873063279806,False,dwarf
284.395175,-30.60971944444445,,,simbad,,,,,,,,,220.36950800751248,-29.232616604393247,222.29994586821778,False,dwarf
284.22567789151,-30.520186347680003,,,simbad,,,,,,,,,154.12788635973897,11.396213924811605,154.54863003449975,False,dwarf
284.1453242742999,-30.41212388845,,,simbad,,,,,,,,,122.72467271981694,60.43340242031814,136.79744669503995,False,dwarf
284.19501775588,-30.41918764778,,,simbad,,,,,,,,,142.14551614607691,57.2279701155185,153.23311758225535,False,dwarf
284.2705247980683,-30.509325825493047,,,simbad,,,,,,,,,171.65462674353589,16.324562561667033,172.42912232361564,False,dwarf
284.1921048579354,-30.550664770949446,,,simbad,,,,,,,,,141.0071186521028,-2.434455833762783,141.02813224947263,False,dwarf
284.15044105439836,-30.53919210719528,,,simbad,,,,,,,,,124.72437533631081,2.7716738348322334,124.75516814496957,False,dwarf
284.17408856709045,-30.51671884671528,,,simbad,,,,,,,,,133.96612348539523,12.969715949723959,134.59248037509633,False,dwarf
284.37748583536575,-30.561867391590006,,,simbad,,,,,,,,,213.456357916596,-7.518043824533471,213.5887115883364,False,dwarf
284.1624841938625,-30.609876536906114,,,simbad,,,,,,,,,129.43098711833173,-29.303902902230394,132.70681652322574,False,dwarf
284.3139550044279,-30.573929642828887,,,simbad,,,,,,,,,188.62770270563786,-12.99171980688607,189.07457526475403,False,dwarf
284.22496624156213,-30.548188447346675,,,simbad,,,,,,,,,153.84976452620478,-1.3107358282202775,153.85534788618833,False,dwarf
284.3167313065458,-30.591849420407772,,,simbad,,,,,,,,,189.71271681657856,-21.123456926278593,190.8850841591445,False,dwarf
284.46902436743,-30.5706171829,,,simbad,,,,,,,,,249.23077826637984,-11.48857317230112,249.4954271099988,False,dwarf
284.46141295598,-30.39375918813001,,,simbad,,,,,,,,,246.256142050044,68.76703907519222,255.67751790202527,False,dwarf
284.2070890845571,-30.392155133866382,,,simbad,,,,,,,,,146.86314463035646,69.49493581049725,162.47562695377462,False,dwarf
284.2233032949354,-30.486468915203886,,,simbad,,,,,,,,,153.1998638745141,26.696699437515292,155.50855941724456,False,dwarf
284.2303616529846,-30.544265008517783,,,simbad,,,,,,,,,155.95835980115316,0.4696642364638848,155.9590669899027,False,dwarf
284.23242301668165,-30.443564524295564,,,simbad,,,,,,,,,156.7639669015709,46.16609444525221,163.42046871504428,False,dwarf
284.23361983343165,-30.52530424637361,,,simbad,,,,,,,,,157.23169808024167,9.073785167149184,157.4933029003324,False,dwarf
284.24986349426706,-30.44522184,,,simbad,,,,,,,,,163.5799269368923,45.41402843478038,169.7669769871457,False,dwarf
284.2920000617495,-30.456250825701392,,,simbad,,,,,,,,,180.04743240392253,40.409233480018344,184.52637769621904,False,dwarf
284.29226991391033,-30.598683750777504,,,simbad,,,,,,,,,180.1528940539696,-24.22477767141995,181.7743246150306,False,dwarf
284.29260559837996,-30.46027473435833,,,simbad,,,,,,,,,180.28408380599097,38.58324165357785,184.36653007057427,False,dwarf
284.2943923718566,-30.550707776824442,,,simbad,,,,,,,,,180.98237756252874,-2.453971280789613,180.99901370790022,False,dwarf
284.29701202949536,-30.56185725651584,,,simbad,,,,,,,,,182.00617302251916,-7.513444673767022,182.16118925053422,False,dwarf
284.2975543483137,-30.450280104849437,,,simbad,,,,,,,,,182.2181181010965,43.118660657204934,187.25026424861554,False,dwarf
284.3017810151333,-30.439086898240838,,,simbad,,,,,,,,,183.86995314883768,48.197976695782295,190.08209970568754,False,dwarf
284.3110837497912,-30.44862202326583,,,simbad,,,,,,,,,187.50557994499644,43.87107421261982,192.56950346064312,False,dwarf
284.32107436831086,-30.4121668905475,,,simbad,,,,,,,,,191.41004048655762,60.41388868746655,200.71781571501626,False,dwarf
284.325262632692,-30.569411352599445,,,simbad,,,,,,,,,193.0468673738473,-10.941384739211246,193.35668310887843,False,dwarf
284.33888887054155,-30.472718386181107,,,simbad,,,,,,,,,198.37217410122224,32.93649157631706,201.0878711782549,False,dwarf
284.34193095992623,-30.51487079756,,,simbad,,,,,,,,,199.56106125000684,13.808334054680627,200.03821449061834,False,dwarf
284.3427937568657,-30.388246873591953,,,simbad,,,,,,,,,199.8982532465703,71.26844806565246,212.22276819586668,False,dwarf
284.3503851655033,-30.527585438915555,,,simbad,,,,,,,,,202.86507210989748,8.038612828198843,203.0242763276244,False,dwarf
284.259126362967,-30.38643627910722,,,simbad,,,,,,,,,167.19997361059492,72.090069780256,182.0791293265261,False,dwarf
284.26366020314913,-30.557914043178624,,,simbad,,,,,,,,,168.9718559077914,-5.724071221848481,169.06878209851814,False,dwarf
284.26788237477746,-30.61643791559334,,,simbad,,,,,,,,,170.62193417772448,-32.28136210285126,173.64887204287606,False,dwarf
284.2703626783879,-30.397650379310004,,,simbad,,,,,,,,,171.5912683144433,67.00127252938893,184.2083979690305,False,dwarf
284.27158441256586,-30.38895745722278,,,simbad,,,,,,,,,172.0687375402618,70.94599544246671,186.1208873501897,False,dwarf
284.2758057732712,-30.37546466285389,,,simbad,,,,,,,,,173.71849889120233,77.06883130529052,190.04663010897087,False,dwarf
284.2808718176508,-30.38680760645694,,,simbad,,,,,,,,,175.6983733447025,71.92156677401739,189.84896671618708,False,dwarf
284.2862461954262,-30.53695398859167,,,simbad,,,,,,,,,177.79874840338834,3.787299840593672,177.83908055850364,False,dwarf
284.2889929810825,-30.471336861746664,,,simbad,,,,,,,,,178.87222710643988,33.56340747833997,181.99388987428918,False,dwarf
284.35967998336116,-30.456886840482227,,,simbad,,,,,,,,,206.49760492008667,40.12061912757847,210.35903811558092,False,dwarf
284.37192323927957,-30.48355373208667,,,simbad,,,,,,,,,211.28242475276247,28.019567573558835,213.13225747506164,False,dwarf
284.37226811133326,-30.417504581604728,,,simbad,,,,,,,,,211.41720512925534,57.99172131899133,219.2265366378012,False,dwarf
284.3763261255054,-30.444315630134994,,,simbad,,,,,,,,,213.00312858145023,45.82525342709731,217.87676938385036,False,dwarf
284.3784168386333,-30.413812450712218,,,simbad,,,,,,,,,213.82020581201076,59.667157171702016,221.9893016756511,False,dwarf
284.4563908277387,-30.431595229526387,,,simbad,,,,,,,,,244.293430580861,51.59758811971238,249.68298164820413,False,dwarf
284.39290972385913,-30.385597530782505,,,simbad,,,,,,,,,219.48420933552853,72.47068169666449,231.13917420727577,False,dwarf
284.39312976233833,-30.480104424423608,,,simbad,,,,,,,,,219.57020316644588,29.584813740061165,221.55436200307236,False,dwarf
284.39973181441076,-30.620459762288057,,,simbad,,,,,,,,,222.15036892487436,-34.106418240514635,224.75327401098008,False,dwarf
284.4035042633542,-30.425539329385277,,,simbad,,,,,,,,,223.6246898606301,54.345668432207006,230.13355599000852,False,dwarf
284.40575799283204,-30.61256574341417,,,simbad,,,,,,,,,224.50547595012915,-30.524226105852925,226.57104208383572,False,dwarf
284.4067587829733,-30.478673979392216,,,simbad,,,,,,,,,224.8965974417021,30.233929104791724,226.91974354376612,False,dwarf
284.4078128795961,-30.391637317408062,,,simbad,,,,,,,,,225.30855178290952,69.72991346558288,235.85208147996002,False,dwarf
284.40806998070207,-30.45037175363056,,,simbad,,,,,,,,,225.40903015885294,43.07707175956721,229.48826764898806,False,dwarf
284.4253357035229,-30.36232230441251,,,simbad,,,,,,,,,232.15669381376316,83.03264438855429,246.55861476876748,False,dwarf
284.4314906427746,-30.400575906905832,,,simbad,,,,,,,,,234.56212220607122,65.6737102178564,243.58248169274174,False,dwarf
284.43508219317914,-30.4356459309525,,,simbad,,,,,,,,,235.96574569645776,49.759438120290156,241.15520899232584,False,dwarf
284.4359137184779,-30.395440653792214,,,simbad,,,,,,,,,236.29071633884854,68.00401416150991,245.8817776290163,False,dwarf
284.43747541826576,-30.355286942394727,,,simbad,,,,,,,,,236.9010484406587,86.22519040183518,252.10491905576941,False,dwarf
284.4420193842221,-30.432192402875003,,,simbad,,,,,,,,,238.67688801892612,51.32659945011176,244.13331744256294,False,dwarf
284.4421844347175,-30.597515783943894,,,simbad,,,,,,,,,238.7413918477388,-23.694771134605386,239.9143479671795,False,dwarf
284.44747780464456,-30.357267099725004,,,simbad,,,,,,,,,240.81010801093967,85.32662350869357,255.4802160630736,False,dwarf
284.4983517205567,-30.37558186387112,,,simbad,,,,,,,,,260.69228015897255,77.01564717071906,271.8305995350945,False,dwarf
284.50160077451994,-30.58635791247777,,,simbad,,,,,,,,,261.96205169233764,-18.631489675052126,262.6237783110481,False,dwarf
284.5017463424479,-30.44241502601333,,,simbad,,,,,,,,,262.0189414864753,46.68772021929946,266.145954162314,False,dwarf
284.50450727874414,-30.40682919446529,,,simbad,,,,,,,,,263.0979504392437,62.83605833620709,270.49750784907786,False,dwarf
284.5109769702866,-30.51881908758028,,,simbad,,,,,,,,,265.62638802234846,12.016656877065879,265.8980595196218,False,dwarf
284.51380758437745,-30.433467262103346,,,simbad,,,,,,,,,266.7326279417454,50.748086683227946,271.51733482545455,False,dwarf
284.51492483634246,-30.507735397805554,,,simbad,,,,,,,,,267.16926419242975,17.04627575286888,267.7125160431749,False,dwarf
284.5165768947595,-30.448195808476665,,,simbad,,,,,,,,,267.81490959355966,44.06448434880272,271.41574121913493,False,dwarf
284.5188763502362,-30.582412319722785,,,simbad,,,,,,,,,268.7135659838721,-16.84103647760238,269.2407863853631,False,dwarf
284.52177172461046,-30.54474686911583,,,simbad,,,,,,,,,269.8451150441303,0.2510028332032288,269.845231782224,False,dwarf
284.4574731063699,-30.428237556691382,,,simbad,,,,,,,,,244.7163988087206,53.12125172027837,250.4156209788798,False,dwarf
284.46269505537,-30.41293608464722,,,simbad,,,,,,,,,246.75720276704033,60.064839477162344,253.96240284505015,False,dwarf
284.46797724507076,-30.54566639474,,,simbad,,,,,,,,,248.82154955588706,-0.16626465894953313,248.82160510560487,False,dwarf
284.4705046046695,-30.52986090507389,,,simbad,,,,,,,,,249.80927377015885,7.006039039701983,249.9074985761732,False,dwarf
284.4734375177778,-30.39487009657305,,,simbad,,,,,,,,,250.95549344422224,68.26292481469042,260.07400214955965,False,dwarf
284.4759232252,-30.338487718761943,,,simbad,,,,,,,,,251.92693945917688,93.84843627027894,268.83956519761813,False,dwarf
284.4789340290463,-30.45575453890556,,,simbad,,,,,,,,,253.1035998223909,40.63444128417659,256.3446704371483,False,dwarf
284.48139863778874,-30.46362929703611,,,simbad,,,,,,,,,254.0668002054685,37.060989397591726,256.75563460569634,False,dwarf
284.48274534450087,-30.363848332168068,,,simbad,,,,,,,,,254.5931102840996,82.3401549594598,267.5771905878368,False,dwarf
284.48492608724916,-30.538300578469723,,,simbad,,,,,,,,,255.4453722331683,3.1762367373957545,255.46511831393713,False,dwarf
284.2715302174471,-30.5683935131275,,,simbad,,,,,,,,,172.04755739988636,-10.47950383811358,172.36641786601075,False,dwarf
284.32659033448874,-30.49036932527417,,,simbad,,,,,,,,,193.56575009028327,24.92674949200091,195.16414232192082,False,dwarf
284.4040603143946,-30.59032758622194,,,simbad,,,,,,,,,223.84200166591867,-20.432870478761078,224.77264937222003,False,dwarf
284.41454843453334,-30.534007668553897,,,simbad,,,,,,,,,227.94089215565745,5.124297462984151,227.99848407655304,False,dwarf
284.4570819617804,-30.522996590414998,,,simbad,,,,,,,,,244.56353453783663,10.120966223657879,244.7728669255235,False,dwarf
284.2127832257038,-30.38032710249611,,,simbad,,,,,,,,,149.08848727370565,74.8623261879473,166.82848953291077,False,dwarf
284.21707967002374,-30.572315345461114,,,simbad,,,,,,,,,150.7675922543713,-12.25917489836359,151.2651785553074,False,dwarf
284.2566041545129,-30.557559193848892,,,simbad,,,,,,,,,166.2142625290366,-5.563045703888658,166.30733160499886,False,dwarf
284.2974883792792,-30.532068465292216,,,simbad,,,,,,,,,182.19233656496914,6.0042799893098575,182.29124740698063,False,dwarf
283.80070349756,-30.710906150099998,,,simbad,,,,,,,,,-11.957501555235742,-75.14968710072046,76.09505446991713,False,dwarf
283.87640536603,-30.498006550400003,,,simbad,,,,,,,,,17.627749626297476,21.461086663794315,27.77257275943878,False,dwarf
283.42,-30.06408333333334,,,simbad,,,,,,,,,-160.74126117221937,218.3691964689367,271.15098932094037,False,dwarf
284.2043333333333,-30.939527777777773,,,simbad,,,,,,,,,145.78616206972288,-178.89489085111077,230.7747538697644,False,dwarf
283.33496802109,-30.58171151562,,,simbad,,,,,,,,,-193.972837953076,-16.523021663470416,194.6752991739368,False,dwarf
283.48524639365996,-30.519584750379998,,,simbad,,,,,,,,,-135.2421422715719,11.669210119872764,135.744640818803,False,dwarf
283.76648353465,-30.475012869509996,,,simbad,,,,,,,,,-25.331097459488248,31.895288069565098,40.73050330578587,False,dwarf
283.652092,-30.434692,,,simbad,,,,,,,,,-70.03676132301197,50.19231825519266,86.16505526283316,False,dwarf
283.763252,-30.507818,,,simbad,,,,,,,,,-26.594022222809837,17.008792066043775,31.56803803743934,False,dwarf
284.00143333333335,-30.51388888888889,,,simbad,,,,,,,,,66.49026639299593,14.253910075565424,68.00095203343751,False,dwarf
283.18721267114086,-30.592119130052218,,,simbad,,,,,,,,,-251.71750436632715,-21.24584728059764,252.61252548336236,False,dwarf
283.27684762692,-30.661172229249996,,,simbad,,,,,,,,,-216.68702579337057,-52.581149712991774,222.97543463869937,False,dwarf
283.3840591013179,-30.53999758501805,,,simbad,,,,,,,,,-174.78742062230873,2.4061595932935997,174.8039816817348,False,dwarf
283.41799731008,-30.45006500814001,,,simbad,,,,,,,,,-161.52393781573264,43.216268447736624,167.2053478392587,False,dwarf
283.580957,-30.486221,,,simbad,,,,,,,,,-97.83722233318282,26.80919978842877,101.44385278156847,False,dwarf
283.60363918616997,-30.550695075870003,,,simbad,,,,,,,,,-88.97273604312642,-2.4482077704881533,89.0064125795851,False,dwarf
283.62420724686,-30.4191383418,,,simbad,,,,,,,,,-80.93447682797921,57.25034445950805,99.13622688074743,False,dwarf
283.6617541316916,-30.979080288515554,,,simbad,,,,,,,,,-66.26067760376422,-196.8432508860314,207.69627540206656,False,dwarf
283.6815071221463,-30.003386665351666,,,simbad,,,,,,,,,-58.54095818338708,245.91247070195666,252.7844675445265,False,dwarf
283.73633024941,-30.523842147710003,,,simbad,,,,,,,,,-37.115384106615245,9.737264494543263,38.37142240285445,False,dwarf
283.90989140804,-30.45745780429,,,simbad,,,,,,,,,30.714519926200673,39.861523970338375,50.32219021003397,False,dwarf
283.96086636713994,-30.90320371449,,,simbad,,,,,,,,,50.63618103471103,-162.41155379717443,170.12211977456815,False,dwarf
284.01600670998,-30.50167506989,,,simbad,,,,,,,,,72.18572698554495,19.796365325670084,74.8510204375266,False,dwarf
284.01780650674,-30.588017855239997,,,simbad,,,,,,,,,72.88911040654364,-19.384747806535874,75.4227476520201,False,dwarf
284.0333689976846,-31.060817621405832,,,simbad,,,,,,,,,78.9711294228838,-233.93447598511673,246.90439108439733,False,dwarf
284.17660119532,-30.37110588195,,,simbad,,,,,,,,,134.948090493593,79.0467833370836,156.3949522325027,False,dwarf
284.1946051165446,-30.272456426289995,,,simbad,,,,,,,,,141.9842514556449,123.81248630783203,188.38540131110716,False,dwarf
283.663311,-30.504333,,,simbad,,,,,,,,,-65.65223370547515,18.59023490127654,68.23351540264483,False,dwarf
283.78671097081,-30.462924042880008,,,simbad,,,,,,,,,-17.425958634669744,37.38102358186346,41.243241365889915,False,dwarf
283.77854599999995,-30.482585999999998,,,simbad,,,,,,,,,-20.616932875972072,28.45871046449,35.14194249773354,False,dwarf
283.78757096788,-30.460151441280004,,,simbad,,,,,,,,,-17.089860862653854,38.63919027778273,42.24985644505277,False,dwarf
283.732391,-30.514062999999993,,,simbad,,,,,,,,,-38.65489278210749,14.174900959583958,41.17193890516015,False,dwarf
283.76407340225,-30.46018966625,,,simbad,,,,,,,,,-26.27300779638718,38.621844336628186,46.71100297180269,False,dwarf
283.757095,-30.488188000000005,,,simbad,,,,,,,,,-29.00025598173205,25.916603502371906,38.8932537094178,False,dwarf
283.65970416666664,-30.589777777777773,,,simbad,,,,,,,,,-67.06182995844092,-20.18337532100589,70.033261217249,False,dwarf
283.761708,-30.471167,,,simbad,,,,,,,,,-27.197437022853187,33.64048829390298,43.25948489365412,False,dwarf
283.75121354483997,-30.47983905043001,,,simbad,,,,,,,,,-31.2988033193281,29.705236638435384,43.15108542050162,False,dwarf
283.76189999999997,-30.4915,,,simbad,,,,,,,,,-27.12240098554612,24.413665576895394,36.4918032182741,False,dwarf
283.80062300000003,-30.442166999999994,,,simbad,,,,,,,,,-11.988961023517698,46.800270853943445,48.311494889165814,False,dwarf
283.818898,-30.594693999999997,,,simbad,,,,,,,,,-4.846859034921127,-22.414286198981557,22.932341099727513,False,dwarf
283.2916216773925,-30.611348397410833,,,simbad,,,,,,,,,-210.91313932225088,-29.97181201260357,213.03206766608182,False,dwarf
283.86949500000003,-30.513850999999995,,,simbad,,,,,,,,,14.927090859409114,14.271103507953242,20.6514512046919,False,dwarf
283.63168799999994,-30.479348999999996,,,simbad,,,,,,,,,-78.0109035378657,29.92761446955372,83.5545521119731,False,dwarf
283.780081,-30.452243999999993,,,simbad,,,,,,,,,-20.017035390181526,42.22747330713395,46.731586830713226,False,dwarf
283.90139644796,-30.473527912240005,,,simbad,,,,,,,,,27.394581689229494,32.569140303497775,42.558336504576765,False,dwarf
283.798018,-30.426447000000007,,,simbad,,,,,,,,,-13.00702809222925,53.93378057269005,55.4800456619776,False,dwarf
283.730055,-30.457176000000004,,,simbad,,,,,,,,,-39.56783123604002,39.98940270071172,56.25624940469667,False,dwarf
283.76812916666665,-30.45678888888889,,,simbad,,,,,,,,,-24.687963577193557,40.16506815067267,47.145818957114486,False,dwarf
283.848744,-30.364588000000005,,,simbad,,,,,,,,,6.817336639658286,82.00450434446039,82.28739157148591,False,dwarf
283.75039615455,-30.50928078858,,,simbad,,,,,,,,,-31.61824982084547,16.34499966452463,35.593155743298524,False,dwarf
283.31452948834,-30.628280477509996,,,simbad,,,,,,,,,-201.96047600498545,-37.65534623309086,205.44088923117096,False,dwarf
283.38764788042,-30.63801627882,,,simbad,,,,,,,,,-173.38488019213185,-42.07331272575887,178.41659206183547,False,dwarf
283.56454096826,-30.523967688680006,,,simbad,,,,,,,,,-104.25281592746241,9.680295809452844,104.70127867301272,False,dwarf
283.71879571836956,-30.42734227698389,,,simbad,,,,,,,,,-43.96810142609989,53.527516764450446,69.27040489259703,False,dwarf
283.68527732195,-30.1840527472,,,simbad,,,,,,,,,-57.067516239967745,163.92880335375182,173.578091874499,False,dwarf
283.73063560724,-30.69338597451,,,simbad,,,,,,,,,-39.34092255623556,-67.19928361182271,77.86817004089609,False,dwarf
283.76463242614,-30.5099821827,,,simbad,,,,,,,,,-26.05453416375603,16.026717109071996,30.589122442210584,False,dwarf
283.88007750694,-30.571237702150007,,,simbad,,,,,,,,,19.062868909238126,-11.770155875901134,22.40378406416665,False,dwarf
283.92801253422,-30.568001636130003,,,simbad,,,,,,,,,37.796486072652186,-10.301675697515611,39.17523301292507,False,dwarf
283.96277634622993,-30.391691075300006,,,simbad,,,,,,,,,51.38262510895573,69.70551890803533,86.59696027763306,False,dwarf
283.936538306,-30.116894765900003,,,simbad,,,,,,,,,41.12846591312212,194.40412856337286,198.70711087138088,False,dwarf
283.774243,-30.547406999999996,,,simbad,,,,,,,,,-22.298599899591316,-0.9561262708266405,22.319089025491582,False,dwarf
283.75813700000003,-30.469052999999995,,,simbad,,,,,,,,,-28.593029154235495,34.59979106397215,44.88548604933991,False,dwarf
284.14689901123995,-30.68185566201,,,simbad,,,,,,,,,123.34009990618956,-61.96699377219272,138.03147670742277,False,dwarf
283.76214881257,-30.488964370290002,,,simbad,,,,,,,,,-27.02516187468211,25.56429784021774,37.20070830530157,False,dwarf
283.79516,-30.380029999999998,,,simbad,,,,,,,,,-14.123970772586041,74.99714702404736,76.31552012619348,False,dwarf
284.0004490320671,-29.985291273331942,,,simbad,,,,,,,,,66.10558896310044,254.12389912672185,262.5812350483688,False,dwarf
283.7525958333334,-30.47641944444444,,,simbad,,,,,,,,,-30.758587428889463,31.25700461123193,43.85306189865437,False,dwarf
283.6124419732308,-30.159918483729165,,,simbad,,,,,,,,,-85.5324951143961,174.88058471660884,194.67672339372572,False,dwarf
283.78976542304173,-30.906653518232783,,,simbad,,,,,,,,,-16.23223992834462,-163.977025077513,164.77848878528613,False,dwarf
283.89083094587,-31.084802264962786,,,simbad,,,,,,,,,23.265449350647764,-244.81836198475483,245.92135226203112,False,dwarf
284.0081376144975,-30.931276310063335,,,simbad,,,,,,,,,69.11038457820355,-175.15049357789803,188.2921683372107,False,dwarf
284.08661366744707,-30.75188490582945,,,simbad,,,,,,,,,99.77982227073055,-93.7452565828052,136.9094082382747,False,dwarf
283.6720099999999,-30.477979999999995,,,simbad,,,,,,,,,-62.25255407767071,30.54884696350846,69.34416010013516,False,dwarf
283.77683,-30.553879000000002,,,simbad,,,,,,,,,-21.28756745938538,-3.8930267097452287,21.64061425423671,False,dwarf
283.84256,-30.48031806,,,simbad,,,,,,,,,4.400550937997535,29.48786899066902,29.814413731763544,False,dwarf
283.87152111,-30.45546694,,,simbad,,,,,,,,,15.718920367485442,40.76494952768006,43.690566115737745,False,dwarf
283.76605194,-30.49074,,,simbad,,,,,,,,,-25.49977012750257,24.758542637090653,35.541858562378366,False,dwarf
283.72674611,-30.44382889,,,simbad,,,,,,,,,-40.86098745212088,46.04612909398753,61.5618899978107,False,dwarf
283.68951389,-30.37890389,,,simbad,,,,,,,,,-55.411811665703915,75.50815953227708,93.658694353633,False,dwarf
283.68103,-30.39407194,,,simbad,,,,,,,,,-58.72742357488257,68.62511677849147,90.32340191005466,False,dwarf
283.39445504602077,-30.657035620864168,,,simbad,,,,,,,,,-170.72455346304076,-50.70401637183464,178.0948354989272,False,dwarf
283.6132548553454,-30.804833702676117,,,simbad,,,,,,,,,-85.21481046501528,-117.77265842134699,145.36836999230525,False,dwarf
283.6979662067646,-31.121109439101673,,,simbad,,,,,,,,,-52.10853897771468,-261.2940349860362,266.4392473973681,False,dwarf
284.01657574513126,-30.95840728136916,,,simbad,,,,,,,,,72.40811314617416,-187.46213782021547,200.96016512113692,False,dwarf
283.340525116237,-30.93737666223806,,,simbad,,,,,,,,,-191.80105462610805,-177.91874558337972,261.6156046294844,False,dwarf
283.36312403210667,-30.877459226793334,,,simbad,,,,,,,,,-182.96911142645928,-150.72907585897966,237.05895900701606,False,dwarf
284.1356428863446,-30.100227626393607,,,simbad,,,,,,,,,118.94106340828944,201.96743655654313,234.3881865493993,False,dwarf
284.08793097180705,-30.700605929488326,,,simbad,,,,,,,,,100.29464153689304,-70.47559525347857,122.57987048184543,False,dwarf
283.7870206121979,-30.62712203239861,,,simbad,,,,,,,,,-17.30494684959898,-37.12966051675992,40.964287807275326,False,dwarf
283.75881325954833,-30.822887382968613,,,simbad,,,,,,,,,-28.328738338106998,-125.96515866471503,129.1113419233793,False,dwarf
283.78913982388,-30.507289758789998,,,simbad,,,,,,,,,-16.47673202228966,17.248500323385763,23.853583830112076,False,dwarf
283.8009104712,-30.04420803919,,,simbad,,,,,,,,,-11.876613629335075,227.38831885663103,227.69826855675782,False,dwarf
283.21257602041,-30.45070982652,,,simbad,,,,,,,,,-241.80518550157504,42.9236591487232,245.58539909808744,False,dwarf
283.3646114981,-30.148155674229994,,,simbad,,,,,,,,,-182.38779083391523,180.218378347788,256.40586993979383,False,dwarf
283.44474000491,-30.81498856223,,,simbad,,,,,,,,,-151.0725531959571,-122.38078751296099,194.42215275384078,False,dwarf
283.37792748557,-30.402989915650007,,,simbad,,,,,,,,,-177.18373389327638,64.5782677981539,188.58533407498436,False,dwarf
283.47500955252,-30.524882722719997,,,simbad,,,,,,,,,-139.2428297387581,9.26506653354453,139.55073303830326,False,dwarf
283.680119,-30.548107000000005,,,simbad,,,,,,,,,-59.08345393941022,-1.2737761946928217,59.097182971818334,False,dwarf
283.72408644014746,-31.0243859159111,,,simbad,,,,,,,,,-41.90042019318951,-217.4022924471175,221.40325646572555,False,dwarf
283.7242718113549,-31.0242640121046,,,simbad,,,,,,,,,-41.82797477215082,-217.34697425446913,221.3352359908213,False,dwarf
283.30249999999995,-30.838055555555556,,,simbad,,,,,,,,,-206.66175275439798,-132.84825704669046,245.6781216385852,False,dwarf
283.65897369102,-30.51693789725,,,simbad,,,,,,,,,-67.34730911403895,12.870313970186453,68.56606322805102,False,dwarf
283.34872689373,-30.787573609220004,,,simbad,,,,,,,,,-188.5956958658915,-109.94027646105864,218.30071206359784,False,dwarf
283.7079166666667,-30.99138888888889,,,simbad,,,,,,,,,-48.21977293370798,-202.42871655953155,208.09260388038186,False,dwarf
283.25893593889,-30.575750954870003,,,simbad,,,,,,,,,-223.68714085213045,-13.818204994301642,224.11354214296242,False,dwarf
283.65867599999996,-30.522350000000003,,,simbad,,,,,,,,,-67.46365054364308,10.414379646648708,68.26275300703396,False,dwarf
283.68541099999993,-30.51458,,,simbad,,,,,,,,,-57.01527316110547,13.940293801529835,58.69474563287965,False,dwarf
283.695746,-30.526464000000004,,,simbad,,,,,,,,,-52.97622396533785,8.547505665544852,53.66134697087055,False,dwarf
283.14077545967,-30.57795168166,,,simbad,,,,,,,,,-269.8657560977732,-14.816863133281455,270.2722067607641,False,dwarf
283.45887703451,-30.66584172014,,,simbad,,,,,,,,,-145.54762256834653,-54.700097463975524,155.48701263406625,False,dwarf
283.52232647503,-31.0508279599,,,simbad,,,,,,,,,-120.75077576588387,-229.40131138976682,259.24064402675657,False,dwarf
283.69783963799,-30.82726399446,,,simbad,,,,,,,,,-52.15800366153775,-127.95120196045428,138.1736857331451,False,dwarf
283.57202884851,-30.57621248975,,,simbad,,,,,,,,,-101.32645727225533,-14.027642879289148,102.29284289770744,False,dwarf
283.45569174061,-30.56835530294,,,simbad,,,,,,,,,-146.79247585959178,-10.462164605041568,147.1648322705252,False,dwarf
283.4150185164,-30.65335182982,,,simbad,,,,,,,,,-162.68808819964966,-49.03236502225394,169.91641139611127,False,dwarf
283.46046992552,-30.772681340650006,,,simbad,,,,,,,,,-144.9251005409814,-103.18237935047736,177.90415446312483,False,dwarf
283.26088790161,-30.747518414099993,,,simbad,,,,,,,,,-222.9242890423367,-91.76380548936125,241.07226021033736,False,dwarf
283.42383698952,-30.89449295738,,,simbad,,,,,,,,,-159.24171695985427,-158.45873760748842,224.64882805054026,False,dwarf
283.63355532661,-30.796924990029993,,,simbad,,,,,,,,,-77.28112859421626,-114.18379846435455,137.87789042679805,False,dwarf
283.76562528294,-30.91707050229,,,simbad,,,,,,,,,-25.666513122673408,-168.70410249559353,170.6453752514849,False,dwarf
283.70601536153,-30.57492763475,,,simbad,,,,,,,,,-48.96282711688951,-13.444594175111124,50.77514698956412,False,dwarf
283.50893052991,-30.60607477663,,,simbad,,,,,,,,,-125.98608117114418,-27.578718813298543,128.969292392589,False,dwarf
283.33244389933,-30.62787460962,,,simbad,,,,,,,,,-194.95929677889748,-37.471169226868554,198.52762005260337,False,dwarf
283.5786976247637,-30.97125371989806,,,simbad,,,,,,,,,-98.72021485675064,-193.29166670680874,217.04227523609092,False,dwarf
283.45302860091914,-31.007491664684444,,,simbad,,,,,,,,,-147.8332646575321,-209.7359244244459,256.60053026734147,False,dwarf
283.64783411112876,-30.931553820425002,,,simbad,,,,,,,,,-71.70079834486741,-175.27642378540386,189.37483787000804,False,dwarf
283.5390575059446,-30.744618896462224,,,simbad,,,,,,,,,-114.21207649545899,-90.4480461223951,145.6888721377288,False,dwarf
283.5987707163925,-31.028245762921113,,,simbad,,,,,,,,,-90.87539583405022,-219.15383545976397,237.24826904473005,False,dwarf
283.4267396519225,-30.83518101693861,,,simbad,,,,,,,,,-158.10731964564525,-131.54383279981374,205.67378168642594,False,dwarf
283.5251992942708,-30.55549288174083,,,simbad,,,,,,,,,-119.62804153809591,-4.625383012741846,119.71742767974494,False,dwarf
283.68713633060537,-30.541803841049724,,,simbad,,,,,,,,,-56.340992058621374,1.5865066062397126,56.363324860775194,False,dwarf
283.49481925145,-31.041319711439996,,,simbad,,,,,,,,,-131.50094792634223,-225.08660510492408,260.68463534160696,False,dwarf
283.75875618193,-30.84082950081,,,simbad,,,,,,,,,-28.35104499592131,-134.1070334736534,137.0710698122122,False,dwarf
283.4133788194,-30.68503067051,,,simbad,,,,,,,,,-163.32890260207247,-63.40776692689065,175.2052377409196,False,dwarf
283.63862762734993,-30.566117945,,,simbad,,,,,,,,,-75.29880907566547,-9.446883777475934,75.88909184671179,False,dwarf
283.15413570440757,-30.55488060226639,,,simbad,,,,,,,,,-264.64440285517685,-4.347539400686884,264.6801108157046,False,dwarf
283.15644779684953,-30.638046275031666,,,simbad,,,,,,,,,-263.74080777842494,-42.08692457483232,267.0777469348274,False,dwarf
283.243882678985,-30.623643219528887,,,simbad,,,,,,,,,-229.5701459138288,-35.55102531218779,232.3065373502099,False,dwarf
283.2536462692621,-30.51561605461472,,,simbad,,,,,,,,,-225.75441089145184,13.470147130837606,226.15591723559407,False,dwarf
283.1977999355929,-30.530185153099996,,,simbad,,,,,,,,,-247.57986702039065,6.85889995283695,247.6748575499688,False,dwarf
283.20055832050036,-30.789174114855278,,,simbad,,,,,,,,,-246.50185518273523,-110.66656287989728,270.2040946177175,False,dwarf
283.20113163016873,-30.592621465235275,,,simbad,,,,,,,,,-246.27779848656127,-21.473799755813204,247.21221269051424,False,dwarf
283.2109251101275,-30.560405150196104,,,simbad,,,,,,,,,-242.4503821971512,-6.854499728187413,242.54725723880784,False,dwarf
283.2885042970846,-30.793940005734182,,,simbad,,,,,,,,,-212.1314511195951,-112.82925555821689,240.27108328703767,False,dwarf
283.29213253859496,-30.659468896591935,,,simbad,,,,,,,,,-210.71348827930524,-51.8082018713546,216.9890871080293,False,dwarf
283.29864329208203,-30.523794491148053,,,simbad,,,,,,,,,-208.16900316698977,9.758890356364125,208.39762431593536,False,dwarf
283.3105289884453,-30.85650888397417,,,simbad,,,,,,,,,-203.5239221474406,-141.2221118569632,247.72095543901426,False,dwarf
283.31284718755916,-30.649920819476666,,,simbad,,,,,,,,,-202.61794050578658,-47.47542191606402,208.10561141140516,False,dwarf
283.3162866452708,-30.754320918022223,,,simbad,,,,,,,,,-201.27375677052015,-94.85068385075279,222.50343231391727,False,dwarf
283.3168514256225,-30.54618269399667,,,simbad,,,,,,,,,-201.05303343958428,-0.40055382976667,201.05343244677306,False,dwarf
283.3179891359687,-30.856419828777504,,,simbad,,,,,,,,,-200.60840179383678,-141.18169989062014,245.30797633644647,False,dwarf
283.3182753326117,-30.84063733688249,,,simbad,,,,,,,,,-200.4965525126737,-134.01983224945036,241.1642241412232,False,dwarf
283.321581882165,-30.85532396838666,,,simbad,,,,,,,,,-199.20431097284694,-140.68441421959665,243.87386476307327,False,dwarf
283.3264204480704,-30.652663642337505,,,simbad,,,,,,,,,-197.31333799473015,-48.720075448799975,203.23926565100402,False,dwarf
283.330204131965,-30.90203234707694,,,simbad,,,,,,,,,-195.8346262974432,-161.8800041263553,254.0793903350054,False,dwarf
283.3326372034771,-30.907884888661943,,,simbad,,,,,,,,,-194.88375106434455,-164.5358032533273,255.05236125377675,False,dwarf
283.33704127365957,-30.580322502344455,,,simbad,,,,,,,,,-193.1625845303701,-15.892707433152298,193.81527858248987,False,dwarf
283.3466079948646,-30.59697960465639,,,simbad,,,,,,,,,-189.42378844045842,-23.451460691958026,190.8699626335218,False,dwarf
283.3469583068221,-30.612354459575,,,simbad,,,,,,,,,-189.2868820804908,-30.428348540958883,191.71700008784748,False,dwarf
283.34853499325004,-30.740724856478057,,,simbad,,,,,,,,,-188.6706930094939,-88.68098683026604,208.47289470305847,False,dwarf
283.3550455994666,-30.56780320467555,,,simbad,,,,,,,,,-186.12626545236753,-10.211630359801216,186.40618038533594,False,dwarf
283.3613837766954,-30.918717485351397,,,simbad,,,,,,,,,-183.64922533253716,-169.45147970139018,249.88165586579512,False,dwarf
283.36366268791414,-30.654911605878326,,,simbad,,,,,,,,,-182.75859789903475,-49.74016894535471,189.4064135997868,False,dwarf
283.25555474641453,-30.572152201916385,,,simbad,,,,,,,,,-225.00855379347232,-12.18514270613369,225.33825015518065,False,dwarf
283.25641902582873,-30.662730993714725,,,simbad,,,,,,,,,-224.6707824269555,-53.28849458947982,230.90392835972582,False,dwarf
283.2569271145575,-30.59055346534166,,,simbad,,,,,,,,,-224.47221490190248,-20.53537117187765,225.40957551118512,False,dwarf
283.25776078803835,-30.871530680025003,,,simbad,,,,,,,,,-224.14640472269662,-148.0387866738666,268.62072353037377,False,dwarf
283.2579752757529,-30.74763630244528,,,simbad,,,,,,,,,-224.06258020106324,-91.8173015235113,242.14552794841637,False,dwarf
283.2672006916541,-30.82065002700333,,,simbad,,,,,,,,,-220.4571705565279,-124.94987873325059,253.40449136754475,False,dwarf
283.2672652669858,-30.783783174187782,,,simbad,,,,,,,,,-220.43193369715775,-108.2202316047829,245.56436207654602,False,dwarf
283.27006355357037,-30.568437307248608,,,simbad,,,,,,,,,-219.3383277775865,-10.49937697987846,219.5894782297949,False,dwarf
283.36480632638995,-30.65425591093416,,,simbad,,,,,,,,,-182.31164946498026,-49.442624018082086,188.89708997344366,False,dwarf
283.27611239630164,-30.573490881642496,,,simbad,,,,,,,,,-216.97436325228608,-12.792616296241732,217.35115674971198,False,dwarf
283.2793043547466,-30.73638084140973,,,simbad,,,,,,,,,-215.72690537224634,-86.7097353221049,232.50091591457357,False,dwarf
283.281042345787,-30.817922106833056,,,simbad,,,,,,,,,-215.04767641106824,-123.71198782697546,248.0930451703579,False,dwarf
283.28154403268957,-30.90242215219389,,,simbad,,,,,,,,,-214.8516108009661,-162.05689207738328,269.1164263540048,False,dwarf
283.2836306105171,-30.580571961232224,,,simbad,,,,,,,,,-214.03614969829866,-16.005908285590564,214.6337868969358,False,dwarf
283.2864128285537,-30.83096791188361,,,simbad,,,,,,,,,-212.94882357124058,-129.63198637131822,249.3023332240374,False,dwarf
283.3954962840229,-30.810644959710277,,,simbad,,,,,,,,,-170.31762443399705,-120.40972321341737,208.58234497955922,False,dwarf
283.4026039242817,-30.950314926953055,,,simbad,,,,,,,,,-167.5398683942167,-183.78994387143365,248.6932869415984,False,dwarf
283.4064417664308,-30.85460027771417,,,simbad,,,,,,,,,-166.039990963574,-140.35601380957297,217.41455611733264,False,dwarf
283.4071359197879,-30.7462600811175,,,simbad,,,,,,,,,-165.7687070198246,-91.19279209495734,189.19669541801875,False,dwarf
283.40716265142873,-30.546724892018332,,,simbad,,,,,,,,,-165.758259955238,-0.646595487338697,165.75952108133188,False,dwarf
283.42340278902077,-30.59548006378083,,,simbad,,,,,,,,,-159.4114080268405,-22.770990627742016,161.02954705043587,False,dwarf
283.4235319774774,-30.814662490432777,,,simbad,,,,,,,,,-159.36091953802472,-122.23282082501608,200.8401482842643,False,dwarf
283.4252908711996,-30.556117828745553,,,simbad,,,,,,,,,-158.6735215434334,-4.908974967697155,158.74943928791654,False,dwarf
283.42561559953253,-30.7274796469786,,,simbad,,,,,,,,,-158.5466135887184,-82.67050141733678,178.80559411003972,False,dwarf
283.4411805534454,-30.870456378831115,,,simbad,,,,,,,,,-152.4636320131147,-147.55128425608865,212.17101727675137,False,dwarf
283.44705931280794,-30.746171908723895,,,simbad,,,,,,,,,-150.16613822741806,-91.15278073193478,175.6664410332839,False,dwarf
283.4527198210387,-30.684975802353055,,,simbad,,,,,,,,,-147.95393975454223,-63.38286854706765,160.95886528596543,False,dwarf
283.36634580931417,-30.797028289595836,,,simbad,,,,,,,,,-181.70999999550773,-114.2306743203898,214.63264209821017,False,dwarf
283.3688341620021,-30.695030087518614,,,simbad,,,,,,,,,-180.73752017713758,-67.94535842897665,193.08708639322134,False,dwarf
283.3693157588887,-30.61698122030945,,,simbad,,,,,,,,,-180.5493060002916,-32.5279059624326,183.4560344155727,False,dwarf
283.3755831457025,-30.607013497831392,,,simbad,,,,,,,,,-178.09993167329264,-28.00469698208485,180.2882378722747,False,dwarf
283.3761309835308,-30.81407415549611,,,simbad,,,,,,,,,-177.88582969555478,-121.96584289953338,215.68271891987447,False,dwarf
283.6779448870004,-30.92783830531861,,,simbad,,,,,,,,,-59.93312489851473,-173.5903765130369,183.64530562483452,False,dwarf
283.38503946874545,-30.91024271765333,,,simbad,,,,,,,,,-174.40428058654544,-165.60575210989347,240.503883999394,False,dwarf
283.3853450277071,-30.76981412434833,,,simbad,,,,,,,,,-174.28486426545814,-101.88127786486922,201.8786979634252,False,dwarf
283.4677225412729,-30.879964756359996,,,simbad,,,,,,,,,-142.09068623774428,-151.8660491105317,207.97370023143674,False,dwarf
283.47067007579165,-30.981217283730825,,,simbad,,,,,,,,,-140.938752330901,-197.81298855378338,242.88620864341038,False,dwarf
283.47250697699747,-30.743489125762785,,,simbad,,,,,,,,,-140.2208680214596,-89.93537244145288,166.5841020171926,False,dwarf
283.47523835068415,-30.72943992481333,,,simbad,,,,,,,,,-139.15341251177122,-83.56004728155386,162.31436694071996,False,dwarf
283.18371059308,-30.65628532735999,,,simbad,,,,,,,,,-253.0861609290102,-50.36354397972542,258.0486221935366,False,dwarf
283.29715500068,-30.45849626444,,,simbad,,,,,,,,,-208.75064633975018,39.390285702363585,212.43452392437837,False,dwarf
283.1498796272,-30.482112678020002,,,simbad,,,,,,,,,-266.30773185588373,28.673497165786266,267.846929207601,False,dwarf
283.1548807353429,-30.66090857430361,,,simbad,,,,,,,,,-264.35323530799724,-52.461506893497265,269.50852068782876,False,dwarf
283.16632912868704,-30.61457146221278,,,simbad,,,,,,,,,-259.8790578595755,-31.434392425380373,261.77327163240597,False,dwarf
283.2333213704217,-30.64566536336806,,,simbad,,,,,,,,,-233.69763936896516,-45.54435718906213,238.09425679421958,False,dwarf
283.2355404119733,-30.67064035983083,,,simbad,,,,,,,,,-232.8304097613743,-56.87765108174459,239.67700536811233,False,dwarf
283.2440792365121,-30.705655394139438,,,simbad,,,,,,,,,-229.49332873708445,-72.76696962772688,240.75344193516744,False,dwarf
283.25074098860125,-30.567746304913047,,,simbad,,,,,,,,,-226.88983145426639,-10.185810066621226,227.11835316428898,False,dwarf
283.25393973519374,-30.6062241560425,,,simbad,,,,,,,,,-225.63972068002104,-27.646505040451963,227.32710526795887,False,dwarf
283.21501042510255,-30.67081671007945,,,simbad,,,,,,,,,-240.85378924461884,-56.957676286097495,247.4969185291064,False,dwarf
283.22570365064877,-30.694133944818606,,,simbad,,,,,,,,,-236.67474095796737,-67.53870177122323,246.12275239088154,False,dwarf
283.29571167082076,-30.700074085380272,,,simbad,,,,,,,,,-209.31471797082088,-70.23425205286316,220.78383392048747,False,dwarf
283.2964435202824,-30.62666541157694,,,simbad,,,,,,,,,-209.02870191088218,-36.92245256070636,212.26461251382918,False,dwarf
283.3083917446842,-30.61416720369167,,,simbad,,,,,,,,,-204.3591841401253,-31.250945727593127,206.7348489038232,False,dwarf
283.3126492795233,-30.61591681723973,,,simbad,,,,,,,,,-202.6952854784973,-32.04489517092157,205.21270443548292,False,dwarf
283.2662117205033,-30.50127328832112,,,simbad,,,,,,,,,-220.84367303657652,19.97868801819047,221.74552057530835,False,dwarf
283.2718156595467,-30.505713543642777,,,simbad,,,,,,,,,-218.6535825202445,17.963764068394283,219.39025951131538,False,dwarf
283.27786599560454,-30.582929919247224,,,simbad,,,,,,,,,-216.28903438395034,-17.07591569121614,216.96205495762428,False,dwarf
284.2834771853717,-30.13747436374361,,,simbad,,,,,,,,,176.71658412339906,185.06540329458377,255.8866049656162,False,dwarf
283.99705609269995,-30.06835173479,,,simbad,,,,,,,,,64.77958518737967,216.43225732933024,225.91882761230505,False,dwarf
284.02044395865994,-29.98308143904001,,,simbad,,,,,,,,,73.91986009750691,255.12669011898325,265.6196034329972,False,dwarf
283.82315000000006,-30.535008333333334,,,simbad,,,,,,,,,-3.185123458661542,4.670210190126811,5.652952738780006,False,dwarf
283.62769418343294,-30.160361883914725,,,simbad,,,,,,,,,-79.57173775101786,174.67937609491747,191.94933154774566,False,dwarf
283.64189312599,-30.869400780319996,,,simbad,,,,,,,,,-74.02261075384412,-147.0722688465369,164.64992914205322,False,dwarf
283.72426721565,-30.88806032135,,,simbad,,,,,,,,,-41.82977083197718,-155.5396999715355,161.06622239032927,False,dwarf
283.93560504118,-30.90159825252,,,simbad,,,,,,,,,40.76373417430546,-161.6830182649813,166.74255731248613,False,dwarf
284.08091090476,-30.202493479719998,,,simbad,,,,,,,,,97.55111021994286,155.5606643809586,183.61737229300687,False,dwarf
284.14989519023,-30.80239298185,,,simbad,,,,,,,,,124.51104468994627,-116.6650944433667,170.6275022124554,False,dwarf
284.36094944237993,-30.474079281860003,,,simbad,,,,,,,,,206.99372561953857,32.31893670662256,209.50158976891677,False,dwarf
283.747004,-30.490562,,,simbad,,,,,,,,,-32.94394688006746,24.83931647487192,41.258881213328486,False,dwarf
283.93637083333334,-30.35935277777778,,,simbad,,,,,,,,,41.063015469051415,84.38017283059729,93.84127453489229,False,dwarf
283.793722,-30.489238999999998,,,simbad,,,,,,,,,-14.6859594270073,25.439674830973978,29.374384415633216,False,dwarf
283.80379800000003,-30.477738999999996,,,simbad,,,,,,,,,-10.748130719079983,30.658209294437853,32.48766090527273,False,dwarf
283.76172197504,-30.493316800320006,,,simbad,,,,,,,,,-27.19197539980624,23.589227743576746,35.997988717176945,False,dwarf
283.777921,-30.493626,,,simbad,,,,,,,,,-20.861190809901,23.44891737956445,31.385362962386424,False,dwarf
283.7562,-30.483364,,,simbad,,,,,,,,,-29.3500333431458,28.10566526339486,40.636841377520604,False,dwarf
283.687553,-30.587566,,,simbad,,,,,,,,,-56.17815236987171,-19.179702402846388,59.36198942045553,False,dwarf
283.77902099999994,-30.484915000000008,,,simbad,,,,,,,,,-20.431296846183702,27.401843789232494,34.18038814680687,False,dwarf
283.74295016668,-30.45953843969,,,simbad,,,,,,,,,-34.52823640218648,38.91736157548653,52.02653304845933,False,dwarf
283.7182969281499,-30.44174663293,,,simbad,,,,,,,,,-44.163034975733744,46.991027379342576,64.48666771072921,False,dwarf
283.7748139308436,-30.5014051665021,,,simbad,,,,,,,,,-22.075472878339824,19.918843597978018,29.73359771509373,False,dwarf
283.83846474949,-30.99231295222,,,simbad,,,,,,,,,2.8000750522901687,-202.84804319777749,202.8673681237716,False,dwarf
283.72967327265,-30.51795090397,,,simbad,,,,,,,,,-39.717015130172676,12.410626102356437,41.61087515425332,False,dwarf
283.6469599178496,-29.973556138710837,,,simbad,,,,,,,,,-72.04244417566429,259.44913429660255,269.2656068829813,False,dwarf
283.7001668041008,-29.964197548454447,,,simbad,,,,,,,,,-51.24851760366707,263.6959278428976,268.62976923174404,False,dwarf
283.5923823564849,-30.330895946992776,,,simbad,,,,,,,,,-93.37204798180673,97.29347301950853,134.84939464645234,False,dwarf
283.88596262309,-30.42394842296,,,simbad,,,,,,,,,21.362847008193988,55.06759886772406,59.06616355708289,False,dwarf
283.80231369447,-30.91464534435,,,simbad,,,,,,,,,-11.328216162448152,-167.60360073131287,167.9859978079259,False,dwarf
283.7310474433999,-30.50938128491999,,,simbad,,,,,,,,,-39.17997175696464,16.299395872028775,42.435132763662416,False,dwarf
283.6405409999999,-30.522941999999997,,,simbad,,,,,,,,,-74.5510387550776,10.145738568184681,75.23824420170259,False,dwarf
284.52260468847,-30.611207770759997,,,simbad,,,,,,,,,270.1706478943278,-29.907997662702577,271.8210207247281,False,dwarf
283.62762499999997,-30.42196388888889,,,simbad,,,,,,,,,-79.59877551485607,55.968151862854974,97.305699146597,False,dwarf
283.76837083333334,-30.401163888888888,,,simbad,,,,,,,,,-24.59351717606827,65.40689245764054,69.87776948397051,False,dwarf
283.80361600000003,-30.468635999999996,,,simbad,,,,,,,,,-10.819258629428441,34.789019661473965,36.43257122818652,False,dwarf
283.808684,-30.506200999999994,,,simbad,,,,,,,,,-8.838619894638661,17.74256339017044,19.82220364379598,False,dwarf
283.78833873639,-30.426222309340005,,,simbad,,,,,,,,,-16.789807182648595,54.03574195989314,56.584088173148764,False,dwarf
283.738707,-30.470719999999996,,,simbad,,,,,,,,,-36.18651980483168,33.843330459572215,49.54629382891604,False,dwarf
283.76439841019,-30.487336870129997,,,simbad,,,,,,,,,-26.145990567691417,26.302833985807126,37.087085332373306,False,dwarf
284.46726192164,-30.47036843963,,,simbad,,,,,,,,,248.5419920786039,34.00286349494763,250.8571636454834,False,dwarf
283.71250084629,-29.96121055055001,,,simbad,,,,,,,,,-46.42821734386317,265.0513844956459,269.08700412466544,False,dwarf
284.1481875,-30.07202222222222,,,simbad,,,,,,,,,123.84365767010682,214.76664296735225,247.91523244160848,False,dwarf
283.9256590958,-30.522130697110004,,,simbad,,,,,,,,,36.876732462829175,10.513896141378876,38.34625678220471,False,dwarf
283.8011000856234,-29.983227779100556,,,simbad,,,,,,,,,-11.80250990565295,255.06028310599604,255.33320829493348,False,dwarf
283.82616596943376,-31.03527462740528,,,simbad,,,,,,,,,-2.006444318295728,-222.3434329858196,222.35248595579512,False,dwarf
283.75119110622046,-31.091305283136123,,,simbad,,,,,,,,,-31.307572616668857,-247.7693380242394,249.73948219718443,False,dwarf
284.0612829956325,-30.85990545242084,,,simbad,,,,,,,,,89.88027417003795,-142.7634257262207,168.70050210348316,False,dwarf
284.2503760907737,-30.981775510842223,,,simbad,,,,,,,,,163.78025615875646,-198.06630398154647,257.0101808884976,False,dwarf
284.3356555258204,-30.799567399619168,,,simbad,,,,,,,,,197.10854193910782,-115.38288589980606,228.39655790735702,False,dwarf
284.34507130798994,-30.271506347314727,,,simbad,,,,,,,,,200.78834913787986,124.24361847091481,236.11954150442818,False,dwarf
284.2787099743162,-30.400755329875835,,,simbad,,,,,,,,,174.85349752642682,65.59229065676942,186.75142353092323,False,dwarf
284.39169061265704,-30.668392216694723,,,simbad,,,,,,,,,219.00776520197462,-55.857476087433746,226.01871350315548,False,dwarf
284.3971462284879,-30.422513926504156,,,simbad,,,,,,,,,221.13988912397167,55.71855271055259,228.05132684972722,False,dwarf
284.41234667349414,-30.725344020428604,,,simbad,,,,,,,,,227.0804159916749,-81.70138483018418,241.33095866490476,False,dwarf
284.4379434189833,-30.56965904915416,,,simbad,,,,,,,,,237.08394906202693,-11.053785870277943,237.34149465466788,False,dwarf
283.67375428421,-29.99381244219,,,simbad,,,,,,,,,-61.57086566584172,250.2571153567432,257.7199939576272,False,dwarf
284.28388276803,-30.470608028129995,,,simbad,,,,,,,,,176.87509097486856,33.8941416824019,180.093338710111,False,dwarf
283.7784513857446,-30.479653565563055,,,simbad,,,,,,,,,-20.653909328046172,29.789407001100887,36.24903778044862,False,dwarf
283.75665008575,-30.48101634047999,,,simbad,,,,,,,,,-29.174134118518314,29.170999360233374,41.25623959160639,False,dwarf
283.76168826948,-30.47516270695001,,,simbad,,,,,,,,,-27.20514796054508,31.827293996119277,41.869997834613756,False,dwarf
283.76495782752,-30.498719478440012,,,simbad,,,,,,,,,-25.92736317369068,21.13757018146778,33.45183155399607,False,dwarf
283.770225,-30.48032777777778,,,simbad,,,,,,,,,-23.868885305357427,29.483459202994,37.93412780458935,False,dwarf
283.78772779778,-30.495611795859997,,,simbad,,,,,,,,,-17.028569746884795,22.547791802798088,28.255532251345908,False,dwarf
283.79518513242,-30.46320803182,,,simbad,,,,,,,,,-14.114148703811367,37.25215348876798,39.83631676227144,False,dwarf
283.80365409126,-30.507982496619995,,,simbad,,,,,,,,,-10.80437208150415,16.934145867733896,20.087303262142367,False,dwarf
283.82633217788,-30.992819305259996,,,simbad,,,,,,,,,-1.9414879476101428,-203.07781891863797,203.08709932490007,False,dwarf
283.95028852415,-31.082418479340003,,,simbad,,,,,,,,,46.5022257157541,-243.73663438249383,248.13303676984333,False,dwarf
284.10893267376,-30.880868943140005,,,simbad,,,,,,,,,108.50237326235397,-152.27635605599897,186.97821695923983,False,dwarf
284.28752088024,-30.63266197447,,,simbad,,,,,,,,,178.2969114098645,-39.643606484163655,182.65104476396593,False,dwarf
284.35106992156,-30.574430743180002,,,simbad,,,,,,,,,203.13268346935922,-13.21911193314218,203.56235411726755,False,dwarf
284.45467631546,-30.54809836096,,,simbad,,,,,,,,,243.62337741779612,-1.2698559226933526,243.62668687670146,False,dwarf
284.45324607115,-30.543135332520002,,,simbad,,,,,,,,,243.06441978546948,0.9822949431568251,243.06640464902236,False,dwarf
283.87539300000003,-30.54985,,,simbad,,,,,,,,,17.232104130491035,-2.0647245051099716,17.355359404117443,False,dwarf
283.858006,-30.55344000000001,,,simbad,,,,,,,,,10.437043814407353,-3.6938148289258343,11.07141145357046,False,dwarf
283.754193,-30.500422,,,simbad,,,,,,,,,-30.134394420647073,20.364990404459604,36.370517748209984,False,dwarf
283.932638,-30.566857999999993,,,simbad,,,,,,,,,39.60417681660598,-9.782710083766188,40.79451235036412,False,dwarf
283.822064,-30.494801000000006,,,simbad,,,,,,,,,-3.609546044696446,22.91571929307623,23.198254532784354,False,dwarf
283.835825,-30.49638000000001,,,simbad,,,,,,,,,1.7684274417822716,22.199191821961062,22.269518476273156,False,dwarf
283.771461,-30.471677999999994,,,simbad,,,,,,,,,-23.385840815181965,33.408603849486965,40.78029379252908,False,dwarf
283.871797,-30.51408,,,simbad,,,,,,,,,15.826741681722138,14.167186604288506,21.24134949904767,False,dwarf
283.72562812470994,-30.46939608869,,,simbad,,,,,,,,,-41.297910295553,34.44410235503214,53.77651515135091,False,dwarf
283.7583333333333,-30.473333333333333,,,simbad,,,,,,,,,-28.516299595269558,32.657437410483546,43.355363691552874,False,dwarf
283.7443916666667,-30.499211111111123,,,simbad,,,,,,,,,-33.96487990851551,20.914474352115242,39.88769615589708,False,dwarf
283.865279,-30.551121000000002,,,simbad,,,,,,,,,13.279424540160763,-2.6414860097241366,13.53959247752281,False,dwarf
283.88237100000003,-30.544558,,,simbad,,,,,,,,,19.959195111432695,0.33670891929538094,19.96203502633366,False,dwarf
283.7754208333333,-30.457055555555552,,,simbad,,,,,,,,,-21.838287681143917,40.04405865586747,45.61181253227015,False,dwarf
283.740276,-30.565117,,,simbad,,,,,,,,,-35.57333468744152,-8.992669344560777,36.69237308658754,False,dwarf
283.7911670000001,-30.501799,,,simbad,,,,,,,,,-15.68448586094567,19.740127625660797,25.21261064228735,False,dwarf
283.80931250000003,-30.503180555555556,,,simbad,,,,,,,,,-8.592994116269246,19.113197601325904,20.955998435521227,False,dwarf
284.25513400413,-30.95340170888,,,simbad,,,,,,,,,165.6397090968472,-185.19068107725678,248.45945662732663,False,dwarf
283.76950833333336,-30.457108333333334,,,simbad,,,,,,,,,-24.148967736271082,40.02010886001961,46.741649049806554,False,dwarf
283.745121,-30.489841,,,simbad,,,,,,,,,-33.67984718348079,25.16649589645126,42.04384166567937,False,dwarf
283.76575,-30.472471999999996,,,simbad,,,,,,,,,-25.617772112406293,33.04829807870369,41.81459379094853,False,dwarf
283.78838299999995,-30.495726,,,simbad,,,,,,,,,-16.772508401987707,22.495967607974563,28.060391955811827,False,dwarf
283.711327,-30.531758999999997,,,simbad,,,,,,,,,-46.88697137519557,6.144710884326221,47.287900742054156,False,dwarf
283.80297916666666,-30.609783333333336,,,simbad,,,,,,,,,-11.068141180279941,-29.261608462522126,31.284908166727213,False,dwarf
283.725792,-30.470250000000004,,,simbad,,,,,,,,,-41.23386575190437,34.05660969416346,53.479756438363296,False,dwarf
283.745121,-30.480862,,,simbad,,,,,,,,,-33.67984718348079,29.241036848402846,44.60235803488726,False,dwarf
283.74947399999996,-30.510419999999993,,,simbad,,,,,,,,,-31.97863952512814,15.828041920489255,35.681371847433965,False,dwarf
283.891742,-30.565077000000006,,,simbad,,,,,,,,,23.621500869861606,-8.974517920343317,25.268899367551327,False,dwarf
283.85859539789,-30.484494561419996,,,simbad,,,,,,,,,10.667387991822286,27.59263276484658,29.582875949842325,False,dwarf
283.91434280825,-30.454379346279996,,,simbad,,,,,,,,,32.45418363576075,41.25848390247078,52.4932046020637,False,dwarf
283.76485525087,-30.46665606727,,,simbad,,,,,,,,,-25.967451430643003,35.68748463424054,44.13507781030819,False,dwarf
283.7374679999999,-30.449596,,,simbad,,,,,,,,,-36.670736733104675,43.42909759054403,56.840385731253356,False,dwarf
283.899471,-30.592009999999995,,,simbad,,,,,,,,,26.642092184231743,-21.19632563376883,34.045341771318256,False,dwarf
283.7575666666667,-30.48529166666667,,,simbad,,,,,,,,,-28.815922660896735,27.23091787782206,39.646945497320104,False,dwarf
283.757083576635,-30.47766001247861,,,simbad,,,,,,,,,-29.00472037777601,30.694052694658858,42.230305173127384,False,dwarf
283.76129,-30.47196000000001,,,simbad,,,,,,,,,-27.360796729086847,33.280636308724134,43.083801489236954,False,dwarf
283.721346,-30.555503999999996,,,simbad,,,,,,,,,-42.97141899084286,-4.630428318710189,43.22017719192372,False,dwarf
283.784822,-30.521790000000003,,,simbad,,,,,,,,,-18.1641924064114,10.668499585739344,21.065487632334886,False,dwarf
283.7333333333333,-30.48,,,simbad,,,,,,,,,-38.286616953182445,29.63220004035927,48.41417475235517,False,dwarf
283.70516799999996,-30.48188799999999,,,simbad,,,,,,,,,-49.29398675950951,28.77545281714444,57.078225405827084,False,dwarf
283.82214000000005,-30.488775000000004,,,simbad,,,,,,,,,-3.5798442799104184,25.650231351932895,25.89883498298888,False,dwarf
283.78222396943,-30.48561965743,,,simbad,,,,,,,,,-19.179535733412116,27.082080390679273,33.185744970340004,False,dwarf
283.758241,-30.498097999999995,,,simbad,,,,,,,,,-28.5523846340449,21.41958815168632,35.69366085004877,False,dwarf
283.78949300000005,-30.537563000000002,,,simbad,,,,,,,,,-16.33870631125213,3.5109392298946496,16.71167311197067,False,dwarf
283.79496900000004,-30.473209000000004,,,simbad,,,,,,,,,-14.198615997187305,32.71385808743332,35.662265873052846,False,dwarf
283.72378899999995,-30.517228999999993,,,simbad,,,,,,,,,-42.01666357864209,12.738215732512437,43.90514956504323,False,dwarf
283.751292,-30.463861,,,simbad,,,,,,,,,-31.268142046856294,36.95584592782231,48.408999734587816,False,dwarf
283.78742,-30.450588,,,simbad,,,,,,,,,-17.148861026600706,42.97894226987076,46.27389018816711,False,dwarf
283.793984,-30.493819999999996,,,simbad,,,,,,,,,-14.58356650108937,23.36088297209504,27.53926769410574,False,dwarf
283.845797,-30.472274999999996,,,simbad,,,,,,,,,5.665611629499104,33.13769384299214,33.618535190697926,False,dwarf
283.76919423292,-30.84736628927,,,simbad,,,,,,,,,-24.27172216511322,-137.07333398312093,139.2056585994573,False,dwarf
284.02753085635993,-30.52338081474,,,simbad,,,,,,,,,76.68950968198105,9.946610755681373,77.33185605420124,False,dwarf
284.05415823752793,-30.593831475480275,,,simbad,,,,,,,,,87.09582825883906,-22.022884987524137,89.83702334375792,False,dwarf
283.754832,-30.459656000000003,,,simbad,,,,,,,,,-29.884665108956195,38.86401439902709,49.025552764678224,False,dwarf
283.77097009395993,-30.49156965077,,,simbad,,,,,,,,,-23.57769312736431,24.382059060057195,33.91743529832819,False,dwarf
283.887199,-30.478548000000004,,,simbad,,,,,,,,,21.846038799573716,30.291096739570868,37.347020669907806,False,dwarf
283.74865833333337,-30.504572222222222,,,simbad,,,,,,,,,-32.29741241276303,18.481679300311527,37.21149443813918,False,dwarf
283.75768500000004,-30.501823000000005,,,simbad,,,,,,,,,-28.769676492068776,19.729236771125702,34.88462510948675,False,dwarf
283.73768599999994,-30.556024999999995,,,simbad,,,,,,,,,-36.58553956572509,-4.866850619184904,36.90783033808268,False,dwarf
283.80846760646085,-30.745154329399725,,,simbad,,,,,,,,,-8.92318923671808,-90.69101788215362,91.12894178391072,False,dwarf
283.91314194597373,-30.49972089199222,,,simbad,,,,,,,,,31.98487141406773,20.68314312630415,38.08968901103853,False,dwarf
284.3639925087899,-30.87849657055,,,simbad,,,,,,,,,208.18299460220524,-151.19980752372774,257.29660129266017,False,dwarf
284.3623187817333,-30.65066970832305,,,simbad,,,,,,,,,207.52888082166285,-47.81525689468724,212.9660422860811,False,dwarf
284.380170712395,-30.47723744873361,,,simbad,,,,,,,,,214.50564194231606,30.885806039553376,216.7177967768176,False,dwarf
283.78970300000003,-30.484798,,,simbad,,,,,,,,,-16.256635645459326,27.454936705080257,31.906923261091503,False,dwarf
283.721544,-30.447035000000007,,,simbad,,,,,,,,,-42.89403807736062,44.591242526273774,61.87307502152313,False,dwarf
283.74737,-30.540817,,,simbad,,,,,,,,,-32.80090943395893,2.034320869538364,32.86393343918246,False,dwarf
283.75496,-30.528284,,,simbad,,,,,,,,,-29.834641084104707,7.721615863503173,30.81767609929166,False,dwarf
283.781833,-30.463694,,,simbad,,,,,,,,,-19.332331549737095,37.031628123943335,41.77416096894097,False,dwarf
283.7842079999999,-30.453861000000007,,,simbad,,,,,,,,,-18.404151400775348,41.49370198300439,45.39207081679623,False,dwarf
283.98802107658,-30.571817230709996,,,simbad,,,,,,,,,61.2485861943752,-12.033137594411158,62.419433762057146,False,dwarf
283.76119166666666,-30.47568888888889,,,simbad,,,,,,,,,-27.399226644017464,31.588520206372372,41.81569357930862,False,dwarf
283.7697125,-30.52780277777778,,,simbad,,,,,,,,,-24.069176811185912,7.939987581002006,25.34499309833395,False,dwarf
283.75593125854,-30.49976520664,,,simbad,,,,,,,,,-29.45506091720577,20.66303377702816,35.980016377246265,False,dwarf
283.78518411365,-30.945489523289993,,,simbad,,,,,,,,,-18.0226737952148,-181.6002451483194,182.4923719190981,False,dwarf
283.8083562348679,-30.746598787982503,,,simbad,,,,,,,,,-8.966714669034099,-91.34649239478598,91.78553069404003,False,dwarf
283.85833750000006,-30.532380555555562,,,simbad,,,,,,,,,10.566598222593184,5.862657920180814,12.084028959199339,False,dwarf
284.02578079435,-30.521789333479997,,,simbad,,,,,,,,,76.00556323266207,10.668802042922643,76.75069367338163,False,dwarf
284.49679127167997,-30.685123385119997,,,simbad,,,,,,,,,260.0824369291148,-63.449839482328855,267.71020923625656,False,dwarf
283.9707333333333,-30.5888,,,simbad,,,,,,,,,54.492316677483366,-19.73967384005637,57.95746112616509,False,dwarf
284.42522566211994,-30.56640973308999,,,simbad,,,,,,,,,232.11368823658523,-9.579293012577095,232.31127204983295,False,dwarf
284.46813156018,-30.735335796799998,,,simbad,,,,,,,,,248.8818578594888,-86.2355091210838,263.3984476130475,False,dwarf
284.19266180894,-30.62168823718,,,simbad,,,,,,,,,141.22478217478763,-34.66388246321883,145.41672478686922,False,dwarf
284.09168777834,-30.624654246680002,,,simbad,,,,,,,,,101.76284922003418,-36.00981488015131,107.94620998016642,False,dwarf
284.19580747256,-30.50990973422,,,simbad,,,,,,,,,142.45414744952404,16.05959318643846,143.35652987877685,False,dwarf
284.38258933632,-30.8124126118,,,simbad,,,,,,,,,215.45087087497427,-121.21185828729742,247.2071850700232,False,dwarf
284.01996288677,-30.606865410039997,,,simbad,,,,,,,,,73.73185109603821,-27.93749687399716,78.84725485159869,False,dwarf
284.05016853844,-30.472925413460004,,,simbad,,,,,,,,,85.53660320877601,32.84254557720412,91.62501453471275,False,dwarf
283.7530833333334,-30.50372777777778,,,simbad,,,,,,,,,-30.568066240407795,18.86487603385989,35.920609981608884,False,dwarf
283.7447006090599,-30.51859850282999,,,simbad,,,,,,,,,-33.844141299437084,12.116755061543527,35.947762844406654,False,dwarf
283.75979600546,-30.63710245021001,,,simbad,,,,,,,,,-27.944668760551643,-41.65863045663376,50.163193714708044,False,dwarf
283.83380782772997,-30.534405278890002,,,simbad,,,,,,,,,0.98009091202492,4.943867615855968,5.04007988021452,False,dwarf
284.10651458971,-30.613381348879994,,,simbad,,,,,,,,,107.55735531967333,-30.894336126026545,111.90641039739577,False,dwarf
283.77506417214454,-30.919822886335833,,,simbad,,,,,,,,,-21.977675401298374,-169.95309475645314,171.36823694413377,False,dwarf
284.20302240240784,-30.530632023336945,,,simbad,,,,,,,,,145.27383362266772,6.656116671774681,145.42623774468905,False,dwarf
284.2729697644117,-30.720996278319443,,,simbad,,,,,,,,,172.61015062771017,-79.72844204453989,190.13387012989125,False,dwarf
284.09562313485037,-30.67410471595167,,,simbad,,,,,,,,,103.30083650096688,-58.44972602177067,118.69049369608143,False,dwarf
284.0673906649446,-30.52630441898167,,,simbad,,,,,,,,,92.2672288698761,8.619921234578776,92.66900541937655,False,dwarf
284.23642451371,-30.54716901032528,,,simbad,,,,,,,,,158.32780273651935,-0.8481299821780919,158.33007435051894,False,dwarf
284.08748978540996,-30.731450874274444,,,simbad,,,,,,,,,100.12222029233384,-84.47258720043239,130.99647699309045,False,dwarf
284.0926603182583,-30.830922488168337,,,simbad,,,,,,,,,102.14293016586193,-129.61137374317698,165.02207848182513,False,dwarf
283.76222499999994,-30.497882999999998,,,simbad,,,,,,,,,-26.995386859918188,21.51715205687177,34.52156926263904,False,dwarf
284.4775448844579,-30.63154199559389,,,simbad,,,,,,,,,252.560704483026,-39.135376191699265,255.57481706660423,False,dwarf
284.0068122968867,-30.543763586236942,,,simbad,,,,,,,,,68.59243363191264,0.6972024497962082,68.5959768703992,False,dwarf
284.0292597383062,-30.484955856084447,,,simbad,,,,,,,,,77.36517869356932,27.383303886216126,82.06836300312546,False,dwarf
284.51921593532165,-30.602733882853336,,,simbad,,,,,,,,,268.8462801460733,-26.062669307880924,270.1066179859962,False,dwarf
284.21470721772994,-30.833798905389994,,,simbad,,,,,,,,,149.84040778128633,-130.91665047383017,198.9756698075149,False,dwarf
284.29700810627,-30.507606769250007,,,simbad,,,,,,,,,182.004639776252,17.104645539833818,182.80661311650246,False,dwarf
283.83435232860995,-30.796916968190004,,,simbad,,,,,,,,,1.1928887679848053,-114.18015826883688,114.1863894074483,False,dwarf
283.9540467444,-30.696058519190004,,,simbad,,,,,,,,,47.97098589749076,-68.41204591771222,83.55491316867263,False,dwarf
283.93304759009,-30.66405226441,,,simbad,,,,,,,,,39.764249823245464,-53.88806821198821,66.9710344822698,False,dwarf
283.7447063047699,-30.66121116616,,,simbad,,,,,,,,,-33.84191534366741,-52.598818722274785,62.54527132491054,False,dwarf
283.72410994309996,-30.45639638024,,,simbad,,,,,,,,,-41.89123494100853,40.34318292557981,58.15881681610767,False,dwarf
283.97855491261,-30.496315325870004,,,simbad,,,,,,,,,57.54908914838716,22.228540011207663,61.69283307515447,False,dwarf
283.94401299815,-30.466249577230005,,,simbad,,,,,,,,,44.04967049144951,35.871943963177166,56.80818456967799,False,dwarf
283.8489541112999,-30.479614320489997,,,simbad,,,,,,,,,6.899450802874034,29.807215850341294,30.595302550066677,False,dwarf
283.77125,-30.48699444444445,,,simbad,,,,,,,,,-23.468302293680573,26.45822183286972,35.36663279285882,False,dwarf
283.813095,-30.512291000000005,,,simbad,,,,,,,,,-7.1147451000254875,14.979009052558334,16.582831785764494,False,dwarf
283.76892434346,-30.501484793540012,,,simbad,,,,,,,,,-24.3771983921231,19.882709994365033,31.4574308895204,False,dwarf
283.68623089827986,-30.431471533772505,,,simbad,,,,,,,,,-56.69484650527543,51.653719472288586,76.69688621827243,False,dwarf
283.8292,-30.545299999999997,,,simbad,,,,,,,,,-0.8207066580672279,0.0,0.8207066580672279,False,dwarf
283.34162499999996,-30.782805555555555,,,simbad,,,,,,,,,-191.3712060892697,-107.77660234179231,219.63318176542123,False,dwarf
283.32930092843,-30.14156695155,,,simbad,,,,,,,,,-196.1876097044822,183.20824585872208,268.4303253214662,False,dwarf
283.5077492502,-30.92073063499999,,,simbad,,,,,,,,,-126.44774027735097,-170.36501803367577,212.16331066153515,False,dwarf
283.21611188430836,-30.69692456754694,,,simbad,,,,,,,,,-240.4233250047247,-68.8050461957741,250.07500792428274,False,dwarf
283.3418639831496,-30.42514205231028,,,simbad,,,,,,,,,-191.27780844066726,54.52594705024127,198.89765937182446,False,dwarf
283.38619077156,-30.3361922322,,,simbad,,,,,,,,,-173.95433683161664,94.8900950297511,198.1520664471676,False,dwarf
283.49366726907,-30.75219235785,,,simbad,,,,,,,,,-131.95115726407764,-93.88477388411887,161.942763563555,False,dwarf
283.30495056113546,-30.427969162068607,,,simbad,,,,,,,,,-205.70404235444278,53.24304533669344,212.48288146974,False,dwarf
283.31985721486086,-30.233311146546107,,,simbad,,,,,,,,,-199.87833284877485,141.57605077960423,244.9390252629309,False,dwarf
283.4629884560504,-30.795222322987502,,,simbad,,,,,,,,,-143.94082683868004,-113.41115266948098,183.25133336710866,False,dwarf
283.18473314510913,-30.385488872949452,,,simbad,,,,,,,,,-252.68653461541885,72.51998905722968,262.88711187277704,False,dwarf
283.19489128224,-30.45397003663055,,,simbad,,,,,,,,,-248.7166056740687,41.44422272959014,252.14593698033298,False,dwarf
283.1764896409821,-30.41252822965278,,,simbad,,,,,,,,,-255.90820067390763,60.24991820278025,262.9050395401326,False,dwarf
283.18202071863715,-30.4028967908961,,,simbad,,,,,,,,,-253.74658531306108,64.62052647099293,261.8456453703725,False,dwarf
283.2778281093212,-30.405291821981386,,,simbad,,,,,,,,,-216.30384082442848,63.53369583972213,225.44152692539592,False,dwarf
283.41051235483,-30.202422741750002,,,simbad,,,,,,,,,-164.44915334382344,155.59276425350689,226.3904422089142,False,dwarf
283.32400074329,-30.3018811111,,,simbad,,,,,,,,,-198.25898933941073,110.45998789413281,226.95381860514385,False,dwarf
283.30593332742916,-30.370749314126666,,,simbad,,,,,,,,,-205.31996481131844,79.20858868270409,220.06882666844672,False,dwarf
283.2321027373234,-30.303382748426664,,,simbad,,,,,,,,,-234.1738966535131,109.77856649058282,258.6285899405121,False,dwarf
283.3172978916575,-30.213763357716385,,,simbad,,,,,,,,,-200.87854884550293,150.4465559702486,250.97083015678186,False,dwarf
283.30045873464667,-30.472599228254445,,,simbad,,,,,,,,,-207.45950516692525,32.99056372822062,210.06623617138303,False,dwarf
283.33676919153,-30.355639731179988,,,simbad,,,,,,,,,-193.26891768049953,86.06509992929445,211.56577220153343,False,dwarf
283.28099022475,-30.29366628367,,,simbad,,,,,,,,,-215.06804597396984,114.18775833368588,243.50176293475548,False,dwarf
283.42911890914,-30.27192107573,,,simbad,,,,,,,,,-157.17747572199104,124.05542068586462,200.2361263006352,False,dwarf
283.1901843906362,-30.516122807638894,,,simbad,,,,,,,,,-250.55611866360667,13.240189902914867,250.90570186513617,False,dwarf
283.1463364335271,-30.50716852406111,,,simbad,,,,,,,,,-267.69245692166163,17.303514898243666,268.25111951414,False,dwarf
283.23200891910244,-30.292609949522785,,,simbad,,,,,,,,,-234.2105620052123,114.66710756430909,260.774103223388,False,dwarf
283.2145666115692,-30.272225080330838,,,simbad,,,,,,,,,-241.02723720736768,123.91746777399315,271.01599195496806,False,dwarf
283.2269128047592,-30.439607590829443,,,simbad,,,,,,,,,-236.2021881822325,47.961693894172264,241.0224009988969,False,dwarf
283.31289692284247,-30.29393058525027,,,simbad,,,,,,,,,-202.5985033257202,114.06782208104272,232.50294962458923,False,dwarf
283.3132119446328,-30.363144154158334,,,simbad,,,,,,,,,-202.47538881106112,82.65970080399954,218.69821492457842,False,dwarf
283.3186912695658,-30.298760887839727,,,simbad,,,,,,,,,-200.3339990709584,111.87590029564842,229.45572176506002,False,dwarf
283.3196479106921,-30.270229022515004,,,simbad,,,,,,,,,-199.96013157491396,124.82325007860173,235.72207783668048,False,dwarf
283.3489215310796,-30.41388088216056,,,simbad,,,,,,,,,-188.51962911886957,59.636103965481354,197.72737660551167,False,dwarf
283.35368936367666,-30.177694129093055,,,simbad,,,,,,,,,-186.65629961556832,166.81425272167183,250.33491385994606,False,dwarf
283.26059410700293,-30.281065737311668,,,simbad,,,,,,,,,-223.03910770429263,119.90570489276476,253.2268185468471,False,dwarf
283.2696083902492,-30.288700098830557,,,simbad,,,,,,,,,-219.51621138148684,116.44134152816888,248.48732981011582,False,dwarf
283.3958030680078,-30.232902438801105,,,simbad,,,,,,,,,-170.19772935829062,141.7615164711501,221.50303526344305,False,dwarf
283.37649956231246,-30.463436358576388,,,simbad,,,,,,,,,-177.74178442883178,37.148542093363936,181.58236729266346,False,dwarf
283.4577834343678,-30.13171087231361,,,simbad,,,,,,,,,-145.97501538644107,187.6807927430466,237.7662404163596,False,dwarf
283.45863061656206,-30.15120979754583,,,simbad,,,,,,,,,-145.64392583051023,178.83246114958195,230.63651552202202,False,dwarf
283.4656428665967,-30.254006520515002,,,simbad,,,,,,,,,-142.9034495012736,132.18478797169774,194.66436255895874,False,dwarf
283.2011419931599,-30.503805688699995,,,simbad,,,,,,,,,-246.2737484980697,18.829521178846285,246.99253038728745,False,dwarf
283.2910657450079,-30.192321186593606,,,simbad,,,,,,,,,-211.13040475532338,160.17670457683118,265.01438546094084,False,dwarf
283.37535252216,-30.2599756065175,,,simbad,,,,,,,,,-178.1900622813087,129.47610266566144,220.26293255404002,False,dwarf
283.38764862927326,-30.129465283556666,,,simbad,,,,,,,,,-173.384587530774,188.69980859686274,256.26125918232214,False,dwarf
283.9016416666667,-29.99291111111111,,,simbad,,,,,,,,,27.490416272700443,250.66612642615092,252.16905029035073,False,dwarf
284.0010153819146,-30.02081307351527,,,simbad,,,,,,,,,66.3269256729385,238.0046175214232,247.07379268296032,False,dwarf
283.8518405091525,-29.99496808875472,,,simbad,,,,,,,,,8.027491724514935,249.7326995806066,249.8616854645879,False,dwarf
284.1401199340591,-30.012771270547496,,,simbad,,,,,,,,,120.69075048817352,241.6538719506145,270.1163658168874,False,dwarf
284.01609926755077,-30.00972468430389,,,simbad,,,,,,,,,72.2218996591626,243.0363689339341,253.5402915020993,False,dwarf
283.8105958333333,-30.470305555555555,,,simbad,,,,,,,,,-8.091451158582489,34.0313993827468,34.98010471396198,False,dwarf
283.75164499999994,-30.388918,,,simbad,,,,,,,,,-31.130185165784027,70.9639005621967,77.49170027465742,False,dwarf
283.76620833333334,-30.47722222222222,,,simbad,,,,,,,,,-25.438649627522427,30.892715611244626,40.01855535509852,False,dwarf
283.783667,-30.479749999999992,,,simbad,,,,,,,,,-18.615581068371245,29.745646441742934,35.09050214445892,False,dwarf
283.816591,-30.450749999999996,,,simbad,,,,,,,,,-5.748463920683628,42.90542900177763,43.28880542673801,False,dwarf
283.760061,-30.495556,,,simbad,,,,,,,,,-27.84110553038133,22.573111160911765,35.842328393070524,False,dwarf
283.7774833069057,-30.4818884134038,,,simbad,,,,,,,,,-21.03224682736247,28.77526522044649,35.64226837778617,False,dwarf
284.03658926385,-30.622874207899997,,,simbad,,,,,,,,,80.22965031938494,-35.202058904520996,87.61268025513287,False,dwarf
283.91853256478714,-30.676585795963334,,,simbad,,,,,,,,,34.09159367657994,-59.57560441720311,68.64028992569959,False,dwarf
283.68506666666656,-30.407972222222227,,,simbad,,,,,,,,,-57.1498429988799,62.31736879339999,84.55506494663253,False,dwarf
283.72649220869,-30.561952281040003,,,simbad,,,,,,,,,-40.96021530718058,-7.556565435003604,41.651421574588326,False,dwarf
283.98804578934994,-30.652411806949996,,,simbad,,,,,,,,,61.258244258555884,-48.60579617498839,78.19907871225473,False,dwarf
283.8670583333334,-30.40806111111111,,,simbad,,,,,,,,,13.974810594278813,62.27703229513448,63.82573213552031,False,dwarf
284.05542817351,-30.58811878226,,,simbad,,,,,,,,,87.59213536160642,-19.430547035420798,89.72139285199312,False,dwarf
283.8543929152,-30.514510768739996,,,simbad,,,,,,,,,9.025004408922241,13.971709950769906,16.633080999307033,False,dwarf
283.75877209975,-30.57728768751,,,simbad,,,,,,,,,-28.34482410978919,-14.515552145863975,31.84541266672773,False,dwarf
283.8526631138263,-30.411056262895002,,,simbad,,,,,,,,,8.348976073427004,60.91787552926142,61.48733983897209,False,dwarf
283.79597,-30.467874999999996,,,simbad,,,,,,,,,-13.807412490191238,35.13435050727365,37.750062585938174,False,dwarf
283.68150219622,-30.48207193455,,,simbad,,,,,,,,,-58.54288329791666,28.69198596599354,65.19585296248727,False,dwarf
283.76461,-30.484915000000008,,,simbad,,,,,,,,,-26.063298583938163,27.401843789232494,37.81741101827322,False,dwarf
283.848582,-30.450218,,,simbad,,,,,,,,,6.754024983187281,43.146842943912574,43.67226705244618,False,dwarf
283.77424700000006,-30.479049999999997,,,simbad,,,,,,,,,-22.297036648787984,30.063296365603343,37.429395288776625,False,dwarf
283.659281,-30.511086000000006,,,simbad,,,,,,,,,-67.22720886355182,15.525820707208204,68.9967297791424,False,dwarf
283.777963,-30.475111,,,simbad,,,,,,,,,-20.844776676734487,31.85075786573921,38.06541069428888,False,dwarf
283.74362699999995,-30.495854999999995,,,simbad,,,,,,,,,-34.26372134879074,22.437429264865028,40.956572521188825,False,dwarf
283.7750219999999,-30.495974,,,simbad,,,,,,,,,-21.994156810758273,22.383428777805527,31.380898930198242,False,dwarf
283.77325389,-30.52284611,,,simbad,,,,,,,,,-22.68515664368023,10.189252069894517,24.868397409004043,False,dwarf
283.81000713774,-30.470299976820005,,,simbad,,,,,,,,,-8.321520869531238,34.033930932636295,35.036497603349304,False,dwarf
283.7860324319,-30.43413787113001,,,simbad,,,,,,,,,-17.691140254290584,50.44377395999655,53.4560639668149,False,dwarf
283.74817083333335,-30.47289722222222,,,simbad,,,,,,,,,-32.4879336012447,32.85533835511334,46.205401070739185,False,dwarf
283.91096149516,-30.45120607551999,,,simbad,,,,,,,,,31.13272355673284,42.69846849577385,52.84321799384042,False,dwarf
283.80952302220334,-30.45417161847917,,,simbad,,,,,,,,,-8.510719366772328,41.3527477883533,42.21945160452836,False,dwarf
283.74590556580625,-30.504149985092774,,,simbad,,,,,,,,,-33.37322890686332,18.673284431771187,38.24217513609452,False,dwarf
283.84883328626336,-30.455101507621947,,,simbad,,,,,,,,,6.852230844794232,40.93077748063245,41.50038087438955,False,dwarf
284.04040714231337,-30.435639586213895,,,simbad,,,,,,,,,81.72172568824004,49.762317271338844,95.68034630830587,False,dwarf
283.8541378058971,-30.58258525269305,,,simbad,,,,,,,,,8.925304454907954,-16.91951097022826,19.129320716755057,False,dwarf
283.7218145346833,-31.01338865989667,,,simbad,,,,,,,,,-42.788309688873845,-212.41189596756539,216.67868606433535,False,dwarf
283.79512073907,-31.01521551154,,,simbad,,,,,,,,,-14.139314442414856,-213.24089494672637,213.70914695113606,False,dwarf
283.73386621517454,-31.02990538430417,,,simbad,,,,,,,,,-38.0783599650636,-219.906947754005,223.17936098150213,False,dwarf
284.12037859425834,-31.082529478420003,,,simbad,,,,,,,,,112.9755842912279,-243.78700416722322,268.6923632088825,False,dwarf
283.8606151199566,-31.086807135483895,,,simbad,,,,,,,,,11.456721014436319,-245.72814336816262,245.99507494981867,False,dwarf
283.84592019961997,-31.042411655810003,,,simbad,,,,,,,,,5.713759604914584,-225.58211374205905,225.65446392473166,False,dwarf
283.6791514737582,-30.822780911783056,,,simbad,,,,,,,,,-59.46157547678413,-125.91684357330712,139.2506030638503,False,dwarf
283.6897601067271,-30.915605025044997,,,simbad,,,,,,,,,-55.315587043210854,-168.03909001659713,176.90943995033467,False,dwarf
283.7120951648129,-30.92693353778556,,,simbad,,,,,,,,,-46.586762814980474,-173.17980603019745,179.33647617324274,False,dwarf
283.7225075929795,-31.017135578195273,,,simbad,,,,,,,,,-42.51745370880752,-214.11219355652645,218.29284298727717,False,dwarf
283.7293740435988,-30.882212805336113,,,simbad,,,,,,,,,-39.83395764189739,-152.8861813763942,157.99028019872674,False,dwarf
283.80273380088124,-31.11581787273611,,,simbad,,,,,,,,,-11.164033243982084,-258.89279833869773,259.1333955126478,False,dwarf
283.8378064447512,-31.078568111974167,,,simbad,,,,,,,,,2.542801203629717,-241.98939309591984,242.00275248205918,False,dwarf
283.85697475533004,-31.074692054098612,,,simbad,,,,,,,,,10.034020306435,-240.2304938258355,240.43995451529003,False,dwarf
283.8619836514817,-31.096740979309157,,,simbad,,,,,,,,,11.991560507018141,-250.2359787035351,250.52313777595384,False,dwarf
283.8692042082705,-30.86874796868667,,,simbad,,,,,,,,,14.813445760118727,-146.77603232421777,147.52166566348075,False,dwarf
283.87254570984624,-31.1223100787,,,simbad,,,,,,,,,16.11934699398634,-261.8388679531716,262.3345690497365,False,dwarf
283.8785192236817,-31.128290629135826,,,simbad,,,,,,,,,18.45387203054642,-264.55275565402724,265.1955993546258,False,dwarf
283.7434837121437,-31.024805915182494,,,simbad,,,,,,,,,-34.3197200619584,-217.59288207080374,220.28278533060612,False,dwarf
283.7483345690596,-30.93704820481972,,,simbad,,,,,,,,,-32.42394360092382,-177.7696963349138,180.70245447597924,False,dwarf
283.88669406253746,-31.07226872846222,,,simbad,,,,,,,,,21.64870282937476,-239.1308235345573,240.1087609782495,False,dwarf
283.75706743967584,-31.12974154555667,,,simbad,,,,,,,,,-29.011026906269336,-265.21116064061624,266.7931772187944,False,dwarf
283.75780555789584,-30.723956171307496,,,simbad,,,,,,,,,-28.722560935981996,-81.07159887639459,86.00924166097631,False,dwarf
283.76257041263534,-30.912377748651664,,,simbad,,,,,,,,,-26.860395217223047,-166.5745984442739,168.72633960972578,False,dwarf
283.76350739826046,-30.94493892767111,,,simbad,,,,,,,,,-26.494209340530638,-181.35039278200992,183.27549779162825,False,dwarf
283.7657477769309,-31.10935460056501,,,simbad,,,,,,,,,-25.618640916051213,-255.95985846290282,257.23872940662494,False,dwarf
283.76677367758043,-30.73410909725056,,,simbad,,,,,,,,,-25.21770591910637,-85.67885052325153,89.31292246258775,False,dwarf
283.7694017425996,-30.806612687758335,,,simbad,,,,,,,,,-24.19062474811536,-118.57993624408958,121.02226078435521,False,dwarf
283.7858311260988,-30.779526201405556,,,simbad,,,,,,,,,-17.76981311685055,-106.28847863312463,107.76366246723421,False,dwarf
283.78605824061043,-30.753729661008894,,,simbad,,,,,,,,,-17.68105388264249,-94.5823799289418,96.2208203011365,False,dwarf
283.7900641455242,-31.01535083742612,,,simbad,,,,,,,,,-16.11549539012815,-213.3023038859019,213.910219565833,False,dwarf
283.7904173853225,-31.127897957556396,,,simbad,,,,,,,,,-15.977444792815543,-264.37456694358553,264.8569243737378,False,dwarf
283.9678230208175,-31.111009580003884,,,simbad,,,,,,,,,53.35492960185689,-256.71086430969405,262.1969038098071,False,dwarf
283.9766938916542,-31.02320673422917,,,simbad,,,,,,,,,56.82177853447637,-216.86719677356493,224.18763469969795,False,dwarf
283.98524375650834,-30.978811971485836,,,simbad,,,,,,,,,60.16317425417617,-196.72149248023007,205.71570951190768,False,dwarf
283.9866169982088,-31.03383538624306,,,simbad,,,,,,,,,60.69985454307062,-221.69032606353346,229.85010987969034,False,dwarf
283.98731926157836,-31.06951817232723,,,simbad,,,,,,,,,60.97430798266292,-237.8826607533262,245.57285379505348,False,dwarf
283.98795820591374,-31.051559522991667,,,simbad,,,,,,,,,61.22401553988474,-229.73328419029482,237.75147096009061,False,dwarf
284.00470002081465,-31.030104311210287,,,simbad,,,,,,,,,67.7669293290554,-219.99721792055203,230.19802910423027,False,dwarf
284.0290877297154,-30.971780464191106,,,simbad,,,,,,,,,77.2979555527439,-193.5306956847842,208.39650694018488,False,dwarf
283.89015506147206,-30.82495942996833,,,simbad,,,,,,,,,23.001305148035637,-126.90542376714475,128.9730460989103,False,dwarf
283.8954887272534,-30.849122131324165,,,simbad,,,,,,,,,25.085769442619746,-137.87010983286586,140.13373260516104,False,dwarf
283.89643366147163,-31.11138863302028,,,simbad,,,,,,,,,25.455061730400704,-256.882873112263,258.1409898991431,False,dwarf
283.8991720718154,-31.01381932278861,,,simbad,,,,,,,,,26.52526725500575,-212.60732458875876,214.25560499492028,False,dwarf
283.91005043238255,-30.925704363011114,,,simbad,,,,,,,,,30.776668657987823,-172.62202421088847,175.34413755911012,False,dwarf
283.91597594127666,-31.045725901480267,,,simbad,,,,,,,,,33.092432754079645,-227.08607072037833,229.4846239311121,False,dwarf
283.9172641403559,-31.09612478048278,,,simbad,,,,,,,,,33.59587730706361,-249.95635654598792,252.2040109708335,False,dwarf
283.9246405007716,-30.837487203238336,,,simbad,,,,,,,,,36.47865259536181,-132.5903469462739,137.51687968575487,False,dwarf
283.9363734917137,-31.108477228802496,,,simbad,,,,,,,,,41.06405439784784,-255.5617197863862,258.83981375314886,False,dwarf
283.9417018207133,-31.017004824693053,,,simbad,,,,,,,,,43.1464330103756,-214.0528594993485,218.35805765157068,False,dwarf
283.95038012400414,-30.89443545351667,,,simbad,,,,,,,,,46.53802410156071,-158.43264318204797,165.12628534829813,False,dwarf
283.95741267077,-30.802971747165273,,,simbad,,,,,,,,,49.28643265103336,-116.92772981241073,126.89068698115308,False,dwarf
283.96557182510463,-30.76498459065723,,,simbad,,,,,,,,,52.47513373989211,-99.68970499448116,112.65734304920494,False,dwarf
284.11203302872707,-30.98377871591,,,simbad,,,,,,,,,109.71403134036133,-198.97532960620558,227.2187282440687,False,dwarf
284.11792312459704,-30.741390836980557,,,simbad,,,,,,,,,112.01595557707317,-88.98319919585651,143.05797441238397,False,dwarf
284.11901159378914,-31.04062218875833,,,simbad,,,,,,,,,112.44134315471601,-224.77007935246183,251.32577309649042,False,dwarf
284.12250022781,-30.845580403667494,,,simbad,,,,,,,,,113.80474561589908,-136.26292480360203,177.53620701347543,False,dwarf
284.12618553686207,-31.0487592835275,,,simbad,,,,,,,,,115.24501117591706,-228.4625758294503,255.88388217229425,False,dwarf
284.1289919037371,-30.89175272411278,,,simbad,,,,,,,,,116.34177497559489,-157.21525919506175,195.58130362650311,False,dwarf
284.1295154877875,-31.057153468007773,,,simbad,,,,,,,,,116.54639826903379,-232.27173591666528,259.87154953019643,False,dwarf
284.1307978581721,-31.079008672471396,,,simbad,,,,,,,,,117.04756489416268,-242.1893131079218,268.9903266501236,False,dwarf
284.13871157985454,-30.923238363752223,,,simbad,,,,,,,,,120.14034778694052,-171.5029892439841,209.39670122996006,False,dwarf
284.1420971920837,-31.06987288112417,,,simbad,,,,,,,,,121.46348802413193,-238.04362249952905,267.24173539267167,False,dwarf
284.1487186238196,-31.044686629194448,,,simbad,,,,,,,,,124.05122760105711,-226.61446391685791,258.3463224542865,False,dwarf
284.0306517984675,-30.777533879659725,,,simbad,,,,,,,,,77.90921347585474,-105.38439170330594,131.05615422063218,False,dwarf
284.03969072298537,-31.048637259322234,,,simbad,,,,,,,,,81.44173992039428,-228.40720300157534,242.49248933578127,False,dwarf
284.04068798557546,-30.874889292978608,,,simbad,,,,,,,,,81.83148280017356,-149.56287688672097,170.48591061993233,False,dwarf
284.0456574221533,-30.85500677163528,,,simbad,,,,,,,,,83.7736016983865,-140.54047489970435,163.61430691279517,False,dwarf
284.06201159734456,-30.958828850551946,,,simbad,,,,,,,,,90.16502096821549,-187.65343984709548,208.1911249132542,False,dwarf
284.07006080928204,-30.885236508303887,,,simbad,,,,,,,,,93.3107551726127,-154.25829425853354,180.28454836295757,False,dwarf
284.07362260309003,-30.96076155669444,,,simbad,,,,,,,,,94.70274940731049,-188.5304740742566,210.9795023218317,False,dwarf
284.100205324085,-31.065367241233893,,,simbad,,,,,,,,,105.09161422161033,-235.99902797367145,258.3404509251726,False,dwarf
284.1927852715046,-31.052841238667224,,,simbad,,,,,,,,,141.2730329123097,-230.31490831422863,270.1907230458405,False,dwarf
284.20466985715166,-31.035715633065276,,,simbad,,,,,,,,,145.91767984986558,-222.54355500627753,266.1157702346855,False,dwarf
284.1533723966454,-30.759992362837774,,,simbad,,,,,,,,,125.86998109785661,-97.42430387054335,159.16892638399855,False,dwarf
284.1570598130854,-30.84257028730333,,,simbad,,,,,,,,,127.3110702518376,-134.89697732660977,185.48666555988385,False,dwarf
284.1581511329871,-31.040284393194444,,,simbad,,,,,,,,,127.73757192297376,-224.6167925879614,258.3981245931947,False,dwarf
283.80048627763125,-31.075317728100835,,,simbad,,,,,,,,,-12.042393860833329,-240.51441568179155,240.81570422348508,False,dwarf
283.9081517380454,-30.787331975815555,,,simbad,,,,,,,,,30.03463480838515,-109.83062670030752,113.86327700121477,False,dwarf
284.1341453366713,-30.896187997585006,,,simbad,,,,,,,,,118.35580198558579,-159.22792245329597,198.39764905977094,False,dwarf
284.21538624467246,-31.04033348024111,,,simbad,,,,,,,,,150.10578013020475,-224.63906758315488,270.17486173426016,False,dwarf
284.13979248397624,-30.906267265985,,,simbad,,,,,,,,,120.56277883902773,-163.8017493673707,203.38730721753322,False,dwarf
284.1606328156871,-30.95863396017361,,,simbad,,,,,,,,,128.70744502540649,-187.56500139875266,227.47799048409522,False,dwarf
284.20192734737833,-30.978922318566386,,,simbad,,,,,,,,,144.8458722161731,-196.77156639699513,244.33455760573656,False,dwarf
283.44139367961657,-31.03575168522222,,,simbad,,,,,,,,,-152.3803395999457,-222.55991495614725,269.7270539673065,False,dwarf
283.37524999999994,-30.864027777777782,,,simbad,,,,,,,,,-178.23012924290688,-144.63407763446477,229.53212276959334,False,dwarf
283.2222584518,-30.681328893960277,,,simbad,,,,,,,,,-238.0211684025203,-61.727954013779616,245.89513397875163,False,dwarf
283.3003277058325,-30.71138087689611,,,simbad,,,,,,,,,-207.51071289082822,-75.36511128734969,220.7727246826798,False,dwarf
283.21435640862,-30.583299740860003,,,simbad,,,,,,,,,-241.10938718828783,-17.24373541570379,241.72522210435238,False,dwarf
283.18310217208125,-30.595939483808888,,,simbad,,,,,,,,,-253.32393957880555,-22.97946882336288,254.36405868583367,False,dwarf
283.1939835077821,-30.760248065987497,,,simbad,,,,,,,,,-249.07137545578735,-97.54033827917353,267.48956552182256,False,dwarf
283.15002516596,-30.568752642696104,,,simbad,,,,,,,,,-266.25085346094164,-10.642471666862274,266.4634668615189,False,dwarf
283.1350909690017,-30.54871538615667,,,simbad,,,,,,,,,-272.0873272116764,-1.5498530751840711,272.0917412817752,False,dwarf
283.24308115902335,-30.855454361630006,,,simbad,,,,,,,,,-229.88339008960773,-140.7435847964844,269.5461550466932,False,dwarf
283.3559125535949,-30.62214321679528,,,simbad,,,,,,,,,-185.78744877363684,-34.87034566343872,189.03152416595606,False,dwarf
283.2429166666667,-30.64,,,simbad,,,,,,,,,-229.9476757906927,-42.973496842606096,233.9287392186411,False,dwarf
283.3976201,-30.8340302,,,simbad,,,,,,,,,-169.4876101897639,-131.02160863848522,214.225843301068,False,dwarf
283.182671297913,-30.623072807530836,,,simbad,,,,,,,,,-253.4923306734101,-35.292180558257336,255.93729645910173,False,dwarf
283.16336693886,-30.64683880781,,,simbad,,,,,,,,,-261.0367192469458,-46.07684938569023,265.07215026200015,False,dwarf
283.18975794448585,-30.57484783877889,,,simbad,,,,,,,,,-250.72277923260717,-13.408383912042465,251.081056205472,False,dwarf
283.19395710626964,-30.553649239546946,,,simbad,,,,,,,,,-249.0816935020061,-3.788764723430482,249.1105071568777,False,dwarf
283.15710971229794,-30.56808723729417,,,simbad,,,,,,,,,-263.482122818622,-10.340520273629084,263.68495483158824,False,dwarf
283.16404580368703,-30.665971838758896,,,simbad,,,,,,,,,-260.77141025482985,-54.75914342023947,266.4588001819627,False,dwarf
283.17258976499954,-30.58122447300222,,,simbad,,,,,,,,,-257.43232171414326,-16.302008734246254,257.94797101722975,False,dwarf
283.2291160591234,-30.64549521284277,,,simbad,,,,,,,,,-235.34112840789268,-45.46714532991469,239.69294529616806,False,dwarf
283.23045922820086,-30.79390897185,,,simbad,,,,,,,,,-234.81620088180645,-112.81517282829223,260.51086621644464,False,dwarf
283.23272811865377,-30.740558915969714,,,simbad,,,,,,,,,-233.92948969080717,-88.60568541620762,250.1479035192528,False,dwarf
283.1971714227841,-30.678157643735002,,,simbad,,,,,,,,,-247.82549780461403,-60.28888631005302,255.05338102956262,False,dwarf
283.2015049371629,-30.631078838944166,,,simbad,,,,,,,,,-246.13190537437666,-38.925202370955645,249.19086304044328,False,dwarf
283.2216758049067,-30.538779833595,,,simbad,,,,,,,,,-238.24887420473883,2.9587576601732835,238.26724555993235,False,dwarf
283.2912739036425,-30.868223052319163,,,simbad,,,,,,,,,-211.0490537185,-146.53783283254174,256.9339205452099,False,dwarf
283.2919138438491,-30.749577323883056,,,simbad,,,,,,,,,-210.79895696216687,-92.6981091119765,230.28056732879867,False,dwarf
283.3139880539125,-30.76204526515333,,,simbad,,,,,,,,,-202.17207545237744,-98.35588139087781,224.8275505735412,False,dwarf
283.3274249818375,-30.649468876977227,,,simbad,,,,,,,,,-196.9207534466786,-47.270336915296696,202.51485844276522,False,dwarf
283.33441498808793,-30.66868603489528,,,simbad,,,,,,,,,-194.18897027066066,-55.99080655748501,202.09979365090217,False,dwarf
283.34830215641784,-30.891628565768613,,,simbad,,,,,,,,,-188.76168859923462,-157.15891792567248,245.62145787044477,False,dwarf
283.3620898973599,-30.52275014804083,,,simbad,,,,,,,,,-183.37326441313678,10.232798225643602,183.65855346554625,False,dwarf
283.2819348538566,-30.724412669921943,,,simbad,,,,,,,,,-214.69887292766654,-81.27875137656982,229.56881639661898,False,dwarf
283.38727515282295,-30.598678936343052,,,simbad,,,,,,,,,-173.530546868568,-24.222592950367883,175.21296957058712,False,dwarf
283.39830822900626,-30.838506770117775,,,simbad,,,,,,,,,-169.21868063878537,-133.0530117200255,215.26278313935384,False,dwarf
283.40283503556077,-30.963945099285272,,,simbad,,,,,,,,,-167.4495471725718,-189.97511987653138,253.2388142058832,False,dwarf
283.4066128667037,-30.72105855696805,,,simbad,,,,,,,,,-165.97312280492218,-79.75670319880979,184.14181816947723,False,dwarf
283.4111762686058,-30.71617208982889,,,simbad,,,,,,,,,-164.18968741230813,-77.5392947492195,181.57807048968715,False,dwarf
283.42968052073786,-30.850702373186675,,,simbad,,,,,,,,,-156.95799078028756,-138.58720084330977,209.38534597093636,False,dwarf
283.4411915875971,-30.92357928509834,,,simbad,,,,,,,,,-152.4593197265813,-171.6576944434658,229.58703846937485,False,dwarf
283.36576831619834,-30.607355793509722,,,simbad,,,,,,,,,-181.93569163604647,-28.160025833741997,184.10209924398907,False,dwarf
283.38020444711333,-30.58690848720278,,,simbad,,,,,,,,,-176.29386841766572,-18.881332560023445,177.30209463203596,False,dwarf
283.28832593765003,-30.86758670392806,,,simbad,,,,,,,,,-212.2011562507791,-146.24906709256356,257.71713241384,False,dwarf
283.3390833011962,-30.831893388755557,,,simbad,,,,,,,,,-192.36453424691803,-130.05195445404638,232.20169011734401,False,dwarf
283.77815875465114,-30.518243120645835,,,simbad,,,,,,,,,-20.768273274110236,12.278022381171594,24.12614781478121,False,dwarf
283.30754326471043,-30.564728782765275,,,simbad,,,,,,,,,-204.6907808847342,-8.816501951629307,204.8805663938514,False,dwarf
283.19448640825834,-30.30749355278444,,,simbad,,,,,,,,,-248.87483556569126,107.91314264592233,271.2635805514058,False,dwarf
283.27484388173,-30.30787616245,,,simbad,,,,,,,,,-217.47011484978734,107.73951988715802,242.69539550287107,False,dwarf
283.53754025776993,-30.38893476404,,,simbad,,,,,,,,,-114.80503634255204,70.95629328215658,134.9629279689727,False,dwarf
283.42455731074,-30.35734766323,,,simbad,,,,,,,,,-158.9602062830969,85.29006494979585,180.39607080173647,False,dwarf
283.57539313889,-30.49208389869,,,simbad,,,,,,,,,-100.0116498843935,24.148700756291497,102.88580981270168,False,dwarf
283.42636169430665,-30.430802487641945,,,simbad,,,,,,,,,-158.2550302798311,51.95732297576483,166.56595696503592,False,dwarf
283.3694758411238,-30.488158473561114,,,simbad,,,,,,,,,-180.4867438306918,25.93000217532282,182.33987416749528,False,dwarf
283.42175156942164,-30.32056379608083,,,simbad,,,,,,,,,-160.05672560728107,101.98205437739483,189.78539150092237,False,dwarf
283.44518783941,-30.416492100489993,,,simbad,,,,,,,,,-150.89753378840223,58.451170674716835,161.82275815430557,False,dwarf
283.1391723288092,-30.492391523743606,,,simbad,,,,,,,,,-270.49227998884186,24.00910493506947,271.5557229250476,False,dwarf
283.14723511763043,-30.598781904297777,,,simbad,,,,,,,,,-267.3412397659093,-24.269318326050502,268.4405675220952,False,dwarf
283.1719962217429,-30.390963028258053,,,simbad,,,,,,,,,-257.66428595346036,70.03589617581385,267.0129416508795,False,dwarf
283.23691551642,-30.65037552135861,,,simbad,,,,,,,,,-232.2930014875993,-47.68175908489325,237.13622390842696,False,dwarf
283.2497759418492,-30.45542410079445,,,simbad,,,,,,,,,-227.26698397557251,40.784389342512824,230.89748465367657,False,dwarf
283.2500828687429,-30.307420504707775,,,simbad,,,,,,,,,-227.14703304929887,107.94629081162266,251.49190110833925,False,dwarf
283.22461704706456,-30.652364667407497,,,simbad,,,,,,,,,-237.0993994323667,-48.58440492915128,242.02596888249144,False,dwarf
283.34416020826376,-30.395260551148322,,,simbad,,,,,,,,,-190.3804145170364,68.08574214882324,202.18894756052975,False,dwarf
283.3532138741742,-30.582942289649722,,,simbad,,,,,,,,,-186.84212694915945,-17.081529201803612,187.62131819907322,False,dwarf
283.3542537530608,-30.39286746069584,,,simbad,,,,,,,,,-186.4357290797228,69.17169214886454,198.8542281980071,False,dwarf
283.2774622592891,-30.64027588341444,,,simbad,,,,,,,,,-216.44681966118347,-43.098688764878986,220.69599614558663,False,dwarf
283.281092144945,-30.36008273398585,,,simbad,,,,,,,,,-215.02821426795902,84.0489292107176,230.87086310908856,False,dwarf
283.2821587774612,-30.667168223357784,,,simbad,,,,,,,,,-214.61136074046232,-55.30204552987961,221.62209366094737,False,dwarf
283.28475687841876,-30.495514762811112,,,simbad,,,,,,,,,-213.59598990511043,22.59182400364157,214.78742378304077,False,dwarf
283.3785594249158,-30.542956994048332,,,simbad,,,,,,,,,-176.93676397489605,1.0632223745103975,176.93995842580537,False,dwarf
283.4727095053099,-30.622036882041108,,,simbad,,,,,,,,,-140.14171738599288,-34.82209248262791,144.40318236370067,False,dwarf
283.49485559122587,-30.65925472131111,,,simbad,,,,,,,,,-131.48674588061257,-51.711012211857586,141.28974883638116,False,dwarf
283.5117446542979,-30.647583401933616,,,simbad,,,,,,,,,-124.88628563696302,-46.41473548094099,133.232548613178,False,dwarf
283.52673917861705,-30.649804482829996,,,simbad,,,,,,,,,-119.02623518779824,-47.42263002041103,128.1255263444168,False,dwarf
283.54725688871457,-30.661491122587215,,,simbad,,,,,,,,,-111.00765362340059,-52.72585891911752,122.89310542797577,False,dwarf
283.45754323937746,-30.612957891839446,,,simbad,,,,,,,,,-146.06888663777096,-30.70217741647019,149.26065570574985,False,dwarf
283.16137491433085,-30.44077126907972,,,simbad,,,,,,,,,-261.8152277203422,47.43363345474183,266.0773629021707,False,dwarf
283.1847743377083,-30.611468730228335,,,simbad,,,,,,,,,-252.67043602475536,-30.02641731305711,254.4482952931653,False,dwarf
283.46423916131295,-30.571598684158065,,,simbad,,,,,,,,,-143.45203534522264,-11.93396431500826,143.94758055958738,False,dwarf
284.4060395012061,-30.64802767123749,,,simbad,,,,,,,,,224.61549299627433,-46.61633849601321,229.40183675972222,False,dwarf
284.34663128255,-30.428689954809993,,,simbad,,,,,,,,,201.39800699875823,52.91595996608933,208.23365732322102,False,dwarf
284.30327513634205,-30.293255269824442,,,simbad,,,,,,,,,184.45387468406605,114.37427050046777,217.03618509013495,False,dwarf
284.3152436301791,-30.253043481815002,,,simbad,,,,,,,,,189.13131400742424,132.6218010713154,230.9960953297143,False,dwarf
284.3208633558229,-30.43001745680361,,,simbad,,,,,,,,,191.32757412759898,52.31355867008869,198.35057106618245,False,dwarf
284.3279197397816,-30.47420059743417,,,simbad,,,,,,,,,194.08529855461208,32.263885445340755,196.74872660086768,False,dwarf
284.3532174232396,-30.298633309804995,,,simbad,,,,,,,,,203.97195438680933,111.93379337139042,232.66656888105723,False,dwarf
284.3591291952904,-30.738836569767223,,,simbad,,,,,,,,,206.28234995015896,-87.82410950179865,224.19964788273813,False,dwarf
284.3642677694508,-30.46531761511694,,,simbad,,,,,,,,,208.29056996273152,36.29485495497376,211.4291324098979,False,dwarf
284.36699568131587,-30.76551728028667,,,simbad,,,,,,,,,209.35667254856742,-99.93143188053044,231.9838516326108,False,dwarf
284.37238132973823,-30.49229056267917,,,simbad,,,,,,,,,211.46145231915537,24.054919612828797,212.82524515316803,False,dwarf
284.3756807074112,-30.478822803833893,,,simbad,,,,,,,,,212.75089099710615,30.166394715410718,214.8789263520006,False,dwarf
284.38087376538164,-30.28639999640305,,,simbad,,,,,,,,,214.78040397426494,117.4850949009909,244.81292746757325,False,dwarf
284.38458238528875,-30.58022051506445,,,simbad,,,,,,,,,216.229779712357,-15.846427073540559,216.80965588610547,False,dwarf
284.4099971235725,-30.381212193441943,,,simbad,,,,,,,,,226.16218205637628,74.4606846571545,238.10444378909372,False,dwarf
284.4115988459091,-30.34777236666834,,,simbad,,,,,,,,,226.78815547828248,89.63519669804798,243.85925439142017,False,dwarf
284.4447306205295,-30.626036723984722,,,simbad,,,,,,,,,239.73647358516217,-36.637163180990086,242.51981051658368,False,dwarf
284.4456594059371,-30.32004231088694,,,simbad,,,,,,,,,240.09945471272923,102.21869685187279,260.9528887355819,False,dwarf
284.4621087526583,-30.64218904232611,,,simbad,,,,,,,,,246.52806822460178,-43.96685274006429,250.41799568405705,False,dwarf
284.32766365113366,-30.57747197987722,,,simbad,,,,,,,,,193.9852158601403,-14.599181369314485,194.53380186733452,False,dwarf
284.3712140203462,-30.56947764146056,,,simbad,,,,,,,,,211.00525299056642,-10.97146567019025,211.2902975731851,False,dwarf
284.3743559623779,-30.41671634634417,,,simbad,,,,,,,,,212.23316382135044,58.349411133995055,220.1080861879094,False,dwarf
284.37855503892956,-30.69077917244944,,,simbad,,,,,,,,,213.87421624214608,-66.01635436030384,223.8310510546235,False,dwarf
284.4144681564996,-30.81395863901028,,,simbad,,,,,,,,,227.90951848098504,-121.91342318106302,258.46785364133666,False,dwarf
284.45379347532577,-30.525871910958326,,,simbad,,,,,,,,,243.2783522862859,8.816187149842891,243.4380451921829,False,dwarf
284.45215256661993,-30.755865278872218,,,simbad,,,,,,,,,242.63706433381904,-95.55149257420692,260.7735276474446,False,dwarf
284.43621593708,-30.75169092043,,,simbad,,,,,,,,,236.4088272050242,-93.65722880085347,254.28489944766758,False,dwarf
284.40284010998334,-30.727238366713888,,,simbad,,,,,,,,,223.36513029232702,-82.56101190631382,238.13505016587274,False,dwarf
283.90125772856294,-30.117498762859718,,,simbad,,,,,,,,,27.340368387922748,194.13004343727636,196.0458352236694,False,dwarf
283.99221292409993,-30.12062889172861,,,simbad,,,,,,,,,62.886813417777404,192.7096360131555,202.71101379590903,False,dwarf
283.9961727415455,-29.965509642654993,,,simbad,,,,,,,,,64.4343603426767,263.1005183816055,270.8757456204587,False,dwarf
284.00120189594503,-30.048686253410285,,,simbad,,,,,,,,,66.39981772369912,225.3561697050377,234.93475481049248,False,dwarf
284.0067213538125,-30.07084010495584,,,simbad,,,,,,,,,68.55689192405244,215.30307076687106,225.9545523151293,False,dwarf
284.0193173024125,-30.02403876321028,,,simbad,,,,,,,,,73.47954853387891,236.54084596995784,247.6909684767008,False,dwarf
284.0910836511882,-30.072055665087507,,,simbad,,,,,,,,,101.52674866014787,214.75146707647608,237.5413086286249,False,dwarf
283.9506224871108,-30.045455183026387,,,simbad,,,,,,,,,46.632742680279925,226.82238293566704,231.56641831340653,False,dwarf
283.89844980868713,-29.99456799319612,,,simbad,,,,,,,,,26.24299765582509,249.91425718593075,251.28834209083234,False,dwarf
283.99950052917876,-30.094609400767222,,,simbad,,,,,,,,,65.73490199374844,204.51690647435282,214.82141972803106,False,dwarf
284.0065261508696,-30.024258858413887,,,simbad,,,,,,,,,68.48060413600645,236.44096993471808,246.1583340179704,False,dwarf
284.01394150119745,-30.09475496267055,,,simbad,,,,,,,,,71.3786171769121,204.45085257791007,216.5526682124293,False,dwarf
284.07194972986673,-30.256423255289167,,,simbad,,,,,,,,,94.0489693156758,131.0881085188258,161.33598738156462,False,dwarf
284.095211296922,-30.27848177958917,,,simbad,,,,,,,,,103.13988501054754,121.07826771250241,159.0527673203122,False,dwarf
284.22761444438044,-30.26413695525,,,simbad,,,,,,,,,154.8847158047243,127.58774251131032,200.6686503394156,False,dwarf
284.27460155015285,-30.418574422996116,,,simbad,,,,,,,,,173.24787320974986,57.50624269539184,182.54258002078,False,dwarf
283.92607083333326,-29.98857222222222,,,simbad,,,,,,,,,37.037644717549455,252.63505174787238,255.33557624795174,False,dwarf
284.08233625686,-30.36114092532,,,simbad,,,,,,,,,98.10815591450668,83.56873721539482,128.8756924199473,False,dwarf
284.04419124487293,-30.01147739404222,,,simbad,,,,,,,,,83.20060100510881,242.24101448402857,256.1309218073106,False,dwarf
283.9132833333333,-30.151819444444445,,,simbad,,,,,,,,,32.0401273890052,178.55581216254302,181.40768401622086,False,dwarf
284.0247725483,-30.46302007218,,,simbad,,,,,,,,,75.61152787734142,37.3374468678187,84.32786067814814,False,dwarf
283.91001153733504,-30.11554221883972,,,simbad,,,,,,,,,30.761467979669483,195.01789495011445,197.4290942668737,False,dwarf
283.92174267047,-30.191944715810006,,,simbad,,,,,,,,,35.34614372752646,160.34754159932564,164.19708880901155,False,dwarf
284.23330556706,-30.13625672348,,,simbad,,,,,,,,,157.1088787927931,185.61795091891042,243.18146207896604,False,dwarf
283.97752456569003,-30.037414959743607,,,simbad,,,,,,,,,57.14641649252318,230.47092052654716,237.45011713261155,False,dwarf
283.98281193691,-30.19406564161945,,,simbad,,,,,,,,,59.21278828486361,159.38509599662785,170.0287126409018,False,dwarf
284.012654122982,-29.990161829230285,,,simbad,,,,,,,,,70.8754934279257,251.91371096918158,261.6941981453091,False,dwarf
283.90661681195206,-30.1379159285725,,,simbad,,,,,,,,,29.43476620628181,184.86502753132905,187.19370680067618,False,dwarf
283.9252061267804,-30.24072217422611,,,simbad,,,,,,,,,36.699706419837206,138.21303309631983,143.00248588394064,False,dwarf
283.92836862470665,-30.2396566910125,,,simbad,,,,,,,,,37.935650755164765,138.6965340415791,143.7909668698446,False,dwarf
283.93128433447,-30.01564116332611,,,simbad,,,,,,,,,39.07514714361194,240.35155591829982,243.50716120197066,False,dwarf
283.9645940916446,-30.16087382420167,,,simbad,,,,,,,,,52.09302309204622,174.44706496181684,182.05895069636318,False,dwarf
284.10350148458417,-30.01700711400556,,,simbad,,,,,,,,,106.37979558719749,239.73170716211678,262.27457430722643,False,dwarf
284.11714499822915,-30.009199723336945,,,simbad,,,,,,,,,111.71185391472054,243.27458866419227,267.6977097302026,False,dwarf
284.12235235311914,-30.107731202729735,,,simbad,,,,,,,,,113.74695430954574,198.56242162530035,228.83488566300687,False,dwarf
284.12551677966877,-30.096656327345,,,simbad,,,,,,,,,114.98365237537031,203.588040657805,233.81473566151485,False,dwarf
284.1269823595554,-30.10712049016055,,,simbad,,,,,,,,,115.55641959960131,198.83955419830434,229.97924781262228,False,dwarf
284.1398907497162,-30.240907499706108,,,simbad,,,,,,,,,120.60118233761848,138.12893506116185,183.3691573912095,False,dwarf
284.14242933575076,-30.195536394043053,,,simbad,,,,,,,,,121.59329398553952,158.71768971751533,199.9405766009474,False,dwarf
284.1436290481016,-30.30969214150639,,,simbad,,,,,,,,,122.06215680177968,106.91545473144527,162.26547563648273,False,dwarf
284.0331358800954,-29.97637331402111,,,simbad,,,,,,,,,78.88002410975278,258.1707406925788,269.9521986450749,False,dwarf
284.03929517190664,-30.142393438635274,,,simbad,,,,,,,,,81.28715353759203,182.83319791627807,200.08892920533353,False,dwarf
284.0430253129712,-30.320624137761385,,,simbad,,,,,,,,,82.744940017213,101.95467219134669,131.30681734052172,False,dwarf
284.0432943216829,-30.239381244050282,,,simbad,,,,,,,,,82.85007203660199,138.82152790811685,161.6649345010049,False,dwarf
284.05384088635867,-30.227863087889165,,,simbad,,,,,,,,,86.97180339333117,144.04830137614576,168.267666872876,False,dwarf
284.0747447005292,-30.010181544439163,,,simbad,,,,,,,,,95.14127933080049,242.82905238081165,260.8022463723508,False,dwarf
284.07978208758,-30.025633074736394,,,simbad,,,,,,,,,97.1099541364375,235.81737034869565,255.029753853457,False,dwarf
284.1852493531179,-30.225786931259165,,,simbad,,,,,,,,,138.32790034346127,144.9904313696413,200.39169943434587,False,dwarf
284.1894895104091,-30.105203131346393,,,simbad,,,,,,,,,139.9850076387491,199.7096240287839,243.88467826687855,False,dwarf
284.21002134084586,-30.211135908155555,,,simbad,,,,,,,,,148.00910761100056,151.6388547601799,211.89865079509985,False,dwarf
284.2198673363479,-30.392769778125277,,,simbad,,,,,,,,,151.85704764135568,69.21601909329466,166.88744775288615,False,dwarf
284.22095801037585,-30.134807116008336,,,simbad,,,,,,,,,152.28329689684605,186.2757619232025,240.6010432102126,False,dwarf
284.2507714297224,-30.16666961052499,,,simbad,,,,,,,,,163.9347596384538,171.81702055563085,237.47777573981887,False,dwarf
284.1518391189988,-30.04713390809667,,,simbad,,,,,,,,,125.27075672964303,226.06060166315035,258.4495272116452,False,dwarf
284.1546946048229,-30.398943896044436,,,simbad,,,,,,,,,126.38671683813942,66.41429325480664,142.7741592223869,False,dwarf
284.1553062614129,-30.103061189203604,,,simbad,,,,,,,,,126.62575999807052,200.68160654103417,237.29136161895866,False,dwarf
284.1754341107496,-30.200447498145838,,,simbad,,,,,,,,,134.49197902814092,156.48910136846905,206.3417826568746,False,dwarf
284.2623159575866,-30.18194487206361,,,simbad,,,,,,,,,168.44650767768573,164.88532674887458,235.7146514875386,False,dwarf
284.2752157430841,-30.27756690134806,,,simbad,,,,,,,,,173.48790760406604,121.49342628912186,211.79874106402815,False,dwarf
283.8161388323799,-30.997896765520004,,,simbad,,,,,,,,,-5.925176766586471,-205.38189729722146,205.46734888327566,False,dwarf
283.52166666666665,-30.924555555555557,,,simbad,,,,,,,,,-121.00863725009732,-172.10071192404453,210.38475546932722,False,dwarf
283.49245833333333,-30.746444444444446,,,simbad,,,,,,,,,-132.42362469656706,-91.27645351891056,160.83347706484207,False,dwarf
283.43548084911,-30.70573095728,,,simbad,,,,,,,,,-154.69114882124845,-72.80125909322166,170.96600495185007,False,dwarf
283.57313857483,-30.752032544240006,,,simbad,,,,,,,,,-100.89276213918279,-93.81225276833716,137.76824097572018,False,dwarf
283.75413561019,-30.800188549859996,,,simbad,,,,,,,,,-30.156823086899372,-115.66475493795836,119.5314582591232,False,dwarf
283.76331089429874,-30.975312796525,,,simbad,,,,,,,,,-26.571005583246343,-195.13361725181144,196.93437211284717,False,dwarf
283.93687762167997,-30.988228349690004,,,simbad,,,,,,,,,41.261074788233856,-200.9945093654013,205.185937841068,False,dwarf
283.96432566711,-30.88268247018,,,simbad,,,,,,,,,51.98811937646735,-153.09930852196786,161.68538222797545,False,dwarf
283.5717768268199,-30.89006750926,,,simbad,,,,,,,,,-101.42495054798526,-156.45053295266354,186.45050242580123,False,dwarf
283.8110707043996,-31.11652294544306,,,simbad,,,,,,,,,-7.905865517713728,-259.2127501839543,259.3332847274204,False,dwarf
283.8925535504967,-30.809693285958062,,,simbad,,,,,,,,,23.93866510604653,-119.97786736351168,122.34274945478317,False,dwarf
283.89778070230506,-31.12764004728972,,,simbad,,,,,,,,,25.98150238787318,-264.2575309770525,265.5316951785962,False,dwarf
283.9082967968854,-31.001660200491944,,,simbad,,,,,,,,,30.09132564449797,-207.0896899147927,209.2644918471555,False,dwarf
283.97103510557713,-30.923682215559715,,,simbad,,,,,,,,,54.61025310115684,-171.70440280520793,180.17958176903815,False,dwarf
283.9958370874946,-31.099511541473888,,,simbad,,,,,,,,,64.30318247867851,-251.49321993308416,259.5837802120866,False,dwarf
284.0047712715646,-30.759495761626937,,,simbad,,,,,,,,,67.79477502661337,-97.19895338938156,118.50640514714928,False,dwarf
283.60052499999995,-30.922147222222222,,,simbad,,,,,,,,,-90.18979953083618,-171.0078449240855,193.33360536904206,False,dwarf
283.4835933434746,-30.76170944748222,,,simbad,,,,,,,,,-135.88817526836158,-98.20349216565027,167.65894563456462,False,dwarf
283.633331591055,-31.07543745084778,,,simbad,,,,,,,,,-77.36856728926621,-240.5687441410074,252.70381054106642,False,dwarf
283.6355222266229,-30.77401273578861,,,simbad,,,,,,,,,-76.51243910070681,-103.78654729963355,128.941074671799,False,dwarf
283.7774756113292,-31.048334284955274,,,simbad,,,,,,,,,-21.035254356357594,-228.2697175950088,229.2368772618004,False,dwarf
283.9687265487567,-30.834828488225554,,,simbad,,,,,,,,,53.70803979017985,-131.38386034429695,141.93756478491966,False,dwarf
283.99711148752544,-30.96234270927167,,,simbad,,,,,,,,,64.80123418838343,-189.24797835393227,200.03499009770297,False,dwarf
284.0022958855496,-31.10532661822278,,,simbad,,,,,,,,,66.82736274861631,-254.13201805671747,262.77172415142945,False,dwarf
284.0037153571179,-31.09925436039444,,,simbad,,,,,,,,,67.38211025673327,-251.37651486121948,260.2508424701512,False,dwarf
284.01194629445916,-30.928892469498056,,,simbad,,,,,,,,,70.59886505581169,-174.0687410435222,187.84069408848953,False,dwarf
284.0177216629842,-30.816774772905557,,,simbad,,,,,,,,,72.85595238974709,-123.19134420595378,143.12266447312555,False,dwarf
283.84900049657,-30.692814287649995,,,simbad,,,,,,,,,6.917578755251797,-66.93986034388777,67.29634313017543,False,dwarf
283.48532808305373,-30.859128028437507,,,simbad,,,,,,,,,-135.21021701949715,-142.4106419131994,196.3736074847866,False,dwarf
283.9031551290817,-31.057992353513896,,,simbad,,,,,,,,,28.081896596851195,-232.6524100840217,234.3410694572764,False,dwarf
283.9353088443229,-30.756262160345283,,,simbad,,,,,,,,,40.64797668253473,-95.73159167378131,104.00382518340122,False,dwarf
283.4956818248429,-30.811611195616944,,,simbad,,,,,,,,,-131.16384329460146,-120.84818715939805,178.34864206806753,False,dwarf
283.66304091915083,-30.717480439594713,,,simbad,,,,,,,,,-65.7577847298303,-78.1330050399327,102.12175443628479,False,dwarf
283.9867186367458,-30.822271458706943,,,simbad,,,,,,,,,60.73957617357375,-125.68566110068092,139.59291357393678,False,dwarf
283.46477702581,-30.837266013679997,,,simbad,,,,,,,,,-143.24183107194838,-132.48997430860877,195.12000271919948,False,dwarf
283.53135704133,-30.83170245832,,,simbad,,,,,,,,,-117.22151581896793,-129.9653129707361,175.01961703328556,False,dwarf
283.52914386,-30.812259242280007,,,simbad,,,,,,,,,-118.08645517757914,-121.14226140679962,169.17404764076485,False,dwarf
283.59513060155,-30.852482530639996,,,simbad,,,,,,,,,-92.29799892326493,-139.39501067118476,167.18220481037665,False,dwarf
283.5818634703,-30.778653965879997,,,simbad,,,,,,,,,-97.48296223292627,-105.8926707070047,143.9311836787576,False,dwarf
283.50595720859627,-30.7676898244675,,,simbad,,,,,,,,,-127.14809288482068,-100.9173011571427,162.32972370175594,False,dwarf
283.657939066405,-30.74653387966112,,,simbad,,,,,,,,,-67.7516535474345,-91.31703793286295,113.70614748219872,False,dwarf
283.43869724782417,-30.81472325130639,,,simbad,,,,,,,,,-153.43413937376633,-122.26039323484139,196.18776434657286,False,dwarf
283.4442274407804,-30.80798854666278,,,simbad,,,,,,,,,-151.2728697644475,-119.20428121015125,192.59579898222162,False,dwarf
283.453919288742,-30.7112320266439,,,simbad,,,,,,,,,-147.48517254969155,-75.2975651855179,165.59468422893173,False,dwarf
283.48712227342287,-30.918848375955555,,,simbad,,,,,,,,,-134.50902464721614,-169.51087597345403,216.39458122798064,False,dwarf
283.487799114715,-31.040828708732786,,,simbad,,,,,,,,,-134.24450647820325,-224.86379514412013,261.88797965197483,False,dwarf
283.4923744381208,-30.96465541871388,,,simbad,,,,,,,,,-132.4564120106264,-190.29745260855236,231.85733016670628,False,dwarf
283.49819759210163,-30.914131126451117,,,simbad,,,,,,,,,-130.1806495139617,-167.37025605070022,212.0372705878707,False,dwarf
283.50163650968204,-30.99397381631917,,,simbad,,,,,,,,,-128.8366768688289,-203.6017194187032,240.94096674674353,False,dwarf
283.51182876116746,-31.033362424070006,,,simbad,,,,,,,,,-124.85341560465791,-221.47570263744743,254.24370640568563,False,dwarf
283.5207704569125,-30.79909714130056,,,simbad,,,,,,,,,-121.35888739878996,-115.16948944394589,167.308071680512,False,dwarf
283.5270539883975,-30.988710028632227,,,simbad,,,,,,,,,-118.90320352932821,-201.2130883358618,233.71923054638054,False,dwarf
283.5270581559204,-31.000898677484997,,,simbad,,,,,,,,,-118.90157480846129,-206.7441217359698,238.49678480916597,False,dwarf
283.53594085623416,-30.705256444686665,,,simbad,,,,,,,,,-115.43010276603326,-72.58593210872854,136.35551387703376,False,dwarf
283.546203474045,-30.74271581923528,,,simbad,,,,,,,,,-111.41934144863565,-89.58445707061702,142.9672850602014,False,dwarf
283.55323705266085,-30.98897126828778,,,simbad,,,,,,,,,-108.67052963910339,-201.33163513114272,228.78748068157668,False,dwarf
283.55491161635916,-31.019460614112504,,,simbad,,,,,,,,,-108.0160888883629,-215.16726138807863,240.75802340105815,False,dwarf
283.5642174639275,-30.821083531976942,,,simbad,,,,,,,,,-104.37924552728757,-125.1465970501946,162.96225836091483,False,dwarf
283.5660305664645,-30.917882633435283,,,simbad,,,,,,,,,-103.67066203971922,-169.07263591911726,198.32589942917707,False,dwarf
283.5711491500654,-30.894343388099728,,,simbad,,,,,,,,,-101.67025459155805,-158.39086522107283,188.21399218493903,False,dwarf
283.57489011584414,-30.939433214677784,,,simbad,,,,,,,,,-100.20823767623352,-178.8519794775223,205.01151543560806,False,dwarf
283.57673166818495,-30.814600001005832,,,simbad,,,,,,,,,-99.48853564420038,-122.20446402257146,157.5814067448038,False,dwarf
283.57709710257996,-30.80483980829195,,,simbad,,,,,,,,,-99.34571924369014,-117.77542906192417,154.07992608632196,False,dwarf
283.4614731088258,-30.91216731534862,,,simbad,,,,,,,,,-144.5330437703407,-166.47910684042876,220.46562942079228,False,dwarf
283.46669939265996,-30.798406690618613,,,simbad,,,,,,,,,-142.49054570386446,-114.85617286315875,183.0177479365236,False,dwarf
283.67436576198287,-31.100239179640834,,,simbad,,,,,,,,,-61.331892389920974,-251.82341165927102,259.18455139888937,False,dwarf
283.69262263249954,-30.844707374664726,,,simbad,,,,,,,,,-54.19687563352034,-135.8667568089449,146.27739720892032,False,dwarf
283.696432876127,-30.961165617773336,,,simbad,,,,,,,,,-52.70778405548081,-188.7138311756098,195.93626662008174,False,dwarf
283.7021268395441,-30.9599627851975,,,simbad,,,,,,,,,-50.48251087109524,-188.1680030668469,194.82217861941476,False,dwarf
283.72274816428205,-30.83919250384694,,,simbad,,,,,,,,,-42.423435389897946,-133.3641878155405,139.94911383063348,False,dwarf
283.58177424206247,-30.806843572968887,,,simbad,,,,,,,,,-97.51783376084877,-118.68470862916602,153.60920533548298,False,dwarf
283.582835926165,-30.706547585258622,,,simbad,,,,,,,,,-97.1029141362179,-73.17183311498398,121.58574379898646,False,dwarf
283.58398478704294,-30.873358879318612,,,simbad,,,,,,,,,-96.6539247211131,-148.86839719732546,177.49304450624328,False,dwarf
283.5841467479004,-30.801773092630278,,,simbad,,,,,,,,,-96.59062836204836,-116.38379763843965,151.24462912817967,False,dwarf
283.5921942220287,-30.81805940617667,,,simbad,,,,,,,,,-93.4455733155176,-123.77429229275316,155.0875578659928,False,dwarf
283.6020229375546,-30.780125512912498,,,simbad,,,,,,,,,-89.60438651919085,-106.56043756819722,139.22669621235076,False,dwarf
283.60687374457956,-30.856915801081943,,,simbad,,,,,,,,,-87.70862955615065,-141.4067649831099,166.39914928149884,False,dwarf
283.63549092491587,-30.830622511297772,,,simbad,,,,,,,,,-76.52467220517815,-129.4752485573265,150.3990207584193,False,dwarf
283.6382734357312,-30.924206473150836,,,simbad,,,,,,,,,-75.43723165648379,-171.94230335364114,187.76296653640077,False,dwarf
283.6428164263433,-30.849494541719725,,,simbad,,,,,,,,,-73.66177325511762,-138.0391043097162,156.46357773525784,False,dwarf
283.6519214290124,-30.797041195311945,,,simbad,,,,,,,,,-70.10342263024364,-114.23653074858863,134.0316187395638,False,dwarf
283.653921700425,-30.819421745445283,,,simbad,,,,,,,,,-69.32169117013062,-124.39250224268284,142.40432395430562,False,dwarf
283.65436581770496,-30.798051238861117,,,simbad,,,,,,,,,-69.1481244993406,-114.6948739721494,133.9267607211626,False,dwarf
283.6601732822129,-31.123581166479447,,,simbad,,,,,,,,,-66.87849364784908,-262.4156692908357,270.8038338021872,False,dwarf
283.6720681514854,-31.096311655980834,,,simbad,,,,,,,,,-62.229827738936265,-250.04115795702876,257.6686479432635,False,dwarf
283.8045663048159,-30.777711064375282,,,simbad,,,,,,,,,-10.447867443923421,-105.46479557674226,105.98104094681194,False,dwarf
283.8074583063688,-31.044227061796118,,,simbad,,,,,,,,,-9.317636525064241,-226.40591884673,226.59756935864363,False,dwarf
283.8396082480829,-30.98264335839833,,,simbad,,,,,,,,,3.2469688183389307,-198.46012071029207,198.48668045702956,False,dwarf
283.84342659402785,-30.872102284303057,,,simbad,,,,,,,,,4.73922688489441,-148.29817246730093,148.37387987313616,False,dwarf
283.85180876372294,-31.09918021969,,,simbad,,,,,,,,,8.015085207661214,-251.34287087675978,251.4706351275584,False,dwarf
283.8592519600779,-30.85785543877584,,,simbad,,,,,,,,,10.923980829470615,-141.83315904300264,142.25321915963914,False,dwarf
283.8659355998129,-30.971200536320556,,,simbad,,,,,,,,,13.536032082114868,-193.26753276488918,193.74096981680347,False,dwarf
283.8731664391246,-30.767899253981387,,,simbad,,,,,,,,,16.361935875698503,-101.01233725591707,102.32890707665943,False,dwarf
283.87467791296166,-30.94225901462695,,,simbad,,,,,,,,,16.95263903836302,-180.13428681852784,180.93024417709904,False,dwarf
283.8763136559937,-30.82298537901083,,,simbad,,,,,,,,,17.59190817992813,-126.0096278580718,127.23168452213767,False,dwarf
283.73073607684296,-31.03526023819556,,,simbad,,,,,,,,,-39.30165775999655,-222.33690336957278,225.78378795355223,False,dwarf
283.74568827008585,-31.140192591650827,,,simbad,,,,,,,,,-33.458150832820195,-269.95369492075594,272.0192001652095,False,dwarf
283.7527876301675,-30.764332377958613,,,simbad,,,,,,,,,-30.683630791373083,-99.39374026011261,104.02211688595858,False,dwarf
283.7559960339896,-30.926685835184724,,,simbad,,,,,,,,,-29.429745849217905,-173.06740215548854,175.5518032650168,False,dwarf
283.75893299849827,-31.04822375933528,,,simbad,,,,,,,,,-28.281942836478173,-228.21956265961373,229.96529536247675,False,dwarf
283.75928961943794,-31.033146200727778,,,simbad,,,,,,,,,-28.142570846194936,-221.3775835971672,223.15922300714763,False,dwarf
283.7602063012304,-30.72407891067,,,simbad,,,,,,,,,-27.78431996503197,-81.12729623232906,85.75317271032802,False,dwarf
283.76766993844626,-30.719281755883053,,,simbad,,,,,,,,,-24.86743579532566,-78.95041644256851,82.77413617483202,False,dwarf
283.7696013049429,-30.721034363424163,,,simbad,,,,,,,,,-24.112633251051555,-79.74572451684648,83.31146176257194,False,dwarf
283.7707206195412,-31.108156825081387,,,simbad,,,,,,,,,-23.6751908971208,-255.4163251897936,256.5112353045642,False,dwarf
283.7833300687546,-31.0374079542025,,,simbad,,,,,,,,,-18.747258076184945,-223.31150597826576,224.09705126943572,False,dwarf
283.7836959662104,-30.761889403411946,,,simbad,,,,,,,,,-18.604260705626597,-98.28515357618706,100.03044501499329,False,dwarf
283.7982411013754,-31.11460893381167,,,simbad,,,,,,,,,-12.919837242598245,-258.34419925683517,258.66705913979575,False,dwarf
283.98575184173126,-30.984749918427223,,,simbad,,,,,,,,,60.36174040908398,-199.4160473285651,208.3513850142642,False,dwarf
283.9881121524808,-30.973435997500562,,,simbad,,,,,,,,,61.28417981254862,-194.28195287007054,203.71850162983503,False,dwarf
283.98851522881625,-30.830404765820276,,,simbad,,,,,,,,,61.44170716121707,-129.37643879397243,143.22481032940922,False,dwarf
283.9076119880175,-31.050452429262222,,,simbad,,,,,,,,,29.823693645728127,-229.23090099191245,231.16284016302924,False,dwarf
283.90915842258374,-30.80486458117028,,,simbad,,,,,,,,,30.42805990515412,-117.78667063751769,121.65346936878832,False,dwarf
283.910999379115,-31.043255299107223,,,simbad,,,,,,,,,31.147529087274478,-225.96494692653036,228.1015690602594,False,dwarf
283.91535161855876,-30.96922443951306,,,simbad,,,,,,,,,32.84843951058195,-192.37080847853517,195.15518935699768,False,dwarf
283.91573238838043,-30.859875134696672,,,simbad,,,,,,,,,32.997249190509095,-142.7496679794018,146.51377465061094,False,dwarf
283.9189051985196,-31.02695171391055,,,simbad,,,,,,,,,34.237223669546445,-218.5666146459353,221.23189761511185,False,dwarf
283.92331382922043,-30.903512605960003,,,simbad,,,,,,,,,35.96017251197588,-162.55172429992925,166.48182207067316,False,dwarf
283.92796522644625,-30.741210672308338,,,simbad,,,,,,,,,37.777997594136735,-88.90144306098047,96.5952570292525,False,dwarf
283.93268089360583,-31.121197341806667,,,simbad,,,,,,,,,39.62094018228021,-261.33392396824775,264.3203335303013,False,dwarf
283.9387651461804,-30.98573631418639,,,simbad,,,,,,,,,41.99874332384013,-199.86365952541928,204.22873656680767,False,dwarf
283.9404732310204,-30.79412655934917,,,simbad,,,,,,,,,42.66628456227471,-112.91391090335456,120.70610222287726,False,dwarf
283.94591195806004,-30.897526949322778,,,simbad,,,,,,,,,44.79180813029536,-159.83551947837958,165.99307022434596,False,dwarf
283.94646422596753,-31.09856502683916,,,simbad,,,,,,,,,45.00764143920147,-251.06370521643262,255.0660147195692,False,dwarf
283.9508508458149,-30.876284462916388,,,simbad,,,,,,,,,46.72198816068495,-150.19598492173847,157.2951940279749,False,dwarf
283.9510356774629,-30.9487231946525,,,simbad,,,,,,,,,46.79422271505179,-183.06763866560382,188.9535911437143,False,dwarf
284.03954033456336,-30.995917555329438,,,simbad,,,,,,,,,81.38296621600185,-204.48376020244808,220.0836099682282,False,dwarf
283.67975847695,-30.60434665297,,,simbad,,,,,,,,,-59.224350923944534,-26.79452117183523,65.00361610857088,False,dwarf
283.91111649618,-30.639125963090002,,,simbad,,,,,,,,,31.193299922978202,-42.57687147415545,52.780791436010354,False,dwarf
283.75833085922,-30.44755891239999,,,simbad,,,,,,,,,-28.517266510168202,44.35349862060822,52.73013682042041,False,dwarf
283.75336358169,-30.450608727619993,,,simbad,,,,,,,,,-30.458541625076435,42.96953637428058,52.6697618577029,False,dwarf
283.745358,-30.458074999999997,,,simbad,,,,,,,,,-33.587224574909676,39.581449441353996,51.911393686972794,False,dwarf
283.7202246756,-30.58751661298,,,simbad,,,,,,,,,-43.40964680081643,-19.157291284071842,47.44891194447358,False,dwarf
283.6866863035458,-30.386754265122775,,,simbad,,,,,,,,,-56.516868346278,71.94577230364007,91.48961995788234,False,dwarf
283.76212860854037,-30.41382746291471,,,simbad,,,,,,,,,-27.033057865929475,59.660344850303694,65.49918293566607,False,dwarf
283.7927472471699,-30.561289915600007,,,simbad,,,,,,,,,-15.066905206831517,-7.255993532739424,16.723070132568452,False,dwarf
283.91276746435994,-30.374739065749996,,,simbad,,,,,,,,,31.83851924561026,77.39809682644294,83.6908400012124,False,dwarf
283.93582495565,-30.531217982709993,,,simbad,,,,,,,,,40.84967954084686,6.390216742867549,41.34647734221994,False,dwarf
283.94434461263995,-30.66544334106999,,,simbad,,,,,,,,,44.179269643738714,-54.519318776464985,70.17238763291428,False,dwarf
283.78842195708,-30.51774563905,,,simbad,,,,,,,,,-16.757283480572802,12.503772368372523,20.908153268243332,False,dwarf
283.8591,-30.598224999999996,,,simbad,,,,,,,,,10.864592901989262,-24.016603172066997,26.359753543052978,False,dwarf
283.775561,-30.365188999999997,,,simbad,,,,,,,,,-21.783508768494436,81.73177919554786,84.58489808906117,False,dwarf
283.82448100000005,-30.463563999999998,,,simbad,,,,,,,,,-2.664951762528406,37.09062025266307,37.18623506922774,False,dwarf
283.7250041666667,-30.4444,,,simbad,,,,,,,,,-41.54176101958234,45.78696759681766,61.823654941455224,False,dwarf
283.828661,-30.473608,,,simbad,,,,,,,,,-1.0313547002912906,32.532797630834274,32.54914152795169,False,dwarf
283.806241,-30.517975,,,simbad,,,,,,,,,-9.793375306859323,12.399691670793578,15.800713700075372,False,dwarf
283.78306249999997,-30.504497222222227,,,simbad,,,,,,,,,-18.851827342079762,18.515713220724315,26.423910199054404,False,dwarf
283.7796874999999,-30.484716666666674,,,simbad,,,,,,,,,-20.170820185431214,27.49184460099352,34.09785193407608,False,dwarf
283.93534269926,-30.435979428369997,,,simbad,,,,,,,,,40.661207621727236,49.608101792751214,64.1427904657817,False,dwarf
283.739177,-30.376392000000003,,,simbad,,,,,,,,,-36.002837838492795,76.64801905692187,84.68248436232292,False,dwarf
283.78699000000006,-30.474753999999994,,,simbad,,,,,,,,,-17.316910485125035,32.01275932691195,36.39632053480985,False,dwarf
283.74498256283,-30.426430912569998,,,simbad,,,,,,,,,-33.733950186872164,53.94108081685678,63.62090532915299,False,dwarf
283.95143299575,-30.324531798089723,,,simbad,,,,,,,,,46.949499745327,100.18143218309095,110.63713156346611,False,dwarf
283.732972,-30.44616300000001,,,simbad,,,,,,,,,-38.42783060671691,44.98694357428601,59.16521999700941,False,dwarf
283.75540800000005,-30.436170999999995,,,simbad,,,,,,,,,-29.659556997015095,49.52116934463269,57.72378655735412,False,dwarf
283.725193,-30.440392,,,simbad,,,,,,,,,-41.46796255580056,47.60574030373688,63.13397206256007,False,dwarf
283.761192,-30.438210000000012,,,simbad,,,,,,,,,-27.399096373122156,48.59590049497342,55.787740830589236,False,dwarf
283.768969,-30.465614,,,simbad,,,,,,,,,-24.35974604941034,36.16035976134935,43.6001014409597,False,dwarf
283.797018,-30.479322000000003,,,simbad,,,,,,,,,-13.397840786559291,29.939866680899208,32.800880393855444,False,dwarf
283.71749399999993,-30.447311,,,simbad,,,,,,,,,-44.4768294893744,44.465997699154826,62.89207670929723,False,dwarf
283.794064,-30.508442000000002,,,simbad,,,,,,,,,-14.55230148555967,16.725629848200583,22.17016401260127,False,dwarf
283.84808200000003,-30.52516,,,simbad,,,,,,,,,6.558618636032206,9.139242095142608,11.249054381881866,False,dwarf
283.811792,-30.553777999999998,,,simbad,,,,,,,,,-7.6239740407142795,-3.8471943635856043,8.539665370767759,False,dwarf
283.83291693859,-30.42176105736,,,simbad,,,,,,,,,0.6319201269055307,56.06019389100992,56.06375533394471,False,dwarf
283.789682,-30.506989,,,simbad,,,,,,,,,-16.264842712042583,17.384980333019495,23.807197433275498,False,dwarf
283.80493900000005,-30.457772999999992,,,simbad,,,,,,,,,-10.302213434842308,39.718492694222675,41.0328437176619,False,dwarf
283.658578,-30.535238000000003,,,simbad,,,,,,,,,-67.50195018767839,4.565990762725791,67.65620112587693,False,dwarf
283.837908,-30.533325,,,simbad,,,,,,,,,2.5824902840496873,5.4340826260830255,6.0165197626458795,False,dwarf
283.855364,-30.563511,,,simbad,,,,,,,,,9.404516676018535,-8.263889662097235,12.519457107112443,False,dwarf
283.793846,-30.498173,,,simbad,,,,,,,,,-14.637498652919366,21.385554231270643,25.91521361271857,False,dwarf
283.65087922708,-30.324547779,,,simbad,,,,,,,,,-70.51072837546522,100.17418027604342,122.50154778620507,False,dwarf
283.770761,-30.482298,,,simbad,,,,,,,,,-23.659409701211008,28.5894007188765,37.109587721696045,False,dwarf
283.76950600000004,-30.468796000000005,,,simbad,,,,,,,,,-24.149879632558115,34.7164139645868,42.29002346686039,False,dwarf
283.45054166666665,-30.53355555555556,,,simbad,,,,,,,,,-148.80519013332943,5.329459833698369,148.90059688508748,False,dwarf
283.71385088588,-30.32810849340999,,,simbad,,,,,,,,,-45.900604734276776,98.55837933142774,108.72267312483591,False,dwarf
283.78289800000005,-30.484319999999997,,,simbad,,,,,,,,,-18.91611603026556,27.671846224521346,33.51940511321801,False,dwarf
283.76520833333336,-30.47808333333333,,,simbad,,,,,,,,,-25.829462321832576,30.50195578427184,39.96911846038943,False,dwarf
283.84716806,-30.51389306,,,simbad,,,,,,,,,6.201439282176143,14.252017285381946,15.542774716032627,False,dwarf
283.83587611,-30.54795611,,,simbad,,,,,,,,,1.788401878585114,-1.2053044846760397,2.1566502220125865,False,dwarf
283.66900611,-30.41848389,,,simbad,,,,,,,,,-63.426512421941425,57.547325265852265,85.64237924803636,False,dwarf
283.62820389,-30.49837694,,,simbad,,,,,,,,,-79.37253795422086,21.29300919488175,82.179024220707,False,dwarf
283.65377806,-30.38561111,,,simbad,,,,,,,,,-69.37782767164575,72.46451964323208,100.32143130737789,False,dwarf
283.67083694,-30.47372611,,,simbad,,,,,,,,,-62.71100081680584,32.47920101296597,70.62271675520613,False,dwarf
283.72634889,-30.47932611,,,simbad,,,,,,,,,-41.01622607057809,29.938001622062504,50.78006244773028,False,dwarf
283.76068111,-30.46668194,,,simbad,,,,,,,,,-27.59875867051836,35.67574396178941,45.10487986216864,False,dwarf
283.77185111,-30.49662806,,,simbad,,,,,,,,,-23.233380875009136,22.08662576466147,32.056341409328795,False,dwarf
283.820435,-30.53062111,,,simbad,,,,,,,,,-4.246179923758747,6.661068986988372,7.8993597205311605,False,dwarf
283.74844389,-30.49218389,,,simbad,,,,,,,,,-32.381219589657874,24.103326139139234,40.36723563836587,False,dwarf
283.82034306,-30.49225389,,,simbad,,,,,,,,,-4.282111242849783,24.071561146751463,24.449468966379108,False,dwarf
283.69470194,-30.42685111,,,simbad,,,,,,,,,-53.38425586695546,53.750401271646986,75.75608497890872,False,dwarf
283.79312111,-30.40549111,,,simbad,,,,,,,,,-14.92079486689181,63.44326180552318,65.17420953094883,False,dwarf
283.81771889,-30.411955,,,simbad,,,,,,,,,-5.307670190905502,60.51004156786766,60.74237806836755,False,dwarf
283.68753111,-30.43676,,,simbad,,,,,,,,,-56.18670725973749,49.25388962297905,74.71875076367405,False,dwarf
283.72882111,-30.42921389,,,simbad,,,,,,,,,-40.05005111142036,52.67820571863946,66.17401266178953,False,dwarf
283.80963111,-30.48844,,,simbad,,,,,,,,,-8.468477283736151,25.802249529782273,27.156420756467607,False,dwarf
283.7834375,-30.417544444444445,,,simbad,,,,,,,,,-18.70527258171843,57.9736321361326,60.9165761136656,False,dwarf
283.42963986096333,-30.43986048512944,,,simbad,,,,,,,,,-156.9738811363192,47.8469341011154,164.10401720212624,False,dwarf
283.7375575569187,-30.440927626141942,,,simbad,,,,,,,,,-36.635736752369944,47.362680870583816,59.878215960712424,False,dwarf
283.85159,-30.373219,,,simbad,,,,,,,,,7.929589567664737,78.08788078323303,78.4894611774602,False,dwarf
283.7614458333333,-30.46378611111111,,,simbad,,,,,,,,,-27.29989508421877,36.98982942761431,45.973163396631236,False,dwarf
283.44944493187,-30.53933330824,,,simbad,,,,,,,,,-149.2338080141527,2.707598833252778,149.25836842819504,False,dwarf
283.49155338040583,-30.48102423076167,,,simbad,,,,,,,,,-132.77729178840318,29.16741886398477,135.94317760685857,False,dwarf
283.4783256067225,-30.43067831804333,,,simbad,,,,,,,,,-137.94687366138615,52.013669352258596,147.42714048789156,False,dwarf
283.67394166666656,-30.415638888888886,,,simbad,,,,,,,,,-61.497634223144956,58.838345817761265,85.11116233264703,False,dwarf
283.52066709001,-30.6008131685,,,simbad,,,,,,,,,-121.39928449644056,-25.1910767820247,123.98538875885971,False,dwarf
283.54361147969,-30.437799994369996,,,simbad,,,,,,,,,-112.43232574617285,48.781955148055054,122.55899404270735,False,dwarf
283.55689492108,-30.55754691704,,,simbad,,,,,,,,,-107.24098822674509,-5.557474664731332,107.3848922358169,False,dwarf
283.48542824988,-30.45571851321,,,simbad,,,,,,,,,-135.17107055223374,40.650789226249316,141.1513548604968,False,dwarf
283.39847290471874,-30.51511191675,,,simbad,,,,,,,,,-169.15432327989757,13.698917637044117,169.7081183347061,False,dwarf
283.48923497788627,-30.40840513063472,,,simbad,,,,,,,,,-133.68335292358012,62.12092118730239,147.41183025133876,False,dwarf
283.74465374657,-30.43091650308,,,simbad,,,,,,,,,-33.862455755365964,51.905584411168434,61.97463677061003,False,dwarf
283.78416500000003,-30.592375,,,simbad,,,,,,,,,-18.420956346588003,-21.361957379785636,28.207531898744328,False,dwarf
283.85789800000003,-30.453973999999995,,,simbad,,,,,,,,,10.394836043433312,41.44242420958588,42.72618799679103,False,dwarf
283.4309768337104,-30.614707971641945,,,simbad,,,,,,,,,-156.45137521480046,-31.496338439353842,159.59026330477872,False,dwarf
283.51478660839706,-30.64563960458416,,,simbad,,,,,,,,,-123.6974513594807,-45.53266822371405,131.81154482215095,False,dwarf
283.60264421033537,-30.665256377454167,,,simbad,,,,,,,,,-89.3615852298235,-54.43447737884854,104.63558305994852,False,dwarf
283.57562031317616,-30.556881813089724,,,simbad,,,,,,,,,-99.92286728954015,-5.255660065923262,100.06098825262318,False,dwarf
283.471698684892,-30.631381923528338,,,simbad,,,,,,,,,-140.5367588370004,-39.062737792506354,145.86458812287276,False,dwarf
284.36631408197917,-30.836235177936107,,,simbad,,,,,,,,,209.09029487535867,-132.02219588637698,247.28245311328772,False,dwarf
284.3716037795083,-30.82798019818,,,simbad,,,,,,,,,211.15757581882306,-128.27620489920832,247.0674130050859,False,dwarf
284.2772232326887,-30.213965927749445,,,simbad,,,,,,,,,174.27246002522566,150.35463260513703,230.1682121168551,False,dwarf
284.3676302122558,-30.17222949482611,,,simbad,,,,,,,,,209.60465529482826,169.2940250914363,269.43381089411116,False,dwarf
283.6058347516166,-31.07685643959529,,,simbad,,,,,,,,,-88.11468119537484,-241.21266080901992,256.80292984452075,False,dwarf
283.6092452141058,-31.10574941297777,,,simbad,,,,,,,,,-86.78182916111173,-254.32387623062036,268.72238442957496,False,dwarf
283.89207083333326,-29.980266666666658,,,simbad,,,,,,,,,23.75001311080544,256.4039933048201,257.5015939861765,False,dwarf
283.9216768026387,-30.3794930356093,,,simbad,,,,,,,,,35.32040174289998,75.24081373522273,83.11865513119382,False,dwarf
283.90428746750666,-30.039443883489167,,,simbad,,,,,,,,,28.52442882758726,229.55022413611715,231.3156900015252,False,dwarf
283.95374058063913,-30.32340110644195,,,simbad,,,,,,,,,47.85133321321256,100.69452377713107,111.4860404220417,False,dwarf
283.97636980909544,-30.11664391405945,,,simbad,,,,,,,,,56.69512295652607,194.51796151773326,202.61188099435324,False,dwarf
283.9580956959341,-30.079367668527503,,,simbad,,,,,,,,,49.55336755568876,211.43338516790533,217.16264089310803,False,dwarf
283.942825,-29.960200000000004,,,simbad,,,,,,,,,43.58538573362475,265.50995778888773,269.06360499815986,False,dwarf
283.9568966507379,-30.06922403262084,,,simbad,,,,,,,,,49.084765471965305,216.0364211299688,221.54243263104942,False,dwarf
283.94253333333336,-29.95500555555556,,,simbad,,,,,,,,,43.47139869776606,267.86712190644147,271.3716225090245,False,dwarf
283.9520563999871,-30.086560356666382,,,simbad,,,,,,,,,47.193134034874646,208.1694468254982,213.4518926870117,False,dwarf
283.9005708333334,-30.08449444444445,,,simbad,,,,,,,,,27.071921012561052,209.1069280540765,210.8520720019679,False,dwarf
283.90092500000003,-30.135524999999998,,,simbad,,,,,,,,,27.210333841766897,185.94999650135424,187.93031545398432,False,dwarf
283.90000478313,-30.104489059379997,,,simbad,,,,,,,,,26.85070140743197,200.0336596084391,201.82771153242547,False,dwarf
283.91496926964,-30.17415316403,,,simbad,,,,,,,,,32.6990126994603,168.4210916969313,171.56599185125708,False,dwarf
283.88019952772,-30.026070610979996,,,simbad,,,,,,,,,19.110556179027625,235.6188226994558,236.3925611514655,False,dwarf
283.96036542076,-30.10674482349,,,simbad,,,,,,,,,50.4404048302584,199.01002632587407,205.3027642718564,False,dwarf
283.92813848916,-30.05577206313001,,,simbad,,,,,,,,,37.84571086212692,222.1407312507828,225.34152371742812,False,dwarf
283.91570842286,-30.178498680169998,,,simbad,,,,,,,,,32.98788316089546,166.44915902405134,169.68654329454301,False,dwarf
283.9720063654396,-30.259989048804716,,,simbad,,,,,,,,,54.98983378488571,129.4700027492177,140.66400901286653,False,dwarf
283.98140813838,-30.30664347997,,,simbad,,,,,,,,,58.66416599906446,108.2988934527569,123.16710070249029,False,dwarf
283.8908686955817,-30.088712468596388,,,simbad,,,,,,,,,23.280202417173843,207.19284941019578,208.4966298799591,False,dwarf
283.94740654415546,-30.17441712068278,,,simbad,,,,,,,,,45.37591134913406,168.3013119674186,174.31094326151424,False,dwarf
283.98914371549085,-30.32181757966694,,,simbad,,,,,,,,,61.68732773184922,101.41310543358162,118.7010714205197,False,dwarf
283.9697058250716,-30.225016186182497,,,simbad,,,,,,,,,54.09075340529183,145.3401843909572,155.0792661923235,False,dwarf
283.93667742004993,-30.10848637080833,,,simbad,,,,,,,,,41.1828334497896,198.21973722148644,202.45268581846042,False,dwarf
283.9678556804138,-30.276358542788337,,,simbad,,,,,,,,,53.36769338667381,122.0417620098293,133.2002341284648,False,dwarf
283.8955634492725,-30.089309954921386,,,simbad,,,,,,,,,25.114971756240838,206.92171871641762,208.4403019640708,False,dwarf
283.9447409782746,-30.074710927733886,,,simbad,,,,,,,,,44.33417436533913,213.5465471086786,218.100084361963,False,dwarf
283.9443861789846,-30.132967839162507,,,simbad,,,,,,,,,44.195514298889954,187.11039928040353,192.25905701166698,False,dwarf
283.9340534073775,-30.174025744272782,,,simbad,,,,,,,,,40.15733598737219,168.47891294861418,173.19860202077098,False,dwarf
283.8883635774283,-30.11229596036251,,,simbad,,,,,,,,,22.30117044208729,196.49100031886667,197.75251050086794,False,dwarf
283.91583269325,-30.229534661350005,,,simbad,,,,,,,,,33.03644960684627,143.28976540105032,147.04884858887448,False,dwarf
283.96838953553,-30.128520249130002,,,simbad,,,,,,,,,53.57633074302719,189.12865161640212,196.57077625660597,False,dwarf
283.91244509456,-30.02838108315,,,simbad,,,,,,,,,31.712533035530072,234.570363686758,236.70433091024654,False,dwarf
283.95959470165,-30.001369985620002,,,simbad,,,,,,,,,50.13919801833006,246.8276109351275,251.86863381108807,False,dwarf
283.9036166666667,-30.08196944444444,,,simbad,,,,,,,,,28.262271343993813,210.25273670801514,212.1437467254962,False,dwarf
283.91700372628,-30.30038245625,,,simbad,,,,,,,,,33.49410418041729,111.14005589270425,116.07741829779845,False,dwarf
283.96718495141,-30.365709873030006,,,simbad,,,,,,,,,53.10556397756387,81.49541451222619,97.2712882195702,False,dwarf
283.8855988065254,-30.01066980277416,,,simbad,,,,,,,,,21.220662876345084,242.60748777661578,243.5337957208245,False,dwarf
283.96950561860456,-30.09541319338139,,,simbad,,,,,,,,,54.01251017647153,204.15215695622058,211.1763586328753,False,dwarf
283.97649621777714,-30.114604287783887,,,simbad,,,,,,,,,56.74452507399591,195.4435145622213,203.5143938651676,False,dwarf
283.9812111672404,-30.173986338495833,,,simbad,,,,,,,,,58.587187177300294,168.49679472296785,178.39178325601767,False,dwarf
283.99681663063546,-30.211444936367773,,,simbad,,,,,,,,,64.6860003727761,151.49862220577526,164.73041969980838,False,dwarf
283.99988536255216,-30.272326248938892,,,simbad,,,,,,,,,65.8852997612726,123.87155891592828,140.3033707110953,False,dwarf
283.90885265444456,-30.23220136137694,,,simbad,,,,,,,,,30.30856183484486,142.07965531458998,145.27641713233882,False,dwarf
283.91542664939544,-30.20173864336222,,,simbad,,,,,,,,,32.87776251402563,155.90319825464084,159.3322142379077,False,dwarf
283.9198533676146,-30.014853626607223,,,simbad,,,,,,,,,34.60778018823535,240.7089287451465,243.18405956639762,False,dwarf
283.92045718476413,-30.02979675636417,,,simbad,,,,,,,,,34.84375959530601,233.92795156004897,236.50871887483578,False,dwarf
283.92672191226086,-29.986085221998334,,,simbad,,,,,,,,,37.29209462746954,253.76361665039272,256.48912931582817,False,dwarf
283.92840363356413,-30.133654967675835,,,simbad,,,,,,,,,37.949332661079225,186.79859025191425,190.6144411358274,False,dwarf
283.9295500234067,-30.086738165304993,,,simbad,,,,,,,,,38.39735636419229,208.08875982475962,211.60172244375818,False,dwarf
283.9303218105633,-30.25728742747194,,,simbad,,,,,,,,,38.69898058230889,130.69595962159264,136.30497041384402,False,dwarf
283.9362527996779,-30.118606482176663,,,simbad,,,,,,,,,41.01688641813807,193.62737635629213,197.92409112096394,False,dwarf
283.93860814095586,-30.01893254754834,,,simbad,,,,,,,,,41.937383689015206,238.85797313602075,242.51159865319366,False,dwarf
283.94179366124126,-30.13352328344028,,,simbad,,,,,,,,,43.18232545455613,186.85834666248314,191.78309349131882,False,dwarf
283.9443414756538,-30.250831545803887,,,simbad,,,,,,,,,44.178043669741,133.62554579348674,140.7390707340814,False,dwarf
283.94537019808456,-30.051565447877223,,,simbad,,,,,,,,,44.58008145459646,224.0496327004513,228.44172468204138,False,dwarf
283.94556562194043,-30.107405213824727,,,simbad,,,,,,,,,44.65645557824031,198.71035069795172,203.6664000254198,False,dwarf
283.94699608341585,-29.981874010227212,,,simbad,,,,,,,,,45.21549808157136,255.67460393391883,259.6419541667541,False,dwarf
283.95217489289126,-30.119218171989726,,,simbad,,,,,,,,,47.23944256600476,193.34980032408257,199.0369569183308,False,dwarf
283.9557524662442,-29.958658982623334,,,simbad,,,,,,,,,48.637603647170984,266.20924929227317,270.6159287575196,False,dwarf
283.95653772126536,-30.207286846484447,,,simbad,,,,,,,,,48.944491277721326,153.38550354128034,161.00520464583454,False,dwarf
283.95915729362,-29.967495400592224,,,simbad,,,,,,,,,49.968253407620544,262.1994100136469,266.9182589485266,False,dwarf
283.9600141907767,-30.179706889661944,,,simbad,,,,,,,,,50.3031396941595,165.90089094815497,173.3594862719711,False,dwarf
283.96120345262295,-30.165194283071102,,,simbad,,,,,,,,,50.76791832054268,172.48650291763323,179.80260070242585,False,dwarf
283.96150627080044,-30.099786674805003,,,simbad,,,,,,,,,50.88626350838427,202.16753404018317,208.47331635903274,False,dwarf
283.9015080192892,-30.138095444575562,,,simbad,,,,,,,,,27.438185181022988,184.78356575318023,186.80958267307378,False,dwarf
283.93329691139587,-30.21691446722833,,,simbad,,,,,,,,,39.86168775454899,149.0166278323146,154.25598698642372,False,dwarf
283.8999594664321,-30.01112625402389,,,simbad,,,,,,,,,26.83299106664592,242.40035676986804,243.8810004320591,False,dwarf
283.96589660213544,-30.34946264596666,,,simbad,,,,,,,,,52.60206072634679,88.86817228316457,103.26920565981175,False,dwarf
283.9697689358908,-30.33813416687861,,,simbad,,,,,,,,,54.11541791456255,94.00887302573847,108.47187037954667,False,dwarf
283.4373850464908,-30.556947447797498,,,simbad,,,,,,,,,-153.94696431235096,-5.285444151533314,154.0376698761288,False,dwarf
283.43468018498993,-30.86496141828,,,simbad,,,,,,,,,-155.0040585232589,-145.05775025510115,212.2922727462146,False,dwarf
283.42313138711,-30.59384309235,,,simbad,,,,,,,,,-159.51747533882101,-22.02815655578627,161.03125354948213,False,dwarf
283.43595866436414,-30.589366243618052,,,simbad,,,,,,,,,-154.50441255438668,-19.996627043144866,155.79306336252185,False,dwarf
283.40204630180995,-30.8727349455,,,simbad,,,,,,,,,-167.75779433482842,-148.58526501164394,224.09876960542877,False,dwarf
283.50688051254,-30.642985626489992,,,simbad,,,,,,,,,-126.78725398289507,-44.32833116721846,134.31309957183527,False,dwarf
283.48159262743,-30.82424609778,,,simbad,,,,,,,,,-136.67008049629564,-126.58172388812861,186.28377203974145,False,dwarf
283.52344930496,-30.858370616539997,,,simbad,,,,,,,,,-120.31195957567037,-142.0669392966616,186.16654602279937,False,dwarf
283.372883874035,-30.58309273515278,,,simbad,,,,,,,,,-179.154841306348,-17.149799205505634,179.97381136235322,False,dwarf
283.48406299863,-30.67729731642,,,simbad,,,,,,,,,-135.70462807166726,-59.898482158470934,148.33601802987096,False,dwarf
283.45781740083413,-30.82984456335416,,,simbad,,,,,,,,,-145.96174086021023,-129.12222697867315,194.87785737449792,False,dwarf
283.52773389153,-30.866515068800002,,,simbad,,,,,,,,,-118.63748875423825,-145.76277449708465,187.94052295074619,False,dwarf
283.55453416983,-30.838552918570002,,,simbad,,,,,,,,,-108.16359978338224,-133.07395322336356,171.48772942864932,False,dwarf
283.35642969502,-30.590235306039993,,,simbad,,,,,,,,,-185.58534333996982,-20.390995060519444,186.70220229598957,False,dwarf
283.49261616274,-30.77223905295,,,simbad,,,,,,,,,-132.36194296092643,-102.9816755587174,167.70482833023166,False,dwarf
283.52639451504535,-30.658797853126387,,,simbad,,,,,,,,,-119.16093408689859,-51.503692006010795,129.81509350885287,False,dwarf
283.40937162488,-30.796038613880004,,,simbad,,,,,,,,,-164.8949650890701,-113.78157372641428,200.34119903650645,False,dwarf
283.42924326236,-30.57624949146,,,simbad,,,,,,,,,-157.12887690504868,-14.044433722666616,157.75528541393572,False,dwarf
283.52975773139,-30.655439980530005,,,simbad,,,,,,,,,-117.8465464456669,-49.97993775660703,128.00704155367796,False,dwarf
283.50800149828,-30.55257917611,,,simbad,,,,,,,,,-126.34915852555532,-3.3031853387526233,126.39232925101926,False,dwarf
283.4385728559,-30.6654914965,,,simbad,,,,,,,,,-153.48275331679955,-54.54117101743128,162.8855269864644,False,dwarf
283.52217988873,-30.875819331819994,,,simbad,,,,,,,,,-120.80806355271956,-149.98491512551504,192.58780590828144,False,dwarf
283.52428559478,-30.7647035551,,,simbad,,,,,,,,,-119.98512689789591,-99.56217510397059,155.91362156058682,False,dwarf
283.51924142796287,-30.736945147295003,,,simbad,,,,,,,,,-121.9564513222813,-86.9658092099499,149.7879434088918,False,dwarf
283.44104168688204,-30.86018610587417,,,simbad,,,,,,,,,-152.51790282889982,-142.8907822234813,208.99637874318321,False,dwarf
283.5071447150483,-30.89705554540278,,,simbad,,,,,,,,,-126.6840002887877,-159.62160316509943,203.78393490696473,False,dwarf
283.5149796854683,-30.773168789556387,,,simbad,,,,,,,,,-123.62199438906408,-103.40357664761845,161.16667509212223,False,dwarf
283.4158741812921,-30.901094838953895,,,simbad,,,,,,,,,-162.35368349771528,-161.45457643506035,228.96789905377796,False,dwarf
283.462926580865,-30.736889586590003,,,simbad,,,,,,,,,-143.96500844660028,-86.94059656178909,168.18023364102413,False,dwarf
283.48398497396,-30.92858801576,,,simbad,,,,,,,,,-135.73512110317841,-173.93058431964525,220.62608926114729,False,dwarf
283.46194843904993,-30.6853785474,,,simbad,,,,,,,,,-144.34727868477515,-63.56562845206448,157.72357459874556,False,dwarf
283.44858893518,-30.630483188719992,,,simbad,,,,,,,,,-149.5683423869012,-38.6549048733007,154.4826550624025,False,dwarf
283.42263593898997,-30.58194386272,,,simbad,,,,,,,,,-159.7111027535122,-16.628457432932507,160.5744124676836,False,dwarf
283.34754859739246,-30.55984669428695,,,simbad,,,,,,,,,-189.05618903227156,-6.601080475296284,189.1713954984932,False,dwarf
283.35020224843834,-30.54780469281055,,,simbad,,,,,,,,,-188.0191085172538,-1.136593543675124,188.02254389435961,False,dwarf
283.3596549833154,-30.621696097082218,,,simbad,,,,,,,,,-184.32485973127692,-34.66744917370757,187.55662064338466,False,dwarf
283.360503742865,-30.672606584991115,,,simbad,,,,,,,,,-183.99315372489852,-57.76989575668922,192.84927138408608,False,dwarf
283.3859939662442,-30.723725090709998,,,simbad,,,,,,,,,-174.03125084733838,-80.96673782753516,191.9439733513976,False,dwarf
283.38614295559125,-30.756421089204167,,,simbad,,,,,,,,,-173.97302391920175,-95.80371130224475,198.60756317641835,False,dwarf
283.38738298148587,-30.626970343388614,,,simbad,,,,,,,,,-173.48840605830426,-37.06082622750784,177.40273920465995,False,dwarf
283.39119847763624,-30.802643692375558,,,simbad,,,,,,,,,-171.99726172761572,-116.77886327101605,207.89507196821333,False,dwarf
283.3924016523879,-30.596579641929445,,,simbad,,,,,,,,,-171.5270457611974,-23.269963363726998,173.0982917954799,False,dwarf
283.39341986680876,-30.8851047642375,,,simbad,,,,,,,,,-171.12911463997781,-154.19851069759406,230.35267434700796,False,dwarf
283.3940900070996,-30.735488042388614,,,simbad,,,,,,,,,-170.86721530735676,-86.30459597770002,191.42645729826546,False,dwarf
283.3949214470846,-30.560666073694726,,,simbad,,,,,,,,,-170.5422780066519,-6.972903056003732,170.6847678169513,False,dwarf
283.39861060272585,-30.61792983490667,,,simbad,,,,,,,,,-169.1005091507279,-32.958373611833295,172.28243261044523,False,dwarf
283.3997052212483,-30.65518243588361,,,simbad,,,,,,,,,-168.67271833671344,-49.86306770329496,175.88863360626704,False,dwarf
283.3999847531725,-30.8976301640675,,,simbad,,,,,,,,,-168.56347371230223,-159.88235684381215,232.32738258735256,False,dwarf
283.40070795067044,-30.562615935398338,,,simbad,,,,,,,,,-168.28083894959522,-7.857722229854591,168.46419369177877,False,dwarf
283.401934942935,-30.76602760925195,,,simbad,,,,,,,,,-167.80131479679054,-100.16301181905351,195.42238915793516,False,dwarf
283.4053117630404,-30.767137942426668,,,simbad,,,,,,,,,-166.4816106331666,-100.66686503107024,194.55062167517482,False,dwarf
283.4124456306291,-30.747627068707782,,,simbad,,,,,,,,,-163.69360461991636,-91.81311138634962,187.68389279824666,False,dwarf
283.41322755525334,-30.67902264490583,,,simbad,,,,,,,,,-163.3880185507804,-60.68141139013239,174.29250785460817,False,dwarf
283.41948462682166,-30.946565037519452,,,simbad,,,,,,,,,-160.94267555263818,-182.08829802417935,243.0199438140502,False,dwarf
283.4211647622058,-30.744942480474727,,,simbad,,,,,,,,,-160.28605731633118,-90.59488388944415,184.11695510450977,False,dwarf
283.4226188286383,-30.608651550390547,,,simbad,,,,,,,,,-159.71778969614164,-28.748021654513067,162.28438339676828,False,dwarf
283.4236402419749,-30.75534816866945,,,simbad,,,,,,,,,-159.31860839806123,-95.31683540772407,185.65483590264475,False,dwarf
283.42580953427455,-30.771833160161943,,,simbad,,,,,,,,,-158.47082142967844,-102.79748725411264,188.89236255168308,False,dwarf
283.4264600755604,-30.93547411872972,,,simbad,,,,,,,,,-158.21658163699004,-177.05539872542332,237.44704867130474,False,dwarf
283.4288673464179,-30.885905152185277,,,simbad,,,,,,,,,-157.2757896272065,-154.56171522712592,220.51076576170263,False,dwarf
283.43072185199793,-30.63840491477917,,,simbad,,,,,,,,,-156.55102530485925,-42.24967012981607,162.15196005624153,False,dwarf
283.4334833429541,-30.81061999656917,,,simbad,,,,,,,,,-155.47179958394784,-120.39839529931373,196.63990962294775,False,dwarf
283.4340598888991,-30.67558508205278,,,simbad,,,,,,,,,-155.24647810976646,-59.12149484935259,166.12290666463858,False,dwarf
283.4345413792016,-30.79039393508167,,,simbad,,,,,,,,,-155.0583055873804,-111.22009973995529,190.82187693709295,False,dwarf
283.43702357266744,-30.849672603298888,,,simbad,,,,,,,,,-154.0882328711751,-138.11990609123592,206.9306453090342,False,dwarf
283.4391120432229,-30.61076601656167,,,simbad,,,,,,,,,-153.27203206640223,-29.70753596632325,156.124480806037,False,dwarf
283.4394589513179,-30.796972928084163,,,simbad,,,,,,,,,-153.13645597912696,-114.2055520632923,191.03319677984888,False,dwarf
283.4398716725675,-30.6177573305825,,,simbad,,,,,,,,,-152.97515927554852,-32.88009363263566,156.46884646047062,False,dwarf
283.44370701022916,-30.640197217618606,,,simbad,,,,,,,,,-151.47626063038587,-43.06299135908365,157.4785025308442,False,dwarf
283.4443129749929,-30.73124676433527,,,simbad,,,,,,,,,-151.23944190841067,-84.37996504809253,173.18587497335008,False,dwarf
283.4443864328567,-30.673765884685828,,,simbad,,,,,,,,,-151.21073364275782,-58.29596927063241,162.0589584132379,False,dwarf
283.44643917288033,-30.601118304257774,,,simbad,,,,,,,,,-150.40849678338483,-25.32954299663226,152.5263965779554,False,dwarf
283.44847228751667,-30.731212706028046,,,simbad,,,,,,,,,-149.61392977448983,-84.36450987852461,171.76058485464483,False,dwarf
283.4485562936212,-30.809458773724447,,,simbad,,,,,,,,,-149.5810991224498,-119.87144908757963,191.68638324366276,False,dwarf
283.4524339015237,-30.635135425555553,,,simbad,,,,,,,,,-148.0656807305694,-40.76602298274179,153.5751100928674,False,dwarf
283.4536464075341,-30.59832262821556,,,simbad,,,,,,,,,-147.59181798975794,-24.060905450981053,149.54020164705838,False,dwarf
283.4541319763704,-30.71640828742111,,,simbad,,,,,,,,,-147.40205152458316,-77.64647781662637,166.60234185323964,False,dwarf
283.36989116505754,-30.65538716854722,,,simbad,,,,,,,,,-180.32442996513646,-49.95597243902172,187.11627193961434,False,dwarf
283.37214312626287,-30.54485357541111,,,simbad,,,,,,,,,-179.4443349389887,0.20258105238624147,179.44444928940752,False,dwarf
283.373170503892,-30.75303603627,,,simbad,,,,,,,,,-179.04282271965837,-94.26762300680048,202.34306786933737,False,dwarf
283.3788873757658,-30.707440024499448,,,simbad,,,,,,,,,-176.80859661959542,-73.57680919627052,191.5067275322076,False,dwarf
283.38109233460835,-30.691873687040555,,,simbad,,,,,,,,,-175.94687071348426,-66.51302932678172,188.09913445864888,False,dwarf
283.38150007329,-30.576435448283892,,,simbad,,,,,,,,,-175.78752126073454,-14.128818252596487,176.35440492431172,False,dwarf
283.38275263611285,-30.79878363279278,,,simbad,,,,,,,,,-175.29800380914475,-115.02722379590801,209.66795738420507,False,dwarf
283.47281855004877,-30.740411363342503,,,simbad,,,,,,,,,-140.0991013178015,-88.53872815792263,165.73130233567267,False,dwarf
283.47494769727075,-30.80903664250833,,,simbad,,,,,,,,,-139.26700355538804,-119.67989201806728,183.6261823181888,False,dwarf
283.47739325247073,-30.89216427511361,,,simbad,,,,,,,,,-138.31124953858102,-157.40201511517472,209.5361451187869,False,dwarf
283.4827960748979,-30.870228169346113,,,simbad,,,,,,,,,-136.19975794889334,-147.44772607675304,200.72669476315883,False,dwarf
283.4832370635417,-30.79381601145195,,,simbad,,,,,,,,,-136.0274139888551,-112.7729887377722,176.69523011486493,False,dwarf
283.4845393717453,-30.655861613163047,,,simbad,,,,,,,,,-135.5184554109786,-50.1712685762985,144.50746675356422,False,dwarf
283.48480270949955,-30.649797505840002,,,simbad,,,,,,,,,-135.41553967372772,-47.419463962782295,143.47813055530287,False,dwarf
283.48756985564955,-30.72375855030944,,,simbad,,,,,,,,,-134.33410383127028,-80.98192131212834,156.85573955566386,False,dwarf
283.48900623709164,-30.68290386632222,,,simbad,,,,,,,,,-133.77274772982946,-62.442653800720564,147.62869994979036,False,dwarf
283.4942348979667,-30.648367478890275,,,simbad,,,,,,,,,-131.72932068558538,-46.77053831749145,139.78589765349625,False,dwarf
283.49615287285627,-30.616172375031663,,,simbad,,,,,,,,,-130.97975175135068,-32.16086361828063,134.87036930890008,False,dwarf
283.51159875509705,-30.902628511240277,,,simbad,,,,,,,,,-124.94330489674999,-162.15053484220232,204.70375030305257,False,dwarf
283.5136369388387,-30.731208982750555,,,simbad,,,,,,,,,-124.14675681715285,-84.36282030879406,150.09831004602003,False,dwarf
283.51966601009667,-30.80755487780639,,,simbad,,,,,,,,,-121.79051923460605,-119.00748852556032,170.28127583676462,False,dwarf
283.52152710872076,-30.670205951528896,,,simbad,,,,,,,,,-121.06317826694543,-56.68052284740766,133.67488471044106,False,dwarf
283.52257905804834,-30.763875815053325,,,simbad,,,,,,,,,-120.65206311594471,-99.18655858567882,156.18864791720364,False,dwarf
283.5258143167987,-30.904097084344446,,,simbad,,,,,,,,,-119.38768292691863,-162.81695217752645,201.8979414234761,False,dwarf
283.5269913957674,-30.88028083560833,,,simbad,,,,,,,,,-118.92766552372134,-152.00948132362768,193.00433165916368,False,dwarf
283.5274012107287,-30.679517997003053,,,simbad,,,,,,,,,-118.7675046345144,-60.90619504151551,133.47391037781327,False,dwarf
283.5278140071237,-30.900904247230276,,,simbad,,,,,,,,,-118.60617856319428,-161.36808865435137,200.26753513568525,False,dwarf
283.5325903123529,-30.901607796781672,,,simbad,,,,,,,,,-116.73953784769972,-161.68734931354402,199.42647423282224,False,dwarf
283.53528198618335,-30.616579856574724,,,simbad,,,,,,,,,-115.68759754579669,-32.3457728770351,120.12439073281897,False,dwarf
283.5371866761146,-30.655554580788888,,,simbad,,,,,,,,,-114.94322054194338,-50.031941704477,125.36003804751344,False,dwarf
283.5373232117571,-30.78171742765528,,,simbad,,,,,,,,,-114.889860679614,-107.28282556368352,157.19187239774473,False,dwarf
283.54289452053956,-30.79536651277195,,,simbad,,,,,,,,,-112.71252248347176,-113.4765839181251,159.9407634792157,False,dwarf
283.54418038524994,-30.916059588199442,,,simbad,,,,,,,,,-112.2099902314761,-168.24536423288362,202.23151211817517,False,dwarf
283.5445443381461,-30.734534976758336,,,simbad,,,,,,,,,-112.06775281952669,-85.87210851356564,141.18498589646182,False,dwarf
283.5457848252025,-30.769598180692217,,,simbad,,,,,,,,,-111.58295473076217,-101.78328574212215,151.03176170233135,False,dwarf
283.54848106993416,-30.930862321625828,,,simbad,,,,,,,,,-110.52922806263189,-174.9626315841053,206.9507977925107,False,dwarf
283.55323316386784,-30.88805809351612,,,simbad,,,,,,,,,-108.67204942877942,-155.5386890125876,189.74166149479538,False,dwarf
283.56048524849285,-30.8116158320875,,,simbad,,,,,,,,,-105.83784269706787,-120.85029112299783,160.64383527319873,False,dwarf
283.56674317745376,-30.772088075778612,,,simbad,,,,,,,,,-103.39216461901019,-102.91316429157882,145.88029026948774,False,dwarf
283.56999023450203,-30.82364070032389,,,simbad,,,,,,,,,-102.1231735053854,-126.30700323692645,162.42721949693038,False,dwarf
283.4608665251829,-30.778923819806387,,,simbad,,,,,,,,,-144.77010435816345,-106.01512653439337,179.43686959478805,False,dwarf
283.4634762544838,-30.83304871630195,,,simbad,,,,,,,,,-143.75018901864524,-130.57622546425972,194.2016155941794,False,dwarf
283.5820392713629,-30.877074665403892,,,simbad,,,,,,,,,-97.41425694588912,-150.55456743601158,179.32154146159982,False,dwarf
283.5844129450054,-30.891717319279994,,,simbad,,,,,,,,,-96.48659515421927,-157.19919299157792,184.4485004592273,False,dwarf
283.34491100958417,-30.551942909273603,,,simbad,,,,,,,,,-190.0869918301107,-3.0144566071270695,190.11089240666044,False,dwarf
283.3651275289996,-30.716168820208047,,,simbad,,,,,,,,,-182.18611940768133,-77.53781104234592,197.99973294443723,False,dwarf
283.36947104304284,-30.57779007641945,,,simbad,,,,,,,,,-180.48861898164682,-14.743529001343791,181.08979327757694,False,dwarf
283.3702973455979,-30.747530900972226,,,simbad,,,,,,,,,-180.16568945377483,-91.76947185223882,202.19127483744913,False,dwarf
283.40687230419286,-30.577466850883056,,,simbad,,,,,,,,,-165.87173134078287,-14.596853905592067,166.51276047777856,False,dwarf
283.4145833544825,-30.786735054617232,,,simbad,,,,,,,,,-162.85815500108146,-109.55975245287952,196.28071226662215,False,dwarf
283.4156273101475,-30.78304119568834,,,simbad,,,,,,,,,-162.4501638748933,-107.88353244213323,195.0100313193465,False,dwarf
283.4157794369329,-30.943328606134443,,,simbad,,,,,,,,,-162.39071079601408,-180.61965204841422,242.88722004034076,False,dwarf
283.42955971110416,-30.79580151595083,,,simbad,,,,,,,,,-157.00520471872164,-113.67398209905755,193.8360351302733,False,dwarf
283.44231815848667,-30.943878116892222,,,simbad,,,,,,,,,-152.01904152188217,-180.86901212037154,236.26973680653822,False,dwarf
283.4521375965758,-30.920629437699713,,,simbad,,,,,,,,,-148.18148046558488,-170.31909615549324,225.7572715732467,False,dwarf
283.4582471540842,-30.646059719486107,,,simbad,,,,,,,,,-145.7937878346693,-45.72331031888122,152.79545044829467,False,dwarf
283.47109364936705,-30.927538021026386,,,simbad,,,,,,,,,-140.7732144006388,-173.45411182366277,223.39074913976168,False,dwarf
283.4727451192258,-30.606476876711668,,,simbad,,,,,,,,,-140.12779901555808,-27.761186042337016,142.85126358356754,False,dwarf
283.43459011395,-30.855287156070005,,,simbad,,,,,,,,,-155.0392594290628,-140.66770932019446,209.34320244446192,False,dwarf
283.90075800000005,-30.538330000000002,,,simbad,,,,,,,,,27.145068121826526,3.162885670462634,27.328713271996918,False,dwarf
283.79731605274,-30.486282461829997,,,simbad,,,,,,,,,-13.281357992185148,26.781309294686253,29.89369494816973,False,dwarf
283.65549999999996,-30.364397222222227,,,simbad,,,,,,,,,-68.7048716607866,82.09107655386916,107.04813982362498,False,dwarf
283.68779799999993,-30.442574999999998,,,simbad,,,,,,,,,-56.082403259773486,46.615126326890135,72.92603072884042,False,dwarf
283.7593708333333,-30.457388888888886,,,simbad,,,,,,,,,-28.1108314249193,39.89279678736168,48.802193382244255,False,dwarf
284.09348032169123,-30.183188155971663,,,simbad,,,,,,,,,102.4633979168213,164.32114240782815,193.64964692680076,False,dwarf
283.95512492250583,-30.772537241538053,,,simbad,,,,,,,,,48.392351587994284,-103.11698924770552,113.90756411989271,False,dwarf
284.0104635851212,-30.21298041054777,,,simbad,,,,,,,,,70.01940342456035,150.80184612524627,166.26458928681654,False,dwarf
284.09568256010454,-30.1698383409225,,,simbad,,,,,,,,,103.32406064465543,170.37909631347281,199.260879172747,False,dwarf
283.86801111,-30.520245,,,simbad,,,,,,,,,14.347167810441299,11.369598346266496,18.30598237561669,False,dwarf
283.79061889,-30.40901389,,,simbad,,,,,,,,,-15.898694206865725,61.84467495011403,63.85555807577511,False,dwarf
283.8329166666667,-31.037222222222223,,,simbad,,,,,,,,,0.6318138558166585,-223.22722347913125,223.2281176083121,False,dwarf
283.704708,-30.465222,,,simbad,,,,,,,,,-49.4737605988699,36.33824371871164,61.38502214999012,False,dwarf
283.74175099999997,-30.578232,,,simbad,,,,,,,,,-34.9968859633231,-14.944067560936691,38.05400350023216,False,dwarf
283.73252,-30.517962999999995,,,simbad,,,,,,,,,-38.6044779445303,12.405137098061125,40.54865156563679,False,dwarf
283.74970799999994,-30.375713000000008,,,simbad,,,,,,,,,-31.88718935467444,76.95613948306624,83.30090185032819,False,dwarf
283.80039999999997,-30.501247222222226,,,simbad,,,,,,,,,-12.076112254386528,19.99051643866001,23.35494026249865,False,dwarf
283.88054909234745,-30.88919251085778,,,simbad,,,,,,,,,19.24717047292558,-156.05347127288337,157.23593567480208,False,dwarf
283.7358539543479,-30.501826523728333,,,simbad,,,,,,,,,-37.30152626312112,19.727637753933713,42.196961417959294,False,dwarf
283.7987728132266,-30.477236309055,,,simbad,,,,,,,,,-12.712037501439786,30.886323209301956,33.40001285669627,False,dwarf
284.04561353013,-30.455205496840005,,,simbad,,,,,,,,,83.75644813852384,40.883588670348914,93.20198724999116,False,dwarf
283.8237468485038,-30.332966252817222,,,simbad,,,,,,,,,-2.951867486807471,96.35399803735379,96.39920362452197,False,dwarf
283.814232,-30.490668999999993,,,simbad,,,,,,,,,-6.670391066591146,24.79076141508574,25.67247492005714,False,dwarf
283.780425,-30.43063333333334,,,simbad,,,,,,,,,-19.88259582334218,52.03408276612143,55.703351658459106,False,dwarf
283.773208,-30.490056,,,simbad,,,,,,,,,-22.703091038206896,25.068931991265806,33.82132010835503,False,dwarf
283.83215833333327,-30.355480555555555,,,simbad,,,,,,,,,0.335447562592016,86.13733153641179,86.13798470640563,False,dwarf
283.66872009254,-30.57494331185,,,simbad,,,,,,,,,-63.53829167609934,-13.45170821742725,64.9466162558441,False,dwarf
283.8759770120199,-30.535885178069993,,,simbad,,,,,,,,,17.46034344148929,4.272310670357271,17.975434113222597,False,dwarf
284.00326594629996,-30.57006203722,,,simbad,,,,,,,,,67.20647480410834,-11.23665605375046,68.13936230157672,False,dwarf
284.16091250794,-30.394882533709996,,,simbad,,,,,,,,,128.81675230833198,68.25728102097051,145.78344243308942,False,dwarf
283.69694310298,-30.631167777260004,,,simbad,,,,,,,,,-52.50838092434033,-38.965561298460514,65.38688732918635,False,dwarf
283.66962083333334,-30.418388888888888,,,simbad,,,,,,,,,-63.186270739782394,57.59043540258424,85.49364338861872,False,dwarf
283.82408922637,-30.60373590065,,,simbad,,,,,,,,,-2.8180618704398244,-26.51737056048109,26.66669109858769,False,dwarf
283.6409739999999,-30.48786400000001,,,simbad,,,,,,,,,-74.38181685845574,26.06363003855816,78.81603574115918,False,dwarf
283.7030449999999,-30.425741000000002,,,simbad,,,,,,,,,-50.123682109551716,54.25415321018856,73.86404164933035,False,dwarf
283.829736,-30.441724999999998,,,simbad,,,,,,,,,-0.6112310539009173,47.0008440915819,47.00481835644556,False,dwarf
283.7200509108528,-30.870040280210276,,,simbad,,,,,,,,,-43.47755626983501,-147.36246469147684,153.64242219889476,False,dwarf
283.88425004015676,-30.912182723591112,,,simbad,,,,,,,,,20.693547857817165,-166.48609887907995,167.76723173170186,False,dwarf
283.97675214248756,-31.109344607323887,,,simbad,,,,,,,,,56.844543699614455,-255.95532367393048,262.19158999755103,False,dwarf
284.02701396416705,-30.96621865429361,,,simbad,,,,,,,,,76.48750165141509,-191.0068264126692,205.75214614947464,False,dwarf
283.9672124628246,-31.022843355245,,,simbad,,,,,,,,,53.116315787627315,-216.7023006212012,223.1170771083478,False,dwarf
284.08316620688333,-30.16022703512889,,,simbad,,,,,,,,,98.43251091925335,174.7405685328498,200.55728731973943,False,dwarf
284.2510069631096,-30.570444065812502,,,simbad,,,,,,,,,164.0268090761072,-11.410015129924567,164.42318127610486,False,dwarf
284.3124692930408,-30.651646998143885,,,simbad,,,,,,,,,188.04706783547806,-48.25873694780136,194.1406845906287,False,dwarf
284.3184860795471,-30.32056318462361,,,simbad,,,,,,,,,190.39850438111452,101.98233184788097,215.9907092439316,False,dwarf
284.3192421554196,-30.918036527363057,,,simbad,,,,,,,,,190.69398842995383,-169.14247076831802,254.89874978299656,False,dwarf
284.3230496648325,-30.192645677610273,,,simbad,,,,,,,,,192.18201144225105,160.02945522434732,250.08668909278418,False,dwarf
284.32369350209086,-30.401090937359438,,,simbad,,,,,,,,,192.43363121588672,65.43999681160528,203.25623140665283,False,dwarf
284.33900428850455,-30.3099644419625,,,simbad,,,,,,,,,198.41728090632375,106.79188870408596,225.33070109340377,False,dwarf
284.2722744168116,-30.127058426259723,,,simbad,,,,,,,,,172.33839995864923,189.7920057927518,256.3621063323191,False,dwarf
283.6724098001108,-30.733681701089168,,,simbad,,,,,,,,,-62.09630711912398,-85.48490429735934,105.65803433985157,False,dwarf
284.35796051891157,-30.62448832452584,,,simbad,,,,,,,,,205.82561638576385,-35.93452179495537,208.93892461006814,False,dwarf
284.3664588048329,-30.513986126934164,,,simbad,,,,,,,,,209.1468544037541,14.20978485030977,209.62901681894425,False,dwarf
284.4199008270529,-30.836763624514997,,,simbad,,,,,,,,,230.03267509724955,-132.26199733716348,265.3455625255727,False,dwarf
283.7852110164967,-31.13704128989305,,,simbad,,,,,,,,,-18.01215982120911,-268.5236795444321,269.1271156489172,False,dwarf
284.2321715209046,-30.73419432575139,,,simbad,,,,,,,,,156.66567915934186,-85.7175259901084,178.58227596355343,False,dwarf
283.793056,-30.51360899999999,,,simbad,,,,,,,,,-14.946240681436715,14.380919624489952,20.7412863572507,False,dwarf
283.67053194,-30.44656611,,,simbad,,,,,,,,,-62.83019868857621,44.80401805885026,77.16886614084558,False,dwarf
283.3820222485,-30.6664383456,,,simbad,,,,,,,,,-175.58344856002233,-54.97083750960918,183.98733756630608,False,dwarf
283.18409460990745,-30.64173074581194,,,simbad,,,,,,,,,-252.93608227800513,-43.75888437887588,256.69340014934085,False,dwarf
283.63186011806795,-30.91588345387556,,,simbad,,,,,,,,,-77.94363761196635,-168.1654370120669,185.3505458574238,False,dwarf
283.44644550330247,-30.75411633256028,,,simbad,,,,,,,,,-150.4060227740482,-94.75784591302427,177.7667602471957,False,dwarf
283.32135688770336,-30.829516430826118,,,simbad,,,,,,,,,-199.29224166461492,-128.97332516074388,237.38474296113944,False,dwarf
283.3240144192667,-30.69651149518695,,,simbad,,,,,,,,,-198.25364459411068,-68.61759990477312,209.79247510704351,False,dwarf
283.2764063192808,-30.90572240915166,,,simbad,,,,,,,,,-216.85949442087485,-163.55450117933225,271.6212715832426,False,dwarf
283.49254108003,-30.619491874245554,,,simbad,,,,,,,,,-132.39128623710226,-33.66720457907402,136.60502675847462,False,dwarf
283.51376872348453,-31.00810625766555,,,simbad,,,,,,,,,-124.0952537046481,-210.01481787252408,243.93822110946542,False,dwarf
283.5322524516562,-30.6131817312875,,,simbad,,,,,,,,,-116.87157809688269,-30.80375253594547,120.86288486194394,False,dwarf
283.4171581290621,-30.658586351552213,,,simbad,,,,,,,,,-161.85190041036518,-51.40771563610613,169.81987779223468,False,dwarf
283.5082923533075,-30.67163653814112,,,simbad,,,,,,,,,-126.23548868859314,-57.32970245948232,138.64376433341926,False,dwarf
283.5967765835829,-30.985035472345828,,,simbad,,,,,,,,,-91.65472825020576,-199.54562758642714,219.58835738599655,False,dwarf
283.6944203867399,-30.303159175090002,,,simbad,,,,,,,,,-53.4942904551283,109.88002085253834,122.20989360052602,False,dwarf
283.82027279269,-29.98563038646,,,simbad,,,,,,,,,-4.309572599601215,253.97001447056877,254.0065760293858,False,dwarf
283.8064628516196,-30.15023049096417,,,simbad,,,,,,,,,-9.70667287768289,179.27685637973113,179.53944060220607,False,dwarf
283.8620833333334,-30.349166666666665,,,simbad,,,,,,,,,12.030517440054986,89.00248342903416,89.81188900368907,False,dwarf
283.8710041666667,-30.362477777777777,,,simbad,,,,,,,,,15.51689235059469,82.96209281335342,84.40072743875737,False,dwarf
283.6782065287699,-30.060825288,,,simbad,,,,,,,,,-59.830871973645394,219.847650543332,227.84363649342893,False,dwarf
283.68135374878,-30.024962198889998,,,simbad,,,,,,,,,-58.6008984418875,236.12180415087903,243.2849598591382,False,dwarf
283.75509100000005,-30.376145999999995,,,simbad,,,,,,,,,-29.78344462111591,76.75965031588206,82.33527488334249,False,dwarf
283.85516842233,-29.97565911731806,,,simbad,,,,,,,,,9.32808243986482,258.494832875932,258.6630853940332,False,dwarf
283.73996487959,-30.32744602512,,,simbad,,,,,,,,,-35.69492449312326,98.85899790553742,105.10579956147436,False,dwarf
283.9046115665846,-30.307289233963054,,,simbad,,,,,,,,,28.65109086146675,108.00585958600229,111.7414458133743,False,dwarf
283.8644792996,-30.01384067751,,,simbad,,,,,,,,,12.966891472210525,241.16859046458973,241.51693377717655,False,dwarf
283.8568916666667,-30.358688888888896,,,simbad,,,,,,,,,10.001548202052687,84.68143605203716,85.27002156838734,False,dwarf
283.83660296117,-30.10630087073001,,,simbad,,,,,,,,,2.072464542695232,199.21148569788815,199.22226568142585,False,dwarf
283.74677292047,-30.26822626188,,,simbad,,,,,,,,,-33.03425569379651,125.7320740260659,129.99929418323487,False,dwarf
283.82488118938,-30.10842588009,,,simbad,,,,,,,,,-2.508552672713614,198.24718703873256,198.26305759087342,False,dwarf
283.85339999999997,-30.33951666666666,,,simbad,,,,,,,,,8.63696054436969,93.38151452228894,93.78008499634376,False,dwarf
283.84335736369,-30.123670033530004,,,simbad,,,,,,,,,4.712170790050952,191.32960963934244,191.38762780884707,False,dwarf
283.6892041666666,-30.328877777777773,,,simbad,,,,,,,,,-55.53285547611247,98.20928915877714,112.82270389599381,False,dwarf
283.77777858947,-30.263551244460004,,,simbad,,,,,,,,,-20.916846652817558,127.85352963680707,129.55323042860564,False,dwarf
283.82007891104,-30.22597136944,,,simbad,,,,,,,,,-4.385344009610895,144.90673597807023,144.97307810038657,False,dwarf
283.69980648744,-30.06380800689,,,simbad,,,,,,,,,-51.389333928663845,218.49413564574348,224.45612255675334,False,dwarf
283.83521824938,-30.27540211314,,,simbad,,,,,,,,,1.5313015971949369,122.47577601693482,122.48534849332779,False,dwarf
283.88881954093,-30.258414543379995,,,simbad,,,,,,,,,22.479366766679185,130.18449064676662,132.1110273035107,False,dwarf
283.79037020299,-30.34330902656,,,simbad,,,,,,,,,-15.995884247286295,91.66059619174672,93.04586614718053,False,dwarf
283.78868925633,-30.06061555635999,,,simbad,,,,,,,,,-16.65281954048935,219.94282374258978,220.5723512013961,False,dwarf
283.89769410798215,-30.23252038964416,,,simbad,,,,,,,,,25.94766022722431,141.93488487917216,144.28718798608327,False,dwarf
283.74229087008996,-30.134880014819995,,,simbad,,,,,,,,,-34.78589787888437,186.24268149181168,189.4634400102051,False,dwarf
283.68870785182,-30.11888935089,,,simbad,,,,,,,,,-55.726821618539674,193.49901460592832,201.36371892962694,False,dwarf
283.84728291458,-30.334270713839995,,,simbad,,,,,,,,,6.246325910030029,95.76205240225977,95.96555250540403,False,dwarf
283.87965067909,-30.353995453780005,,,simbad,,,,,,,,,18.896059167173064,86.81124934488605,88.84398721843411,False,dwarf
283.86037878251,-30.18722616936,,,simbad,,,,,,,,,11.364357340166958,162.48875005731068,162.88567313592128,False,dwarf
283.7959319393037,-30.149675708444448,,,simbad,,,,,,,,,-13.822287093451285,179.52860870137343,180.05992603226474,False,dwarf
283.822741858295,-30.166873867636383,,,simbad,,,,,,,,,-3.344630418072598,171.72433161865763,171.7568997813718,False,dwarf
283.81142638530207,-30.23270361299722,,,simbad,,,,,,,,,-7.766860905905327,141.85174075895966,142.06421254024104,False,dwarf
283.8694221061221,-30.280501331780282,,,simbad,,,,,,,,,14.898603006577472,120.1618239985831,121.08192399451728,False,dwarf
283.8529691853804,-30.096339322767218,,,simbad,,,,,,,,,8.4685927221474,203.7318927720846,203.9078252426566,False,dwarf
283.8287877317008,-30.1427696061875,,,simbad,,,,,,,,,-0.9818263428495869,182.66249849581607,182.665137176478,False,dwarf
283.82743887156255,-29.960064990112773,,,simbad,,,,,,,,,-1.5089780077361246,265.57122333231575,265.5755103108164,False,dwarf
283.87092912426874,-30.21418455786944,,,simbad,,,,,,,,,15.487564828851786,150.25542140375015,151.0515022286982,False,dwarf
283.8562024677466,-30.088159854508884,,,simbad,,,,,,,,,9.732200515154744,207.44361772851195,207.67178494720986,False,dwarf
283.6791050080858,-30.056868093271397,,,simbad,,,,,,,,,-59.479734851415415,221.64336854940703,229.48555876116248,False,dwarf
283.89071405833295,-30.169194664953057,,,simbad,,,,,,,,,23.21976821736463,170.67118720302378,172.2434665737941,False,dwarf
283.72535830453,-30.11534811977,,,simbad,,,,,,,,,-41.403359447054534,195.10597431399844,199.45069412392783,False,dwarf
283.86064964593993,-30.36639313421,,,simbad,,,,,,,,,11.47021420700217,81.18536042393654,81.99163714135116,False,dwarf
283.68731669279,-30.02532293745,,,simbad,,,,,,,,,-56.27050422729713,235.95810618499647,242.57493176419598,False,dwarf
283.87249076753,-30.043984667570005,,,simbad,,,,,,,,,16.097874839349522,227.48968168246608,228.05853820090383,False,dwarf
283.64371887514,-30.006670058710004,,,simbad,,,,,,,,,-73.30908480938632,244.42251405868865,255.1795197392605,False,dwarf
283.68547949267156,-29.993728454367776,,,simbad,,,,,,,,,-56.988505355577104,250.29522782150715,256.70097548097243,False,dwarf
283.6896514920033,-30.003720466103896,,,simbad,,,,,,,,,-55.35803505605645,245.76099672548412,251.9185970840005,False,dwarf
283.6904116136062,-30.074295507928333,,,simbad,,,,,,,,,-55.060969884404145,213.73505863668595,220.71335640381812,False,dwarf
283.6958697792075,-30.18913380854388,,,simbad,,,,,,,,,-52.92784947975295,161.6230908551417,170.06875300336853,False,dwarf
283.7050385276433,-29.968273342146393,,,simbad,,,,,,,,,-49.34458620003934,261.8463913344302,266.45528863604244,False,dwarf
283.7090040656558,-30.17556336978306,,,simbad,,,,,,,,,-47.794803604968386,167.7811606253723,174.4559001938154,False,dwarf
283.7152119025054,-30.005796878142498,,,simbad,,,,,,,,,-45.36870215989199,244.8187508312405,248.98702756216437,False,dwarf
283.71867023812035,-30.01469976089889,,,simbad,,,,,,,,,-44.017140700378484,240.77875078877176,244.76910652048875,False,dwarf
283.7245553745962,-30.07205436832611,,,simbad,,,,,,,,,-41.717154657829894,214.75205552813213,218.7664653147352,False,dwarf
283.7290205871071,-30.03458461490638,,,simbad,,,,,,,,,-39.972092925753046,231.75529027233478,235.17713065278943,False,dwarf
283.651740713255,-30.093267429896667,,,simbad,,,,,,,,,-70.17404864230595,205.12587353843537,216.7971888603699,False,dwarf
283.65236692299084,-30.126930386718612,,,simbad,,,,,,,,,-69.92931792823792,189.85010829344517,202.3194828110764,False,dwarf
283.6581220419162,-29.996877126789443,,,simbad,,,,,,,,,-67.68014439489241,248.86640560006134,257.90519533659597,False,dwarf
283.65952504779784,-30.055166059025836,,,simbad,,,,,,,,,-67.1318318861592,222.4157271901417,232.32614694414204,False,dwarf
283.66902865782504,-30.031861141949715,,,simbad,,,,,,,,,-63.41770044568901,232.99116309708845,241.46777592704416,False,dwarf
283.67204942481743,-30.12170873934834,,,simbad,,,,,,,,,-62.23714635849881,192.21961670716902,202.04416208814393,False,dwarf
283.799155966335,-30.03751276578834,,,simbad,,,,,,,,,-12.56229640280874,230.4265375513157,230.76871646477545,False,dwarf
283.8055611066584,-30.024337779536946,,,simbad,,,,,,,,,-10.059086255554226,236.40515666510265,236.6190679428613,False,dwarf
283.80762069393955,-30.02871539295833,,,simbad,,,,,,,,,-9.254173401028126,234.4186587079533,234.60125165005448,False,dwarf
283.81325429741037,-30.19924534963694,,,simbad,,,,,,,,,-7.052489649887823,157.03461905750183,157.19290439710213,False,dwarf
283.81747680943874,-30.194872001240558,,,simbad,,,,,,,,,-5.402278347289896,159.01918160769824,159.11091958292403,False,dwarf
283.82036793837835,-30.104573971890563,,,simbad,,,,,,,,,-4.27238845679278,199.99512753341554,200.04075669781116,False,dwarf
283.8214471408804,-30.062739002021946,,,simbad,,,,,,,,,-3.8506224192475815,218.9792346670947,219.0130875276684,False,dwarf
283.8241582614871,-30.00204952232917,,,simbad,,,,,,,,,-2.791082070310534,246.51924695808503,246.53504671730656,False,dwarf
283.8275011074625,-30.21721218721722,,,simbad,,,,,,,,,-1.484655427993351,148.8815267868808,148.88892913891408,False,dwarf
283.8309658414896,-30.148759704688892,,,simbad,,,,,,,,,-0.13059338777625462,179.94427802024603,179.9443254088901,False,dwarf
283.84019783234663,-30.00583273855861,,,simbad,,,,,,,,,3.477385832955936,244.80247789060084,244.8271745407551,False,dwarf
283.84184463891125,-30.043418675644446,,,simbad,,,,,,,,,4.120978743501258,227.74652067112333,227.78380131959955,False,dwarf
283.84326570273623,-30.01642040599528,,,simbad,,,,,,,,,4.6763485257349355,239.99794681182297,240.04350170213888,False,dwarf
283.84678613395215,-30.192941753904996,,,simbad,,,,,,,,,6.052177734381036,159.89510006366547,160.0095993360965,False,dwarf
283.8498717246233,-30.06318986422667,,,simbad,,,,,,,,,7.258065738130135,218.77463988851932,218.89500354418857,False,dwarf
283.8622568633358,-30.03135070530444,,,simbad,,,,,,,,,12.098335167832772,233.22279189924288,233.53637912563167,False,dwarf
283.86286763372505,-30.207792311428605,,,simbad,,,,,,,,,12.337031989261131,153.1561308255278,153.6522136766999,False,dwarf
283.8658565448925,-30.015596474457222,,,simbad,,,,,,,,,13.505136415684191,240.37183508372695,240.750924839604,False,dwarf
283.8673004047446,-30.18228531281,,,simbad,,,,,,,,,14.069415174698074,164.7308396386331,165.3305717990689,False,dwarf
283.8723475147575,-30.111424666132777,,,simbad,,,,,,,,,16.041889837359562,196.88638109849043,197.53882983255212,False,dwarf
283.8774108647592,-30.088792777014444,,,simbad,,,,,,,,,18.020711293796243,207.15640660608048,207.93874779241625,False,dwarf
283.8774169542796,-30.182932512177775,,,simbad,,,,,,,,,18.023091155680504,164.43714988163438,165.4219092986206,False,dwarf
283.88338599336214,-30.213363520742213,,,simbad,,,,,,,,,20.355867401997603,150.62799623368227,151.9972190109474,False,dwarf
283.7347996904683,-29.988947802102224,,,simbad,,,,,,,,,-37.71354597041749,252.46461900460494,255.26593074439668,False,dwarf
283.7358594956708,-30.066603574189166,,,simbad,,,,,,,,,-37.29936064378051,217.2255474461231,220.40458427106884,False,dwarf
283.7383906878904,-29.95137154085361,,,simbad,,,,,,,,,-36.31013859262509,269.51618546842803,271.9510992698278,False,dwarf
283.74323227640497,-29.997474543988336,,,simbad,,,,,,,,,-34.417984340462546,248.59530627471483,250.96657934450076,False,dwarf
283.7461102675479,-30.14613689563972,,,simbad,,,,,,,,,-33.29322886767823,181.13447101278246,184.16876954987816,False,dwarf
283.7500680094938,-30.179219496369452,,,simbad,,,,,,,,,-31.74649307439261,166.1220630085143,169.12829343645387,False,dwarf
283.7530278927533,-29.9946922739,,,simbad,,,,,,,,,-30.589733122868047,249.85786039146606,251.72342396354304,False,dwarf
283.7569207621258,-30.20365512095889,,,simbad,,,,,,,,,-29.06835035480787,155.03352830797292,157.73510671999716,False,dwarf
283.75824065790005,-30.05631209180333,,,simbad,,,,,,,,,-28.552518331049118,221.8956740122622,223.72513593336137,False,dwarf
283.7638687553433,-29.960992049343893,,,simbad,,,,,,,,,-26.352986405377358,265.15053719776984,266.4569144697655,False,dwarf
283.764326147015,-29.975403250876386,,,simbad,,,,,,,,,-26.174231933793866,258.61094138409777,259.932124641979,False,dwarf
283.76630903196326,-30.097639363459166,,,simbad,,,,,,,,,-25.39929532466036,203.14195301949067,204.7236607712022,False,dwarf
283.76858779172295,-29.96542695992529,,,simbad,,,,,,,,,-24.508727083270205,263.1380386141713,264.2769476684551,False,dwarf
283.77138999222336,-30.144553237596114,,,simbad,,,,,,,,,-23.413591555686146,181.8531122370357,183.354167391506,False,dwarf
283.77326013395793,-29.992080402954173,,,simbad,,,,,,,,,-22.682716425638,251.04308983015565,252.06574256712773,False,dwarf
283.775651491335,-30.17771729275222,,,simbad,,,,,,,,,-21.748143606035818,166.80374138657194,168.21554592506345,False,dwarf
283.779537163815,-29.948475165671393,,,simbad,,,,,,,,,-20.229573474892184,270.83051883430034,271.58498775711513,False,dwarf
283.78547425180255,-29.99034372561389,,,simbad,,,,,,,,,-17.90928412209907,251.83116900860614,252.46718626785386,False,dwarf
283.7890962046421,-30.05351639325722,,,simbad,,,,,,,,,-16.4937789742002,223.16432176985646,223.77300832729983,False,dwarf
283.79704450725,-30.0897790122075,,,simbad,,,,,,,,,-13.387481416757518,206.70886727181625,207.14193314604694,False,dwarf
283.68066413036496,-30.062285213665277,,,simbad,,,,,,,,,-58.870410072720965,219.18515729130306,226.95342773120566,False,dwarf
283.69885275690456,-30.015287259948057,,,simbad,,,,,,,,,-51.76206392888443,240.51215217700351,246.0191183769912,False,dwarf
283.76764327090166,-29.97565303802806,,,simbad,,,,,,,,,-24.877857810276986,258.4975915702252,259.6919572432603,False,dwarf
283.82057996081005,-30.057130659256668,,,simbad,,,,,,,,,-4.189527398989672,221.52421988479242,221.563833094196,False,dwarf
283.8228235456846,-30.050385079524723,,,simbad,,,,,,,,,-3.312705949247667,224.58526686802637,224.60969728595603,False,dwarf
283.71622956318,-30.16651904472,,,simbad,,,,,,,,,-44.97098744976579,171.88534515061994,177.67093625507448,False,dwarf
283.7921693456642,-29.961848607683333,,,simbad,,,,,,,,,-15.29275645132255,264.7618433530445,265.20313364585564,False,dwarf
283.77754500000003,-30.552348999999996,,,simbad,,,,,,,,,-21.00813638294825,-3.1987347332989025,21.250263484921,False,dwarf
283.85592499999996,-30.551401000000002,,,simbad,,,,,,,,,9.623762597511773,-2.7685459792694544,10.014072766491944,False,dwarf
283.7431197919096,-30.922618704240556,,,simbad,,,,,,,,,-34.46194470918101,-171.2217966772662,174.6554588054142,False,dwarf
283.59080814345,-30.647702847830004,,,simbad,,,,,,,,,-93.98727041940002,-46.46893830935994,104.84736157142213,False,dwarf
283.6254515958175,-30.899698318834723,,,simbad,,,,,,,,,-80.44816945924262,-160.8208557071633,179.82006450818344,False,dwarf
283.81945488288,-30.60515368461,,,simbad,,,,,,,,,-4.629222136167271,-27.16074051326367,27.55241410139633,False,dwarf
283.64492276102,-30.57504107344001,,,simbad,,,,,,,,,-72.83859092497602,-13.496071019746259,74.07836567383242,False,dwarf
283.64324975393,-30.88829724141,,,simbad,,,,,,,,,-73.49242333343504,-155.64721088442113,172.12550811405114,False,dwarf
283.70336969675,-30.87730327556,,,simbad,,,,,,,,,-49.996786497818185,-150.65830743412835,158.7375326097289,False,dwarf
283.81238333333334,-30.55388333333333,,,simbad,,,,,,,,,-7.39287346746978,-3.894993114033962,8.356168348255714,False,dwarf
283.708998,-30.57446300000001,,,simbad,,,,,,,,,-47.79717414024713,-13.233749613740908,49.59538269468536,False,dwarf
283.71696399999996,-30.587965,,,simbad,,,,,,,,,-44.683960217345664,-19.36076285944832,48.69800241493611,False,dwarf
283.751883,-30.574813999999996,,,simbad,,,,,,,,,-31.037171744487214,-13.393028361272652,33.80353884702975,False,dwarf
283.89583333333337,-30.756666666666668,,,simbad,,,,,,,,,25.22044587321152,-95.91515081976797,99.17553653407896,False,dwarf
283.61882955263,-30.76132546861,,,simbad,,,,,,,,,-83.03614799921988,-98.02924808061265,128.47075680402386,False,dwarf
283.7577248888804,-30.77729162384416,,,simbad,,,,,,,,,-28.754087411273566,-105.27445950134928,109.13069855066627,False,dwarf
283.9184886237138,-30.675989275714166,,,simbad,,,,,,,,,34.07442094731273,-59.30491211473154,68.39692071892343,False,dwarf
283.709447255407,-30.57980602190139,,,simbad,,,,,,,,,-47.62159942421807,-15.65833604255884,50.12983362572016,False,dwarf
283.8237351330538,-30.837112517454443,,,simbad,,,,,,,,,-2.956446033394168,-132.42031993095017,132.45331896092137,False,dwarf
283.87135987236,-30.773856009240006,,,simbad,,,,,,,,,15.655906650970538,-103.71542704787507,104.89040576138028,False,dwarf
283.887748156965,-30.72656440766528,,,simbad,,,,,,,,,22.060656312672684,-82.25517899134616,85.16212202525404,False,dwarf
283.90415528423995,-30.79452405116999,,,simbad,,,,,,,,,28.472769928973435,-113.09428696995516,116.62339547736906,False,dwarf
283.6090944005025,-30.75140732599917,,,simbad,,,,,,,,,-86.84076903174676,-93.52853773033809,127.62800059548242,False,dwarf
283.72487230754,-30.556867636559996,,,simbad,,,,,,,,,-41.59329324013103,-5.249226960797104,41.92322060917421,False,dwarf
283.61825547420995,-30.58372539153,,,simbad,,,,,,,,,-83.2605051333248,-17.436889562727487,85.06677866640514,False,dwarf
283.87992512013,-30.894493635200003,,,simbad,,,,,,,,,19.003314209446724,-158.4590451924499,159.59447031224434,False,dwarf
283.6760458333333,-30.600072222222224,,,simbad,,,,,,,,,-60.67529917880686,-24.85484602670729,65.56870672393232,False,dwarf
283.64358333333325,-30.592330555555552,,,simbad,,,,,,,,,-73.36205626808531,-21.341789130649993,76.40329353620069,False,dwarf
283.79609199999993,-30.57539600000001,,,simbad,,,,,,,,,-13.759733341514915,-13.65713158368953,19.386786859193744,False,dwarf
283.7969458333334,-30.556955555555554,,,simbad,,,,,,,,,-13.42604443596975,-5.289123335432855,14.43029780891769,False,dwarf
283.81770000000006,-30.569222222222223,,,simbad,,,,,,,,,-5.315052642673742,-10.855560096460604,12.086892470865324,False,dwarf
283.59566181797,-30.91125019633999,,,simbad,,,,,,,,,-92.09039280290314,-166.06293143576622,189.88822407835875,False,dwarf
283.65060918658,-30.7033942071,,,simbad,,,,,,,,,-70.6162636308294,-71.74087549784613,100.6648394742487,False,dwarf
283.66978803531,-30.609127978000007,,,simbad,,,,,,,,,-63.12092608479455,-28.964217645756296,69.44909800445818,False,dwarf
283.57990130593,-30.670203077669992,,,simbad,,,,,,,,,-98.2498009770649,-56.679218731605864,113.42643972221857,False,dwarf
283.8819714385,-30.584197641739994,,,simbad,,,,,,,,,19.803041405059275,-17.65118991022696,26.527814726007684,False,dwarf
283.6011816696,-30.698050359530008,,,simbad,,,,,,,,,-89.93316471514986,-69.31591439249752,113.54589426196934,False,dwarf
283.6056931611503,-30.70595892190639,,,simbad,,,,,,,,,-88.17001654699312,-72.90470615924517,114.4073773760369,False,dwarf
283.80563391117994,-30.86811049447,,,simbad,,,,,,,,,-10.030633324332594,-146.48675570080383,146.82977627386822,False,dwarf
283.91219411631994,-30.897984437210006,,,simbad,,,,,,,,,31.61444755331364,-160.04312089630312,163.13575279603768,False,dwarf
283.56943672895,-30.600534592949998,,,simbad,,,,,,,,,-102.33949050149717,-25.06466320738543,105.36417160404048,False,dwarf
283.9012675919199,-30.560816414980007,,,simbad,,,,,,,,,27.344223113026416,-7.0411257671791905,28.236217695084495,False,dwarf
283.87260506333,-30.58075613134,,,simbad,,,,,,,,,16.14254308890658,-16.089482029466808,22.791514415539414,False,dwarf
283.88628268914,-30.54970758392,,,simbad,,,,,,,,,21.4879328835485,-2.000098138011719,21.580816763263684,False,dwarf
283.69686418550793,-30.803604513247784,,,simbad,,,,,,,,,-52.53922287422795,-117.21486995231345,128.45114121005525,False,dwarf
283.7803633566142,-30.861961718322227,,,simbad,,,,,,,,,-19.906686841020782,-143.69652959338896,145.06884158278157,False,dwarf
283.7690278059454,-30.859379268644727,,,simbad,,,,,,,,,-24.33676393944413,-142.52465110276313,144.58753145070494,False,dwarf
283.6403773579087,-30.667736073832224,,,simbad,,,,,,,,,-74.61499216166355,-55.55972790126762,93.02838502171264,False,dwarf
283.7076775813233,-30.8856441155925,,,simbad,,,,,,,,,-48.31321052091171,-154.4432605788091,161.823629452104,False,dwarf
283.9354490852891,-30.629476942946393,,,simbad,,,,,,,,,40.702784632406924,-38.1982850256275,55.81958129304787,False,dwarf
283.81095975018,-30.55346204951,,,simbad,,,,,,,,,-7.949227835205815,-3.703820579167072,8.76974971471093,False,dwarf
283.92133111436,-30.905109238239998,,,simbad,,,,,,,,,35.18530237530182,-163.276253045898,167.02437041327093,False,dwarf
283.56037108042244,-30.682332772388893,,,simbad,,,,,,,,,-105.88246102827571,-62.18349959437597,122.79203221385369,False,dwarf
283.5613961465512,-30.709315134132222,,,simbad,,,,,,,,,-105.48185217263615,-74.427706956393,129.09649375779568,False,dwarf
283.5631758570029,-30.676013518449725,,,simbad,,,,,,,,,-104.78631873591219,-59.3159131191654,120.40992543550784,False,dwarf
283.57454656923954,-30.697546127428886,,,simbad,,,,,,,,,-100.34250005041575,-69.08710112316908,121.8262896831824,False,dwarf
283.5804760495083,-30.786863588858893,,,simbad,,,,,,,,,-98.0251838906701,-109.6180794415611,147.0546157631786,False,dwarf
283.6739260959008,-30.786024008769726,,,simbad,,,,,,,,,-61.50371947605495,-109.23709008241822,125.36127535672095,False,dwarf
283.6797307559533,-30.91704650219083,,,simbad,,,,,,,,,-59.23518464135957,-168.69321159605954,178.79095821122743,False,dwarf
283.68450084086453,-30.874666614690007,,,simbad,,,,,,,,,-57.37097490506757,-149.4618286846916,160.09455642004195,False,dwarf
283.6876458432754,-30.912672523608887,,,simbad,,,,,,,,,-56.14186803925117,-166.70836307672877,175.90789540739527,False,dwarf
283.6876969182454,-30.85040657061778,,,simbad,,,,,,,,,-56.12190729260439,-138.4529698954704,149.3950914556289,False,dwarf
283.68894607120365,-30.848238056138605,,,simbad,,,,,,,,,-55.63372245939928,-137.46892923946197,148.29975583571832,False,dwarf
283.69090421870953,-30.815461858992506,,,simbad,,,,,,,,,-54.86845355675439,-122.5955627709252,134.3138831499915,False,dwarf
283.714267156015,-30.80594307440472,,,simbad,,,,,,,,,-45.73792108125071,-118.27607534295615,126.81162179929471,False,dwarf
283.69269793155246,-30.900100340668335,,,simbad,,,,,,,,,-54.16744780777026,-161.00328742835978,169.8710421606536,False,dwarf
283.6991841415096,-30.86522994320306,,,simbad,,,,,,,,,-51.63255461853027,-145.1796029999093,154.08776013573168,False,dwarf
283.6997288998749,-30.83193461841389,,,simbad,,,,,,,,,-51.41965613403052,-130.07066387951883,139.8655019617086,False,dwarf
283.69986911412417,-30.918331075672224,,,simbad,,,,,,,,,-51.364858625487265,-169.27613255114716,176.89759114552643,False,dwarf
283.7047255267837,-30.738386613835285,,,simbad,,,,,,,,,-49.46691090930511,-87.61992597676782,100.61921637084738,False,dwarf
283.70493697306955,-30.82694735492917,,,simbad,,,,,,,,,-49.384275016624855,-127.8075154992253,137.0166691939428,False,dwarf
283.709692204355,-30.889720370629718,,,simbad,,,,,,,,,-47.52587026585936,-156.29300643912237,163.35915097204332,False,dwarf
283.71159887911165,-30.87142718589972,,,simbad,,,,,,,,,-46.78071756704238,-147.9918225295578,155.20958434229348,False,dwarf
283.7270738246654,-30.78766913899139,,,simbad,,,,,,,,,-40.73291240077265,-109.98362649621262,117.28413468968179,False,dwarf
283.7271090685921,-30.830897514870006,,,simbad,,,,,,,,,-40.71913862683128,-129.6000412198721,135.84630629760846,False,dwarf
283.7282262162621,-30.849607309233328,,,simbad,,,,,,,,,-40.28254313596431,-138.09027658415985,143.845777722499,False,dwarf
283.58231235204244,-30.696416202335833,,,simbad,,,,,,,,,-97.3075335497431,-68.57435738062678,119.04284344596402,False,dwarf
283.5840421783629,-30.79221971107055,,,simbad,,,,,,,,,-96.63149546474352,-112.04861060260929,147.9612687622268,False,dwarf
283.59127033094614,-30.869518585237778,,,simbad,,,,,,,,,-93.80664167875592,-147.12572702248482,174.48686361712515,False,dwarf
283.59446188739287,-30.899124712605555,,,simbad,,,,,,,,,-92.55934090473333,-160.56056145713106,185.32923537355836,False,dwarf
283.59657083264625,-30.668062561542776,,,simbad,,,,,,,,,-91.73513832810251,-55.70788332469512,107.32522475445344,False,dwarf
283.59808561214913,-30.702746882690555,,,simbad,,,,,,,,,-91.14314326928228,-71.44712899873795,115.80917410623053,False,dwarf
283.5999910364412,-30.730265212932494,,,simbad,,,,,,,,,-90.39847926788042,-83.93455115043591,123.35677496907313,False,dwarf
283.6012019328066,-30.70007643917806,,,simbad,,,,,,,,,-89.92524559680218,-70.23532017241685,114.10324270311995,False,dwarf
283.60164031081786,-30.88290611708583,,,simbad,,,,,,,,,-89.7539219050902,-153.2007962685531,177.55633042689223,False,dwarf
283.60207460112963,-30.67305477325416,,,simbad,,,,,,,,,-89.5841957382178,-57.97327713902178,106.70627436238765,False,dwarf
283.6096605384254,-30.845874732666392,,,simbad,,,,,,,,,-86.61951514476543,-136.39648706658792,161.5764280086057,False,dwarf
283.61489278074544,-30.760355230728614,,,simbad,,,,,,,,,-84.57468842634172,-97.58896809611018,129.1374640314591,False,dwarf
283.62080976183086,-30.833252515411385,,,simbad,,,,,,,,,-82.26225710612647,-130.66870656653884,154.40657311127234,False,dwarf
283.6230206495737,-30.794036970299995,,,simbad,,,,,,,,,-81.39821411052414,-112.87325668242731,139.16192487343602,False,dwarf
283.6302946908862,-30.794510117284172,,,simbad,,,,,,,,,-78.55542642661366,-113.0879639731408,137.69474433200966,False,dwarf
283.63197553398123,-30.788602546246114,,,simbad,,,,,,,,,-77.89853160791444,-110.40719327249194,135.1219062660775,False,dwarf
283.6376287320145,-30.825073380207222,,,simbad,,,,,,,,,-75.68919005304559,-126.95713274529919,147.80719551426978,False,dwarf
283.6389253943608,-30.828301287869444,,,simbad,,,,,,,,,-75.18243794786035,-128.42191077835864,148.8105713440701,False,dwarf
283.6410092414504,-30.875478003006396,,,simbad,,,,,,,,,-74.36804405224545,-149.83002502315523,167.27116420529882,False,dwarf
283.6414054534333,-30.82636588524694,,,simbad,,,,,,,,,-74.21319937967235,-127.54365292738368,147.56348587719086,False,dwarf
283.64323976446497,-30.780862512909998,,,simbad,,,,,,,,,-73.4963273431761,-106.89487755833026,129.72364850383184,False,dwarf
283.6478476748942,-30.760693004533895,,,simbad,,,,,,,,,-71.69549745316483,-97.7422449868679,121.21794755781698,False,dwarf
283.6482592953933,-30.769496631875278,,,simbad,,,,,,,,,-71.53463093686929,-101.73720435073675,124.36905632985106,False,dwarf
283.6500390426904,-30.701290378134445,,,simbad,,,,,,,,,-70.8390831004842,-70.7861881968037,100.14419670630255,False,dwarf
283.66054946370167,-30.706736098363606,,,simbad,,,,,,,,,-66.73147714667053,-73.25737764847861,99.09456807569437,False,dwarf
283.6658147720113,-30.869630539164724,,,simbad,,,,,,,,,-64.67372781978402,-147.17653010301456,160.75951630703253,False,dwarf
283.66587482548374,-30.697502121620555,,,simbad,,,,,,,,,-64.65025816041867,-69.06713192078917,94.60404109747361,False,dwarf
283.66939425698376,-30.74557384947861,,,simbad,,,,,,,,,-63.274819653423684,-90.88139005517748,110.73901688445046,False,dwarf
283.670974305652,-30.80399964358806,,,simbad,,,,,,,,,-62.657316576244014,-117.39417441303578,133.06889759314132,False,dwarf
283.8033159420959,-30.747045350259448,,,simbad,,,,,,,,,-10.936525067410518,-91.5491359280305,92.20006436938698,False,dwarf
283.80663699250124,-30.833088390978062,,,simbad,,,,,,,,,-9.638616410533558,-130.5942292611826,130.94943926047077,False,dwarf
283.80881589644247,-30.796791537962505,,,simbad,,,,,,,,,-8.787073090603899,-114.1232398371015,114.46102622472073,False,dwarf
283.81124974209666,-30.763192754939446,,,simbad,,,,,,,,,-7.8358953129359215,-98.87659573829622,99.18660413659573,False,dwarf
283.8149459755938,-30.84008104403222,,,simbad,,,,,,,,,-6.39136034111363,-133.7673945615452,133.9199960229766,False,dwarf
283.8171168444463,-30.743093372538066,,,simbad,,,,,,,,,-5.542957235857697,-89.75578532473749,89.92677784830784,False,dwarf
283.8174022719579,-30.82220323685056,,,simbad,,,,,,,,,-5.431408540990183,-125.6547030042705,125.77203419612233,False,dwarf
283.82103699894003,-30.738662075486385,,,simbad,,,,,,,,,-4.010911096012557,-87.74492650890919,87.83655011368553,False,dwarf
283.8294959765896,-30.78704319746612,,,simbad,,,,,,,,,-0.7050352496148489,-109.69958324214701,109.70184883676274,False,dwarf
283.8331184536854,-30.90202604151472,,,simbad,,,,,,,,,0.7106747842906818,-161.87714275298416,161.87870275153256,False,dwarf
283.83735785355543,-30.817733344571113,,,simbad,,,,,,,,,2.367486069774493,-123.62633022964032,123.6489972314319,False,dwarf
283.84156073311874,-30.772713311462226,,,simbad,,,,,,,,,4.010024755789283,-103.19688724485987,103.27476862995319,False,dwarf
283.8421284069729,-30.92702304456223,,,simbad,,,,,,,,,4.2318789042320075,-173.22042291704753,173.27210887682094,False,dwarf
283.84749368396086,-30.78363220451583,,,simbad,,,,,,,,,6.3286972596492665,-108.15172374078053,108.33673318457781,False,dwarf
283.8498739618321,-30.84088926547055,,,simbad,,,,,,,,,7.258940067720608,-134.13415381633033,134.3304263036849,False,dwarf
283.85652244402627,-30.759326263544168,,,simbad,,,,,,,,,9.85725130714999,-97.12203759925741,97.62097925530085,False,dwarf
283.8742398918758,-30.925192742795556,,,simbad,,,,,,,,,16.781454837611747,-172.38985832157573,173.20473572798105,False,dwarf
283.87479597096285,-30.865517670775,,,simbad,,,,,,,,,16.998777603883315,-145.3101696303647,146.30107257990846,False,dwarf
283.88391457557714,-30.755285838990563,,,simbad,,,,,,,,,20.562444041604717,-95.28855109664947,97.48190639838197,False,dwarf
283.7341351520654,-30.9018543743125,,,simbad,,,,,,,,,-37.97325601415195,-161.7992426476764,166.19555678079362,False,dwarf
283.7416519798329,-30.91951367901777,,,simbad,,,,,,,,,-35.035584301606335,-169.8127809263945,173.38936741712456,False,dwarf
283.74600151545417,-30.854953399015553,,,simbad,,,,,,,,,-33.33573056643933,-140.51625517314292,144.41637338017478,False,dwarf
283.7507884610758,-30.73591214130778,,,simbad,,,,,,,,,-31.464931450518634,-86.4970459625336,92.04227763061107,False,dwarf
283.75080385134254,-30.826951985246666,,,simbad,,,,,,,,,-31.45891673889811,-127.80961667065371,131.62431977368152,False,dwarf
283.75087918046336,-30.828674267485834,,,simbad,,,,,,,,,-31.429477162232853,-128.59116355942834,132.37635506486407,False,dwarf
283.7551176991658,-30.86738574452834,,,simbad,,,,,,,,,-29.773010248227315,-146.15787460967854,149.15950003154197,False,dwarf
283.7551302296225,-30.788994346776942,,,simbad,,,,,,,,,-29.768113186654503,-110.58498671361727,114.52152570213332,False,dwarf
283.75711389478715,-30.815077722181666,,,simbad,,,,,,,,,-28.99287165905815,-122.42124701561674,125.80758454042932,False,dwarf
283.75966552970795,-30.818833827335553,,,simbad,,,,,,,,,-27.995660340755634,-124.12571346726486,127.24366287431565,False,dwarf
283.7610766298212,-30.927507615601662,,,simbad,,,,,,,,,-27.444184503533595,-173.44031427959328,175.59819441118432,False,dwarf
283.7622321748508,-30.89812312624722,,,simbad,,,,,,,,,-26.992582837118906,-160.1060559850349,162.36547875488145,False,dwarf
283.76262228248794,-30.748069837665007,,,simbad,,,,,,,,,-26.840123820366653,-92.01403356570958,95.84870692776269,False,dwarf
283.76277550316917,-30.86946891445084,,,simbad,,,,,,,,,-26.78024323312063,-147.10318713435822,149.52099883531784,False,dwarf
283.7690870124037,-30.73784145251945,,,simbad,,,,,,,,,-24.313625303972103,-87.37253961895574,90.69240902571694,False,dwarf
283.76991531549334,-30.832618297551385,,,simbad,,,,,,,,,-23.98991394180465,-130.38090763090793,132.5695932165236,False,dwarf
283.77208226917253,-30.787684944573613,,,simbad,,,,,,,,,-23.143040935974554,-109.99079884191131,112.3991822641339,False,dwarf
283.7734791837963,-30.861143895934166,,,simbad,,,,,,,,,-22.597108968122438,-143.3254135658171,145.09584248878292,False,dwarf
283.7741895679284,-30.723614503605283,,,simbad,,,,,,,,,-22.319481831462735,-80.91655499125872,83.93835917432739,False,dwarf
283.7743062091996,-30.853646955081118,,,simbad,,,,,,,,,-22.273896941988188,-139.92340972127892,141.6851688533814,False,dwarf
283.77574547213413,-30.8753272883175,,,simbad,,,,,,,,,-21.71141471671225,-149.76163286679457,151.32723551274447,False,dwarf
283.7794722546071,-30.826394213421395,,,simbad,,,,,,,,,-20.254940817342895,-127.55650784518258,129.1546565988706,False,dwarf
283.7799227656029,-30.852700735225273,,,simbad,,,,,,,,,-20.078875401234935,-139.49402877104177,140.93170438249354,False,dwarf
283.79606025967337,-30.74334794346973,,,simbad,,,,,,,,,-13.772137864057822,-89.87130594910964,90.92042352708815,False,dwarf
283.88747099481213,-30.753986656053886,,,simbad,,,,,,,,,21.952337824946348,-94.69900058104929,97.21011185586684,False,dwarf
283.88761257744454,-30.808059190285274,,,simbad,,,,,,,,,22.007670114983206,-119.23633826916058,121.25032745410469,False,dwarf
283.89242680419335,-30.811080183451946,,,simbad,,,,,,,,,23.88913104173797,-120.60722148256642,122.95036582163617,False,dwarf
283.90850913808333,-30.850714240083892,,,simbad,,,,,,,,,30.17431128017159,-138.59258587044954,141.8393243056756,False,dwarf
283.9096374935196,-30.80557335232694,,,simbad,,,,,,,,,30.61528690837052,-118.10830078601909,122.01174741410189,False,dwarf
283.91095205718295,-30.848899324203053,,,simbad,,,,,,,,,31.129035075494688,-137.7690031684986,141.24204423178375,False,dwarf
283.91867010095046,-30.78567899707167,,,simbad,,,,,,,,,34.145344555129206,-109.08052874010421,114.2998963473248,False,dwarf
283.9243689802317,-30.785423426807228,,,simbad,,,,,,,,,36.372538921606385,-108.964554632901,114.87486998447588,False,dwarf
283.92616519752164,-30.752276309965275,,,simbad,,,,,,,,,37.07452344025956,-93.92287014558343,100.97537236725836,False,dwarf
283.9282859353871,-30.911509249989166,,,simbad,,,,,,,,,37.90333471942071,-166.18048625281955,170.44828187481383,False,dwarf
283.92941578080337,-30.75019297453972,,,simbad,,,,,,,,,38.344892650697716,-92.97748251799875,100.57406747158183,False,dwarf
283.93923115766665,-30.79637191294055,,,simbad,,,,,,,,,42.18086652835997,-113.93282004242322,121.49038226914307,False,dwarf
283.96002023567837,-30.79781651633945,,,simbad,,,,,,,,,50.305502118467956,-114.58836027052577,125.14445993682259,False,dwarf
283.9662272860967,-30.837676473511955,,,simbad,,,,,,,,,52.731296216217494,-132.67623507199366,142.77105082446298,False,dwarf
283.5899426713999,-30.913321289722504,,,simbad,,,,,,,,,-94.32550788314481,-167.002763800435,191.79995973512897,False,dwarf
283.64691225954414,-30.780364128138334,,,simbad,,,,,,,,,-72.06106964642971,-106.66871772293929,128.72844712511565,False,dwarf
283.6501007214629,-30.787742572903344,,,simbad,,,,,,,,,-70.81497825323453,-110.01694974841337,130.83764892778757,False,dwarf
283.66252502943956,-30.888000251825282,,,simbad,,,,,,,,,-65.95940097785125,-155.51244128588726,168.92235486179294,False,dwarf
283.79843318392,-30.83992623461999,,,simbad,,,,,,,,,-12.844768945811744,-133.69714427867717,134.3127487528444,False,dwarf
283.75044724987623,-30.568891308599717,,,simbad,,,,,,,,,-31.598281118732817,-10.705396257896904,33.3625070805097,False,dwarf
283.66889611396,-30.71693158895,,,simbad,,,,,,,,,-63.46950027070116,-77.8839445177839,100.47032536158015,False,dwarf
284.38887355078367,-30.23831471752722,,,simbad,,,,,,,,,217.9068216611917,139.3055022921845,258.62986272926844,False,dwarf
284.37557225898456,-30.221683374244723,,,simbad,,,,,,,,,212.70850797528144,146.85256647422017,258.47743740051203,False,dwarf
284.38689218942045,-30.274974146749162,,,simbad,,,,,,,,,217.13248048840794,122.66998100474247,249.38812787049974,False,dwarf
284.3989740195517,-30.202174956661658,,,simbad,,,,,,,,,221.85421307426927,155.70520555985934,271.0413306070521,False,dwarf
284.4042888745912,-30.359489670977503,,,simbad,,,,,,,,,223.93132589215656,84.31805266706971,239.27969558946276,False,dwarf
284.43623899463876,-30.48673455236194,,,simbad,,,,,,,,,236.4178383916804,26.576157118898713,237.906886064702,False,dwarf
284.49669609130626,-30.482890116345832,,,simbad,,,,,,,,,260.0452392308319,28.32070684434718,261.58285280725886,False,dwarf
284.51784443445706,-30.51379530912916,,,simbad,,,,,,,,,268.31028019792495,14.29637522349636,268.6908870885278,False,dwarf
284.51818464019163,-30.583275997072224,,,simbad,,,,,,,,,268.443236917659,-17.23296082658998,268.9958110931864,False,dwarf
284.0235,-30.295722222222217,,,simbad,,,,,,,,,75.11419984757649,113.25480301285884,135.8999390147881,False,dwarf
284.39458333333334,-30.81822222222222,,,simbad,,,,,,,,,220.1382771633727,-123.8481758705734,252.585098014365,False,dwarf
284.35022785099,-30.683997788549995,,,simbad,,,,,,,,,202.8035916010869,-62.939059961240716,212.34552511203316,False,dwarf
284.00065736879,-30.263915855160004,,,simbad,,,,,,,,,66.18700959909795,127.6880745495299,143.8226846566194,False,dwarf
284.0644650589646,-30.269354560850275,,,simbad,,,,,,,,,91.12386491433352,125.22006819463272,154.8664722772304,False,dwarf
284.07249094848,-30.55615027896,,,simbad,,,,,,,,,94.26048442013,-4.923700407909681,94.38899167182802,False,dwarf
284.09408216989,-30.770015432,,,simbad,,,,,,,,,102.69860783295583,-101.97262837947774,144.72532946739602,False,dwarf
284.12083574209,-30.51483197168,,,simbad,,,,,,,,,113.15424346700499,13.825952680146747,113.99578844020466,False,dwarf
284.20487413331,-30.447252000659997,,,simbad,,,,,,,,,145.99751356569274,44.492770750382384,152.6266052050255,False,dwarf
284.3678828697896,-30.2658613091075,,,simbad,,,,,,,,,209.7033970663551,126.80525555195632,245.06139552521597,False,dwarf
284.41862125047584,-30.310695514070556,,,simbad,,,,,,,,,229.5326003275876,106.46013870485405,253.01971414536226,False,dwarf
284.26092780345,-30.469190201580002,,,simbad,,,,,,,,,167.9039994194179,34.53753096191048,171.41935149212532,False,dwarf
284.42095838176,-30.609986700119993,,,simbad,,,,,,,,,230.44598090171348,-29.35389338294714,232.30798774577323,False,dwarf
284.0773677085983,-30.302862307175833,,,simbad,,,,,,,,,96.16638418148172,110.01473523872885,146.12055097140833,False,dwarf
284.31563953424745,-30.58581838038361,,,simbad,,,,,,,,,189.28603834306776,-18.386657777007542,190.1769531142565,False,dwarf
284.07684776222,-30.741089929150007,,,simbad,,,,,,,,,95.96318253649386,-88.84665155376625,130.77713827289844,False,dwarf
283.991663848695,-30.20037330233972,,,simbad,,,,,,,,,62.67222777940427,156.52277035727445,168.60363511843275,False,dwarf
284.18914655394997,-30.70171523374277,,,simbad,,,,,,,,,139.85097590094327,-70.97898155628646,156.8321117731119,False,dwarf
284.3772844160354,-30.79926707582584,,,simbad,,,,,,,,,213.37764068543834,-115.24660328539737,242.51143707731765,False,dwarf
284.05793746946,-30.658381145589992,,,simbad,,,,,,,,,88.57280007265246,-51.314596124283355,102.36370786615917,False,dwarf
284.11509721292794,-30.586613408705283,,,simbad,,,,,,,,,110.91155342377084,-18.747430185360958,112.48483818465917,False,dwarf
284.4572412847291,-30.28749905676251,,,simbad,,,,,,,,,244.62579996867683,116.98635713027161,271.1597126509145,False,dwarf
284.25174326357,-30.74913277204,,,simbad,,,,,,,,,164.3145646428603,-92.496377884691,188.5599535308605,False,dwarf
284.1760336896046,-30.750676669689994,,,simbad,,,,,,,,,134.72630205591852,-93.1969764146534,163.8195741616247,False,dwarf
284.15586459014,-30.513297795220005,,,simbad,,,,,,,,,126.84396195223732,14.522139874017848,127.6725625585277,False,dwarf
284.04071740783,-30.451951461920004,,,simbad,,,,,,,,,81.84298139074669,42.360222876899996,92.15564054959822,False,dwarf
284.39687701116,-30.834462989319995,,,simbad,,,,,,,,,221.0346755747057,-131.2180022021212,257.04959036795077,False,dwarf
284.48529416131663,-30.46765782141611,,,simbad,,,,,,,,,255.58922025118204,35.23290302246651,258.006214971651,False,dwarf
284.5017940018074,-30.59899779208527,,,simbad,,,,,,,,,262.0375673691613,-24.36728509642272,263.1681046322257,False,dwarf
284.10887838708993,-30.173049717979993,,,simbad,,,,,,,,,108.48115734253864,168.92181963089035,200.75542992852692,False,dwarf
284.1164383264412,-30.770101043450556,,,simbad,,,,,,,,,111.4356776092751,-102.01147762340734,151.07697313339725,False,dwarf
284.1245797095504,-30.959597607902772,,,simbad,,,,,,,,,114.6174334776465,-188.00229086703735,220.18632434430808,False,dwarf
284.1253733747154,-30.742372882566393,,,simbad,,,,,,,,,114.92760789917645,-89.42883734667228,145.62236094296924,False,dwarf
284.13107039307334,-31.04230374843917,,,simbad,,,,,,,,,117.15407499320166,-225.5331469304469,254.1461737895404,False,dwarf
284.1415362531462,-31.063055445811393,,,simbad,,,,,,,,,121.24426596662985,-234.9499684880374,264.3892201325853,False,dwarf
284.05130904384754,-30.76040699731333,,,simbad,,,,,,,,,85.98232719997155,-97.61245902710169,130.08133128178144,False,dwarf
284.08964320199124,-30.84969931497278,,,simbad,,,,,,,,,100.96380282845915,-138.13202746434828,171.09689211962748,False,dwarf
284.0993734199292,-30.212255809683057,,,simbad,,,,,,,,,104.76649551705994,151.1306595674009,183.89261769903587,False,dwarf
284.18878923913,-30.727723247659725,,,simbad,,,,,,,,,139.7113327334334,-82.78104389992458,162.3944510237754,False,dwarf
284.19206281651833,-30.789545895147505,,,simbad,,,,,,,,,140.99068833261515,-110.83527142492522,179.33998881549388,False,dwarf
284.1924761533479,-30.451688367294167,,,simbad,,,,,,,,,141.15222561264127,42.47961143099399,147.40579426443935,False,dwarf
284.1987338339363,-30.359726478726103,,,simbad,,,,,,,,,143.59780662354632,84.2105927194794,166.46847747624605,False,dwarf
284.20437952387624,-30.278370283079166,,,simbad,,,,,,,,,145.80421392026045,121.12886322380811,189.55492687555522,False,dwarf
284.2082161713996,-30.87935906955166,,,simbad,,,,,,,,,147.30362447601388,-151.59119715545643,211.37229912832706,False,dwarf
284.20853780632626,-30.486312078963895,,,simbad,,,,,,,,,147.42932348827318,26.767869465647465,149.8396618387129,False,dwarf
284.2199071914875,-30.5635908303675,,,simbad,,,,,,,,,151.87262353585777,-8.300115533751873,152.09926264626665,False,dwarf
284.2305964086863,-30.1578527306025,,,simbad,,,,,,,,,156.05010530945444,175.8179937500437,235.08211819145714,False,dwarf
284.23993996729166,-30.47094850054583,,,simbad,,,,,,,,,159.7016866225199,33.7396402010195,163.22681161798084,False,dwarf
284.24067039570787,-30.367805465516113,,,simbad,,,,,,,,,159.98714731984927,80.54446480699839,179.11811220138782,False,dwarf
284.1502301838204,-30.786630847584448,,,simbad,,,,,,,,,124.64196443757726,-109.51246480140786,165.91744708058243,False,dwarf
284.15685280033915,-31.059473946641667,,,simbad,,,,,,,,,127.23016704271085,-233.32473571864008,265.7591911936243,False,dwarf
284.15725545419787,-30.779212241588887,,,simbad,,,,,,,,,127.38752928210533,-106.14600818760866,165.81482946577222,False,dwarf
284.17613658501165,-30.707597196500547,,,simbad,,,,,,,,,134.7665148871814,-73.64813158796002,153.57754009370757,False,dwarf
284.2975183211137,-30.460237117684997,,,simbad,,,,,,,,,182.20403821399913,38.60031155846366,186.24794118029578,False,dwarf
284.30017584217796,-30.414949840845274,,,simbad,,,,,,,,,183.24263118132674,59.15102590146204,192.5531244811446,False,dwarf
284.3045910036067,-30.215214671412223,,,simbad,,,,,,,,,184.9681323151172,149.78797070598594,238.01186134384145,False,dwarf
284.3242360703088,-30.482068734964727,,,simbad,,,,,,,,,192.64567376299667,28.693437891732508,194.7708114622046,False,dwarf
284.32662689556366,-30.918195467076114,,,simbad,,,,,,,,,193.5800386224813,-169.21459532224793,257.11244742943404,False,dwarf
284.32843871771246,-30.923812576809166,,,simbad,,,,,,,,,194.288121718082,-171.76355886372474,259.3271956318359,False,dwarf
284.3332829569871,-30.736025646722503,,,simbad,,,,,,,,,196.18131192090968,-86.54855308588472,214.42425046684775,False,dwarf
284.3413554536158,-30.55866475613083,,,simbad,,,,,,,,,199.33614607823475,-6.064733953437651,199.42838346446405,False,dwarf
284.3418015068679,-30.313886488459442,,,simbad,,,,,,,,,199.51046935149085,105.01212045959952,225.45947046924778,False,dwarf
284.34565525190044,-30.316547943718053,,,simbad,,,,,,,,,201.01656183087374,103.80439037350997,226.2366230103374,False,dwarf
284.353705118255,-30.45511466408888,,,simbad,,,,,,,,,204.1625517897769,40.92480726531722,208.22388768586734,False,dwarf
284.2548416811208,-30.44086659045028,,,simbad,,,,,,,,,165.52546555401938,47.390377988883124,172.17586263121805,False,dwarf
284.25486758036624,-30.951859725977215,,,simbad,,,,,,,,,165.5355873079039,-184.49095143201723,247.8687996212182,False,dwarf
284.2624543530566,-31.00893969266833,,,simbad,,,,,,,,,168.50059438419848,-210.39301867992233,269.5508720391725,False,dwarf
284.2626442833787,-30.31325821935278,,,simbad,,,,,,,,,168.57482156508118,105.29721993659558,198.75858470032117,False,dwarf
284.2644349072774,-30.467836561720276,,,simbad,,,,,,,,,169.27462011545072,35.151793245311595,172.88593228944708,False,dwarf
284.26588248435246,-30.73167129915806,,,simbad,,,,,,,,,169.840351612383,-84.57261283971395,189.7321055550537,False,dwarf
284.2659970051262,-30.335024609942767,,,simbad,,,,,,,,,169.8851077845421,95.41994520276576,194.84844312815102,False,dwarf
284.26669689800076,-30.304324165066117,,,simbad,,,,,,,,,170.1586348045623,109.35136517080446,202.2663641421159,False,dwarf
284.268790910627,-30.56168817408723,,,simbad,,,,,,,,,170.97700152095015,-7.436717501517531,171.1386566976975,False,dwarf
284.26992334508833,-30.768112002449172,,,simbad,,,,,,,,,171.41957128393673,-101.1088794481927,199.0167704552504,False,dwarf
284.27146003004793,-30.27680201665167,,,simbad,,,,,,,,,172.02012727330995,121.84051995422563,210.79856851943234,False,dwarf
284.2728030949925,-30.7376877563936,,,simbad,,,,,,,,,172.54501410294208,-87.30279452942224,193.3741446637347,False,dwarf
284.2838981606171,-30.184059000651665,,,simbad,,,,,,,,,176.8811065933032,163.9259656274017,241.16104178856827,False,dwarf
284.4491264451083,-30.821630608029164,,,simbad,,,,,,,,,241.45441763252416,-125.39485228781655,272.07371202404823,False,dwarf
284.45486747966163,-30.60063738004,,,simbad,,,,,,,,,243.6980868144893,-25.111306509260302,244.98843897548386,False,dwarf
284.35887696009536,-30.33667400911666,,,simbad,,,,,,,,,206.18377323398965,94.67147159989887,226.87978288048436,False,dwarf
284.3593022863266,-30.771240308915832,,,simbad,,,,,,,,,206.34999612438799,-102.5284598924141,230.4178942453153,False,dwarf
284.36356366808207,-30.47245782868666,,,simbad,,,,,,,,,208.01539820974227,33.054728816707346,210.6253094704046,False,dwarf
284.36669210017624,-30.827237200446675,,,simbad,,,,,,,,,209.23802918545468,-127.93904322289218,245.25283206968734,False,dwarf
284.3685072384817,-30.27440205336583,,,simbad,,,,,,,,,209.9474082771658,122.92958874711202,243.28912435995375,False,dwarf
284.37601912952164,-30.216651356723332,,,simbad,,,,,,,,,212.88315065389034,149.1360235921433,259.9245839954414,False,dwarf
284.3782789202375,-30.23970112861528,,,simbad,,,,,,,,,213.76630555214945,138.67636889709289,254.80810167633507,False,dwarf
284.3996926159129,-30.256312088505005,,,simbad,,,,,,,,,222.13504965432276,131.138554405289,257.9560054281299,False,dwarf
284.40200767364536,-30.858645887362233,,,simbad,,,,,,,,,223.03980360423103,-142.1918532334103,264.50950288744946,False,dwarf
284.41230096370117,-30.87389519270083,,,simbad,,,,,,,,,227.06255202432024,-149.11176849022235,271.64631791003313,False,dwarf
284.4127644237816,-30.52357162896917,,,simbad,,,,,,,,,227.2436781070646,9.860022005156788,227.45748893709649,False,dwarf
284.42592739223335,-30.26821123650389,,,simbad,,,,,,,,,232.38793327289528,125.73889232546142,264.2241862019479,False,dwarf
284.4309358126029,-30.548623036411666,,,simbad,,,,,,,,,234.3452875317837,-1.5079460902287511,234.35013908629415,False,dwarf
284.4358749147691,-30.305922975271105,,,simbad,,,,,,,,,236.27555135685807,108.62584811382314,260.04943962145865,False,dwarf
284.4359122098358,-30.36945376305223,,,simbad,,,,,,,,,236.29012674237674,79.79649111149745,249.40028867191745,False,dwarf
284.4392789007324,-30.65207135300389,,,simbad,,,,,,,,,237.6058722825879,-48.451303074903194,242.49552431503886,False,dwarf
284.44344176089044,-30.76496196318528,,,simbad,,,,,,,,,239.2327708770293,-99.67943697342108,259.16849503139736,False,dwarf
284.4447513399229,-30.510208091709163,,,simbad,,,,,,,,,239.7445709871242,15.924202852557467,240.27284398010866,False,dwarf
284.44605597565544,-30.42439437233611,,,simbad,,,,,,,,,240.2544391928604,54.86523346005478,246.43942337723112,False,dwarf
284.49881840681917,-30.469323113302778,,,simbad,,,,,,,,,260.8746670746177,34.47721753531097,263.1430608058472,False,dwarf
284.50353495346496,-30.529437514938053,,,simbad,,,,,,,,,262.71795337711944,7.198167388863697,262.81654559867496,False,dwarf
284.51291363681247,-30.607755275138338,,,simbad,,,,,,,,,266.38326188531346,-28.341304846476902,267.88667711004297,False,dwarf
284.46078502093,-30.43201893834584,,,simbad,,,,,,,,,246.01073706131405,51.405315156513474,251.32407201816437,False,dwarf
284.46202111952164,-30.685476473234445,,,simbad,,,,,,,,,246.49382008233732,-63.610065786144034,254.56913365155103,False,dwarf
284.46563672758214,-30.454423927281944,,,simbad,,,,,,,,,247.90684561005205,41.23825368550871,251.31334558148032,False,dwarf
284.46644199799624,-30.729864070879724,,,simbad,,,,,,,,,248.22155551024744,-83.75251866111988,261.97027503518046,False,dwarf
284.4689927488141,-30.611284937175554,,,simbad,,,,,,,,,249.21842130991087,-29.943014671311996,251.01076799175496,False,dwarf
284.4810084529321,-30.51907357991777,,,simbad,,,,,,,,,253.91431101035883,11.90117191759743,254.19306683872682,False,dwarf
284.48994520428244,-30.556012897912783,,,simbad,,,,,,,,,257.40690688401713,-4.861358866210308,257.4528083389714,False,dwarf
283.8366828902999,-30.419767109019997,,,simbad,,,,,,,,,2.1037018613154435,56.9650189458506,57.003850264893686,False,dwarf
283.75469690665545,-30.02453093599111,,,simbad,,,,,,,,,-29.93746130294256,236.31750504659067,238.20624421016043,False,dwarf
283.768525,-30.491719444444445,,,simbad,,,,,,,,,-24.533266885696616,24.31408484679465,34.540641366684945,False,dwarf
283.7333666666666,-30.493211111111112,,,simbad,,,,,,,,,-38.27358986339332,23.637187985230845,44.984267659709495,False,dwarf
283.70343749999995,-30.52492777777778,,,simbad,,,,,,,,,-49.970288127007834,9.244621196867975,50.81823212755202,False,dwarf
283.7308589014942,-30.02025234591583,,,simbad,,,,,,,,,-39.25365632713699,238.25906763466585,241.47097723161113,False,dwarf
283.7070958333333,-30.52600277777778,,,simbad,,,,,,,,,-48.54056502029966,8.756801670934955,49.32411203452149,False,dwarf
283.73924795219,-30.495379343759996,,,simbad,,,,,,,,,-35.97510882194944,22.653275219752356,42.5132841936841,False,dwarf
283.77532899999994,-30.463962999999996,,,simbad,,,,,,,,,-21.87417731359619,36.909559796061146,42.904489712449205,False,dwarf
283.60772499999996,-30.43210833333334,,,simbad,,,,,,,,,-87.37594813175139,51.36474899798205,101.35528477365256,False,dwarf
283.6483140922229,-30.56507026028361,,,simbad,,,,,,,,,-71.51321564024714,-8.971459534057313,72.07376150430693,False,dwarf
283.80521818511,-30.46545098381,,,simbad,,,,,,,,,-10.19310434982154,36.23433416183719,37.64075382398754,False,dwarf
283.5292863457504,-30.06623211811084,,,simbad,,,,,,,,,-118.0307699375463,217.3941088675502,247.369078953628,False,dwarf
283.7780570452567,-29.95151304026028,,,simbad,,,,,,,,,-20.808022596590618,269.451975074493,270.2542149087141,False,dwarf
283.78775173355547,-29.972987528605284,,,simbad,,,,,,,,,-17.01921534197696,259.707161377654,260.26421836605857,False,dwarf
283.79054823716206,-30.054875758317227,,,simbad,,,,,,,,,-15.926306232837435,222.54746147298076,223.11660592230686,False,dwarf
283.79114261594503,-30.1631165785361,,,simbad,,,,,,,,,-15.694015459207936,173.42933532813598,174.1379811344811,False,dwarf
283.79269710899496,-30.12143244080194,,,simbad,,,,,,,,,-15.086499842069108,192.34499701035145,192.93574151099338,False,dwarf
283.704192,-30.514406,,,simbad,,,,,,,,,-49.67541994913887,14.019252496887624,51.61576103957776,False,dwarf
283.725777,-30.418755999999995,,,simbad,,,,,,,,,-41.239727942332344,57.4238456647378,70.69804248835474,False,dwarf
283.69157799999994,-30.391089999999995,,,simbad,,,,,,,,,-54.605131275264405,69.97827822701308,88.76192756585512,False,dwarf
283.87207,-30.56000111,,,simbad,,,,,,,,,15.93343354726471,-6.671152103146838,17.273638151484505,False,dwarf
283.85961889,-30.51790194,,,simbad,,,,,,,,,11.067381700932465,12.432845247130953,16.645196864358244,False,dwarf
283.85333306,-30.518755,,,simbad,,,,,,,,,8.610799542625472,12.045738898489589,14.806947503583046,False,dwarf
283.88900806,-30.46811306,,,simbad,,,,,,,,,22.553042412341977,35.02632230602121,41.65912836747997,False,dwarf
283.83770806,-30.46162806,,,simbad,,,,,,,,,2.5043511939448346,37.96912195780888,38.051622792590294,False,dwarf
283.79992694,-30.47928611,,,simbad,,,,,,,,,-12.260990107552288,29.95615304628285,32.36824035609314,False,dwarf
283.81918306,-30.53391611,,,simbad,,,,,,,,,-4.7354539682591055,5.1658454168044265,7.007887210552137,False,dwarf
283.78143306,-30.48177889,,,simbad,,,,,,,,,-19.48863317871591,28.824965364558473,34.79490553863514,False,dwarf
283.80917389,-30.45617889,,,simbad,,,,,,,,,-8.647164663825718,40.441876865831894,41.356001513135006,False,dwarf
283.82132,-30.50843,,,simbad,,,,,,,,,-3.9003106892638355,16.731075275468132,17.179677044291804,False,dwarf
283.82357806,-30.43861,,,simbad,,,,,,,,,-3.0178321767598257,48.414386252769944,48.50835090249396,False,dwarf
283.70483389,-30.42231806,,,simbad,,,,,,,,,-49.424561188793646,55.80743411074418,74.54701168209132,False,dwarf
283.78366111,-30.44688194,,,simbad,,,,,,,,,-18.617882955123118,44.66069895105762,48.38598553845589,False,dwarf
283.74539194,-30.45581194,,,simbad,,,,,,,,,-33.573960392079165,40.60839349377776,52.69015504393959,False,dwarf
283.77435306,-30.50551194,,,simbad,,,,,,,,,-22.255587054456445,18.055248899506935,28.65838739290185,False,dwarf
283.82525611,-30.45531806,,,simbad,,,,,,,,,-2.3620289350555153,40.83250912863146,40.90076994910745,False,dwarf
283.68884306,-30.4499,,,simbad,,,,,,,,,-55.673980545430176,43.291146766466504,70.52457371816352,False,dwarf
283.76210041564,-30.47437747896,,,simbad,,,,,,,,,-27.0440760092739,32.18361915503554,42.037690101999594,False,dwarf
283.76361522928994,-30.47467141107,,,simbad,,,,,,,,,-26.45206760537462,32.05023699451948,41.556342139367544,False,dwarf
283.82366,-30.449446,,,simbad,,,,,,,,,-2.9858089845677402,43.497165431372494,43.59952357373314,False,dwarf
283.842888,-30.425632000000004,,,simbad,,,,,,,,,4.528737501742879,54.30361584118937,54.492129310453315,False,dwarf
283.738006,-30.484612,,,simbad,,,,,,,,,-36.460479503526756,27.53934082770848,45.69225162816761,False,dwarf
283.73793321606496,-30.428925276773334,,,simbad,,,,,,,,,-36.48892438928923,52.809174246463364,64.18917734073709,False,dwarf
283.8370910831288,-30.375594797726944,,,simbad,,,,,,,,,2.26322880058768,77.00977797312225,77.04302764087997,False,dwarf
283.63013262181374,-30.27983119212916,,,simbad,,,,,,,,,-78.61876507748968,120.46592372595022,143.85043969851455,False,dwarf
283.7912974974158,-30.249271768195555,,,simbad,,,,,,,,,-15.633485814312841,134.33335041995753,135.23999006860888,False,dwarf
283.72959000000003,-30.380661,,,simbad,,,,,,,,,-39.74955913888967,74.71080830696452,84.62701891013346,False,dwarf
283.88611468887,-30.452031779659997,,,simbad,,,,,,,,,21.42227624539639,42.32377584262315,47.43644085627299,False,dwarf
283.767466,-30.51405,,,simbad,,,,,,,,,-24.947137528973094,14.180800172453045,28.6959015265341,False,dwarf
283.83342500000003,-30.400141666666666,,,simbad,,,,,,,,,0.8304769754339312,65.87076218772569,65.87599717043103,False,dwarf
283.794209,-30.49992,,,simbad,,,,,,,,,-14.495633644868592,20.592790778430015,25.183058329171192,False,dwarf
283.81933333333336,-30.524761111111108,,,simbad,,,,,,,,,-4.676725241972465,9.320252131123752,10.42779261285049,False,dwarf
283.82043333333337,-30.510322222222225,,,simbad,,,,,,,,,-4.246831278215389,15.872412068579589,16.430734639096926,False,dwarf
283.93254033727,-30.533480498589995,,,simbad,,,,,,,,,39.566008981963286,5.363519604265177,39.92789011838888,False,dwarf
283.60526993813,-30.24346345991,,,simbad,,,,,,,,,-88.33541747585684,136.96907711235684,162.98366195924262,False,dwarf
283.80722929837,-30.194220131359998,,,simbad,,,,,,,,,-9.40713575810696,159.3149907761666,159.59248255848865,False,dwarf
283.60018423702,-30.168815200260003,,,simbad,,,,,,,,,-90.32297402914392,170.84338281853516,193.25035857754563,False,dwarf
283.60412027671,-30.532450774099992,,,simbad,,,,,,,,,-88.78471975297745,5.830793755479569,88.97597775486193,False,dwarf
283.59884735378,-30.40076588958,,,simbad,,,,,,,,,-90.84544497014436,65.5874988150198,112.04737780347094,False,dwarf
283.851883334075,-30.219414913232782,,,simbad,,,,,,,,,8.044228247867824,147.8819614281188,148.1005878581561,False,dwarf
283.84637845077,-30.287259119929995,,,simbad,,,,,,,,,5.89284997152395,117.09523701109936,117.2434228921709,False,dwarf
283.51598173139,-30.30952986768,,,simbad,,,,,,,,,-123.23038212257359,106.98909225801478,163.19434101790878,False,dwarf
283.4749688916637,-30.116357082637503,,,simbad,,,,,,,,,-139.25872051756926,194.64812148822318,239.33424836216935,False,dwarf
283.49255423611544,-30.0393323001775,,,simbad,,,,,,,,,-132.3861446719141,229.60085903676796,265.03329181730123,False,dwarf
283.5227213757204,-30.013820550073063,,,simbad,,,,,,,,,-120.59644356309293,241.17772400574665,269.6482834298382,False,dwarf
283.5325761307424,-30.04300115679945,,,simbad,,,,,,,,,-116.74508020108557,227.9359847130169,256.094175799159,False,dwarf
283.53710215937207,-30.10840351793917,,,simbad,,,,,,,,,-114.97625075779726,198.25733466088712,229.1844431569448,False,dwarf
283.5480392636612,-30.129361255436663,,,simbad,,,,,,,,,-110.70189156252562,188.74701506028813,218.81577751544748,False,dwarf
283.5549183611187,-30.180839129058338,,,simbad,,,,,,,,,-108.01345295070165,165.3870970080713,197.53429544028708,False,dwarf
283.55806635888837,-30.049515792866384,,,simbad,,,,,,,,,-106.78317546065453,224.97973664064918,249.0351952242028,False,dwarf
283.567427276035,-30.140229302999167,,,simbad,,,,,,,,,-103.1248102093044,183.81525151633448,210.7671064723297,False,dwarf
283.4669235479679,-30.073060334127778,,,simbad,,,,,,,,,-142.40294296402686,214.2955627276919,257.2959120732275,False,dwarf
283.67470889394826,-29.97080116269083,,,simbad,,,,,,,,,-61.19779206201924,260.6993027580307,267.78591488685413,False,dwarf
283.68186040246957,-30.032788429448058,,,simbad,,,,,,,,,-58.4028917483903,232.57037337816388,239.7913183120539,False,dwarf
283.6916296652662,-29.98851190734972,,,simbad,,,,,,,,,-54.58493983335285,252.6624217688107,258.49142158046783,False,dwarf
283.69452664760416,-29.95707020849306,,,simbad,,,,,,,,,-53.45276236046159,266.9302121230117,272.2295647941274,False,dwarf
283.70342801257493,-30.16035295434083,,,simbad,,,,,,,,,-49.973995933154946,174.68342820701267,181.69122257192706,False,dwarf
283.7097927445304,-30.014236395135,,,simbad,,,,,,,,,-47.486577889035885,240.98901950251462,245.62304981494478,False,dwarf
283.7244399615066,-30.13862787204111,,,simbad,,,,,,,,,-41.76225955831557,184.5419578333316,189.20840500457493,False,dwarf
283.729475329077,-29.99140847958722,,,simbad,,,,,,,,,-39.79437399128323,251.34799898208925,254.47870007853007,False,dwarf
283.5815731268562,-30.15521159369361,,,simbad,,,,,,,,,-97.59643213647566,177.01650366150102,202.13833415340076,False,dwarf
283.58682593821663,-30.150477721124723,,,simbad,,,,,,,,,-95.54356677597588,179.16466689162047,203.04814949824262,False,dwarf
283.6111366459241,-30.157677725067497,,,simbad,,,,,,,,,-86.04263359609357,175.8974087427143,195.81428241717487,False,dwarf
283.64199158288665,-30.155592647933325,,,simbad,,,,,,,,,-73.98413254879634,176.84358673259638,191.69586859775356,False,dwarf
283.64253717234374,-30.11461289476778,,,simbad,,,,,,,,,-73.77090926308576,195.43960883682354,208.89898936039165,False,dwarf
283.64611140771456,-30.12956280009112,,,simbad,,,,,,,,,-72.37405270768285,188.65555699722725,202.06168041285937,False,dwarf
283.64651297945335,-30.185225123006113,,,simbad,,,,,,,,,-72.2171133744882,163.3967960886795,178.6444077943365,False,dwarf
283.66893474196087,-30.156478162513054,,,simbad,,,,,,,,,-63.45440395760289,176.4417529628386,187.5050761185254,False,dwarf
283.6726873772254,-30.175970698551943,,,simbad,,,,,,,,,-61.98782645910667,167.59632069334086,178.69252177712832,False,dwarf
283.80684793006714,-30.09793606094611,,,simbad,,,,,,,,,-9.556179332067863,203.0073159707211,203.23211090047465,False,dwarf
283.83144005303086,-30.093654376921105,,,simbad,,,,,,,,,0.05473450234660862,204.95028254864778,204.9502898574098,False,dwarf
283.8328815888671,-30.191099276311945,,,simbad,,,,,,,,,0.6181050064502898,160.73118987388258,160.73237835630098,False,dwarf
283.8361333791362,-29.989226664360277,,,simbad,,,,,,,,,1.888945922855791,252.3380753259774,252.34514533851868,False,dwarf
283.8491804321004,-30.138511234164444,,,simbad,,,,,,,,,6.9878998446946605,184.59488642282108,184.72710368999373,False,dwarf
283.85910235578046,-30.189361738313885,,,simbad,,,,,,,,,10.865513570901056,161.51965960644432,161.88471152193796,False,dwarf
283.8611194240192,-30.172079685265565,,,simbad,,,,,,,,,11.65380944390078,169.3620065135799,169.76248267759468,False,dwarf
283.873947602105,-29.971458268876113,,,simbad,,,,,,,,,16.667224284762426,260.4011174298524,260.9339731121157,False,dwarf
283.87755822981535,-30.12415436713278,,,simbad,,,,,,,,,18.07830342842799,191.109826022134,191.96299293629656,False,dwarf
283.8803459853596,-30.12221227317222,,,simbad,,,,,,,,,19.167793683782147,191.99112030599963,192.94557416809764,False,dwarf
283.73609632513785,-30.141092398805835,,,simbad,,,,,,,,,-37.20680468166913,183.42359106308504,187.15918377973796,False,dwarf
283.7363522466183,-30.01250750420916,,,simbad,,,,,,,,,-37.10678731836299,241.7735653181723,244.6045186658471,False,dwarf
283.744748705175,-30.099309035537495,,,simbad,,,,,,,,,-33.82534472709801,202.384279864408,205.19149758735628,False,dwarf
283.7589497629871,-30.10121176734333,,,simbad,,,,,,,,,-28.275391061432707,201.52084755975898,203.49483959275372,False,dwarf
283.76222016084705,-29.95818447068111,,,simbad,,,,,,,,,-26.997278062293894,266.42457598130176,267.78892379930363,False,dwarf
283.76266632270585,-30.028327323029718,,,simbad,,,,,,,,,-26.82291234414844,234.5947592554918,236.1232087211336,False,dwarf
283.7674834057417,-30.01788930679277,,,simbad,,,,,,,,,-24.940335144173588,239.33138077398786,240.6273678123236,False,dwarf
283.77580557601914,-30.11076107855833,,,simbad,,,,,,,,,-21.687925355480434,197.1875075877745,198.37660964666048,False,dwarf
283.79811325723165,-29.973673761139718,,,simbad,,,,,,,,,-12.96980035687348,259.3957589314899,259.71980184987973,False,dwarf
283.8884982688838,-30.065717158443345,,,simbad,,,,,,,,,22.35380957269638,217.627790152082,218.77282246405977,False,dwarf
283.71278797187,-30.37173947719999,,,simbad,,,,,,,,,-46.31600502235887,78.75926693291291,91.36845434306636,False,dwarf
283.62570353957994,-30.464142940169996,,,simbad,,,,,,,,,-80.34970663863179,36.827905537060616,88.38761215894934,False,dwarf
283.7901791666667,-30.484811111111117,,,simbad,,,,,,,,,-16.070543667517498,27.448987071584607,31.80737752512152,False,dwarf
283.62255889,-30.517385,,,simbad,,,,,,,,,-81.57867561363766,12.667425178048752,82.55630790870303,False,dwarf
283.61956806,-30.47885694,,,simbad,,,,,,,,,-82.74752994418256,30.15090421460176,88.06946540556198,False,dwarf
283.8580874999999,-30.545905555555564,,,simbad,,,,,,,,,10.468895048946038,-0.27479239445726833,10.472500866836842,False,dwarf
283.766471,-30.465181000000005,,,simbad,,,,,,,,,-25.335996159813885,36.35684892853641,44.31402899108276,False,dwarf
283.8512916666667,-30.590724999999992,,,simbad,,,,,,,,,7.812997113899931,-20.61321113067538,22.044214592940435,False,dwarf
283.753656,-30.480451999999993,,,simbad,,,,,,,,,-30.344260837499302,29.4270889466679,42.269702265917346,False,dwarf
283.873292,-30.466461000000002,,,simbad,,,,,,,,,16.411006659718,35.776003353473754,39.36043134333101,False,dwarf
283.87780000000004,-30.541183000000004,,,simbad,,,,,,,,,18.17279028572035,1.8682353379171346,18.268568910744328,False,dwarf
284.1095894316875,-30.348188893801392,,,simbad,,,,,,,,,108.7590425974947,89.44618268076177,140.8160109606996,False,dwarf
283.76344166666667,-30.47888611111111,,,simbad,,,,,,,,,-26.51989808180968,30.137666784284534,40.144538276957924,False,dwarf
283.80663159294,-30.43451170748,,,simbad,,,,,,,,,-9.640726627602792,50.27413240555245,51.19015529414995,False,dwarf
283.76312390983753,-30.4764269447925,,,simbad,,,,,,,,,-26.644081484337327,31.253601061246528,41.06938832560764,False,dwarf
283.7333333333333,-30.48,,,simbad,,,,,,,,,-38.286616953182445,29.63220004035927,48.41417475235517,False,dwarf
283.76304586743,-30.467996209020008,,,simbad,,,,,,,,,-26.674581447896816,35.079347598733214,44.06919472117945,False,dwarf
283.92474199127,-30.311600681159995,,,simbad,,,,,,,,,36.518316370505936,106.04938690907773,112.16086614469249,False,dwarf
284.06252390113,-30.63407944667,,,simbad,,,,,,,,,90.3652357909168,-40.28683496474628,98.93889483425967,False,dwarf
283.75319666816995,-30.568575455369995,,,simbad,,,,,,,,,-30.523773547577026,-10.562066608793774,32.2995046809136,False,dwarf
284.1200067763542,-30.51613750507333,,,simbad,,,,,,,,,112.8302731343197,13.233520418728162,113.6036821508796,False,dwarf
283.89637033993,-30.48302544238,,,simbad,,,,,,,,,25.43031486810779,28.259297837989415,38.016954488587025,False,dwarf
283.772332,-30.473953,,,simbad,,,,,,,,,-23.045442958429113,32.37624159692909,39.74057701006531,False,dwarf
284.14668823666625,-30.38910097154945,,,simbad,,,,,,,,,123.25772652715715,70.88087070683824,142.18496749235825,False,dwarf
284.08964557468914,-30.332218317570554,,,simbad,,,,,,,,,100.96473010892386,96.69340028615126,139.79803426681548,False,dwarf
284.2005919187267,-30.316361289172505,,,simbad,,,,,,,,,144.3239697467505,103.88909151948499,177.8267459641684,False,dwarf
284.2120022426287,-30.443445934382225,,,simbad,,,,,,,,,148.78326917393747,46.21990884088434,155.79711537555497,False,dwarf
284.22948960400214,-30.366728964146667,,,simbad,,,,,,,,,155.6175519887609,81.03296563277395,175.45131520230058,False,dwarf
284.23783612743296,-30.44205259805,,,simbad,,,,,,,,,158.8794792989161,46.85218481209441,165.64364208734773,False,dwarf
284.15993594546956,-30.360878689404455,,,simbad,,,,,,,,,128.43509929808695,83.6877360991184,153.29452666388693,False,dwarf
284.17789553784917,-30.315389878797223,,,simbad,,,,,,,,,135.45393598478864,104.32990356483951,170.97513723234712,False,dwarf
284.2970194201954,-30.414053371447224,,,simbad,,,,,,,,,182.00906140191927,59.557830810086365,191.50570133343416,False,dwarf
284.2983062378837,-30.561231838728606,,,simbad,,,,,,,,,182.5119660897736,-7.22963908448504,182.65509970227106,False,dwarf
284.3014742899246,-30.66331174423,,,simbad,,,,,,,,,183.7500810436134,-53.55203081370918,191.3946506248462,False,dwarf
284.261607924645,-30.63243961839111,,,simbad,,,,,,,,,168.16979941609824,-39.54270449626329,172.7562065875768,False,dwarf
284.2671673194333,-30.675396352290278,,,simbad,,,,,,,,,170.3424814720929,-59.03585199979644,180.28253607993256,False,dwarf
284.27138208091253,-30.655330055535554,,,simbad,,,,,,,,,171.98966376168383,-49.930055376438574,179.09063311840538,False,dwarf
284.2725504298837,-30.42051414695945,,,simbad,,,,,,,,,172.44626937100418,56.62602388215099,181.50543352935435,False,dwarf
284.2726770071275,-30.29274374040555,,,simbad,,,,,,,,,172.49573736471058,114.60639518755933,207.0975741694775,False,dwarf
283.65461899999997,-30.436795999999998,,,simbad,,,,,,,,,-69.04917764447818,49.237553341182185,84.80640065705221,False,dwarf
283.710149,-30.581932000000005,,,simbad,,,,,,,,,-47.347348729090626,-16.62307430135779,50.1806539505274,False,dwarf
284.2944738553533,-30.391446477077775,,,simbad,,,,,,,,,181.01422234742284,69.8165140604201,194.01158297274694,False,dwarf
284.12245298012584,-30.341371700005553,,,simbad,,,,,,,,,113.78628062115565,92.53972709534253,146.6660108834929,False,dwarf
284.2444157857546,-30.55251729637556,,,simbad,,,,,,,,,161.45089329528943,-3.275105205990503,161.48410838208582,False,dwarf
283.677916,-30.398911999999996,,,simbad,,,,,,,,,-59.944414305002006,66.42876722064695,89.47689042889581,False,dwarf
283.6928878277,-30.530197266870005,,,simbad,,,,,,,,,-54.093233982706145,6.853402898378436,54.52565537428502,False,dwarf
283.69418306,-30.47980306,,,simbad,,,,,,,,,-53.58704075778374,29.721568577511405,61.27758624394477,False,dwarf
283.757893,-30.444551,,,simbad,,,,,,,,,-28.688387451647806,45.71844597038477,53.974066703583254,False,dwarf
283.82683000000003,-30.499751999999997,,,simbad,,,,,,,,,-1.7469327435795017,20.66902676015836,20.742720198246243,False,dwarf
284.05193045141544,-30.702453523938615,,,simbad,,,,,,,,,86.22518116585793,-71.31400701985547,111.89490365656971,False,dwarf
284.13955030997164,-30.60388580455861,,,simbad,,,,,,,,,120.46813416380671,-26.585394796420523,123.36674821600218,False,dwarf
283.89217994258,-30.34867766717,,,simbad,,,,,,,,,23.792654389506243,89.2243843617262,92.34219602991658,False,dwarf
284.0168831972692,-30.973499620926663,,,simbad,,,,,,,,,72.52826934458034,-194.31082426500978,207.40551169307798,False,dwarf
284.0712307838,-30.39726257323,,,simbad,,,,,,,,,93.76799606625434,67.17725334622759,115.34825726218986,False,dwarf
284.09293273455,-30.51190699414,,,simbad,,,,,,,,,102.24939391078291,15.153265384263204,103.36614536166259,False,dwarf
284.32029414369,-30.83341025136,,,simbad,,,,,,,,,191.10511880030035,-130.7402848694932,231.54737856307753,False,dwarf
283.98626623464617,-30.584208048992213,,,simbad,,,,,,,,,60.562771690086464,-17.65591257147614,63.08391683715547,False,dwarf
284.3010935754804,-30.909342208492223,,,simbad,,,,,,,,,183.60129300592723,-165.19711401494465,246.98081154679804,False,dwarf
284.1217779611442,-30.83904227097944,,,simbad,,,,,,,,,113.5224746342227,-133.29601430279348,175.08620641297892,False,dwarf
284.4126626209704,-30.46650511794639,,,simbad,,,,,,,,,227.203892276149,35.75598326445784,230.0002152273778,False,dwarf
284.03417510109,-30.55581814151,,,simbad,,,,,,,,,79.28616486665005,-4.7729812140455685,79.42970029485977,False,dwarf
284.31684976206,-30.61130391559,,,simbad,,,,,,,,,189.75901073522587,-29.951626802602995,192.10825620814418,False,dwarf
284.0581028603817,-30.772141182143056,,,simbad,,,,,,,,,88.63743694439222,-102.93726319532604,135.8406249330992,False,dwarf
283.97762231533295,-30.84025101247445,,,simbad,,,,,,,,,57.18461829385268,-133.84452379402111,145.54874482132064,False,dwarf
283.9269461758425,-30.733705452588616,,,simbad,,,,,,,,,37.37973968202942,-85.4956823859172,93.31000292214077,False,dwarf
284.13149214419127,-30.93338295671084,,,simbad,,,,,,,,,117.31890068392737,-176.10645950244907,211.60626062612832,False,dwarf
284.03543162886297,-30.911573773536944,,,simbad,,,,,,,,,79.77723187107114,-166.20976611001814,184.36402326744115,False,dwarf
284.22043531842917,-30.676051981483884,,,simbad,,,,,,,,,152.07902224888022,-59.333367090412594,163.243613836686,False,dwarf
284.2254127104563,-30.466431881925832,,,simbad,,,,,,,,,154.02425023765466,35.78921671639157,158.12759940770778,False,dwarf
284.1700580452367,-30.733243753137494,,,simbad,,,,,,,,,132.39094438022525,-85.28616982092308,157.4836274557175,False,dwarf
284.29056862631046,-30.846770408096663,,,simbad,,,,,,,,,179.48800926327203,-136.802931684062,225.6789480360243,False,dwarf
284.2838203672283,-30.695082755999444,,,simbad,,,,,,,,,176.8507039494344,-67.96925862744186,189.46237517189152,False,dwarf
284.45575615196833,-30.592427039025836,,,simbad,,,,,,,,,244.04539123304156,-21.385571940634396,244.9806026388954,False,dwarf
284.40554199036205,-30.73811797853,,,simbad,,,,,,,,,224.42105944285643,-87.49802314209477,240.87489693869856,False,dwarf
284.4121153026971,-30.605042460498613,,,simbad,,,,,,,,,226.98999334710297,-27.110268612529964,228.6032015173046,False,dwarf
284.41252584729045,-30.836001437983338,,,simbad,,,,,,,,,227.1504393857644,-131.91612806037557,262.6769631231244,False,dwarf
284.4373554555708,-30.689599293302788,,,simbad,,,,,,,,,236.85416549662403,-65.48094218730083,245.73898653416555,False,dwarf
284.51133003819456,-30.593765592039443,,,simbad,,,,,,,,,265.76437144272825,-21.99298803043237,266.67281948270465,False,dwarf
284.48568319812244,-30.382946674810558,,,simbad,,,,,,,,,255.74126077345375,73.67360197903605,266.14167672606465,False,dwarf
284.49222034802375,-30.428363964898335,,,simbad,,,,,,,,,258.29606193952685,53.063889495544856,263.6904093475212,False,dwarf
284.27359871105375,-30.70996689813111,,,simbad,,,,,,,,,172.85595095947735,-74.72346807728347,188.31562989726064,False,dwarf
284.3349234868708,-30.479294390885272,,,simbad,,,,,,,,,196.82245182488,29.952395299744914,199.0884816521272,False,dwarf
284.04980778450033,-30.802290682986385,,,simbad,,,,,,,,,85.39561598961772,-116.61867269159698,144.5417796022869,False,dwarf
284.1019034738025,-30.738151387563057,,,simbad,,,,,,,,,105.7552726880623,-87.51318368038996,137.2688421281541,False,dwarf
284.24662395,-30.912595129920003,,,simbad,,,,,,,,,162.31387191352636,-166.6732429347544,232.64944213547622,False,dwarf
284.30873365907576,-30.739828718986946,,,simbad,,,,,,,,,186.58713466060232,-88.27433253623474,206.41491371887713,False,dwarf
284.3967809620949,-30.842792494396665,,,simbad,,,,,,,,,220.9971383807906,-134.99781170700808,258.9674580679571,False,dwarf
284.4425706380762,-30.704909930765826,,,simbad,,,,,,,,,238.89232502289107,-72.42868907934019,249.63064306409652,False,dwarf
284.26222196103583,-30.770532667313606,,,simbad,,,,,,,,,168.40977263240396,-102.20734231945872,196.99795009620027,False,dwarf
284.3645583314792,-30.89818541305861,,,simbad,,,,,,,,,208.4041252919224,-160.13432084345646,262.82176498662807,False,dwarf
284.20488489485706,-30.95032069898528,,,simbad,,,,,,,,,146.00171931489638,-183.7925631365731,234.72581516999148,False,dwarf
284.27259471799914,-30.971056743398886,,,simbad,,,,,,,,,172.46357772872037,-193.2022816068597,258.9803221503261,False,dwarf
284.2114149848512,-30.996157670084173,,,simbad,,,,,,,,,148.55376137963486,-204.59272082181812,252.83670903037776,False,dwarf
284.1914235786946,-30.9554255720875,,,simbad,,,,,,,,,140.7408660763987,-186.10908106835834,233.33362689514678,False,dwarf
284.3883030410375,-30.89406751253278,,,simbad,,,,,,,,,217.68385921014942,-158.26567685987825,269.1361867763968,False,dwarf
284.19623310036417,-30.86920778497917,,,simbad,,,,,,,,,142.62048819846677,-146.9846903389387,204.80503618808473,False,dwarf
284.27326274590956,-30.895393934405842,,,simbad,,,,,,,,,172.72465151628427,-158.8675880127186,234.6757673097091,False,dwarf
283.9509802761429,-30.639999346083048,,,simbad,,,,,,,,,46.77257117589934,-42.97320010450534,63.51668553715966,False,dwarf
284.12273928973,-30.82531549806,,,simbad,,,,,,,,,113.89817404896618,-127.06700234172908,170.64236618085667,False,dwarf
283.854698,-30.45716700000001,,,simbad,,,,,,,,,9.144235421609007,39.993486771160214,41.025553324248726,False,dwarf
283.82904239713,-30.35045983158,,,simbad,,,,,,,,,-0.8822998603049892,88.41566380580068,88.42006593112146,False,dwarf
283.81677081900835,-30.53894736295445,,,simbad,,,,,,,,,-5.67818836955226,2.8827352483546953,6.368044100995624,False,dwarf
284.0688721116062,-30.74963661613611,,,simbad,,,,,,,,,92.84619703118457,-92.72501508293263,131.21869045712822,False,dwarf
283.78670537882,-30.731471768530003,,,simbad,,,,,,,,,-17.428144055376574,-84.48206871284269,86.26100010558903,False,dwarf
283.98071155022,-30.832263864100007,,,simbad,,,,,,,,,58.391930503433215,-130.22007083255738,142.71259368238682,False,dwarf
283.924992,-30.830763,,,simbad,,,,,,,,,36.61602295586307,-129.53900030813492,134.6145821890603,False,dwarf
284.07877286102,-30.8527321837,,,simbad,,,,,,,,,96.71553558536296,-139.50829963618762,169.75411774370573,False,dwarf
284.18999999999994,-30.970000000000002,,,simbad,,,,,,,,,140.18451345117128,-192.7227466637189,238.31440345297975,False,dwarf
283.8194606345892,-30.952547014671108,,,simbad,,,,,,,,,-4.626974295204599,-184.80283314814082,184.86074767431853,False,dwarf
283.8380446587596,-30.81637231714084,,,simbad,,,,,,,,,2.6358982620782863,-123.00871557306614,123.03695406902558,False,dwarf
283.84131782861664,-30.986800149890847,,,simbad,,,,,,,,,3.9150945928583867,-200.34641285473788,200.384662859791,False,dwarf
283.8435976815921,-30.95045213620362,,,simbad,,,,,,,,,4.80609007685178,-183.85220745428344,183.9150148509895,False,dwarf
283.8517974206279,-30.897609742905836,,,simbad,,,,,,,,,8.010652182122152,-159.87309001460193,160.07365635606612,False,dwarf
283.8555211500478,-30.789076637723333,,,simbad,,,,,,,,,9.465932909617802,-110.62232916055437,111.02658958445686,False,dwarf
283.8684803566225,-30.878834675435005,,,simbad,,,,,,,,,14.530555347278094,-151.353234653699,152.04913245013265,False,dwarf
283.8777378027921,-31.007782227018343,,,simbad,,,,,,,,,18.14848282731521,-209.86777742907603,210.6510181127866,False,dwarf
283.88000034339547,-30.839608903967218,,,simbad,,,,,,,,,19.03271241650812,-133.55314419625853,134.90250726593678,False,dwarf
283.9679822230271,-30.941796140132777,,,simbad,,,,,,,,,53.41714784634508,-179.92424103591077,187.68623869742504,False,dwarf
284.00531774914623,-31.12631043138639,,,simbad,,,,,,,,,68.00834540267333,-263.6541704192541,272.28414684640455,False,dwarf
284.00847709219124,-30.78763949339861,,,simbad,,,,,,,,,69.24305677036165,-109.97017375294172,129.95399195929195,False,dwarf
284.025124889887,-30.814810897396388,,,simbad,,,,,,,,,75.74922744228066,-122.30016576886204,143.85852774581525,False,dwarf
284.0269173564733,-30.903937755364435,,,simbad,,,,,,,,,76.44974613833024,-162.74465097985558,179.80652131435653,False,dwarf
283.91232332497503,-30.917128484998614,,,simbad,,,,,,,,,31.66494393594239,-168.73041421413237,171.6759195558278,False,dwarf
283.9155171984846,-31.03224653415167,,,simbad,,,,,,,,,32.91315024753545,-220.96932785516367,223.40707086388213,False,dwarf
283.91782892007376,-30.96870353623527,,,simbad,,,,,,,,,33.8166003902942,-192.13443006920872,195.08767690445364,False,dwarf
283.922249042745,-30.80030992775501,,,simbad,,,,,,,,,35.54404044066026,-115.71983447954226,121.05560252553349,False,dwarf
283.92739000706877,-30.7397952389064,,,simbad,,,,,,,,,37.553194559404645,-88.25913975761068,95.91620390929758,False,dwarf
283.93574298802207,-30.953318416563892,,,simbad,,,,,,,,,40.8176455513303,-185.1528842231567,189.59870971213834,False,dwarf
283.936377444335,-30.95599303442583,,,simbad,,,,,,,,,41.06559913240892,-186.3665873091671,190.83733465275895,False,dwarf
283.94305396166874,-30.74114019757528,,,simbad,,,,,,,,,43.674866860257616,-88.86946264156714,99.02159050157762,False,dwarf
283.9530254018466,-30.775452187227778,,,simbad,,,,,,,,,47.571832262390885,-104.4397496425713,114.76384679072075,False,dwarf
283.9600235701338,-30.963471994150282,,,simbad,,,,,,,,,50.30680526597171,-189.76043157637568,196.31555223191248,False,dwarf
284.1026562946779,-30.768820515829724,,,simbad,,,,,,,,,106.04948464270875,-101.43039262160426,146.7467810221298,False,dwarf
284.10346362827835,-30.976303241976385,,,simbad,,,,,,,,,106.36500086231341,-195.58306714070173,222.63478964574287,False,dwarf
284.10728118808083,-30.973019090146103,,,simbad,,,,,,,,,107.85695169444631,-194.09276631378302,222.04757139891197,False,dwarf
284.1235154358004,-31.07819825489194,,,simbad,,,,,,,,,114.20150178593136,-241.82155727590614,267.43157736794365,False,dwarf
284.124036638025,-30.810068395751674,,,simbad,,,,,,,,,114.4051942316116,-120.14808678834244,165.90392167176714,False,dwarf
284.12639510194293,-30.732841037160007,,,simbad,,,,,,,,,115.32691186981542,-85.10342310722675,143.32790805002293,False,dwarf
284.14064672371876,-30.89840738919055,,,simbad,,,,,,,,,120.89662657440397,-160.2350504168999,200.7268434942804,False,dwarf
284.1412971054067,-31.07199015444722,,,simbad,,,,,,,,,121.15080399418989,-239.0044106564786,267.9563875366461,False,dwarf
284.0333978823725,-31.107993210386937,,,simbad,,,,,,,,,78.98241792559988,-255.34207919660057,267.278505963007,False,dwarf
284.03524124300503,-31.034047275346662,,,simbad,,,,,,,,,79.7028266609816,-221.78647828871556,235.6730415840161,False,dwarf
284.0573802743263,-30.86281277906806,,,simbad,,,,,,,,,88.35504114119723,-144.08272870927007,169.0161116798389,False,dwarf
284.0619137759878,-31.01400864672,,,simbad,,,,,,,,,90.12679114021327,-212.6932370636052,231.00054453145037,False,dwarf
284.06222262766624,-30.880276877317495,,,simbad,,,,,,,,,90.2474942968108,-152.00768510822547,176.77937254898924,False,dwarf
284.07284994105294,-30.819044520550555,,,simbad,,,,,,,,,94.40078327480072,-124.22132301541234,156.02065560237628,False,dwarf
284.0771028936775,-30.989695571624722,,,simbad,,,,,,,,,96.06289114879671,-201.66031355947632,223.3718001914563,False,dwarf
284.0995457044321,-30.737570588838885,,,simbad,,,,,,,,,104.83382648783689,-87.24962557965799,136.39145259096114,False,dwarf
284.19208530031085,-30.897718673178897,,,simbad,,,,,,,,,140.999475284152,-159.92252100452208,213.20427940087882,False,dwarf
284.19994208046205,-30.785916750923892,,,simbad,,,,,,,,,144.070004703674,-109.18841801589952,180.77133866885939,False,dwarf
284.203355001,-31.00770480657944,,,simbad,,,,,,,,,145.403817374606,-209.832645148329,255.28809035490147,False,dwarf
284.2060929800629,-30.88528493951583,,,simbad,,,,,,,,,146.47385434917072,-154.2802716453715,212.73690847352205,False,dwarf
284.2136635400325,-30.800214896399165,,,simbad,,,,,,,,,149.43252528834662,-115.67671061818818,188.97402200698488,False,dwarf
284.15537374648534,-30.908263618233057,,,simbad,,,,,,,,,126.65213402105506,-164.7076652810837,207.77241889729444,False,dwarf
284.2337283804821,-30.873474489095557,,,simbad,,,,,,,,,157.2741196454834,-148.92085924996047,216.59310014404514,False,dwarf
284.2368367433121,-31.00031375100639,,,simbad,,,,,,,,,158.48890729799515,-206.47869051969116,260.2924958104611,False,dwarf
284.25196206328826,-30.99970042420445,,,simbad,,,,,,,,,164.40007435026865,-206.20037164549078,263.71571381529844,False,dwarf
284.16490434970456,-31.041786179934732,,,simbad,,,,,,,,,130.3768147436248,-225.29828179326296,260.30257317531454,False,dwarf
284.29673168083707,-30.710547169051665,,,simbad,,,,,,,,,181.89660920802305,-74.98678666833203,196.74703203915985,False,dwarf
284.30288899958833,-30.731538175536112,,,simbad,,,,,,,,,184.3029675389687,-84.51220325632147,202.75575538787533,False,dwarf
284.26839061169375,-30.93405193348055,,,simbad,,,,,,,,,170.82055961632886,-176.41003153097023,245.5609146676109,False,dwarf
284.2749717807237,-30.94412563639945,,,simbad,,,,,,,,,173.39256401666736,-180.98133290983532,250.637635079201,False,dwarf
284.2933200850716,-30.706474810423607,,,simbad,,,,,,,,,180.56331427501036,-73.1388089424112,194.8137465259849,False,dwarf
284.3123516088712,-30.816240356160836,,,simbad,,,,,,,,,188.00107536807613,-122.94883357985142,224.63485931217141,False,dwarf
284.34612705440327,-30.9091194221325,,,simbad,,,,,,,,,201.20094823817982,-165.09601677179674,260.2662412335801,False,dwarf
284.35614645517455,-30.780694921057215,,,simbad,,,,,,,,,205.11665724904955,-106.8188267879342,231.2641451617063,False,dwarf
283.99731970661,-31.080203122003052,,,simbad,,,,,,,,,64.88260884984565,-242.73133711190508,251.25336803174474,False,dwarf
284.09363435625085,-30.967043496205555,,,simbad,,,,,,,,,102.52359657807641,-191.38112779913908,217.11246839593198,False,dwarf
284.0944428287496,-30.975114372483333,,,simbad,,,,,,,,,102.83955789359926,-195.04357527791515,220.49483196878495,False,dwarf
284.1048790840224,-31.04104317986139,,,simbad,,,,,,,,,106.91817893532843,-224.96111905508087,249.07629769482517,False,dwarf
284.1304907968958,-30.922311875102224,,,simbad,,,,,,,,,116.92756144943998,-171.0825620309382,207.22282127599357,False,dwarf
284.26274250546453,-30.793574645014726,,,simbad,,,,,,,,,168.6132080030934,-112.66346012290418,202.78922348083407,False,dwarf
284.26644988066374,-30.733252768025007,,,simbad,,,,,,,,,170.06209729354273,-85.29026064711154,190.2512693706158,False,dwarf
284.1848668665816,-30.82264484488027,,,simbad,,,,,,,,,138.1784197496689,-125.85509837143505,186.90313392396416,False,dwarf
284.278053071627,-30.701570129633893,,,simbad,,,,,,,,,174.59677161657626,-70.9131354003747,188.44815051160032,False,dwarf
284.22320865222287,-30.810950792228056,,,simbad,,,,,,,,,153.1628763010204,-120.5485056076856,194.9123107478024,False,dwarf
284.3159497776825,-30.962631042245555,,,simbad,,,,,,,,,189.4072854158053,-189.3788197070778,267.84222430795,False,dwarf
284.2393016756312,-31.00708272991555,,,simbad,,,,,,,,,159.45223413893774,-209.5503557127265,263.31799511470695,False,dwarf
284.1778113833317,-30.869407054080558,,,simbad,,,,,,,,,135.42104733107345,-147.07511578877242,199.9248602463577,False,dwarf
284.2491850008367,-30.915663720145005,,,simbad,,,,,,,,,163.31476309129286,-168.06572500809614,234.3454709740773,False,dwarf
283.6282937715266,-30.78670334727056,,,simbad,,,,,,,,,-79.3374111126501,-109.54536411536986,135.2575750234589,False,dwarf
283.7630125,-30.47721944444444,,,simbad,,,,,,,,,-26.68762186311563,30.893976126816327,40.82483216907259,False,dwarf
283.6366666666667,-30.351111111111113,,,simbad,,,,,,,,,-76.06517740371396,88.12012252941327,116.40905122909165,False,dwarf
283.7588583333333,-30.477674999999998,,,simbad,,,,,,,,,-28.311122930767667,30.68725157319041,41.75197109978541,False,dwarf
283.7612541666667,-30.48130833333333,,,simbad,,,,,,,,,-27.374800850610647,29.03849720647278,39.90756872600636,False,dwarf
283.53766337652,-30.737983937360006,,,simbad,,,,,,,,,-114.75691997210131,-87.43719718860544,144.27201438145354,False,dwarf
283.4410057404933,-30.43046010348639,,,simbad,,,,,,,,,-152.53195113392354,52.11269197711243,161.18848836633165,False,dwarf
283.74136876471,-30.448721778420005,,,simbad,,,,,,,,,-35.14626836686654,43.82580675958047,56.177945123009735,False,dwarf
283.727233,-30.53949,,,simbad,,,,,,,,,-40.67070465938558,2.6364943680610153,40.75607095935261,False,dwarf
283.79674063913,-30.98818146059,,,simbad,,,,,,,,,-13.50623693544587,-200.9732317667623,201.42655813703703,False,dwarf
283.69666764744,-30.47213504524,,,simbad,,,,,,,,,-52.6160324460924,33.201203298501184,62.21548658362043,False,dwarf
283.34559975443955,-30.66669103442223,,,simbad,,,,,,,,,-189.81782159749676,-55.08550405981194,197.6492300858839,False,dwarf
283.40319,-30.801100000000005,,,simbad,,,,,,,,,-167.310822563676,-116.07835789164112,203.63471343990886,False,dwarf
283.68506716467,-30.593205863490006,,,simbad,,,,,,,,,-57.149648372803554,-21.73899127170076,61.1446322308522,False,dwarf
283.719958,-30.473581,,,simbad,,,,,,,,,-43.51386701053071,32.54504984218265,54.33817158720291,False,dwarf
283.7579893139134,-30.613454332249443,,,simbad,,,,,,,,,-28.65074675165513,-30.927454928524334,42.15889891569016,False,dwarf
283.60496398047286,-30.951549058503055,,,simbad,,,,,,,,,-88.45498961218918,-184.34997500413996,204.4729773620943,False,dwarf
283.57093224578796,-30.834288813109165,,,simbad,,,,,,,,,-101.75502353665063,-131.1389635448237,165.98648310797756,False,dwarf
283.4434018941254,-30.366936055428056,,,simbad,,,,,,,,,-151.59550387698823,80.93899059025111,171.8496930270366,False,dwarf
283.61674188407994,-30.778650728649996,,,simbad,,,,,,,,,-83.85203537011691,-105.89120169862754,135.07076083627706,False,dwarf
283.72769166666666,-30.491591666666665,,,simbad,,,,,,,,,-40.491451903606404,24.37206856305818,47.26050574533116,False,dwarf
283.70031278514,-30.576171215789998,,,simbad,,,,,,,,,-51.191466360406594,-14.008913350358254,53.073683510629685,False,dwarf
283.62715670463,-30.77298992192,,,simbad,,,,,,,,,-79.78179129011757,-103.3224090889342,130.53985767343607,False,dwarf
283.1700694009338,-30.66405431571778,,,simbad,,,,,,,,,-258.4173119853242,-53.8889990659317,263.97638408397137,False,dwarf
283.2217338488237,-30.39237899679389,,,simbad,,,,,,,,,-238.22618990513837,69.39335003638436,248.12729512488386,False,dwarf
283.2888596048667,-30.665484087638614,,,simbad,,,,,,,,,-211.99259232797004,-54.537808982780156,218.89548147592066,False,dwarf
283.30690969605956,-30.52846759095833,,,simbad,,,,,,,,,-204.93838755622562,7.638304929309614,205.08068265036286,False,dwarf
283.34787573528166,-30.833644297448046,,,simbad,,,,,,,,,-188.92833939237917,-130.84649161527673,229.81453782036658,False,dwarf
283.36224317796825,-30.60183490123611,,,simbad,,,,,,,,,-183.3133604056013,-25.654724390357984,185.09984599328843,False,dwarf
283.26250435200376,-30.480083376551107,,,simbad,,,,,,,,,-222.29255970870852,29.594364961628816,224.25389303049306,False,dwarf
283.27805718270747,-30.401120547005,,,simbad,,,,,,,,,-216.21431603715172,65.42656038066563,225.89658090077018,False,dwarf
283.3893715497904,-30.774791495428612,,,simbad,,,,,,,,,-172.71124832137662,-104.13993721442472,201.67870938637162,False,dwarf
283.4514615978825,-30.131648399477783,,,simbad,,,,,,,,,-148.44566933628835,187.70914201668188,239.31326486707232,False,dwarf
283.3770660683771,-30.73564306755444,,,simbad,,,,,,,,,-177.52038666737164,-86.37494416644654,197.41863808235001,False,dwarf
283.4758259988246,-30.67750123347806,,,simbad,,,,,,,,,-138.92375215870757,-59.99101678413821,151.32326658068402,False,dwarf
283.7144332215271,-30.819093268328615,,,simbad,,,,,,,,,-45.67302057103655,-124.243444055397,132.37242235008353,False,dwarf
283.63430560058583,-30.914124816165835,,,simbad,,,,,,,,,-76.9879120002414,-167.3673925340724,184.22535840055022,False,dwarf
283.66332197159625,-30.878759799107225,,,simbad,,,,,,,,,-65.6479458663877,-151.3192568539583,164.9459617308359,False,dwarf
283.8329401520799,-31.016840793249443,,,simbad,,,,,,,,,0.6409922534330289,-213.97842439138492,213.97938446515963,False,dwarf
283.47615521862963,-30.216393571879166,,,simbad,,,,,,,,,-138.79508887968038,149.2530026437473,203.8149540521814,False,dwarf
283.4900082894212,-30.12076215711138,,,simbad,,,,,,,,,-133.38113295905958,192.64916210074023,234.31650878151888,False,dwarf
283.62413257272874,-30.16454011070389,,,simbad,,,,,,,,,-80.9636604264182,172.78335692140234,190.811956487724,False,dwarf
283.52768403986,-30.093088736220004,,,simbad,,,,,,,,,-118.65697141969409,205.20696215670299,237.04297961356423,False,dwarf
283.71055043611415,-30.479904701926664,,,simbad,,,,,,,,,-47.190462399732006,29.67544493427221,55.74559869216172,False,dwarf
283.60732646108954,-30.39184594682472,,,simbad,,,,,,,,,-87.53170219710779,69.63524043941516,111.85198076287395,False,dwarf
283.46269283744,-30.8188939185,,,simbad,,,,,,,,,-144.05635834431075,-124.15298197270852,190.17412366602392,False,dwarf
283.19107944236754,-30.559036118722226,,,simbad,,,,,,,,,-250.20632108492848,-6.23325295183963,250.28395184912665,False,dwarf
283.2397051849566,-30.600146785382226,,,simbad,,,,,,,,,-231.20276361057174,-24.888681715419025,232.53852235424853,False,dwarf
283.15324419903,-30.41302016924,,,simbad,,,,,,,,,-264.99281447377666,60.02668309931502,271.70644896034213,False,dwarf
283.18159905193625,-30.605230152392778,,,simbad,,,,,,,,,-253.9113780125476,-27.195440492374434,255.36362283576165,False,dwarf
283.2529369322266,-30.47015912816111,,,simbad,,,,,,,,,-226.03162880948233,34.097846026599264,228.58906431831176,False,dwarf
283.4841270878237,-30.11594341483806,,,simbad,,,,,,,,,-135.67958120120358,194.83583798107708,237.42357194836933,False,dwarf
283.47108333333335,-30.196194444444444,,,simbad,,,,,,,,,-140.7772460375808,158.41907591765823,211.93120727379986,False,dwarf
283.37907916666666,-30.34405,,,simbad,,,,,,,,,-176.73364230090266,91.32435311060338,198.9344560201012,False,dwarf
283.3365412046737,-30.18730236842917,,,simbad,,,,,,,,,-193.3580178380808,162.45417201656753,252.54441405000443,False,dwarf
283.25469976069996,-30.30781163511862,,,simbad,,,,,,,,,-225.34269306418656,107.76880146130009,249.78679686049324,False,dwarf
283.53737502407125,-30.104524109568057,,,simbad,,,,,,,,,-114.86961176952339,200.01775433762515,230.65586868395002,False,dwarf
283.5711124878271,-30.095041391460832,,,simbad,,,,,,,,,-101.68458265970455,204.32087531587405,228.22527125742064,False,dwarf
283.5785347886158,-30.149644011906112,,,simbad,,,,,,,,,-98.78385329044633,179.54299213421444,204.92421939686633,False,dwarf
283.6206414952608,-30.162663065572218,,,simbad,,,,,,,,,-82.32801781772154,173.6351329830621,192.16415358708485,False,dwarf
283.63641849043574,-30.00872017964805,,,simbad,,,,,,,,,-76.16216782521097,243.4921986874299,255.12570750411342,False,dwarf
283.48127189069874,-30.10914745735334,,,simbad,,,,,,,,,-136.79542848240652,197.91974566335878,240.5934641197342,False,dwarf
283.72792499054,-30.76472801653999,,,simbad,,,,,,,,,-40.40026597202649,-99.57327535332982,107.45705493452033,False,dwarf
283.7001336730133,-30.750255603320554,,,simbad,,,,,,,,,-51.261465653220995,-93.0059025572334,106.19715519448697,False,dwarf
283.7903336849675,-31.07112723225583,,,simbad,,,,,,,,,-16.010155954061727,-238.61282898734325,239.14934089605285,False,dwarf
284.0039512780529,-30.809426486557495,,,simbad,,,,,,,,,67.4743111529823,-119.85679763597435,137.54430051848885,False,dwarf
284.1253767961633,-31.078218937542772,,,simbad,,,,,,,,,114.92894504445198,-241.8309427651375,267.75150286731514,False,dwarf
283.81250016562126,-30.846897360048327,,,simbad,,,,,,,,,-7.347213926250145,-136.86054065232022,137.0576124851279,False,dwarf
283.75866571872996,-30.66826286170862,,,simbad,,,,,,,,,-28.38639916285147,-55.79877665673738,62.60424213918091,False,dwarf
283.8567849190058,-30.803054470540555,,,simbad,,,,,,,,,9.959829861088805,-116.96526848935295,117.38855243867802,False,dwarf
283.76575355308705,-30.974958500316383,,,simbad,,,,,,,,,-25.61638352090443,-194.9728427322528,196.6484388643496,False,dwarf
283.9303853074992,-30.800015031544724,,,simbad,,,,,,,,,38.72379599090426,-115.58601482419317,121.90020180001252,False,dwarf
284.1111245888025,-31.033139044050007,,,simbad,,,,,,,,,109.35900148581153,-221.37433599981148,246.9129155093576,False,dwarf
284.33983582137114,-30.77572981715444,,,simbad,,,,,,,,,198.74225450632142,-104.56573410695103,224.57176241812107,False,dwarf
284.44079737826496,-30.76704830041028,,,simbad,,,,,,,,,238.19931257836154,-100.6261867743834,258.58178972533443,False,dwarf
283.9866026043508,-31.056798289234173,,,simbad,,,,,,,,,60.69422924065846,-232.11056090181924,239.91478058943085,False,dwarf
284.1085512408333,-30.976878538706387,,,simbad,,,,,,,,,108.35330443255883,-195.84412851567956,223.819930425154,False,dwarf
284.2870500419308,-30.72375312627861,,,simbad,,,,,,,,,178.11290182167667,-80.97945996501288,195.65755475208044,False,dwarf
284.4000791944,-30.808933067020003,,,simbad,,,,,,,,,222.28612943443952,-119.6328909523785,252.43445077201346,False,dwarf
284.1197,-30.088416666666667,,,simbad,,,,,,,,,112.71038104078184,207.32708006798873,235.98336408288708,False,dwarf
284.10713749999996,-30.105691666666665,,,simbad,,,,,,,,,107.80079656841858,199.48793373265627,226.75195136031405,False,dwarf
283.91429583333337,-30.06063611111111,,,simbad,,,,,,,,,32.435825242028535,219.93349629240822,222.31245028233158,False,dwarf
283.8969441289,-30.10180946752,,,simbad,,,,,,,,,25.654558881431793,201.24961982316947,202.87820452274093,False,dwarf
283.955890000782,-30.063203424888336,,,simbad,,,,,,,,,48.691353890457165,218.76848625545398,224.12161547291348,False,dwarf
283.8939680703858,-30.275640652003613,,,simbad,,,,,,,,,24.491477435083485,122.36753051427063,124.79441089693944,False,dwarf
283.896853797442,-30.07067415318999,,,simbad,,,,,,,,,25.619256200961427,215.37837728942245,216.89673047815936,False,dwarf
284.08614226105124,-30.20227847966667,,,simbad,,,,,,,,,99.59559066704557,155.65822831034515,184.79384654536858,False,dwarf
284.19559598341,-30.281260138519997,,,simbad,,,,,,,,,142.37149480500685,119.81748842273099,186.0802866102247,False,dwarf
283.80133497734914,-30.049348817229166,,,simbad,,,,,,,,,-11.710711237434488,225.05550778129057,225.35998389328375,False,dwarf
283.8078710162813,-30.11913733075611,,,simbad,,,,,,,,,-9.15634425219819,193.3864849122291,193.6031280397416,False,dwarf
283.81710563751795,-29.980806167726666,,,simbad,,,,,,,,,-5.547337045713554,256.15917548962796,256.2192345157263,False,dwarf
283.82494368856703,-30.214498289764997,,,simbad,,,,,,,,,-2.48412719703778,150.113054385554,150.13360711343532,False,dwarf
283.82776030636,-29.99073129881,,,simbad,,,,,,,,,-1.3833572084897938,251.65529387112474,251.6590960218375,False,dwarf
283.857340421535,-30.162929515124173,,,simbad,,,,,,,,,10.176927301224119,173.51422201178846,173.81241350850237,False,dwarf
283.8575955222229,-30.128959651445555,,,simbad,,,,,,,,,10.2766238883759,188.92925717057162,189.2085442403887,False,dwarf
283.8730936088942,-30.056969356568327,,,simbad,,,,,,,,,16.33347289712957,221.597416722892,222.19855407976968,False,dwarf
283.87364537074245,-30.200993646855277,,,simbad,,,,,,,,,16.54910843166616,156.24126694565342,157.11526497023127,False,dwarf
283.75751106682213,-30.091056557840272,,,simbad,,,,,,,,,-28.837651785953156,206.1291354532706,208.13656728994226,False,dwarf
283.77289196240747,-30.114830271713057,,,simbad,,,,,,,,,-22.826602541258904,195.34096630808585,196.67014745953017,False,dwarf
283.77938542127504,-30.187801857666944,,,simbad,,,,,,,,,-20.288876385788825,162.2275109903535,163.49129587572264,False,dwarf
283.7917234694221,-30.024807138691664,,,simbad,,,,,,,,,-15.467010546831617,236.1921682368724,236.69805396684364,False,dwarf
283.9933289354238,-30.166574048369718,,,simbad,,,,,,,,,63.322964810150104,171.86038528612625,183.155097944456,False,dwarf
283.99342876215667,-29.979040141053886,,,simbad,,,,,,,,,63.36197836459385,256.9605729726967,264.65728095922816,False,dwarf
284.0183705791371,-30.098976183977502,,,simbad,,,,,,,,,73.10955705986343,202.53532311110823,215.32664591547984,False,dwarf
284.0238745652508,-30.171435603586666,,,simbad,,,,,,,,,75.2605847024296,169.65428150824204,185.59830506723227,False,dwarf
283.94590626199374,-30.25728148144167,,,simbad,,,,,,,,,44.78958203526978,130.69865784454038,138.16021794010894,False,dwarf
283.94656235414254,-29.972057769510272,,,simbad,,,,,,,,,45.04599117566582,260.1290726715704,264.0005222910919,False,dwarf
283.9568257887979,-30.07779785742195,,,simbad,,,,,,,,,49.05707172626557,212.1457428509883,217.74391494632778,False,dwarf
283.9575363941967,-30.275352103036944,,,simbad,,,,,,,,,49.334785336784634,122.49846988183299,132.05982041339055,False,dwarf
284.1218969447687,-30.175443337846108,,,simbad,,,,,,,,,113.56897494509576,167.8356293905636,202.64923035384666,False,dwarf
284.12218342001705,-30.046280917330556,,,simbad,,,,,,,,,113.68093310876387,226.44767659445276,253.38094795683656,False,dwarf
284.13460006709545,-30.088193339124718,,,simbad,,,,,,,,,118.53351640784213,207.42842289184017,238.90739866191726,False,dwarf
284.1370490491521,-30.283782915540556,,,simbad,,,,,,,,,119.49060968372268,118.67268852486701,168.40787631315783,False,dwarf
284.14015301211373,-30.07914251103583,,,simbad,,,,,,,,,120.70367781182692,211.53555839660055,243.55013919820067,False,dwarf
284.14237550371956,-30.022382295364444,,,simbad,,,,,,,,,121.5722557443848,237.29252723440285,266.62249876570417,False,dwarf
284.14294599421044,-30.07030602637555,,,simbad,,,,,,,,,121.79521067021861,215.54542793882004,247.57605871233187,False,dwarf
284.1461893321396,-30.061163026530565,,,simbad,,,,,,,,,123.06274830489745,219.69438965973342,251.8135517963982,False,dwarf
284.14927299390126,-30.15951821328638,,,simbad,,,,,,,,,124.26788246631922,175.06222168185914,214.68415887729427,False,dwarf
284.05379762300004,-30.248182526109996,,,simbad,,,,,,,,,86.95489552358313,134.8276327993092,160.4357953256773,False,dwarf
284.0611586668437,-30.208254448388054,,,simbad,,,,,,,,,89.8316849011144,152.94641972555124,177.37626368552696,False,dwarf
284.0619807764108,-30.12984500387389,,,simbad,,,,,,,,,90.1529757560358,188.52749698278282,208.9741040326805,False,dwarf
284.075944242172,-30.090433140983322,,,simbad,,,,,,,,,95.61007543216613,206.41203304919298,227.48013959826392,False,dwarf
284.21630725987336,-30.078083647512216,,,simbad,,,,,,,,,150.4657245623813,212.01605542182577,259.9821955917618,False,dwarf
284.22800360664337,-30.193337261367788,,,simbad,,,,,,,,,155.0368053572259,159.71562447017672,222.58816616179948,False,dwarf
284.2348520489528,-30.218487979731666,,,simbad,,,,,,,,,157.71326354803634,148.3025905081985,216.4881794704154,False,dwarf
284.23805464137087,-30.086915407528615,,,simbad,,,,,,,,,158.96487731974807,208.0083298549902,261.7962901004232,False,dwarf
284.2496520754929,-30.197222533538614,,,simbad,,,,,,,,,163.49730179613215,157.95254388553403,227.3331779888872,False,dwarf
284.25138021249876,-30.146955272727496,,,simbad,,,,,,,,,164.17267967553244,180.7631032704642,244.1883868160267,False,dwarf
284.1596920324725,-30.080230883572778,,,simbad,,,,,,,,,128.33977500252345,211.04167060589242,247.00138578523064,False,dwarf
284.2618655438754,-30.19743669136777,,,simbad,,,,,,,,,168.2704802816416,157.85536214535446,230.7233622593415,False,dwarf
284.2632442304746,-30.25381149507167,,,simbad,,,,,,,,,168.80928850607947,132.27328771059166,214.45931671927366,False,dwarf
284.2711976208746,-30.08819069470444,,,simbad,,,,,,,,,171.9175744372637,207.42962289169674,269.4117682162077,False,dwarf
283.770087349857,-29.980628936693343,,,simbad,,,,,,,,,-23.922680728612793,256.23960038140115,257.3538953598008,False,dwarf
284.08333693513293,-30.028679880776117,,,simbad,,,,,,,,,98.49923368648767,234.4347736250616,254.2867714244278,False,dwarf
284.2193804358471,-30.246061933757222,,,simbad,,,,,,,,,151.66676074478747,135.78992708417093,203.57237192787497,False,dwarf
283.8480004962996,-30.00367865997528,,,simbad,,,,,,,,,6.526765955276604,245.77996774487244,245.86661265512544,False,dwarf
284.00964606025707,-29.98683970933723,,,simbad,,,,,,,,,69.69990432973542,253.42124115645737,262.8315090183321,False,dwarf
283.8954166666667,-30.1875,,,simbad,,,,,,,,,25.05760725057898,162.36448965452843,164.28667378061965,False,dwarf
283.8718439213021,-30.286231040113055,,,simbad,,,,,,,,,15.84507912221389,117.56176483335179,118.62476589279967,False,dwarf
283.77023113926793,-30.00843606658834,,,simbad,,,,,,,,,-23.866486001523217,243.62112510426547,244.78738070237418,False,dwarf
284.0984011498738,-30.240283875095006,,,simbad,,,,,,,,,104.38652003711485,138.41192693292692,173.36206933105316,False,dwarf
284.24287471266416,-30.291764302576112,,,simbad,,,,,,,,,160.8486223686801,115.05084997606052,197.75989835686164,False,dwarf
284.24655560762545,-30.26298115732806,,,simbad,,,,,,,,,162.28716284598724,128.11222697117563,206.76040705152909,False,dwarf
284.1508561213667,-30.112115433756678,,,simbad,,,,,,,,,124.88658877654207,196.5729206940059,232.88961592654374,False,dwarf
284.4237280982871,-30.296189389655833,,,simbad,,,,,,,,,231.52842128015982,113.04280915611619,257.651094626802,False,dwarf
284.01212467340997,-29.97999928762583,,,simbad,,,,,,,,,70.66857781418993,256.52532606476575,266.0813612467333,False,dwarf
284.1167866437417,-30.171561382715836,,,simbad,,,,,,,,,111.5718044319736,169.59720474995078,203.00610681258652,False,dwarf
284.1756228266404,-30.249007702409166,,,simbad,,,,,,,,,134.56573159387673,134.4531796727313,190.22511307265148,False,dwarf
283.6026178600871,-30.009327235967504,,,simbad,,,,,,,,,-89.37188324134983,243.2167252679238,259.11717226798805,False,dwarf
283.7311785274638,-29.962890085839447,,,simbad,,,,,,,,,-39.1287424407794,264.28923555733894,267.1700928556178,False,dwarf
283.7712739937999,-30.18985049041,,,simbad,,,,,,,,,-23.458925212096272,161.29787094056192,162.99485986393833,False,dwarf
283.93143544845,-30.0490859949,,,simbad,,,,,,,,,39.13420440528374,225.1747727710758,228.5501350840558,False,dwarf
283.6874155876183,-30.141253187664724,,,simbad,,,,,,,,,-56.231854872984236,183.3506273933927,191.77975406180676,False,dwarf
283.8322954305979,-30.01659437001251,,,simbad,,,,,,,,,0.38902691398392536,239.91900444492666,239.91931984686966,False,dwarf
283.73155555917117,-30.108893758308053,,,simbad,,,,,,,,,-38.98139366337889,198.03487063824332,201.83497972513356,False,dwarf
283.89724045152,-30.001412206192224,,,simbad,,,,,,,,,25.770365522959377,246.80845184719513,248.1502037927758,False,dwarf
283.91532535513795,-30.02073918959139,,,simbad,,,,,,,,,32.83817543233055,238.03814498256014,240.29253886141126,False,dwarf
284.0315056130879,-30.12855714416028,,,simbad,,,,,,,,,78.24289506809826,189.11190918274713,204.6588987153528,False,dwarf
283.88365220996,-31.13661780789,,,simbad,,,,,,,,,20.45990822787244,-268.33150950725224,269.1103989799234,False,dwarf
284.01067744056286,-31.05755490270167,,,simbad,,,,,,,,,70.10298084589928,-232.45390120231147,242.79465419908755,False,dwarf
283.5624421899299,-30.113374954230007,,,simbad,,,,,,,,,-105.07304514143146,196.00136843335213,222.3890313010962,False,dwarf
283.41142527878,-30.06908638735,,,simbad,,,,,,,,,-164.09237107523484,216.0988825725434,271.3393323758914,False,dwarf
283.47871333369994,-30.06997162705,,,simbad,,,,,,,,,-137.7953450366785,215.69717353925077,255.9547377693934,False,dwarf
283.3397964587,-30.136447492759995,,,simbad,,,,,,,,,-192.085823241382,185.53138256567215,267.05590689413566,False,dwarf
283.46192459079,-30.12279184488,,,simbad,,,,,,,,,-144.35659888750214,191.7281190076452,239.99687343916992,False,dwarf
284.04378275370993,-30.01897968419,,,simbad,,,,,,,,,83.04095747308497,238.836583206542,252.8610568984915,False,dwarf
284.12315823246,-30.034919885139995,,,simbad,,,,,,,,,114.06190218604917,231.60314946636083,258.1668769866447,False,dwarf
283.88179612185127,-30.03048137215778,,,simbad,,,,,,,,,19.73452543320206,233.61728276759752,234.44932565863633,False,dwarf
283.69303034889,-30.04861007451,,,simbad,,,,,,,,,-54.03753489245848,225.39073859342906,231.77799770673906,False,dwarf
284.10819166666664,-30.00408611111111,,,simbad,,,,,,,,,108.21277828367334,245.59507228448064,268.37836148670914,False,dwarf
284.01704037714245,-30.13728431180028,,,simbad,,,,,,,,,72.58969723432837,185.15164613076828,198.8728141539328,False,dwarf
283.92399583333327,-29.995513888888887,,,simbad,,,,,,,,,36.22670837684894,249.48502333623068,252.1014701839337,False,dwarf
283.86012515799996,-30.08682684813,,,simbad,,,,,,,,,11.265237662045033,208.04851683531479,208.35328396009652,False,dwarf
283.5982804584179,-30.04344599762917,,,simbad,,,,,,,,,-91.06699487400985,227.73412234774136,245.26725838741496,False,dwarf
283.61764756732373,-30.062645674028886,,,simbad,,,,,,,,,-83.49808286141209,219.02158556693684,234.3979197556716,False,dwarf
284.1338425143658,-30.1242724905,,,simbad,,,,,,,,,118.2374551844878,191.05622333841254,224.6832799405446,False,dwarf
283.972030347315,-31.116088345740277,,,simbad,,,,,,,,,54.99920620623001,-259.01553509466925,264.79040787704764,False,dwarf
283.80395137663754,-31.073721601964998,,,simbad,,,,,,,,,-10.688189182118084,-239.79011661675665,240.02820129116182,False,dwarf
283.93353599019963,-30.974535053484438,,,simbad,,,,,,,,,39.95512278600314,-194.7806886552126,198.83643657499863,False,dwarf
283.72757552242496,-31.01754863213555,,,simbad,,,,,,,,,-40.536842547641406,-214.2996314889274,218.0999029344634,False,dwarf
283.66915365954,-30.98306530229,,,simbad,,,,,,,,,-63.36884818868894,-198.65159277466904,208.5139473336833,False,dwarf
283.9870833333334,-31.095555555555553,,,simbad,,,,,,,,,60.88210422955973,-249.69805046770932,257.01312616828284,False,dwarf
283.8791680791292,-31.064197551875843,,,simbad,,,,,,,,,18.70745297622583,-235.46823978006003,236.21020456783307,False,dwarf
283.70594087795,-30.944666453179998,,,simbad,,,,,,,,,-48.99193624545934,-181.22674778007132,187.732106811863,False,dwarf
283.66485387022,-30.96791653328667,,,simbad,,,,,,,,,-65.04926043781485,-191.7772994596314,202.50910811994555,False,dwarf
283.7075459439658,-31.089415037902494,,,simbad,,,,,,,,,-48.364656071286404,-246.91157194631953,251.60378438707227,False,dwarf
283.94752860647,-31.025152174149994,,,simbad,,,,,,,,,45.42361485114623,-217.7500094060365,222.4373425989311,False,dwarf
283.66429899152,-31.125277102279995,,,simbad,,,,,,,,,-65.26611407757517,-263.1852605450087,271.15705230535895,False,dwarf
283.7370286586199,-31.025258816443337,,,simbad,,,,,,,,,-36.842436921550124,-217.79840214369472,220.89252847179998,False,dwarf
283.67499950805205,-31.076044574144998,,,simbad,,,,,,,,,-61.08421638112091,-240.84424795406045,248.46978340122678,False,dwarf
283.67524535724124,-31.102706838474173,,,simbad,,,,,,,,,-60.98813539709556,-252.94319971717005,260.19188100779513,False,dwarf
283.67885960308416,-31.123225299435557,,,simbad,,,,,,,,,-59.575642241301786,-262.2541819488393,268.93589031239117,False,dwarf
283.6833226355012,-30.997692792898892,,,simbad,,,,,,,,,-57.8314325175776,-205.28933745784195,213.27959738548563,False,dwarf
283.69152709433615,-30.973496018136395,,,simbad,,,,,,,,,-54.62502585489191,-194.30918937064655,201.84140933793887,False,dwarf
283.69427234745285,-31.035052671221944,,,simbad,,,,,,,,,-53.55214608776537,-222.24271246476567,228.60370861887145,False,dwarf
283.69490775195413,-31.061458052796112,,,simbad,,,,,,,,,-53.303821942648575,-234.22509453134688,240.21384710693087,False,dwarf
283.6969803284925,-31.013597107697212,,,simbad,,,,,,,,,-52.49383272150655,-212.50648657895388,218.8940595628959,False,dwarf
283.7038297719345,-30.957432048299733,,,simbad,,,,,,,,,-49.81698327536256,-187.01959109128464,193.54084652757172,False,dwarf
283.7049108048575,-31.096624918481666,,,simbad,,,,,,,,,-49.39450188608447,-250.1833119706547,255.01275733809933,False,dwarf
283.70769139673416,-31.017701906359992,,,simbad,,,,,,,,,-48.30781128297847,-214.36918512567615,219.74483421095084,False,dwarf
283.71337092308795,-31.007901733382504,,,simbad,,,,,,,,,-46.08818028621104,-209.92200769689885,214.92177571756463,False,dwarf
283.7210678933466,-31.039336065197222,,,simbad,,,,,,,,,-43.080106601342564,-224.18645499351175,228.28811223395078,False,dwarf
283.72506376670367,-31.10132854396417,,,simbad,,,,,,,,,-41.51846856854587,-252.31774950836527,255.71083267871836,False,dwarf
283.7250874684146,-31.021843535942217,,,simbad,,,,,,,,,-41.509205639035684,-216.24859701347933,220.19643471927952,False,dwarf
283.7273313272466,-30.97110860407889,,,simbad,,,,,,,,,-40.63227712324095,-193.22581523693728,197.45176023069249,False,dwarf
283.60798914960037,-31.026253251154163,,,simbad,,,,,,,,,-87.27271511469958,-218.24966230109632,235.05199828555828,False,dwarf
283.6126095417771,-31.003779841277773,,,simbad,,,,,,,,,-85.46700719932998,-208.0515523922728,224.9223372020773,False,dwarf
283.6128660994271,-31.02068307408583,,,simbad,,,,,,,,,-85.36674121288395,-215.72199612729804,231.99883645926653,False,dwarf
283.62007364079955,-31.005082695087495,,,simbad,,,,,,,,,-82.54994254971577,-208.64276869721965,224.37980734594385,False,dwarf
283.6445082559262,-31.096064983062774,,,simbad,,,,,,,,,-73.00058477748027,-249.92922133754303,260.37223557100833,False,dwarf
283.64774953959835,-31.094452369681395,,,simbad,,,,,,,,,-71.7338499725397,-249.19744059780524,259.3166204322035,False,dwarf
283.65822824148745,-31.0507342040175,,,simbad,,,,,,,,,-67.63864025432947,-229.35876631985508,239.1242968483556,False,dwarf
283.6657667988337,-30.956411812649158,,,simbad,,,,,,,,,-64.69247634656891,-186.55662283881801,197.45503290844823,False,dwarf
283.8063252459921,-31.008410632041933,,,simbad,,,,,,,,,-9.760450903695359,-210.15293858321704,210.37947617817866,False,dwarf
283.8097706193146,-31.11851930375167,,,simbad,,,,,,,,,-8.413955272634071,-260.11866884785917,260.2547147056362,False,dwarf
283.81633398797044,-31.042758287713333,,,simbad,,,,,,,,,-5.848907484440956,-225.73941031020374,225.815170185619,False,dwarf
283.8213749081805,-31.122519406380828,,,simbad,,,,,,,,,-3.8788518753307137,-261.9338578415693,261.9625762883664,False,dwarf
283.8216980028505,-31.113403511570283,,,simbad,,,,,,,,,-3.7525823768174025,-257.7971959951215,257.82450647182844,False,dwarf
283.8252459830545,-31.100477218072783,,,simbad,,,,,,,,,-2.365986673908865,-251.93143007324826,251.9425397817786,False,dwarf
283.8328516445366,-31.02559099057806,,,simbad,,,,,,,,,0.6064023819726393,-217.9491379845573,217.94998158306979,False,dwarf
283.83419712567627,-30.978135828142776,,,simbad,,,,,,,,,1.1322334913133347,-196.41466836388278,196.41793172002627,False,dwarf
283.83936412628753,-30.972840663699447,,,simbad,,,,,,,,,3.151562921739111,-194.01179896064602,194.03739455268877,False,dwarf
283.8440393315729,-31.054067955511385,,,simbad,,,,,,,,,4.978692495788592,-230.87157476015773,230.92525070074672,False,dwarf
283.84636378511544,-31.087762031264997,,,simbad,,,,,,,,,5.887118447563963,-246.1614613283971,246.23184848217258,False,dwarf
283.8486873870188,-31.016891231069444,,,simbad,,,,,,,,,6.795211567943345,-214.0013123480744,214.10916978717006,False,dwarf
283.85595120208916,-30.95527305347055,,,simbad,,,,,,,,,9.63400270660417,-186.03987031541314,186.28914985883262,False,dwarf
283.85937417271543,-31.10132665617167,,,simbad,,,,,,,,,10.971743079614928,-252.31689285530234,252.55532773307158,False,dwarf
283.8598642631787,-30.94573068263083,,,simbad,,,,,,,,,11.163276654005683,-181.70967978582863,182.05226302774224,False,dwarf
283.86254528368295,-31.067825085352222,,,simbad,,,,,,,,,12.211053500803493,-237.1143622551779,237.4285800304572,False,dwarf
283.86830267910875,-30.956815636236115,,,simbad,,,,,,,,,14.461116719397733,-186.73987216974663,187.2989689099899,False,dwarf
283.86850818383465,-30.957554865079167,,,simbad,,,,,,,,,14.541430575024615,-187.07532357790924,187.63962773078535,False,dwarf
283.86992812522044,-31.105834836778055,,,simbad,,,,,,,,,15.09636169378155,-254.3626403215582,254.8102292447143,False,dwarf
283.8722928379879,-31.053396644721115,,,simbad,,,,,,,,,16.0205214617236,-230.56694358670217,231.12285171055467,False,dwarf
283.8747496291625,-31.02202651943805,,,simbad,,,,,,,,,16.980666640049673,-216.33163228993578,216.99704645171667,False,dwarf
283.8750255268242,-31.000405539640564,,,simbad,,,,,,,,,17.088490948546855,-206.52034288062882,207.22612901473371,False,dwarf
283.87507189680787,-31.127223068300832,,,simbad,,,,,,,,,17.106612926802573,-264.0683119140914,264.62182367103685,False,dwarf
283.87786036124584,-30.960213591629447,,,simbad,,,,,,,,,18.196380226826054,-188.28181541543486,189.15906076498453,False,dwarf
283.87882824497126,-30.954627119577772,,,simbad,,,,,,,,,18.574641473332242,-185.7467548127536,186.67317490558744,False,dwarf
283.8834715382205,-30.991014218281112,,,simbad,,,,,,,,,20.3892994185681,-202.25869643091187,203.2838011566878,False,dwarf
283.7351471293574,-31.135639811676935,,,simbad,,,,,,,,,-37.57776244206221,-267.88770890351145,270.5104671019673,False,dwarf
283.7359145506262,-30.962229649862774,,,simbad,,,,,,,,,-37.27784446832777,-189.1966736216071,192.83417486972,False,dwarf
283.7433761333225,-31.127286149548617,,,simbad,,,,,,,,,-34.36176323092228,-264.0969372763147,266.3229675620705,False,dwarf
283.7454943503175,-31.115177208130554,,,simbad,,,,,,,,,-33.53393713996987,-258.602073962731,260.7672479394858,False,dwarf
283.7544154550051,-31.111012704512223,,,simbad,,,,,,,,,-30.047456180729124,-256.712282166603,258.46478568292133,False,dwarf
283.7568253394067,-31.054253063694443,,,simbad,,,,,,,,,-29.10564276474624,-230.9555741890923,232.78233543325905,False,dwarf
283.7603898834908,-31.03859263282555,,,simbad,,,,,,,,,-27.7125736872299,-223.84909608457158,225.55798491352485,False,dwarf
283.76828432955585,-31.06377353134667,,,simbad,,,,,,,,,-24.627323950423584,-235.2758253674767,236.56123749952462,False,dwarf
283.79076160433215,-31.045079765806676,,,simbad,,,,,,,,,-15.842919634210103,-226.79286365249007,227.34555440173662,False,dwarf
283.79250220092496,-31.029865583681946,,,simbad,,,,,,,,,-15.162672390047062,-219.8888868045501,220.4110459440546,False,dwarf
283.7954350995196,-31.082989606614994,,,simbad,,,,,,,,,-14.016458388126043,-243.99580371880347,244.39806328637496,False,dwarf
283.9719974641133,-31.087629988304716,,,simbad,,,,,,,,,54.98635503357997,-246.10154213371183,252.16952290169812,False,dwarf
283.9747798912042,-31.00585597955944,,,simbad,,,,,,,,,56.07376286171108,-208.9936740595586,216.3853568945561,False,dwarf
283.9827854237613,-30.92827128661555,,,simbad,,,,,,,,,59.20242660978197,-173.78685719304698,183.59411496429598,False,dwarf
283.9851620786437,-31.094283783474445,,,simbad,,,,,,,,,60.1312535078314,-249.12093860380313,256.27526158266414,False,dwarf
283.991010244295,-30.967678322401664,,,simbad,,,,,,,,,62.41679088282183,-191.6692027889384,201.57613718358903,False,dwarf
283.99533553784795,-30.993197966972783,,,simbad,,,,,,,,,64.10717050996266,-203.24965015326103,213.12003565647325,False,dwarf
283.9959091104888,-31.064476082164724,,,simbad,,,,,,,,,64.33132997912193,-235.59463281585514,244.21988254136943,False,dwarf
283.99610129236,-30.988658361421674,,,simbad,,,,,,,,,64.406437093979,-201.18964249943662,211.24739380212904,False,dwarf
283.99799405828173,-31.047660365311106,,,simbad,,,,,,,,,65.14615404358354,-227.96390256120836,237.08977678846975,False,dwarf
284.00282899973416,-31.083956162530274,,,simbad,,,,,,,,,67.03571053946035,-244.43441288008728,253.45999425464228,False,dwarf
284.0215426933238,-31.10174084070667,,,simbad,,,,,,,,,74.34925955183407,-252.5048438353148,263.2233054959281,False,dwarf
283.89787287926544,-31.01953542887388,,,simbad,,,,,,,,,26.017526314109432,-215.20121124987133,216.76824721097213,False,dwarf
283.89829785716296,-31.024927633170826,,,simbad,,,,,,,,,26.183613071261068,-217.64811594184152,219.21743536155788,False,dwarf
283.8996930039916,-30.974923014609168,,,simbad,,,,,,,,,26.728854162331373,-194.9567398291159,196.78049204539752,False,dwarf
283.8999695671308,-31.107413704235,,,simbad,,,,,,,,,26.83693854791573,-255.0791076465415,256.4869829608912,False,dwarf
283.91118363738,-31.02906722468,,,simbad,,,,,,,,,31.219539556258855,-219.5266029814298,221.73540327758016,False,dwarf
283.91317516498754,-30.97777466608528,,,simbad,,,,,,,,,31.997853826358458,-196.25077822093218,198.8422253994722,False,dwarf
283.92370101583583,-31.11747705274611,,,simbad,,,,,,,,,36.11148995635771,-259.64571034420027,262.1448733181949,False,dwarf
283.9253472438883,-30.940789547698607,,,simbad,,,,,,,,,36.754856777007205,-179.4674638786613,183.19249462720057,False,dwarf
283.9309486724075,-30.93691425453861,,,simbad,,,,,,,,,38.94396614860325,-177.70891162548952,181.9260557767897,False,dwarf
283.935432320657,-30.939762878199446,,,simbad,,,,,,,,,40.69623280135679,-179.0015760383159,183.56946257050276,False,dwarf
283.9368179136333,-31.007845953593886,,,simbad,,,,,,,,,41.23774012565416,-209.89669563174652,213.9092659231877,False,dwarf
283.941073896585,-31.089553213350833,,,simbad,,,,,,,,,42.9010322899724,-246.97427397581163,250.672676168394,False,dwarf
283.94579716365,-31.117495561657222,,,simbad,,,,,,,,,44.746945017616675,-259.65410942163555,263.48158498831054,False,dwarf
283.9463997944384,-30.93983156707861,,,simbad,,,,,,,,,44.9824607796918,-179.03274606293996,184.59725333989576,False,dwarf
283.95165239057707,-30.998603735222787,,,simbad,,,,,,,,,47.035242028810025,-205.70270997188223,211.01165579769528,False,dwarf
283.9537255572617,-31.07973877183417,,,simbad,,,,,,,,,47.84546188660684,-242.52062168934606,247.19514592266907,False,dwarf
283.9609020341463,-31.00321656611222,,,simbad,,,,,,,,,50.65012015355959,-207.79594623019815,213.87984931094707,False,dwarf
283.96166934629457,-31.07559384814473,,,simbad,,,,,,,,,50.94999548161524,-240.63971498310633,245.97433700841083,False,dwarf
283.6056088016637,-30.967028219048338,,,simbad,,,,,,,,,-88.20298530523094,-191.37419524509934,210.72220865979975,False,dwarf
283.786207300795,-31.034827591486668,,,simbad,,,,,,,,,-17.6227992702849,-222.14057452080294,222.83850184057772,False,dwarf
283.9868781153646,-30.918987708423334,,,simbad,,,,,,,,,60.801902442279626,-169.5741030417135,180.14507421243067,False,dwarf
283.98645986046495,-30.9346381373725,,,simbad,,,,,,,,,60.63844311801631,-176.67604241903456,186.79251791393946,False,dwarf
283.637109,-30.482820999999998,,,simbad,,,,,,,,,-75.89230792194398,28.352070847192934,81.0153215326793,False,dwarf
283.77383333333336,-30.47352777777778,,,simbad,,,,,,,,,-22.458702833362775,32.56920132051944,39.56192876508705,False,dwarf
283.780882,-30.387317999999997,,,simbad,,,,,,,,,-19.703994422019644,71.68995753102791,74.34848624540763,False,dwarf
283.86379100000005,-30.568418999999995,,,simbad,,,,,,,,,12.697895251045871,-10.49106941398148,16.471159074440116,False,dwarf
283.835053,-30.501866999999994,,,simbad,,,,,,,,,1.466720041770539,19.70927020448765,19.763769875062707,False,dwarf
283.85636291225,-30.436889013720002,,,simbad,,,,,,,,,9.794904263837832,49.19534505392953,50.16096215696961,False,dwarf
283.760179,-30.499453000000006,,,simbad,,,,,,,,,-27.794989632468564,20.804708656205094,34.71883279919718,False,dwarf
283.31350314772,-30.620580827759998,,,simbad,,,,,,,,,-202.3615829479691,-34.16135600900727,205.22477554521024,False,dwarf
283.51749792259,-30.81732329049,,,simbad,,,,,,,,,-122.63783535461275,-123.44025359014665,174.00441048107032,False,dwarf
283.74248734196,-30.469712578000003,,,simbad,,,,,,,,,-34.70911417799055,34.30048406185304,48.79801034774081,False,dwarf
283.74736813694,-30.521981495620004,,,simbad,,,,,,,,,-32.80163754144912,10.581601629862991,34.466182243667824,False,dwarf
283.765625,-30.477777777777778,,,simbad,,,,,,,,,-25.666623699219922,30.6406124970664,39.970272782566035,False,dwarf
283.79797328773,-30.98423396415,,,simbad,,,,,,,,,-13.02450221494728,-199.181914704456,199.60729646804086,False,dwarf
283.88275662789,-30.88662508815,,,simbad,,,,,,,,,20.109903386111956,-154.8884118048135,156.18843851455924,False,dwarf
283.90873931121,-30.38287697845,,,simbad,,,,,,,,,30.264265859973978,73.7052291842144,79.67676321952817,False,dwarf
283.92630761002,-30.649943813260002,,,simbad,,,,,,,,,37.130180052444665,-47.48585616395751,60.27899141783164,False,dwarf
284.02909544830993,-30.329390218279993,,,simbad,,,,,,,,,77.30097207746758,97.97675103518522,124.79937510874039,False,dwarf
284.03169791643,-30.95219551459,,,simbad,,,,,,,,,78.31804965535672,-184.64332747099576,200.566386220075,False,dwarf
284.12292723652,-30.522371322619993,,,simbad,,,,,,,,,113.9716260403591,10.40470374862501,114.44557397461953,False,dwarf
283.86865700000004,-30.521612000000005,,,simbad,,,,,,,,,14.599589821589854,10.749273423520611,18.129944900420316,False,dwarf
283.86438499999997,-30.630925999999995,,,simbad,,,,,,,,,12.930037991432929,-38.855846258127215,40.95073468077365,False,dwarf
284.1808727059696,-30.552143418656943,,,simbad,,,,,,,,,136.61745107935266,-3.1054448790581723,136.6527413823674,False,dwarf
283.76348999999993,-30.499893,,,simbad,,,,,,,,,-26.501008801612464,20.60504298977839,33.568903230724665,False,dwarf
283.68663999999995,-30.422466000000004,,,simbad,,,,,,,,,-56.53496435979108,55.74030106826089,79.39259007201626,False,dwarf
283.709688,-30.603157,,,simbad,,,,,,,,,-47.52751338115682,-26.254673778486335,54.29707564326811,False,dwarf
283.706779,-30.495426000000005,,,simbad,,,,,,,,,-48.66438750895282,22.632103289628613,53.66968148716686,False,dwarf
283.76451470288,-30.45707869545001,,,simbad,,,,,,,,,-26.10054190817899,40.03355810485098,47.79041810274406,False,dwarf
283.8102541666667,-30.571469444444453,,,simbad,,,,,,,,,-8.224978829114923,-11.875317193310142,14.445533398982406,False,dwarf
283.4142851182,-30.641038769249988,,,simbad,,,,,,,,,-162.97470952618778,-43.444875375705514,168.66598098477317,False,dwarf
283.59534190072,-30.303657209899992,,,simbad,,,,,,,,,-92.21542052533411,109.65401982471712,143.27486816041278,False,dwarf
283.70103885749,-30.71209060410001,,,simbad,,,,,,,,,-50.9077080690321,-75.68717527632307,91.21481920253225,False,dwarf
283.69790790354,-30.372121691169998,,,simbad,,,,,,,,,-52.131324618005145,78.58582373509604,94.30486041849282,False,dwarf
283.90681556322,-30.612950200830003,,,simbad,,,,,,,,,29.512440724808354,-30.698687347092914,42.58395897952525,False,dwarf
283.95591753928,-30.732070999269997,,,simbad,,,,,,,,,48.70211628506317,-84.75399099703674,97.75037146000827,False,dwarf
284.23480174975,-30.63544199037,,,simbad,,,,,,,,,157.69360598106283,-40.90513768269632,162.9125644514598,False,dwarf
283.69000752451996,-30.631094013600006,,,simbad,,,,,,,,,-55.21889302896003,-38.9320884113431,67.56355271455436,False,dwarf
283.69694581329,-31.014460260189995,,,simbad,,,,,,,,,-52.50732170079572,-212.89817275554702,219.27756564418897,False,dwarf
283.90833333333336,-30.720277777777778,,,simbad,,,,,,,,,30.105604552167964,-79.402396841175,84.91812556559968,False,dwarf
283.83369600000003,-30.420401,,,simbad,,,,,,,,,0.9363872155847828,56.67736834365833,56.685103011110726,False,dwarf
283.7241208333333,-30.536130555555555,,,simbad,,,,,,,,,-41.88697889956095,4.160961899489335,42.09314202172684,False,dwarf
284.2080218756199,-30.599315200960003,,,simbad,,,,,,,,,147.22769121884255,-24.511320674839745,149.25413864565255,False,dwarf
283.44225329967,-30.820684771710003,,,simbad,,,,,,,,,-152.0443891707597,-124.96564538100552,196.8093209271366,False,dwarf
283.755357,-30.464631999999995,,,simbad,,,,,,,,,-29.67948844445431,36.605977225969696,47.12610320186371,False,dwarf
283.72712908001995,-30.41472890214001,,,simbad,,,,,,,,,-40.71131790680099,59.25128470561481,71.88968037885854,False,dwarf
283.77337800000004,-30.460608999999998,,,simbad,,,,,,,,,-22.636652880169,38.43155671696974,44.60271970751251,False,dwarf
283.74135399999994,-30.557266,,,simbad,,,,,,,,,-35.152038602973505,-5.42999855563453,35.56895700268891,False,dwarf
283.24877860000004,-30.553946999999997,,,simbad,,,,,,,,,-227.65675783080107,-3.923884130918376,227.69057128635097,False,dwarf
283.2301283790371,-30.697604519519164,,,simbad,,,,,,,,,-234.9455009349068,-69.11359861321276,244.90013867456787,False,dwarf
283.78288684525796,-30.804939826934447,,,simbad,,,,,,,,,-18.920475445077965,-117.82081608217321,119.33033601451511,False,dwarf
283.7885886023967,-30.807995837368335,,,simbad,,,,,,,,,-16.692156375346944,-119.20758962738675,120.37058406949133,False,dwarf
283.8914179531425,-30.859112363493892,,,simbad,,,,,,,,,23.49485924439032,-142.40353338727596,144.32870377057617,False,dwarf
283.89234969204665,-30.98767141285972,,,simbad,,,,,,,,,23.858994635926344,-200.74177944863436,202.15467751511792,False,dwarf
283.8989667738654,-30.757319311152777,,,simbad,,,,,,,,,26.445034210025575,-96.21131149308493,99.7795384514723,False,dwarf
283.9495902869988,-30.756124548078603,,,simbad,,,,,,,,,46.22934577343127,-95.6691452080185,106.25317762529457,False,dwarf
283.9698859466883,-30.98387352294001,,,simbad,,,,,,,,,54.16114721960924,-199.0183516717261,206.25647667473385,False,dwarf
283.97349511659706,-31.03867843722583,,,simbad,,,,,,,,,55.57165663588791,-223.88803288630842,230.68172942597286,False,dwarf
284.00611540777544,-30.826986548180273,,,simbad,,,,,,,,,68.32008052068899,-127.82530083240884,144.93771398517794,False,dwarf
284.0830876815533,-30.912181443681675,,,simbad,,,,,,,,,98.40182222347153,-166.48551807460032,193.3916915109534,False,dwarf
284.0832319641088,-30.794233403538335,,,simbad,,,,,,,,,98.45820967770956,-112.96239525843089,149.84832930487343,False,dwarf
284.15649754878166,-30.86572695176333,,,simbad,,,,,,,,,127.09133022436279,-145.40513833038005,193.11877296388093,False,dwarf
283.64617889,-30.52362306,,,simbad,,,,,,,,,-72.3476797739054,9.836683343689367,73.01333513729924,False,dwarf
283.75772111,-30.48216611,,,simbad,,,,,,,,,-28.755564245693908,28.64925050238898,40.59140339329086,False,dwarf
283.67413306,-30.43326,,,simbad,,,,,,,,,-61.4228352788395,50.842139242295524,79.73511031173418,False,dwarf
283.72000111,-30.52603889,,,simbad,,,,,,,,,-43.49701907529476,8.740414464309731,44.36649088495135,False,dwarf
283.786835,-30.49166111,,,simbad,,,,,,,,,-17.37748645277473,24.340556177990578,29.907184930552802,False,dwarf
284.34738,-30.831710000000008,,,simbad,,,,,,,,,201.69061528267022,-129.96873527656572,239.93952663638416,False,dwarf
283.39380740862,-30.897847000360006,,,simbad,,,,,,,,,-170.97765838056935,-159.98075403210498,234.15209015933118,False,dwarf
283.63991799999997,-30.530630000000006,,,simbad,,,,,,,,,-74.79451506363469,6.6570348329531015,75.09018308921232,False,dwarf
283.87327022866,-30.40852721043001,,,simbad,,,,,,,,,16.402498143679267,62.065523133476134,64.19634808293586,False,dwarf
283.84933140237,-30.58547016772,,,simbad,,,,,,,,,7.046900942523188,-18.228643882601368,19.543343385726878,False,dwarf
283.724741486005,-30.76788254116361,,,simbad,,,,,,,,,-41.644419956714685,-101.0047532197813,109.25299943946682,False,dwarf
283.8695152700384,-31.050662046226392,,,simbad,,,,,,,,,14.935012647723239,-229.32602215292454,229.81183398439535,False,dwarf
283.92278578810084,-30.972041577922504,,,simbad,,,,,,,,,35.75380733932069,-193.64918533749466,196.92217173577134,False,dwarf
284.11492784913753,-31.037718024946116,,,simbad,,,,,,,,,110.8453639045247,-223.45221161840968,249.434531643646,False,dwarf
284.1484903404221,-30.84772929375,,,simbad,,,,,,,,,123.9620115514189,-137.23806019088357,184.93476004480794,False,dwarf
284.21133986507004,-30.95282576846166,,,simbad,,,,,,,,,148.52440361557464,-184.9293276057784,237.18843706658097,False,dwarf
284.2922363634266,-30.297040213595555,,,simbad,,,,,,,,,180.13978209902314,112.65671749944018,212.4661787024754,False,dwarf
284.2611394839258,-30.416314636324998,,,simbad,,,,,,,,,167.98672683649986,58.531701358288224,177.89182234475157,False,dwarf
284.3601040299458,-30.583422131476382,,,simbad,,,,,,,,,206.66332770834546,-17.29927451566793,207.38610348394954,False,dwarf
283.6427757357104,-30.73436434615138,,,simbad,,,,,,,,,-73.67767567098502,-85.7946788002697,113.08902158353084,False,dwarf
283.75101597893,-30.871851086722216,,,simbad,,,,,,,,,-31.376014584891724,-148.18418262097444,151.46948956894798,False,dwarf
283.91524280410044,-30.158162982032493,,,simbad,,,,,,,,,32.80591343895496,175.6772061170202,178.71404171370028,False,dwarf
283.9393450859975,-30.195119611116947,,,simbad,,,,,,,,,42.225391166298145,158.90681981000876,164.42129132590304,False,dwarf
284.1705257401738,-30.694985186417224,,,simbad,,,,,,,,,132.5737254987077,-67.92498295549399,148.96172663510197,False,dwarf
284.20321133544036,-30.137830047722783,,,simbad,,,,,,,,,145.34767105016,184.90399902472166,235.192334771012,False,dwarf
283.76920799999994,-30.487944,,,simbad,,,,,,,,,-24.266341815507165,26.027327190120353,35.584787561099894,False,dwarf
284.3135301426303,-30.758236830922225,,,simbad,,,,,,,,,188.46166132180673,-96.62766875723806,211.78929188614305,False,dwarf
284.19303826296,-30.39631997982,,,simbad,,,,,,,,,141.37190518463734,67.60498866754317,156.7049778031085,False,dwarf
284.32859880222327,-30.594605573979997,,,simbad,,,,,,,,,194.35068477707398,-22.374159743952625,195.6343315922987,False,dwarf
284.20859664630837,-30.715997148558056,,,simbad,,,,,,,,,147.45231890022112,-77.45990891870403,166.5599706974831,False,dwarf
284.15801725962456,-30.364284404744723,,,simbad,,,,,,,,,127.68525251345964,82.14227150121123,151.82515100208084,False,dwarf
284.3318987330308,-30.342990199920276,,,simbad,,,,,,,,,195.64033962702436,91.80527513150815,216.1095810725414,False,dwarf
284.33846485290667,-30.49190044734889,,,simbad,,,,,,,,,198.20646262689908,24.23194833420217,199.68222040817702,False,dwarf
284.34222070967996,-30.585700713315003,,,simbad,,,,,,,,,199.67429913193962,-18.333262155029175,200.51417464876724,False,dwarf
284.3491265943792,-30.743864919557787,,,simbad,,,,,,,,,202.37320653787964,-90.10590225626758,221.526495809958,False,dwarf
284.26112488255205,-30.491941519863893,,,simbad,,,,,,,,,167.98102043428906,24.213310218111683,169.71714002381594,False,dwarf
284.2789455456325,-30.64040389304611,,,simbad,,,,,,,,,174.94556178725668,-43.156777693099,180.19005813282376,False,dwarf
284.36364262281876,-30.366760446779452,,,simbad,,,,,,,,,208.04625472312856,81.01867926719363,223.26502299850122,False,dwarf
284.3683266733808,-30.49893244376194,,,simbad,,,,,,,,,209.87684114358174,21.04092958390069,210.92891970083883,False,dwarf
284.37209099109333,-30.74371199464,,,simbad,,,,,,,,,211.3479842910859,-90.03650712985167,229.72710567116133,False,dwarf
284.37804113749246,-30.715756345448888,,,simbad,,,,,,,,,213.67337703689978,-77.35063593399994,227.24311416134776,False,dwarf
284.3813743944354,-30.596667889354723,,,simbad,,,,,,,,,214.9760561636183,-23.310008775041524,216.23612379238506,False,dwarf
284.3880815176075,-30.47859964521861,,,simbad,,,,,,,,,217.5972850416073,30.267660882773882,219.6923069950177,False,dwarf
284.3907788829392,-30.687388559196666,,,simbad,,,,,,,,,218.65144965444142,-64.47774287231445,227.96016266421864,False,dwarf
284.3911051832804,-30.459270803215553,,,simbad,,,,,,,,,218.77897196995002,39.03881115510277,222.2347123035282,False,dwarf
284.39340637784244,-30.487925185384164,,,simbad,,,,,,,,,219.67830801690056,26.035864991959645,221.21578894610525,False,dwarf
284.39356427309167,-30.482666612989718,,,simbad,,,,,,,,,219.7400154846537,28.422129450137,221.57051213479693,False,dwarf
284.3949642776396,-30.567814401926665,,,simbad,,,,,,,,,220.2871550340841,-10.216711511179755,220.52394851152397,False,dwarf
284.4024519000875,-30.463103184114722,,,simbad,,,,,,,,,223.2134129369881,37.29973186819535,226.30841281847574,False,dwarf
284.4029563903663,-30.395582011711383,,,simbad,,,,,,,,,223.41057414208137,67.93986797256424,233.51254848214023,False,dwarf
284.4041679197487,-30.6556907389725,,,simbad,,,,,,,,,223.88405520427654,-50.093728328273635,229.4198156056674,False,dwarf
284.40602710999667,-30.563313142821674,,,simbad,,,,,,,,,224.6106503543258,-8.174104922624936,224.7593385020504,False,dwarf
284.40680444510707,-30.74849750975,,,simbad,,,,,,,,,224.91444278321163,-92.20810500176046,243.08196395557252,False,dwarf
284.41012213713043,-30.448485726513614,,,simbad,,,,,,,,,226.2110389417756,43.93292371685531,230.4377050862739,False,dwarf
284.4107703070225,-30.37567399209583,,,simbad,,,,,,,,,226.4643519636696,76.97384070848278,239.18836690721332,False,dwarf
284.4163166711734,-30.732647393513613,,,simbad,,,,,,,,,228.63194148112615,-85.01555040789243,243.92664568797315,False,dwarf
284.4253657018654,-30.349739193530837,,,simbad,,,,,,,,,232.1684175468266,88.7426789793,248.5506732612501,False,dwarf
284.42580654782165,-30.412312451728887,,,simbad,,,,,,,,,232.34070574277072,60.3478351186304,240.05012965744086,False,dwarf
284.43161652342417,-30.577525817383894,,,simbad,,,,,,,,,234.6113179619031,-14.623612054879942,235.06663001232826,False,dwarf
284.43263045866456,-30.748240513684443,,,simbad,,,,,,,,,235.00757672505986,-92.09148388653587,252.40721567064796,False,dwarf
284.4381831801454,-30.614993994429444,,,simbad,,,,,,,,,237.17765076778193,-31.626131463169838,239.27693205791826,False,dwarf
284.43824711852,-30.649530101185835,,,simbad,,,,,,,,,237.2026386962252,-47.29811957987273,241.87228845042148,False,dwarf
284.50224485128916,-30.63389558664916,,,simbad,,,,,,,,,262.2137650698662,-40.20340193385907,265.27791487263016,False,dwarf
284.5114848702999,-30.48169312560083,,,simbad,,,,,,,,,265.8248817949927,28.863884014366903,267.3873437201482,False,dwarf
284.51149479236784,-30.55020326187,,,simbad,,,,,,,,,265.82875946508204,-2.225029656694133,265.8380712308108,False,dwarf
284.46097104230705,-30.600930199658325,,,simbad,,,,,,,,,246.0834365768655,-25.244183837070942,247.37487054080498,False,dwarf
284.46448073722627,-30.52543185003332,,,simbad,,,,,,,,,247.4550699044841,9.01588046316082,247.61925959415822,False,dwarf
284.47115362078705,-30.628628464598066,,,simbad,,,,,,,,,250.06291750772158,-37.813257764563126,252.90572388786074,False,dwarf
284.4754146447591,-30.742998145895,,,simbad,,,,,,,,,251.7281797667833,-89.71257284485334,267.2366408543954,False,dwarf
284.4842789674679,-30.73854477049028,,,simbad,,,,,,,,,255.1924696079107,-87.69169519021958,269.83889628798664,False,dwarf
284.48922747751794,-30.658216005883883,,,simbad,,,,,,,,,257.1264101534038,-51.23965810275122,262.1821759022975,False,dwarf
284.49010643019,-30.43306349499417,,,simbad,,,,,,,,,257.46991601534944,50.931310385354145,262.4590559125754,False,dwarf
284.27347440438,-30.437820101316113,,,simbad,,,,,,,,,172.80737033338937,48.7728309053368,179.5582810010771,False,dwarf
284.328944848045,-30.402646643641393,,,simbad,,,,,,,,,194.4859238770137,64.73403969444024,204.97626809330131,False,dwarf
284.33047426052,-30.60614043235,,,simbad,,,,,,,,,195.08363768709202,-27.60851243395446,197.02755048988558,False,dwarf
284.36040910804,-30.741861886868335,,,simbad,,,,,,,,,206.78255610032838,-89.1969548544127,225.20018264354403,False,dwarf
284.3676023561571,-30.730185337768326,,,simbad,,,,,,,,,209.59376877784703,-83.89830495069783,225.76198414281777,False,dwarf
284.475693412,-30.694958728114447,,,simbad,,,,,,,,,251.8371255432908,-67.91297655854666,260.83349130613755,False,dwarf
284.1797957979546,-30.37222376310889,,,simbad,,,,,,,,,136.19658175649616,78.53950495849804,157.2194730982135,False,dwarf
284.18712604223583,-30.352721534818613,,,simbad,,,,,,,,,139.06133427403984,87.38933543216353,164.24052678115544,False,dwarf
284.1807075428479,-30.3732594256,,,simbad,,,,,,,,,136.5529032347756,78.06953622785784,157.29446229501787,False,dwarf
284.48439786238,-30.744702882560002,,,simbad,,,,,,,,,255.23893524883673,-90.48615780463032,270.803727487648,False,dwarf
284.41147193976997,-30.68057592905,,,simbad,,,,,,,,,226.73855894811484,-61.38626937603564,234.90135840768346,False,dwarf
284.32118211419754,-30.673473375381118,,,simbad,,,,,,,,,191.45214894683156,-58.16323275867408,200.09219620289912,False,dwarf
284.21834085238,-30.718659133919996,,,simbad,,,,,,,,,151.26047832903606,-78.66787955805354,170.49447961294584,False,dwarf
284.2881388940883,-30.717685445973057,,,simbad,,,,,,,,,178.53843906705876,-78.22603398346484,194.9237969496902,False,dwarf
284.19413129956,-30.75505225223,,,simbad,,,,,,,,,141.79907776327457,-95.18255278706556,170.78260101537776,False,dwarf
284.46450382843835,-30.731484759367774,,,simbad,,,,,,,,,247.4640942432857,-84.48796376802648,261.4893763832809,False,dwarf
284.40299974260586,-30.672374081748337,,,simbad,,,,,,,,,223.42751674764557,-57.6643891318811,230.7488613492436,False,dwarf
284.31222735370875,-30.358131220194725,,,simbad,,,,,,,,,187.95251487325683,84.93449807809905,206.25231346814135,False,dwarf
283.4163686580417,-30.321958768453058,,,simbad,,,,,,,,,-162.16043570694953,101.34903599478218,191.22665610667192,False,dwarf
283.4140373366475,-30.09826142350417,,,simbad,,,,,,,,,-163.07154570232038,202.85967112530034,260.27749650480536,False,dwarf
283.4161063186075,-30.265639889466666,,,simbad,,,,,,,,,-162.26296128803787,126.9057325977463,205.99595523246072,False,dwarf
283.67750848652,-30.26361334528,,,simbad,,,,,,,,,-60.10367574607126,127.82534917860345,141.2507406381318,False,dwarf
283.72140668348,-30.184789489309992,,,simbad,,,,,,,,,-42.94770311651808,163.5944803892584,169.1379886862086,False,dwarf
283.46868474130997,-30.29142071532,,,simbad,,,,,,,,,-141.71464624880153,115.20676492712289,182.63526397275064,False,dwarf
283.21040028978337,-30.371320932033047,,,simbad,,,,,,,,,-242.65548864986835,78.94919670493117,255.1757469515085,False,dwarf
283.37184804997,-30.36425903426,,,simbad,,,,,,,,,-179.55965450001696,82.15378426198261,197.46117034174046,False,dwarf
283.2672114704229,-30.19822923424695,,,simbad,,,,,,,,,-220.45295807684099,157.49571759502646,270.9324782775253,False,dwarf
283.29193213198494,-30.452599586340558,,,simbad,,,,,,,,,-210.7918097265282,42.066113344266576,214.94823781477612,False,dwarf
283.3464496652121,-30.264716165848057,,,simbad,,,,,,,,,-189.48566567854093,127.32490507934924,228.290273448312,False,dwarf
283.35412082332255,-30.287850434665557,,,simbad,,,,,,,,,-186.48767970887553,116.82690689576991,220.0594939057005,False,dwarf
283.3574303715779,-30.128152260628056,,,simbad,,,,,,,,,-185.19426623823492,189.29563950158035,264.82023219880784,False,dwarf
283.2580525392825,-30.400114428853332,,,simbad,,,,,,,,,-224.03238463289185,65.8831223153431,233.51893963941865,False,dwarf
283.3646862712354,-30.119078905705553,,,simbad,,,,,,,,,-182.3585685433764,193.41299735917295,265.8255726386172,False,dwarf
283.3974230271979,-30.145645573028883,,,simbad,,,,,,,,,-169.56462874253822,181.3574261412465,248.27943800720288,False,dwarf
283.4294486322496,-30.123010545097223,,,simbad,,,,,,,,,-157.04861574515266,191.62887599714406,247.76176828436914,False,dwarf
283.49436619446084,-30.149228362678887,,,simbad,,,,,,,,,-131.67800834895596,179.73160777047426,222.80607871983054,False,dwarf
283.5054246080104,-30.199115263605265,,,simbad,,,,,,,,,-127.35623995478585,157.09365022615484,202.23260567178198,False,dwarf
283.5421767421458,-30.144172861894447,,,simbad,,,,,,,,,-112.99303939147408,182.02572125514172,214.24469689907792,False,dwarf
283.5591564922912,-30.165967946052778,,,simbad,,,,,,,,,-106.35713748831105,172.13542579302543,202.3423967132288,False,dwarf
283.5660818648858,-30.087940084278888,,,simbad,,,,,,,,,-103.65061396548012,207.5433462954066,231.98640125428915,False,dwarf
283.45711624532544,-30.092097852976945,,,simbad,,,,,,,,,-146.23576133368618,205.65661070915263,252.3480521446892,False,dwarf
283.7130599879471,-30.118757335438605,,,simbad,,,,,,,,,-46.20969768638003,193.55892131747777,198.99847281286404,False,dwarf
283.6157797002329,-30.09502337466361,,,simbad,,,,,,,,,-84.22806903180594,204.32905107911137,221.0084358745538,False,dwarf
283.6569103002299,-30.18336158155944,,,simbad,,,,,,,,,-68.15370842812995,164.24244437246793,177.82156366973544,False,dwarf
283.6579538274458,-30.077027222148327,,,simbad,,,,,,,,,-67.74588474529345,212.49544604526238,223.03322508069868,False,dwarf
283.3069134006829,-30.354385368031668,,,simbad,,,,,,,,,-204.93693974240162,86.63431187009473,222.49641180069756,False,dwarf
283.40285290850704,-30.08237640124472,,,simbad,,,,,,,,,-167.44256219828262,210.06806556997958,268.6365645399728,False,dwarf
283.1706129789638,-30.459740779596945,,,simbad,,,,,,,,,-258.20487479085983,38.82554263829307,261.1076025835355,False,dwarf
283.1929511724479,-30.329115259341947,,,simbad,,,,,,,,,-249.47482520917765,98.1015234433793,268.0701350674141,False,dwarf
283.73724944449,-30.148471832170006,,,simbad,,,,,,,,,-36.75615100079692,180.0749104255399,183.7878886139117,False,dwarf
283.61751749722,-30.212478191969993,,,simbad,,,,,,,,,-83.54891590911089,151.02974568666738,172.598972858378,False,dwarf
283.4810381167583,-30.166119045901667,,,simbad,,,,,,,,,-136.8867903059274,172.06685885660366,219.87495827637423,False,dwarf
284.0519499581279,-30.66359171154472,,,simbad,,,,,,,,,86.23280463672148,-53.67907595114407,101.57529123996478,False,dwarf
283.71595096509,-30.861974960940003,,,simbad,,,,,,,,,-45.07986711995218,-143.70253890271468,150.60748356784524,False,dwarf
284.0840744765129,-30.901584283425272,,,simbad,,,,,,,,,98.78747422035968,-161.67667929087236,189.4685031591315,False,dwarf
284.1261720830267,-30.949131182560272,,,simbad,,,,,,,,,115.23975324627186,-183.25277770537562,216.47582143278134,False,dwarf
284.45174683332,-30.560358841540005,,,simbad,,,,,,,,,242.4784986096985,-6.833485526638539,242.57476952984277,False,dwarf
283.97201592325797,-31.10855245031417,,,simbad,,,,,,,,,54.99356910163136,-255.5958542256096,261.44508666229507,False,dwarf
284.0136792428146,-30.89103107480806,,,simbad,,,,,,,,,71.2761232717092,-156.88778512834546,172.31965317723274,False,dwarf
284.02218094974876,-31.016842772946667,,,simbad,,,,,,,,,74.59869826493248,-213.97932274948818,226.61005349973348,False,dwarf
284.0821674592025,-30.927916303153616,,,simbad,,,,,,,,,98.04218764715725,-173.62577080782415,199.39453063524957,False,dwarf
284.16535718894,-30.71272902684,,,simbad,,,,,,,,,130.55379006530873,-75.9768823259681,151.05223847527287,False,dwarf
283.6873811608658,-30.96985900121639,,,simbad,,,,,,,,,-56.24530928488889,-192.6587634453194,200.7011059980297,False,dwarf
283.80009246080334,-31.121449901064445,,,simbad,,,,,,,,,-12.19630247641891,-261.4485317239683,261.7328495522012,False,dwarf
283.9723731986629,-30.934980641572782,,,simbad,,,,,,,,,55.133196865254504,-176.83146589495325,185.2269870379069,False,dwarf
283.99645413210294,-31.114103910903058,,,simbad,,,,,,,,,64.54433134459896,-258.11502713044973,266.0626579196603,False,dwarf
284.000475593955,-30.83561193499639,,,simbad,,,,,,,,,66.11596968609072,-131.7393772115918,147.3994062255006,False,dwarf
284.0020297381625,-30.77090008094944,,,simbad,,,,,,,,,66.72334897118223,-102.37406933867032,122.19842622099945,False,dwarf
284.0194494030442,-30.96867207006611,,,simbad,,,,,,,,,73.5311751376723,-192.12015117458202,205.7109287433978,False,dwarf
284.0315885264396,-30.89157680116222,,,simbad,,,,,,,,,78.27529865845638,-157.13542789241598,175.55217195752152,False,dwarf
284.1880592528146,-30.74580938347028,,,simbad,,,,,,,,,139.42604481467518,-90.98827199020843,166.48870115544767,False,dwarf
284.3171718003,-30.91979341679,,,simbad,,,,,,,,,189.8848673674883,-169.93972190075212,254.8249829488341,False,dwarf
283.8711906166162,-31.078793504485837,,,simbad,,,,,,,,,15.58975935772623,-242.09167297330603,242.59311350457986,False,dwarf
284.18305298126126,-30.75647879178667,,,simbad,,,,,,,,,137.46953034044628,-95.82989590358571,167.5745825622578,False,dwarf
284.1914196408358,-30.956185769716388,,,simbad,,,,,,,,,140.7393271112125,-186.45404780969722,233.60794109006167,False,dwarf
283.6786754108,-30.84878245769,,,simbad,,,,,,,,,-59.647626924137924,-137.71597082710784,150.0784062366534,False,dwarf
284.46548925568754,-30.534014588779165,,,simbad,,,,,,,,,247.84921172159986,5.121157164371448,247.9021137500054,False,dwarf
284.2640757239299,-30.97260026387,,,simbad,,,,,,,,,169.1342467036621,-193.90270897847483,257.3026505055988,False,dwarf
284.38312500398,-30.670554869709996,,,simbad,,,,,,,,,215.66021659643948,-56.8388568954954,223.0246279575639,False,dwarf
283.93115652168,-30.86048921608001,,,simbad,,,,,,,,,39.02519628280222,-143.02832927177732,148.25676685799942,False,dwarf
284.01832004923995,-30.722849544940008,,,simbad,,,,,,,,,73.08980933459618,-80.5694277601412,108.7821351057435,False,dwarf
283.6859452905091,-30.92294833367528,,,simbad,,,,,,,,,-56.80646564768029,-171.3713777699002,180.54119656780534,False,dwarf
283.69384600847667,-30.97959117433611,,,simbad,,,,,,,,,-53.71876477174413,-197.0750835174646,204.2652545882868,False,dwarf
283.70078191632706,-31.044694920973335,,,simbad,,,,,,,,,-51.00812393719255,-226.618226606762,232.28785878298876,False,dwarf
283.7080371345878,-30.92547661952667,,,simbad,,,,,,,,,-48.172692540870635,-172.518677495896,179.11812412921876,False,dwarf
283.7099047616812,-31.023241384579723,,,simbad,,,,,,,,,-47.442800164538916,-216.8829206038725,222.0113072280735,False,dwarf
283.71206462940825,-30.907777520997495,,,simbad,,,,,,,,,-46.59869643875104,-164.48708135270329,170.96034172205464,False,dwarf
283.7302336832249,-31.029956347932227,,,simbad,,,,,,,,,-39.49799956348122,-219.93007431482314,223.44871795926778,False,dwarf
283.8007895395209,-30.885958254671667,,,simbad,,,,,,,,,-11.923875264666497,-154.58581237106682,155.04500052484764,False,dwarf
283.8023267811154,-30.95915632779778,,,simbad,,,,,,,,,-11.323101735296287,-187.80204430738888,188.14308512125106,False,dwarf
283.80282736955667,-31.00325453108944,,,simbad,,,,,,,,,-11.127465417834479,-207.81317419037347,208.11087394392348,False,dwarf
283.81514515142084,-31.01651794159639,,,simbad,,,,,,,,,-6.313519899495419,-213.83191895851272,213.92510394762292,False,dwarf
283.8215557066354,-30.836655266976113,,,simbad,,,,,,,,,-3.8081935440254813,-132.2128262457669,132.2676595467014,False,dwarf
283.82266808002043,-30.779373886488052,,,simbad,,,,,,,,,-3.3734639043369414,-106.2193603160555,106.27291642119309,False,dwarf
283.86079892759915,-30.790879159575002,,,simbad,,,,,,,,,11.528555374461682,-111.4402876304732,112.035018169252,False,dwarf
283.86342581981086,-30.826136996998606,,,simbad,,,,,,,,,12.555178197392168,-127.43978673501832,128.0567520384428,False,dwarf
283.8676404623567,-31.10702170273861,,,simbad,,,,,,,,,14.202314006317607,-254.9012230101373,255.29657109957,False,dwarf
283.870972372105,-30.82028392089278,,,simbad,,,,,,,,,15.50446663225705,-124.78374505018941,125.74327621905452,False,dwarf
283.8732244814446,-30.91373274984917,,,simbad,,,,,,,,,16.384619551173145,-167.18947848316245,167.99040887297264,False,dwarf
283.87348933434913,-30.822588506220832,,,simbad,,,,,,,,,16.488127428394364,-125.8295326987482,126.90519944147408,False,dwarf
283.87543126750376,-31.097884747206386,,,simbad,,,,,,,,,17.247059556728363,-250.75500411135175,251.3474351375748,False,dwarf
283.8851152246663,-30.85102927213195,,,simbad,,,,,,,,,21.031672947078924,-138.73554287913458,140.32064040946037,False,dwarf
283.73499353590995,-30.803513316729454,,,simbad,,,,,,,,,-37.63778871109083,-117.17348628502245,123.07001676788323,False,dwarf
283.75364313616916,-31.028835690318054,,,simbad,,,,,,,,,-30.34928818587784,-219.4215360207974,221.5104732582989,False,dwarf
283.78538678125256,-31.030911220459167,,,simbad,,,,,,,,,-17.943468723417844,-220.36338172265403,221.09271375165758,False,dwarf
283.79681504447,-30.917543357628333,,,simbad,,,,,,,,,-13.477158384047883,-168.9186774416227,169.45546136591668,False,dwarf
284.02299648127047,-30.947293648345287,,,simbad,,,,,,,,,74.91741833623556,-182.41893112896835,197.20366630567958,False,dwarf
284.02460545281,-30.893192119249445,,,simbad,,,,,,,,,75.54622483868819,-157.8684359887339,175.01335711569732,False,dwarf
283.8893443661862,-30.90950495179027,,,simbad,,,,,,,,,22.68447513910716,-165.27096458099467,166.82049378259606,False,dwarf
283.89070430554375,-31.13955177041195,,,simbad,,,,,,,,,23.2159567035351,-269.66289946684174,270.6604145317974,False,dwarf
283.91586763880423,-31.076563952569167,,,simbad,,,,,,,,,33.050106773040454,-241.0799344067649,243.33483994545344,False,dwarf
283.927265641365,-30.77855415981,,,simbad,,,,,,,,,37.50459086363307,-105.84738014909601,112.29542386168616,False,dwarf
283.92958361727335,-30.993935814808058,,,simbad,,,,,,,,,38.410485273734025,-203.5844748799731,207.17626261499683,False,dwarf
283.9375563908467,-30.77242695063027,,,simbad,,,,,,,,,41.5263463950916,-103.06694082133427,111.11809814424272,False,dwarf
283.9415713850221,-31.012164147439165,,,simbad,,,,,,,,,43.09545708645716,-211.85622984057284,216.1950058251862,False,dwarf
283.9438871361479,-30.749451185034996,,,simbad,,,,,,,,,44.000482023303505,-92.64086911843106,102.5591197763579,False,dwarf
284.11055159021083,-30.809176679717222,,,simbad,,,,,,,,,109.13506636236885,-119.74343888769835,162.0152889901771,False,dwarf
284.11576965829835,-30.793524037506387,,,simbad,,,,,,,,,111.1743536107716,-112.64049516409025,158.264392873395,False,dwarf
284.120219646015,-30.925318863287494,,,simbad,,,,,,,,,112.91346530000324,-172.44708998537828,206.12483957660268,False,dwarf
284.14019719327996,-31.008672987769163,,,simbad,,,,,,,,,120.72094437242643,-210.27199183575897,242.46207324187418,False,dwarf
284.14588009782165,-30.976094760090827,,,simbad,,,,,,,,,122.94189560790367,-195.48846106202532,230.93386088675624,False,dwarf
284.1479434722596,-30.99523390017334,,,simbad,,,,,,,,,123.74828853139763,-204.17352733347082,238.74770821568444,False,dwarf
284.0366808740434,-31.05203164758528,,,simbad,,,,,,,,,80.26545274589989,-229.9475275348881,243.5537072678476,False,dwarf
284.04190132838835,-30.840302311090277,,,simbad,,,,,,,,,82.30567257400939,-133.86780236746642,157.14583115232517,False,dwarf
284.04598016037,-30.80875052751306,,,simbad,,,,,,,,,83.89973189042037,-119.55005715168853,146.0526657622394,False,dwarf
284.05467408622087,-30.91887267752861,,,simbad,,,,,,,,,87.29742847638138,-169.52190367749887,190.6790938855965,False,dwarf
284.05848480634455,-31.070860578316942,,,simbad,,,,,,,,,88.78670627520418,-238.49182526822065,254.48267118011566,False,dwarf
284.0738556272221,-30.805305477451117,,,simbad,,,,,,,,,94.79381819621521,-117.9867430232897,151.34972579248668,False,dwarf
284.0922714212312,-30.954893780666396,,,simbad,,,,,,,,,101.99094427088517,-185.86776177632268,212.01173925282214,False,dwarf
284.1883432387866,-30.800825300202217,,,simbad,,,,,,,,,139.53703013755106,-115.9537030775668,181.42724171691626,False,dwarf
284.2108593591041,-30.976938406562226,,,simbad,,,,,,,,,148.33661578438225,-195.87129568689133,245.70168102075544,False,dwarf
284.21673948244415,-30.863122424154174,,,simbad,,,,,,,,,150.63464262982697,-144.22324119216734,208.54529210746944,False,dwarf
284.2378517592699,-30.930348541767504,,,simbad,,,,,,,,,158.88558841923796,-174.72948567999237,236.16736305705354,False,dwarf
284.24343242001294,-30.88036763726944,,,simbad,,,,,,,,,161.06658148027887,-152.0488706679759,221.49786170785075,False,dwarf
284.18172361955,-30.971292381710832,,,simbad,,,,,,,,,136.94999890833571,-193.30921088092867,236.90452341059364,False,dwarf
284.1842234155129,-30.99426431092362,,,simbad,,,,,,,,,137.9269509038574,-203.73354168868207,246.03089195190316,False,dwarf
284.2987912291379,-30.81688657146833,,,simbad,,,,,,,,,182.7015068285459,-123.24207678445775,220.38250857898723,False,dwarf
284.3081548123663,-30.644029471800554,,,simbad,,,,,,,,,186.3609140184855,-44.802013143539156,191.67057848172524,False,dwarf
284.33149986485,-30.868040359559714,,,simbad,,,,,,,,,195.48445687859225,-146.45492948807237,244.26055607173754,False,dwarf
284.33195793526954,-30.61782819693222,,,simbad,,,,,,,,,195.66347661344156,-32.912251762055035,198.412228444992,False,dwarf
284.34175828220623,-30.899137033160827,,,simbad,,,,,,,,,199.4935766050096,-160.56615234776572,256.08431499493435,False,dwarf
284.2619845857404,-30.85040445442417,,,simbad,,,,,,,,,168.31700335363564,-138.4520095972721,217.94396660488428,False,dwarf
284.2682864134629,-30.872622441596384,,,simbad,,,,,,,,,170.77983762496828,-148.53421235961872,226.3363982670548,False,dwarf
284.27245024434376,-30.595661507680823,,,simbad,,,,,,,,,172.40711559020045,-22.853327257768896,173.91517493560883,False,dwarf
284.39076744821665,-30.80061996902805,,,simbad,,,,,,,,,218.64698081972986,-115.8605267463666,247.4472951550064,False,dwarf
284.39844055861,-30.888802978777775,,,simbad,,,,,,,,,221.64572976632923,-155.87670722208992,270.9693292202086,False,dwarf
284.40272752292003,-30.618988054227227,,,simbad,,,,,,,,,223.32112983877073,-33.4385783069846,225.81068520257725,False,dwarf
284.41062769316784,-30.762608604671666,,,simbad,,,,,,,,,226.40861665887192,-98.61151675531765,246.95160038794708,False,dwarf
284.41419934038913,-30.732725583139995,,,simbad,,,,,,,,,227.8044617325745,-85.05103173484652,243.16362964972757,False,dwarf
284.41876075284085,-30.765777299250555,,,simbad,,,,,,,,,229.58711962272224,-100.04942474350243,250.43987878962872,False,dwarf
284.4208350255658,-30.765600869616943,,,simbad,,,,,,,,,230.3977717351018,-99.96936351538332,251.15136245334392,False,dwarf
284.43657530946246,-30.51862828677861,,,simbad,,,,,,,,,236.5492744940588,12.10323953438408,236.85870824373814,False,dwarf
284.48751072038334,-30.733913972033047,,,simbad,,,,,,,,,256.455479672156,-85.59030550827163,270.3610797634802,False,dwarf
284.4891310356354,-30.71437313669583,,,simbad,,,,,,,,,257.08871944144903,-76.72295571243492,268.2927908038089,False,dwarf
283.3626611345596,-30.942806818166947,,,simbad,,,,,,,,,-183.15001766402625,-180.3828721796308,257.0640183808425,False,dwarf
284.0883749999999,-30.083727777777774,,,simbad,,,,,,,,,100.46817339130055,209.45483035164324,232.3040675972336,False,dwarf
283.8745577132,-30.278739781520006,,,simbad,,,,,,,,,16.905663445637046,120.96119015009377,122.13685348437748,False,dwarf
283.99671634492,-30.187991318830004,,,simbad,,,,,,,,,64.64680744211003,162.1415362417522,174.5539672631152,False,dwarf
284.04287703531,-30.200495287679995,,,simbad,,,,,,,,,82.68699122494158,156.46741516577322,176.97228745340894,False,dwarf
284.20500693137,-30.28144703875,,,simbad,,,,,,,,,146.04941273332525,119.73267578868784,188.85535367383216,False,dwarf
283.79258165051,-30.41067897863,,,simbad,,,,,,,,,-15.131622483661522,61.089081697908384,62.93521988268394,False,dwarf
283.80307600000003,-30.433520999999995,,,simbad,,,,,,,,,-11.030297484358309,50.7237011992574,51.90916418075895,False,dwarf
283.83336428556,-30.42890164075,,,simbad,,,,,,,,,0.8067490015371321,52.819899933623574,52.82606054732351,False,dwarf
283.745958,-30.41492700000001,,,simbad,,,,,,,,,-33.35273695834745,59.161390748262654,67.91520608730664,False,dwarf
283.77455399999997,-30.405797999999997,,,simbad,,,,,,,,,-22.177057151685563,63.3039995410456,67.07621204124328,False,dwarf
283.724852,-30.437358999999994,,,simbad,,,,,,,,,-41.60122968456228,48.98207204527827,64.26434231451013,False,dwarf
284.2454166666667,-30.350833333333334,,,simbad,,,,,,,,,161.84205026124002,88.24617408650238,184.3372899704968,False,dwarf
284.11294166666664,-30.114061111111113,,,simbad,,,,,,,,,110.0691385816764,195.69000031757966,224.52124953421804,False,dwarf
283.92554413965,-30.07655046142973,,,simbad,,,,,,,,,36.83180614012156,212.71179319663912,215.87702265056666,False,dwarf
283.80815,-30.398813,,,simbad,,,,,,,,,-9.047313873413248,66.47369199559195,67.08655316715027,False,dwarf
283.92936088041,-30.300865166109997,,,simbad,,,,,,,,,38.32343688004905,110.92100910659397,117.35482979206355,False,dwarf
283.78855266926996,-30.406994513929998,,,simbad,,,,,,,,,-16.70619949743376,62.76103874280881,64.94647862451362,False,dwarf
284.10464334345,-30.44176087181,,,simbad,,,,,,,,,106.82604852706896,46.984565980558116,116.70198834762462,False,dwarf
284.29441249999996,-30.327969444444445,,,simbad,,,,,,,,,180.99024389646488,98.62147775045437,206.11565748235918,False,dwarf
283.779007,-30.418011,,,simbad,,,,,,,,,-20.436768223885984,57.76191594084645,61.27071428173697,False,dwarf
283.785823,-30.38455,,,simbad,,,,,,,,,-17.77298889941533,72.94603608710193,75.07997945684001,False,dwarf
283.75916227557,-30.429559003509997,,,simbad,,,,,,,,,-28.19233844631426,52.52159817553226,59.60978293857144,False,dwarf
283.749833,-30.414980000000007,,,simbad,,,,,,,,,-31.838337767840926,59.13734011117033,67.16326933111104,False,dwarf
283.755333,-30.441388999999997,,,simbad,,,,,,,,,-29.68886794911521,47.1533160550357,55.721307370574934,False,dwarf
283.78892300000007,-30.437189,,,simbad,,,,,,,,,-16.561469547018064,49.05921559821258,51.779232407102285,False,dwarf
283.800787,-30.432395999999997,,,simbad,,,,,,,,,-11.924867741654968,51.23421000546369,52.60367615994075,False,dwarf
283.92335375964,-30.295863432619996,,,simbad,,,,,,,,,35.97577782684334,113.19072376699668,118.77035209656887,False,dwarf
283.85305833333337,-30.411033333333325,,,simbad,,,,,,,,,8.503432873837257,60.928280634290786,61.51880811337903,False,dwarf
283.74205525923,-30.12893780228,,,simbad,,,,,,,,,-34.87797759385797,188.93917200739406,192.13142387406933,False,dwarf
283.84233340022087,-30.133396739365548,,,simbad,,,,,,,,,4.311992867793288,186.91577054205987,186.9655009883478,False,dwarf
283.74272099999996,-30.424629000000007,,,simbad,,,,,,,,,-34.617797649849024,54.75876280352288,64.78359374022386,False,dwarf
283.78299561779,-30.417470454379995,,,simbad,,,,,,,,,-18.87796575877162,58.00720776233126,61.001751971329625,False,dwarf
283.759413,-30.370500999999997,,,simbad,,,,,,,,,-28.094352156305128,79.32127005903378,84.14960788298811,False,dwarf
283.86534900000004,-30.44118900000001,,,simbad,,,,,,,,,13.306781428791508,47.24407317613455,49.08230722231369,False,dwarf
283.8180872318309,-30.321776328130557,,,simbad,,,,,,,,,-5.163717527548985,101.43182478699808,101.563177669491,False,dwarf
283.8024928912996,-30.43618808846777,,,simbad,,,,,,,,,-11.258183766663693,49.51341484393623,50.77720897441779,False,dwarf
283.95321995590746,-30.292797910825833,,,simbad,,,,,,,,,47.64786645909103,114.58181343059093,124.09396096162826,False,dwarf
283.83510699999994,-30.384131999999997,,,simbad,,,,,,,,,1.4878239272277276,73.13571847021106,73.15085055002712,False,dwarf
284.05425043621,-30.38663812544,,,simbad,,,,,,,,,87.13186067419637,71.9984748199125,113.0298258024896,False,dwarf
283.80358749457,-30.349862729870008,,,simbad,,,,,,,,,-10.83039891334685,88.68661996682548,89.34547611246107,False,dwarf
283.76424392262,-30.09940510296,,,simbad,,,,,,,,,-26.206366271150802,202.3406858509169,204.0307005912521,False,dwarf
283.81525011158,-30.399601318870005,,,simbad,,,,,,,,,-6.2725001369086675,66.11596423982414,66.41283750397376,False,dwarf
284.10054259315,-30.44100890679,,,simbad,,,,,,,,,105.22342325362715,47.32579688248828,115.37634008658144,False,dwarf
283.72211362583,-30.33708413949,,,simbad,,,,,,,,,-42.67142107198827,94.48536034009125,103.67416985392173,False,dwarf
283.88776340663,-30.42873596369,,,simbad,,,,,,,,,22.066616075329428,52.89508179861735,57.31339479998029,False,dwarf
283.81065329579496,-30.119714561241665,,,simbad,,,,,,,,,-8.068994099121298,193.12454602681873,193.29303904651218,False,dwarf
284.0929573581592,-30.195123861065,,,simbad,,,,,,,,,102.25901712984292,158.90489124475815,188.9647349265728,False,dwarf
283.92328842972415,-30.29087411261194,,,simbad,,,,,,,,,35.9502460664063,115.45480536797803,120.9224225476518,False,dwarf
284.0652071421975,-30.116234058287223,,,simbad,,,,,,,,,91.41388046199394,194.70394816750792,215.09561820998428,False,dwarf
283.7183259710454,-30.15212149941138,,,simbad,,,,,,,,,-44.15168464351554,178.41874396647216,183.80048818061934,False,dwarf
283.8557410685458,-30.08975462248388,,,simbad,,,,,,,,,9.551879850355505,206.719934977317,206.94049851515723,False,dwarf
284.0737127704959,-30.10693170380222,,,simbad,,,,,,,,,94.73798797413981,198.92522273023206,220.33277242312522,False,dwarf
284.19243135835626,-30.081845058231114,,,simbad,,,,,,,,,141.13471916125337,210.30918138114663,253.2764511871048,False,dwarf
284.13310912181544,-30.227890148269168,,,simbad,,,,,,,,,117.9508360658777,144.0360217652197,186.16867431066484,False,dwarf
284.22870467100626,-30.356292857310006,,,simbad,,,,,,,,,155.31079020976944,85.76872069290519,177.41960152384684,False,dwarf
283.9728276463,-30.20204066037,,,simbad,,,,,,,,,55.310800770727816,155.76614728388893,165.29481940328716,False,dwarf
284.03323633624,-30.176634376280003,,,simbad,,,,,,,,,78.91928364628714,167.29515329364287,184.97546228293794,False,dwarf
284.31265799393,-30.220920344150002,,,simbad,,,,,,,,,188.12081453838516,147.1988185477824,238.8659311087466,False,dwarf
283.7864416666667,-30.39999722222222,,,simbad,,,,,,,,,-17.531206112517097,65.93630899741365,68.22712094146996,False,dwarf
283.82624000000004,-30.383589000000004,,,simbad,,,,,,,,,-1.977512233222889,73.38212405400336,73.40876436304922,False,dwarf
284.25819990650996,-30.24685691288,,,simbad,,,,,,,,,166.83790266645934,135.4291770015672,214.88589471965065,False,dwarf
283.3211011678121,-30.88203251434583,,,simbad,,,,,,,,,-199.39218024430096,-152.80436792019913,251.2099050556474,False,dwarf
283.2826588137487,-30.43012160905916,,,simbad,,,,,,,,,-214.41594021167845,52.2662958757385,220.69427065836643,False,dwarf
283.28809475574917,-30.790313776982774,,,simbad,,,,,,,,,-212.29150507231978,-111.1837251485106,239.644536478031,False,dwarf
283.1413987868216,-30.60203089774777,,,simbad,,,,,,,,,-269.62215193423776,-25.743664786082032,270.8483728772749,False,dwarf
283.1423548559279,-30.49605177957389,,,simbad,,,,,,,,,-269.2485079908354,22.348133526772116,270.17438466187235,False,dwarf
283.1510831209679,-30.538055377972782,,,simbad,,,,,,,,,-265.83739121386515,3.2875051933731747,265.85771807075685,False,dwarf
283.24997479350424,-30.632535549060556,,,simbad,,,,,,,,,-227.1892702244892,-39.58623645318582,230.61230370833104,False,dwarf
283.20994579782626,-30.54060790312,,,simbad,,,,,,,,,-242.8331098761748,2.129206023841368,242.84244433464744,False,dwarf
283.2223614020496,-30.53487707224473,,,simbad,,,,,,,,,-237.98093413807933,4.729774582701296,238.02793067376783,False,dwarf
283.22500724214706,-30.745406181823334,,,simbad,,,,,,,,,-236.94690624087912,-90.80530488670236,253.75074339337596,False,dwarf
283.2929368398112,-30.733368556418334,,,simbad,,,,,,,,,-210.39915715393633,-85.34280375328973,227.04889227556103,False,dwarf
283.2994260524033,-30.64557788027889,,,simbad,,,,,,,,,-207.86309049681708,-45.50465862246988,212.78566292688868,False,dwarf
283.3024800409346,-30.64253875301527,,,simbad,,,,,,,,,-206.6695530104927,-44.12554641690147,211.327631861399,False,dwarf
283.3026140015608,-30.69189397863444,,,simbad,,,,,,,,,-206.61719949724346,-66.52223736000008,217.0619155712579,False,dwarf
283.3060011456579,-30.72492970298361,,,simbad,,,,,,,,,-205.293460586629,-81.51337353753041,220.88421180587525,False,dwarf
283.3130179779808,-30.87289677040528,,,simbad,,,,,,,,,-202.55119344094263,-148.65869882427373,251.24966607037766,False,dwarf
283.31390687966166,-30.80938735698611,,,simbad,,,,,,,,,-202.2037993800714,-119.83904119972988,235.0484466645264,False,dwarf
283.31623318400875,-30.941580607189163,,,simbad,,,,,,,,,-201.2946501103776,-179.82643528858432,269.92051235809913,False,dwarf
283.3288622933883,-30.856806018249724,,,simbad,,,,,,,,,-196.35903384695507,-141.35694711411605,241.9476320833346,False,dwarf
283.3374300270496,-30.873510506738338,,,simbad,,,,,,,,,-193.01065477057796,-148.93720353779915,243.79377238278062,False,dwarf
283.343895368182,-30.5849360700575,,,simbad,,,,,,,,,-190.4839173829543,-17.986278051417948,191.33120231603385,False,dwarf
283.3483649725837,-30.817960258526952,,,simbad,,,,,,,,,-188.73713924421514,-123.72930051649078,225.6781946409319,False,dwarf
283.35747385279666,-30.79877095752278,,,simbad,,,,,,,,,-185.17727322597125,-115.02147194083668,217.9921134510207,False,dwarf
283.25942200466625,-30.471006697782773,,,simbad,,,,,,,,,-223.49718017649917,33.71323113261515,226.02559921444222,False,dwarf
283.26836634930703,-30.876984502055834,,,simbad,,,,,,,,,-220.0016167485437,-150.51365260651696,266.56157073540885,False,dwarf
283.2688540184346,-30.58774056079972,,,simbad,,,,,,,,,-219.81102946286964,-19.258915581047866,220.65310898078113,False,dwarf
283.38564371624796,-30.83223168226555,,,simbad,,,,,,,,,-174.16813299205268,-130.2054671793229,217.45804706499845,False,dwarf
283.38835299920163,-30.9804188334325,,,simbad,,,,,,,,,-173.10931082127402,-197.4506633016808,262.59017104851847,False,dwarf
283.39618670447,-30.596901066020557,,,simbad,,,,,,,,,-170.0477993588664,-23.41582098954076,171.65242421651814,False,dwarf
283.4014243589696,-30.91222120786251,,,simbad,,,,,,,,,-168.00085749196035,-166.5035624874771,236.5327132534846,False,dwarf
283.41311536203125,-30.639175944413605,,,simbad,,,,,,,,,-163.43186508618993,-42.5995522793523,168.892558687326,False,dwarf
283.4161559530395,-30.841505766350828,,,simbad,,,,,,,,,-162.24356352194675,-134.41391304158955,210.6895202031937,False,dwarf
283.3669513600067,-30.779883905551667,,,simbad,,,,,,,,,-181.47334309782295,-106.45079962566406,210.39093848367958,False,dwarf
283.36895730143624,-30.795819811707496,,,simbad,,,,,,,,,-180.6893957231024,-113.68228445007378,213.4767423504663,False,dwarf
283.37833292396,-30.71230790017999,,,simbad,,,,,,,,,-177.02528342370235,-75.7857811095557,192.56540600436944,False,dwarf
283.4596728350863,-30.931836736634445,,,simbad,,,,,,,,,-145.23661360099916,-175.40480708881745,227.7290501454551,False,dwarf
283.37534734402794,-30.72295703789361,,,simbad,,,,,,,,,-178.19208596103604,-80.61820651517992,195.5804558765253,False,dwarf
283.43274909148954,-30.856524041768058,,,simbad,,,,,,,,,-155.75875437712517,-141.22899024564228,210.25322173730734,False,dwarf
283.43417326946405,-30.733071185546113,,,simbad,,,,,,,,,-155.20216754572152,-85.20786113197532,177.05392514591765,False,dwarf
283.4699428466437,-30.99203081964861,,,simbad,,,,,,,,,-141.22296271360523,-202.72001549803176,247.06138889177032,False,dwarf
283.2039964175025,-30.592199196481385,,,simbad,,,,,,,,,-245.15820323002822,-21.28218027363804,246.08022230194658,False,dwarf
283.2329612517951,-30.777469477181665,,,simbad,,,,,,,,,-233.83837829971878,-105.3551667858017,256.47631144865306,False,dwarf
283.9886777572,-30.19999190544,,,simbad,,,,,,,,,61.50522531675223,156.69584278035643,168.33442870046116,False,dwarf
284.0208149695567,-30.106695274582776,,,simbad,,,,,,,,,74.06485586568627,199.03251090674078,212.36653048973318,False,dwarf
284.0350737804399,-30.193168727630002,,,simbad,,,,,,,,,79.63738016470242,159.79210265442688,178.53747054951864,False,dwarf
284.13991399794,-30.298077809560002,,,simbad,,,,,,,,,120.61026803861346,112.18587138643055,164.7194781896753,False,dwarf
283.84580084509,-30.326849389630002,,,simbad,,,,,,,,,5.667114339484215,99.12974250264072,99.29160102232537,False,dwarf
284.0571966391817,-30.175050106675283,,,simbad,,,,,,,,,88.28327419556764,168.01407203552588,189.7963774803109,False,dwarf
284.17156277558206,-30.123144864807223,,,simbad,,,,,,,,,132.9790121007186,191.56792364620821,233.1988143824975,False,dwarf
283.9438034059379,-30.21814476840084,,,simbad,,,,,,,,,43.96775919433373,148.45833486977767,154.8322997338668,False,dwarf
283.90833333333336,-29.990000000000006,,,simbad,,,,,,,,,30.105604552167964,251.98714674443457,253.77917477573433,False,dwarf
283.89151584048,-30.34491884101,,,simbad,,,,,,,,,23.533114858501,90.93008556678073,93.92597061582843,False,dwarf
284.13131540936,-30.3010755071,,,simbad,,,,,,,,,117.24983046834083,110.82555939308159,161.33761917062034,False,dwarf
283.84263023964706,-29.98054796779389,,,simbad,,,,,,,,,4.428001483721651,256.2763429024666,256.3145940608971,False,dwarf
283.88461977544875,-29.95945965133361,,,simbad,,,,,,,,,20.838045103462832,265.84591735676133,266.66135059095444,False,dwarf
283.88570243583285,-30.07456179954389,,,simbad,,,,,,,,,21.261162525189825,213.61421933467574,214.6696805184316,False,dwarf
283.7499296414725,-29.9945424344175,,,simbad,,,,,,,,,-31.8005690536066,249.92585539176383,251.9408847040076,False,dwarf
283.98307464567756,-30.026210847653886,,,simbad,,,,,,,,,59.31545820612859,235.55518531547847,242.9085608026452,False,dwarf
283.89306908650667,-30.163723764748884,,,simbad,,,,,,,,,24.14014312311217,173.1538029649058,174.82844731683045,False,dwarf
283.9044072779687,-30.14937525556027,,,simbad,,,,,,,,,28.571252277052704,179.66494989534976,181.9225403230109,False,dwarf
283.90695666302247,-30.250983852978056,,,simbad,,,,,,,,,29.567584318779296,133.55643099023106,136.79021273942254,False,dwarf
283.9155448976329,-30.01507216222944,,,simbad,,,,,,,,,32.92397542630825,240.6097604254911,242.85189925113696,False,dwarf
283.923567328055,-30.019715468293327,,,simbad,,,,,,,,,36.05924307452845,238.50269497168242,241.21319308832034,False,dwarf
283.9387022298392,-30.219146762787503,,,simbad,,,,,,,,,41.974154819017954,148.00364424029942,153.8405290590877,False,dwarf
284.11175638219083,-30.14568649148722,,,simbad,,,,,,,,,109.60591436215336,181.33885793385394,211.8896832314357,False,dwarf
284.13136257407587,-30.069158817018614,,,simbad,,,,,,,,,117.26826303801717,216.06601503151524,245.8380938088167,False,dwarf
284.1328616128071,-30.178420641870837,,,simbad,,,,,,,,,117.85410640346778,166.48457168088981,203.9772119721447,False,dwarf
284.1384873081829,-30.293413826254724,,,simbad,,,,,,,,,120.05269957068292,114.30231987474326,165.76390138675183,False,dwarf
284.06343211940583,-30.19566837444833,,,simbad,,,,,,,,,90.72017902230789,158.65779890939,182.76336623243736,False,dwarf
284.0725615546438,-30.287770364460552,,,simbad,,,,,,,,,94.28807820524885,116.86324160223216,150.15744713273733,False,dwarf
284.07642379143,-30.044049751942776,,,simbad,,,,,,,,,95.79748936974788,227.4601473309583,246.81020561023854,False,dwarf
284.098392923432,-30.147890395690553,,,simbad,,,,,,,,,104.38330503923623,180.3387579304392,208.3697242470887,False,dwarf
284.1918230190242,-30.3502205704625,,,simbad,,,,,,,,,140.89697242782938,88.5242370568824,166.3986099275821,False,dwarf
284.19629182343294,-30.141742668435004,,,simbad,,,,,,,,,142.64343791918424,183.12850806566195,232.127552969826,False,dwarf
284.2083570431529,-30.302382445741667,,,simbad,,,,,,,,,147.35867894545038,110.23248945019559,184.02657957734203,False,dwarf
284.2165904084325,-30.134533377853337,,,simbad,,,,,,,,,150.57638261367603,186.39998035762196,239.62094999883047,False,dwarf
284.25018815081876,-30.07589652224361,,,simbad,,,,,,,,,163.70680683858296,213.0085413861842,268.64950643683466,False,dwarf
284.25073492916334,-30.266927919175558,,,simbad,,,,,,,,,163.92049475662975,126.32124325637139,206.94681707891434,False,dwarf
284.15421891800753,-30.063807702198055,,,simbad,,,,,,,,,126.20081239217804,218.49427391056065,252.32200217212295,False,dwarf
284.1558804227958,-30.07033969929222,,,simbad,,,,,,,,,126.8501495550946,215.5301476539402,250.0883943526351,False,dwarf
284.3098517419912,-30.2321236638475,,,simbad,,,,,,,,,187.02409565726842,142.1149133350359,234.8928712171654,False,dwarf
284.31862712400334,-30.326853245800002,,,simbad,,,,,,,,,190.45362634507566,99.12799262820116,214.70664337762443,False,dwarf
284.33624631899085,-30.239428960957778,,,simbad,,,,,,,,,197.33943140982845,138.79987466235488,241.26387295954572,False,dwarf
284.2605016207233,-30.08356179283917,,,simbad,,,,,,,,,167.73744179972988,209.53015192751522,268.40032404653573,False,dwarf
284.2712288433346,-30.293058208597223,,,simbad,,,,,,,,,171.92977657097933,114.46369404878598,206.54729561783412,False,dwarf
284.2713609120167,-30.21808356024028,,,simbad,,,,,,,,,171.98139068845828,148.48611025198034,227.21294787247356,False,dwarf
284.27223185976334,-30.30738728373861,,,simbad,,,,,,,,,172.32176812393539,107.96136600923201,203.348096425658,False,dwarf
284.2796379816658,-30.260454185366385,,,simbad,,,,,,,,,175.21617457908133,129.25893047293147,217.73511187021086,False,dwarf
284.3931301992604,-30.259733713339447,,,simbad,,,,,,,,,219.57037392113276,129.58587030793467,254.95812771380895,False,dwarf
284.40200198685375,-30.237258670842778,,,simbad,,,,,,,,,223.03758113389625,139.7847210763412,263.22144829867085,False,dwarf
284.4069691419833,-30.24732755151528,,,simbad,,,,,,,,,224.97880841316828,135.21560796347632,262.48566603138846,False,dwarf
284.41136697004697,-30.24331346027139,,,simbad,,,,,,,,,226.69753544785348,137.03714478919005,264.89800231429496,False,dwarf
284.41550299138544,-30.230761568410276,,,simbad,,,,,,,,,228.31394509089662,142.73301263778993,269.2581854273486,False,dwarf
284.43258467971293,-30.28981005740333,,,simbad,,,,,,,,,234.98968572962977,115.93765830512281,262.0337631157206,False,dwarf
284.43456781557245,-30.283539760648885,,,simbad,,,,,,,,,235.7647203980894,118.78302871461877,263.9969910718818,False,dwarf
284.2864291742308,-30.10447263685889,,,simbad,,,,,,,,,177.87025884302332,200.0411119121226,267.68316240645856,False,dwarf
284.35607037639494,-30.304279053949443,,,simbad,,,,,,,,,205.08692469619916,109.37183594619925,232.42815057472447,False,dwarf
284.3579420772054,-30.214571449461943,,,simbad,,,,,,,,,205.81840913289878,150.0798555681766,254.72569675115633,False,dwarf
284.13475877233253,-30.00722189533917,,,simbad,,,,,,,,,118.59554042914546,244.17209853977417,271.4496563177015,False,dwarf
284.1731627741958,-30.310219266857498,,,simbad,,,,,,,,,133.60431186986122,106.6762528348082,170.9676433395953,False,dwarf
284.22970284466044,-30.189616901993883,,,simbad,,,,,,,,,155.7008891449593,161.40387000140998,224.26318496793664,False,dwarf
284.25290706474874,-30.14682225939694,,,simbad,,,,,,,,,164.76939291718205,180.8234628052121,244.63457961450308,False,dwarf
284.310214740117,-30.118333663246666,,,simbad,,,,,,,,,187.1659599328236,193.75117765963722,269.38933795173045,False,dwarf
283.7575682535846,-30.164949046831666,,,simbad,,,,,,,,,-28.815302473232023,172.59778759304024,174.98662217048505,False,dwarf
283.75062087012253,-30.159893957199994,,,simbad,,,,,,,,,-31.530428122497987,174.8917145024982,177.71122558581197,False,dwarf
284.0450535821325,-30.14049099563583,,,simbad,,,,,,,,,83.53761335292445,183.69649916474563,201.79924838830817,False,dwarf
283.9062315589762,-30.253337674349446,,,simbad,,,,,,,,,29.284204452778848,132.48830073393393,135.68608794492334,False,dwarf
284.38380454256503,-30.200448364989164,,,simbad,,,,,,,,,215.92578890174138,156.48870800744464,266.6695746550001,False,dwarf
284.31309563663615,-30.32648715610556,,,simbad,,,,,,,,,188.29185086352643,99.29411886186857,212.86884023305845,False,dwarf
284.3211026390809,-30.3649989847,,,simbad,,,,,,,,,191.42108906236868,81.81800540351402,208.17353180948035,False,dwarf
284.3305690215766,-30.238950746368896,,,simbad,,,,,,,,,195.1206715109281,139.01688155913882,239.57831665095057,False,dwarf
284.3392374454587,-30.416604758452223,,,simbad,,,,,,,,,198.50840160377166,58.400048113110394,206.92063968318362,False,dwarf
284.3633360799066,-30.29517342408139,,,simbad,,,,,,,,,207.9264538616982,113.50383970950074,236.88928182655488,False,dwarf
284.4559749190737,-30.414582263216108,,,simbad,,,,,,,,,244.13088819491506,59.31782733848934,251.23394518057657,False,dwarf
284.3847211617342,-30.378348420509724,,,simbad,,,,,,,,,216.28401530890787,75.76022359126932,229.16890442802884,False,dwarf
284.3927278226242,-30.203817385734162,,,simbad,,,,,,,,,219.41312002380624,154.95989488867167,268.6162434822015,False,dwarf
284.40609134065414,-30.238050549405283,,,simbad,,,,,,,,,224.6357525106364,139.4253779833574,264.387324453768,False,dwarf
284.4275461744837,-30.266877424316114,,,simbad,,,,,,,,,233.02057392568014,126.34415709673962,265.0687343032727,False,dwarf
284.42786500920454,-30.32267627984278,,,simbad,,,,,,,,,233.1451785819519,101.02343965432925,254.09134116612898,False,dwarf
284.46357063131916,-30.54961381994639,,,simbad,,,,,,,,,247.09938896281238,-1.9575493964714141,247.10714280537272,False,dwarf
284.4740616604092,-30.44625038851639,,,simbad,,,,,,,,,251.19941630762287,44.947287923463804,255.18896027251097,False,dwarf
284.4859951562412,-30.34284868753306,,,simbad,,,,,,,,,255.86317796634557,91.86949141582978,271.85652335752593,False,dwarf
284.4873362854454,-30.369731577866112,,,simbad,,,,,,,,,256.38730828406176,79.6704227479581,268.48059168212677,False,dwarf
284.45929623483994,-30.75788777219,,,simbad,,,,,,,,,245.42890055818168,-96.4692709290742,263.7075377435862,False,dwarf
284.23344015783994,-30.700109423870007,,,simbad,,,,,,,,,157.16147857814002,-70.2502881508258,172.14770789685588,False,dwarf
284.23495504753,-30.69018947683,,,simbad,,,,,,,,,157.7535166995118,-65.74875897656484,170.90661584041024,False,dwarf
284.2127230304,-30.781464822630006,,,simbad,,,,,,,,,149.0649621848621,-107.16819703933255,183.59026501379526,False,dwarf
284.26502571774,-30.6917204342,,,simbad,,,,,,,,,169.50551634417963,-66.44348539373301,182.06278263932515,False,dwarf
284.33119446929,-30.79748722592001,,,simbad,,,,,,,,,195.36510441695722,-114.43893301814833,226.41509095946066,False,dwarf
284.42506584777993,-30.72087960851,,,simbad,,,,,,,,,232.05123076377856,-79.67549896441662,245.34864750842456,False,dwarf
284.25321061876,-30.802618526979998,,,simbad,,,,,,,,,164.8880256781911,-116.76744357675473,202.04627413417552,False,dwarf
284.3298469647,-30.78539167387,,,simbad,,,,,,,,,194.83848251752767,-108.95014560705407,223.23119965079078,False,dwarf
284.29322498109,-30.803816380859992,,,simbad,,,,,,,,,180.52614643172566,-117.31101242500941,215.29413178642275,False,dwarf
284.35108683626333,-30.839144111175834,,,simbad,,,,,,,,,203.13929395013557,-133.34222791797902,242.9932560642164,False,dwarf
284.35288031485044,-30.822403238858616,,,simbad,,,,,,,,,203.840208148963,-125.745461036602,239.5052221341325,False,dwarf
284.21436654111585,-30.806684340276664,,,simbad,,,,,,,,,149.70726703584933,-118.61245112550733,191.0004695422081,False,dwarf
284.3674905885913,-30.649275963731665,,,simbad,,,,,,,,,209.55008859431484,-47.182795661346866,214.79631243646995,False,dwarf
284.35415749950994,-30.73570545005,,,simbad,,,,,,,,,204.33934812687338,-86.40325244496694,221.85601462656862,False,dwarf
284.30059292261,-30.757743319049997,,,simbad,,,,,,,,,183.40563150872273,-96.4037201734691,207.1987039833935,False,dwarf
284.39855130959995,-30.67604179417,,,simbad,,,,,,,,,221.68901265911094,-59.32874423401313,229.49056239016977,False,dwarf
284.44849825556,-30.77239820497,,,simbad,,,,,,,,,241.20891318264125,-103.0538964544816,262.30105865818,False,dwarf
284.27204030164,-30.6391287876,,,simbad,,,,,,,,,172.2469047776325,-42.57815319613623,177.4313820468872,False,dwarf
284.40446968895,-30.73634261756,,,simbad,,,,,,,,,224.00199043888517,-86.69238988930883,240.1925523102295,False,dwarf
284.21906189094,-30.705769028450003,,,simbad,,,,,,,,,151.5422693513766,-72.81853524215465,168.1297072946304,False,dwarf
284.40465730088,-30.83646192356,,,simbad,,,,,,,,,224.07531156274223,-132.12508978661418,260.12840022392953,False,dwarf
284.25412466190954,-30.725989731788893,,,simbad,,,,,,,,,165.2452453441852,-81.99439935080343,184.46970654760364,False,dwarf
284.3524416819008,-30.64483059409556,,,simbad,,,,,,,,,203.66878482410647,-45.165550909272326,208.61663620302733,False,dwarf
284.19533314992754,-30.840725950347494,,,simbad,,,,,,,,,142.26877614357878,-134.060043764324,195.4801780219268,False,dwarf
284.2399883079346,-30.69443339036223,,,simbad,,,,,,,,,159.72057875943207,-67.67458584855702,173.46617205963145,False,dwarf
284.3226112276109,-30.77723873260555,,,simbad,,,,,,,,,192.01066461037234,-105.2504582186098,218.965189652018,False,dwarf
284.31639694078626,-30.696767227444163,,,simbad,,,,,,,,,189.58204243319702,-68.73364752196265,201.6572962102188,False,dwarf
284.29564126593743,-30.68303249373778,,,simbad,,,,,,,,,181.4704612231771,-62.50102307037575,191.93203531822473,False,dwarf
284.29061238377875,-30.775780451771947,,,simbad,,,,,,,,,179.5051102373448,-104.5887113675168,207.75197507325663,False,dwarf
284.2072828691121,-30.698869561701112,,,simbad,,,,,,,,,146.93887809440508,-69.68765654575515,162.62657645809793,False,dwarf
284.1784149750425,-30.72794509374,,,simbad,,,,,,,,,135.6569386338252,-82.88171445779402,158.97227302572207,False,dwarf
284.228589338925,-30.778217533744726,,,simbad,,,,,,,,,155.2657169683638,-105.69462408623221,187.8265061870395,False,dwarf
284.2542014150433,-30.686385057358613,,,simbad,,,,,,,,,165.27524144318983,-64.02236818309426,177.24211988654494,False,dwarf
284.436105357,-30.73805314389,,,simbad,,,,,,,,,236.3656111059929,-87.4686021157236,252.03066970031296,False,dwarf
284.41271427019745,-30.794630804862503,,,simbad,,,,,,,,,227.22407744971514,-113.14273025895294,253.83470760186506,False,dwarf
284.49869332264,-30.6490493568,,,simbad,,,,,,,,,260.8257825895414,-47.079964697646304,265.0407741072651,False,dwarf
284.31574691828996,-30.673970423529994,,,simbad,,,,,,,,,189.3280053900449,-58.38878605388431,198.127090428894,False,dwarf
284.43576953066,-30.661301766029997,,,simbad,,,,,,,,,236.23436590925914,-52.639931639141494,242.0281761273328,False,dwarf
284.18789455749123,-30.68010092190639,,,simbad,,,,,,,,,139.3616797916213,-61.17071797174689,152.1957112783451,False,dwarf
284.1885105200912,-30.82790743820917,,,simbad,,,,,,,,,139.6024057949166,-128.24318747178754,189.56567947983783,False,dwarf
284.1934735161754,-30.67624958856278,,,simbad,,,,,,,,,141.54200766646673,-59.42303833836293,153.50973070009823,False,dwarf
284.1938116221504,-30.69392915331055,,,simbad,,,,,,,,,141.67414377351142,-67.44577033273336,156.90919332446202,False,dwarf
284.2031320124383,-30.651967414006943,,,simbad,,,,,,,,,145.31667061400685,-48.40413705423696,153.1662340148935,False,dwarf
284.2035222445462,-30.839923775320557,,,simbad,,,,,,,,,145.4691782754995,-133.69602828399275,197.57507385058278,False,dwarf
284.2062915192825,-30.707637475628612,,,simbad,,,,,,,,,146.55144599649276,-73.66640967647965,164.0245903463437,False,dwarf
284.220876082825,-30.66897876840778,,,simbad,,,,,,,,,152.25127856995934,-56.12364481171062,162.26618665987814,False,dwarf
284.2319664298162,-30.705881842809156,,,simbad,,,,,,,,,156.58552695849983,-72.86972877443465,172.71081212399744,False,dwarf
284.23717955823406,-30.66204480668555,,,simbad,,,,,,,,,158.62288372129547,-52.97711279294681,167.2357429496943,False,dwarf
284.2436078627846,-30.707603349036944,,,simbad,,,,,,,,,161.1351467425808,-73.65092352041502,177.1693936636999,False,dwarf
284.25280977450825,-30.721457536043335,,,simbad,,,,,,,,,164.73137065615103,-79.93775416007654,183.1023457479752,False,dwarf
284.1728677030008,-30.692323013572228,,,simbad,,,,,,,,,133.4889943011152,-66.71692723903222,149.2329051507793,False,dwarf
284.1749847275383,-30.701369994910003,,,simbad,,,,,,,,,134.31635436454715,-70.82231714350895,151.84427435816724,False,dwarf
284.1754071044179,-30.69331918074056,,,simbad,,,,,,,,,134.48142461089537,-67.16897356071172,150.32273472291385,False,dwarf
284.1766092536546,-30.708478347219167,,,simbad,,,,,,,,,134.95123979305382,-74.04798510036281,153.93161215002544,False,dwarf
284.2911347269217,-30.670917368637216,,,simbad,,,,,,,,,179.7092485683981,-57.00335369068377,188.5332765137324,False,dwarf
284.2924456677729,-30.82965893826528,,,simbad,,,,,,,,,180.22158089453166,-129.03799298531493,221.65428453743547,False,dwarf
284.2973127239921,-30.712269780011386,,,simbad,,,,,,,,,182.12368824895037,-75.76848272576275,197.25592715040295,False,dwarf
284.2979081998229,-30.70443496369639,,,simbad,,,,,,,,,182.35640776281053,-72.2131558601351,196.1341360687542,False,dwarf
284.30008057398084,-30.722912210929447,,,simbad,,,,,,,,,183.2053991605207,-80.59786468410435,200.15052853590697,False,dwarf
284.30163783399706,-30.733923809359446,,,simbad,,,,,,,,,183.81399614321109,-85.59476954538758,202.76599752341227,False,dwarf
284.31618074762457,-30.64978238890584,,,simbad,,,,,,,,,189.4975514011841,-47.412604115659285,195.33887737998455,False,dwarf
284.32069438857206,-30.68132127448416,,,simbad,,,,,,,,,191.26153958104197,-61.72449640519662,200.97484912144012,False,dwarf
284.32480849918005,-30.633810350715287,,,simbad,,,,,,,,,192.86938623247713,-40.16472309399322,197.00711948279837,False,dwarf
284.332467606775,-30.745435756185277,,,simbad,,,,,,,,,195.86266270771216,-90.81872530644452,215.89400989662138,False,dwarf
284.3333891386434,-30.831634436799163,,,simbad,,,,,,,,,196.22280906009465,-129.93444578371484,235.3430496032451,False,dwarf
284.33524533138916,-30.703569059792223,,,simbad,,,,,,,,,196.94823274822986,-71.82022113266196,209.6348028028633,False,dwarf
284.3357985102888,-30.65835381940973,,,simbad,,,,,,,,,197.1644220844448,-51.302195897025896,203.72953796577934,False,dwarf
284.2747779656596,-30.644947386497776,,,simbad,,,,,,,,,173.31681862927445,-45.218549620232416,179.1184994620328,False,dwarf
284.2857232063833,-30.82658092241917,,,simbad,,,,,,,,,177.59435764642706,-127.64123370079217,218.7053735245371,False,dwarf
284.4509505189554,-30.794160845014723,,,simbad,,,,,,,,,242.1672888473496,-112.92946924485791,267.2041556780152,False,dwarf
284.45274341068745,-30.751814826093888,,,simbad,,,,,,,,,242.86797369577982,-93.71345540756893,260.3210793837495,False,dwarf
284.45467712413415,-30.681144207248614,,,simbad,,,,,,,,,243.62369345791723,-61.644145842497,251.3016210268614,False,dwarf
284.36102310873457,-30.658078646642494,,,simbad,,,,,,,,,207.02251536608424,-51.17732645622453,213.2544034989842,False,dwarf
284.36215441932245,-30.84425357268666,,,simbad,,,,,,,,,207.4646459050304,-135.66082800354428,247.88190646980848,False,dwarf
284.3715856835571,-30.6439550836325,,,simbad,,,,,,,,,211.15050369137938,-44.768256863655154,215.84423094383,False,dwarf
284.3752964018004,-30.765181264266396,,,simbad,,,,,,,,,212.60069948591286,-99.77895264730607,234.8507969185814,False,dwarf
284.37663970399666,-30.677598438035556,,,simbad,,,,,,,,,213.12567903650933,-60.035126813121174,221.41989864562925,False,dwarf
284.3800344644433,-30.634936577838605,,,simbad,,,,,,,,,214.4523945132189,-40.67578875110045,218.27585597811185,False,dwarf
284.4082175336587,-30.772777038950277,,,simbad,,,,,,,,,225.466695727387,-103.22580586161311,247.97338139003054,False,dwarf
284.41776687673377,-30.669917792727215,,,simbad,,,,,,,,,229.19870022349923,-56.54976053110205,236.07185262175256,False,dwarf
284.4251486020292,-30.642188556497775,,,simbad,,,,,,,,,232.08357217490374,-43.96663227815934,236.21145024605948,False,dwarf
284.4342912357012,-30.806779108215558,,,simbad,,,,,,,,,235.65662947340417,-118.65545545204203,263.8430672261389,False,dwarf
284.43494225981993,-30.76307265628694,,,simbad,,,,,,,,,235.91105796331198,-98.82209669854846,255.77301277747503,False,dwarf
284.44221782207205,-30.70736010990194,,,simbad,,,,,,,,,238.75444004973332,-73.5405451022515,249.8237266902365,False,dwarf
284.4470301236012,-30.772282734818614,,,simbad,,,,,,,,,240.6351485762012,-103.0014977619167,261.7529049914987,False,dwarf
284.50237410106706,-30.655645640017223,,,simbad,,,,,,,,,262.2642775238036,-50.07326307154614,267.0016534400395,False,dwarf
284.46752189710946,-30.721835091673885,,,simbad,,,,,,,,,248.64359379226997,-80.10908347050338,261.22997911499255,False,dwarf
284.4689216832928,-30.650471230485834,,,simbad,,,,,,,,,249.1906480020547,-47.725190509143815,253.7196737756416,False,dwarf
284.47580055783374,-30.728053210536114,,,simbad,,,,,,,,,251.8789994952497,-82.93077630358513,265.1802105079549,False,dwarf
284.4762632261529,-30.71170724110166,,,simbad,,,,,,,,,252.05981614765582,-75.5132106659846,263.1280978943059,False,dwarf
284.4777571766888,-30.640122800316664,,,simbad,,,,,,,,,252.64367098175234,-43.02922185866098,256.2817559267491,False,dwarf
284.4868539043733,-30.694816946150276,,,simbad,,,,,,,,,256.1987876375869,-67.84863794408503,265.03067078705607,False,dwarf
284.27731256600873,-30.703823848457223,,,simbad,,,,,,,,,174.30737262073256,-71.93584056128843,188.56782680829204,False,dwarf
284.32828439842456,-30.807279667753058,,,simbad,,,,,,,,,194.22781178139553,-118.88260216486324,227.722453804798,False,dwarf
284.3780798236753,-30.78653067995167,,,simbad,,,,,,,,,213.68849608824783,-109.46701017151494,240.09539703282042,False,dwarf
284.3866084010575,-30.770101080065,,,simbad,,,,,,,,,217.02157239367048,-102.01149423851486,239.80139249177788,False,dwarf
284.4340959439479,-30.701379620795553,,,simbad,,,,,,,,,235.5803069771267,-70.8266852318129,245.9969519655956,False,dwarf
284.48177845766827,-30.63238699662972,,,simbad,,,,,,,,,254.2152386359368,-39.51882549840802,257.2685855744924,False,dwarf
284.2617907463866,-30.680817026360003,,,simbad,,,,,,,,,168.24124847353247,-61.495675864844834,179.12798731076882,False,dwarf
284.2667006523642,-30.74808426954194,,,simbad,,,,,,,,,170.16010205745252,-92.02058254372258,193.4483081959848,False,dwarf
284.2769623467841,-30.734522096159168,,,simbad,,,,,,,,,174.17050250194498,-85.86626348307358,194.18645459023304,False,dwarf
284.2927564873237,-30.743425234605006,,,simbad,,,,,,,,,180.34305312063822,-89.90637955373293,201.51122522910038,False,dwarf
284.31223556514533,-30.69883711041639,,,simbad,,,,,,,,,187.95572400689468,-69.6729306198669,200.45366409251977,False,dwarf
284.3610265903325,-30.774848690882216,,,simbad,,,,,,,,,207.02387601873886,-104.16589168797196,231.75292497177347,False,dwarf
284.34790505845666,-30.765964736756384,,,simbad,,,,,,,,,201.8958147927973,-100.1344811855831,225.36378225693986,False,dwarf
284.47697418453794,-30.73483151320528,,,simbad,,,,,,,,,252.3376677096439,-86.00667248470084,266.592284691499,False,dwarf
284.2065773533021,-30.815313460553334,,,simbad,,,,,,,,,146.66315355983375,-122.52822169534738,191.11055890227408,False,dwarf
284.2817333895583,-30.7744642638525,,,simbad,,,,,,,,,176.03508658324597,-103.9914442355141,204.45677338390857,False,dwarf
284.2239578694417,-30.781734329579162,,,simbad,,,,,,,,,153.45567990094398,-107.29049541344816,187.24287997123983,False,dwarf
284.3660797875075,-30.818498463897768,,,simbad,,,,,,,,,208.99872962161416,-123.97353036658009,243.00186257517026,False,dwarf
284.1708355447454,-30.74923390425916,,,simbad,,,,,,,,,132.69480105805036,-92.54227023000072,161.77756954274608,False,dwarf
284.02968995742,-30.342182474300003,,,simbad,,,,,,,,,77.53331378457051,92.17180939119652,120.44524562166717,False,dwarf
284.04694637471044,-30.211450183472216,,,simbad,,,,,,,,,84.27734072009174,151.49624114530803,173.36026430531234,False,dwarf
284.1413067090783,-30.17797307503583,,,simbad,,,,,,,,,121.15455723097479,166.68767106812334,206.06602442893984,False,dwarf
284.0399462135,-30.045351790250002,,,simbad,,,,,,,,,81.54158885680668,226.86930108930548,241.0782248359284,False,dwarf
284.07804693153,-30.20968800316,,,simbad,,,,,,,,,96.43183312548304,152.29589320532045,180.2585296931809,False,dwarf
284.17476819013706,-30.24768832199139,,,simbad,,,,,,,,,134.23172879935817,135.0518955145199,190.41315999302475,False,dwarf
284.21250000000003,-30.265833333333333,,,simbad,,,,,,,,,148.97779907332867,126.81795055557754,195.64553968810532,False,dwarf
284.1616666666667,-30.051944444444445,,,simbad,,,,,,,,,129.11148711225772,223.8776495137067,258.4395056026087,False,dwarf
284.09755157691,-30.32746379827,,,simbad,,,,,,,,,104.05449613812598,98.8509327059035,143.52297747533785,False,dwarf
284.1986144243,-30.123388870209997,,,simbad,,,,,,,,,143.55113982185821,191.45719750676048,239.29644423036748,False,dwarf
284.13537083333335,-30.07529166666667,,,simbad,,,,,,,,,118.83474163796478,213.28301614041754,244.15433806122604,False,dwarf
284.082042230375,-30.053287733430547,,,simbad,,,,,,,,,97.9932466317015,223.26808430775992,243.8264010641146,False,dwarf
284.2692096183599,-30.335276371230005,,,simbad,,,,,,,,,171.14063781818754,95.30569955459023,195.88847408769578,False,dwarf
284.030846296895,-30.242186736073055,,,simbad,,,,,,,,,77.98522593033685,137.54843601178513,158.11789181713064,False,dwarf
284.24070149038334,-30.348903588978885,,,simbad,,,,,,,,,159.99929951375648,89.12186429688185,183.14606886483963,False,dwarf
284.07050171096,-30.374099060269998,,,simbad,,,,,,,,,93.48306514530047,77.68852210071952,121.5507710183464,False,dwarf
284.10485416666666,-30.109275,,,simbad,,,,,,,,,106.90844091640179,197.8618686462148,224.89716272854074,False,dwarf
284.12229708914083,-30.08102886438278,,,simbad,,,,,,,,,113.72535644529086,210.6795584008332,239.41456310462516,False,dwarf
284.15392083333336,-30.053977777777774,,,simbad,,,,,,,,,126.08431711753542,222.95495211582028,256.1370057136667,False,dwarf
284.10827499999994,-30.00158611111111,,,simbad,,,,,,,,,108.24534600819588,246.72953629827688,269.42998907767634,False,dwarf
284.13676666666663,-30.049183333333342,,,simbad,,,,,,,,,119.38025102375197,225.13060199116185,254.82431651511786,False,dwarf
284.08760416666655,-30.051730555555555,,,simbad,,,,,,,,,100.16692193940251,223.97470921266404,245.35297556319094,False,dwarf
284.0459488082695,-30.01623325348083,,,simbad,,,,,,,,,83.88747909154058,240.08287392891668,254.3165262076017,False,dwarf
284.17562566200286,-30.34912248483528,,,simbad,,,,,,,,,134.56683968952157,89.02253250814196,161.34821237989775,False,dwarf
284.0520746311088,-30.259641227525833,,,simbad,,,,,,,,,86.28152842026557,129.62783903886833,155.71730411365286,False,dwarf
284.0959370126841,-30.18893918829111,,,simbad,,,,,,,,,103.42350394283878,161.71140672439145,191.95572466742414,False,dwarf
284.10430739751416,-30.19269572536083,,,simbad,,,,,,,,,106.69475659074763,160.0067442755553,192.31726208955303,False,dwarf
284.1831225603954,-30.155355904784717,,,simbad,,,,,,,,,137.4967227493384,176.95101736564033,224.09152441255688,False,dwarf
284.1186121293633,-30.138736913675555,,,simbad,,,,,,,,,112.28522738618935,184.49247630921818,215.97556830316637,False,dwarf
284.1345988650938,-30.05891912487223,,,simbad,,,,,,,,,118.53304665032383,220.71263993248547,250.52774811220976,False,dwarf
284.1343133148575,-30.189209773178888,,,simbad,,,,,,,,,118.42144999311358,161.58861919724708,200.33602190456023,False,dwarf
284.10795441896414,-30.2442576263325,,,simbad,,,,,,,,,108.12005886983499,136.60869582143943,174.21791786165724,False,dwarf
284.13259724751583,-30.110343411051115,,,simbad,,,,,,,,,117.75078909170664,197.37703909044234,229.8324256753811,False,dwarf
284.14168358136953,-30.124294282455836,,,simbad,,,,,,,,,121.30184370651283,191.0463344625397,226.30253908909606,False,dwarf
284.01912296592,-30.281323459089997,,,simbad,,,,,,,,,73.40359936565652,119.78875445953041,140.48997862765685,False,dwarf
283.9971195685205,-30.099461351705838,,,simbad,,,,,,,,,64.8043923438197,202.31516097972758,212.44065907755228,False,dwarf
284.1633224935359,-30.141328348191674,,,simbad,,,,,,,,,129.75860527231546,183.31652062815974,224.59350475343467,False,dwarf
284.1912948079154,-30.312086278363612,,,simbad,,,,,,,,,140.69054082125768,105.82902988799736,176.05002653681316,False,dwarf
284.08576136941,-30.2061315371,,,simbad,,,,,,,,,99.44673337850398,153.90976630986364,183.24265045346866,False,dwarf
284.00421119298,-30.19853070349,,,simbad,,,,,,,,,67.57588920593265,157.3589151920225,171.25515756432742,False,dwarf
284.0593185228099,-30.082427068159994,,,simbad,,,,,,,,,89.11253325332187,210.04507365315095,228.1665544044131,False,dwarf
284.21714739381,-30.054174776959997,,,simbad,,,,,,,,,150.79405956976265,222.86555672262764,269.0871694726746,False,dwarf
283.9850926407504,-30.013946317267774,,,simbad,,,,,,,,,60.104116297656795,241.1206526631411,248.49884091605213,False,dwarf
284.00558419054875,-30.00689171281834,,,simbad,,,,,,,,,68.11247408506235,244.32193061492157,253.63855169392298,False,dwarf
284.0134940228871,-29.97359426389055,,,simbad,,,,,,,,,71.20373697279683,259.4318336388399,269.02573940815023,False,dwarf
284.01725841722043,-30.036137823353332,,,simbad,,,,,,,,,72.67491006467588,231.05046663673767,242.2105709624643,False,dwarf
284.0252400373879,-30.254449510759166,,,simbad,,,,,,,,,75.79422854733798,131.98376537551005,152.19881538232744,False,dwarf
284.02659617683616,-29.988940497368333,,,simbad,,,,,,,,,76.32422505897999,252.46793378769584,263.75262069197,False,dwarf
284.1016511944388,-30.226942919287776,,,simbad,,,,,,,,,105.65667871020683,144.46586064210544,178.9796598698749,False,dwarf
284.101857574173,-30.08391884160833,,,simbad,,,,,,,,,105.73733453018558,209.36812833560148,234.55361237103398,False,dwarf
284.10250293357376,-30.219822177505,,,simbad,,,,,,,,,105.98954917640533,147.69715076374413,181.79172940028326,False,dwarf
284.1124463773704,-30.07785984693389,,,simbad,,,,,,,,,109.87557323735113,212.11761290277687,238.88600481779758,False,dwarf
284.1140096685842,-30.130058506369995,,,simbad,,,,,,,,,110.48652728860608,188.43061262330863,218.43389958037946,False,dwarf
284.1142876182367,-30.279460740122772,,,simbad,,,,,,,,,110.59515354118835,120.6340295139836,163.6577436712962,False,dwarf
284.1158313923087,-30.133284570235,,,simbad,,,,,,,,,111.19848004566964,186.96667127888577,217.53537214341515,False,dwarf
284.1167252439683,-30.17832034920861,,,simbad,,,,,,,,,111.54780862108264,166.53008304734706,200.43747695459047,False,dwarf
284.1229260698167,-30.348244704009176,,,simbad,,,,,,,,,113.97117007788626,89.42085681182866,144.86378858045939,False,dwarf
284.1321768943933,-30.04300141273222,,,simbad,,,,,,,,,117.5865097553124,227.93586857440883,256.47874660331286,False,dwarf
284.13734562790586,-30.191017518606944,,,simbad,,,,,,,,,119.60651642556438,160.7682903435521,200.38004379540263,False,dwarf
284.1388584634087,-30.22690094728806,,,simbad,,,,,,,,,120.19775174450407,144.48490693141335,187.94517247168815,False,dwarf
284.14298190534043,-30.32321629495111,,,simbad,,,,,,,,,121.80924519568963,100.77838857140841,158.0941991921064,False,dwarf
284.03376181007087,-30.213761723655274,,,simbad,,,,,,,,,79.12464548991746,150.44729748365927,169.98558422419762,False,dwarf
284.04050199624834,-30.036014548635567,,,simbad,,,,,,,,,81.75879581013585,231.10640692918483,245.14214655183522,False,dwarf
284.04083554516086,-30.193136629335008,,,simbad,,,,,,,,,81.88915095932086,159.8066683986583,179.56615580202515,False,dwarf
284.04251661305415,-30.152294918151103,,,simbad,,,,,,,,,82.54613363202837,178.34004903865952,196.51726964495555,False,dwarf
284.04777882126916,-30.080964375315826,,,simbad,,,,,,,,,84.60267140257692,210.70882261112934,227.05906706102,False,dwarf
284.04821355320206,-29.980127681358052,,,simbad,,,,,,,,,84.77257016057588,256.4670628372445,270.11431463732697,False,dwarf
284.05400264163666,-30.090223591245277,,,simbad,,,,,,,,,87.0350194093364,206.5071237039573,224.0988325361493,False,dwarf
284.05532911209957,-30.120307790839725,,,simbad,,,,,,,,,87.55342090487989,192.85534697445007,211.79892910206743,False,dwarf
284.0601160999579,-30.328555597003888,,,simbad,,,,,,,,,89.42423652745802,98.35549015634193,132.9304198534445,False,dwarf
284.07367241615214,-30.010405820728334,,,simbad,,,,,,,,,94.72221698432348,242.72727902912726,260.554850991704,False,dwarf
284.0880994513704,-30.15507043333222,,,simbad,,,,,,,,,100.36048548897334,177.08056020156926,203.54299754323168,False,dwarf
284.0919785326608,-30.26881577494944,,,simbad,,,,,,,,,101.87647969954286,125.46456148088781,161.61736696148358,False,dwarf
284.0966765233592,-30.060973303919994,,,simbad,,,,,,,,,103.71251410224902,219.78048304945165,243.02211074480343,False,dwarf
284.1014586572659,-30.184613131541667,,,simbad,,,,,,,,,105.58143273891629,163.67450900594415,194.77367336870554,False,dwarf
284.188487419985,-30.356217815321667,,,simbad,,,,,,,,,139.59337798016674,85.8027736670226,163.854896615475,False,dwarf
284.1890670418538,-30.103236159954445,,,simbad,,,,,,,,,139.81990156439446,200.60220733291544,244.52167687204124,False,dwarf
284.1903056111796,-30.296486378221395,,,simbad,,,,,,,,,140.30395017971216,112.90804002006149,180.09282033774406,False,dwarf
284.1928614143125,-30.2911700954225,,,simbad,,,,,,,,,141.302790488225,115.32049262906563,182.3877589641629,False,dwarf
284.19936319129,-30.066739456538894,,,simbad,,,,,,,,,143.8437674666367,217.16388599177284,260.48259599835757,False,dwarf
284.20117646632036,-30.378632031278617,,,simbad,,,,,,,,,144.55241836679102,75.63152510677563,163.14266531372047,False,dwarf
284.2055024852583,-30.08739283815833,,,simbad,,,,,,,,,146.24308148359194,207.79167870759153,254.09529830741744,False,dwarf
284.20552304337286,-30.118704342630277,,,simbad,,,,,,,,,146.2511158557304,193.58296869109236,242.61853733031762,False,dwarf
284.20648715148377,-30.365767878893056,,,simbad,,,,,,,,,146.6279015441696,81.46909228653954,167.7407359863411,False,dwarf
284.2112497447308,-30.14028249025972,,,simbad,,,,,,,,,148.4891834429746,183.7911159030967,236.27994388958808,False,dwarf
284.21155635762545,-30.344142678571387,,,simbad,,,,,,,,,148.6090116544475,91.28229690896794,174.40497720503475,False,dwarf
284.2138434372721,-30.165269455449714,,,simbad,,,,,,,,,149.5028314132689,172.4523907742863,228.23436131387282,False,dwarf
284.21397984091243,-30.195361834800284,,,simbad,,,,,,,,,149.55613968745104,158.7969021891946,218.13641388612083,False,dwarf
284.2144941377546,-30.151827064739447,,,simbad,,,,,,,,,149.75713342204273,178.55235418236194,233.041074051016,False,dwarf
284.21461592137837,-30.37291186229389,,,simbad,,,,,,,,,149.80472800815792,78.22725545317711,168.99988174355272,False,dwarf
284.2151514823592,-30.10144199488694,,,simbad,,,,,,,,,150.01403203805216,201.41637361447405,251.1429182125571,False,dwarf
284.21956510815914,-30.122102319280835,,,simbad,,,,,,,,,151.73893302861546,192.04101579918165,244.75386727454213,False,dwarf
284.21965815540625,-30.112875649767776,,,simbad,,,,,,,,,151.77529707397335,196.22794561108336,248.0748827282584,False,dwarf
284.22363955163706,-30.229176675436943,,,simbad,,,,,,,,,153.33127726207084,143.45221425537514,209.9738516139286,False,dwarf
284.2254731013062,-30.061571925474446,,,simbad,,,,,,,,,154.04785174841612,219.50883720488835,268.1694804397849,False,dwarf
284.2430934525021,-30.2782507887725,,,simbad,,,,,,,,,160.9341086740761,121.1830880201159,201.45750955675615,False,dwarf
284.24664916710003,-30.257416395750553,,,simbad,,,,,,,,,162.32372707632146,130.63743567319008,208.3629812879797,False,dwarf
284.2504610684779,-30.258909464366106,,,simbad,,,,,,,,,163.81346652427771,129.95990262740187,209.10386917899064,False,dwarf
284.25312527217284,-30.23720721032528,,,simbad,,,,,,,,,164.85467114850215,139.80807311843412,216.15586947517804,False,dwarf
284.25314833402336,-30.252359556144174,,,simbad,,,,,,,,,164.86368401245412,132.9321566959809,211.7805292986188,False,dwarf
284.15551301089954,-30.28565049488167,,,simbad,,,,,,,,,126.70656032200377,117.82520790270712,173.0240793818876,False,dwarf
284.15588795041873,-30.051157437004722,,,simbad,,,,,,,,,126.85309144569398,224.23478216128734,257.6294710242786,False,dwarf
284.16212746171993,-30.27234477303833,,,simbad,,,,,,,,,129.29157166853213,123.86315294624661,179.04857207558084,False,dwarf
284.1635169378375,-30.278270002256946,,,simbad,,,,,,,,,129.8345965737422,121.17436921744252,177.5957494500121,False,dwarf
284.16750345715957,-30.305994265670545,,,simbad,,,,,,,,,131.39257893092503,108.59349755674597,170.4598413402006,False,dwarf
284.1704179482183,-30.32320002051445,,,simbad,,,,,,,,,132.53159903414888,100.78577367650277,166.50044119496997,False,dwarf
284.1784076202871,-30.229538899846386,,,simbad,,,,,,,,,135.65406430206832,143.28784203240264,197.31556156566177,False,dwarf
284.1802407341029,-30.030298572899717,,,simbad,,,,,,,,,136.37046845139503,233.70023443960554,270.57846226700957,False,dwarf
284.18034332726126,-30.312283951413885,,,simbad,,,,,,,,,136.4105631600404,105.73932870318292,172.59387989218834,False,dwarf
284.1810122584288,-30.026951488565,,,simbad,,,,,,,,,136.6719899519343,235.21909313115773,272.0427440878839,False,dwarf
284.1811385025637,-30.06870295096194,,,simbad,,,,,,,,,136.72132776245158,216.2728804860783,255.8645741381038,False,dwarf
284.1827498594567,-30.0341535821475,,,simbad,,,,,,,,,137.3510664913003,231.95088673382114,269.5673001736366,False,dwarf
284.18415281756586,-30.133408803538334,,,simbad,,,,,,,,,137.89936032995743,186.9102959941058,232.27503595525647,False,dwarf
284.26610362643044,-30.288869520852778,,,simbad,,,,,,,,,169.9267767437156,116.36446025322655,205.95095791118163,False,dwarf
284.2762953996199,-30.33814977596472,,,simbad,,,,,,,,,173.90985108374366,94.00178984714702,197.6890811310455,False,dwarf
284.0713152317504,-30.00585099945361,,,simbad,,,,,,,,,93.8009993972862,244.79419135930658,262.1503835800865,False,dwarf
284.0726486366221,-29.990082236335287,,,simbad,,,,,,,,,94.3221109478052,251.949829079233,269.0267216963861,False,dwarf
284.13468509282586,-30.292787015734728,,,simbad,,,,,,,,,118.56674554262099,114.58675746610636,164.8884414844319,False,dwarf
284.1904045871437,-30.273920829845274,,,simbad,,,,,,,,,140.3426312429047,123.14796105377623,186.71227719645088,False,dwarf
284.1933205911967,-30.135023445300554,,,simbad,,,,,,,,,141.48224264350324,186.17759480434248,233.83610027231694,False,dwarf
284.21388024680664,-30.329827839677222,,,simbad,,,,,,,,,149.51721704662808,97.77816474445532,178.65040636439184,False,dwarf
284.2162251229846,-30.046497124024448,,,simbad,,,,,,,,,150.43362442358557,226.34956510894665,271.78005994227334,False,dwarf
284.23430704007995,-30.36432664373556,,,simbad,,,,,,,,,157.5002671620219,82.1231040551782,177.62471217644776,False,dwarf
284.2409550752517,-30.1354122529739,,,simbad,,,,,,,,,160.0984036993906,186.0011594788631,245.41379381480272,False,dwarf
284.1504937443221,-30.359399351191666,,,simbad,,,,,,,,,124.74496722736913,84.35903848577553,150.5913484327767,False,dwarf
284.21600414795796,-30.352674529082226,,,simbad,,,,,,,,,150.34726457805402,87.41066595871239,173.91067963023139,False,dwarf
284.058201199315,-30.373830049143333,,,simbad,,,,,,,,,88.67586904786003,77.81059547772351,117.97414343826001,False,dwarf
284.0789224705492,-30.04085815406723,,,simbad,,,,,,,,,96.77400488854012,228.9084485054842,248.5242157604669,False,dwarf
284.11125000000004,-31.059444444444445,,,simbad,,,,,,,,,109.40801377381928,-233.31134804620834,257.69031531097784,False,dwarf
284.05407111827293,-31.08838293998472,,,simbad,,,,,,,,,87.06178094807063,-246.44322076774782,261.3694985346047,False,dwarf
284.0305143963192,-30.977721240658333,,,simbad,,,,,,,,,77.85551497206362,-196.2265345312144,211.10739936272984,False,dwarf
284.1071506228199,-30.883655510549996,,,simbad,,,,,,,,,107.80592513302793,-153.54086023546088,187.6084040112099,False,dwarf
284.19085281558,-30.93816007845,,,simbad,,,,,,,,,140.51780460577714,-178.27424858349005,226.99550902878093,False,dwarf
284.05649293947,-30.95089979224,,,simbad,,,,,,,,,88.00825941524646,-184.05534731981854,204.01427548659518,False,dwarf
284.0071688863817,-30.86762958889362,,,simbad,,,,,,,,,68.73179333321036,-146.2685276726292,161.61231884456654,False,dwarf
284.10261846094335,-30.943149670758885,,,simbad,,,,,,,,,106.03469873897618,-180.53845375066803,209.3740447604419,False,dwarf
284.1059886243537,-30.9531724540225,,,simbad,,,,,,,,,107.35180138167163,-185.08664852292856,213.96606441522442,False,dwarf
284.1124897143675,-30.88601215638806,,,simbad,,,,,,,,,109.89250988593673,-154.6102721940783,189.68579281790633,False,dwarf
284.1144373694429,-30.942844802060836,,,simbad,,,,,,,,,110.65367821356313,-180.4001087239202,211.6327851014417,False,dwarf
284.130350652995,-30.908705093521103,,,simbad,,,,,,,,,116.87279143397392,-164.9080004119916,202.12347210913083,False,dwarf
284.13270913489583,-30.91367956225638,,,simbad,,,,,,,,,117.794516100146,-167.16534271916152,204.49889933611448,False,dwarf
284.13467753100576,-30.908988893063334,,,simbad,,,,,,,,,118.56379028733298,-165.03678455910853,203.21051307673105,False,dwarf
284.1430067015483,-30.90994055948777,,,simbad,,,,,,,,,121.81893586848389,-165.46863708377236,205.4743852515222,False,dwarf
284.14455223905503,-30.90413584655611,,,simbad,,,,,,,,,122.42295154566204,-162.8345419112176,203.72154305469905,False,dwarf
284.14483413272166,-31.05253091370417,,,simbad,,,,,,,,,122.53311916902553,-230.1740873129625,260.7575037532878,False,dwarf
284.1473730058575,-31.076913714825835,,,simbad,,,,,,,,,123.52534301977609,-241.23865148419577,271.025086178506,False,dwarf
284.14766893820126,-30.883802099179167,,,simbad,,,,,,,,,123.64099713637218,-153.60738004531171,197.1860121237336,False,dwarf
284.14828543255334,-31.03874016074612,,,simbad,,,,,,,,,123.88193095513942,-223.9160421313371,255.90061887564215,False,dwarf
284.14857565777334,-30.933224790395556,,,simbad,,,,,,,,,123.995354655322,-176.0346859052957,215.32082718091903,False,dwarf
284.1494621189592,-30.985883150704723,,,simbad,,,,,,,,,124.34179493977692,-199.93029182380374,235.4421448203292,False,dwarf
284.03561126870625,-30.935920338024996,,,simbad,,,,,,,,,79.84743740223766,-177.25788661852482,194.41186082173604,False,dwarf
284.0359578796763,-30.85548558625889,,,simbad,,,,,,,,,79.98289736932051,-140.75775408360934,161.89505615136338,False,dwarf
284.03621703370163,-30.98493328474139,,,simbad,,,,,,,,,80.08417805220594,-199.499256322472,214.97308865882914,False,dwarf
284.0389275369059,-31.076806753934722,,,simbad,,,,,,,,,81.14347711240593,-241.19011417145475,254.47383962193624,False,dwarf
284.0408304028588,-30.87042044003278,,,simbad,,,,,,,,,81.88714128238925,-147.53497574672613,168.7366971822936,False,dwarf
284.041648933695,-30.858791038871676,,,simbad,,,,,,,,,82.20703352387838,-142.25772089901545,164.30232961275456,False,dwarf
284.04774027408877,-31.019001691082508,,,simbad,,,,,,,,,84.58760667515203,-214.95900872302664,231.00311390588757,False,dwarf
284.0515421104209,-31.062444257733326,,,simbad,,,,,,,,,86.07341257546366,-234.67262013594615,249.95973874577496,False,dwarf
284.0554552872396,-30.912904495462776,,,simbad,,,,,,,,,87.60273175132134,-166.8136285649078,188.41715761916424,False,dwarf
284.06295421972663,-31.09600188410916,,,simbad,,,,,,,,,90.53340976106465,-249.90058794066906,265.7942853713317,False,dwarf
284.0638283537904,-30.97723703541667,,,simbad,,,,,,,,,90.87503244972588,-196.00680916243095,216.0484685453159,False,dwarf
284.06573748823877,-30.917082228038886,,,simbad,,,,,,,,,91.62114642729644,-168.7094234716535,191.98256181432157,False,dwarf
284.06603577354747,-30.862490787566106,,,simbad,,,,,,,,,91.73772011247982,-143.9366136005844,170.6855530683239,False,dwarf
284.06979379169417,-31.072488951269165,,,simbad,,,,,,,,,93.20640130966774,-239.2307574743553,256.7465453844562,False,dwarf
284.0717553542238,-31.089645061209435,,,simbad,,,,,,,,,93.97300484694462,-247.01595321194225,264.2873564534791,False,dwarf
284.0748401183388,-30.87542648269667,,,simbad,,,,,,,,,95.17856982206217,-149.80664584821034,177.48518612454473,False,dwarf
284.0763481521829,-31.077942928481107,,,simbad,,,,,,,,,95.76792859179986,-241.70569382596142,259.9868046164141,False,dwarf
284.07644484531045,-31.100712852196665,,,simbad,,,,,,,,,95.8057174934865,-252.03835744683633,269.6332122141873,False,dwarf
284.09367232054956,-30.865250801970838,,,simbad,,,,,,,,,102.53843350796056,-145.18906840847444,177.7469997822386,False,dwarf
284.0947244273121,-30.968345800654443,,,simbad,,,,,,,,,102.94961018652353,-191.972094812046,217.83458729981868,False,dwarf
284.1010939074988,-31.075638624630002,,,simbad,,,,,,,,,105.43888389969261,-240.66003390758883,262.7443817827789,False,dwarf
284.1846961431991,-31.007592901250003,,,simbad,,,,,,,,,138.1116988845843,-209.7818641206488,251.1638347428237,False,dwarf
284.1849268861091,-30.93738471880278,,,simbad,,,,,,,,,138.20187614293053,-177.92240153647998,225.2912327143121,False,dwarf
284.1944700440646,-30.908889045134718,,,simbad,,,,,,,,,141.93146341578586,-164.99147500636124,217.63898348439622,False,dwarf
284.1944838497608,-31.024352225111937,,,simbad,,,,,,,,,141.93685885711628,-217.38700404741795,259.6212268496878,False,dwarf
284.1965542463921,-31.028740936111937,,,simbad,,,,,,,,,142.74599614291455,-219.37853792599893,261.73146986440497,False,dwarf
284.2004954327154,-30.95561159781417,,,simbad,,,,,,,,,144.28626178872165,-186.1934968653778,235.55581847180292,False,dwarf
284.2112566160054,-30.988367733069165,,,simbad,,,,,,,,,148.49186882431772,-201.05775953651238,249.9481101684516,False,dwarf
284.21509070349543,-30.9750349438725,,,simbad,,,,,,,,,149.9902788865407,-195.00753171765385,246.01833506280386,False,dwarf
284.22533712793415,-30.97923637245028,,,simbad,,,,,,,,,153.99471162854252,-196.91407952886442,249.9790509747925,False,dwarf
284.22666840768835,-30.99272898056056,,,simbad,,,,,,,,,154.51499265617258,-203.03683087021085,255.14473861977964,False,dwarf
284.2333448673333,-30.995310883372508,,,simbad,,,,,,,,,157.1242378385063,-204.20846120112122,257.66086575664013,False,dwarf
284.1535686893255,-31.058701388323055,,,simbad,,,,,,,,,125.94669476902055,-232.97415987422966,264.83868503740905,False,dwarf
284.1592819172079,-30.91355595640805,,,simbad,,,,,,,,,128.179496750998,-167.1092521644313,210.60742044451945,False,dwarf
284.17790088293077,-30.920485226756114,,,simbad,,,,,,,,,135.4560249105211,-170.25365530512903,217.56525878300837,False,dwarf
284.17793975265545,-31.05316969154833,,,simbad,,,,,,,,,135.47121569236265,-230.4639555037664,267.3314142924633,False,dwarf
284.1798808197037,-30.942580885324166,,,simbad,,,,,,,,,136.22980933533594,-180.28034710776254,225.96363535940318,False,dwarf
284.17998241043915,-30.85743251512361,,,simbad,,,,,,,,,136.26951228436715,-141.64124237738807,196.54928521983814,False,dwarf
284.0355268381784,-31.017383503515276,,,simbad,,,,,,,,,79.8144408801672,-214.22469849798807,228.6100750613752,False,dwarf
284.13350087710796,-30.9682292795725,,,simbad,,,,,,,,,118.10393900726105,-191.91921922232203,225.347569580718,False,dwarf
284.16628723342,-30.889758307194995,,,simbad,,,,,,,,,130.91726325438896,-156.31022150636852,203.89265598689173,False,dwarf
284.1794038138067,-30.91560792576833,,,simbad,,,,,,,,,136.0433893755124,-168.04040632309247,216.20680366262135,False,dwarf
284.14750280069,-30.914798427132496,,,simbad,,,,,,,,,123.57606848797319,-167.6730674944633,208.29138788232962,False,dwarf
284.19748885252835,-30.861986859418607,,,simbad,,,,,,,,,143.11125208514585,-143.70793826103358,202.8122333406326,False,dwarf
284.2066745139771,-30.893964161198333,,,simbad,,,,,,,,,146.70112518499562,-158.21877751199588,215.76469054952946,False,dwarf
284.2140491626517,-30.961592684151395,,,simbad,,,,,,,,,149.5832315031642,-188.90762775057345,240.95899022298056,False,dwarf
284.220314313675,-31.025128424290276,,,simbad,,,,,,,,,152.03173205487158,-217.73923206156388,265.5635907468564,False,dwarf
284.1812834401129,-31.054523349404164,,,simbad,,,,,,,,,136.7779711965666,-231.07822595354156,268.5244121387938,False,dwarf
284.04849279730666,-30.52019572278472,,,simbad,,,,,,,,,84.88170230147796,11.391959637240046,85.64274709497141,False,dwarf
284.05326891017,-30.716873738959997,,,simbad,,,,,,,,,86.74826783795628,-77.85769302504076,116.56364071213322,False,dwarf
283.99731016035,-30.45087550164,,,simbad,,,,,,,,,64.87887805024572,42.848478164075665,77.75127586114536,False,dwarf
283.97426708614,-30.740261654879998,,,simbad,,,,,,,,,55.8733521329008,-88.47079261261426,104.63705187012549,False,dwarf
284.0982959436716,-30.632581125936944,,,simbad,,,,,,,,,104.34540411776936,-39.606918583634965,111.60945909819333,False,dwarf
284.1122768228779,-30.504396439423896,,,simbad,,,,,,,,,109.80930918930764,18.561447003889953,111.36701351617174,False,dwarf
283.98737037087994,-30.60100606925,,,simbad,,,,,,,,,60.99428214650271,-25.278612365669417,66.02507627940277,False,dwarf
283.99781284148,-30.72482926885999,,,simbad,,,,,,,,,65.07533221703636,-81.46779797793036,104.26792877261217,False,dwarf
284.05130658756536,-30.67998414598056,,,simbad,,,,,,,,,85.98136725371519,-61.11772673753379,105.49015137150056,False,dwarf
284.05985608306,-30.497830182430008,,,simbad,,,,,,,,,89.32261862303578,21.541119909852746,91.88335020365199,False,dwarf
284.03713706377,-30.64517964557,,,simbad,,,,,,,,,80.44373748208055,-45.32394544395824,92.33339011805423,False,dwarf
284.10552631155,-30.46222809022,,,simbad,,,,,,,,,107.17112366924856,37.69683688109593,113.6076637351958,False,dwarf
284.01392950807,-30.47841773122,,,simbad,,,,,,,,,71.3739301104784,30.350210836785465,77.55883700296688,False,dwarf
284.13991979554,-30.70569955083,,,simbad,,,,,,,,,120.61253381427282,-72.78700729829168,140.8734600431915,False,dwarf
284.1161926641,-30.673104701609997,,,simbad,,,,,,,,,111.33966964782803,-57.995933908207896,125.53903929524353,False,dwarf
284.0208125,-30.41812777777778,,,simbad,,,,,,,,,74.06389073158067,57.70892386624604,93.8923841645301,False,dwarf
284.09514996128,-30.449629951470012,,,simbad,,,,,,,,,103.11591426305434,43.4136909021674,111.88226102494758,False,dwarf
283.96584771643,-30.51638467119,,,simbad,,,,,,,,,52.58295557209235,13.121359992813275,54.19536239160726,False,dwarf
284.02462821124,-30.617383971809996,,,simbad,,,,,,,,,75.55511912202148,-32.71066879598017,82.33203434036577,False,dwarf
284.00624816231,-30.45688340645,,,simbad,,,,,,,,,68.37196267801991,40.122177441970884,79.27492922185138,False,dwarf
284.10510183681,-30.66947365551,,,simbad,,,,,,,,,107.00523355241185,-56.34821745505536,120.93486518770513,False,dwarf
283.95725941786,-30.552729458609996,,,simbad,,,,,,,,,49.226539468347355,-3.3713813740130494,49.341852421628865,False,dwarf
283.97932405685,-30.596694792569995,,,simbad,,,,,,,,,57.84968048113912,-23.322217066875204,62.37396364417074,False,dwarf
283.98814047758,-30.48054406021,,,simbad,,,,,,,,,61.29524962086769,29.385313348525788,67.97502678686878,False,dwarf
284.01135266384,-30.52060257288,,,simbad,,,,,,,,,70.36686667411703,11.207336920398214,71.25377412025473,False,dwarf
284.053807137285,-30.66995249955028,,,simbad,,,,,,,,,86.95861382692462,-56.56550998782195,103.73744472890486,False,dwarf
284.0634483046187,-30.796207605489716,,,simbad,,,,,,,,,90.72650440895826,-113.85825968635399,145.58503323169572,False,dwarf
284.1033284637367,-30.63878150357195,,,simbad,,,,,,,,,106.31217684363705,-42.4205607031789,114.46301986058573,False,dwarf
284.1060387076908,-30.58546441696305,,,simbad,,,,,,,,,107.3713745855807,-18.22603427187652,108.90730189329227,False,dwarf
284.0375502537575,-30.651745913606934,,,simbad,,,,,,,,,80.60521737435477,-48.30362336109584,93.97042671914174,False,dwarf
284.0369463695479,-30.63721646777083,,,simbad,,,,,,,,,80.3692117593309,-41.71036998451072,90.54813726996787,False,dwarf
284.01350024157165,-30.774548710697783,,,simbad,,,,,,,,,71.20616731367353,-104.0297649983346,126.06549991616102,False,dwarf
284.07047035234837,-30.609559345768613,,,simbad,,,,,,,,,93.47080980180841,-29.15996612983429,97.91371665757013,False,dwarf
284.0878401113099,-30.80846244954277,,,simbad,,,,,,,,,100.25913210118094,-119.41933151550543,155.92584875283583,False,dwarf
284.1233003186667,-30.571843120900272,,,simbad,,,,,,,,,114.11743127930372,-12.044886190082371,114.75132855491758,False,dwarf
284.04281847696456,-30.53984177092083,,,simbad,,,,,,,,,82.66410588016824,2.476865787749416,82.70120473788873,False,dwarf
284.0830759909758,-30.546324974707776,,,simbad,,,,,,,,,98.39725339735266,-0.46511876841037747,98.39835268748942,False,dwarf
284.0585482246,-30.55001166226,,,simbad,,,,,,,,,88.81149093447702,-2.1380845116538705,88.83722377125294,False,dwarf
284.10920213556415,-30.640310581857218,,,simbad,,,,,,,,,108.60768235602659,-43.114434418746406,116.85239887137942,False,dwarf
284.1093653974475,-30.571016415419166,,,simbad,,,,,,,,,108.67148717254537,-11.669739142752489,109.29627137259799,False,dwarf
283.96800658873,-30.540500327889998,,,simbad,,,,,,,,,53.42667027235152,2.17802211472673,53.47104708833378,False,dwarf
284.0687704132125,-30.734869025527782,,,simbad,,,,,,,,,92.80645200795676,-86.0236950366815,126.54293201150811,False,dwarf
283.97652805723294,-30.749644567284165,,,simbad,,,,,,,,,56.75696833750353,-92.72862319946684,108.71959811981039,False,dwarf
283.98392741033877,-30.81560017017833,,,simbad,,,,,,,,,59.64872946098219,-122.65832639613473,136.39294688733054,False,dwarf
284.0275059120171,-30.77748663960694,,,simbad,,,,,,,,,76.67976111615987,-105.36295484734781,130.31169563395142,False,dwarf
284.1118989173954,-30.728160099272497,,,simbad,,,,,,,,,109.6616189295016,-82.97928087354767,137.51811415421002,False,dwarf
284.1141456053996,-30.72166680546361,,,simbad,,,,,,,,,110.53965312168306,-80.03271761067322,136.4706957570444,False,dwarf
284.12400116530586,-30.700418892843608,,,simbad,,,,,,,,,114.39133104265139,-70.39072071640118,134.31392400151165,False,dwarf
284.13930907213376,-30.70963493173417,,,simbad,,,,,,,,,120.37385535441759,-74.57282650483643,141.60145304977164,False,dwarf
284.0445535874008,-30.78625488176777,,,simbad,,,,,,,,,83.34220906469635,-109.34185692563369,137.48296435460395,False,dwarf
284.05428792710666,-30.75431138702444,,,simbad,,,,,,,,,87.14651259252855,-94.84635882115367,128.803518735595,False,dwarf
284.05887429885377,-30.800556848793335,,,simbad,,,,,,,,,88.93892489215413,-115.8318836924339,146.03820609932788,False,dwarf
284.0825757189175,-30.804859779646947,,,simbad,,,,,,,,,98.20174072636568,-117.78449177534523,153.35177985424465,False,dwarf
284.0850005733642,-30.841741246898888,,,simbad,,,,,,,,,99.14940462601277,-134.52077072467915,167.1120647770666,False,dwarf
284.0854529594242,-30.824035227284167,,,simbad,,,,,,,,,99.32620284097567,-126.4860338924898,160.82416280105028,False,dwarf
284.09319259060373,-30.766425585623885,,,simbad,,,,,,,,,102.35094895528489,-100.34360776797425,143.33372377755487,False,dwarf
284.09593816680666,-30.83296765806028,,,simbad,,,,,,,,,103.42395498859572,-130.53944240098093,166.54447000078414,False,dwarf
284.0990094973008,-30.802057548922228,,,simbad,,,,,,,,,104.62426993414583,-116.51287980912639,156.5933875381363,False,dwarf
284.16503133633955,-30.77271773373861,,,simbad,,,,,,,,,130.42644273258026,-103.1988940102262,166.3161708578241,False,dwarf
284.16709295935294,-30.8402814037625,,,simbad,,,,,,,,,131.2321511771088,-133.858314923071,187.45646421666976,False,dwarf
284.17270575206453,-30.775690619075554,,,simbad,,,,,,,,,133.42570181935886,-104.54794658298906,169.50720055710906,False,dwarf
284.1400184627687,-30.775542962509444,,,simbad,,,,,,,,,120.65109421976192,-104.48094215872806,159.60248685656921,False,dwarf
284.15828006106625,-30.79220489545084,,,simbad,,,,,,,,,127.78795865295388,-112.04188748764787,169.95042491410192,False,dwarf
284.1783413359074,-30.82460126332944,,,simbad,,,,,,,,,135.62815952504246,-126.74289290204067,185.63070478056295,False,dwarf
284.1632311078163,-30.81642450245,,,simbad,,,,,,,,,129.72289057302268,-123.03239651518338,178.78758047160247,False,dwarf
284.1247533675242,-30.58532356303777,,,simbad,,,,,,,,,114.68530121828134,-18.162116788102534,116.11451589595764,False,dwarf
