ra,dec,vlos,vlos_err,src,id,ruwe,parallax,parallax_err,pmra,pmra_err,pmdec,pmdec_err,x_pc,y_pc,r_pc,has_vlos,preprocess_mode
6.777409,-11.255133,,,sdss,,,,,,,,,5265.880186495439,-2883.8029852141817,6003.816602466757,False,dwarf
6.41117935807,-11.045899128209998,,,simbad,,,,,,,,,372.5095323198016,-35.383409057822,374.1862334529031,False,dwarf
6.448166666666667,-11.07911111111111,,,simbad,,,,,,,,,866.7147788150152,-487.51700219538617,994.4180887564028,False,dwarf
6.550500000000001,-11.09025,,,simbad,,,,,,,,,2234.0397381994503,-639.1570253728357,2323.6727942930606,False,dwarf
6.534916666666667,-11.065472222222223,,,simbad,,,,,,,,,2025.8233152312814,-301.843058604071,2048.1868412237495,False,dwarf
6.543916666666666,-11.046333333333333,,,simbad,,,,,,,,,2146.0766504214366,-41.29449010217778,2146.4739048953966,False,dwarf
6.519875000000001,-11.043472222222222,,,simbad,,,,,,,,,1824.8443615107028,-2.3445589618453777,1824.8458676540686,False,dwarf
6.477958333333334,-11.050166666666668,,,simbad,,,,,,,,,1264.7755874306074,-93.47983473682375,1268.2254397633183,False,dwarf
6.5045,-11.059444444444445,,,simbad,,,,,,,,,1619.411580560839,-219.7834949394828,1634.257829077887,False,dwarf
6.543875000000001,-11.05563888888889,,,simbad,,,,,,,,,2145.519922017791,-167.97630497610848,2152.0854478409206,False,dwarf
6.465291666666666,-11.04525,,,simbad,,,,,,,,,1095.5301527185138,-26.546457922820842,1095.85173720887,False,dwarf
6.499791666666667,-11.037444444444445,,,simbad,,,,,,,,,1556.501270947462,79.71500470274285,1558.5412052415627,False,dwarf
6.5205,-11.096805555555557,,,simbad,,,,,,,,,1833.195287565564,-728.401527791499,1972.605826829471,False,dwarf
6.537666666666667,-11.066333333333334,,,simbad,,,,,,,,,2062.56738987273,-313.56585341331953,2086.26646960383,False,dwarf
6.517541666666667,-11.049527777777778,,,simbad,,,,,,,,,1793.667570905843,-84.78227729770526,1795.670178363235,False,dwarf
6.527166666666667,-11.061583333333331,,,simbad,,,,,,,,,1922.2718321508698,-248.9014046268817,1938.319092901346,False,dwarf
6.5373333333333346,-11.053611111111111,,,simbad,,,,,,,,,2058.1135626434766,-140.3710139737313,2062.894921778867,False,dwarf
6.522458333333334,-11.040416666666667,,,simbad,,,,,,,,,1859.3615225375033,39.252454877345414,1859.7758001186273,False,dwarf
6.545208333333333,-11.039833333333334,,,simbad,,,,,,,,,2163.335230934848,47.19370297392056,2163.8499409627098,False,dwarf
6.524249999999999,-11.069416666666665,,,simbad,,,,,,,,,1883.3008438947838,-355.5410219237387,1916.5676317013656,False,dwarf
6.536083333333334,-11.051638888888888,,,simbad,,,,,,,,,2041.4117105337223,-113.52203231387581,2044.5657298616961,False,dwarf
6.554791666666667,-11.035888888888888,,,simbad,,,,,,,,,2291.382763776218,100.89166629363156,2293.602864154613,False,dwarf
6.55425,-11.038444444444446,,,simbad,,,,,,,,,2284.1452945286596,66.10143653717925,2285.101557136946,False,dwarf
6.550708333333334,-11.05463888888889,,,simbad,,,,,,,,,2236.8233802177233,-154.36273681056656,2242.1433247685773,False,dwarf
6.5432500000000005,-11.067833333333335,,,simbad,,,,,,,,,2137.168995962919,-333.9862056616433,2163.1084353026345,False,dwarf
6.517375,-11.042166666666667,,,simbad,,,,,,,,,1791.4406572912053,15.428710587619964,1791.5070956338247,False,dwarf
6.545416666666666,-11.060944444444447,,,simbad,,,,,,,,,2166.1188729531314,-240.20384718782816,2179.3964439650667,False,dwarf
6.546625,-11.064222222222222,,,simbad,,,,,,,,,2182.263996659218,-284.82609839712734,2200.7730590506585,False,dwarf
6.517416666666667,-11.039277777777778,,,simbad,,,,,,,,,1791.997385694862,54.75679639922404,1792.8337728548975,False,dwarf
6.536208,-11.050493,,,simbad,,,,,,,,,2043.0774419174631,-97.92239581482953,2045.4227507471703,False,dwarf
6.529541666666667,-11.059694444444446,,,simbad,,,,,,,,,1954.0053511593867,-223.1868869808845,1966.7102732430458,False,dwarf
6.542458333333333,-11.038388888888889,,,simbad,,,,,,,,,2126.5911562934098,66.8577458797226,2127.6418646495604,False,dwarf
6.541541666666666,-11.06488888888889,,,simbad,,,,,,,,,2114.34313141292,-293.90181050749584,2134.6721414710446,False,dwarf
6.507416666666666,-11.080916666666665,,,simbad,,,,,,,,,1658.382568816893,-512.0970558276333,1735.6486220266609,False,dwarf
6.548583333333333,-11.051361111111113,,,simbad,,,,,,,,,2208.4302316311573,-109.74048560126737,2211.155142038308,False,dwarf
6.550416666666667,-11.051555555555556,,,simbad,,,,,,,,,2232.9262813921155,-112.38756830008245,2235.7528359906037,False,dwarf
6.50275,-11.090111111111112,,,simbad,,,,,,,,,1596.0289876071831,-637.2662520165206,1718.5507863434218,False,dwarf
6.517916666666666,-11.057972222222222,,,simbad,,,,,,,,,1798.678126538753,-199.74129736240909,1809.7346735809028,False,dwarf
6.5492083333333335,-11.072361111111112,,,simbad,,,,,,,,,2216.7811576860286,-395.6254170779078,2251.8077563837187,False,dwarf
6.5159166666666675,-11.04886111111111,,,simbad,,,,,,,,,1771.9551631631784,-75.70656518733676,1773.5717026027198,False,dwarf
6.535374999999999,-11.072305555555555,,,simbad,,,,,,,,,2031.9473276715157,-394.8691077353644,2069.959312323587,False,dwarf
6.504041666666667,-11.050027777777778,,,simbad,,,,,,,,,1613.2875681205937,-91.58906138048705,1615.8853095492323,False,dwarf
6.550375000000001,-11.061861111111112,,,simbad,,,,,,,,,2232.36955298847,-252.68295133957673,2246.6246893968782,False,dwarf
6.4915416666666665,-11.047555555555554,,,simbad,,,,,,,,,1446.2690470231485,-57.93329563784977,1447.428900886226,False,dwarf
6.507291666666666,-11.060111111111112,,,simbad,,,,,,,,,1656.712383605923,-228.8592070498513,1672.4450539986972,False,dwarf
6.529875,-11.073444444444442,,,simbad,,,,,,,,,1958.45917838864,-410.3734492572214,2000.9919343340634,False,dwarf
6.522083333333334,-11.036333333333333,,,simbad,,,,,,,,,1854.3509669045718,94.84119155337144,1856.7747197964495,False,dwarf
6.48575,-11.065861111111111,,,simbad,,,,,,,,,1368.8837989146652,-307.1372240017878,1402.9170072739762,False,dwarf
6.520499999999999,-11.10175,,,simbad,,,,,,,,,1833.1952875655534,-795.7130592767303,1998.4404507155286,False,dwarf
6.543875000000001,-11.0365,,,simbad,,,,,,,,,2145.519922017791,92.57226352578473,2147.5160906846577,False,dwarf
6.49275,-11.065944444444446,,,simbad,,,,,,,,,1462.4141707292351,-308.27168801560276,1494.5523210586057,False,dwarf
6.524416666666667,-11.060138888888892,,,simbad,,,,,,,,,1885.527757509432,-229.23736172114462,1899.4116700566567,False,dwarf
6.546166666666667,-11.05738888888889,,,simbad,,,,,,,,,2176.1399842189944,-191.80004926583393,2184.57604349563,False,dwarf
6.485375,-11.049861111111111,,,simbad,,,,,,,,,1363.8732432817444,-89.32013335290034,1366.7949041323077,False,dwarf
6.521166666666667,-11.043805555555556,,,simbad,,,,,,,,,1842.1029420240925,-6.882415017040455,1842.1157989253238,False,dwarf
6.546999999999999,-11.052277777777777,,,simbad,,,,,,,,,2187.274552292128,-122.21958975297265,2190.6865579594255,False,dwarf
6.550125,-11.038638888888888,,,simbad,,,,,,,,,2229.029182566508,63.45435383834253,2229.9321854608397,False,dwarf
6.527541666666667,-11.062944444444446,,,simbad,,,,,,,,,1927.282387783791,-267.43098351893366,1945.7483735590004,False,dwarf
6.534625,-11.083166666666667,,,simbad,,,,,,,,,2021.9262164056738,-542.7275842001623,2093.499189214151,False,dwarf
6.525458333333333,-11.064694444444447,,,simbad,,,,,,,,,1899.4459676008812,-291.2547278086808,1921.6462474415412,False,dwarf
6.534625,-11.046,,,simbad,,,,,,,,,2021.9262164056738,-36.756634046982704,2022.2602885719305,False,dwarf
6.515583333333334,-11.048083333333333,,,simbad,,,,,,,,,1767.5013359339034,-65.11823439190323,1768.7004712439164,False,dwarf
6.4009583333333335,-11.06563888888889,,,simbad,,,,,,,,,235.9414974703277,-304.1119866316794,384.9058204828908,False,dwarf
6.523958333333333,-11.091944444444445,,,simbad,,,,,,,,,1879.403745069187,-662.2244603200395,1992.6614546445799,False,dwarf
6.512916666666667,-11.07738888888889,,,simbad,,,,,,,,,1731.8707180997897,-464.0714125769757,1792.9691743537228,False,dwarf
6.5385,-11.062944444444446,,,simbad,,,,,,,,,2073.701957945885,-267.43098351893366,2090.875209412198,False,dwarf
6.532541666666667,-11.094444444444445,,,simbad,,,,,,,,,1994.0897962227752,-696.2583807339267,2112.1481596095523,False,dwarf
6.495291666666667,-11.046694444444444,,,simbad,,,,,,,,,1496.374603352379,-46.21050082864453,1497.0879613251934,False,dwarf
6.552125,-11.068583333333333,,,simbad,,,,,,,,,2255.752145942104,-344.1963817857835,2281.8608400068642,False,dwarf
6.534083333333332,-11.051722222222224,,,simbad,,,,,,,,,2014.6887471581051,-114.65649632771246,2017.948676273914,False,dwarf
6.488791666666667,-11.040055555555554,,,simbad,,,,,,,,,1409.5249723817108,44.16846560383381,1410.216827697592,False,dwarf
6.5006666666666675,-11.07238888888889,,,simbad,,,,,,,,,1568.192567424295,-396.00357174917946,1617.4197839036437,False,dwarf
6.5095833333333335,-11.054055555555557,,,simbad,,,,,,,,,1687.3324458071263,-146.4214887139914,1693.6735326002708,False,dwarf
6.540041666666666,-11.07125,,,simbad,,,,,,,,,2094.3009088812255,-380.49923022727916,2128.585436656062,False,dwarf
6.5516250000000005,-11.066527777777779,,,simbad,,,,,,,,,2249.0714050982024,-316.21293611217794,2271.1919351290167,False,dwarf
6.536125000000001,-11.065111111111111,,,simbad,,,,,,,,,2041.9684389373788,-296.9270478776259,2063.4439118565056,False,dwarf
6.533375,-11.065000000000001,,,simbad,,,,,,,,,2005.224364295941,-295.41442919258253,2026.8681348674957,False,dwarf
6.537791666666667,-11.051027777777778,,,simbad,,,,,,,,,2064.2375750837,-105.20262954605064,2066.9166310354267,False,dwarf
6.509333333333333,-11.047305555555555,,,simbad,,,,,,,,,1683.9920753851752,-54.529903596469694,1684.874719481039,False,dwarf
6.521458333333333,-11.049222222222221,,,simbad,,,,,,,,,1846.0000408496999,-80.62257591378186,1847.7597653818711,False,dwarf
6.5095833333333335,-11.092333333333334,,,simbad,,,,,,,,,1687.3324458071263,-667.5186257177562,1814.5720978659351,False,dwarf
6.515208333333334,-11.059416666666667,,,simbad,,,,,,,,,1762.4907803009826,-219.40534026821112,1776.0947198795948,False,dwarf
6.547583333333333,-11.076249999999998,,,simbad,,,,,,,,,2195.068749943354,-448.5670710550321,2240.432822963627,False,dwarf
6.523208333333333,-11.074944444444442,,,simbad,,,,,,,,,1869.3826338033346,-430.79380150556676,1918.3781511946777,False,dwarf
6.5345,-11.039416666666666,,,simbad,,,,,,,,,2020.2560311947038,52.86602304290899,2020.9476113870319,False,dwarf
6.5529583333333346,-11.058805555555557,,,simbad,,,,,,,,,2266.8867140152806,-211.08593750038597,2276.693358181864,False,dwarf
6.518333333333333,-11.054777777777776,,,simbad,,,,,,,,,1804.2454105753307,-156.25351016685997,1810.9988020486398,False,dwarf
6.5454,-11.0515,,,simbad,,,,,,,,,2165.8961815916728,-111.63125895756076,2168.7710361884306,False,dwarf
6.530416666666668,-11.058861111111113,,,simbad,,,,,,,,,1965.6966476362197,-211.84224684292928,1977.078766280123,False,dwarf
6.554666666666667,-11.046888888888889,,,simbad,,,,,,,,,2289.712578565248,-48.85758352748126,2290.2337775668366,False,dwarf
6.546875,-11.083527777777777,,,simbad,,,,,,,,,2185.6043670811687,-547.6435949265857,2253.1710890361587,False,dwarf
6.49869536268,-11.15879251899,,,simbad,,,,,,,,,1541.8530253053634,-1572.265279882103,2202.119175241442,False,dwarf
6.551791666666667,-11.043694444444444,,,simbad,,,,,,,,,2251.29831871284,-5.369796331975429,2251.3047227223387,False,dwarf
6.511833333333333,-11.07675,,,simbad,,,,,,,,,1717.3957796046623,-455.3738551378572,1776.742415699873,False,dwarf
6.544875,-11.046777777777779,,,simbad,,,,,,,,,2158.8814037055836,-47.34496484243789,2159.4004864688077,False,dwarf
6.461291666666667,-11.079805555555554,,,simbad,,,,,,,,,1042.0842259673325,-496.9708689770047,1154.5213634323507,False,dwarf
6.512499999999999,-11.061222222222222,,,simbad,,,,,,,,,1726.303434063191,-243.98539390045826,1743.4598988491612,False,dwarf
6.501875,-11.073888888888888,,,simbad,,,,,,,,,1584.337691130371,-416.4239239974815,1638.1498112241673,False,dwarf
6.519666666666667,-11.066694444444444,,,simbad,,,,,,,,,1822.0607194923982,-318.481864139743,1849.6853687324992,False,dwarf
6.5334166666666675,-11.053333333333335,,,simbad,,,,,,,,,2005.7810926995978,-136.58946726110122,2010.4264409318398,False,dwarf
6.548208333333333,-11.095444444444444,,,simbad,,,,,,,,,2203.4196759982256,-709.8719488994687,2314.9463173927934,False,dwarf
6.491833333333334,-11.056222222222223,,,simbad,,,,,,,,,1450.1661458487665,-175.91755307268363,1460.7973288738401,False,dwarf
6.5315416666666675,-11.092333333333336,,,simbad,,,,,,,,,1980.7283145349827,-667.5186257177779,2090.1831909382354,False,dwarf
6.362863518849999,-11.08320632283,,,simbad,,,,,,,,,-273.0616686487135,-543.2674460828835,608.0314077896293,False,dwarf
6.435500000000001,-11.050166666666668,,,simbad,,,,,,,,,697.4693441029536,-93.47983473682375,703.7058799426279,False,dwarf
6.5485,-11.060805555555559,,,simbad,,,,,,,,,2207.3167748238334,-238.31307383153478,2220.1442443178607,False,dwarf
6.520541666666667,-11.043166666666668,,,simbad,,,,,,,,,1833.7520159692315,1.8151424220563817,1833.752914329854,False,dwarf
6.506208333333333,-11.05177777777778,,,simbad,,,,,,,,,1642.237445110817,-115.41280567023415,1646.2879279873187,False,dwarf
6.54575,-11.046527777777778,,,simbad,,,,,,,,,2170.572700182406,-43.941572801036166,2171.0174362720745,False,dwarf
6.553333333333334,-11.042472222222221,,,simbad,,,,,,,,,2271.897269648191,11.269009203718205,2271.92521760804,False,dwarf
6.512083333333333,-11.307500000000001,,,simbad,,,,,,,,,1720.7361500266134,-3596.7047093398464,3987.131508264537,False,dwarf
6.549416666666667,-11.048833333333333,,,simbad,,,,,,,,,2219.564799704323,-75.32841051606509,2220.8426935551665,False,dwarf
6.466249999999999,-11.036722222222222,,,simbad,,,,,,,,,1108.3349060026287,89.54702615565469,1111.9464617314889,False,dwarf
6.546208333333333,-11.034472222222222,,,simbad,,,,,,,,,2176.6967126226405,120.17755452816192,2180.0117484441635,False,dwarf
6.553708333333334,-11.056694444444444,,,simbad,,,,,,,,,2276.907825281112,-182.34618248419378,2284.1977530618756,False,dwarf
6.5363750000000005,-11.042916666666667,,,simbad,,,,,,,,,2045.3088093593192,5.218534463458102,2045.3154668032953,False,dwarf
6.553458333333334,-11.097777777777779,,,simbad,,,,,,,,,2273.567454859172,-741.636941285791,2391.471163212,False,dwarf
6.499833333333334,-11.087611111111112,,,simbad,,,,,,,,,1557.0579993511292,-603.2323316026334,1669.8259966936946,False,dwarf
6.504666666666667,-11.048944444444444,,,simbad,,,,,,,,,1621.6384941754657,-76.84102920113011,1623.4580221121705,False,dwarf
6.545291666666666,-11.082111111111109,,,simbad,,,,,,,,,2164.4486877421505,-528.3577066920336,2228.0035879884895,False,dwarf
6.553541666666667,-11.023750000000001,,,simbad,,,,,,,,,2274.6809116664745,266.14525763660134,2290.1979277045634,False,dwarf
6.42308114915,-11.08147199937,,,simbad,,,,,,,,,531.5350958871884,-519.6571154390617,743.3525918339485,False,dwarf
6.544458333333334,-11.049000000000003,,,simbad,,,,,,,,,2153.314119669006,-77.59733854371676,2154.7118240996806,False,dwarf
6.531583333333335,-11.05561111111111,,,simbad,,,,,,,,,1981.28504293865,-167.59815030483682,1988.3610238983288,False,dwarf
6.5275,-11.05988888888889,,,simbad,,,,,,,,,1926.725659380134,-225.8339696797429,1939.915654964185,False,dwarf
6.515500000000001,-11.094027777777779,,,simbad,,,,,,,,,1766.3878791266006,-690.58606066496,1896.5851540888214,False,dwarf
6.516875,-11.063944444444445,,,simbad,,,,,,,,,1784.7599164473038,-281.0445516844756,1806.7523348230422,False,dwarf
6.554916666666666,-11.076249999999998,,,simbad,,,,,,,,,2293.0529489871883,-448.5670710550321,2336.5154063463247,False,dwarf
6.542666666666666,-11.069916666666666,,,simbad,,,,,,,,,2129.374798311693,-362.34780600654216,2159.984482398593,False,dwarf
6.5356250000000005,-11.0465,,,simbad,,,,,,,,,2035.2876980934773,-43.56341812978614,2035.7538616959066,False,dwarf
6.5067916666666665,-11.042555555555555,,,simbad,,,,,,,,,1650.0316427620319,10.134545189924848,1650.0627658129179,False,dwarf
6.498541666666667,-11.051416666666666,,,simbad,,,,,,,,,1539.7994188377183,-110.49679494376741,1543.7589811709015,False,dwarf
6.397833333333334,-11.066444444444445,,,simbad,,,,,,,,,194.18686719596897,-315.0784720983629,370.1121221619521,False,dwarf
6.543708333333333,-11.033916666666666,,,simbad,,,,,,,,,2143.293008403153,127.7406479534654,2147.0963166587126,False,dwarf
6.545,-11.05388888888889,,,simbad,,,,,,,,,2160.5515889165536,-144.15256068640468,2165.3551969878504,False,dwarf
6.516666666666666,-11.051361111111113,,,simbad,,,,,,,,,1781.976274428999,-109.74048560126737,1785.3521828501673,False,dwarf
6.463916666666667,-11.02575,,,simbad,,,,,,,,,1077.1581153978002,238.91812130549584,1103.3365190437087,False,dwarf
6.5384166666666665,-11.070500000000001,,,simbad,,,,,,,,,2072.5885011385612,-370.2890541031173,2105.406630235682,False,dwarf
6.550833333333333,-11.046805555555558,,,simbad,,,,,,,,,2238.4935654286933,-47.723119513731206,2239.002219427615,False,dwarf
6.524749999999999,-11.067722222222217,,,simbad,,,,,,,,,1889.9815847386856,-332.4735869765133,1919.0021043991542,False,dwarf
6.531958333333334,-11.032222222222224,,,simbad,,,,,,,,,1986.2955985715603,150.80808290064752,1992.0123701355174,False,dwarf
6.5008333333333335,-11.050277777777778,,,simbad,,,,,,,,,1570.4194810389217,-94.99245342186713,1573.2898374532463,False,dwarf
6.551583333333334,-11.046638888888886,,,simbad,,,,,,,,,2248.5146766945563,-45.454191486057894,2248.9740627304877,False,dwarf
6.427875,-11.108638888888889,,,simbad,,,,,,,,,595.5880462334907,-889.4954177505671,1070.4799012664753,False,dwarf
6.542166666666667,-11.044333333333334,,,simbad,,,,,,,,,2122.6940574678024,-14.067353771093916,2122.7406699950993,False,dwarf
6.5268749999999995,-11.062361111111114,,,simbad,,,,,,,,,1918.3747333252518,-259.4897354223802,1935.8451746589415,False,dwarf
6.539541666666667,-11.040972222222223,,,simbad,,,,,,,,,2087.6201680373347,31.68936145204193,2087.8606710279946,False,dwarf
6.551500000000001,-11.042027777777777,,,simbad,,,,,,,,,2247.4012198872324,17.31948394395666,2247.4679547603578,False,dwarf
6.525375,-11.077472222222221,,,simbad,,,,,,,,,1898.3325107935677,-465.2058765907258,1954.5032179943723,False,dwarf
6.49275,-11.060694444444445,,,simbad,,,,,,,,,1462.4141707292351,-236.80045514642646,1481.4620016413621,False,dwarf
6.550166666666668,-11.033111111111111,,,simbad,,,,,,,,,2229.5859109701755,138.7071334201706,2233.8963725424574,False,dwarf
6.506208333333333,-11.052138888888889,,,simbad,,,,,,,,,1642.237445110817,-120.3288163966576,1646.6398665705638,False,dwarf
6.553333333333334,-11.196666666666667,,,simbad,,,,,,,,,2271.897269648191,-2087.867570990741,3085.564486091594,False,dwarf
6.5520000000000005,-11.052861111111111,,,simbad,,,,,,,,,2254.081960731134,-130.16083784956945,2257.836869528712,False,dwarf
6.517875,-11.085166666666668,,,simbad,,,,,,,,,1798.1213981350963,-569.9547205312894,1886.2897301017185,False,dwarf
6.530333333333334,-11.037444444444445,,,simbad,,,,,,,,,1964.5831908288958,79.71500470274285,1966.1997852868878,False,dwarf
6.4943333333333335,-11.061694444444445,,,simbad,,,,,,,,,1483.5698500682429,-250.41402331196838,1504.5553107489254,False,dwarf
6.537583333333333,-11.043083333333334,,,simbad,,,,,,,,,2061.453933065406,2.949606435871388,2061.456043268679,False,dwarf
6.546833333333334,-11.060444444444448,,,simbad,,,,,,,,,2185.0476386775226,-233.397063105068,2197.477502127448,False,dwarf
6.470416666666666,-11.297777777777778,,,simbad,,,,,,,,,1164.007746368458,-3464.350574396927,3654.673574470105,False,dwarf
6.5438333333333345,-11.05413888888889,,,simbad,,,,,,,,,2144.9631936141445,-147.55595272778476,2150.0325256016,False,dwarf
6.493458333333334,-11.070416666666667,,,simbad,,,,,,,,,1471.878553591431,-369.15459008932396,1517.4655145690856,False,dwarf
6.532625000000001,-11.049194444444446,,,simbad,,,,,,,,,1995.2032530300992,-80.24442124253184,1996.8162629652331,False,dwarf
6.64162853996,-11.145782386419999,,,simbad,,,,,,,,,3451.6520561105285,-1395.1509532974715,3722.9488445235024,False,dwarf
6.78345925957,-11.068415506469998,,,simbad,,,,,,,,,5346.720618946412,-341.9116593417687,5357.641734929702,False,dwarf
6.660875,-11.077527777777778,,,simbad,,,,,,,,,3708.813279489873,-465.9621859332691,3737.969596029392,False,dwarf
6.660375,-10.999888888888888,,,simbad,,,,,,,,,3702.1325386459816,590.9801202536391,3749.0055796486017,False,dwarf
6.693958333333334,-10.925666666666666,,,simbad,,,,,,,,,4150.85563199445,1601.4094018748897,4449.05771485079,False,dwarf
6.676708333333334,-11.009416666666667,,,simbad,,,,,,,,,3920.3700728799818,461.27306800957837,3947.413628137285,False,dwarf
6.792647775889999,-11.01795497655,,,simbad,,,,,,,,,5469.492811494093,345.0362043941896,5480.3650970832505,False,dwarf
6.7575,-11.055861111111112,,,simbad,,,,,,,,,4999.8664475731275,-171.00154234623855,5002.7898237935515,False,dwarf
6.721916666666667,-11.006166666666665,,,simbad,,,,,,,,,4524.420390849074,505.51716454764914,4552.5737200822105,False,dwarf
6.654791666666667,-11.032666666666668,,,simbad,,,,,,,,,3627.530932555793,144.75760816040906,3630.418079473688,False,dwarf
6.644733887225416,-11.152127536934167,,,simbad,,,,,,,,,3493.144096731633,-1481.5310923428137,3794.336576808856,False,dwarf
6.694375000000001,-10.936694444444445,,,simbad,,,,,,,,,4156.422916031039,1451.2819973824837,4402.507341599155,False,dwarf
6.736916666666667,-11.019722222222223,,,simbad,,,,,,,,,4724.842616165995,320.9776849701057,4735.732722798774,False,dwarf
6.766083333333334,-10.933722222222222,,,simbad,,,,,,,,,5114.552498726715,1491.7445472079028,5327.65887199586,False,dwarf
6.65575,-11.031416666666667,,,simbad,,,,,,,,,3640.3356858399284,161.7745683673527,3643.928500474468,False,dwarf
6.700666666666667,-10.942666666666668,,,simbad,,,,,,,,,4240.488904983413,1369.9787430604172,4456.297556237108,False,dwarf
6.77696504433,-11.006131066069997,,,simbad,,,,,,,,,5259.948280940545,506.00181569713357,5284.230668286368,False,dwarf
6.77116462325,-11.11178000583,,,simbad,,,,,,,,,5182.446060898622,-932.2572273443569,5265.629184822971,False,dwarf
6.686083333333333,-11.078666666666665,,,simbad,,,,,,,,,4045.6339637030583,-481.4665274551261,4074.182640153411,False,dwarf
6.765592560374168,-11.260099712250556,,,simbad,,,,,,,,,5107.995044819956,-2951.4176609958113,5899.362642484628,False,dwarf
6.805418925159999,-11.078784768650001,,,simbad,,,,,,,,,5640.134288597296,-483.07431685576773,5660.784008334587,False,dwarf
6.82567758743,-11.02664405539,,,simbad,,,,,,,,,5910.820033537161,226.74683730996514,5915.16758825093,False,dwarf
6.740874999999999,-10.940694444444444,,,simbad,,,,,,,,,4777.731814513509,1396.8277247202725,4977.735326829034,False,dwarf
6.687833333333334,-11.011638888888887,,,simbad,,,,,,,,,4069.0165566567034,431.02069430836445,4091.7813452417568,False,dwarf
6.7536249999999995,-10.915888888888889,,,simbad,,,,,,,,,4948.0907060329055,1734.519846160309,5243.296742685197,False,dwarf
6.738583333333333,-11.025111111111112,,,simbad,,,,,,,,,4747.111752312316,247.61567874459269,4753.565347536715,False,dwarf
6.715389288277085,-11.099978804210002,,,simbad,,,,,,,,,4437.204944027359,-771.6007646550499,4503.7934516712785,False,dwarf
6.6615,-11.013194444444444,,,simbad,,,,,,,,,3717.1642055447446,409.8440327174757,3739.6900756796967,False,dwarf
6.69075,-10.93375,,,simbad,,,,,,,,,4107.987544912768,1491.366392536631,4370.324402827112,False,dwarf
6.71434700329,-11.214564321870002,,,simbad,,,,,,,,,4423.278472258959,-2331.5185201049476,5000.137103394457,False,dwarf
6.65275,-11.006138888888888,,,simbad,,,,,,,,,3600.2512407765403,505.89531921892086,3635.6208645457837,False,dwarf
6.601528216530001,-11.398158631000001,,,simbad,,,,,,,,,2915.852318925915,-4830.892162254319,5642.669034164227,False,dwarf
6.53615409457,-11.37693963411,,,simbad,,,,,,,,,2042.3571855016378,-4542.025901687571,4980.082545979631,False,dwarf
6.194458333333333,-11.394000000000002,,,simbad,,,,,,,,,-2523.204471059469,-4774.278355660425,5400.027279570179,False,dwarf
6.22324289729,-11.438555719609997,,,simbad,,,,,,,,,-2138.6000468612956,-5380.840681736505,5790.255314117479,False,dwarf
6.19777,-11.327009999999998,,,simbad,,,,,,,,,-2478.9556975367123,-3862.3054242497938,4589.403505962306,False,dwarf
6.76374752694,-10.81326401679,,,simbad,,,,,,,,,5083.342664375941,3131.6105379599635,5970.540779940004,False,dwarf
6.67957062862,-10.71791961442,,,simbad,,,,,,,,,3958.614578937821,4429.58805882816,5940.696908233249,False,dwarf
6.700549538189999,-10.97875997346,,,simbad,,,,,,,,,4238.923894987296,878.6200507090653,4329.024021763135,False,dwarf
6.81625132583,-11.027820777419999,,,simbad,,,,,,,,,5784.871211784382,210.72745174265052,5788.708059303876,False,dwarf
6.78480850525,-11.00414593317,,,simbad,,,,,,,,,5364.74854039207,533.0265577489446,5391.163530528872,False,dwarf
6.676916666666667,-11.016666666666667,,,simbad,,,,,,,,,3923.153714898265,362.5746988092965,3939.8725211530273,False,dwarf
6.75488397439,-10.969899306420002,,,simbad,,,,,,,,,4964.912469290306,999.2453454503825,5064.469082551361,False,dwarf
6.7026666666666666,-11.022416666666668,,,simbad,,,,,,,,,4267.211868358998,284.29668185733834,4276.67180559591,False,dwarf
6.645958333333333,-10.717697222222222,,,simbad,,,,,,,,,3509.504510980243,4432.615610172091,5653.733550507308,False,dwarf
6.656083333333333,-10.955944444444444,,,simbad,,,,,,,,,3644.7895130691827,1189.220810195547,3833.8931557858054,False,dwarf
6.693123083333334,-10.846925416666666,,,simbad,,,,,,,,,4139.695454414725,2673.3587761909616,4927.872319930699,False,dwarf
6.693125,-10.86886111111111,,,simbad,,,,,,,,,4139.721063921284,2374.735704612701,4772.48993229278,False,dwarf
6.656416666666667,-11.032583333333333,,,simbad,,,,,,,,,3649.243340298457,145.8920721742024,3652.1584649951765,False,dwarf
6.66125,-11.020750000000001,,,simbad,,,,,,,,,3713.8238351227938,306.98596213327045,3726.490018673479,False,dwarf
6.66575,-11.017083333333334,,,simbad,,,,,,,,,3773.950502717876,356.90237874030805,3790.7890609891497,False,dwarf
6.723708333333334,-11.031972222222223,,,simbad,,,,,,,,,4548.359712206365,154.21147494204922,4550.97322016135,False,dwarf
6.809755563370001,-11.02686819452,,,simbad,,,,,,,,,5698.078200626844,223.69550398512794,5702.467436028198,False,dwarf
6.708291666666668,-10.90825,,,simbad,,,,,,,,,4342.370202852865,1838.5123807583075,4715.538861341937,False,dwarf
6.646625000000001,-11.006444444444444,,,simbad,,,,,,,,,3518.4121654388036,501.7356178349974,3554.0065835774753,False,dwarf
6.6985,-11.015027777777778,,,simbad,,,,,,,,,4211.53902799319,384.8858244139569,4229.089509828875,False,dwarf
6.783794468969999,-10.96264433219,,,simbad,,,,,,,,,5351.19951320608,1098.011431669863,5462.688471276272,False,dwarf
6.730208333333334,-11.009027777777778,,,simbad,,,,,,,,,4635.209343177044,466.56723340729513,4658.6318419000545,False,dwarf
6.6516916666666654,-10.71911388888889,,,simbad,,,,,,,,,3586.1103393236,4413.329721937538,5686.621721227893,False,dwarf
6.701124999999999,-11.005416666666667,,,simbad,,,,,,,,,4246.612917423637,515.7273406717894,4277.814390590794,False,dwarf
6.7160416666666665,-11.011333333333333,,,simbad,,,,,,,,,4445.921685933266,435.1803956922662,4467.169306646724,False,dwarf
6.6675,-11.024305555555557,,,simbad,,,,,,,,,3797.3330956715217,258.5821642112762,3806.1270834183206,False,dwarf
6.644762,-10.988314,,,simbad,,,,,,,,,3493.5197250544275,748.5556591512504,3572.816206326842,False,dwarf
6.80739506666,-11.01540888397,,,simbad,,,,,,,,,5666.538467062053,379.6976092878296,5679.2454140662785,False,dwarf
6.645166666666666,-11.018500000000001,,,simbad,,,,,,,,,3498.9266713107445,337.616490505756,3515.1774842632212,False,dwarf
6.6764197876,-10.925669040279999,,,simbad,,,,,,,,,3916.51467434795,1601.3770885279732,4231.252270196751,False,dwarf
6.745833464929999,-11.027148527139998,,,simbad,,,,,,,,,4843.984252875276,219.87917675375613,4848.972086378056,False,dwarf
6.65227336702,-10.82121422029,,,simbad,,,,,,,,,3593.882717942472,3023.3799006826757,4696.468781348127,False,dwarf
6.6438369999999995,-10.733582,,,simbad,,,,,,,,,3481.1603544932086,4216.367105099596,5467.744414167622,False,dwarf
6.686043,-10.980705,,,simbad,,,,,,,,,4045.0950506083072,852.1412993229583,4133.876965085879,False,dwarf
6.703547608850001,-10.976759494530002,,,simbad,,,,,,,,,4278.982561209631,905.853706986362,4373.815576541501,False,dwarf
6.631958333333333,-10.994777777777776,,,simbad,,,,,,,,,3322.4437673511143,660.5605797665004,3387.4729322537355,False,dwarf
6.809583333333333,-11.026666666666667,,,simbad,,,,,,,,,5695.7769521458185,226.43901715374724,5700.276284276497,False,dwarf
6.710625,-11.029166666666667,,,simbad,,,,,,,,,4373.546993457704,192.40509673985994,4377.777178572979,False,dwarf
6.651208333333333,-10.936194444444444,,,simbad,,,,,,,,,3579.6522898411786,1458.0887814652872,3865.2210041341905,False,dwarf
6.64003353039,-10.77910877653,,,simbad,,,,,,,,,3430.3403649491142,3596.5852294504107,4970.177092629607,False,dwarf
6.53775,-11.006555555555556,,,simbad,,,,,,,,,2063.6808466800326,500.2229991499108,2123.441001260112,False,dwarf
6.586916666666667,-10.998694444444443,,,simbad,,,,,,,,,2720.6203629966594,607.240771118061,2787.5646205353037,False,dwarf
6.82906882502,-11.005853569190002,,,simbad,,,,,,,,,5956.131992494903,509.7795383886755,5977.907952601903,False,dwarf
6.57025,-10.997472222222221,,,simbad,,,,,,,,,2497.9290015333954,623.879576653733,2574.6601761916595,False,dwarf
6.560583333333334,-10.952777777777778,,,simbad,,,,,,,,,2368.7680118847115,1232.3304427198245,2670.149848638141,False,dwarf
6.685208333333334,-10.999388888888888,,,simbad,,,,,,,,,4033.9426672262352,597.7869043364209,4077.994927101361,False,dwarf
6.681416666666666,-10.948527777777779,,,simbad,,,,,,,,,3983.2803824933376,1290.1881074234157,4187.0165939596045,False,dwarf
6.625375000000001,-10.997805555555555,,,simbad,,,,,,,,,3234.480679573143,619.341720598538,3293.2429964103617,False,dwarf
6.519125000000001,-10.856555555555556,,,simbad,,,,,,,,,1814.8232502448504,2542.258223983279,3123.5653197972183,False,dwarf
6.66,-10.995305555555554,,,simbad,,,,,,,,,3697.12198301305,653.375641012447,3754.412162449239,False,dwarf
6.709958333333334,-10.929027777777778,,,simbad,,,,,,,,,4364.639338999176,1555.652686651754,4633.58736197193,False,dwarf
6.728416666666667,-10.848222222222223,,,simbad,,,,,,,,,4611.2700218197415,2655.704625362918,5321.332377450917,False,dwarf
6.655374999999999,-10.859583333333333,,,simbad,,,,,,,,,3635.3251302069866,2501.03936481536,4412.571439271036,False,dwarf
6.555541666666667,-11.011277777777778,,,simbad,,,,,,,,,2301.4038750420705,435.93670503478785,2342.328031436939,False,dwarf
6.56325,-10.99172222222222,,,simbad,,,,,,,,,2404.3986297188253,702.1575936056912,2504.826951478265,False,dwarf
6.544208333333334,-10.991472222222221,,,simbad,,,,,,,,,2149.973749247055,705.5609856470712,2262.7866507734893,False,dwarf
6.638958333333334,-11.009416666666667,,,simbad,,,,,,,,,3415.974139165694,461.27306800957837,3446.9772501018588,False,dwarf
6.747000000000001,-10.914805555555555,,,simbad,,,,,,,,,4859.570889851278,1749.267878339666,5164.820165667038,False,dwarf
6.6939166666666665,-10.914277777777778,,,simbad,,,,,,,,,4150.298903590783,1756.4528170936976,4506.673661118945,False,dwarf
6.518750000000001,-10.949861111111112,,,simbad,,,,,,,,,1809.8126946119294,1272.0366832026787,2212.1255192668805,False,dwarf
6.567374999999999,-11.001861111111111,,,simbad,,,,,,,,,2459.514741680977,564.1311385937836,2523.381997652587,False,dwarf
6.567333333333333,-10.99547222222222,,,simbad,,,,,,,,,2458.9580132773203,651.1067129848602,2543.7009381518683,False,dwarf
6.510364,-10.670653,,,simbad,,,,,,,,,1697.7633091780624,5073.055336189859,5349.60659282864,False,dwarf
6.78849333985,-10.98749866086,,,simbad,,,,,,,,,5413.983390422519,759.6553341116896,5467.0186005185,False,dwarf
6.568125,-11.004611111111112,,,simbad,,,,,,,,,2469.5358529468294,526.6938261384946,2525.0769721896067,False,dwarf
6.520208333333334,-11.006722222222221,,,simbad,,,,,,,,,1829.2981887399567,497.9540711223457,1895.8613135655794,False,dwarf
6.589374280590001,-10.677033755880002,,,simbad,,,,,,,,,2753.457726428963,4986.190481069696,5695.930561790707,False,dwarf
6.697,-10.923583333333331,,,simbad,,,,,,,,,4191.496805461496,1629.7710022198103,4497.199016039927,False,dwarf
6.5525,-11.010277777777778,,,simbad,,,,,,,,,2260.762701575025,449.55027320035146,2305.025692040615,False,dwarf
6.585375,-11.006638888888888,,,simbad,,,,,,,,,2700.0214120612977,499.08853513613906,2745.76127722237,False,dwarf
6.607291666666666,-11.007583333333333,,,simbad,,,,,,,,,2992.8605523854762,486.2312763131188,3032.1007800022385,False,dwarf
6.631333333333334,-10.993583333333332,,,simbad,,,,,,,,,3314.0928412962526,676.8212306309007,3382.4988305931156,False,dwarf
6.577,-10.991472222222221,,,simbad,,,,,,,,,2588.119002926014,705.5609856470712,2682.568969807489,False,dwarf
6.673916666666667,-10.924666666666665,,,simbad,,,,,,,,,3883.069269834876,1615.0229700404534,4205.535179747549,False,dwarf
6.648750000000001,-10.716388888888886,,,simbad,,,,,,,,,3546.8053140253587,4450.426695188728,5690.880925203671,False,dwarf
6.5335833333333335,-10.937694444444444,,,simbad,,,,,,,,,2008.0080063142245,1437.6684292169416,2469.6126550107274,False,dwarf
6.645058333333332,-10.714411111111112,,,simbad,,,,,,,,,3497.479177461222,4477.351307782777,5681.464188928676,False,dwarf
6.671708333333333,-10.92147222222222,,,simbad,,,,,,,,,3853.5626644409867,1658.510757235981,4195.307276069416,False,dwarf
6.651583333333334,-11.00625,,,simbad,,,,,,,,,3584.6628454741103,504.3827005338558,3619.9737049211244,False,dwarf
6.672416666666667,-10.952944444444444,,,simbad,,,,,,,,,3863.027047303183,1230.0615146922162,4054.137306274031,False,dwarf
6.613839733732084,-10.753833845409446,,,simbad,,,,,,,,,3080.3524305705173,3940.667227139823,5001.742625483198,False,dwarf
6.737,-10.899916666666666,,,simbad,,,,,,,,,4725.956072973319,1951.9587821379464,5113.198987995564,False,dwarf
6.557833333333334,-10.927555555555555,,,simbad,,,,,,,,,2332.023937243274,1575.6948842288277,2814.4537679735513,False,dwarf
6.554291666666667,-10.920833333333333,,,simbad,,,,,,,,,2284.7020229323266,1667.2083146750776,2828.3293475323517,False,dwarf
6.518208333333333,-11.106055555555553,,,simbad,,,,,,,,,1802.5752253643607,-854.3270333228431,1994.7812218294982,False,dwarf
6.778208333333334,-11.032472222222223,,,simbad,,,,,,,,,5276.56046419123,147.4046908592458,5278.618993179302,False,dwarf
6.55067134706,-11.21467962343,,,simbad,,,,,,,,,2236.3291888038784,-2333.0881857515787,3231.790327850773,False,dwarf
6.72764271674,-11.03052775382,,,simbad,,,,,,,,,4600.92890404731,173.8758439986926,4604.213243239744,False,dwarf
6.554125000000001,-11.022277777777779,,,simbad,,,,,,,,,2282.4751093177,286.18745521367504,2300.3469051811567,False,dwarf
6.55675,-11.07522222222222,,,simbad,,,,,,,,,2317.5489987481574,-434.5753482181969,2357.9417072687684,False,dwarf
6.526958333333334,-11.048138888888888,,,simbad,,,,,,,,,1919.4881901325862,-65.87454373442492,1920.6182253562756,False,dwarf
6.5575833333333335,-11.06697222222222,,,simbad,,,,,,,,,2328.683566821323,-322.2634108523947,2350.8766152986204,False,dwarf
6.559666666666668,-11.032833333333334,,,simbad,,,,,,,,,2356.5199870042325,142.48868013280068,2360.823897099573,False,dwarf
6.518958333333334,-11.044305555555557,,,simbad,,,,,,,,,1812.596336630213,-13.689199099822247,1812.6480280896408,False,dwarf
6.547958333333333,-11.038833333333333,,,simbad,,,,,,,,,2200.0793055762747,60.80727113948414,2200.919461281674,False,dwarf
6.594333333333334,-11.021472222222222,,,simbad,,,,,,,,,2819.718018847818,297.15394068038023,2835.33246203632,False,dwarf
6.7324166666666665,-11.049722222222222,,,simbad,,,,,,,,,4664.715948570912,-87.42935999656365,4665.535207652089,False,dwarf
6.685875,-11.024222222222223,,,simbad,,,,,,,,,4042.850321684764,259.71662822509126,4051.1839566382578,False,dwarf
6.608083333333333,-11.065583333333334,,,simbad,,,,,,,,,3003.438392054996,-303.3556772891577,3018.719404286106,False,dwarf
6.571541666666667,-11.05238888888889,,,simbad,,,,,,,,,2515.187582046796,-123.73220843805932,2518.229185814382,False,dwarf
6.542333333333334,-11.029000000000002,,,simbad,,,,,,,,,2124.92097108244,194.674024767425,2133.8198399267653,False,dwarf
6.5765,-11.046138888888889,,,simbad,,,,,,,,,2581.4382620821234,-38.6474074033194,2581.7275462450666,False,dwarf
6.593708333333334,-11.01475,,,simbad,,,,,,,,,2811.3670927929356,388.6673711266303,2838.106279866469,False,dwarf
6.6025833333333335,-11.039083333333334,,,simbad,,,,,,,,,2929.9502427721204,57.40387909808242,2930.5125200988164,False,dwarf
6.572625,-11.02752777777778,,,simbad,,,,,,,,,2529.6625205419123,214.71622234449873,2538.75865807925,False,dwarf
6.503666666666667,-11.091416666666667,,,simbad,,,,,,,,,1608.2770124876731,-655.0395215660077,1736.5574346130045,False,dwarf
6.504125,-11.104000000000001,,,simbad,,,,,,,,,1614.4010249279074,-826.3435876492375,1813.5970870447745,False,dwarf
6.520458333333334,-11.048944444444444,,,simbad,,,,,,,,,1832.6385591619073,-76.84102920113011,1834.2487923658887,False,dwarf
6.559375,-11.03213888888889,,,simbad,,,,,,,,,2352.622888178614,151.94254691444087,2357.524335302762,False,dwarf
6.5175833333333335,-11.03175,,,simbad,,,,,,,,,1794.2242993094887,157.23671231215764,1801.100835581218,False,dwarf
6.555083333333334,-11.016694444444445,,,simbad,,,,,,,,,2295.279862601836,362.1965441380248,2323.6815582714926,False,dwarf
6.53275,-11.074138888888887,,,simbad,,,,,,,,,1996.8734382410587,-419.82731603886157,2040.5289764286763,False,dwarf
6.541500000000001,-11.071638888888888,,,simbad,,,,,,,,,2113.786403009284,-385.7933956249959,2148.7041447474317,False,dwarf
6.528666666666666,-11.055472222222223,,,simbad,,,,,,,,,1942.3140546825534,-165.70737694852178,1949.369852488886,False,dwarf
6.566916666666667,-11.015083333333333,,,simbad,,,,,,,,,2453.3907292407425,384.1295150714352,2483.280401942849,False,dwarf
6.689166666666667,-11.013833333333332,,,simbad,,,,,,,,,4086.83186557376,401.1464752783789,4106.4721102300655,False,dwarf
6.666083333333334,-11.079444444444444,,,simbad,,,,,,,,,3778.4043299471514,-492.0548582505813,3810.309339685084,False,dwarf
6.534333333333334,-11.087944444444446,,,simbad,,,,,,,,,2018.0291175800876,-607.7701876578284,2107.5640252212265,False,dwarf
6.571583333333334,-11.039444444444444,,,simbad,,,,,,,,,2515.7443104504628,52.487868371658976,2516.291797842626,False,dwarf
6.5603750000000005,-11.038027777777778,,,simbad,,,,,,,,,2365.9843698664176,71.77375660618934,2367.0727725588736,False,dwarf
6.5642499999999995,-11.05763888888889,,,simbad,,,,,,,,,2417.7601114066183,-195.20344130723566,2425.627411579761,False,dwarf
6.538041666666667,-11.042027777777777,,,simbad,,,,,,,,,2067.577945505651,17.31948394395666,2067.6504843095345,False,dwarf
6.542333333333334,-11.052833333333334,,,simbad,,,,,,,,,2124.92097108244,-129.7826831782978,2128.880616239177,False,dwarf
6.600708333333333,-11.043111111111111,,,simbad,,,,,,,,,2904.8974646075053,2.5714517645997192,2904.8986027480014,False,dwarf
6.803965282650001,-11.02990104604,,,simbad,,,,,,,,,5620.711470819358,182.40757308159772,5623.670506076776,False,dwarf
6.549166666666667,-11.090916666666667,,,simbad,,,,,,,,,2216.224429282383,-648.2327374832042,2309.081289797523,False,dwarf
6.563166666666667,-11.032555555555556,,,simbad,,,,,,,,,2403.2851729115123,146.27022684547407,2407.7322528881286,False,dwarf
6.5603750000000005,-11.093944444444446,,,simbad,,,,,,,,,2365.9843698664176,-689.4515966511666,2464.391515684355,False,dwarf
6.5615000000000006,-11.058694444444443,,,simbad,,,,,,,,,2381.016036765191,-209.57331881527764,2390.2214004757525,False,dwarf
6.6727083333333335,-11.042805555555555,,,simbad,,,,,,,,,3866.9241461287897,6.731153148544777,3866.930004582004,False,dwarf
6.5235,-11.053472222222226,,,simbad,,,,,,,,,1873.2797326289526,-138.48024061745957,1878.391262149574,False,dwarf
6.574833333333334,-11.09163888888889,,,simbad,,,,,,,,,2559.169125935802,-658.064758936116,2642.4223436265193,False,dwarf
6.5328333333333335,-11.050361111111108,,,simbad,,,,,,,,,1997.9868950483724,-96.12691743563883,2000.2979820618511,False,dwarf
6.592875,-11.092444444444444,,,simbad,,,,,,,,,2800.2325247197696,-669.0312444027996,2879.045848625133,False,dwarf
6.525666666666666,-11.05413888888889,,,simbad,,,,,,,,,1902.2296096191649,-147.55595272778476,1907.9439842137097,False,dwarf
6.524333333333334,-11.053916666666671,,,simbad,,,,,,,,,1884.4143007021185,-144.53071535771966,1889.9487782404233,False,dwarf
6.560333333333333,-11.029222222222222,,,simbad,,,,,,,,,2365.42764146275,191.64878739733825,2373.1787089696595,False,dwarf
6.523041666666667,-11.050388888888891,,,simbad,,,,,,,,,1867.1557201887078,-96.50507210697545,1869.6480183114106,False,dwarf
6.544458333333333,-11.053972222222223,,,simbad,,,,,,,,,2153.314119668995,-145.28702470019806,2158.2099104378367,False,dwarf
6.5925,-11.044833333333333,,,simbad,,,,,,,,,2795.2219690868487,-20.87413785385406,2795.299909866006,False,dwarf
6.575125,-11.085527777777777,,,simbad,,,,,,,,,2563.066224761399,-574.8707312577128,2626.7441501161525,False,dwarf
6.663083333333334,-11.056472222222222,,,simbad,,,,,,,,,3738.319884883763,-179.3209451140637,3742.6182764308132,False,dwarf
6.567625,-11.03561111111111,,,simbad,,,,,,,,,2462.8551121029277,104.67321300628329,2465.0784540725235,False,dwarf
6.511541666666667,-11.064777777777778,,,simbad,,,,,,,,,1713.4986807790656,-292.38919182243086,1738.2661385777992,False,dwarf
6.644666666666666,-11.01688888888889,,,simbad,,,,,,,,,3492.2459304668428,359.54946143916646,3510.7061190141535,False,dwarf
6.683416666666667,-11.076222222222222,,,simbad,,,,,,,,,4010.0033458689336,-448.18891638380376,4034.972136043734,False,dwarf
6.551333333333334,-11.03177777777778,,,simbad,,,,,,,,,2245.1743062726055,156.85855764088598,2250.647078653571,False,dwarf
6.588666666666668,-11.07775,,,simbad,,,,,,,,,2744.0029559503046,-468.98742330339917,2783.792633347673,False,dwarf
6.592083333333334,-11.058333333333334,,,simbad,,,,,,,,,2789.654685050271,-204.6573080888542,2797.151743394895,False,dwarf
6.539958333333333,-11.053472222222224,,,simbad,,,,,,,,,2093.187452073912,-138.48024061741626,2097.763210317393,False,dwarf
6.5584999999999996,-11.046666666666669,,,simbad,,,,,,,,,2340.9315917017916,-45.83234615739451,2341.3802170902904,False,dwarf
6.544583333333334,-11.04363888888889,,,simbad,,,,,,,,,2154.9843048799758,-4.613486989432092,2154.9892432541824,False,dwarf
6.756608633399999,-11.03712097718,,,simbad,,,,,,,,,4987.956469070097,84.11854835659372,4988.66572016164,False,dwarf
6.569416666666666,-11.040916666666666,,,simbad,,,,,,,,,2486.7944334602294,32.44567079458527,2487.0060868124338,False,dwarf
6.562625,-11.027722222222224,,,simbad,,,,,,,,,2396.047703663954,212.06913964564035,2405.4142924293415,False,dwarf
6.535541666666667,-11.037361111111112,,,simbad,,,,,,,,,2034.1742412861638,80.8494687165362,2035.7803124364589,False,dwarf
6.538916666666667,-11.027083333333335,,,simbad,,,,,,,,,2079.2692419824734,220.76669708473716,2090.95636377139,False,dwarf
6.532291666666667,-11.03188888888889,,,simbad,,,,,,,,,1990.7494258008137,155.34593895582094,1996.8013514309166,False,dwarf
6.5373333333333346,-11.04213888888889,,,simbad,,,,,,,,,2058.1135626434766,15.806865258891634,2058.1742622349393,False,dwarf
6.524416666666667,-11.080499999999999,,,simbad,,,,,,,,,1885.527757509432,-506.42473575866654,1952.3526672522007,False,dwarf
6.557916666666666,-11.01975,,,simbad,,,,,,,,,2333.1373940505764,320.59953029883405,2355.0613916297275,False,dwarf
6.5638749999999995,-11.056500000000003,,,simbad,,,,,,,,,2412.7495557736866,-179.69909978537868,2419.432203090179,False,dwarf
6.592666666666667,-11.075638888888887,,,simbad,,,,,,,,,2797.448882701486,-440.247668287207,2831.8789276309317,False,dwarf
6.499208333333334,-11.047611111111111,,,simbad,,,,,,,,,1548.7070732962468,-58.689604980393106,1549.8187212092196,False,dwarf
6.535500000000001,-11.046111111111111,,,simbad,,,,,,,,,2033.6175128825073,-38.26925273206938,2033.9775624148624,False,dwarf
6.548583333333333,-11.094749999999998,,,simbad,,,,,,,,,2208.4302316311573,-700.4180821178069,2316.8404299260737,False,dwarf
6.504416666666667,-11.026083333333334,,,simbad,,,,,,,,,1618.2981237535148,234.38026525030077,1635.1828417895497,False,dwarf
6.585958333333333,-11.060555555555556,,,simbad,,,,,,,,,2707.815609712513,-234.90968179008976,2717.986007101852,False,dwarf
6.499125,-11.056444444444445,,,simbad,,,,,,,,,1547.5936164889333,-178.9427904428137,1557.9045298248402,False,dwarf
6.539333333333334,-11.035027777777778,,,simbad,,,,,,,,,2084.8365260190617,112.61446110285844,2087.875800202856,False,dwarf
6.563958333333334,-11.030277777777778,,,simbad,,,,,,,,,2413.8630125810214,177.27890988923133,2420.364116284622,False,dwarf
6.567583333333333,-11.037055555555556,,,simbad,,,,,,,,,2462.298383699271,85.00917010045961,2463.765388459139,False,dwarf
6.535958333333333,-11.028194444444445,,,simbad,,,,,,,,,2039.7415253227307,205.6405102341302,2050.0813421850494,False,dwarf
6.555916666666667,-11.058972222222222,,,simbad,,,,,,,,,2306.4144306749913,-213.35486552795103,2316.261605404341,False,dwarf
6.529458333333334,-11.054944444444445,,,simbad,,,,,,,,,1952.8918943520732,-158.52243819446832,1959.3152156907138,False,dwarf
6.527333333333334,-11.039166666666667,,,simbad,,,,,,,,,1924.4987457655072,56.269415084289065,1925.3211860692072,False,dwarf
6.544000000000001,-11.05391666666667,,,simbad,,,,,,,,,2147.190107228782,-144.530715357698,2152.048903780524,False,dwarf
6.546166666666666,-11.059527777777777,,,simbad,,,,,,,,,2176.139984218973,-220.9179589532545,2187.324844531471,False,dwarf
6.561333333333333,-11.020305555555556,,,simbad,,,,,,,,,2378.7891231505428,313.03643687353053,2399.2977104206566,False,dwarf
6.561958333333333,-11.034916666666666,,,simbad,,,,,,,,,2387.140049205415,114.12707978792346,2389.8666500165546,False,dwarf
6.530666666666667,-11.017611111111112,,,simbad,,,,,,,,,1969.0370180581492,349.71743998627625,1999.8522611217768,False,dwarf
6.533625,-11.051694444444445,,,simbad,,,,,,,,,2008.5647347178813,-114.27834165641914,2011.8130710689932,False,dwarf
6.565916666666666,-11.049805555555553,,,simbad,,,,,,,,,2440.0292475529395,-88.56382401033535,2441.635984301734,False,dwarf
6.54675,-11.04486111111111,,,simbad,,,,,,,,,2183.9341818701987,-21.252292525104078,2184.0375845389262,False,dwarf
6.590291666666667,-11.053277777777778,,,simbad,,,,,,,,,2765.7153636929693,-135.83315791853622,2769.048955825349,False,dwarf
6.669416666666667,-11.03888888888889,,,simbad,,,,,,,,,3822.942602239794,60.050961796940804,3823.414214812816,False,dwarf
6.57075,-11.04711111111111,,,simbad,,,,,,,,,2504.609742377297,-51.88282089761132,2505.147059299227,False,dwarf
6.587875,-11.024583333333334,,,simbad,,,,,,,,,2733.4251162807955,254.80061749864612,2745.275254139805,False,dwarf
6.710791666666667,-11.025805555555555,,,simbad,,,,,,,,,4375.773907072342,238.16181196297416,4382.25037332335,False,dwarf
6.564291666666667,-11.054305555555558,,,simbad,,,,,,,,,2418.316839810275,-149.82488075539314,2422.9535349658117,False,dwarf
6.537833333333333,-11.016027777777778,,,simbad,,,,,,,,,2064.7943034873565,371.272256248415,2097.908149556035,False,dwarf
6.530374999999999,-11.07613888888889,,,simbad,,,,,,,,,1965.1399192325312,-447.0544523700104,2015.3492465439058,False,dwarf
6.512875,-11.072999999999999,,,simbad,,,,,,,,,1731.3139896961225,-404.322974516983,1777.8990968667952,False,dwarf
6.599583333333333,-11.025055555555555,,,simbad,,,,,,,,,2889.865797708732,248.371988087136,2900.519431624805,False,dwarf
6.517708333333334,-11.043611111111112,,,simbad,,,,,,,,,1795.89448452048,-4.235332318182072,1795.8994786933165,False,dwarf
6.549583333333333,-11.04111111111111,,,simbad,,,,,,,,,2221.7917133189394,29.798588095726885,2221.991533112853,False,dwarf
6.530916666666667,-11.041500000000001,,,simbad,,,,,,,,,1972.3773884801108,24.50442269798847,1972.5296016332388,False,dwarf
6.774897839030001,-11.051265036420002,,,simbad,,,,,,,,,5232.3273551797,-108.43256624482989,5233.450790175087,False,dwarf
6.609041666666667,-11.037749999999999,,,simbad,,,,,,,,,3016.2431453391428,75.55530331884108,3017.1893072303183,False,dwarf
6.541791666666667,-11.039916666666667,,,simbad,,,,,,,,,2117.6835018348816,46.0592389601272,2118.1843327333986,False,dwarf
6.549743,-11.161305,,,simbad,,,,,,,,,2223.9250965617744,-1606.469111376409,2743.462381904262,False,dwarf
6.525916666666668,-11.071361111111113,,,simbad,,,,,,,,,1905.569980041137,-382.01184891236585,1943.483985409559,False,dwarf
6.523625,-11.052722222222222,,,simbad,,,,,,,,,1874.949917839923,-128.27006449323275,1879.3324356943963,False,dwarf
6.540625,-11.046138888888889,,,simbad,,,,,,,,,2102.095106532451,-38.6474074033194,2102.4503463831616,False,dwarf
6.550666666666667,-11.029555555555557,,,simbad,,,,,,,,,2236.2666518140772,187.11093134212155,2244.080889505425,False,dwarf
6.508625,-11.054555555555558,,,simbad,,,,,,,,,1674.5276925229903,-153.2282727967732,1681.5236830359104,False,dwarf
6.542416666666666,-11.053861111111111,,,simbad,,,,,,,,,2126.0344278897423,-143.77440601511137,2130.8902994751893,False,dwarf
6.5903333333333345,-11.018027777777778,,,simbad,,,,,,,,,2766.2720920966362,344.0451199172878,2787.5846771087695,False,dwarf
6.711250000000001,-11.069638888888889,,,simbad,,,,,,,,,4381.897919512586,-358.5662592938904,4396.543999476491,False,dwarf
6.544125000000001,-11.047805555555557,,,simbad,,,,,,,,,2148.860292439752,-61.33668767927314,2149.7355059820084,False,dwarf
6.526083333333333,-11.05413888888889,,,simbad,,,,,,,,,1907.7968936557531,-147.55595272778476,1913.49464243513,False,dwarf
6.531000000000001,-11.054611111111113,,,simbad,,,,,,,,,1973.4908452874245,-153.98458213931653,1979.489168439649,False,dwarf
6.5405,-11.084444444444447,,,simbad,,,,,,,,,2100.4249213214703,-560.1226990783991,2173.8266462924717,False,dwarf
6.586041666666667,-11.018333333333334,,,simbad,,,,,,,,,2708.929066519837,339.88541853336443,2730.1682704858385,False,dwarf
6.538625,-11.039138888888889,,,simbad,,,,,,,,,2075.372143156855,56.64756975556073,2076.1451008421086,False,dwarf
6.530416666666667,-11.065694444444448,,,simbad,,,,,,,,,1965.6966476362093,-304.86829597424435,1989.1978253603816,False,dwarf
6.770208333333334,-11.077722222222222,,,simbad,,,,,,,,,5169.6686106888665,-468.6092686321275,5190.863915668537,False,dwarf
6.555291666666667,-11.028,,,simbad,,,,,,,,,2298.06350462013,208.2875929329886,2307.4833894606422,False,dwarf
6.576625,-11.037472222222222,,,simbad,,,,,,,,,2583.108447293094,79.33685003149282,2584.326524696494,False,dwarf
6.578,-11.079555555555556,,,simbad,,,,,,,,,2601.4804846138177,-493.5674769356679,2647.8877555733334,False,dwarf
6.605416666666667,-11.098694444444444,,,simbad,,,,,,,,,2967.8077742208716,-754.1160454375395,3062.119199951595,False,dwarf
6.511333333333333,-11.039166666666667,,,simbad,,,,,,,,,1710.7150387607608,56.269415084289065,1711.6402048667119,False,dwarf
6.5424999999999995,-11.035277777777777,,,simbad,,,,,,,,,2127.147884697056,109.21106906147837,2129.9495724022927,False,dwarf
6.568708333333333,-11.044555555555556,,,simbad,,,,,,,,,2477.330050598044,-17.09259114120232,2477.3890159335147,False,dwarf
6.534416666666667,-11.037361111111112,,,simbad,,,,,,,,,2019.1425743873904,80.8494687165362,2020.7605925233906,False,dwarf
6.510958333333333,-11.051722222222223,,,simbad,,,,,,,,,1705.70448312784,-114.65649632769082,1709.5537124970813,False,dwarf
6.530875000000001,-11.049972222222221,,,simbad,,,,,,,,,1971.820660076454,-90.83275203794372,1973.9116759235023,False,dwarf
6.518583333333334,-11.056722222222222,,,simbad,,,,,,,,,1807.5857809972922,-182.72433715544378,1816.7978806274757,False,dwarf
6.558958333333333,-11.010361111111111,,,simbad,,,,,,,,,2347.055604142026,448.4158091865581,2389.507636912451,False,dwarf
6.542083333333333,-11.080833333333334,,,simbad,,,,,,,,,2121.5806006604785,-510.96259181388325,2182.2435737864,False,dwarf
6.5557500000000015,-11.06375,,,simbad,,,,,,,,,2304.1875170603753,-278.39746898561725,2320.9449076861897,False,dwarf
6.521708333333334,-11.041722222222221,,,simbad,,,,,,,,,1849.340411271651,21.479185327901718,1849.4651421869917,False,dwarf
6.595375000000001,-11.046694444444444,,,simbad,,,,,,,,,2833.6362289392673,-46.21050082864453,2834.0130007365856,False,dwarf
6.591916666666667,-11.027638888888891,,,simbad,,,,,,,,,2787.4277714356335,213.2036036594337,2795.569594480522,False,dwarf
6.623708333333333,-11.018083333333333,,,simbad,,,,,,,,,3212.2115434268003,343.2888105747661,3230.503088868702,False,dwarf
6.565874999999998,-11.049333333333331,,,simbad,,,,,,,,,2439.4725191492716,-82.13519459882524,2440.8548424427618,False,dwarf
6.513833333333334,-11.060055555555556,,,simbad,,,,,,,,,1744.118742980269,-228.10289770730796,1758.971609082291,False,dwarf
6.516958333333334,-11.029194444444444,,,simbad,,,,,,,,,1785.8733732546277,192.02694206858828,1796.1676012499713,False,dwarf
6.672750237260001,-11.1301283575,,,simbad,,,,,,,,,3867.4840446775997,-1182.0437635295066,4044.0895507808436,False,dwarf
6.572791666666667,-11.054944444444445,,,simbad,,,,,,,,,2531.8894341565497,-158.52243819446832,2536.847151525825,False,dwarf
6.530916666666667,-11.054000000000002,,,simbad,,,,,,,,,1972.3773884801108,-145.66517937146972,1977.748949454643,False,dwarf
6.575125,-11.07397222222222,,,simbad,,,,,,,,,2563.066224761399,-417.5583880112749,2596.856461168238,False,dwarf
6.678708333333334,-11.051361111111111,,,simbad,,,,,,,,,3947.093036255567,-109.74048560122407,3948.6182913820858,False,dwarf
6.519375,-11.007611111111112,,,simbad,,,,,,,,,1818.1636206667908,485.85312164182545,1881.9596720772952,False,dwarf
6.5365,-11.025916666666667,,,simbad,,,,,,,,,2046.9789945702998,236.64919327790912,2060.612977948824,False,dwarf
6.55425,-11.024472222222222,,,simbad,,,,,,,,,2284.1452945286596,256.3132361837112,2298.4812815336095,False,dwarf
6.463916666666667,-10.994083333333332,,,simbad,,,,,,,,,1077.1581153978002,670.0144465481189,1268.5381208897597,False,dwarf
6.606416666666666,-11.030694444444446,,,simbad,,,,,,,,,2981.169255908664,171.6065898202429,2986.1043106436773,False,dwarf
6.540041666666667,-11.01763888888889,,,simbad,,,,,,,,,2094.300908881247,349.3392853150046,2123.2367350828345,False,dwarf
6.592541666666667,-11.0245,,,simbad,,,,,,,,,2795.7786974905157,255.93508151246112,2807.4688406624487,False,dwarf
6.512362985230001,-10.71061096404,,,simbad,,,,,,,,,1724.4727137229,4529.0848689744935,4846.27856099384,False,dwarf
6.610833333333334,-11.010333333333334,,,simbad,,,,,,,,,3040.1824666964444,448.7939638578298,3073.129586074056,False,dwarf
6.564166666666667,-11.021722222222223,,,simbad,,,,,,,,,2416.646654599305,293.75054863897856,2434.4343158137813,False,dwarf
6.553875000000001,-11.01975,,,simbad,,,,,,,,,2279.1347388957493,320.59953029883405,2301.573204760002,False,dwarf
6.577333333333334,-11.007833333333332,,,simbad,,,,,,,,,2592.572830155289,482.8278842717171,2637.1493407635653,False,dwarf
6.549666666666667,-10.996583333333332,,,simbad,,,,,,,,,2222.905170126274,635.9805261342316,2312.093991384453,False,dwarf
6.537083333333333,-11.032833333333334,,,simbad,,,,,,,,,2054.7731922215044,142.48868013280068,2059.707720876469,False,dwarf
6.469541666666666,-11.02922222222222,,,simbad,,,,,,,,,1152.3164498916353,191.6487873973599,1168.144879029027,False,dwarf
6.480666666666667,-10.999249999999998,,,simbad,,,,,,,,,1300.962933668378,599.6776776927576,1432.521508355812,False,dwarf
6.561708333333333,-11.011138888888889,,,simbad,,,,,,,,,2383.7996787834636,437.82747839112454,2423.673618580372,False,dwarf
6.5646249999999995,-11.012027777777776,,,simbad,,,,,,,,,2422.770667039539,425.7265289106477,2459.8904005027384,False,dwarf
6.534958333333334,-11.021638888888889,,,simbad,,,,,,,,,2026.3800436349486,294.88501265279353,2047.7239198508216,False,dwarf
6.583333333333333,-11.025166666666667,,,simbad,,,,,,,,,2672.741720282045,246.859369402071,2684.117704497665,False,dwarf
6.605666666666666,-11.026472222222223,,,simbad,,,,,,,,,2971.148144642812,229.086099852584,2979.9667344720633,False,dwarf
6.505249999999999,-11.015166666666667,,,simbad,,,,,,,,,1629.4326918266702,382.99505105762023,1673.838733668252,False,dwarf
6.501291666666667,-11.020722222222224,,,simbad,,,,,,,,,1576.543493479156,307.36411680452045,1606.2260386167586,False,dwarf
6.551375,-10.940972222222223,,,simbad,,,,,,,,,2245.731034676252,1393.046178007599,2642.7042086033102,False,dwarf
6.61425,-10.981944444444444,,,simbad,,,,,,,,,3085.8341957964003,835.2680378911103,3196.8805700352464,False,dwarf
6.540333333333334,-11.021027777777778,,,simbad,,,,,,,,,2098.198007706844,303.2044154206187,2119.9924049570386,False,dwarf
6.572875000000001,-11.017,,,simbad,,,,,,,,,2533.002890963863,358.0368427541231,2558.1817813440525,False,dwarf
6.5645,-11.031500000000001,,,simbad,,,,,,,,,2421.100481828569,160.6401043535377,2426.4238678015936,False,dwarf
6.567374999999999,-10.995138888888889,,,simbad,,,,,,,,,2459.514741680977,655.644569040012,2545.4042047301064,False,dwarf
6.591791666666667,-11.029222222222222,,,simbad,,,,,,,,,2785.7575862246636,191.64878739733825,2792.3421328553445,False,dwarf
6.519333333333334,-11.021027777777778,,,simbad,,,,,,,,,1817.6068922631446,303.2044154206187,1842.7229125218598,False,dwarf
6.573166666666667,-11.028777777777778,,,simbad,,,,,,,,,2536.8999897894705,197.6992621375767,2544.5916286201127,False,dwarf
6.561291666666667,-11.015916666666666,,,simbad,,,,,,,,,2378.2323947468967,372.78487493348,2407.2718762953905,False,dwarf
6.546791666666667,-11.022694444444445,,,simbad,,,,,,,,,2184.490910273855,280.5151351446866,2202.4280415292433,False,dwarf
6.566416666666666,-11.021194444444445,,,simbad,,,,,,,,,2446.709988396841,300.935487393032,2465.147446886971,False,dwarf
6.5912500000000005,-11.005805555555556,,,simbad,,,,,,,,,2778.5201169771053,510.43317527409425,2825.0161179835527,False,dwarf
6.526208333333333,-11.02036111111111,,,simbad,,,,,,,,,1909.467078866723,312.2801275310089,1934.8342056431088,False,dwarf
6.5424999999999995,-11.010055555555555,,,simbad,,,,,,,,,2127.147884697056,452.5755105704815,2174.760381315443,False,dwarf
6.604208333333333,-11.026222222222223,,,simbad,,,,,,,,,2951.6626505147847,232.4894918939857,2960.804580901125,False,dwarf
6.597208333333334,-10.994944444444442,,,simbad,,,,,,,,,2858.132278700226,658.2916517389137,2932.9623286529427,False,dwarf
6.584156,-11.025793,,,simbad,,,,,,,,,2683.733765883878,238.3327378743788,2694.295718752483,False,dwarf
6.564416666666666,-11.028833333333333,,,simbad,,,,,,,,,2419.987025021245,196.94295279505502,2427.987588091589,False,dwarf
6.5611250000000005,-11.023,,,simbad,,,,,,,,,2376.00548113227,276.3554337607849,2392.0230709881753,False,dwarf
6.485998574819999,-10.72790305758,,,simbad,,,,,,,,,1372.2051268201244,4293.67777484253,4507.617524174842,False,dwarf
6.595625,-11.028027777777778,,,simbad,,,,,,,,,2836.9765993612073,207.9094382617386,2844.584778107587,False,dwarf
6.6065595833333335,-10.850504805555554,,,simbad,,,,,,,,,2983.0788343332156,2624.630521561045,3973.3417555700667,False,dwarf
6.555458333333334,-11.029277777777779,,,simbad,,,,,,,,,2300.290418234757,190.89247805477328,2308.1975535903607,False,dwarf
6.569833333333333,-11.027444444444445,,,simbad,,,,,,,,,2492.3617174968176,215.85068635831374,2501.691117953022,False,dwarf
6.556875000000001,-10.99922222222222,,,simbad,,,,,,,,,2319.219183959138,600.0558323640292,2395.5885759449966,False,dwarf
6.523333333333333,-11.032416666666668,,,simbad,,,,,,,,,1871.0528190143154,148.16100020178914,1876.909783000294,False,dwarf
6.565625,-11.000499999999999,,,simbad,,,,,,,,,2436.132148727342,582.660717485814,2504.8419825937085,False,dwarf
6.522458333333334,-11.025527777777778,,,simbad,,,,,,,,,1859.3615225375033,241.9433586756259,1875.0364957248767,False,dwarf
6.562625,-11.002305555555555,,,simbad,,,,,,,,,2396.047703663954,558.0806638535452,2460.1826406997757,False,dwarf
6.5240833333333335,-11.030166666666668,,,simbad,,,,,,,,,1881.0739302801676,178.7915285742747,1889.551677480561,False,dwarf
6.58575,-11.015583333333334,,,simbad,,,,,,,,,2705.0319676942295,377.3227309886534,2731.22140984001,False,dwarf
6.596958333333333,-10.930499999999999,,,simbad,,,,,,,,,2854.791908278264,1535.610489074702,3241.5947331101243,False,dwarf
6.582458333333333,-11.015527777777777,,,simbad,,,,,,,,,2661.0504238052335,378.0790403311968,2687.774752238694,False,dwarf
6.563291666666667,-11.024138888888888,,,simbad,,,,,,,,,2404.9553581224927,260.85109223890623,2419.0604719362263,False,dwarf
6.590041666666667,-11.014666666666667,,,simbad,,,,,,,,,2762.3749932710184,389.80183514040203,2789.7421160616054,False,dwarf
6.471583333333334,-11.023333333333333,,,simbad,,,,,,,,,1179.5961416708988,271.81757770558977,1210.5089231371264,False,dwarf
6.54,-11.030000000000001,,,simbad,,,,,,,,,2093.7441804775794,181.0604566018831,2101.558369931374,False,dwarf
6.583041666666667,-11.008555555555555,,,simbad,,,,,,,,,2668.8446214564588,472.9958628188269,2710.434780569493,False,dwarf
6.534000000000001,-11.024194444444445,,,simbad,,,,,,,,,2013.5752903508128,260.0947828963629,2030.3041018530369,False,dwarf
6.556291666666667,-11.0335,,,simbad,,,,,,,,,2311.424986307912,133.41296802245384,2315.272011528039,False,dwarf
6.5713333333333335,-11.006333333333332,,,simbad,,,,,,,,,2512.4039400285124,503.24823652006245,2562.3099627936012,False,dwarf
6.577,-10.942388888888889,,,simbad,,,,,,,,,2588.119002926014,1373.7602897730906,2930.1155791306583,False,dwarf
6.538875,-10.99788888888889,,,simbad,,,,,,,,,2078.712513578806,618.2072565847446,2168.6922156459073,False,dwarf
6.505708333333334,-11.033000000000001,,,simbad,,,,,,,,,1635.5567042669259,140.21975210521398,1641.5563687406338,False,dwarf
6.592708333333334,-11.027694444444446,,,simbad,,,,,,,,,2798.0056111051535,212.447294316912,2806.059381523937,False,dwarf
6.607125,-10.941583333333334,,,simbad,,,,,,,,,2990.63363877086,1384.726775239774,3295.657415966317,False,dwarf
6.462041666666668,-11.016055555555555,,,simbad,,,,,,,,,1052.1053372331958,370.8941015771433,1115.5662576554084,False,dwarf
6.557166666666666,-11.028694444444444,,,simbad,,,,,,,,,2323.1162827847347,198.83372615137006,2331.6097688066934,False,dwarf
6.540125,-11.028333333333334,,,simbad,,,,,,,,,2095.41436568855,203.74973687781517,2105.296966988678,False,dwarf
6.546666666666666,-11.0195,,,simbad,,,,,,,,,2182.8207250628743,324.0029223402141,2206.7360991856303,False,dwarf
6.543708333333333,-11.03275,,,simbad,,,,,,,,,2143.293008403153,143.6231441466157,2148.099748010878,False,dwarf
6.510833333333333,-10.93513888888889,,,simbad,,,,,,,,,1704.0342979168697,1472.4586589733508,2252.080680362637,False,dwarf
6.437659603695,-10.819359273518886,,,simbad,,,,,,,,,726.3248493265676,3048.632344994727,3133.960268047014,False,dwarf
6.57725,-10.93311111111111,,,simbad,,,,,,,,,2591.459373347965,1500.0639499757494,2994.303514630719,False,dwarf
6.523791666666667,-11.014777777777777,,,simbad,,,,,,,,,1877.1768314545602,388.28921645535866,1916.914544825955,False,dwarf
6.529375,-11.022611111111113,,,simbad,,,,,,,,,1951.778437544749,281.64959915848,1971.9953260519544,False,dwarf
6.543125000000001,-11.0155,,,simbad,,,,,,,,,2135.498810751949,378.45719500246844,2168.775004275945,False,dwarf
6.554541666666667,-11.026611111111112,,,simbad,,,,,,,,,2288.042393354278,227.19532649626893,2299.294611433715,False,dwarf
6.527583333333333,-11.026555555555557,,,simbad,,,,,,,,,1927.8391161874472,227.95163583879062,1941.269071041925,False,dwarf
6.581125,-11.022027777777778,,,simbad,,,,,,,,,2643.2351148881767,289.59084725507677,2659.051472121558,False,dwarf
6.37818607003,-10.725998831660002,,,simbad,,,,,,,,,-68.32968164681847,4319.601084207059,4320.141487506718,False,dwarf
6.57054628539,-10.714977158109999,,,simbad,,,,,,,,,2501.887813346235,4469.645388378523,5122.223396965795,False,dwarf
6.550166666666668,-11.016388888888889,,,simbad,,,,,,,,,2229.5859109701755,366.3562455219482,2259.4845060388543,False,dwarf
6.569791666666666,-10.997944444444444,,,simbad,,,,,,,,,2491.8049890931507,617.4509472422013,2567.165319164274,False,dwarf
6.557041666666667,-11.030833333333334,,,simbad,,,,,,,,,2321.4460975737647,169.71581646392787,2327.6416052086884,False,dwarf
6.5449166666666665,-11.011833333333334,,,simbad,,,,,,,,,2159.43813210924,428.3736116094844,2201.5169764348393,False,dwarf
6.578458333333334,-11.026500000000002,,,simbad,,,,,,,,,2607.604497054052,228.7079451813123,2617.61504756631,False,dwarf
6.529041666666666,-11.024333333333335,,,simbad,,,,,,,,,1947.3246103154745,258.2040095400262,1964.368205933618,False,dwarf
6.524375,-11.022416666666668,,,simbad,,,,,,,,,1884.9710291057752,284.29668185733834,1906.2896904414024,False,dwarf
6.543541666666666,-11.031027777777778,,,simbad,,,,,,,,,2141.066094788516,167.06873376506948,2147.574442028683,False,dwarf
6.5231666666666674,-11.018333333333334,,,simbad,,,,,,,,,1868.8259053996992,339.88541853336443,1899.4821300619296,False,dwarf
6.580166666666667,-11.010944444444446,,,simbad,,,,,,,,,2630.4303616040406,440.4745610899613,2667.0548787409225,False,dwarf
6.5419583333333335,-11.031166666666667,,,simbad,,,,,,,,,2119.910415449508,165.1779604087328,2126.3357985360863,False,dwarf
6.603208333333334,-10.994444444444444,,,simbad,,,,,,,,,2938.301168827003,665.0984358216738,3012.635007441587,False,dwarf
6.557833333333334,-10.999611111111111,,,simbad,,,,,,,,,2332.023937243274,594.7616669662908,2406.673447804696,False,dwarf
6.593750000000001,-10.945666666666668,,,simbad,,,,,,,,,2811.9238211966026,1329.138038563748,3110.228850385449,False,dwarf
6.565833333333334,-11.017583333333333,,,simbad,,,,,,,,,2438.9157907456365,350.0955946575479,2463.915006599667,False,dwarf
6.53725,-11.00375,,,simbad,,,,,,,,,2057.0001058361418,538.4166209477214,2126.2976962604885,False,dwarf
6.529541666666667,-11.027027777777779,,,simbad,,,,,,,,,1954.0053511593867,221.5230064272805,1966.5221470240551,False,dwarf
6.549208333333333,-11.028500000000001,,,simbad,,,,,,,,,2216.781157686018,201.4808088502068,2225.9185109537807,False,dwarf
6.569541666666666,-11.029305555555556,,,simbad,,,,,,,,,2488.4646186712,190.51432338352325,2495.7467551401687,False,dwarf
6.5895833333333345,-11.01136111111111,,,simbad,,,,,,,,,2756.2509808307946,434.8022410210162,2790.3355457950956,False,dwarf
6.492958333333334,-11.033694444444443,,,simbad,,,,,,,,,1465.1978127475293,130.7658853236171,1471.0215318766116,False,dwarf
6.530708333333334,-11.014722222222222,,,simbad,,,,,,,,,1969.5937464618169,389.0455257978803,2007.649358639313,False,dwarf
6.559166666666666,-11.030888888888889,,,simbad,,,,,,,,,2349.8392461603203,168.95950712140618,2355.9057277068646,False,dwarf
6.534666666666667,-11.030777777777779,,,simbad,,,,,,,,,2022.4829448093415,170.47212580644955,2029.6546523292172,False,dwarf
6.505833333333333,-11.020611111111112,,,simbad,,,,,,,,,1637.2268894778958,308.87673548960714,1666.1082573939134,False,dwarf
6.51375,-11.013777777777777,,,simbad,,,,,,,,,1743.005286172945,401.9027846209222,1788.7406955489332,False,dwarf
6.570458333333333,-10.869777777777777,,,simbad,,,,,,,,,2500.712643551679,2362.2566004609525,3440.0319725317327,False,dwarf
6.593416666666667,-10.977916666666667,,,simbad,,,,,,,,,2807.469993967328,890.1004652245714,2945.1938145425856,False,dwarf
6.565666666666667,-10.992777777777777,,,simbad,,,,,,,,,2436.688877130999,687.7877160976059,2531.8974359852514,False,dwarf
6.598458333333333,-10.956361111111109,,,simbad,,,,,,,,,2874.834130809959,1183.5484901266018,3108.9320205097456,False,dwarf
6.557666666666667,-11.021527777777779,,,simbad,,,,,,,,,2329.7970236286365,296.3976313378369,2348.5752547388242,False,dwarf
6.548375,-11.010222222222222,,,simbad,,,,,,,,,2205.646589612863,450.3065825428948,2251.1447968872003,False,dwarf
6.512666666666667,-10.894166666666667,,,simbad,,,,,,,,,1728.5303476778388,2030.2367990898829,2666.3980616595873,False,dwarf
6.553166666666667,-11.010361111111111,,,simbad,,,,,,,,,2269.670356033553,448.4158091865581,2313.5427947167764,False,dwarf
6.50953344457,-10.63107313929,,,simbad,,,,,,,,,1686.6658580094183,5611.878467948643,5859.865327428632,False,dwarf
6.432513716390001,-10.78525370028,,,simbad,,,,,,,,,657.5681703333616,3512.9308911076623,3573.9445077300848,False,dwarf
6.569471958333333,-10.700977805555555,,,simbad,,,,,,,,,2487.5332120518797,4660.226528652104,5282.568767125894,False,dwarf
6.451499999999999,-11.026555555555557,,,simbad,,,,,,,,,911.2530511076575,227.95163583879062,939.3317153352141,False,dwarf
6.381076000000001,-10.672846999999999,,,simbad,,,,,,,,,-29.715935273639758,5043.18716763465,5043.274714370018,False,dwarf
6.348260923430001,-10.746818866710003,,,simbad,,,,,,,,,-468.17397994731107,4036.1661178446166,4063.22824935255,False,dwarf
6.539583333333334,-11.032555555555556,,,simbad,,,,,,,,,2088.176896441002,146.27022684547407,2093.293512647331,False,dwarf
6.371275397876249,-10.92507745102444,,,simbad,,,,,,,,,-160.6665010795249,1609.430729184534,1617.4303683969204,False,dwarf
6.605208333333334,-11.027055555555558,,,simbad,,,,,,,,,2965.024132202588,221.14485175600885,2973.2596842526045,False,dwarf
6.651912500000002,-10.714130555555554,,,simbad,,,,,,,,,3589.0609998630252,4481.17066996258,5741.275941293073,False,dwarf
6.549791666666667,-10.946805555555557,,,simbad,,,,,,,,,2224.5753553372438,1313.6336970418695,2583.4800176462977,False,dwarf
6.595250000000001,-11.003361111111111,,,simbad,,,,,,,,,2831.9660437282973,543.7107863454382,2883.687412327917,False,dwarf
6.554291666666667,-11.03325,,,simbad,,,,,,,,,2284.7020229323266,136.8163600638339,2288.7948903237666,False,dwarf
6.667333333333334,-10.9925,,,simbad,,,,,,,,,3795.1061820568843,691.569262810236,3857.6027501999574,False,dwarf
6.560208333333334,-11.033083333333334,,,simbad,,,,,,,,,2363.7574562517802,139.08528809142064,2367.8458626670276,False,dwarf
6.553416666666667,-11.016250000000001,,,simbad,,,,,,,,,2273.010726455504,368.2470188782633,2302.64709182595,False,dwarf
6.52525,-10.926388888888889,,,simbad,,,,,,,,,1896.6623255825873,1591.577380421978,2475.9738559110906,False,dwarf
6.589083333333335,-11.023611111111112,,,simbad,,,,,,,,,2749.5702399868933,268.03603099293804,2762.6038113584127,False,dwarf
6.578458333333334,-11.019222222222222,,,simbad,,,,,,,,,2607.604497054052,327.7844690528875,2628.1255432739126,False,dwarf
6.521333333333334,-11.008638888888889,,,simbad,,,,,,,,,1844.32985563873,471.8613988050119,1903.7346968741733,False,dwarf
6.36689020683,-10.806350240010001,,,simbad,,,,,,,,,-219.25915094146288,3225.7317094359328,3233.17485399909,False,dwarf
6.44556404647,-10.81511320609,,,simbad,,,,,,,,,831.939916716965,3106.4364733734033,3215.9091386622877,False,dwarf
6.563041666666667,-11.025694444444445,,,simbad,,,,,,,,,2401.614987700542,239.67443064801753,2413.5447751915285,False,dwarf
6.620833333333334,-11.008861111111111,,,simbad,,,,,,,,,3173.7972835743926,468.8361614349035,3208.2388538718883,False,dwarf
6.59599589647,-11.22882519532,,,simbad,,,,,,,,,2841.9323257531782,-2525.659892916875,3802.04382389916,False,dwarf
6.712599976039999,-11.23294998522,,,simbad,,,,,,,,,4399.935599649987,-2581.8130013891077,5101.489160549998,False,dwarf
6.758753619330001,-11.137068259229999,,,simbad,,,,,,,,,5016.616659294406,-1276.5205887930797,5176.480225010311,False,dwarf
6.6034999999999995,-11.040666666666667,,,simbad,,,,,,,,,2942.198267652589,35.84906283596534,2942.4166600745234,False,dwarf
6.564583333333333,-11.040666666666667,,,simbad,,,,,,,,,2422.213938635882,35.84906283596534,2422.479209369643,False,dwarf
6.571666666666667,-11.04186111111111,,,simbad,,,,,,,,,2516.8577672577762,19.588411971565023,2516.933993272244,False,dwarf
6.572000000000001,-11.061166666666667,,,simbad,,,,,,,,,2521.311594487051,-243.22908455793657,2533.0164910773337,False,dwarf
6.568458333333333,-11.068083333333332,,,simbad,,,,,,,,,2473.9896801760938,-337.3895977030017,2496.8894004853328,False,dwarf
6.6034999999999995,-11.07188888888889,,,simbad,,,,,,,,,2942.198267652589,-389.19678766639765,2967.828294512292,False,dwarf
6.561375000000001,-11.06258333333333,,,simbad,,,,,,,,,2379.3458515542206,-262.51497279242363,2393.7837814323343,False,dwarf
6.6009166666666665,-11.068416666666666,,,simbad,,,,,,,,,2907.6811066257887,-341.92745375819675,2927.71648242485,False,dwarf
6.5585,-11.068916666666667,,,simbad,,,,,,,,,2340.931591701802,-348.73423784097855,2366.7649409415503,False,dwarf
6.559125000000001,-11.052722222222222,,,simbad,,,,,,,,,2349.2825177566738,-128.27006449323275,2352.7816638358595,False,dwarf
6.559,-11.053555555555556,,,simbad,,,,,,,,,2347.6123325456933,-139.6147046312096,2351.760176903651,False,dwarf
6.7227500000000004,-11.0475,,,simbad,,,,,,,,,4535.554958922228,-57.17698629532808,4535.9153423720145,False,dwarf
6.581083333333334,-11.07936111111111,,,simbad,,,,,,,,,2642.6783864845197,-490.92039423676624,2687.889857838302,False,dwarf
6.594458333333334,-11.037472222222222,,,simbad,,,,,,,,,2821.388204058788,79.33685003149282,2822.5034515080742,False,dwarf
6.57075,-11.036444444444443,,,simbad,,,,,,,,,2504.609742377297,93.32857286832808,2506.347977461412,False,dwarf
6.571250000000001,-11.059805555555556,,,simbad,,,,,,,,,2511.2904832211984,-224.6995056659279,2521.3230175770564,False,dwarf
6.574083333333333,-11.039833333333334,,,simbad,,,,,,,,,2549.148014669939,47.19370297392056,2549.584838026788,False,dwarf
6.589791666666668,-11.05738888888889,,,simbad,,,,,,,,,2759.034622849078,-191.80004926583393,2765.6932781815,False,dwarf
6.573375,-11.059694444444444,,,simbad,,,,,,,,,2539.683631807765,-223.18688698086285,2549.4715797969757,False,dwarf
6.5644583333333335,-11.0625,,,simbad,,,,,,,,,2420.543753424912,-261.3805087786736,2434.6153356564896,False,dwarf
6.73675,-11.063027777777778,,,simbad,,,,,,,,,4722.6157025513585,-268.56544753272703,4730.245921048198,False,dwarf
6.579416666666667,-11.039583333333333,,,simbad,,,,,,,,,2620.409250338188,50.59709501532228,2620.8976907315428,False,dwarf
6.559791666666667,-11.048638888888888,,,simbad,,,,,,,,,2358.190172215213,-72.68132781720671,2359.3099549965214,False,dwarf
6.600875,-11.052166666666666,,,simbad,,,,,,,,,2907.1243782221427,-120.70697106792927,2909.6292415560224,False,dwarf
6.583708333333333,-11.048194444444444,,,simbad,,,,,,,,,2677.7522759149765,-66.63085307696825,2678.5811396613694,False,dwarf
6.588916666666667,-11.088277777777778,,,simbad,,,,,,,,,2747.3433263722554,-612.3080437130019,2814.749810082206,False,dwarf
6.595583333333334,-11.062333333333335,,,simbad,,,,,,,,,2836.419870957561,-259.11158075110853,2848.2304147737495,False,dwarf
6.580791666666666,-11.065111111111113,,,simbad,,,,,,,,,2638.781287658902,-296.92704787764757,2655.434494740947,False,dwarf
6.709625000000001,-11.0615,,,simbad,,,,,,,,,4360.1855117699215,-247.76694061313165,4367.219499167533,False,dwarf
6.576208333333334,-11.054194444444445,,,simbad,,,,,,,,,2577.5411632565156,-148.31226207030645,2581.8045966653176,False,dwarf
6.559125000000002,-11.052055555555556,,,simbad,,,,,,,,,2349.282517756695,-119.1943523828859,2352.3043259487517,False,dwarf
6.580625,-11.042694444444445,,,simbad,,,,,,,,,2636.5543740442745,8.243771833588154,2636.567262003008,False,dwarf
6.59225,-11.069805555555554,,,simbad,,,,,,,,,2791.881598664898,-360.83518732145546,2815.1029987147854,False,dwarf
6.564166666666667,-11.035194444444445,,,simbad,,,,,,,,,2416.646654599305,110.34553307525007,2419.16456444279,False,dwarf
6.567333333333332,-11.070555555555556,,,simbad,,,,,,,,,2458.9580132773094,-371.04536344566066,2486.7949599424587,False,dwarf
6.572000000000001,-11.036722222222222,,,simbad,,,,,,,,,2521.311594487051,89.54702615565469,2522.9012716291845,False,dwarf
6.569375,-11.05563888888889,,,simbad,,,,,,,,,2486.237705056573,-167.97630497610848,2491.9056894430014,False,dwarf
6.563833333333334,-11.101166666666666,,,simbad,,,,,,,,,2412.1928273700514,-787.7718111801552,2537.5694400164866,False,dwarf
6.56598915034,-11.16941421877,,,simbad,,,,,,,,,2440.997736826853,-1716.864513871198,2984.3079114233506,False,dwarf
6.675458333333333,-11.046916666666666,,,simbad,,,,,,,,,3903.668220770228,-49.235738198752934,3903.978705854756,False,dwarf
6.572541666666668,-11.049666666666667,,,simbad,,,,,,,,,2528.5490637346097,-86.67305065404196,2530.034107561171,False,dwarf
6.588958333333334,-11.038972222222222,,,simbad,,,,,,,,,2747.9000547759124,58.91649778314745,2748.531583363832,False,dwarf
6.648365791666667,-11.111962749999998,,,simbad,,,,,,,,,3541.671721415228,-934.7450275594794,3662.947835940266,False,dwarf
6.616771045270001,-11.16017922418,,,simbad,,,,,,,,,3119.519096005628,-1591.1432855116968,3501.8761179363164,False,dwarf
6.679291666666667,-11.045833333333333,,,simbad,,,,,,,,,3954.887233906782,-34.48770601939599,3955.0376021961306,False,dwarf
6.559833333333334,-11.0345,,,simbad,,,,,,,,,2358.7469006188594,119.79939985689026,2361.787212554329,False,dwarf
6.669333333333334,-11.049000000000001,,,simbad,,,,,,,,,3821.8291454324913,-77.59733854367346,3822.61682147535,False,dwarf
6.730166666666666,-11.062027777777777,,,simbad,,,,,,,,,4634.652614773376,-254.9518793671418,4641.6597592260605,False,dwarf
6.558708333333334,-11.041722222222221,,,simbad,,,,,,,,,2343.7152337200855,21.479185327901718,2343.813655599341,False,dwarf
6.5785833333333334,-11.05388888888889,,,simbad,,,,,,,,,2609.2746822650224,-144.15256068640468,2613.253590500103,False,dwarf
6.558666666666666,-11.060166666666666,,,simbad,,,,,,,,,2343.158505316429,-229.61551639235134,2354.382098641775,False,dwarf
6.584083333333333,-11.044944444444443,,,simbad,,,,,,,,,2682.762831547898,-22.386756538897433,2682.8562349114472,False,dwarf
6.561541666666667,-11.103777777777777,,,simbad,,,,,,,,,2381.5727651688476,-823.3183502791074,2519.869429494374,False,dwarf
6.593625000000001,-11.050916666666666,,,simbad,,,,,,,,,2810.2536359856326,-103.69001086096397,2812.165912054766,False,dwarf
6.73825,-11.056111111111111,,,simbad,,,,,,,,,4742.657925083053,-174.40493438761862,4745.863596384945,False,dwarf
6.5653749999999995,-11.0425,,,simbad,,,,,,,,,2432.791778305381,10.890854532446536,2432.816155672825,False,dwarf
6.605583333333334,-11.0465,,,simbad,,,,,,,,,2970.034687835509,-43.56341812978614,2970.354157056919,False,dwarf
6.683208333333333,-11.085777777777778,,,simbad,,,,,,,,,4007.2197038506392,-578.2741232991145,4048.729518825154,False,dwarf
6.580333333333334,-11.04675,,,simbad,,,,,,,,,2632.657275218678,-46.966810171166216,2633.0761876595,False,dwarf
6.592625,-11.065027777777779,,,simbad,,,,,,,,,2796.8921542978187,-295.79258386383253,2812.4898178378417,False,dwarf
6.674958333333334,-11.041222222222222,,,simbad,,,,,,,,,3896.9874799263475,28.28596941066186,3897.090134288429,False,dwarf
6.563708333333333,-11.034166666666666,,,simbad,,,,,,,,,2410.5226421590596,124.33725591208533,2413.727234293312,False,dwarf
6.5644583333333335,-11.045694444444445,,,simbad,,,,,,,,,2420.543753424912,-32.59693266308095,2420.76323135151,False,dwarf
6.608,-11.022722222222223,,,simbad,,,,,,,,,3002.324935247672,280.1369804734366,3015.3659387607854,False,dwarf
6.561833333333333,-11.036305555555556,,,simbad,,,,,,,,,2385.4698639944445,95.21934622464312,2387.3695139046076,False,dwarf
6.666583333333334,-11.065861111111111,,,simbad,,,,,,,,,3785.085070791053,-307.1372240017878,3797.5258086671165,False,dwarf
6.688000000000001,-11.021083333333333,,,simbad,,,,,,,,,4071.2434702713404,302.448106078097,4082.462277976032,False,dwarf
6.590083333333334,-11.069194444444443,,,simbad,,,,,,,,,2762.931721674686,-352.5157845536303,2785.329258273733,False,dwarf
6.567666666666666,-11.057749999999999,,,simbad,,,,,,,,,2463.4118405065738,-196.71605999225739,2471.2537514805845,False,dwarf
6.593583333333334,-11.045472222222221,,,simbad,,,,,,,,,2809.696907581965,-29.571695292950896,2809.852522400092,False,dwarf
6.7801893171500005,-11.081017561880001,,,simbad,,,,,,,,,5303.029343181441,-513.4705996919603,5327.829977710569,False,dwarf
6.602458333333334,-11.047833333333333,,,simbad,,,,,,,,,2928.2800575611504,-61.714842350523156,2928.9303196349147,False,dwarf
6.563374999999999,-11.054722222222223,,,simbad,,,,,,,,,2406.068814929785,-155.4972008243599,2411.0882442668562,False,dwarf
6.5603750000000005,-11.058250000000001,,,simbad,,,,,,,,,2365.9843698664176,-203.52284407506082,2374.721791392118,False,dwarf
6.607875,-11.04325,,,simbad,,,,,,,,,3000.654750036702,0.6806784082630246,3000.654827240367,False,dwarf
6.577541666666667,-11.061916666666667,,,simbad,,,,,,,,,2595.3564721735725,-253.43926068209842,2607.701416287597,False,dwarf
6.583083333333334,-11.058861111111112,,,simbad,,,,,,,,,2669.4013498601053,-211.84224684290766,2677.7939995792067,False,dwarf
6.6193333333333335,-11.068916666666667,,,simbad,,,,,,,,,3153.755061042698,-348.73423784097855,3172.9775532920116,False,dwarf
6.560833333333333,-11.037472222222222,,,simbad,,,,,,,,,2372.108382306652,79.33685003149282,2373.434750142165,False,dwarf
6.556416666666667,-11.054361111111112,,,simbad,,,,,,,,,2313.095171518893,-150.58119009789317,2317.9913648060287,False,dwarf
6.594708333333334,-11.058944444444444,,,simbad,,,,,,,,,2824.7285744807386,-212.976710856701,2832.7461232619003,False,dwarf
6.466375,-11.078444444444445,,,simbad,,,,,,,,,1110.0050912136305,-478.4412900850393,1208.7255149861019,False,dwarf
6.37389548747,-11.20380907433,,,simbad,,,,,,,,,-125.65822195224327,-2185.101224581701,2188.7113446986673,False,dwarf
6.36170326892,-11.04624030952,,,simbad,,,,,,,,,-288.5643268416594,-40.028104078345116,291.3273413905514,False,dwarf
6.28928486123,-10.6800598724,,,simbad,,,,,,,,,-1256.1815550509198,4944.994237547778,5102.054498790744,False,dwarf
6.407576714250001,-10.793751028,,,simbad,,,,,,,,,324.3728728912387,3397.25194096636,3412.702523084515,False,dwarf
6.481000000000001,-11.128916666666667,,,simbad,,,,,,,,,1305.4167608976422,-1165.548327774339,1750.0330922614148,False,dwarf
6.478791666666667,-11.065194444444446,,,simbad,,,,,,,,,1275.910155503752,-298.06151189144094,1310.262336247448,False,dwarf
6.484625,-11.100583333333333,,,simbad,,,,,,,,,1353.8521320159025,-779.83056308358,1562.3864126659762,False,dwarf
6.41225,-10.846083333333333,,,simbad,,,,,,,,,386.81489486168647,2684.8225350503603,2712.544526381291,False,dwarf
6.37067877275,-11.12305853627,,,simbad,,,,,,,,,-168.63829677837722,-1085.798270296595,1098.8160714693747,False,dwarf
6.489833333333333,-11.07263888888889,,,simbad,,,,,,,,,1423.44318247316,-399.40696379055953,1478.4168615291533,False,dwarf
6.487291666666667,-11.057333333333334,,,simbad,,,,,,,,,1389.4827498500163,-191.04373992331224,1402.55481985363,False,dwarf
6.473625,-11.012194444444443,,,simbad,,,,,,,,,1206.8758334501408,423.45760088306093,1279.0096235414376,False,dwarf
6.4310833333333335,-11.02888888888889,,,simbad,,,,,,,,,638.4561333151735,196.18664345249005,667.9187325093652,False,dwarf
6.0093418286724996,-10.869568170237777,,,simbad,,,,,,,,,-4996.635258193935,2365.1101069947613,5528.119908398835,False,dwarf
6.367916666666667,-10.611388888888888,,,simbad,,,,,,,,,-205.54412663058267,5879.85135257206,5883.442896496558,False,dwarf
6.46425,-11.018861111111113,,,simbad,,,,,,,,,1081.6119426270538,332.70047977931097,1131.6244976487797,False,dwarf
6.47925,-11.06375,,,simbad,,,,,,,,,1282.034167943997,-278.39746898561725,1311.9133959653948,False,dwarf
6.218897758659999,-10.63879571277,,,simbad,,,,,,,,,-2196.657537096974,5506.746687465172,5928.7067236618805,False,dwarf
6.176721913900001,-11.43943952969,,,simbad,,,,,,,,,-2760.189314525004,-5392.872490506025,6058.194347400442,False,dwarf
6.277920833333333,-10.74306111111111,,,simbad,,,,,,,,,-1408.021805691829,4087.322579839621,4323.046527273387,False,dwarf
6.381237989519999,-11.1335442265,,,simbad,,,,,,,,,-27.551515268571098,-1228.5459290055917,1228.854826930263,False,dwarf
6.128137859610001,-10.705726091050002,,,simbad,,,,,,,,,-3409.3442662397074,4595.585420403921,5722.152888727341,False,dwarf
6.475416666666668,-10.994749999999998,,,simbad,,,,,,,,,1230.8151548074532,660.9387344377504,1397.0490170297785,False,dwarf
6.077473010282917,-10.819367966748889,,,simbad,,,,,,,,,-4086.301722738461,3048.5139991155106,5098.166275442432,False,dwarf
6.443416666666667,-11.064416666666666,,,simbad,,,,,,,,,803.2477407979816,-287.47318109598575,853.1399433542582,False,dwarf
6.43591433607,-10.86044970731,,,simbad,,,,,,,,,703.0054879148308,2489.24492362715,2586.61110448438,False,dwarf
6.211028800170001,-11.188148358270004,,,simbad,,,,,,,,,-2301.7984818631103,-1971.90299897753,3030.9532639887234,False,dwarf
6.248545666980001,-11.08497513235,,,simbad,,,,,,,,,-1800.5175529978258,-567.3472550552849,1887.7887504887947,False,dwarf
6.0389271529899995,-11.109784325609999,,,simbad,,,,,,,,,-4601.331489098165,-905.0888986327171,4689.502893377348,False,dwarf
5.9786175519,-10.89772739446,,,simbad,,,,,,,,,-5407.157119660444,1981.7625885563373,5758.8827973918815,False,dwarf
6.28083599745,-10.83281607592,,,simbad,,,,,,,,,-1369.070893730071,2865.4372482167378,3175.7024003402407,False,dwarf
6.29535677145,-10.81735181871,,,simbad,,,,,,,,,-1175.0518378364495,3075.9609678747674,3292.7621683765583,False,dwarf
6.0811626175499995,-10.79383283787,,,simbad,,,,,,,,,-4037.0031028041803,3396.1382167245215,5275.523560666505,False,dwarf
6.188008900000001,-11.290595899999998,,,simbad,,,,,,,,,-2609.3784564394546,-3366.5795917124296,4259.426496168819,False,dwarf
6.124583333333333,-10.839444444444444,,,simbad,,,,,,,,,-3456.8380039941985,2775.2015014827953,4432.998123131901,False,dwarf
6.08902192843125,-10.748474538230276,,,simbad,,,,,,,,,-3931.991064385659,4013.6265207435963,5618.696608504949,False,dwarf
6.277244992609999,-10.65854201776,,,simbad,,,,,,,,,-1417.0520391405214,5237.929018465928,5426.226763057341,False,dwarf
6.185944499999999,-10.815573399999998,,,simbad,,,,,,,,,-2636.9618992357596,3100.1715922102726,4069.96707101773,False,dwarf
5.97478570665,-11.210005935010003,,,simbad,,,,,,,,,-5458.356249798799,-2269.462609861383,5911.354623711594,False,dwarf
6.077273388592084,-10.849316989793056,,,simbad,,,,,,,,,-4088.9689643050124,2640.8009324119253,4867.596609793924,False,dwarf
6.101202244037918,-11.295416725079443,,,simbad,,,,,,,,,-3769.2440004556006,-3432.208222545684,5097.7694747684245,False,dwarf
6.263264,-11.152776,,,simbad,,,,,,,,,-1603.8588158762313,-1490.3589884923801,2189.4138521174877,False,dwarf
6.19904780514,-11.071544101399999,,,simbad,,,,,,,,,-2461.8823275580385,-384.502999683744,2491.7277442586665,False,dwarf
6.32736930772,-11.0762485061,,,simbad,,,,,,,,,-747.316920684949,-448.546733745579,871.59437371742,False,dwarf
6.08700921687,-11.00957964498,,,simbad,,,,,,,,,-3958.8838730541106,459.0543516314949,3985.4099435415333,False,dwarf
6.267352751840001,-10.857463627040001,,,simbad,,,,,,,,,-1549.2270330401261,2529.8961309305923,2966.5601010597934,False,dwarf
6.305839994295417,-10.717274291787499,,,simbad,,,,,,,,,-1034.9804477583232,4438.373202474481,4557.448980700234,False,dwarf
6.130919999999999,-10.702629999999997,,,simbad,,,,,,,,,-3372.170748365875,4637.734266959918,5734.11847515106,False,dwarf
6.268295870929999,-10.77768595746,,,simbad,,,,,,,,,-1536.6255645896945,3615.9548738471253,3928.911780054291,False,dwarf
6.22903081505,-11.12867327642,,,simbad,,,,,,,,,-2061.264889700576,-1162.2349180605129,2366.348019685916,False,dwarf
6.12837216008,-11.08488312365,,,simbad,,,,,,,,,-3406.2136648003757,-566.0946883460133,3452.9342198261434,False,dwarf
6.323838702680001,-11.201290415560003,,,simbad,,,,,,,,,-794.4910352737422,-2150.8132917305843,2292.8614918950716,False,dwarf
6.1937500000000005,-10.682222222222222,,,simbad,,,,,,,,,-2532.6688539216543,4915.556940845174,5529.657454338017,False,dwarf
6.128537425990001,-10.79378876234,,,simbad,,,,,,,,,-3404.00546737027,3396.7382419565915,4808.8547395671085,False,dwarf
6.04111967098,-10.76165162208,,,simbad,,,,,,,,,-4572.036200124614,3834.239391532128,5966.984726545442,False,dwarf
6.501233463889999,-10.616718362120002,,,simbad,,,,,,,,,1575.7658181445386,5807.298205453779,6017.287624893745,False,dwarf
6.133656,-10.6994891,,,simbad,,,,,,,,,-3335.613734468042,4680.493123211091,5747.463341509727,False,dwarf
6.549579166666667,-10.634169444444444,,,simbad,,,,,,,,,2221.7360404785904,5569.726706667272,5996.496195323078,False,dwarf
6.488033270796667,-10.677018872101112,,,simbad,,,,,,,,,1399.391679852605,4986.393102408164,5179.035937834802,False,dwarf
6.188052083333333,-10.793465083333333,,,simbad,,,,,,,,,-2608.8014631219153,3401.144668177614,4286.447261761196,False,dwarf
6.286378104220001,-10.69760751486,,,simbad,,,,,,,,,-1295.0201356108976,4706.108210773773,4881.037967804593,False,dwarf
6.427014716747085,-10.707218151328055,,,simbad,,,,,,,,,584.0933873033456,4575.273156101527,4612.406046526555,False,dwarf
6.32494442652,-10.60434081502,,,simbad,,,,,,,,,-779.7169264338306,5975.80078662204,6026.454473963941,False,dwarf
6.600041666666667,-11.008888888888889,,,simbad,,,,,,,,,2895.9898101489766,468.45800676363183,2933.6342451961627,False,dwarf
6.589625000000001,-11.024416666666667,,,simbad,,,,,,,,,2756.807709234441,257.06954552623284,2768.7675050338753,False,dwarf
6.573791666666668,-11.040138888888889,,,simbad,,,,,,,,,2545.2509158443527,43.0340015900188,2545.6146899912733,False,dwarf
6.252642133059999,-10.95799364118,,,simbad,,,,,,,,,-1745.782696485257,1161.3239307514377,2096.7666764528917,False,dwarf
6.58975,-11.022277777777779,,,simbad,,,,,,,,,2758.477894445411,286.18745521367504,2773.2838934493648,False,dwarf
6.587958333333334,-11.042527777777778,,,simbad,,,,,,,,,2734.53857308812,10.512699861174868,2734.5587806015765,False,dwarf
6.61625,-10.882222222222223,,,simbad,,,,,,,,,3112.5571591719963,2192.843307734016,3807.4366496879115,False,dwarf
6.532416666666667,-11.035916666666665,,,simbad,,,,,,,,,1992.4196110118053,100.51351162238153,1994.95335092405,False,dwarf
6.513541666666668,-11.023305555555556,,,simbad,,,,,,,,,1740.2216441546616,272.19573237686143,1761.3806764889098,False,dwarf
6.591208333333334,-11.048222222222222,,,simbad,,,,,,,,,2777.963388573459,-67.00900774823992,2778.771454325443,False,dwarf
6.553708333333335,-11.048277777777777,,,simbad,,,,,,,,,2276.9078252811223,-67.76531709076161,2277.9160175535053,False,dwarf
6.5825000000000005,-11.031916666666667,,,simbad,,,,,,,,,2661.6071522089005,154.9677842845709,2666.114709995735,False,dwarf
6.5677916666666665,-11.020833333333334,,,simbad,,,,,,,,,2465.082025717565,305.85149811947707,2483.983601479233,False,dwarf
6.523916666666667,-11.035,,,simbad,,,,,,,,,1878.8470166655304,112.99261577410846,1882.2416006592882,False,dwarf
6.463125000000001,-11.015611111111111,,,simbad,,,,,,,,,1066.5802757283018,376.94457631738175,1131.229728299142,False,dwarf
6.579000000000001,-11.017611111111112,,,simbad,,,,,,,,,2614.8419663016102,349.71743998627625,2638.1244846600066,False,dwarf
6.607,-11.041805555555555,,,simbad,,,,,,,,,2988.9634535598902,20.344721314086712,2989.0326920932152,False,dwarf
6.559708333333333,-11.017416666666668,,,simbad,,,,,,,,,2357.0767154078785,352.3645226851346,2383.2690572331767,False,dwarf
6.599875,-11.023027777777777,,,simbad,,,,,,,,,2893.7628965343397,275.9772790895348,2906.893042396379,False,dwarf
6.485583333333334,-11.005472222222222,,,simbad,,,,,,,,,1366.6568853000492,514.9710313292677,1460.460956426553,False,dwarf
6.521083333333333,-11.036305555555556,,,simbad,,,,,,,,,1840.9894852167793,95.21934622464312,1843.450300001112,False,dwarf
6.562166666666667,-11.040027777777777,,,simbad,,,,,,,,,2389.9236912237193,44.546620275083825,2390.338815157872,False,dwarf
6.517,-11.045416666666666,,,simbad,,,,,,,,,1786.4301016582842,-28.815385950429206,1786.662484796247,False,dwarf
6.5142500000000005,-11.050944444444445,,,simbad,,,,,,,,,1749.6860270168465,-104.06816553225728,1752.778187967675,False,dwarf
6.568208333333334,-11.01613888888889,,,simbad,,,,,,,,,2470.6493097541534,369.75963756334994,2498.165367096353,False,dwarf
6.560125,-11.023777777777779,,,simbad,,,,,,,,,2362.6439994444668,265.7671029653297,2377.544704338812,False,dwarf
6.529,-11.010166666666667,,,simbad,,,,,,,,,1946.7678819118285,451.0628918854165,1998.3400407537006,False,dwarf
6.567291666666666,-11.052861111111111,,,simbad,,,,,,,,,2458.4012848736525,-130.16083784956945,2461.8445769743726,False,dwarf
6.605083333333333,-10.933777777777777,,,simbad,,,,,,,,,2963.3539469916077,1490.988237865381,3317.305011693024,False,dwarf
6.5657499999999995,-11.027277777777778,,,simbad,,,,,,,,,2437.802333938312,218.11961438590043,2447.5408853653366,False,dwarf
6.556333333333334,-11.01088888888889,,,simbad,,,,,,,,,2311.9817147115796,441.2308704325046,2353.7085907527553,False,dwarf
6.578749999999999,-11.014138888888889,,,simbad,,,,,,,,,2611.501595879649,396.9867738944555,2641.5031864317484,False,dwarf
6.619458333333333,-11.037777777777778,,,simbad,,,,,,,,,3155.425246253668,75.17714864756941,3156.320656773294,False,dwarf
6.5640833333333335,-11.035055555555555,,,simbad,,,,,,,,,2415.533197791991,112.23630643158677,2418.1392884026773,False,dwarf
6.590791666666667,-11.000444444444444,,,simbad,,,,,,,,,2772.3961045368706,583.4170268283357,2833.11764451186,False,dwarf
6.541166666666668,-11.05311111111111,,,simbad,,,,,,,,,2109.3325757800203,-133.56422989094952,2113.5570299268334,False,dwarf
6.513083333333333,-11.025916666666667,,,simbad,,,,,,,,,1734.0976317144164,236.64919327790912,1750.1706879606436,False,dwarf
6.494250000000001,-11.033472222222223,,,simbad,,,,,,,,,1482.45639326094,133.79112269370387,1488.4814484674898,False,dwarf
6.552625,-11.043666666666667,,,simbad,,,,,,,,,2262.432886785995,-4.991641660703761,2262.438393348486,False,dwarf
6.492791666666667,-11.023166666666668,,,simbad,,,,,,,,,1462.9708991329026,274.0865057331765,1488.4244234541288,False,dwarf
6.563958333333334,-11.032194444444444,,,simbad,,,,,,,,,2413.8630125810214,151.18623757191918,2418.5929632614657,False,dwarf
6.547833333333333,-11.0085,,,simbad,,,,,,,,,2198.4091203653047,473.7521721613486,2248.876115114603,False,dwarf
6.521958333333333,-10.997749999999998,,,simbad,,,,,,,,,1852.680781693591,620.0980299410813,1953.7010123336645,False,dwarf
6.587958333333334,-11.039972222222222,,,simbad,,,,,,,,,2734.53857308812,45.302929617605514,2734.913812744151,False,dwarf
6.526416666666667,-11.02638888888889,,,simbad,,,,,,,,,1912.250720885028,230.22056386637735,1926.0592741533844,False,dwarf
6.5295000000000005,-11.042416666666666,,,simbad,,,,,,,,,1953.44862275573,12.025318546239895,1953.4856359933638,False,dwarf
6.579125,-11.027111111111113,,,simbad,,,,,,,,,2616.5121515125807,220.3885424134655,2625.777398912582,False,dwarf
6.538375,-11.036333333333333,,,simbad,,,,,,,,,2072.031772734915,94.84119155337144,2074.2011760767705,False,dwarf
6.528124999999999,-11.042388888888889,,,simbad,,,,,,,,,1935.076585434995,12.403473217511563,1935.1163369799287,False,dwarf
6.546333333333333,-11.041472222222222,,,simbad,,,,,,,,,2178.3668978336104,24.88257736928179,2178.5090048548723,False,dwarf
6.493083333333334,-11.039888888888889,,,simbad,,,,,,,,,1466.8679979584995,46.43739363139887,1467.6028600960321,False,dwarf
6.541458333333334,-11.033027777777779,,,simbad,,,,,,,,,2113.229674605617,139.8415974339423,2117.8515835644953,False,dwarf
6.507708333333333,-11.048527777777778,,,simbad,,,,,,,,,1662.279667642511,-71.16870913216333,1663.8024758417794,False,dwarf
6.557666666666667,-11.018027777777778,,,simbad,,,,,,,,,2329.7970236286365,344.0451199172878,2355.0628899984295,False,dwarf
6.512916666666667,-11.009916666666667,,,simbad,,,,,,,,,1731.8707180997897,454.46628392679656,1790.507131356285,False,dwarf
6.5942083333333334,-11.002694444444444,,,simbad,,,,,,,,,2818.047833636837,552.7864984558283,2871.753211113435,False,dwarf
6.5505,-11.02988888888889,,,simbad,,,,,,,,,2234.03973819944,182.5730752869481,2241.487559562612,False,dwarf
6.589708333333334,-11.026722222222222,,,simbad,,,,,,,,,2757.9211660417645,225.68270781120393,2767.1396500187993,False,dwarf
6.512958333333334,-11.03925,,,simbad,,,,,,,,,1732.427446503436,55.13495107051736,1733.3045664937144,False,dwarf
6.5092083333333335,-11.03177777777778,,,simbad,,,,,,,,,1682.3218901742052,156.85855764088598,1689.6187585560506,False,dwarf
6.492375,-11.045305555555554,,,simbad,,,,,,,,,1457.4036150963143,-27.30276726534253,1457.659335508867,False,dwarf
6.5985000000000005,-11.045805555555555,,,simbad,,,,,,,,,2875.390859213626,-34.10955134812432,2875.593165721195,False,dwarf
6.519958333333333,-11.030000000000001,,,simbad,,,,,,,,,1825.9578183180058,181.0604566018831,1834.9127617468723,False,dwarf
6.4852083333333335,-11.044749999999999,,,simbad,,,,,,,,,1361.646329667107,-19.739673840039053,1361.7894043570816,False,dwarf
6.5112499999999995,-11.021527777777779,,,simbad,,,,,,,,,1709.6015819534475,296.3976313378369,1735.1049319509211,False,dwarf
6.5291250000000005,-11.026472222222223,,,simbad,,,,,,,,,1948.438067122809,229.086099852584,1961.8591546181228,False,dwarf
6.577,-11.04875,,,simbad,,,,,,,,,2588.119002926014,-74.19394650227173,2589.18224831786,False,dwarf
6.464,-11.051444444444444,,,simbad,,,,,,,,,1078.2715722051137,-110.87494961501743,1083.9570276896684,False,dwarf
6.524291666666667,-11.012527777777777,,,simbad,,,,,,,,,1883.8575722984513,418.9197448278659,1929.873857357744,False,dwarf
6.538416666666667,-11.034722222222221,,,simbad,,,,,,,,,2072.588501138582,116.77416248678185,2075.8755502381073,False,dwarf
6.549125,-11.004111111111111,,,simbad,,,,,,,,,2215.6677008787156,533.5006102212764,2278.992378623423,False,dwarf
6.566625,-11.01875,,,simbad,,,,,,,,,2449.4936304151347,334.21309846437595,2472.1887955068228,False,dwarf
6.486833333333332,-11.008833333333335,,,simbad,,,,,,,,,1383.3587374097606,469.21431610613183,1460.7681098678434,False,dwarf
6.562458333333334,-11.046000000000001,,,simbad,,,,,,,,,2393.8207900493267,-36.756634047004354,2394.102968758622,False,dwarf
6.529583333333334,-11.053,,,simbad,,,,,,,,,1954.5620795630434,-132.05161120590614,1959.017751549966,False,dwarf
6.5977500000000004,-11.05177777777778,,,simbad,,,,,,,,,2865.369747947784,-115.41280567023415,2867.6931335425384,False,dwarf
6.552708333333334,-11.04411111111111,,,simbad,,,,,,,,,2263.5463435933298,-11.042116400942215,2263.5732764656295,False,dwarf
6.536250000000001,-11.018805555555556,,,simbad,,,,,,,,,2043.6386241483492,333.4567891218543,2070.664689495239,False,dwarf
6.609333333333334,-11.03536111111111,,,simbad,,,,,,,,,3020.14024416475,108.07660504768502,3022.0734019844967,False,dwarf
6.533250000000001,-11.020333333333333,,,simbad,,,,,,,,,2003.5541790849602,312.6582822022589,2027.8028873533237,False,dwarf
6.530750000000001,-11.044027777777778,,,simbad,,,,,,,,,1970.150474865484,-9.907652387148858,1970.175386910647,False,dwarf
6.541416666666667,-11.041805555555555,,,simbad,,,,,,,,,2112.67294620195,20.344721314086712,2112.7709022274457,False,dwarf
6.552833333333334,-11.049277777777778,,,simbad,,,,,,,,,2265.2165288042997,-81.37888525632519,2266.677843305873,False,dwarf
6.597166666666667,-11.004944444444444,,,simbad,,,,,,,,,2857.575550296569,522.1559700833211,2904.88982282399,False,dwarf
6.536791666666668,-11.007444444444443,,,simbad,,,,,,,,,2050.8760933959074,488.12204966943386,2108.1641031561912,False,dwarf
6.546791666666667,-11.016555555555556,,,simbad,,,,,,,,,2184.490910273855,364.0873174943615,2214.6241468541193,False,dwarf
6.552541666666667,-11.053472222222224,,,simbad,,,,,,,,,2261.3194299786924,-138.48024061741626,2265.5556363595697,False,dwarf
6.543291666666667,-11.040333333333333,,,simbad,,,,,,,,,2137.725724366576,40.38691889116042,2138.1071946551515,False,dwarf
6.551208333333333,-11.028611111111111,,,simbad,,,,,,,,,2243.504121061614,199.96819016516343,2252.3982814543206,False,dwarf
6.565541666666666,-11.017833333333334,,,simbad,,,,,,,,,2435.0186919200182,346.6922026161462,2459.5754742139366,False,dwarf
6.6062916666666665,-10.998472222222222,,,simbad,,,,,,,,,2979.499070697694,610.2660084881695,3041.3548483208115,False,dwarf
6.57975,-11.046555555555555,,,simbad,,,,,,,,,2624.863077567452,-44.31972747230783,2625.237211038289,False,dwarf
6.529375,-11.027666666666669,,,simbad,,,,,,,,,1951.778437544749,212.82544898816204,1963.3475853759655,False,dwarf
6.484416666666667,-11.012583333333332,,,simbad,,,,,,,,,1351.0684899976084,418.16343548534417,1414.3007895922717,False,dwarf
6.512124999999999,-11.044611111111111,,,simbad,,,,,,,,,1721.2928784302592,-17.848900483724005,1721.3854177909157,False,dwarf
6.547958333333333,-11.045055555555555,,,simbad,,,,,,,,,2200.0793055762747,-23.89937522396246,2200.2091107349497,False,dwarf
6.596416666666666,-11.026555555555557,,,simbad,,,,,,,,,2847.554439030706,227.95163583879062,2856.663828931409,False,dwarf
6.536333333333333,-11.031694444444446,,,simbad,,,,,,,,,2044.7520809556622,157.99302165467932,2050.846865922487,False,dwarf
6.546708333333333,-11.032277777777779,,,simbad,,,,,,,,,2183.3774534665313,150.05177355810417,2188.527504751523,False,dwarf
6.541500000000001,-11.052777777777779,,,simbad,,,,,,,,,2113.786403009284,-129.0263738357761,2117.720652657507,False,dwarf
6.589916666666667,-10.994333333333334,,,simbad,,,,,,,,,2760.704808060048,666.6110545067172,2840.046009352036,False,dwarf
6.5964583333333335,-11.029000000000002,,,simbad,,,,,,,,,2848.1111674343733,194.674024767425,2854.756591722583,False,dwarf
6.530375,-11.032,,,simbad,,,,,,,,,1965.1399192325525,153.83332027077756,1971.1518441223282,False,dwarf
6.5568333333333335,-11.037972222222223,,,simbad,,,,,,,,,2318.6624555554704,72.53006594871103,2319.796584459303,False,dwarf
6.52175,-11.048277777777777,,,simbad,,,,,,,,,1849.8971396753075,-67.76531709076161,1851.137911010224,False,dwarf
6.580500000000001,-11.046111111111111,,,simbad,,,,,,,,,2634.8841888333045,-38.26925273206938,2635.1620869063086,False,dwarf
6.566333333333334,-11.046444444444443,,,simbad,,,,,,,,,2445.5965315895273,-42.80710878722116,2445.971145350134,False,dwarf
6.580708333333334,-10.998972222222221,,,simbad,,,,,,,,,2637.667830851599,603.4592244054094,2705.8186601155217,False,dwarf
6.588337382302918,-10.954090150660836,,,simbad,,,,,,,,,2739.6032289539944,1214.464365017668,2996.723134691111,False,dwarf
6.552708333333334,-11.043194444444445,,,simbad,,,,,,,,,2263.5463435933298,1.4369877508063622,2263.5467997212977,False,dwarf
6.57425,-11.027666666666669,,,simbad,,,,,,,,,2551.3749282845765,212.82544898816204,2560.2360626348777,False,dwarf
6.541791666666666,-11.051388888888889,,,simbad,,,,,,,,,2117.683501834871,-110.11864027249574,2120.5446302492824,False,dwarf
6.553791666666668,-11.048361111111111,,,simbad,,,,,,,,,2278.0212820884467,-68.89978110455498,2279.062996383414,False,dwarf
6.572875000000001,-11.029444444444445,,,simbad,,,,,,,,,2533.002890963863,188.62355002718655,2540.0162379906446,False,dwarf
6.499750000000001,-11.053055555555556,,,simbad,,,,,,,,,1555.9445425438157,-132.80792054842783,1561.6021782875052,False,dwarf
6.505041666666667,-11.044833333333333,,,simbad,,,,,,,,,1626.6490498083972,-20.87413785385406,1626.7829790336828,False,dwarf
6.55625,-11.024444444444445,,,simbad,,,,,,,,,2310.8682579042556,256.69139085498284,2325.081197620529,False,dwarf
6.550125,-11.036861111111111,,,simbad,,,,,,,,,2229.029182566508,87.656252799318,2230.7520515261067,False,dwarf
6.57025,-11.013666666666666,,,simbad,,,,,,,,,2497.9290015333954,403.41540330598724,2530.295098269401,False,dwarf
6.470791666666667,-11.009361111111112,,,simbad,,,,,,,,,1169.0183020013894,462.0293773521,1257.0103165648964,False,dwarf
6.525375,-11.038055555555555,,,simbad,,,,,,,,,1898.3325107935677,71.39560193491768,1899.674617799443,False,dwarf
6.499333333333333,-10.955555555555556,,,simbad,,,,,,,,,1550.3772585072275,1194.514975593264,1957.1754317416112,False,dwarf
6.546375,-11.030333333333333,,,simbad,,,,,,,,,2178.923626237278,176.52260054670964,2186.0623041164176,False,dwarf
6.523625,-11.032194444444444,,,simbad,,,,,,,,,1874.949917839923,151.18623757191918,1881.035478888978,False,dwarf
6.541416666666667,-11.02575,,,simbad,,,,,,,,,2112.67294620195,238.91812130549584,2126.1394230627902,False,dwarf
6.544250000000001,-11.050194444444445,,,simbad,,,,,,,,,2150.5304776507223,-93.85798940809542,2152.577677455653,False,dwarf
6.606,-11.033000000000001,,,simbad,,,,,,,,,2975.601971872087,140.21975210521398,2978.9039383453605,False,dwarf
6.549083333333333,-11.078499999999998,,,simbad,,,,,,,,,2215.110972475048,-479.1975994275394,2266.3510230492693,False,dwarf
6.39897050259,-11.42745564819,,,simbad,,,,,,,,,209.3811333948449,-5229.729102817814,5233.918890074752,False,dwarf
6.588978251840001,-11.19350328278,,,simbad,,,,,,,,,2748.1661955379973,-2044.8026288157735,3425.4394213165833,False,dwarf
6.341429875690001,-11.15684963666,,,simbad,,,,,,,,,-559.4468992337769,-1545.8157188449989,1643.9364554904694,False,dwarf
6.56377122126,-11.072255903199999,,,simbad,,,,,,,,,2411.362918039603,-394.19316200840825,2443.370494106585,False,dwarf
6.38528140256,-11.08963127046,,,simbad,,,,,,,,,26.47447402160143,-630.7339086040065,631.2892849063793,False,dwarf
6.3800733554499995,-11.066444521479998,,,simbad,,,,,,,,,-43.11275206785892,-315.0795208271201,318.0154301846253,False,dwarf
6.513916666666668,-11.121944444444445,,,simbad,,,,,,,,,1745.2321997875931,-1070.6315052867087,2047.458730057318,False,dwarf
6.491249999999999,-11.07036111111111,,,simbad,,,,,,,,,1442.3719481975302,-368.3982807467806,1488.6752937441806,False,dwarf
6.511541666666667,-11.058472222222223,,,simbad,,,,,,,,,1713.4986807790656,-206.5480814451909,1725.902615729024,False,dwarf
6.58525,-11.0715,,,simbad,,,,,,,,,2698.3512268503277,-383.9026222686809,2725.5239068534033,False,dwarf
6.604208333333333,-11.056333333333333,,,simbad,,,,,,,,,2951.6626505147847,-177.430171757727,2956.990677748907,False,dwarf
6.5267083333333344,-11.07397222222222,,,simbad,,,,,,,,,1916.147819710646,-417.5583880112749,1961.1163847106159,False,dwarf
6.510333333333333,-11.061222222222224,,,simbad,,,,,,,,,1697.3535570729682,-243.98539390047992,1714.799688052523,False,dwarf
6.602541666666666,-11.065333333333333,,,simbad,,,,,,,,,2929.3935143684535,-299.9522852477343,2944.710127576108,False,dwarf
6.555125,-11.065472222222223,,,simbad,,,,,,,,,2295.836591005493,-301.843058604071,2315.593851396912,False,dwarf
6.518375000000001,-11.063361111111112,,,simbad,,,,,,,,,1804.8021389790088,-273.1033035879005,1825.3482339799796,False,dwarf
6.566041666666668,-11.066805555555556,,,simbad,,,,,,,,,2441.6994327639413,-319.994482824808,2462.578443217204,False,dwarf
6.574019,-11.089211,,,simbad,,,,,,,,,2548.2884260146993,-625.0125280488378,2623.816792837959,False,dwarf
6.505833333333333,-11.067416666666666,,,simbad,,,,,,,,,1637.2268894778958,-328.31388559265486,1669.820917075365,False,dwarf
6.549208333333333,-11.0815,,,simbad,,,,,,,,,2216.781157686018,-520.0383039242301,2276.9625685592973,False,dwarf
6.593041666666667,-11.074222222222222,,,simbad,,,,,,,,,2802.459438334407,-420.9617800526766,2833.8997377773826,False,dwarf
6.593333333333334,-11.05675,,,simbad,,,,,,,,,2806.3565371600143,-183.10249182671546,2812.323512004602,False,dwarf
6.555833333333334,-11.075444444444445,,,simbad,,,,,,,,,2305.3009738676883,-437.6005855883702,2346.466887177954,False,dwarf
6.530041666666667,-11.07736111111111,,,simbad,,,,,,,,,1960.6860920032882,-463.69325790566074,2014.770803044925,False,dwarf
6.512791666666668,-11.102277777777777,,,simbad,,,,,,,,,1730.2005328888197,-802.8979980307621,1907.4168603770286,False,dwarf
6.550916666666668,-11.056694444444444,,,simbad,,,,,,,,,2239.607022236028,-182.34618248419378,2247.0179670655702,False,dwarf
6.518375000000001,-11.060055555555556,,,simbad,,,,,,,,,1804.8021389790088,-228.10289770730796,1819.15961169043,False,dwarf
6.511375,-11.061277777777779,,,simbad,,,,,,,,,1711.271767164428,-244.7417032430016,1728.6843443498728,False,dwarf
6.531458333333334,-11.075305555555557,,,simbad,,,,,,,,,1979.6148577276692,-435.7098122320552,2026.9972928969178,False,dwarf
6.520791666666668,-11.06375,,,simbad,,,,,,,,,1837.0923863911821,-278.39746898561725,1858.0671642526936,False,dwarf
6.519333333333334,-11.096972222222222,,,simbad,,,,,,,,,1817.6068922631446,-730.6704558190858,1958.9727230896701,False,dwarf
6.5257499999999995,-11.065555555555555,,,simbad,,,,,,,,,1903.3430664264783,-302.9775226178644,1927.3064644019146,False,dwarf
6.517666666666667,-11.099277777777779,,,simbad,,,,,,,,,1795.337756116813,-762.0572935341147,1950.3766244413137,False,dwarf
6.5175833333333335,-11.062083333333334,,,simbad,,,,,,,,,1794.2242993094887,-255.70818870968515,1812.3541359253754,False,dwarf
6.510208333333333,-11.061361111111111,,,simbad,,,,,,,,,1695.6833718619978,-245.87616725679496,1713.4168165493666,False,dwarf
6.400708333333333,-11.068833333333332,,,simbad,,,,,,,,,232.60112704837687,-347.5997738271636,418.2450084207466,False,dwarf
6.516625000000001,-11.100444444444443,,,simbad,,,,,,,,,1781.419546025374,-777.9397897272434,1943.8739453478247,False,dwarf
6.516208333333335,-11.08125,,,simbad,,,,,,,,,1775.8522619887965,-516.63491188285,1849.4763822733519,False,dwarf
6.519416666666666,-11.087250000000001,,,simbad,,,,,,,,,1818.7203490704471,-598.3163208761882,1914.608609598773,False,dwarf
6.519958333333333,-11.058694444444443,,,simbad,,,,,,,,,1825.9578183180058,-209.57331881527764,1837.9453012089075,False,dwarf
6.521041666666666,-11.075111111111111,,,simbad,,,,,,,,,1840.4327568131118,-433.0627295331752,1890.6972417765448,False,dwarf
6.551166666666666,-11.05877777777778,,,simbad,,,,,,,,,2242.9473926579576,-210.70778282911428,2252.822846114601,False,dwarf
6.525708333333332,-11.0655,,,simbad,,,,,,,,,1902.7863380228216,-302.2212132753427,1926.6378772151033,False,dwarf
6.516666666666667,-11.085666666666668,,,simbad,,,,,,,,,1781.9762744290094,-576.7615046140712,1872.9904633586846,False,dwarf
6.518166666666667,-11.069138888888888,,,simbad,,,,,,,,,1802.018496960704,-351.7594752111086,1836.029790550608,False,dwarf
6.318031383330833,-11.128977831363889,,,simbad,,,,,,,,,-872.0854264128208,-1166.3809975492927,1456.3576560741233,False,dwarf
6.473517958333334,-11.089793388888888,,,simbad,,,,,,,,,1205.4455981811539,-632.9409188865703,1361.5114017059482,False,dwarf
6.515083333333334,-11.056611111111112,,,simbad,,,,,,,,,1760.8205950900124,-181.2117184704004,1770.1205764026756,False,dwarf
6.16935995194,-11.15984237787,,,simbad,,,,,,,,,-2858.5560344398027,-1586.557605309198,3269.3283158772333,False,dwarf
6.498666666666668,-11.060638888888889,,,simbad,,,,,,,,,1541.4696040487095,-236.0441458038831,1559.437520061118,False,dwarf
6.507083333333333,-11.084027777777779,,,simbad,,,,,,,,,1653.9287415876395,-554.450379009389,1744.3897228066119,False,dwarf
6.510833333333333,-11.072722222222222,,,simbad,,,,,,,,,1704.0342979168697,-400.54142780435285,1750.4760277891808,False,dwarf
6.525375,-11.070444444444444,,,simbad,,,,,,,,,1898.3325107935677,-369.53274476057396,1933.9650387186668,False,dwarf
6.5865,-11.0775,,,simbad,,,,,,,,,2715.053078960071,-465.5840312620191,2754.6835955762244,False,dwarf
6.560874999999999,-11.064555555555557,,,simbad,,,,,,,,,2372.665110710298,-289.3639544523441,2390.2450137419405,False,dwarf
6.480708333333334,-11.084944444444444,,,simbad,,,,,,,,,1301.5196620720346,-566.9294831611377,1419.6346254010073,False,dwarf
6.518958333333334,-11.060444444444446,,,simbad,,,,,,,,,1812.596336630213,-233.39706310504639,1827.5611258262552,False,dwarf
6.511291666666667,-11.091833333333334,,,simbad,,,,,,,,,1710.1583103571147,-660.7118416349745,1833.352553155061,False,dwarf
6.527291666666668,-11.070805555555555,,,simbad,,,,,,,,,1923.9420173618505,-374.4487554870407,1960.0420293086015,False,dwarf
6.517125,-11.099083333333335,,,simbad,,,,,,,,,1788.1002868692547,-759.4102108352779,1942.6802372554243,False,dwarf
6.589875,-11.071472222222221,,,simbad,,,,,,,,,2760.148079656381,-383.52446759738757,2786.666187198723,False,dwarf
6.532625000000001,-11.074833333333334,,,simbad,,,,,,,,,1995.2032530300992,-429.28118282054504,2040.8621596829357,False,dwarf
6.574958333333334,-11.084388888888888,,,simbad,,,,,,,,,2560.8393111467726,-559.3663897358342,2621.2189407756036,False,dwarf
6.5916250000000005,-11.085222222222223,,,simbad,,,,,,,,,2783.5306726100366,-570.7110298738111,2841.435215693032,False,dwarf
6.445333333333333,-11.095833333333333,,,simbad,,,,,,,,,828.8572473662534,-715.1661142971855,1094.7451336043919,False,dwarf
6.564787,-11.199961,,,simbad,,,,,,,,,2424.9352270729682,-2132.7152023841277,3229.362938720236,False,dwarf
6.549375,-11.08577777777778,,,simbad,,,,,,,,,2219.0080713006664,-578.2741232991361,2293.119661547318,False,dwarf
6.554875,-11.066583333333334,,,simbad,,,,,,,,,2292.496220583542,-316.9692454546996,2314.30517087828,False,dwarf
6.526958333333334,-11.071222222222223,,,simbad,,,,,,,,,1919.4881901325862,-380.12107555602915,1956.7644069075725,False,dwarf
6.408333333333333,-11.2525,,,simbad,,,,,,,,,334.48242491781855,-2847.9584602342607,2867.533065859713,False,dwarf
6.25930815263,-11.17776752666,,,simbad,,,,,,,,,-1656.714798070204,-1830.5828402396046,2468.9547296628375,False,dwarf
6.5720833333333335,-11.425277777777778,,,simbad,,,,,,,,,2522.425051294354,-5200.0805155052885,5779.5731249924565,False,dwarf
6.515166666666667,-11.078388888888888,,,simbad,,,,,,,,,1761.9340518973258,-477.684980742496,1825.5395213641054,False,dwarf
6.533541666666666,-11.065111111111111,,,simbad,,,,,,,,,2007.4512779105573,-296.9270478776259,2029.292069896803,False,dwarf
6.5785833333333334,-11.077444444444444,,,simbad,,,,,,,,,2609.2746822650224,-464.8277219194757,2650.354538278621,False,dwarf
6.498666666666668,-11.05925,,,simbad,,,,,,,,,1541.4696040487095,-217.13641224062442,1556.6877534453772,False,dwarf
6.495916666666667,-11.06613888888889,,,simbad,,,,,,,,,1504.725529407261,-310.9187707144612,1536.5120893870487,False,dwarf
6.548666666666667,-11.05838888888889,,,simbad,,,,,,,,,2209.5436884384703,-205.4136174313975,2219.071442145235,False,dwarf
6.504583333333334,-11.082777777777778,,,simbad,,,,,,,,,1620.5250373681524,-537.4334188024454,1707.3183875255186,False,dwarf
6.5726666666666675,-11.079888888888888,,,simbad,,,,,,,,,2530.2192489455797,-498.1053329908197,2578.7823425967204,False,dwarf
6.5865,-11.056583333333334,,,simbad,,,,,,,,,2715.053078960071,-180.8335637991504,2721.068539998003,False,dwarf
6.545208333333332,-11.06463888888889,,,simbad,,,,,,,,,2163.3352309348265,-290.49841846611577,2182.7525403799564,False,dwarf
6.573958333333334,-11.057944444444445,,,simbad,,,,,,,,,2547.477829458969,-199.36314269113743,2555.2669046987376,False,dwarf
6.566,-11.1694,,,simbad,,,,,,,,,2441.1427043602635,-1716.670945676585,2984.31513731065,False,dwarf
6.510666666666667,-11.073444444444444,,,simbad,,,,,,,,,1701.807384302243,-410.37344925724307,1750.5869704533188,False,dwarf
