rho_s,r_s,MBH,ML,chi2,chi2_inner,chi2_outer,chi2_occ,N_inner,N_outer,N_nonzero_weights,effective_N_orbits,max_weight_fraction,reward,status,proposal_id,refine_passes
37.37,1759.0,120000.0,2.0,,,,,,,,,,,todo,,
53.283302478975905,2810.442024184958,764329.5532897005,1.4844152572989708,33.628496904772526,11.123105365375496,54.32953163590877,15.051353211103166,37.0,33.0,2500.0,1527.8268725226287,0.0023745004349868763,-33.128496904772526,pass_full,1.0,0.0
0.0,2810.442024184958,764329.5532897005,1.4844152572989708,9.126009627402969,8.020504239421092,8.769863737752162,16.152475204194246,37.0,33.0,2500.0,95.7150994730137,0.07775203915455094,-8.626009627402969,pass_bh_only,1.0,0.0
53.283302478975905,2810.442024184958,0.0,1.4844152572989708,33.708908537211464,11.243619721328974,54.35582657283189,15.031756863332655,37.0,33.0,2500.0,1558.7516861386482,0.0016107244225218548,-33.208908537211464,pass_halo_only,1.0,0.0
53.283302478975905,2810.442024184958,1500000.0,1.4844152572989708,13.048601156047802,11.145657927497522,13.14339315918174,15.086358728748833,37.0,33.0,2500.0,1521.0275641406236,0.0025132529875638776,-12.548601156047802,pass_bh_up,1.0,0.0
53.283302478975905,2810.442024184958,382164.77664485027,1.4844152572989708,33.7137222279533,11.25591818982708,54.35102087467407,15.05300515707132,37.0,33.0,2500.0,1553.3738844639154,0.001767846529188098,-33.2137222279533,pass_bh_down,1.0,0.0
100.0,2810.442024184958,764329.5532897005,1.4844152572989708,34.492964981808214,12.07569505405247,54.99446891581076,14.917497577644898,37.0,33.0,2500.0,1597.971745844756,0.0019045890132466338,-33.992964981808214,pass_halo_up,1.0,0.0
26.641651239487953,2810.442024184958,764329.5532897005,1.4844152572989708,12.629348796400668,11.05899890421632,12.393457954551803,15.369948606230666,37.0,33.0,2500.0,1384.135405132736,0.002146235703116976,-12.129348796400668,pass_halo_down,1.0,0.0
53.283302478975905,2810.442024184958,764329.5532897005,2.0,13.054977928816985,11.158801336348972,13.14211999128957,15.062934144453049,37.0,33.0,2500.0,1510.39613274438,0.0036792979426854846,-12.554977928816985,pass_ml_up,1.0,0.0
53.283302478975905,2810.442024184958,764329.5532897005,0.7422076286494854,13.037062788841316,11.170454171541722,13.093690142590196,15.047565011006613,37.0,33.0,2500.0,1512.5735837269613,0.0030223394188936665,-12.537062788841316,pass_ml_down,1.0,0.0
25.69989547569754,3837.6599616989224,1325818.7755343155,0.478818348559932,29.770587792930243,10.45032499605075,47.35972046908124,15.32599399983805,37.0,33.0,2500.0,1215.5687663624972,0.006074681403928773,-29.270587792930243,pass_full,2.0,0.0
0.0,3837.6599616989224,1325818.7755343155,0.478818348559932,11.212267411781141,13.044267438193895,7.293688919133415,16.6800196329785,37.0,33.0,2500.0,113.79585393194408,0.053309243996602376,-10.712267411781141,pass_bh_only,2.0,0.0
25.69989547569754,3837.6599616989224,0.0,0.478818348559932,33.138571992036916,10.875447451389881,53.62259997578755,15.208396572022101,37.0,33.0,2500.0,1409.9778681376226,0.001595796715045892,-32.638571992036916,pass_halo_only,2.0,0.0
25.69989547569754,3837.6599616989224,1500000.0,0.478818348559932,33.180532385337294,10.91153027221857,53.66619110281841,15.204210967166599,37.0,33.0,2500.0,1416.8112293020115,0.0017209716535173873,-32.680532385337294,pass_bh_up,2.0,0.0
25.69989547569754,3837.6599616989224,662909.3877671578,0.478818348559932,33.20417012718538,10.956202282097413,53.66134559724838,15.271339247433392,37.0,33.0,2500.0,1427.7733651644635,0.00245128727467246,-32.70417012718538,pass_bh_down,2.0,0.0
51.39979095139508,3837.6599616989224,1325818.7755343155,0.478818348559932,33.88850619477395,11.507215223726252,54.41708053144403,15.110788039556278,37.0,33.0,2500.0,1504.5374744339656,0.004206700766734932,-33.38850619477395,pass_halo_up,2.0,0.0
12.84994773784877,3837.6599616989224,1325818.7755343155,0.478818348559932,11.936768577418587,10.316567047782248,11.822772303581063,15.96225932350847,37.0,33.0,2500.0,1058.2818007402082,0.009492570327064858,-11.436768577418587,pass_halo_down,2.0,0.0
25.69989547569754,3837.6599616989224,1325818.7755343155,0.957636697119864,12.592303417275252,10.915237288179716,12.484191828694613,15.249915530594658,37.0,33.0,2500.0,1407.599713104651,0.0031299996756861052,-12.092303417275252,pass_ml_up,2.0,0.0
25.69989547569754,3837.6599616989224,1325818.7755343155,0.239409174279966,12.3194787968385,10.774833087249675,12.095844292810305,15.253914700363223,37.0,33.0,2500.0,1299.8263083284407,0.008530755436146837,-11.8194787968385,pass_ml_down,2.0,0.0
67.05464383489264,3324.1922453723964,1085440.753765601,1.5477053601202484,13.520420167408268,11.713563887900724,13.452126980927044,15.0256768260263,37.0,33.0,2500.0,1500.0528923605248,0.0034231475328561733,-13.020420167408268,pass_full,3.0,0.0
0.0,3324.1922453723964,1085440.753765601,1.5477053601202484,10.047492541076537,10.368196595596581,7.972964682595074,16.403399148340533,37.0,33.0,2500.0,104.66770882517169,0.05690397069758187,-9.547492541076537,pass_bh_only,3.0,0.0
67.05464383489264,3324.1922453723964,0.0,1.5477053601202484,34.18580423498081,11.94499389946883,54.52579480656564,14.947076611719789,37.0,33.0,2500.0,1560.2771934127397,0.0018953324724546765,-33.68580423498081,pass_halo_only,3.0,0.0
67.05464383489264,3324.1922453723964,1500000.0,1.5477053601202484,13.433495894326365,11.534537026846843,13.47691641435373,15.094617358533474,37.0,33.0,2500.0,1510.3646760321426,0.0033195049719199274,-12.933495894326365,pass_bh_up,3.0,0.0
67.05464383489264,3324.1922453723964,542720.3768828005,1.5477053601202484,34.20324991376432,11.874842188352824,54.63895626010889,14.959776755795673,37.0,33.0,2500.0,1546.2733178029737,0.0016331770326849723,-33.70324991376432,pass_bh_down,3.0,0.0
100.0,3324.1922453723964,1085440.753765601,1.5477053601202484,34.44244056103608,12.002401850573511,54.978115934498135,14.834382718723665,37.0,33.0,2500.0,1539.3389780745536,0.0018366947764609832,-33.94244056103608,pass_halo_up,3.0,0.0
33.52732191744632,3324.1922453723964,1085440.753765601,1.5477053601202484,12.694601297641066,11.102851888246795,12.478979831383757,15.231831343515292,37.0,33.0,2500.0,1434.9022230172595,0.003102067619340984,-12.194601297641066,pass_halo_down,3.0,0.0
67.05464383489264,3324.1922453723964,1085440.753765601,2.0,34.086392403744625,11.70161629258072,54.59684910289516,15.046075426118195,37.0,33.0,2500.0,1505.8599328992645,0.002138067246133125,-33.586392403744625,pass_ml_up,3.0,0.0
67.05464383489264,3324.1922453723964,1085440.753765601,0.7738526800601242,34.08123635267055,11.680917678479245,54.610095693965874,15.034487271651344,37.0,33.0,2500.0,1506.3631052160038,0.0032223089427254503,-33.58123635267055,pass_ml_down,3.0,0.0
81.85473949540494,760.1700574810945,5330.860812173321,0.6154573078663732,12.434016437641082,10.754593344614353,12.337730942480931,15.580010031710037,37.0,33.0,2500.0,1254.4705557864334,0.0036825715877318367,-11.934016437641082,pass_full,4.0,0.0
0.0,760.1700574810945,5330.860812173321,0.6154573078663732,619.6280121700913,640.6354967192422,520.4802802751192,16.086175535137745,37.0,33.0,2484.0,113.56827914261225,0.06057305705547764,-619.1280121700913,pass_bh_only,4.0,0.0
81.85473949540494,760.1700574810945,0.0,0.6154573078663732,12.824160661512934,10.742265897403723,13.131973793982517,15.57563025449262,37.0,33.0,2500.0,1252.9880289893772,0.003811242942266198,-12.324160661512934,pass_halo_only,4.0,0.0
81.85473949540494,760.1700574810945,10661.721624346643,0.6154573078663732,12.632847184873171,10.742717771196041,12.74874520322053,15.578764961097844,37.0,33.0,2500.0,1254.423078480962,0.003823131193485373,-12.132847184873171,pass_bh_up,4.0,0.0
81.85473949540494,760.1700574810945,2665.4304060866607,0.6154573078663732,12.425723665557596,10.749828879204216,12.326559485582028,15.577630372038634,37.0,33.0,2500.0,1254.6574892896815,0.003797371640766099,-11.925723665557596,pass_bh_down,4.0,0.0
100.0,760.1700574810945,5330.860812173321,0.6154573078663732,19.191611098442973,11.034919462990212,25.545859485925188,15.340949331066598,37.0,33.0,2500.0,1321.3867025453492,0.003667337847614854,-18.691611098442973,pass_halo_up,4.0,0.0
40.92736974770247,760.1700574810945,5330.860812173321,0.6154573078663732,34.37784554686463,10.060935999655376,56.98038200191296,16.33056804268981,37.0,33.0,2500.0,892.9607726003121,0.004888293840925998,-33.87784554686463,pass_halo_down,4.0,0.0
81.85473949540494,760.1700574810945,5330.860812173321,1.2309146157327464,12.381754626958134,10.718371951015701,12.273895517004158,15.57749113051857,37.0,33.0,2500.0,1249.4973096321517,0.0037627096580445667,-11.881754626958134,pass_ml_up,4.0,0.0
81.85473949540494,760.1700574810945,5330.860812173321,0.3077286539331866,12.5497644869574,10.737340117650385,12.588727149519793,15.574875851970784,37.0,33.0,2500.0,1248.2703124332738,0.0038072223611457542,-12.0497644869574,pass_ml_down,4.0,0.0
1.2255133316349753,1961.6460419779194,277922.215744497,1.6269831267125825,16.68262644035975,12.779384204663444,18.563586959745802,15.617759819584876,37.0,33.0,2500.0,104.96878093147545,0.08152612496553342,-16.18262644035975,pass_full,5.0,0.0
0.0,1961.6460419779194,277922.215744497,1.6269831267125825,46.75127781049785,61.16106930096578,24.431287025235626,16.39229952434686,37.0,33.0,2500.0,105.2257757311587,0.06462481412880873,-46.25127781049785,pass_bh_only,5.0,0.0
1.2255133316349753,1961.6460419779194,0.0,1.6269831267125825,612.6523277032421,553.5793639527834,604.1530506580817,15.566490444300811,37.0,33.0,2474.0,317.5726686313486,0.009965938491841127,-612.1523277032421,pass_halo_only,5.0,0.0
1.2255133316349753,1961.6460419779194,555844.431488994,1.6269831267125825,20.632229034567178,27.25806543334329,10.219051571453821,15.949993389755084,37.0,33.0,2500.0,118.42240409379284,0.059173399425927774,-20.132229034567178,pass_bh_up,5.0,0.0
1.2255133316349753,1961.6460419779194,138961.1078722485,1.6269831267125825,26.760328517929167,37.28221096872768,11.244186003909341,15.681738211392158,37.0,33.0,2500.0,108.4810619367761,0.06551922234447952,-26.260328517929167,pass_bh_down,5.0,0.0
2.4510266632699507,1961.6460419779194,277922.215744497,1.6269831267125825,14.889469124953244,13.882283855845289,13.74123914667722,15.599567740290125,37.0,33.0,2500.0,111.18416784761936,0.055927645361102334,-14.389469124953244,pass_halo_up,5.0,0.0
0.6127566658174877,1961.6460419779194,277922.215744497,1.6269831267125825,19.1539354286732,25.938049097611458,8.729543232387838,16.37699501200872,37.0,33.0,2500.0,131.53443469518038,0.04257609178881178,-18.6539354286732,pass_halo_down,5.0,0.0
1.2255133316349753,1961.6460419779194,277922.215744497,2.0,39.29753343411846,48.53828935580075,23.70229741067167,15.544685935026425,37.0,33.0,2500.0,104.32257310312943,0.0678261684956075,-38.79753343411846,pass_ml_up,5.0,0.0
1.2255133316349753,1961.6460419779194,277922.215744497,0.8134915633562912,12.295126687290335,11.108585600495656,11.654363174139977,15.866709396203898,37.0,33.0,2500.0,116.51497828742252,0.05298976723113536,-11.795126687290335,pass_ml_down,5.0,0.0
61.217202565311645,4527.316889645711,473051.6691651148,0.931979796564619,19.740522314160334,11.970491162609544,25.607310858854255,14.925041375839008,37.0,33.0,2500.0,1540.3386960753728,0.0031408127560387704,-19.240522314160334,pass_full,6.0,0.0
0.0,4527.316889645711,473051.6691651148,0.931979796564619,14.460295906594538,11.653441904560484,15.365030024054105,16.156188572716303,37.0,33.0,2500.0,95.78330322264928,0.07723139187412385,-13.960295906594538,pass_bh_only,6.0,0.0
61.217202565311645,4527.316889645711,0.0,0.931979796564619,14.776270597650974,11.771162889202692,15.902280857891796,14.925564234035654,37.0,33.0,2500.0,1479.2352032444246,0.0033197212079277543,-14.276270597650974,pass_halo_only,6.0,0.0
61.217202565311645,4527.316889645711,946103.3383302296,0.931979796564619,34.50440080298876,12.082172907148278,55.00945123911144,14.938164542094626,37.0,33.0,2500.0,1588.3696351160625,0.0014466203948005662,-34.00440080298876,pass_bh_up,6.0,0.0
61.217202565311645,4527.316889645711,236525.8345825574,0.931979796564619,34.313428279221945,11.872447904547863,54.86289958710345,14.9300075859633,37.0,33.0,2500.0,1501.5116348978158,0.002414885847189555,-33.813428279221945,pass_bh_down,6.0,0.0
100.0,4527.316889645711,473051.6691651148,0.931979796564619,34.589273242835105,12.291282092006979,54.94525625870956,14.92114008544325,37.0,33.0,2500.0,1452.8523769971687,0.001873643787834548,-34.089273242835105,pass_halo_up,6.0,0.0
30.608601282655822,4527.316889645711,473051.6691651148,0.931979796564619,32.17779883207372,11.127477246254882,51.421686487153075,15.102410729382898,37.0,33.0,2500.0,1472.132870989017,0.0033777374424006916,-31.67779883207372,pass_halo_down,6.0,0.0
61.217202565311645,4527.316889645711,473051.6691651148,1.863959593129238,15.333560517183827,11.960695190550492,16.80397130348353,14.938219068807816,37.0,33.0,2500.0,1535.933349467792,0.0031435050071595763,-14.833560517183827,pass_ml_up,6.0,0.0
61.217202565311645,4527.316889645711,473051.6691651148,0.4659898982823095,15.77259513815623,11.964467096862343,17.678118442080553,14.928087945746062,37.0,33.0,2500.0,1541.6182671201084,0.0031267157265285972,-15.27259513815623,pass_ml_down,6.0,0.0
98.02586036776421,2847.7063455243688,363441.9179143955,0.6540350278081506,34.45313368483166,12.043148696193024,54.950879867737186,14.93128580442103,37.0,33.0,2500.0,1572.5028612731699,0.0014512587903452343,-33.95313368483166,pass_full,7.0,0.0
0.0,2847.7063455243688,363441.9179143955,0.6540350278081506,13.239601821977125,14.543689076227713,9.667198874053136,16.679661586311575,37.0,33.0,2500.0,114.48178247866784,0.04591006222363376,-12.739601821977125,pass_bh_only,7.0,0.0
98.02586036776421,2847.7063455243688,0.0,0.6540350278081506,34.30227320420627,11.822402938945933,54.89685776821792,14.924816385423664,37.0,33.0,2500.0,1530.1787713893495,0.002217081905371504,-33.80227320420627,pass_halo_only,7.0,0.0
98.02586036776421,2847.7063455243688,726883.835828791,0.6540350278081506,34.49078842683572,12.081450137275496,54.983552785029225,14.921139185998117,37.0,33.0,2500.0,1585.2060603928605,0.002572339557637015,-33.99078842683572,pass_bh_up,7.0,0.0
98.02586036776421,2847.7063455243688,181720.95895719776,0.6540350278081506,34.42951750187849,12.023273620561081,54.92647791252882,14.913260049770983,37.0,33.0,2500.0,1557.073973818923,0.0021083407836833467,-33.92951750187849,pass_bh_down,7.0,0.0
100.0,2847.7063455243688,363441.9179143955,0.6540350278081506,34.484745006386035,12.075463425925411,54.978095160031366,14.923883381201817,37.0,33.0,2500.0,1566.156152258692,0.0015844433023511813,-33.984745006386035,pass_halo_up,7.0,0.0
49.012930183882105,2847.7063455243688,363441.9179143955,0.6540350278081506,33.5221127053677,11.154170101787047,54.08007886972117,15.112542087348885,37.0,33.0,2500.0,1497.2707878453105,0.0014707802219712503,-33.0221127053677,pass_halo_down,7.0,0.0
98.02586036776421,2847.7063455243688,363441.9179143955,1.3080700556163012,34.455512701512205,12.031708730832094,54.96831427500101,14.936244183984977,37.0,33.0,2500.0,1573.0960517245828,0.0015480409766742607,-33.955512701512205,pass_ml_up,7.0,0.0
98.02586036776421,2847.7063455243688,363441.9179143955,0.3270175139040753,34.44926673417232,12.01976998396965,54.96915380362918,14.938039528732343,37.0,33.0,2500.0,1569.002703643759,0.0014928957825160992,-33.94926673417232,pass_ml_down,7.0,0.0
56.51557864067961,926.6833355967575,1314387.8384137598,1.0645973390543124,12.186644744961942,10.523530902719894,12.098578980264994,15.694803418107178,37.0,33.0,2500.0,1117.228890791611,0.0035114537216456507,-11.686644744961942,pass_full,8.0,0.0
0.0,926.6833355967575,1314387.8384137598,1.0645973390543124,31.400472150753295,48.767549655158014,7.6238731130195365,16.444011979225365,37.0,33.0,2500.0,106.73506678328347,0.0634799613850777,-30.900472150753295,pass_bh_only,8.0,0.0
56.51557864067961,926.6833355967575,0.0,1.0645973390543124,12.99127835267064,10.477940968336794,13.759961292860886,15.661832783391478,37.0,33.0,2500.0,1098.786944472701,0.004271746007278617,-12.49127835267064,pass_halo_only,8.0,0.0
56.51557864067961,926.6833355967575,1500000.0,1.0645973390543124,11.638082769384097,10.21512556129191,11.345932462334853,15.738045754499536,37.0,33.0,2500.0,967.496477284948,0.013722338807864873,-11.138082769384097,pass_bh_up,8.0,0.0
56.51557864067961,926.6833355967575,657193.9192068799,1.0645973390543124,12.194941946528811,10.604200100860197,12.025933876277936,15.65494682190213,37.0,33.0,2500.0,1117.9496613731073,0.003109313780855171,-11.694941946528811,pass_bh_down,8.0,0.0
100.0,926.6833355967575,1314387.8384137598,1.0645973390543124,12.430075630971098,10.962913424180902,12.107219755710815,15.218943010942217,37.0,33.0,2500.0,1400.9371364545227,0.0029165835366845457,-11.930075630971098,pass_halo_up,8.0,0.0
28.257789320339803,926.6833355967575,1314387.8384137598,1.0645973390543124,32.85015610416316,9.781350756887473,54.23608764874047,16.409432461497534,37.0,33.0,2500.0,691.597478056153,0.010453739251760664,-32.35015610416316,pass_halo_down,8.0,0.0
56.51557864067961,926.6833355967575,1314387.8384137598,2.0,12.110108519988355,10.527462812090942,11.941004719388097,15.697882532059307,37.0,33.0,2500.0,1123.1477805256195,0.003561645718118616,-11.610108519988355,pass_ml_up,8.0,0.0
56.51557864067961,926.6833355967575,1314387.8384137598,0.5322986695271562,12.12079938860071,10.511165424858628,11.980118119556805,15.715740982502911,37.0,33.0,2500.0,1107.298841574427,0.004454853449603555,-11.62079938860071,pass_ml_down,8.0,0.0
28.33258680097599,4493.390671127539,1241447.9557549343,1.963946846272951,12.741879410387162,11.012037066001334,12.677539448799449,15.159867833121131,37.0,33.0,2500.0,1431.7280753974574,0.003595710397389424,-12.241879410387162,pass_full,9.0,0.0
0.0,4493.390671127539,1241447.9557549343,1.963946846272951,28.568150925936404,26.149382082833846,27.30875628916366,16.78186650455081,37.0,33.0,2500.0,117.71756377760123,0.045556366084825585,-28.068150925936404,pass_bh_only,9.0,0.0
28.33258680097599,4493.390671127539,0.0,1.963946846272951,33.40893370149233,11.02242677471034,54.00146479360161,15.111495445357,37.0,33.0,2500.0,1480.3234619339046,0.0016035791453679696,-32.90893370149233,pass_halo_only,9.0,0.0
28.33258680097599,4493.390671127539,1500000.0,1.963946846272951,12.656313356726221,10.932041254147038,12.59514885511864,15.191242921575315,37.0,33.0,2500.0,1417.439648304763,0.0030328109955398133,-12.156313356726221,pass_bh_up,9.0,0.0
28.33258680097599,4493.390671127539,620723.9778774672,1.963946846272951,12.729590361276578,11.09626590689769,12.560352777824187,15.09948362084153,37.0,33.0,2500.0,1437.155024771503,0.003102215057417585,-12.229590361276578,pass_bh_down,9.0,0.0
56.66517360195198,4493.390671127539,1241447.9557549343,1.963946846272951,34.26077369873229,11.87856276072761,54.74961649435134,14.966897655814321,37.0,33.0,2500.0,1541.6630489263393,0.0023588564444468694,-33.76077369873229,pass_halo_up,9.0,0.0
14.166293400487994,4493.390671127539,1241447.9557549343,1.963946846272951,33.006052706369346,10.827299283457181,53.402997245953195,15.490496016005084,37.0,33.0,2500.0,1325.8627114551925,0.0017012463698938374,-32.506052706369346,pass_halo_down,9.0,0.0
28.33258680097599,4493.390671127539,1241447.9557549343,2.0,12.79030554366674,11.085719513667842,12.692121904225164,15.148521036864206,37.0,33.0,2500.0,1453.4603096624887,0.0023388810223451783,-12.29030554366674,pass_ml_up,9.0,0.0
28.33258680097599,4493.390671127539,1241447.9557549343,0.9819734231364755,12.783606932158586,11.02078172348949,12.750657914778461,15.177422565666525,37.0,33.0,2500.0,1435.4865978431517,0.0030949966654120835,-12.283606932158586,pass_ml_down,9.0,0.0
86.72329719037923,1209.4765693235313,681736.0097011335,1.6493290069070548,11.987248244030193,10.671997095201046,11.546961380494823,15.244766027224765,37.0,33.0,2500.0,1207.5817106840757,0.010957319981381232,-11.487248244030193,pass_full,10.0,0.0
0.0,1209.4765693235313,681736.0097011335,1.6493290069070548,46.79701590788971,67.49317272609153,17.417216119376615,16.587527115904024,37.0,33.0,2485.0,112.06258925617249,0.04748387725276827,-46.29701590788971,pass_bh_only,10.0,0.0
86.72329719037923,1209.4765693235313,0.0,1.6493290069070548,33.18170142880594,10.990746002088754,53.58026666000402,15.18589244377418,37.0,33.0,2500.0,1453.7027934683415,0.0016312182561282428,-32.68170142880594,pass_halo_only,10.0,0.0
86.72329719037923,1209.4765693235313,1363472.019402267,1.6493290069070548,12.494795840845144,11.030740373534204,12.161325988955683,15.195374039476365,37.0,33.0,2500.0,1403.9303340017266,0.004917209618612188,-11.994795840845144,pass_bh_up,10.0,0.0
86.72329719037923,1209.4765693235313,340868.00485056674,1.6493290069070548,33.20094793874585,11.042812675993579,53.561419955903226,15.151636400656713,37.0,33.0,2500.0,1445.4681292891773,0.00155230067755068,-32.70094793874585,pass_bh_down,10.0,0.0
100.0,1209.4765693235313,681736.0097011335,1.6493290069070548,12.51997324767671,10.835010978966947,12.43160509030727,15.179860144746375,37.0,33.0,2500.0,1325.603052614765,0.008395226683411257,-12.01997324767671,pass_halo_up,10.0,0.0
43.361648595189614,1209.4765693235313,681736.0097011335,1.6493290069070548,15.94029845558448,10.317307342688135,19.838095104542727,15.662187939205126,37.0,33.0,2500.0,1005.2239248148118,0.012788047708883364,-15.44029845558448,pass_halo_down,10.0,0.0
86.72329719037923,1209.4765693235313,681736.0097011335,2.0,12.620738528689774,11.041082903360321,12.400462593631303,15.233409879360229,37.0,33.0,2500.0,1463.9649150768098,0.002413419910532539,-12.120738528689774,pass_ml_up,10.0,0.0
86.72329719037923,1209.4765693235313,681736.0097011335,0.8246645034535274,12.483839162847868,10.886535208068596,12.29936903432065,15.252403916839995,37.0,33.0,2500.0,1408.9796602639829,0.004979697694538209,-11.983839162847868,pass_ml_down,10.0,0.0
74.723141673695,4623.810676867429,330704.89456542884,1.9963155763262859,13.684382508881438,11.974501374911956,13.492708401241014,14.853317473479045,37.0,33.0,2500.0,1455.6846995923643,0.002244148225989164,-13.184382508881438,pass_full,11.0,0.0
0.0,4623.810676867429,330704.89456542884,1.9963155763262859,35.59059368207849,47.00276634085831,17.97027908866171,16.85761847958623,37.0,33.0,2500.0,120.85203257672573,0.03748058516191875,-35.09059368207849,pass_bh_only,11.0,0.0
74.723141673695,4623.810676867429,0.0,1.9963155763262859,13.686521497676532,11.945570924896316,13.528131339705997,14.895960415189133,37.0,33.0,2500.0,1439.8672117893823,0.0033736457613071282,-13.186521497676532,pass_halo_only,11.0,0.0
74.723141673695,4623.810676867429,661409.7891308577,1.9963155763262859,13.716070496376926,11.998888205180707,13.530789079491672,14.785749545965366,37.0,33.0,2500.0,1488.4498004032,0.0020532786667699057,-13.216070496376926,pass_bh_up,11.0,0.0
74.723141673695,4623.810676867429,165352.44728271442,1.9963155763262859,13.651713314235652,11.883837743756605,13.527221677878561,14.912766850566292,37.0,33.0,2500.0,1431.6445074855494,0.0028850039499098722,-13.151713314235652,pass_bh_down,11.0,0.0
100.0,4623.810676867429,330704.89456542884,1.9963155763262859,13.908392013040952,12.208183140163538,13.67616513790258,14.937647123866613,37.0,33.0,2500.0,1423.2339670833514,0.001966419332511852,-13.408392013040952,pass_halo_up,11.0,0.0
37.3615708368475,4623.810676867429,330704.89456542884,1.9963155763262859,13.13908321117842,11.377594978458902,13.065678470125171,15.041088220665518,37.0,33.0,2500.0,1494.7525666390773,0.001949819936817473,-12.63908321117842,pass_halo_down,11.0,0.0
74.723141673695,4623.810676867429,330704.89456542884,2.0,13.723421056688851,11.987833981397394,13.55566851844145,14.858871321192204,37.0,33.0,2500.0,1459.732958262679,0.0025462027782694185,-13.223421056688851,pass_ml_up,11.0,0.0
74.723141673695,4623.810676867429,330704.89456542884,0.9981577881631429,13.690337777861503,11.970473382548768,13.50944760731928,14.84300714301842,37.0,33.0,2500.0,1464.0716810282142,0.0020078266331480343,-13.190337777861503,pass_ml_down,11.0,0.0
60.27965202583806,466.9367495457787,833281.6176966382,0.7753565394648787,46.93833266261348,10.05556212269089,82.10320372613496,16.468434230472056,37.0,33.0,2500.0,771.4239657682817,0.009244474383013105,-46.43833266261348,pass_full,12.0,0.0
0.0,466.9367495457787,833281.6176966382,0.7753565394648787,8.347999406839284,8.090460566129014,7.138024657272818,16.06610621461638,37.0,33.0,2500.0,94.13498939937227,0.07215879400141689,-7.847999406839284,pass_bh_only,12.0,0.0
60.27965202583806,466.9367495457787,0.0,0.7753565394648787,53.79675832222587,10.06153996612142,95.8155968263423,16.39437525111746,37.0,33.0,2500.0,787.6476017239461,0.006144627315199275,-53.29675832222587,pass_halo_only,12.0,0.0
60.27965202583806,466.9367495457787,1500000.0,0.7753565394648787,11.772144551154739,9.988684565559355,11.842678565657073,16.571818783833407,37.0,33.0,2500.0,772.4282756599678,0.00941699391663316,-11.272144551154739,pass_bh_up,12.0,0.0
60.27965202583806,466.9367495457787,416640.8088483191,0.7753565394648787,33.92095722743026,10.237816758135109,55.86458410790259,16.45268139861429,37.0,33.0,2500.0,781.9410249248825,0.00555913360082715,-33.42095722743026,pass_bh_down,12.0,0.0
100.0,466.9367495457787,833281.6176966382,0.7753565394648787,11.789057276637132,10.441971253615483,11.388994151463118,15.88803687599541,37.0,33.0,2500.0,1003.1681418516976,0.00810317043557041,-11.289057276637132,pass_halo_up,12.0,0.0
30.13982601291903,466.9367495457787,833281.6176966382,0.7753565394648787,13.255805294029386,10.328570199675333,14.455825591320908,15.683807504362626,37.0,33.0,2500.0,271.30735611358654,0.02579452830510347,-12.755805294029386,pass_halo_down,12.0,0.0
60.27965202583806,466.9367495457787,833281.6176966382,1.5507130789297574,13.884129832596512,9.901275251988153,16.170643309479875,16.374155414972087,37.0,33.0,2500.0,641.7113752782851,0.019607830652287574,-13.384129832596512,pass_ml_up,12.0,0.0
60.27965202583806,466.9367495457787,833281.6176966382,0.38767826973243935,31.489763234815705,10.248918164507268,50.988087220832426,16.507523123597405,37.0,33.0,2500.0,784.3126245654371,0.009071431652549715,-30.989763234815705,pass_ml_down,12.0,0.0
50.210462453405746,2805.672069653054,993770.0846877613,1.0248962273370026,12.801872570533243,11.06853795938289,12.735858398164313,15.104358018605273,37.0,33.0,2500.0,1468.4564247678209,0.004192429310321436,-12.301872570533243,pass_full,13.0,0.0
0.0,2805.672069653054,993770.0846877613,1.0248962273370026,32.473739394823475,39.856537019133974,19.768242070830865,16.222942012973057,37.0,33.0,2500.0,98.79622853997712,0.06594976735610156,-31.973739394823475,pass_bh_only,13.0,0.0
50.210462453405746,2805.672069653054,0.0,1.0248962273370026,12.90445636877967,11.147019113203381,12.85470318388466,15.049208082739323,37.0,33.0,2500.0,1509.4758284762645,0.002991115911745537,-12.40445636877967,pass_halo_only,13.0,0.0
50.210462453405746,2805.672069653054,1500000.0,1.0248962273370026,12.794742883943307,11.067950004276229,12.72300651253847,15.079665268268375,37.0,33.0,2500.0,1477.4283159034358,0.0037029753818469077,-12.294742883943307,pass_bh_up,13.0,0.0
50.210462453405746,2805.672069653054,496885.04234388063,1.0248962273370026,33.49210197213305,11.095744255302739,54.086625096663276,15.077564524690954,37.0,33.0,2500.0,1504.7104588568384,0.0014306538779023847,-32.99210197213305,pass_bh_down,13.0,0.0
100.0,2805.672069653054,993770.0846877613,1.0248962273370026,13.89865354641865,11.999306708434405,13.891308641111467,14.923600694879772,37.0,33.0,2500.0,1566.3817361103254,0.0035705075614875592,-13.39865354641865,pass_halo_up,13.0,0.0
25.105231226702873,2805.672069653054,993770.0846877613,1.0248962273370026,15.493687877672219,10.95162965085923,18.240686850172512,15.43043678888203,37.0,33.0,2500.0,1339.8406589869714,0.0047882856262396085,-14.993687877672219,pass_halo_down,13.0,0.0
50.210462453405746,2805.672069653054,993770.0846877613,2.0,12.806719987470528,11.099791945786173,12.709687241388057,15.131538213160715,37.0,33.0,2500.0,1477.884498262656,0.0034425398619619494,-12.306719987470528,pass_ml_up,13.0,0.0
50.210462453405746,2805.672069653054,993770.0846877613,0.5124481136685013,12.826346825585643,11.067818244000222,12.78411434322652,15.153842134169203,37.0,33.0,2500.0,1475.4177704155895,0.0033062759384745472,-12.326346825585643,pass_ml_down,13.0,0.0
10.987638293835033,3730.7070373366914,1176305.3518684094,0.4543214736010023,11.95476548790996,10.327297793007357,11.842454931518743,16.103491120666746,37.0,33.0,2500.0,1033.1918516131184,0.0041572989108980135,-11.45476548790996,pass_full,14.0,0.0
0.0,3730.7070373366914,1176305.3518684094,0.4543214736010023,21.651200710257736,31.588437716123305,7.395239154124255,16.164159294347836,37.0,33.0,2500.0,96.98956390189713,0.07382437107718302,-21.151200710257736,pass_bh_only,14.0,0.0
10.987638293835033,3730.7070373366914,0.0,0.4543214736010023,11.914507306330496,10.27115551822649,11.828858320960409,15.972403451739382,37.0,33.0,2500.0,1019.4207822042985,0.002669160763249135,-11.414507306330496,pass_halo_only,14.0,0.0
10.987638293835033,3730.7070373366914,1500000.0,0.4543214736010023,12.049671259717606,10.391445911376518,11.962057290315887,16.046913840006628,37.0,33.0,2500.0,1022.7143730827916,0.004706290598186755,-11.549671259717606,pass_bh_up,14.0,0.0
10.987638293835033,3730.7070373366914,588152.6759342047,0.4543214736010023,11.991188385560282,10.404996397737381,11.831463073148965,15.995285316779842,37.0,33.0,2500.0,1005.3851740849601,0.0032401877426567506,-11.491188385560282,pass_bh_down,14.0,0.0
21.975276587670066,3730.7070373366914,1176305.3518684094,0.4543214736010023,12.653317831388366,11.032453154308083,12.473525956149059,15.291853609314298,37.0,33.0,2500.0,1377.8873744087273,0.0022494600696118714,-12.153317831388366,pass_halo_up,14.0,0.0
5.493819146917517,3730.7070373366914,1176305.3518684094,0.4543214736010023,33.67995890624383,9.967775693774579,55.68877087015074,16.340148427459862,37.0,33.0,2500.0,578.4176568238223,0.009826904454557172,-33.17995890624383,pass_halo_down,14.0,0.0
10.987638293835033,3730.7070373366914,1176305.3518684094,0.9086429472020046,12.02054074208016,10.406258302381989,11.886615414857351,16.065823098864612,37.0,33.0,2500.0,1041.7436613311218,0.0029833757643627935,-11.52054074208016,pass_ml_up,14.0,0.0
10.987638293835033,3730.7070373366914,1176305.3518684094,0.22716073680050114,11.922625688834923,10.285953571243693,11.826230702901423,16.047400131341494,37.0,33.0,2500.0,1012.382675475135,0.004394698780823041,-11.422625688834923,pass_ml_down,14.0,0.0
83.8686941896812,2192.813706138668,609635.4892371157,0.8671993601353001,13.313828696837971,11.554088129811722,13.216889802622198,15.05406970173951,37.0,33.0,2500.0,1508.4370810714063,0.0018416358608487559,-12.813828696837971,pass_full,15.0,0.0
0.0,2192.813706138668,609635.4892371157,0.8671993601353001,11.291139169334365,12.106779040887018,8.520533404283345,16.086758321897772,37.0,33.0,2498.0,93.57535828145282,0.09315141726018583,-10.791139169334365,pass_bh_only,15.0,0.0
83.8686941896812,2192.813706138668,0.0,0.8671993601353001,13.314424109053762,11.534093566559948,13.242303560771301,14.994511729377217,37.0,33.0,2500.0,1530.2958443769285,0.0017715979010191746,-12.814424109053762,pass_halo_only,15.0,0.0
83.8686941896812,2192.813706138668,1219270.9784742314,0.8671993601353001,13.35469300289957,11.586261656345727,13.26042665352359,15.123977340301373,37.0,33.0,2500.0,1519.3053501024315,0.002241128102430798,-12.85469300289957,pass_bh_up,15.0,0.0
83.8686941896812,2192.813706138668,304817.74461855786,0.8671993601353001,13.314723654775804,11.558393037961972,13.214748976939319,15.024502571612441,37.0,33.0,2500.0,1528.6764882806474,0.001625416294243526,-12.814723654775804,pass_bh_down,15.0,0.0
100.0,2192.813706138668,609635.4892371157,0.8671993601353001,13.901964174406052,11.910176437681214,13.99630723235929,14.974968648737274,37.0,33.0,2500.0,1529.0574305713455,0.003395658752172832,-13.401964174406052,pass_halo_up,15.0,0.0
41.9343470948406,2192.813706138668,609635.4892371157,0.8671993601353001,12.60305656635069,11.068548529954237,12.333704073064414,15.253203359713236,37.0,33.0,2500.0,1403.932939300409,0.0019758981923966913,-12.10305656635069,pass_halo_down,15.0,0.0
83.8686941896812,2192.813706138668,609635.4892371157,1.7343987202706002,13.326944643429055,11.552580147284202,13.24590828237902,15.017907698295108,37.0,33.0,2500.0,1514.8469516232244,0.002011549303028591,-12.826944643429055,pass_ml_up,15.0,0.0
83.8686941896812,2192.813706138668,609635.4892371157,0.43359968006765004,13.34163133150043,11.577007566270309,13.247425399793386,15.033349733844734,37.0,33.0,2500.0,1519.8419453216734,0.0019372466983987534,-12.84163133150043,pass_ml_down,15.0,0.0
91.7015617878237,2606.1930236923945,1448982.5544187804,0.3254977469476743,11.581291818744399,10.328371150709904,11.128600495092153,14.971711122822585,37.0,33.0,2500.0,803.1952815382641,0.024737292729346022,-11.081291818744399,pass_full,16.0,0.0
0.0,2606.1930236923945,1448982.5544187804,0.3254977469476743,13.751362778871343,15.856846742469266,9.23214670678613,16.22577261020327,37.0,33.0,2500.0,98.16097591105132,0.07779119893401494,-13.251362778871343,pass_bh_only,16.0,0.0
91.7015617878237,2606.1930236923945,0.0,0.3254977469476743,34.230901567497035,11.953774199788345,54.60687625166349,14.922941757739267,37.0,33.0,2500.0,1574.782676889558,0.0014881026401965816,-33.730901567497035,pass_halo_only,16.0,0.0
91.7015617878237,2606.1930236923945,1500000.0,0.3254977469476743,34.12048035409812,11.670097588034144,54.700105206885,15.054620786008075,37.0,33.0,2500.0,1522.5902580800266,0.003937944900587393,-33.62048035409812,pass_bh_up,16.0,0.0
91.7015617878237,2606.1930236923945,724491.2772093902,0.3254977469476743,34.25755971544301,11.972152328653657,54.639387883916996,14.92950488979178,37.0,33.0,2500.0,1570.8043301582957,0.0014130648828995084,-33.75755971544301,pass_bh_down,16.0,0.0
100.0,2606.1930236923945,1448982.5544187804,0.3254977469476743,13.518662664000464,11.67191186484693,13.496699656191941,14.979908170359904,37.0,33.0,2500.0,1463.9669790343607,0.0065094127976162795,-13.018662664000464,pass_halo_up,16.0,0.0
45.85078089391185,2606.1930236923945,1448982.5544187804,0.3254977469476743,12.704445035225945,11.042950589625681,12.566303337724381,15.216190363857582,37.0,33.0,2500.0,1402.096399737182,0.003870667662154658,-12.204445035225945,pass_halo_down,16.0,0.0
91.7015617878237,2606.1930236923945,1448982.5544187804,0.6509954938953486,13.453162750531845,11.730749914228644,13.298775922588568,15.011389263218994,37.0,33.0,2500.0,1486.8670788512745,0.0056183426168287046,-12.953162750531845,pass_ml_up,16.0,0.0
91.7015617878237,2606.1930236923945,1448982.5544187804,0.2,13.503894689232265,11.665393283505288,13.472542380634128,15.043599438707218,37.0,33.0,2500.0,1508.5260770444356,0.003659975186931496,-13.003894689232265,pass_ml_down,16.0,0.0
36.20486515048778,512.2518301395318,503606.2258717744,0.9329194137130663,13.571843031894918,10.31057092819563,15.092828908217106,16.187161790661754,37.0,33.0,2500.0,468.80805002723815,0.01454176443735274,-13.071843031894918,pass_full,17.0,0.0
0.0,512.2518301395318,503606.2258717744,0.9329194137130663,14.017701888206453,13.827633891528166,12.03679704203274,16.331568248003485,37.0,33.0,2500.0,102.11872128661341,0.0558932147215608,-13.517701888206453,pass_bh_only,17.0,0.0
36.20486515048778,512.2518301395318,0.0,0.9329194137130663,67.18291379002311,10.185540729479388,122.45538845368232,16.179484179273185,37.0,33.0,2458.0,491.63760140706495,0.007413726368870964,-66.68291379002311,pass_halo_only,17.0,0.0
36.20486515048778,512.2518301395318,1007212.4517435489,0.9329194137130663,12.94458610704977,10.213023886110863,13.948321836543503,16.166178673247337,37.0,33.0,2500.0,453.8203127868059,0.013990510703262201,-12.44458610704977,pass_bh_up,17.0,0.0
36.20486515048778,512.2518301395318,251803.1129358872,0.9329194137130663,41.89520054103634,9.868383768926986,72.23913022562984,16.06173881231454,37.0,33.0,2500.0,400.38687865209806,0.02602177019967648,-41.39520054103634,pass_bh_down,17.0,0.0
72.40973030097555,512.2518301395318,503606.2258717744,0.9329194137130663,12.438592031966984,10.142069523940396,13.019607593589344,16.04345113557807,37.0,33.0,2500.0,864.1431956358693,0.011773531732861654,-11.938592031966984,pass_halo_up,17.0,0.0
18.10243257524389,512.2518301395318,503606.2258717744,0.9329194137130663,25.0621153233796,22.87873455716292,24.014650228361536,15.102975192094743,37.0,33.0,2500.0,109.40589549549998,0.06258629922012762,-24.5621153233796,pass_halo_down,17.0,0.0
36.20486515048778,512.2518301395318,503606.2258717744,1.8658388274261326,56.61721598244923,10.239236008535233,101.26590516922425,16.109651941443193,37.0,33.0,2500.0,463.057828630434,0.016620764446822558,-56.11721598244923,pass_ml_up,17.0,0.0
36.20486515048778,512.2518301395318,503606.2258717744,0.46645970685653315,12.126829218349592,9.39817856008494,13.231105159723278,16.01165141706234,37.0,33.0,2500.0,356.9808017700159,0.03336906608714295,-11.626829218349592,pass_ml_down,17.0,0.0
23.310712527799016,1257.5917359734776,1402203.3001682654,1.2386842881693916,28.332932552131947,10.032807464806385,44.92158068473561,16.347509646597743,37.0,33.0,2500.0,832.0624060713102,0.007125604020823873,-27.832932552131947,pass_full,18.0,0.0
0.0,1257.5917359734776,1402203.3001682654,1.2386842881693916,8.283204161818764,7.420033837521603,7.747210532113316,16.492275131999627,37.0,33.0,2500.0,109.07666746380103,0.062304661658592324,-7.783204161818764,pass_bh_only,18.0,0.0
23.310712527799016,1257.5917359734776,0.0,1.2386842881693916,35.43401450205691,9.900922958240189,59.27194650988271,16.33657285474062,37.0,33.0,2500.0,823.7930303337789,0.006971982021074716,-34.93401450205691,pass_halo_only,18.0,0.0
23.310712527799016,1257.5917359734776,1500000.0,1.2386842881693916,11.638828674004513,9.936683046795036,11.640753770156401,16.36054533772016,37.0,33.0,2500.0,765.186410801797,0.013404826906089247,-11.138828674004513,pass_bh_up,18.0,0.0
23.310712527799016,1257.5917359734776,701101.6500841327,1.2386842881693916,19.458362545492722,10.071917986921738,27.134459913649252,16.153785335990356,37.0,33.0,2500.0,706.914229312906,0.017589337695489708,-18.958362545492722,pass_bh_down,18.0,0.0
46.62142505559803,1257.5917359734776,1402203.3001682654,1.2386842881693916,12.095035735834568,10.66128546324176,11.763709021223278,15.602398724768054,37.0,33.0,2500.0,1137.1694737706766,0.00806120038810368,-11.595035735834568,pass_halo_up,18.0,0.0
11.655356263899508,1257.5917359734776,1402203.3001682654,1.2386842881693916,20.721058728559772,10.566680840092769,29.1119755408236,15.927492154334233,37.0,33.0,2500.0,302.28626851478856,0.0184218071236833,-20.221058728559772,pass_halo_down,18.0,0.0
23.310712527799016,1257.5917359734776,1402203.3001682654,2.0,20.793679769577626,9.960730808809615,29.924646169744594,16.322501264595502,37.0,33.0,2500.0,829.8865323824364,0.007449494063605265,-20.293679769577626,pass_ml_up,18.0,0.0
23.310712527799016,1257.5917359734776,1402203.3001682654,0.6193421440846958,15.879832014094104,10.0833121463086,19.958417506700425,16.35858579567875,37.0,33.0,2500.0,855.1261545489234,0.007039550753174839,-15.379832014094104,pass_ml_down,18.0,0.0
62.422171515757206,4261.962166365013,264726.3429438904,1.7313946406740115,13.753378573010448,11.943316059129865,13.663457986605835,14.926178072892025,37.0,33.0,2500.0,1537.586281035617,0.0020598184111517747,-13.253378573010448,pass_full,19.0,0.0
0.0,4261.962166365013,264726.3429438904,1.7313946406740115,31.538412471203767,42.45047299239688,14.989744160599672,16.206165080975264,37.0,33.0,2500.0,96.59479829139785,0.06620728636198879,-31.038412471203767,pass_bh_only,19.0,0.0
62.422171515757206,4261.962166365013,0.0,1.7313946406740115,13.645171455825169,11.76781614170429,13.643944847823771,14.921938863218177,37.0,33.0,2500.0,1505.6502250283045,0.0029982534806321684,-13.145171455825169,pass_halo_only,19.0,0.0
62.422171515757206,4261.962166365013,529452.6858877809,1.7313946406740115,13.856196931458653,12.085198788723183,13.709028692877709,14.958695428549268,37.0,33.0,2500.0,1551.9476359195596,0.0023581089994907877,-13.356196931458653,pass_bh_up,19.0,0.0
62.422171515757206,4261.962166365013,132363.1714719452,1.7313946406740115,13.757255358632676,11.951018871880645,13.662475544503197,14.929462441566843,37.0,33.0,2500.0,1524.5121329350109,0.0021477147656889695,-13.257255358632676,pass_bh_down,19.0,0.0
100.0,4261.962166365013,264726.3429438904,1.7313946406740115,13.8897781272621,12.250006440948862,13.593162845453106,14.900744184238208,37.0,33.0,2500.0,1436.545045221095,0.0031784693338471584,-13.3897781272621,pass_halo_up,19.0,0.0
31.211085757878603,4261.962166365013,264726.3429438904,1.7313946406740115,12.811666737772125,11.131244404837888,12.684681411961357,15.119475119233822,37.0,33.0,2500.0,1461.028192731506,0.0016683864237214204,-12.311666737772125,pass_halo_down,19.0,0.0
62.422171515757206,4261.962166365013,264726.3429438904,2.0,13.806017826127228,11.957886158353592,13.7526194016406,14.918948411174375,37.0,33.0,2500.0,1539.8466103760647,0.003035291814703541,-13.306017826127228,pass_ml_up,19.0,0.0
62.422171515757206,4261.962166365013,264726.3429438904,0.8656973203370057,13.798694821152898,12.002015425699772,13.687595408276481,14.948638972075624,37.0,33.0,2500.0,1545.216662810544,0.002317273218201835,-13.298694821152898,pass_ml_down,19.0,0.0
29.913530008633614,4221.776308190052,1436637.3379792036,0.40651352908042787,12.591345481971668,10.986483725787071,12.403347403587373,15.218439637625362,37.0,33.0,2500.0,1410.1896339182376,0.003331364506952117,-12.091345481971668,pass_full,20.0,0.0
0.0,4221.776308190052,1436637.3379792036,0.40651352908042787,30.34925797101756,46.87972785627728,7.653668318832934,15.930040883412701,37.0,33.0,2500.0,88.83359356149361,0.07820828028197681,-29.84925797101756,pass_bh_only,20.0,0.0
29.913530008633614,4221.776308190052,0.0,0.40651352908042787,12.693566022993863,11.024866583574328,12.567377581280939,15.131833743074386,37.0,33.0,2500.0,1449.883235731598,0.0021650907327693987,-12.193566022993863,pass_halo_only,20.0,0.0
29.913530008633614,4221.776308190052,1500000.0,0.40651352908042787,12.627518607530384,10.961292337656861,12.503921613426778,15.218998360617892,37.0,33.0,2500.0,1423.6594707621805,0.0030779203364586713,-12.127518607530384,pass_bh_up,20.0,0.0
29.913530008633614,4221.776308190052,718318.6689896018,0.40651352908042787,12.697971395892958,11.115709306497696,12.474598294045961,15.123124085003745,37.0,33.0,2500.0,1432.748371551377,0.002392757642304909,-12.197971395892958,pass_bh_down,20.0,0.0
59.82706001726723,4221.776308190052,1436637.3379792036,0.40651352908042787,13.61694166888717,11.868887978727962,13.471984666980378,14.993800923266308,37.0,33.0,2500.0,1516.870217181561,0.0025773348292399676,-13.11694166888717,pass_halo_up,20.0,0.0
14.956765004316807,4221.776308190052,1436637.3379792036,0.40651352908042787,12.959041086292645,10.808508688901618,13.330928163735411,15.461260802686414,37.0,33.0,2500.0,1278.0881718814708,0.004750697460342794,-12.459041086292645,pass_halo_down,20.0,0.0
29.913530008633614,4221.776308190052,1436637.3379792036,0.8130270581608557,12.425318058954032,10.942603553692349,12.122869418604719,15.13996959039356,37.0,33.0,2500.0,1339.0715345901892,0.006798819484472572,-11.925318058954032,pass_ml_up,20.0,0.0
29.913530008633614,4221.776308190052,1436637.3379792036,0.20325676454021394,12.412009917499546,10.65307968005269,12.418009832497036,15.234381920617771,37.0,33.0,2500.0,1299.0752250638598,0.008109281997235287,-11.912009917499546,pass_ml_down,20.0,0.0
11.658878098879555,515.0289644432416,872063.5662770929,0.37644943232606903,11.883454144750889,11.521733138078657,10.36085641699777,16.095585683721684,37.0,33.0,2500.0,126.87482893611065,0.046654012753985744,-11.383454144750889,pass_full,21.0,0.0
0.0,515.0289644432416,872063.5662770929,0.37644943232606903,11.155041981228921,10.466530172083823,10.083225211056,16.224722429159275,37.0,33.0,2500.0,98.23462625113183,0.06523557501879679,-10.655041981228921,pass_bh_only,21.0,0.0
11.658878098879555,515.0289644432416,0.0,0.37644943232606903,363.4926121043787,250.49976852367845,445.64562223466316,15.715429769005752,37.0,33.0,2500.0,308.2889731029242,0.011344267826435776,-362.9926121043787,pass_halo_only,21.0,0.0
11.658878098879555,515.0289644432416,1500000.0,0.37644943232606903,32.88069094935785,49.686658964804586,9.56101959506036,16.205574322855828,37.0,33.0,2500.0,129.04858605785276,0.0474574729065917,-32.38069094935785,pass_bh_up,21.0,0.0
11.658878098879555,515.0289644432416,436031.78313854645,0.37644943232606903,10.99343824728436,10.512937262227933,9.718079760466,15.891613522956087,37.0,33.0,2500.0,126.66847957772322,0.05043343313000123,-10.49343824728436,pass_bh_down,21.0,0.0
23.31775619775911,515.0289644432416,872063.5662770929,0.37644943232606903,10.87089774557926,10.337058292937424,9.6790559992391,15.5992463946562,37.0,33.0,2500.0,156.22577071982505,0.04351640140416446,-10.37089774557926,pass_halo_up,21.0,0.0
5.829439049439777,515.0289644432416,872063.5662770929,0.37644943232606903,21.630026664153583,30.07567963130591,9.044063946878849,16.32750322881628,37.0,33.0,2500.0,127.85548241093115,0.04703860476897108,-21.130026664153583,pass_halo_down,21.0,0.0
11.658878098879555,515.0289644432416,872063.5662770929,0.7528988646521381,12.201889626054358,11.412055001920471,11.132986437257435,15.690127819034561,37.0,33.0,2500.0,117.52996909010346,0.05955400734995099,-11.701889626054358,pass_ml_up,21.0,0.0
11.658878098879555,515.0289644432416,872063.5662770929,0.2,20.777425151641054,27.100527328300824,10.696748214908819,15.59785776918753,37.0,33.0,2500.0,110.65940808209646,0.06437786758741544,-20.277425151641054,pass_ml_down,21.0,0.0
21.32551360858692,1109.277086812866,1459722.9388517076,0.5568255941400457,10.028164613582708,9.091790003382185,9.365173017323524,16.41192479964191,37.0,33.0,2500.0,475.60537221554466,0.031564355190399344,-9.528164613582708,pass_full,22.0,0.0
0.0,1109.277086812866,1459722.9388517076,0.5568255941400457,18.31494834651463,26.18080630797157,6.78329022474677,16.24818005837392,37.0,33.0,2500.0,99.33735624510905,0.07538969635465147,-17.81494834651463,pass_bh_only,22.0,0.0
21.32551360858692,1109.277086812866,0.0,0.5568255941400457,54.76028009743311,9.948394316005317,97.86786264142928,16.44842957122008,37.0,33.0,2500.0,725.1858232805993,0.003562747632182184,-54.26028009743311,pass_halo_only,22.0,0.0
21.32551360858692,1109.277086812866,1500000.0,0.5568255941400457,34.14425432446409,9.929372468525552,56.65194874485085,16.619695499107447,37.0,33.0,2500.0,724.6400783434008,0.00800552383062785,-33.64425432446409,pass_bh_up,22.0,0.0
21.32551360858692,1109.277086812866,729861.4694258538,0.5568255941400457,12.136966459542785,9.939641207707032,12.626672346375571,16.592874214270044,37.0,33.0,2500.0,686.0243396729408,0.008259708710667502,-11.636966459542785,pass_bh_down,22.0,0.0
42.65102721717384,1109.277086812866,1459722.9388517076,0.5568255941400457,11.984308934852773,10.33210503660292,11.903010096443863,15.877170163327394,37.0,33.0,2500.0,1081.5599235367704,0.0036803540869997688,-11.484308934852773,pass_halo_up,22.0,0.0
10.66275680429346,1109.277086812866,1459722.9388517076,0.5568255941400457,12.527504720948599,9.930294619587348,13.441619038352222,15.820982392252743,37.0,33.0,2500.0,208.78558991267343,0.024886234979676077,-12.027504720948599,pass_halo_down,22.0,0.0
21.32551360858692,1109.277086812866,1459722.9388517076,1.1136511882800915,17.267295774579917,10.031913607733474,22.78455901712538,16.57027007099812,37.0,33.0,2500.0,710.3666049238318,0.00951364814451537,-16.767295774579917,pass_ml_up,22.0,0.0
21.32551360858692,1109.277086812866,1459722.9388517076,0.27841279707002287,12.8098706411637,10.080683528855834,13.81382805129018,16.609846056562112,37.0,33.0,2500.0,726.0938007699376,0.007943068925906353,-12.3098706411637,pass_ml_down,22.0,0.0
17.78873610276509,1578.348019928522,408852.1029564472,1.6495390909406413,31.59074686845269,10.001178566875362,51.47033971702946,16.424475681517258,37.0,33.0,2500.0,826.0087166771539,0.005652062874593756,-31.09074686845269,pass_full,23.0,0.0
0.0,1578.348019928522,408852.1029564472,1.6495390909406413,8.611449232192712,8.905949757635527,6.739846754333713,16.420565399192366,37.0,33.0,2500.0,106.45900620994409,0.06563056533194417,-8.111449232192712,pass_bh_only,23.0,0.0
17.78873610276509,1578.348019928522,0.0,1.6495390909406413,40.42428819995992,9.864349418009926,69.2927806518391,16.360331220295876,37.0,33.0,2500.0,817.6795845385611,0.00505613824764045,-39.92428819995992,pass_halo_only,23.0,0.0
17.78873610276509,1578.348019928522,817704.2059128945,1.6495390909406413,11.997646109395328,10.132332524788348,12.134524362598464,16.509035837173453,37.0,33.0,2500.0,824.3022280053016,0.007494478608164676,-11.497646109395328,pass_bh_up,23.0,0.0
17.78873610276509,1578.348019928522,204426.0514782236,1.6495390909406413,37.13801931766185,9.766443410559006,62.82775565603296,16.43493212591086,37.0,33.0,2500.0,797.5374253172484,0.005471198444110883,-36.63801931766185,pass_bh_down,23.0,0.0
35.57747220553018,1578.348019928522,408852.1029564472,1.6495390909406413,12.107971473533754,10.625047077881858,11.826359481679715,15.729512476168535,37.0,33.0,2500.0,1161.6013888485575,0.005848540024834451,-11.607971473533754,pass_halo_up,23.0,0.0
8.894368051382544,1578.348019928522,408852.1029564472,1.6495390909406413,40.66100112612058,8.849401383960663,70.92556139116304,15.654697209032815,37.0,33.0,2500.0,236.24954551322296,0.04735689585308207,-40.16100112612058,pass_halo_down,23.0,0.0
17.78873610276509,1578.348019928522,408852.1029564472,2.0,32.07963154400056,10.049944626772009,52.39435417078099,16.394043077700136,37.0,33.0,2500.0,831.950859651154,0.004877215616101951,-31.579631544000563,pass_ml_up,23.0,0.0
17.78873610276509,1578.348019928522,408852.1029564472,0.8247695454703207,31.844858095950975,10.043023829580882,51.932409019751596,16.39925498646825,37.0,33.0,2500.0,828.2230473726778,0.00491832080599388,-31.344858095950975,pass_ml_down,23.0,0.0
17.332654755865896,1746.7504418302117,698341.0775320065,1.6525409019010289,15.487335201385807,10.103740647989591,19.151969624759005,16.31072169880095,37.0,33.0,2500.0,844.9085738530226,0.008495842538139365,-14.987335201385807,pass_full,24.0,0.0
0.0,1746.7504418302117,698341.0775320065,1.6525409019010289,35.71380855352618,55.8280579529845,8.336713730719406,16.36166715856118,37.0,33.0,2500.0,104.78993348178979,0.05585805525566294,-35.21380855352618,pass_bh_only,24.0,0.0
17.332654755865896,1746.7504418302117,0.0,1.6525409019010289,23.447781661489174,9.916045299927548,35.28304497411001,16.319429415337034,37.0,33.0,2500.0,856.691952106914,0.004902567008013774,-22.947781661489174,pass_halo_only,24.0,0.0
17.332654755865896,1746.7504418302117,1396682.155064013,1.6525409019010289,23.526694550471777,9.97640917608314,35.372652492206385,16.337168573250697,37.0,33.0,2500.0,888.1005336168503,0.005247080737209986,-23.026694550471777,pass_bh_up,24.0,0.0
17.332654755865896,1746.7504418302117,349170.5387660033,1.6525409019010289,12.428836575039513,9.944383559034407,13.211751149500516,16.37323433481757,37.0,33.0,2500.0,839.1090171867086,0.008563564491540724,-11.928836575039513,pass_bh_down,24.0,0.0
34.66530951173179,1746.7504418302117,698341.0775320065,1.6525409019010289,11.938713289719995,10.628599534997532,11.489474512648426,15.544235409212595,37.0,33.0,2500.0,1152.2064219137612,0.00751414747171768,-11.438713289719995,pass_halo_up,24.0,0.0
8.666327377932948,1746.7504418302117,698341.0775320065,1.6525409019010289,29.25909473331235,10.377891527902642,46.3942433989627,16.108233700447627,37.0,33.0,2500.0,388.00506344611233,0.014832589322412885,-28.75909473331235,pass_halo_down,24.0,0.0
17.332654755865896,1746.7504418302117,698341.0775320065,2.0,11.877402343671971,10.076157627445063,11.963148276141023,16.306829354229052,37.0,33.0,2500.0,833.1071448234027,0.009213375263246337,-11.377402343671971,pass_ml_up,24.0,0.0
17.332654755865896,1746.7504418302117,698341.0775320065,0.8262704509505144,19.46763763178094,10.151295447036677,27.05875206243892,16.327334096699857,37.0,33.0,2500.0,866.5709660154683,0.004883851804408035,-18.96763763178094,pass_ml_down,24.0,0.0
81.91544764319917,1233.6240951409522,228806.21230163588,1.4366366846272989,12.54217126793179,10.995508386024033,12.29591938706538,15.18415362745149,37.0,33.0,2500.0,1401.8264252237218,0.0034488553156974988,-12.04217126793179,pass_full,25.0,0.0
0.0,1233.6240951409522,228806.21230163588,1.4366366846272989,107.62765338912358,115.56184671598183,85.17358011270376,16.908651471606095,37.0,33.0,2500.0,126.26922781383854,0.038151509145345215,-107.12765338912358,pass_bh_only,25.0,0.0
81.91544764319917,1233.6240951409522,0.0,1.4366366846272989,12.520326264494877,10.952263980474338,12.300544678873328,15.189791776291901,37.0,33.0,2500.0,1400.9298055118927,0.0034513013422934804,-12.020326264494877,pass_halo_only,25.0,0.0
81.91544764319917,1233.6240951409522,457612.42460327176,1.4366366846272989,12.57288019195866,11.043702114627942,12.304523326860977,15.143844641625652,37.0,33.0,2500.0,1406.3990212505066,0.003439018575808555,-12.07288019195866,pass_bh_up,25.0,0.0
81.91544764319917,1233.6240951409522,114403.10615081794,1.4366366846272989,12.529941622699875,10.978443124862135,12.290273131824373,15.194738128088147,37.0,33.0,2500.0,1390.5864690203794,0.0034514604214446456,-12.029941622699875,pass_bh_down,25.0,0.0
100.0,1233.6240951409522,228806.21230163588,1.4366366846272989,14.958322120762787,11.123949208530913,16.983626156580637,15.203476087539332,37.0,33.0,2500.0,1429.824633449151,0.0033727159327721903,-14.458322120762787,pass_halo_up,25.0,0.0
40.957723821599586,1233.6240951409522,228806.21230163588,1.4366366846272989,12.162917722864893,10.545831943258355,12.02584864708731,15.703782454642496,37.0,33.0,2500.0,1112.3521553128533,0.0035289734089910176,-11.662917722864893,pass_halo_down,25.0,0.0
81.91544764319917,1233.6240951409522,228806.21230163588,2.0,12.520225969161972,10.972570779946468,12.277630409729362,15.187991585601633,37.0,33.0,2500.0,1395.697436881244,0.0028687025528295607,-12.020225969161972,pass_ml_up,25.0,0.0
81.91544764319917,1233.6240951409522,228806.21230163588,0.7183183423136494,12.624130319818876,10.995357112074368,12.459711797295316,15.193898650549151,37.0,33.0,2500.0,1397.839280443807,0.0034628048397006847,-12.124130319818876,pass_ml_down,25.0,0.0
71.25478703164771,1085.20133876592,373409.48363737477,1.7015032908015848,12.308346472125942,10.939640817155727,11.886575065178546,15.32717977465814,37.0,33.0,2500.0,1305.8298969469545,0.0026659654269122115,-11.808346472125942,pass_full,26.0,0.0
0.0,1085.20133876592,373409.48363737477,1.7015032908015848,11.125453438512068,11.490761621809915,8.868452528530481,16.462813493323655,37.0,33.0,2500.0,107.24921312213868,0.06054323620980929,-10.625453438512068,pass_bh_only,26.0,0.0
71.25478703164771,1085.20133876592,0.0,1.7015032908015848,12.24124719514027,10.819101139145145,11.888639551537329,15.290467530155546,37.0,33.0,2500.0,1309.0046328206279,0.0024506990382987207,-11.74124719514027,pass_halo_only,26.0,0.0
71.25478703164771,1085.20133876592,746818.9672747495,1.7015032908015848,12.196191048587256,10.85572064335842,11.753765875569773,15.412671508694807,37.0,33.0,2500.0,1284.4165900822463,0.004894957166090217,-11.696191048587256,pass_bh_up,26.0,0.0
71.25478703164771,1085.20133876592,186704.74181868738,1.7015032908015848,12.342458513055435,10.914339958614038,11.984069263654163,15.29739769235209,37.0,33.0,2500.0,1301.3931702657642,0.0029442415619634504,-11.842458513055435,pass_bh_down,26.0,0.0
100.0,1085.20133876592,373409.48363737477,1.7015032908015848,15.655986768870182,11.023279843281836,18.491834844984815,15.203222659504988,37.0,33.0,2500.0,1387.5046257329977,0.0027301158941171045,-15.155986768870182,pass_halo_up,26.0,0.0
35.627393515823854,1085.20133876592,373409.48363737477,1.7015032908015848,11.788602102681775,10.080051741018185,11.789828785526803,16.02147443693993,37.0,33.0,2500.0,905.8932461160204,0.006184128493759798,-11.288602102681775,pass_halo_down,26.0,0.0
71.25478703164771,1085.20133876592,373409.48363737477,2.0,12.29919130295892,10.960013906267982,11.845495660931686,15.324754652628101,37.0,33.0,2500.0,1323.5719025650772,0.0017948088409534416,-11.79919130295892,pass_ml_up,26.0,0.0
71.25478703164771,1085.20133876592,373409.48363737477,0.8507516454007924,46.699232509422245,10.866346991915583,80.75001327649882,15.344068796530639,37.0,33.0,2500.0,1285.1725941769766,0.004149105505082658,-46.199232509422245,pass_ml_down,26.0,0.0
81.30944686731682,2490.8836655828054,821966.0478248879,1.430143209726485,13.49358872194081,11.763158219935203,13.34391894632679,14.990676281706701,37.0,33.0,2500.0,1529.3053028598958,0.001903717238035581,-12.99358872194081,pass_full,27.0,0.0
0.0,2490.8836655828054,821966.0478248879,1.430143209726485,14.302202877324678,14.317891157695769,12.056953981706766,16.303935672362336,37.0,33.0,2500.0,101.01008892219248,0.06164267783034912,-13.802202877324678,pass_bh_only,27.0,0.0
81.30944686731682,2490.8836655828054,0.0,1.430143209726485,13.49031927579072,11.708981410994124,13.399845635346585,14.93385402896769,37.0,33.0,2500.0,1544.5233547670089,0.001860914297674165,-12.99031927579072,pass_halo_only,27.0,0.0
81.30944686731682,2490.8836655828054,1500000.0,1.430143209726485,13.285457879400468,11.387752648985245,13.345988947234403,15.075736769241585,37.0,33.0,2500.0,1425.727082760273,0.0067331573242590285,-12.785457879400468,pass_bh_up,27.0,0.0
81.30944686731682,2490.8836655828054,410983.02391244395,1.430143209726485,13.551195969683562,11.8290059789699,13.386451981686749,14.952797381565981,37.0,33.0,2500.0,1551.8992239051308,0.0017633031686758102,-13.051195969683562,pass_bh_down,27.0,0.0
100.0,2490.8836655828054,821966.0478248879,1.430143209726485,13.78925468090725,12.023044680193237,13.64570696094712,14.929826061473417,37.0,33.0,2500.0,1549.5800828065494,0.003289411460729171,-13.28925468090725,pass_halo_up,27.0,0.0
40.65472343365841,2490.8836655828054,821966.0478248879,1.430143209726485,12.482299341118958,10.872429294833706,12.311872149553151,15.260091669750084,37.0,33.0,2500.0,1370.038249720112,0.005991916124973869,-11.982299341118958,pass_halo_down,27.0,0.0
81.30944686731682,2490.8836655828054,821966.0478248879,2.0,13.533456439281416,11.76685693619948,13.418790531710583,15.01433080674351,37.0,33.0,2500.0,1518.1375764030204,0.0024889447545304554,-13.033456439281416,pass_ml_up,27.0,0.0
81.30944686731682,2490.8836655828054,821966.0478248879,0.7150716048632425,13.520282191599732,11.77841456881805,13.37983294946038,15.002798267121893,37.0,33.0,2500.0,1524.359644568193,0.0018878948211336836,-13.020282191599732,pass_ml_down,27.0,0.0
49.30566601247393,3630.7083131517657,1055414.8072133288,0.9880347945092904,13.11675922724076,11.445052256916659,12.943327238674007,15.109376615731275,37.0,33.0,2500.0,1475.5508779540046,0.004447584969858864,-12.61675922724076,pass_full,28.0,0.0
0.0,3630.7083131517657,1055414.8072133288,0.9880347945092904,21.93526847233087,29.191765167847777,10.65926189155157,15.87676554226795,37.0,33.0,2500.0,87.44565177552377,0.07523149737873167,-21.43526847233087,pass_bh_only,28.0,0.0
49.30566601247393,3630.7083131517657,0.0,0.9880347945092904,13.234855425545417,11.480342473833337,13.142370482739373,15.02956062376514,37.0,33.0,2500.0,1503.1699053267002,0.00240532872254925,-12.734855425545417,pass_halo_only,28.0,0.0
49.30566601247393,3630.7083131517657,1500000.0,0.9880347945092904,13.170199305938592,11.439006923740614,13.056261684158908,15.13326243630009,37.0,33.0,2500.0,1473.9529575139884,0.00400409348170604,-12.670199305938592,pass_bh_up,28.0,0.0
49.30566601247393,3630.7083131517657,527707.4036066644,0.9880347945092904,13.23678718179721,11.50490099391391,13.11814929566686,15.04769046679493,37.0,33.0,2500.0,1500.9908900311418,0.002206256330717895,-12.73678718179721,pass_bh_down,28.0,0.0
98.61133202494786,3630.7083131517657,1055414.8072133288,0.9880347945092904,17.179961669189293,11.878342231119843,20.593207526147836,14.802959252180264,37.0,33.0,2500.0,1445.8587521117624,0.0033732452477599002,-16.679961669189293,pass_halo_up,28.0,0.0
24.652833006236964,3630.7083131517657,1055414.8072133288,0.9880347945092904,12.508250502348094,10.92791593602104,12.304104933614608,15.176180712913785,37.0,33.0,2500.0,1362.417590409711,0.004089167066027438,-12.008250502348094,pass_halo_down,28.0,0.0
49.30566601247393,3630.7083131517657,1055414.8072133288,1.9760695890185809,12.449096750280841,10.882911055056631,12.238736925798076,15.094357930103602,37.0,33.0,2500.0,1135.0757675963328,0.011900258231886202,-11.949096750280841,pass_ml_up,28.0,0.0
49.30566601247393,3630.7083131517657,1055414.8072133288,0.4940173972546452,13.211734849937725,11.447920488669357,13.12991430574108,15.114269925668061,37.0,33.0,2500.0,1486.5924107892083,0.003349489241418893,-12.711734849937725,pass_ml_down,28.0,0.0
20.331098206203446,2289.678681909464,1205658.667370888,1.724501553763538,11.91454400875746,10.169537407061046,11.94541511391687,15.88832175747717,37.0,33.0,2500.0,970.2736088330029,0.010499002083699886,-11.41454400875746,pass_full,29.0,0.0
0.0,2289.678681909464,1205658.667370888,1.724501553763538,32.258635087118705,45.47609059761296,13.036457130631955,16.251478327300898,37.0,33.0,2500.0,98.6636354125761,0.07185323860227527,-31.758635087118705,pass_bh_only,29.0,0.0
20.331098206203446,2289.678681909464,0.0,1.724501553763538,13.599550947096294,10.275242398942419,15.195703575283803,15.928175763120304,37.0,33.0,2500.0,1051.4632485880654,0.00627179180003234,-13.099550947096294,pass_halo_only,29.0,0.0
20.331098206203446,2289.678681909464,1500000.0,1.724501553763538,12.143699203548078,10.245159073379197,12.31615210719333,15.98024218176288,37.0,33.0,2500.0,1062.449858957319,0.006777759180048989,-11.643699203548078,pass_bh_up,29.0,0.0
20.331098206203446,2289.678681909464,602829.333685444,1.724501553763538,12.181167101783112,10.557783942479006,12.042824162041738,15.905825498584745,37.0,33.0,2500.0,1066.6722871479406,0.007020387988477389,-11.681167101783112,pass_bh_down,29.0,0.0
40.66219641240689,2289.678681909464,1205658.667370888,1.724501553763538,12.581444898939406,10.897712049619239,12.482463831031925,15.23871107003538,37.0,33.0,2500.0,1372.5198485950223,0.004258665444460157,-12.081444898939406,pass_halo_up,29.0,0.0
10.165549103101723,2289.678681909464,1205658.667370888,1.724501553763538,15.977028003616931,9.753179277102376,20.522956254338673,16.35865859275321,37.0,33.0,2500.0,617.8915457206003,0.016284854789037174,-15.477028003616931,pass_halo_down,29.0,0.0
20.331098206203446,2289.678681909464,1205658.667370888,2.0,12.285846770822788,10.47194300995342,12.348380355080245,15.907443788379807,37.0,33.0,2500.0,1086.326426970417,0.003321714715686165,-11.785846770822788,pass_ml_up,29.0,0.0
20.331098206203446,2289.678681909464,1205658.667370888,0.862250776881769,11.998419710886518,10.055127010042689,12.239134578992134,15.964560440190217,37.0,33.0,2500.0,989.9346473523433,0.010092904518538438,-11.498419710886518,pass_ml_down,29.0,0.0
12.747086402936914,2327.6696999880605,1340255.2055954905,1.1901941473922633,19.295347923263908,9.882538434692506,27.01540069613086,16.330817879476857,37.0,33.0,2500.0,815.3982957588611,0.00815261640850515,-18.795347923263908,pass_full,30.0,0.0
0.0,2327.6696999880605,1340255.2055954905,1.1901941473922633,11.311274612578092,10.281005208383215,10.58745684011807,16.760855996078604,37.0,33.0,2500.0,117.82130912295786,0.04704511686446859,-10.811274612578092,pass_bh_only,30.0,0.0
12.747086402936914,2327.6696999880605,0.0,1.1901941473922633,23.73124345854216,9.874841538669632,35.89707360809086,16.28950226600731,37.0,33.0,2500.0,824.0472257551412,0.005751902912013532,-23.23124345854216,pass_halo_only,30.0,0.0
12.747086402936914,2327.6696999880605,1500000.0,1.1901941473922633,11.984281922938239,9.861299304252231,12.418417381534063,16.286759065967477,37.0,33.0,2500.0,781.611536199971,0.009804909350409476,-11.484281922938239,pass_bh_up,30.0,0.0
12.747086402936914,2327.6696999880605,670127.6027977453,1.1901941473922633,19.379209695313346,10.132475818089727,26.903465515987243,16.311872593782315,37.0,33.0,2500.0,828.9820531223831,0.006332694920510215,-18.879209695313346,pass_bh_down,30.0,0.0
25.494172805873827,2327.6696999880605,1340255.2055954905,1.1901941473922633,12.211648329526112,10.677746771491144,11.978861974911604,15.589714031468283,37.0,33.0,2500.0,1184.5451695913969,0.005047396153843407,-11.711648329526112,pass_halo_up,30.0,0.0
6.373543201468457,2327.6696999880605,1340255.2055954905,1.1901941473922633,14.191745373495834,10.318247683540767,16.331704856314754,15.93377010132971,37.0,33.0,2500.0,338.34279175828283,0.018865080644121106,-13.691745373495834,pass_halo_down,30.0,0.0
12.747086402936914,2327.6696999880605,1340255.2055954905,2.0,13.349184075137417,9.855915408042877,15.151093800198637,16.391183454928093,37.0,33.0,2500.0,803.2447674954361,0.009621894169935296,-12.849184075137417,pass_ml_up,30.0,0.0
12.747086402936914,2327.6696999880605,1340255.2055954905,0.5950970736961316,23.643831332912523,9.842516467039065,35.75632132433021,16.361154988884646,37.0,33.0,2500.0,833.6319626267418,0.006014480687663219,-23.143831332912523,pass_ml_down,30.0,0.0
24.764580637159604,2280.835469793811,54984.97612142739,1.5031688550889577,12.283252407151362,10.64653556201836,12.15454764068167,15.672770934815492,37.0,33.0,2500.0,1222.1190234934888,0.0037637673405541273,-11.783252407151362,pass_full,31.0,0.0
0.0,2280.835469793811,54984.97612142739,1.5031688550889577,68.12434507826009,87.96545800298773,37.125434598444066,16.34548730596513,37.0,33.0,2500.0,103.20956326611184,0.05361692068454729,-67.62434507826009,pass_bh_only,31.0,0.0
24.764580637159604,2280.835469793811,0.0,1.5031688550889577,12.249714804033148,10.62428016039176,12.11256219947737,15.668258548939445,37.0,33.0,2500.0,1223.5830704150917,0.003947254857879159,-11.749714804033148,pass_halo_only,31.0,0.0
24.764580637159604,2280.835469793811,109969.95224285478,1.5031688550889577,12.28386741274755,10.621496931037164,12.183501798457707,15.684303443859081,37.0,33.0,2500.0,1203.9142006242025,0.004287476094638258,-11.78386741274755,pass_bh_up,31.0,0.0
24.764580637159604,2280.835469793811,27492.488060713695,1.5031688550889577,12.264993524433699,10.6369062462886,12.128812796816272,15.673219205009293,37.0,33.0,2500.0,1217.924852683232,0.0038389672806444547,-11.764993524433699,pass_bh_down,31.0,0.0
49.52916127431921,2280.835469793811,54984.97612142739,1.5031688550889577,12.49415856086447,10.954904321403614,12.245060328941904,15.196014270038429,37.0,33.0,2500.0,1411.077505545392,0.0028251824839548747,-11.99415856086447,pass_halo_up,31.0,0.0
12.382290318579802,2280.835469793811,54984.97612142739,1.5031688550889577,33.17188820285875,9.881837849654453,54.769144802556944,16.33484246708364,37.0,33.0,2500.0,813.7390740659123,0.006001501702518573,-32.67188820285875,pass_halo_down,31.0,0.0
24.764580637159604,2280.835469793811,54984.97612142739,2.0,12.370489870391378,10.652018821923198,12.322789958888404,15.675566391355417,37.0,33.0,2500.0,1219.6932126261268,0.0033074374893883344,-11.870489870391378,pass_ml_up,31.0,0.0
24.764580637159604,2280.835469793811,54984.97612142739,0.7515844275444789,12.298803994808596,10.630233365616387,12.204212227961872,15.66342560681914,37.0,33.0,2500.0,1219.132937018152,0.003193101397469118,-11.798803994808596,pass_ml_down,31.0,0.0
53.32131361809373,1772.9158393503897,1186623.5214654545,0.8066622772865586,12.580802747139781,10.968685267850145,12.402756577917344,15.200659329497936,37.0,33.0,2500.0,1406.5724546850058,0.002959389736084959,-12.080802747139781,pass_full,32.0,0.0
0.0,1772.9158393503897,1186623.5214654545,0.8066622772865586,11.009464138444022,11.509354619017888,8.623572145402644,16.200631435355998,37.0,33.0,2500.0,97.76501798308021,0.06283833693185134,-10.509464138444022,pass_bh_only,32.0,0.0
53.32131361809373,1772.9158393503897,0.0,0.8066622772865586,33.167476005016205,11.010931463318633,53.529343889077744,15.180603848714021,37.0,33.0,2500.0,1397.7420192709137,0.001730987842743471,-32.667476005016205,pass_halo_only,32.0,0.0
53.32131361809373,1772.9158393503897,1500000.0,0.8066622772865586,15.82258541827157,10.97625844524118,18.877832966236802,15.200587246185519,37.0,33.0,2500.0,1416.544249522224,0.003466319874960751,-15.32258541827157,pass_bh_up,32.0,0.0
53.32131361809373,1772.9158393503897,593311.7607327272,0.8066622772865586,12.497745675834139,10.997001054031713,12.204270094723277,15.221262480011724,37.0,33.0,2500.0,1376.4035129492095,0.005109729604100369,-11.997745675834139,pass_bh_down,32.0,0.0
100.0,1772.9158393503897,1186623.5214654545,0.8066622772865586,23.37835752755746,11.32944472980906,33.593662993685285,15.191263024242431,37.0,33.0,2500.0,1498.686760728744,0.003230509215533546,-22.87835752755746,pass_halo_up,32.0,0.0
26.660656809046866,1772.9158393503897,1186623.5214654545,0.8066622772865586,12.107610443013407,10.475876197547898,11.989606556134804,15.837853577164294,37.0,33.0,2500.0,1112.9699101641183,0.00531268066939257,-11.607610443013407,pass_halo_down,32.0,0.0
53.32131361809373,1772.9158393503897,1186623.5214654545,1.6133245545731172,12.463035278524359,10.979902817323394,12.154521577884381,15.20471207145793,37.0,33.0,2500.0,1390.5651132182209,0.005092988463969115,-11.963035278524359,pass_ml_up,32.0,0.0
53.32131361809373,1772.9158393503897,1186623.5214654545,0.4033311386432793,12.486871625328567,10.898114317894358,12.29430102011441,15.191363845818197,37.0,33.0,2500.0,1386.4951750470684,0.0049862976662226905,-11.986871625328567,pass_ml_down,32.0,0.0
83.32507012741071,3503.231577478025,238687.64389591862,0.4889175413921732,13.70189972378371,11.897371149171919,13.613530249584032,14.876151014090649,37.0,33.0,2500.0,1494.4362809284873,0.002392372873750419,-13.20189972378371,pass_full,33.0,0.0
0.0,3503.231577478025,238687.64389591862,0.4889175413921732,25.22325614404078,37.43324069766997,7.975406385486548,16.516588971846478,37.0,33.0,2500.0,108.09649416485433,0.06539459914811348,-24.72325614404078,pass_bh_only,33.0,0.0
83.32507012741071,3503.231577478025,0.0,0.4889175413921732,13.643263240511226,11.813346424851595,13.58964612544809,14.903234014444768,37.0,33.0,2500.0,1482.4336335925068,0.0030044402523795536,-13.143263240511226,pass_halo_only,33.0,0.0
83.32507012741071,3503.231577478025,477375.28779183724,0.4889175413921732,13.831170639748912,11.961483272415311,13.79954518928311,14.897389897719558,37.0,33.0,2500.0,1531.233392871707,0.003078952723402543,-13.331170639748912,pass_bh_up,33.0,0.0
83.32507012741071,3503.231577478025,119343.82194795931,0.4889175413921732,13.743599817477506,11.897025016485003,13.697653915127454,14.865083144364299,37.0,33.0,2500.0,1503.1842651531006,0.002598467758484885,-13.243599817477506,pass_bh_down,33.0,0.0
100.0,3503.231577478025,238687.64389591862,0.4889175413921732,13.685540052461041,11.954379509326756,13.517340619006717,14.861361190116732,37.0,33.0,2500.0,1474.351931823075,0.0017272412361095033,-13.185540052461041,pass_halo_up,33.0,0.0
41.662535063705356,3503.231577478025,238687.64389591862,0.4889175413921732,12.95112023535447,11.254280427861554,12.827888078927215,15.04525309791911,37.0,33.0,2500.0,1515.7518800861308,0.002297525524262139,-12.45112023535447,pass_halo_down,33.0,0.0
83.32507012741071,3503.231577478025,238687.64389591862,0.9778350827843464,13.72295070179748,11.87764057674911,13.677851638023562,14.872940924139346,37.0,33.0,2500.0,1490.4471526594414,0.0030174670466760105,-13.22295070179748,pass_ml_up,33.0,0.0
83.32507012741071,3503.231577478025,238687.64389591862,0.2444587706960866,13.722833717517664,11.890806644682852,13.662832801835084,14.873697042342616,37.0,33.0,2500.0,1494.2004985334297,0.0029645365583874485,-13.222833717517664,pass_ml_down,33.0,0.0
48.22921984085566,3311.993997764429,765501.0483004517,0.78734323429159,33.769151174647796,11.268243319147984,54.448515152375634,15.037974689883926,37.0,33.0,2500.0,1543.9674600693506,0.001942316825498436,-33.269151174647796,pass_full,34.0,0.0
0.0,3311.993997764429,765501.0483004517,0.78734323429159,11.397247497294618,12.864824011267073,7.878462030685774,16.23059939193275,37.0,33.0,2500.0,98.67865076942942,0.06355781256499443,-10.897247497294618,pass_bh_only,34.0,0.0
48.22921984085566,3311.993997764429,0.0,0.78734323429159,33.76392292712351,11.271327261939614,54.43470357096317,15.03458665660136,37.0,33.0,2500.0,1551.0344352059053,0.0018736622415564629,-33.26392292712351,pass_halo_only,34.0,0.0
48.22921984085566,3311.993997764429,1500000.0,0.78734323429159,12.77592448028221,10.928129957981694,12.84271726659037,15.060537455820763,37.0,33.0,2500.0,1339.2558112804477,0.008701368857076652,-12.27592448028221,pass_bh_up,34.0,0.0
48.22921984085566,3311.993997764429,382750.52415022586,0.78734323429159,33.81694694239326,11.353010551473012,54.449460448631065,15.024912988628776,37.0,33.0,2500.0,1555.6490616481758,0.0018673245633439985,-33.31694694239326,pass_bh_down,34.0,0.0
96.45843968171133,3311.993997764429,765501.0483004517,0.78734323429159,34.38976117297153,12.002209150567483,54.87230977510766,14.856276266572246,37.0,33.0,2500.0,1516.995034422572,0.0019503124195794732,-33.88976117297153,pass_halo_up,34.0,0.0
24.11460992042783,3311.993997764429,765501.0483004517,0.78734323429159,12.261453799256584,10.85705062378487,11.883251918221378,15.397764369588975,37.0,33.0,2500.0,1289.375196226189,0.006346832272484159,-11.761453799256584,pass_halo_down,34.0,0.0
48.22921984085566,3311.993997764429,765501.0483004517,1.57468646858318,33.75869109372271,11.27079577058293,54.42458923900398,15.042723786998796,37.0,33.0,2500.0,1539.1797302254097,0.00170718960542909,-33.25869109372271,pass_ml_up,34.0,0.0
48.22921984085566,3311.993997764429,765501.0483004517,0.393671617145795,33.77042109078311,11.275719612586192,54.442905631888756,15.03028047366801,37.0,33.0,2500.0,1540.577245312112,0.0017494205118367926,-33.27042109078311,pass_ml_down,34.0,0.0
17.280548418028687,3367.44251029375,1086827.5332738368,1.4011995616795778,12.200981526781767,10.677368445966092,11.95778918564658,15.59510514051438,37.0,33.0,2500.0,1150.161719837399,0.009054340919236695,-11.700981526781767,pass_full,35.0,0.0
0.0,3367.44251029375,1086827.5332738368,1.4011995616795778,36.55076359651052,57.78785647175165,7.819400236214632,16.15950011980174,37.0,33.0,2500.0,98.046676601882,0.06004590392514502,-36.05076359651052,pass_bh_only,35.0,0.0
17.280548418028687,3367.44251029375,0.0,1.4011995616795778,12.767642064678537,10.709142920155534,13.053715229812843,15.65348563920487,37.0,33.0,2500.0,1229.3323234953193,0.0038338311712616466,-12.267642064678537,pass_halo_only,35.0,0.0
17.280548418028687,3367.44251029375,1500000.0,1.4011995616795778,12.256569979568317,10.703080980024524,12.037178988225039,15.69271577917534,37.0,33.0,2500.0,1228.804369520003,0.0037568738864409076,-11.756569979568317,pass_bh_up,35.0,0.0
17.280548418028687,3367.44251029375,543413.7666369184,1.4011995616795778,11.930721615433292,10.598484695027006,11.502240446880156,15.709758155553061,37.0,33.0,2500.0,1144.783605881625,0.007238117583426116,-11.430721615433292,pass_bh_down,35.0,0.0
34.561096836057374,3367.44251029375,1086827.5332738368,1.4011995616795778,12.53721560918454,10.995625753702951,12.28310399188901,15.275645586833214,37.0,33.0,2500.0,1400.4016636563813,0.005156926018472893,-12.03721560918454,pass_halo_up,35.0,0.0
8.640274209014343,3367.44251029375,1086827.5332738368,1.4011995616795778,20.82477867648607,10.08398469547757,29.846534570823742,16.392318078227774,37.0,33.0,2500.0,867.0103618084318,0.005514501209648593,-20.32477867648607,pass_halo_down,35.0,0.0
17.280548418028687,3367.44251029375,1086827.5332738368,2.0,10.954302046150314,8.919932820922634,11.435805135577988,15.564851197709526,37.0,33.0,2500.0,663.4379080702655,0.02513149336565052,-10.454302046150314,pass_ml_up,35.0,0.0
17.280548418028687,3367.44251029375,1086827.5332738368,0.7005997808397889,12.836178531506443,10.854790245475487,13.028656301333605,15.614886052823111,37.0,33.0,2500.0,1235.5425548688781,0.005042817137969141,-12.336178531506443,pass_ml_down,35.0,0.0
58.32745274088299,1536.7210866063322,258505.22643502644,1.098712793561058,33.13111930626766,11.043830943940394,53.42005747142347,15.170232730896066,37.0,33.0,2500.0,1396.0085232211802,0.0017668716061060125,-32.63111930626766,pass_full,36.0,0.0
0.0,1536.7210866063322,258505.22643502644,1.098712793561058,64.1622967925245,91.55449057125004,25.167945336305447,16.65324107228571,37.0,33.0,2500.0,114.91660999211975,0.042190788650679774,-63.6622967925245,pass_bh_only,36.0,0.0
58.32745274088299,1536.7210866063322,0.0,1.098712793561058,33.07204103885117,10.964795093519417,53.38992730376333,15.189689079769337,37.0,33.0,2500.0,1387.7651708230478,0.00169797485935515,-32.57204103885117,pass_halo_only,36.0,0.0
58.32745274088299,1536.7210866063322,517010.4528700529,1.098712793561058,12.536765448488095,11.032178180563456,12.244541050026609,15.166072268488486,37.0,33.0,2500.0,1390.999750230137,0.0031478306984088246,-12.036765448488095,pass_bh_up,36.0,0.0
58.32745274088299,1536.7210866063322,129252.61321751322,1.098712793561058,33.16653284507227,11.107843400018893,53.41925483819994,15.165552313473059,37.0,33.0,2500.0,1388.4000174044363,0.001844093061958544,-32.66653284507227,pass_bh_down,36.0,0.0
100.0,1536.7210866063322,258505.22643502644,1.098712793561058,33.70621508809015,11.262297942863043,54.32894811653059,15.049884082507262,37.0,33.0,2500.0,1531.6270804789096,0.0016433955975851966,-33.20621508809015,pass_halo_up,36.0,0.0
29.163726370441495,1536.7210866063322,258505.22643502644,1.098712793561058,13.802093512152645,10.47121711883246,15.383552552406993,15.845904175842909,37.0,33.0,2500.0,1068.7700100416291,0.005292947714604307,-13.302093512152645,pass_halo_down,36.0,0.0
58.32745274088299,1536.7210866063322,258505.22643502644,2.0,33.11739797953292,11.037591357780355,53.399583949015756,15.171116093779936,37.0,33.0,2500.0,1393.413396101481,0.001676186034438049,-32.61739797953292,pass_ml_up,36.0,0.0
58.32745274088299,1536.7210866063322,258505.22643502644,0.549356396780529,33.13620563064735,11.059934497037494,53.41246515529815,15.160645107499327,37.0,33.0,2500.0,1394.986924328462,0.0018173050938673331,-32.63620563064735,pass_ml_down,36.0,0.0
0.4500590193618592,3802.419054555409,225328.7975950621,1.1224785267415598,35.22714203695718,49.338768789663774,14.662392531788718,15.597975672586312,37.0,33.0,2449.0,106.12926531052261,0.06820454686039328,-34.72714203695718,pass_full,37.0,0.0
0.0,3802.419054555409,225328.7975950621,1.1224785267415598,40.29773009964048,52.475538109813385,21.250499476677813,16.788793782808614,37.0,33.0,2500.0,118.6378723868389,0.05021831305209056,-39.79773009964048,pass_bh_only,37.0,0.0
0.4500590193618592,3802.419054555409,0.0,1.1224785267415598,689.7115203744805,645.6450853357272,655.0420261432215,15.705324567481437,37.0,33.0,2499.0,344.86478961794626,0.0065898437621462235,-689.2115203744805,pass_halo_only,37.0,0.0
0.4500590193618592,3802.419054555409,450657.5951901242,1.1224785267415598,12.861484685724344,13.530966926628487,10.064105322831875,16.096737319101127,37.0,33.0,2500.0,124.0416520037838,0.05213956455482546,-12.361484685724344,pass_bh_up,37.0,0.0
0.4500590193618592,3802.419054555409,112664.39879753104,1.1224785267415598,16.515650988808442,16.418804844444175,14.157025026052674,15.355360157184393,37.0,33.0,2500.0,98.94700052110338,0.0899865384538292,-16.015650988808442,pass_bh_down,37.0,0.0
0.9001180387237184,3802.419054555409,225328.7975950621,1.1224785267415598,68.83042400042655,99.3246559859699,25.829644571703778,15.417441681041156,37.0,33.0,2500.0,102.96540961470816,0.08581162720887783,-68.33042400042655,pass_halo_up,37.0,0.0
0.2250295096809296,3802.419054555409,225328.7975950621,1.1224785267415598,18.39390739651416,20.43206658248781,13.387564469291316,16.221797131271632,37.0,33.0,2500.0,125.59226667769641,0.04650014107321393,-17.89390739651416,pass_halo_down,37.0,0.0
0.4500590193618592,3802.419054555409,225328.7975950621,2.0,18.332721598249854,17.01371153117119,17.116646060795176,15.602978824915352,37.0,33.0,2500.0,110.52407748676325,0.05764927570910396,-17.832721598249854,pass_ml_up,37.0,0.0
0.4500590193618592,3802.419054555409,225328.7975950621,0.5612392633707799,19.57048660298977,21.044133762409096,15.071086303213796,15.673318582132762,37.0,33.0,2500.0,108.50980605555186,0.0779791664777712,-19.07048660298977,pass_ml_down,37.0,0.0
91.68964858263287,2739.6680129932392,955344.8203376172,0.7342547262461883,14.90315577664515,11.943065343052142,15.962475196382732,14.953182085020558,37.0,33.0,2500.0,1520.6593565097796,0.0033267053661487963,-14.40315577664515,pass_full,38.0,0.0
0.0,2739.6680129932392,955344.8203376172,0.7342547262461883,8.891453648026957,9.082651024185507,7.106196148180447,16.27337998496072,37.0,33.0,2500.0,100.2907037097208,0.07880506633998491,-8.391453648026957,pass_bh_only,38.0,0.0
91.68964858263287,2739.6680129932392,0.0,0.7342547262461883,13.970198929369108,11.9332042172158,14.106826012740951,14.979314880925262,37.0,33.0,2500.0,1522.1096326353625,0.0035414351382200356,-13.470198929369108,pass_halo_only,38.0,0.0
91.68964858263287,2739.6680129932392,1500000.0,0.7342547262461883,13.418675186781423,11.58966950847831,13.385225570424453,15.102346689869467,37.0,33.0,2500.0,1414.7222341519998,0.00573545219522873,-12.918675186781423,pass_bh_up,38.0,0.0
91.68964858263287,2739.6680129932392,477672.4101688086,0.7342547262461883,13.709772018530273,12.022643608807165,13.486464915858523,14.953797473801675,37.0,33.0,2500.0,1523.6141666451927,0.0033522514630295757,-13.209772018530273,pass_bh_down,38.0,0.0
100.0,2739.6680129932392,955344.8203376172,0.7342547262461883,13.867082072632344,11.961953534568275,13.868232366927613,14.983467906097331,37.0,33.0,2500.0,1527.9349361638479,0.0033593235828555403,-13.367082072632344,pass_halo_up,38.0,0.0
45.844824291316435,2739.6680129932392,955344.8203376172,0.7342547262461883,12.594817936658051,11.045521510663782,12.344288471005026,15.212168381705471,37.0,33.0,2500.0,1429.4713732658715,0.0039013459539388932,-12.094817936658051,pass_halo_down,38.0,0.0
91.68964858263287,2739.6680129932392,955344.8203376172,1.4685094524923765,14.514027032137268,11.921170276143055,15.208264319472013,14.969761361189768,37.0,33.0,2500.0,1506.6605907604942,0.0032976879506513334,-14.014027032137268,pass_ml_up,38.0,0.0
91.68964858263287,2739.6680129932392,955344.8203376172,0.36712736312309413,14.741423196675074,11.924248504712079,15.659424154280511,14.975739214951243,37.0,33.0,2500.0,1511.1411498975806,0.0032807502432708525,-14.241423196675074,pass_ml_down,38.0,0.0
93.69538798370857,578.6028400138723,638297.0132030739,1.9122653961895817,11.88368894272912,10.259255290714695,11.787291693797094,15.750398568374118,37.0,33.0,2500.0,1036.294372069551,0.008772774154700791,-11.38368894272912,pass_full,39.0,0.0
0.0,578.6028400138723,638297.0132030739,1.9122653961895817,11.917583065382763,11.864064710999008,10.036038314503594,16.400823629680207,37.0,33.0,2500.0,104.57752856951882,0.05766345339102128,-11.417583065382763,pass_bh_only,39.0,0.0
93.69538798370857,578.6028400138723,0.0,1.9122653961895817,12.034692586018284,10.456996014006975,11.868166407048516,15.731366726347954,37.0,33.0,2500.0,1134.7128223328366,0.0029894810024604208,-11.534692586018284,pass_halo_only,39.0,0.0
93.69538798370857,578.6028400138723,1276594.0264061478,1.9122653961895817,12.00715670894745,10.397101510791696,11.878015924328999,15.805061388381837,37.0,33.0,2500.0,1118.5246976987344,0.005024736614268236,-11.50715670894745,pass_bh_up,39.0,0.0
93.69538798370857,578.6028400138723,319148.50660153694,1.9122653961895817,11.9776923604063,10.461454340959426,11.747671827735788,15.780714856036154,37.0,33.0,2500.0,1109.9612437574635,0.004892726522874337,-11.4776923604063,pass_bh_down,39.0,0.0
100.0,578.6028400138723,638297.0132030739,1.9122653961895817,12.122451228792828,10.510747438379173,11.984370078743924,15.699913281748046,37.0,33.0,2500.0,1125.799521287124,0.00387681784033957,-11.622451228792828,pass_halo_up,39.0,0.0
46.847693991854285,578.6028400138723,638297.0132030739,1.9122653961895817,17.743949652986156,10.12553035659387,23.636578410431014,16.44896635888988,37.0,33.0,2500.0,725.3642154442358,0.012954067601793556,-17.243949652986156,pass_halo_down,39.0,0.0
93.69538798370857,578.6028400138723,638297.0132030739,2.0,11.939626519845024,10.378210954193703,11.765898423250663,15.746897037332563,37.0,33.0,2500.0,1060.0913472860639,0.007283174069217015,-11.439626519845024,pass_ml_up,39.0,0.0
93.69538798370857,578.6028400138723,638297.0132030739,0.9561326980947908,11.873248214462949,10.325165647066498,11.691779344501986,15.774534844528835,37.0,33.0,2500.0,1037.5726226559161,0.010270622037741838,-11.373248214462949,pass_ml_down,39.0,0.0
38.016314089872516,1636.3009144362484,402018.87619309995,0.31916802420394697,13.126973504150754,10.804464860515171,13.667483634191667,15.588091506562964,37.0,33.0,2500.0,1245.3596402623123,0.004342325827902282,-12.626973504150754,pass_full,40.0,0.0
0.0,1636.3009144362484,402018.87619309995,0.31916802420394697,8.422260559628558,7.964291587704018,7.424070654448867,16.196076593623395,37.0,33.0,2500.0,97.66426868595963,0.077027012545207,-7.922260559628558,pass_bh_only,40.0,0.0
38.016314089872516,1636.3009144362484,0.0,0.31916802420394697,13.374877762302011,10.67159150611273,14.314646493116886,15.509712312905,37.0,33.0,2500.0,1267.6578606771634,0.0036720888434146125,-12.874877762302011,pass_halo_only,40.0,0.0
38.016314089872516,1636.3009144362484,804037.7523861999,0.31916802420394697,12.177532939751869,10.744461061051352,11.839149621295421,15.480177261974257,37.0,33.0,2500.0,1202.1591219491615,0.007780266484273924,-11.677532939751869,pass_bh_up,40.0,0.0
38.016314089872516,1636.3009144362484,201009.43809654997,0.31916802420394697,13.4549172567078,10.746810512307796,14.390249085959011,15.51433015067856,37.0,33.0,2500.0,1261.0578415183363,0.0035931501187300395,-12.9549172567078,pass_bh_down,40.0,0.0
76.03262817974503,1636.3009144362484,402018.87619309995,0.31916802420394697,12.69107073411073,11.156793990467406,12.414808278633803,15.12061760909863,37.0,33.0,2500.0,1447.5115116437707,0.003226635170230458,-12.19107073411073,pass_halo_up,40.0,0.0
19.008157044936258,1636.3009144362484,402018.87619309995,0.31916802420394697,19.531060774810832,9.979181413327447,27.38178035346982,16.221547179894806,37.0,33.0,2500.0,819.4361240061353,0.012286357492174242,-19.031060774810832,pass_halo_down,40.0,0.0
38.016314089872516,1636.3009144362484,402018.87619309995,0.6383360484078939,12.339409457162857,10.82729845809865,12.067139006732365,15.575394000930254,37.0,33.0,2500.0,1258.9495104892183,0.002660979336410811,-11.839409457162857,pass_ml_up,40.0,0.0
38.016314089872516,1636.3009144362484,402018.87619309995,0.2,13.223680638755653,10.692003012946696,13.987503174812645,15.571205910027535,37.0,33.0,2500.0,1190.9352025506385,0.007162437098178459,-12.723680638755653,pass_ml_down,40.0,0.0
64.15895685341101,3711.898891836531,1073101.5264491574,1.7660179103519398,14.272682464560837,10.963877151567052,15.797853739744006,15.0044146414821,37.0,33.0,2500.0,1242.5939359214447,0.011960093035706611,-13.772682464560837,pass_full,41.0,0.0
0.0,3711.898891836531,1073101.5264491574,1.7660179103519398,23.769645248977156,27.350139478790837,16.383580677131704,16.183263371885026,37.0,33.0,2500.0,95.89197691551544,0.07502372441903682,-23.269645248977156,pass_bh_only,41.0,0.0
64.15895685341101,3711.898891836531,0.0,1.7660179103519398,13.623899384566634,11.856619976987202,13.500413570664318,14.96877240094899,37.0,33.0,2500.0,1514.0103905420258,0.002693850898055599,-13.123899384566634,pass_halo_only,41.0,0.0
64.15895685341101,3711.898891836531,1500000.0,1.7660179103519398,13.575161915156194,11.66744675793885,13.610132854426457,15.13077216049785,37.0,33.0,2500.0,1487.675606029209,0.0031730831100131637,-13.075161915156194,pass_bh_up,41.0,0.0
64.15895685341101,3711.898891836531,536550.7632245787,1.7660179103519398,14.347591150973408,11.906207965468703,14.892254821048665,14.966912147296977,37.0,33.0,2500.0,1493.9653585413434,0.0035495179800000393,-13.847591150973408,pass_bh_down,41.0,0.0
100.0,3711.898891836531,1073101.5264491574,1.7660179103519398,13.766101077557687,12.005964902797992,13.622492669270482,14.799711629356002,37.0,33.0,2500.0,1455.3628724379887,0.0020724080868620666,-13.266101077557687,pass_halo_up,41.0,0.0
32.079478426705506,3711.898891836531,1073101.5264491574,1.7660179103519398,12.538595301771215,10.990696822717824,12.291895396654882,15.258959386729854,37.0,33.0,2500.0,1373.4806196407958,0.003979620162341206,-12.038595301771215,pass_halo_down,41.0,0.0
64.15895685341101,3711.898891836531,1073101.5264491574,2.0,13.605848320150367,11.803310482337873,13.522779934993613,15.011763428633726,37.0,33.0,2500.0,1496.789843479372,0.0030752255967108556,-13.105848320150367,pass_ml_up,41.0,0.0
64.15895685341101,3711.898891836531,1073101.5264491574,0.8830089551759699,14.509243526766332,11.782683556245543,15.352541899048758,15.016898516884318,37.0,33.0,2500.0,1487.6920929995963,0.0033299381138325347,-14.009243526766332,pass_ml_down,41.0,0.0
34.27083169048486,4875.449880043276,1288873.6799240026,0.5357927142621343,13.084621550582774,11.247742547099046,13.099340066789908,15.140325891731237,37.0,33.0,2500.0,1473.0548557439124,0.004163538943455771,-12.584621550582774,pass_full,42.0,0.0
0.0,4875.449880043276,1288873.6799240026,0.5357927142621343,22.27774699457395,23.67776638820363,17.508505231466902,16.473272639938646,37.0,33.0,2500.0,105.95012730865969,0.060124126135470565,-21.77774699457395,pass_bh_only,42.0,0.0
34.27083169048486,4875.449880043276,0.0,0.5357927142621343,33.84097648642385,11.401064398608836,54.443933444458274,15.01526168832399,37.0,33.0,2500.0,1542.5572480906264,0.0017280500917318873,-33.34097648642385,pass_halo_only,42.0,0.0
34.27083169048486,4875.449880043276,1500000.0,0.5357927142621343,12.70268399022914,11.013279819989481,12.601685686824972,15.030162350288329,37.0,33.0,2500.0,1282.9584658884369,0.008650095016357492,-12.20268399022914,pass_bh_up,42.0,0.0
34.27083169048486,4875.449880043276,644436.8399620013,0.5357927142621343,33.885700843193376,11.46056976446257,54.46654420881674,15.019215474695665,37.0,33.0,2500.0,1539.549598631718,0.001811421565621895,-33.385700843193376,pass_bh_down,42.0,0.0
68.54166338096972,4875.449880043276,1288873.6799240026,0.5357927142621343,34.25304363911387,11.832920334631845,54.78974765235733,14.821155272346724,37.0,33.0,2500.0,1485.9153614041445,0.001794034044050949,-33.75304363911387,pass_halo_up,42.0,0.0
17.13541584524243,4875.449880043276,1288873.6799240026,0.5357927142621343,33.22671911603703,11.041528106309928,53.61244775707386,15.216145741539263,37.0,33.0,2500.0,1410.540154878546,0.0015765546571545465,-32.72671911603703,pass_halo_down,42.0,0.0
34.27083169048486,4875.449880043276,1288873.6799240026,1.0715854285242685,12.925087034097851,11.2567582402102,12.770245543204062,15.137586436946501,37.0,33.0,2500.0,1414.9582214717318,0.0077342714202751255,-12.425087034097851,pass_ml_up,42.0,0.0
34.27083169048486,4875.449880043276,1288873.6799240026,0.26789635713106713,12.991105074455358,11.181905148561835,12.987843302671768,15.083615429097243,37.0,33.0,2500.0,1408.7309838927033,0.007392051507722795,-12.491105074455358,pass_ml_down,42.0,0.0
44.88311675625477,416.72556399362577,648023.5990526893,0.7170968379476441,16.140512514568506,10.295636694659589,20.244641187516407,16.26210907107523,37.0,33.0,2500.0,440.9141872947915,0.01503579687526663,-15.640512514568506,pass_full,43.0,0.0
0.0,416.72556399362577,648023.5990526893,0.7170968379476441,39.923543565016644,60.10405317168434,11.973815470063096,15.967997426694978,37.0,33.0,2500.0,91.5651806164934,0.08380155054648415,-39.423543565016644,pass_bh_only,43.0,0.0
44.88311675625477,416.72556399362577,0.0,0.7170968379476441,70.19517483935957,10.067643674951972,128.61104095390775,16.21437194554917,37.0,33.0,2500.0,493.8047854969256,0.007921506545398221,-69.69517483935957,pass_halo_only,43.0,0.0
44.88311675625477,416.72556399362577,1296047.1981053785,0.7170968379476441,11.60278693010168,9.605406419110878,11.941291234894715,16.321289128082945,37.0,33.0,2500.0,408.64140771161493,0.015513624789959388,-11.10278693010168,pass_bh_up,43.0,0.0
44.88311675625477,416.72556399362577,324011.79952634464,0.7170968379476441,15.651694603112464,10.307981138369385,19.254381841885348,16.22194090353851,37.0,33.0,2500.0,480.030620792422,0.014186018873465588,-15.151694603112464,pass_bh_down,43.0,0.0
89.76623351250954,416.72556399362577,648023.5990526893,0.7170968379476441,10.636868123569545,9.233064488205104,10.44004293523587,15.88849322921738,37.0,33.0,2500.0,592.2406814517841,0.028446131756553802,-10.136868123569545,pass_halo_up,43.0,0.0
22.441558378127386,416.72556399362577,648023.5990526893,0.7170968379476441,12.37223713697601,13.105945304766289,9.57113553158013,15.800202221919768,37.0,33.0,2500.0,124.23540758658048,0.06377948860230871,-11.87223713697601,pass_halo_down,43.0,0.0
44.88311675625477,416.72556399362577,648023.5990526893,1.4341936758952882,12.399968404198987,10.214913712710706,12.85635226345331,16.18648261287774,37.0,33.0,2500.0,421.1234803434813,0.017725176842764104,-11.899968404198987,pass_ml_up,43.0,0.0
44.88311675625477,416.72556399362577,648023.5990526893,0.35854841897382206,25.810917688936737,10.216755231728452,39.6726957212902,16.3016650932952,37.0,33.0,2500.0,473.95996387088843,0.010285518383596476,-25.310917688936737,pass_ml_down,43.0,0.0
20.23772414207482,550.7134571392413,469318.4515990678,0.605427651716687,19.919259632124106,17.045915540710723,20.257333102034462,15.480268346756963,37.0,33.0,2500.0,129.8050103767447,0.058150872639231854,-19.419259632124106,pass_full,44.0,0.0
0.0,550.7134571392413,469318.4515990678,0.605427651716687,14.736044413203356,17.727858534498882,9.096663444106813,16.458271839437955,37.0,33.0,2500.0,106.57813732748825,0.061031288761106764,-14.236044413203356,pass_bh_only,44.0,0.0
20.23772414207482,550.7134571392413,0.0,0.605427651716687,154.02628245656973,32.23739899193354,271.43108022620385,15.725231967329854,37.0,33.0,2500.0,300.87765225230663,0.012226509257676352,-153.52628245656973,pass_halo_only,44.0,0.0
20.23772414207482,550.7134571392413,938636.9031981356,0.605427651716687,45.335567253231645,11.710744112556055,77.07400796177288,15.407643810209477,37.0,33.0,2500.0,131.9248974613323,0.06157517994722874,-44.835567253231645,pass_bh_up,44.0,0.0
20.23772414207482,550.7134571392413,234659.2257995339,0.605427651716687,16.97833074011715,22.3692426442033,8.417016053664199,15.146321241290735,37.0,33.0,2500.0,121.90412915944451,0.0822236760929709,-16.47833074011715,pass_bh_down,44.0,0.0
40.47544828414964,550.7134571392413,469318.4515990678,0.605427651716687,44.345159103382876,10.092985569830708,76.88380122168422,16.174594423953405,37.0,33.0,2500.0,519.5260041840556,0.02207136022558945,-43.845159103382876,pass_halo_up,44.0,0.0
10.11886207103741,550.7134571392413,469318.4515990678,0.605427651716687,18.431140551279928,16.30215573454682,18.11389503587691,15.516978022305073,37.0,33.0,2500.0,108.01366345523472,0.07325708087705071,-17.931140551279928,pass_halo_down,44.0,0.0
20.23772414207482,550.7134571392413,469318.4515990678,1.210855303433374,23.267448766210595,11.580885496890602,33.0833601261968,15.40797102045269,37.0,33.0,2500.0,126.06428780864587,0.059994905881967486,-22.767448766210595,pass_ml_up,44.0,0.0
20.23772414207482,550.7134571392413,469318.4515990678,0.3027138258583435,22.784488129790688,26.114332810520597,15.824787947707739,15.32790030256819,37.0,33.0,2500.0,146.73923624925126,0.05568564133232426,-22.284488129790688,pass_ml_down,44.0,0.0
42.14720888803648,1452.6774313091157,1150808.2631455606,0.8442003071863797,11.4924128580747,10.450017124309271,10.797860486308254,15.519218985314296,37.0,33.0,2500.0,1013.2773652743962,0.015165343274511366,-10.9924128580747,pass_full,45.0,0.0
0.0,1452.6774313091157,1150808.2631455606,0.8442003071863797,14.872893535635107,19.131157573947533,7.80169645749703,16.302160018456394,37.0,33.0,2500.0,102.32109909931195,0.058200706771504164,-14.372893535635107,pass_bh_only,45.0,0.0
42.14720888803648,1452.6774313091157,0.0,0.8442003071863797,12.181922175151126,10.698957450044679,11.897644527011662,15.523168516936117,37.0,33.0,2500.0,1235.7506199751529,0.0019085180890394049,-11.681922175151126,pass_halo_only,45.0,0.0
42.14720888803648,1452.6774313091157,1500000.0,0.8442003071863797,12.179445047266938,10.693936765655547,11.896485249522524,15.583699556119868,37.0,33.0,2500.0,1210.5533380182792,0.002322241948732682,-11.679445047266938,pass_bh_up,45.0,0.0
42.14720888803648,1452.6774313091157,575404.1315727803,0.8442003071863797,11.03414921688239,9.44388621791037,11.008207893316584,15.55919777210659,37.0,33.0,2500.0,793.3364273630226,0.02201927342065262,-10.53414921688239,pass_bh_down,45.0,0.0
84.29441777607296,1452.6774313091157,1150808.2631455606,0.8442003071863797,12.206734414293997,11.006494974230852,11.607743670512424,15.348616169952235,37.0,33.0,2500.0,1293.258401658851,0.009982085119223529,-11.706734414293997,pass_halo_up,45.0,0.0
21.07360444401824,1452.6774313091157,1150808.2631455606,0.8442003071863797,19.891669750165228,10.014299125421065,28.060491890723526,16.324903476449936,37.0,33.0,2500.0,832.610432520333,0.010065295739681533,-19.391669750165228,pass_halo_down,45.0,0.0
42.14720888803648,1452.6774313091157,1150808.2631455606,1.6884006143727595,10.81382458190882,9.283312345568875,10.749806084648274,15.486264826540749,37.0,33.0,2500.0,743.1281193014988,0.02376778784057812,-10.31382458190882,pass_ml_up,45.0,0.0
42.14720888803648,1452.6774313091157,1150808.2631455606,0.42210015359318986,12.222747836420973,10.814198005259847,11.850720376342151,15.502258589879137,37.0,33.0,2500.0,1237.7028360689628,0.0021862660339423802,-11.722747836420973,pass_ml_down,45.0,0.0
37.35995848253647,3603.218833366905,460376.9063365044,0.772155664629435,21.128770619234135,11.068525118473532,29.389235463470772,15.118661191396901,37.0,33.0,2500.0,1460.648305619857,0.0033005072262665275,-20.628770619234135,pass_full,46.0,0.0
0.0,3603.218833366905,460376.9063365044,0.772155664629435,13.706430491894858,9.985355441090196,15.715096313794113,16.568082789517703,37.0,33.0,2500.0,109.0140319136279,0.05114119871747,-13.206430491894858,pass_bh_only,46.0,0.0
37.35995848253647,3603.218833366905,0.0,0.772155664629435,12.774775029511945,11.027262820587211,12.727892803216227,15.105965079926333,37.0,33.0,2500.0,1465.4501858370284,0.003417098508420753,-12.274775029511945,pass_halo_only,46.0,0.0
37.35995848253647,3603.218833366905,920753.8126730088,0.772155664629435,12.717491634005198,11.074502006761687,12.558002082349839,15.183804876615845,37.0,33.0,2500.0,1414.3169428399087,0.005939793409188057,-12.217491634005198,pass_bh_up,46.0,0.0
37.35995848253647,3603.218833366905,230188.4531682522,0.772155664629435,20.636098707765004,11.129171601028924,28.336148858785936,15.110253134483653,37.0,33.0,2500.0,1453.6278637837743,0.0033069076136842757,-20.136098707765004,pass_bh_down,46.0,0.0
74.71991696507294,3603.218833366905,460376.9063365044,0.772155664629435,24.36119426107831,12.047313866478733,34.76116795620182,14.969665616795185,37.0,33.0,2500.0,1544.5693578442758,0.0031488282155320633,-23.86119426107831,pass_halo_up,46.0,0.0
18.679979241268235,3603.218833366905,460376.9063365044,0.772155664629435,12.200250451072037,10.65674077599088,11.981637765891866,15.523074784660183,37.0,33.0,2500.0,1278.330884543052,0.006788782437808693,-11.700250451072037,pass_halo_down,46.0,0.0
37.35995848253647,3603.218833366905,460376.9063365044,1.54431132925887,22.114523042133357,11.078957235486781,31.349133126534408,15.11570989215519,37.0,33.0,2500.0,1460.5444580607923,0.0033242987590043813,-21.614523042133357,pass_ml_up,46.0,0.0
37.35995848253647,3603.218833366905,460376.9063365044,0.3860778323147175,12.851987916843303,11.064577865899155,12.839974393657506,15.122666482691962,37.0,33.0,2500.0,1452.2830741908115,0.003624209138234704,-12.351987916843303,pass_ml_down,46.0,0.0
35.8843651605373,696.1101959231141,1292556.4133534909,0.38667243869353984,11.78384695019318,10.027012017896238,11.824224899688483,16.535032360869092,37.0,33.0,2500.0,722.2204395248862,0.009552852819023917,-11.28384695019318,pass_full,47.0,0.0
0.0,696.1101959231141,1292556.4133534909,0.38667243869353984,15.037953336749743,18.30467535270588,9.064607449741551,16.099886333894815,37.0,33.0,2500.0,95.7677655616893,0.0723274891749926,-14.537953336749743,pass_bh_only,47.0,0.0
35.8843651605373,696.1101959231141,0.0,0.38667243869353984,55.002716350480085,9.957021763344672,98.34186702066309,16.48786220605127,37.0,33.0,2500.0,750.0984609605615,0.004349688224719432,-54.502716350480085,pass_halo_only,47.0,0.0
35.8843651605373,696.1101959231141,1500000.0,0.38667243869353984,11.702027749459722,9.879228992470688,11.825915061110207,16.54716172628946,37.0,33.0,2500.0,694.3411420108924,0.010137751858361594,-11.202027749459722,pass_bh_up,47.0,0.0
35.8843651605373,696.1101959231141,646278.2066767454,0.38667243869353984,41.64201016369424,10.154155772466758,71.39787955872602,16.538881784592128,37.0,33.0,2500.0,725.5326670128121,0.007646421509733342,-41.14201016369424,pass_bh_down,47.0,0.0
71.7687303210746,696.1101959231141,1292556.4133534909,0.38667243869353984,11.922176633660811,10.371183951402289,11.736506282408953,15.82514430023329,37.0,33.0,2500.0,1098.7997367844728,0.003815811065188095,-11.422176633660811,pass_halo_up,47.0,0.0
17.94218258026865,696.1101959231141,1292556.4133534909,0.38667243869353984,18.825100217170977,11.69571606919396,24.069016504558977,15.437575122661864,37.0,33.0,2500.0,239.37692515581708,0.030354239293493294,-18.325100217170977,pass_halo_down,47.0,0.0
35.8843651605373,696.1101959231141,1292556.4133534909,0.7733448773870797,11.569247834251597,9.932341417713001,11.50226382718242,16.499018308204583,37.0,33.0,2500.0,679.6739724288952,0.015102267517656264,-11.069247834251597,pass_ml_up,47.0,0.0
35.8843651605373,696.1101959231141,1292556.4133534909,0.2,11.827445763100428,9.99041663449217,11.952265516237286,16.541242852587793,37.0,33.0,2500.0,703.3460998906262,0.013423780194691806,-11.327445763100428,pass_ml_down,47.0,0.0
47.553497833105595,733.4160174442795,1089867.9847918095,0.31938060763481657,12.020065766683611,10.31282627270059,11.985058579817375,16.242835377222825,37.0,33.0,2500.0,944.3909814139756,0.005580421193021747,-11.520065766683611,pass_full,48.0,0.0
0.0,733.4160174442795,1089867.9847918095,0.31938060763481657,32.4677151915435,50.95054279974509,7.315088463573172,16.301199753387557,37.0,33.0,2500.0,102.82694079224353,0.0633591203923193,-31.967715191543498,pass_bh_only,48.0,0.0
47.553497833105595,733.4160174442795,0.0,0.31938060763481657,16.922523139513046,9.985611424186757,22.157754000120335,16.21302250898013,37.0,33.0,2500.0,911.7296604589677,0.004623412069476732,-16.422523139513046,pass_halo_only,48.0,0.0
47.553497833105595,733.4160174442795,1500000.0,0.31938060763481657,14.169700575426912,10.112916535137762,16.511678401787897,16.13693891907843,37.0,33.0,2500.0,922.8842829170515,0.005558010302761706,-13.669700575426912,pass_bh_up,48.0,0.0
47.553497833105595,733.4160174442795,544933.9923959047,0.31938060763481657,13.910788567478193,10.162443142640575,15.936895525203264,16.184096844151483,37.0,33.0,2500.0,829.9330727825975,0.010867427661112023,-13.410788567478193,pass_bh_down,48.0,0.0
95.10699566621119,733.4160174442795,1089867.9847918095,0.31938060763481657,12.396377539968418,10.866404964189563,12.140027209081172,15.483036063222885,37.0,33.0,2500.0,1283.0887801861747,0.0020512335023211564,-11.896377539968418,pass_halo_up,48.0,0.0
23.776748916552798,733.4160174442795,1089867.9847918095,0.31938060763481657,11.879581891173084,10.222145874947927,11.807663736480125,16.180104140505826,37.0,33.0,2500.0,413.0816121816442,0.01891073506018857,-11.379581891173084,pass_halo_down,48.0,0.0
47.553497833105595,733.4160174442795,1089867.9847918095,0.6387612152696331,11.81740278143183,10.141211417062392,11.773083728799309,16.211998092815055,37.0,33.0,2500.0,891.3902004327637,0.006843127650780415,-11.31740278143183,pass_ml_up,48.0,0.0
47.553497833105595,733.4160174442795,1089867.9847918095,0.2,14.229316863394423,10.188611224794176,16.542707459353682,16.24695150797548,37.0,33.0,2500.0,910.8410761016457,0.006506028441235822,-13.729316863394423,pass_ml_down,48.0,0.0
0.4338022733154756,2087.1772462580175,196435.19525402604,1.3974522254886887,32.56856906065236,35.01660277715482,25.403244669785234,15.604181145414593,37.0,33.0,2500.0,107.05556157840329,0.07104145359517586,-32.06856906065236,pass_full,49.0,0.0
0.0,2087.1772462580175,196435.19525402604,1.3974522254886887,74.63919317724762,93.49812828211621,43.950241356127314,16.398038507840695,37.0,33.0,2500.0,103.73539478350735,0.05537021632088848,-74.13919317724762,pass_bh_only,49.0,0.0
0.4338022733154756,2087.1772462580175,0.0,1.3974522254886887,801.244433771781,766.087353809668,743.0692832520305,15.614190662795464,37.0,33.0,2500.0,365.18582026699914,0.007363815207260312,-800.744433771781,pass_halo_only,49.0,0.0
0.4338022733154756,2087.1772462580175,392870.3905080521,1.3974522254886887,14.666483783363072,17.622481342755748,9.086174353482287,16.112366355084667,37.0,33.0,2500.0,115.54683737503514,0.05081644285818228,-14.166483783363072,pass_bh_up,49.0,0.0
0.4338022733154756,2087.1772462580175,98217.59762701302,1.3974522254886887,20.081461427425833,22.51226613545324,14.447820367744207,15.64453506277617,37.0,33.0,2500.0,105.96191449041885,0.07943275920652806,-19.581461427425833,pass_bh_down,49.0,0.0
0.8676045466309512,2087.1772462580175,196435.19525402604,1.3974522254886887,13.986607212178908,15.231564270396271,10.421348027418778,15.643713094326467,37.0,33.0,2500.0,108.76162254619912,0.06449483235438502,-13.486607212178908,pass_halo_up,49.0,0.0
0.2169011366577378,2087.1772462580175,196435.19525402604,1.3974522254886887,75.21085015081118,124.13035446995552,10.751301991241187,16.30002885422612,37.0,33.0,2500.0,126.10736828434761,0.0491758758327347,-74.71085015081118,pass_halo_down,49.0,0.0
0.4338022733154756,2087.1772462580175,196435.19525402604,2.0,13.610540711976167,15.159768010129117,9.748783575653256,15.674412619092566,37.0,33.0,2500.0,112.78125477607934,0.049938326180077194,-13.110540711976167,pass_ml_up,49.0,0.0
0.4338022733154756,2087.1772462580175,196435.19525402604,0.6987261127443444,12.585443486019557,13.768895388127449,9.247793578317514,16.01295263209729,37.0,33.0,2500.0,123.80666775996578,0.051553442304977354,-12.085443486019557,pass_ml_down,49.0,0.0
41.75783312441169,1189.3917513555903,403053.3994463863,0.5415978789462681,12.03448758550778,10.458904010700763,11.864419948130909,15.770873959264977,37.0,33.0,2500.0,1079.6971790226844,0.005796992661741401,-11.53448758550778,pass_full,50.0,0.0
0.0,1189.3917513555903,403053.3994463863,0.5415978789462681,23.574941140075225,35.037961521708304,7.376967005958316,16.10162774513275,37.0,33.0,2500.0,94.24983543161477,0.08160609151856887,-23.074941140075225,pass_bh_only,50.0,0.0
41.75783312441169,1189.3917513555903,0.0,0.5415978789462681,14.582250625644413,10.42287052770323,17.001299576417107,15.739445745747195,37.0,33.0,2500.0,1106.9499547585178,0.00420204437149998,-14.082250625644413,pass_halo_only,50.0,0.0
41.75783312441169,1189.3917513555903,806106.7988927726,0.5415978789462681,12.324965019003569,10.686447928877778,12.191840988484893,15.718365265756596,37.0,33.0,2500.0,1108.6232439218368,0.0035268869615043157,-11.824965019003569,pass_bh_up,50.0,0.0
41.75783312441169,1189.3917513555903,201526.69972319316,0.5415978789462681,14.985350680216923,10.47103252394682,17.753535673399455,15.738264286102487,37.0,33.0,2500.0,1101.7418065463924,0.004230212875174967,-14.485350680216923,pass_bh_down,50.0,0.0
83.51566624882338,1189.3917513555903,403053.3994463863,0.5415978789462681,12.542209714480922,11.039411057439303,12.247638590517875,15.155558543396717,37.0,33.0,2500.0,1410.470066296179,0.001937154050477227,-12.042209714480922,pass_halo_up,50.0,0.0
20.878916562205845,1189.3917513555903,403053.3994463863,0.5415978789462681,23.11787480235209,10.108949954167215,34.401917898928446,16.485297986412448,37.0,33.0,2500.0,747.8734700938978,0.006519050064062178,-22.61787480235209,pass_halo_down,50.0,0.0
41.75783312441169,1189.3917513555903,403053.3994463863,1.0831957578925362,11.914566418898913,10.376658297023324,11.716053094932,15.795274524709136,37.0,33.0,2500.0,1048.7420816972117,0.006515505992261575,-11.414566418898913,pass_ml_up,50.0,0.0
41.75783312441169,1189.3917513555903,403053.3994463863,0.27079893947313405,12.05764536846992,10.368630180834993,12.010765225242865,15.810025195106034,37.0,33.0,2500.0,1069.242534168149,0.004539732493986737,-11.55764536846992,pass_ml_down,50.0,0.0
71.02732776679917,3345.1723761677927,150577.15344713052,0.6136768849115857,14.087448593145922,11.96026421898453,14.31163849473798,14.957760718850068,37.0,33.0,2500.0,1515.6306542162215,0.0032284231529862667,-13.587448593145922,pass_full,51.0,0.0
0.0,3345.1723761677927,150577.15344713052,0.6136768849115857,27.23177474917588,41.27921478938521,7.675129238128237,16.686921380124296,37.0,33.0,2500.0,115.44424650280685,0.062211077258765846,-26.73177474917588,pass_bh_only,51.0,0.0
71.02732776679917,3345.1723761677927,0.0,0.6136768849115857,13.662712823123954,11.889572555727687,13.541862859634081,14.943387396331625,37.0,33.0,2500.0,1528.1224886044822,0.003231875348001577,-13.162712823123954,pass_halo_only,51.0,0.0
71.02732776679917,3345.1723761677927,301154.30689426104,0.6136768849115857,17.25537691214303,11.953411854051994,20.655516243728794,14.946601558466519,37.0,33.0,2500.0,1524.1153295295558,0.003403304165277803,-16.75537691214303,pass_bh_up,51.0,0.0
71.02732776679917,3345.1723761677927,75288.57672356526,0.6136768849115857,13.674924505097374,11.942370882537093,13.507342356625708,14.934996913906176,37.0,33.0,2500.0,1533.7056073666818,0.0025537879732720208,-13.174924505097374,pass_bh_down,51.0,0.0
100.0,3345.1723761677927,150577.15344713052,0.6136768849115857,34.312526897625666,11.942666466706864,54.783644867844366,14.887835336274968,37.0,33.0,2500.0,1478.065714556678,0.0019659530440327964,-33.812526897625666,pass_halo_up,51.0,0.0
35.51366388339959,3345.1723761677927,150577.15344713052,0.6136768849115857,12.58839232492034,10.931386135992225,12.46112116168856,15.155608077307207,37.0,33.0,2500.0,1407.326820321744,0.0036848084657961112,-12.08839232492034,pass_halo_down,51.0,0.0
71.02732776679917,3345.1723761677927,150577.15344713052,1.2273537698231713,14.607131427915805,11.98553202308567,15.322994285424437,14.94717796926678,37.0,33.0,2500.0,1527.7989414209542,0.0032353665689741173,-14.107131427915805,pass_ml_up,51.0,0.0
71.02732776679917,3345.1723761677927,150577.15344713052,0.30683844245579284,15.656749293009318,11.94495481476161,17.46754747331389,14.953058573077065,37.0,33.0,2500.0,1518.822273170707,0.003154097868204896,-15.156749293009318,pass_ml_down,51.0,0.0
83.08459372711643,1710.2345194679524,911362.4649771495,1.9757162583119672,12.732010411678113,11.009922758363514,12.660610489577167,15.145398955259068,37.0,33.0,2500.0,1465.27075435704,0.003291880089945974,-12.232010411678113,pass_full,52.0,0.0
0.0,1710.2345194679524,911362.4649771495,1.9757162583119672,14.391381622763129,16.777681454976758,9.4717559713546,16.48902621352476,37.0,33.0,2500.0,107.38317501265462,0.05947854471811666,-13.891381622763129,pass_bh_only,52.0,0.0
83.08459372711643,1710.2345194679524,0.0,1.9757162583119672,12.829263109389696,11.127558734301823,12.724557877355654,15.101282097816032,37.0,33.0,2500.0,1499.1378170240416,0.0014909314601952957,-12.329263109389696,pass_halo_only,52.0,0.0
83.08459372711643,1710.2345194679524,1500000.0,1.9757162583119672,12.693644271162887,11.012221029865627,12.581932202064042,15.124581123608975,37.0,33.0,2500.0,1456.8847278314047,0.001657866532980933,-12.193644271162887,pass_bh_up,52.0,0.0
83.08459372711643,1710.2345194679524,455681.23248857475,1.9757162583119672,12.789604499975914,11.099176567135567,12.6778982041248,15.073723278275748,37.0,33.0,2500.0,1491.7719964082,0.0015821735173404575,-12.289604499975914,pass_bh_down,52.0,0.0
100.0,1710.2345194679524,911362.4649771495,1.9757162583119672,13.19063319629766,11.35283850617629,13.194747844449859,15.10008736027779,37.0,33.0,2500.0,1509.423512379874,0.0017377956813816008,-12.69063319629766,pass_halo_up,52.0,0.0
41.542296863558214,1710.2345194679524,911362.4649771495,1.9757162583119672,12.094545539263601,10.53962533086097,11.904114479415798,15.438090528820544,37.0,33.0,2500.0,1185.1774449725037,0.00938332420293286,-11.594545539263601,pass_halo_down,52.0,0.0
83.08459372711643,1710.2345194679524,911362.4649771495,2.0,12.731744069614194,11.064634488735088,12.598756350099055,15.14467295806994,37.0,33.0,2500.0,1475.213332605101,0.003858006912312416,-12.231744069614194,pass_ml_up,52.0,0.0
83.08459372711643,1710.2345194679524,911362.4649771495,0.9878581291559836,12.74641754424526,11.058938150634926,12.634607432066725,15.140801088493061,37.0,33.0,2500.0,1460.2451445641211,0.0029569692449656895,-12.24641754424526,pass_ml_down,52.0,0.0
82.63604980277881,1155.0163678761141,289915.9031389649,1.6313938450909333,12.519470803102477,11.018276430286742,12.22547615747231,15.168131887567991,37.0,33.0,2500.0,1387.9134594422692,0.0024723364308450566,-12.019470803102477,pass_full,53.0,0.0
0.0,1155.0163678761141,289915.9031389649,1.6313938450909333,8.203069727452341,7.9170801338190255,7.0405919611111045,16.13110234388394,37.0,33.0,2500.0,95.29647666183229,0.07316817556283386,-7.703069727452341,pass_bh_only,53.0,0.0
82.63604980277881,1155.0163678761141,0.0,1.6313938450909333,12.448939769208128,10.885117967889915,12.233083124069925,15.18891686150173,37.0,33.0,2500.0,1387.9592215203736,0.0019951761915504335,-11.948939769208128,pass_halo_only,53.0,0.0
82.63604980277881,1155.0163678761141,579831.8062779298,1.6313938450909333,12.484952053367659,11.012712786838796,12.162852002076935,15.162346340690956,37.0,33.0,2500.0,1417.2345919201412,0.0018907608152570797,-11.984952053367659,pass_bh_up,53.0,0.0
82.63604980277881,1155.0163678761141,144957.95156948245,1.6313938450909333,12.477135407503598,10.974810975978816,12.18930815501755,15.175761668442336,37.0,33.0,2500.0,1385.2847774292063,0.001884041015380894,-11.977135407503598,pass_bh_down,53.0,0.0
100.0,1155.0163678761141,289915.9031389649,1.6313938450909333,13.304946582342133,11.116410421713953,13.685630165892881,15.193493356699493,37.0,33.0,2500.0,1402.1676532232664,0.00373358809091681,-12.804946582342133,pass_halo_up,53.0,0.0
41.31802490138941,1155.0163678761141,289915.9031389649,1.6313938450909333,12.174693344898728,10.495771545799565,12.103053145633439,15.785459762828799,37.0,33.0,2500.0,1071.3842784106926,0.0042925978150138554,-11.674693344898728,pass_halo_down,53.0,0.0
82.63604980277881,1155.0163678761141,289915.9031389649,2.0,12.504650510936004,10.999422492188712,12.21696813808299,15.168352954055198,37.0,33.0,2500.0,1394.769025301784,0.002005680112098965,-12.004650510936004,pass_ml_up,53.0,0.0
82.63604980277881,1155.0163678761141,289915.9031389649,0.8156969225454667,12.49775994743786,10.993918465384388,12.209460886534409,15.16496405604126,37.0,33.0,2500.0,1395.9258524932072,0.001892975188696273,-11.99775994743786,pass_ml_down,53.0,0.0
8.390894928959458,1372.9485795294786,343907.0135330917,1.0956540599182476,14.204256201123403,9.98117248840693,16.75063720658335,15.406499385837794,37.0,33.0,2500.0,177.61222384114808,0.03772736621081339,-13.704256201123403,pass_full,54.0,0.0
0.0,1372.9485795294786,343907.0135330917,1.0956540599182476,19.957464756723997,22.287924947950497,14.428049556973178,16.413815489500195,37.0,33.0,2500.0,103.17494219480228,0.07570572733810992,-19.457464756723997,pass_bh_only,54.0,0.0
8.390894928959458,1372.9485795294786,0.0,1.0956540599182476,114.76325134718086,12.678324044474152,214.83552404678156,15.704305724601294,37.0,33.0,2500.0,299.1114340216933,0.010549065053788123,-114.26325134718086,pass_halo_only,54.0,0.0
8.390894928959458,1372.9485795294786,687814.0270661834,1.0956540599182476,13.899088524256292,10.835390733893787,15.179395567020485,15.510331735169261,37.0,33.0,2500.0,193.7399246555868,0.0313221216115448,-13.399088524256292,pass_bh_up,54.0,0.0
8.390894928959458,1372.9485795294786,171953.50676654585,1.0956540599182476,85.81665756551556,10.228596080054139,159.7080728085198,15.074941680873469,37.0,33.0,2500.0,180.77187538790818,0.04730213252344242,-85.31665756551556,pass_bh_down,54.0,0.0
16.781789857918916,1372.9485795294786,343907.0135330917,1.0956540599182476,13.762376437507273,9.970947186630946,15.849355742205237,16.36305947736216,37.0,33.0,2500.0,611.6354428205794,0.015010205092433457,-13.262376437507273,pass_halo_up,54.0,0.0
4.195447464479729,1372.9485795294786,343907.0135330917,1.0956540599182476,13.164074745449522,14.618243641479337,9.462502705395297,15.691329186888002,37.0,33.0,2500.0,116.61160399971392,0.054505825284198645,-12.664074745449522,pass_halo_down,54.0,0.0
8.390894928959458,1372.9485795294786,343907.0135330917,2.0,26.028290645600567,10.138673927988716,40.21754885372428,15.557135101153516,37.0,33.0,2500.0,222.09946659284165,0.0345567023259077,-25.528290645600567,pass_ml_up,54.0,0.0
8.390894928959458,1372.9485795294786,343907.0135330917,0.5478270299591238,22.77169787685844,9.973533669862197,33.8879147739171,15.610126548492252,37.0,33.0,2500.0,210.0349760084226,0.03708193862696548,-22.27169787685844,pass_ml_down,54.0,0.0
61.12975889576167,1319.0554806367775,98969.01603908415,1.427839610974965,32.97452763717132,10.926177873375611,53.23592202296371,15.264815980607127,37.0,33.0,2500.0,1360.5462940956577,0.0017391175707729394,-32.47452763717132,pass_full,55.0,0.0
0.0,1319.0554806367775,98969.01603908415,1.427839610974965,53.12131028659567,77.70957927070774,18.621900619060167,16.22932547014461,37.0,33.0,2500.0,98.73852809604354,0.06838359430059987,-52.62131028659567,pass_bh_only,55.0,0.0
61.12975889576167,1319.0554806367775,0.0,1.427839610974965,32.98155852994008,10.923338798631937,53.253407185103455,15.25689031824964,37.0,33.0,2500.0,1369.9221276686967,0.0017732776120816575,-32.48155852994008,pass_halo_only,55.0,0.0
61.12975889576167,1319.0554806367775,197938.0320781683,1.427839610974965,32.9933201483906,10.958990683832894,53.23638995941705,15.275605831200052,37.0,33.0,2500.0,1351.0948485278125,0.0016934104024797637,-32.4933201483906,pass_bh_up,55.0,0.0
61.12975889576167,1319.0554806367775,49484.508019542074,1.427839610974965,33.01722143145371,10.989326144576095,53.250850386507935,15.253484371868815,37.0,33.0,2500.0,1371.552904965106,0.0017105811335285466,-32.51722143145371,pass_bh_down,55.0,0.0
100.0,1319.0554806367775,98969.01603908415,1.427839610974965,33.3145224320558,11.017145985912101,53.817492251539434,15.146834736132767,37.0,33.0,2500.0,1484.9444456523293,0.0014362560847187033,-32.8145224320558,pass_halo_up,55.0,0.0
30.564879447880834,1319.0554806367775,98969.01603908415,1.427839610974965,32.64659624716653,10.356802270036283,53.19777572263235,15.947069474781019,37.0,33.0,2500.0,1025.3073281138695,0.0019066962419307055,-32.14659624716653,pass_halo_down,55.0,0.0
61.12975889576167,1319.0554806367775,98969.01603908415,2.0,32.99664644411161,10.95691264969145,53.245625713003484,15.267248743668063,37.0,33.0,2500.0,1365.9626795168938,0.0016992210102159439,-32.49664644411161,pass_ml_up,55.0,0.0
61.12975889576167,1319.0554806367775,98969.01603908415,0.7139198054874825,32.98584811322377,10.953758623493126,53.22800441832976,15.25276059864187,37.0,33.0,2500.0,1364.4044300455112,0.0017444311441010929,-32.48584811322377,pass_ml_down,55.0,0.0
58.631199560559224,1422.7843537031729,1194839.0730377564,0.23138625795061066,12.45777777376589,10.969778687587354,12.154034350083855,15.24838807504898,37.0,33.0,2500.0,1375.361952833457,0.003162837068991385,-11.95777777376589,pass_full,56.0,0.0
0.0,1422.7843537031729,1194839.0730377564,0.23138625795061066,23.992828854637587,20.329627829585384,24.694572823931466,16.40957152168218,37.0,33.0,2500.0,104.79086498178542,0.0654566158631221,-23.492828854637587,pass_bh_only,56.0,0.0
58.631199560559224,1422.7843537031729,0.0,0.23138625795061066,33.01289563458392,10.94931777097246,53.28762875823955,15.23460533465252,37.0,33.0,2500.0,1378.2219246839754,0.0015828140868603888,-32.51289563458392,pass_halo_only,56.0,0.0
58.631199560559224,1422.7843537031729,1500000.0,0.23138625795061066,33.00475409541089,10.878597524086329,53.34949821394467,15.272220845748938,37.0,33.0,2500.0,1372.2609454547633,0.0031859945775912116,-32.50475409541089,pass_bh_up,56.0,0.0
58.631199560559224,1422.7843537031729,597419.5365188782,0.23138625795061066,21.642825844183808,10.986493635459828,30.504010193243293,15.293904827087886,37.0,33.0,2500.0,1381.4607673805592,0.003320118602033543,-21.142825844183808,pass_bh_down,56.0,0.0
100.0,1422.7843537031729,1194839.0730377564,0.23138625795061066,12.65172091943566,11.01780861974466,12.490619490163153,15.164218576817023,37.0,33.0,2500.0,1419.6277715677709,0.004361388420898142,-12.15172091943566,pass_halo_up,56.0,0.0
29.315599780279612,1422.7843537031729,1194839.0730377564,0.23138625795061066,12.067205732801488,10.438077255822947,11.945268136169844,16.03287140584451,37.0,33.0,2500.0,1038.741310016729,0.003914289732433073,-11.567205732801488,pass_halo_down,56.0,0.0
58.631199560559224,1422.7843537031729,1194839.0730377564,0.4627725159012213,12.46178948643853,10.962608762795675,12.169672165150542,15.262400431535264,37.0,33.0,2500.0,1388.2314725872527,0.00246444673392416,-11.96178948643853,pass_ml_up,56.0,0.0
58.631199560559224,1422.7843537031729,1194839.0730377564,0.2,12.432868195127064,10.948664894726795,12.127558964454394,15.259253946499538,37.0,33.0,2500.0,1376.4412386972965,0.0031604159637496254,-11.932868195127064,pass_ml_down,56.0,0.0
80.55667554955393,878.6110200421467,29998.63168276551,1.642222772227626,12.20774382557359,10.841640446741083,11.792740990853222,15.409943260280325,37.0,33.0,2500.0,1289.8460815952935,0.0024934804051438414,-11.70774382557359,pass_full,57.0,0.0
0.0,878.6110200421467,29998.63168276551,1.642222772227626,52.73960620593658,78.97309859391399,16.439160119680345,16.317077667545203,37.0,33.0,2500.0,100.95107172820303,0.05814556321417348,-52.23960620593658,pass_bh_only,57.0,0.0
80.55667554955393,878.6110200421467,0.0,1.642222772227626,12.169555546129493,10.810599485680518,11.75156878216086,15.396715263059427,37.0,33.0,2500.0,1288.2997893587528,0.002246996616567821,-11.669555546129493,pass_halo_only,57.0,0.0
80.55667554955393,878.6110200421467,59997.26336553102,1.642222772227626,12.213347164156941,10.844641946202422,11.800795570578812,15.402906995767758,37.0,33.0,2500.0,1281.3311579195465,0.0026981314827548837,-11.713347164156941,pass_bh_up,57.0,0.0
80.55667554955393,878.6110200421467,14999.315841382755,1.642222772227626,12.19261920948842,10.842222171938976,11.762380359708947,15.39209559409829,37.0,33.0,2500.0,1279.977404398529,0.0026597171884681164,-11.69261920948842,pass_bh_down,57.0,0.0
100.0,878.6110200421467,29998.63168276551,1.642222772227626,12.32405766901653,10.917794570108885,11.94649803963627,15.19497175306568,37.0,33.0,2500.0,1414.9822530894091,0.0016379175715725135,-11.82405766901653,pass_halo_up,57.0,0.0
40.278337774776965,878.6110200421467,29998.63168276551,1.642222772227626,13.62355146568889,9.936769649903857,15.616371671713164,16.153654522489106,37.0,33.0,2500.0,915.4536362828779,0.005005506185242068,-13.12355146568889,pass_halo_down,57.0,0.0
80.55667554955393,878.6110200421467,29998.63168276551,2.0,12.228034630409608,10.861211427921322,11.811737126510154,15.398137599109901,37.0,33.0,2500.0,1293.207813316951,0.0020159330578774907,-11.728034630409608,pass_ml_up,57.0,0.0
80.55667554955393,878.6110200421467,29998.63168276551,0.821111386113813,12.2171997073576,10.851308642879758,11.801152676796288,15.398722564772855,37.0,33.0,2500.0,1291.53051584097,0.0020327464231465345,-11.7171997073576,pass_ml_down,57.0,0.0
30.20740669835623,2476.613530333562,1275320.194195936,1.6113497050235015,16.68980923606517,10.998088792991336,20.582297065720034,15.382321070860844,37.0,33.0,2500.0,1342.7601236963174,0.003201430000401013,-16.18980923606517,pass_full,58.0,0.0
0.0,2476.613530333562,1275320.194195936,1.6113497050235015,11.36112344447578,13.792674306053554,6.762671590751254,16.33703551662876,37.0,33.0,2500.0,102.43642260467877,0.05998344879207965,-10.86112344447578,pass_bh_only,58.0,0.0
30.20740669835623,2476.613530333562,0.0,1.6113497050235015,22.34169395120527,10.985187466061232,31.90294116456738,15.302806104558151,37.0,33.0,2500.0,1341.9937095398889,0.00383193531462645,-21.84169395120527,pass_halo_only,58.0,0.0
30.20740669835623,2476.613530333562,1500000.0,1.6113497050235015,12.254903298642981,10.862340298363979,11.862833245473016,15.443529570359795,37.0,33.0,2500.0,1266.426616787459,0.007717785126954741,-11.754903298642981,pass_bh_up,58.0,0.0
30.20740669835623,2476.613530333562,637660.097097968,1.6113497050235015,12.521006237479737,10.889490776704793,12.365284127204061,15.42087673785116,37.0,33.0,2500.0,1301.422050998567,0.006772929645492282,-12.021006237479737,pass_bh_down,58.0,0.0
60.41481339671246,2476.613530333562,1275320.194195936,1.6113497050235015,13.00831823318992,11.159338071401946,13.047357640683519,15.090692606106916,37.0,33.0,2500.0,1496.0579220182262,0.0018237819471552095,-12.50831823318992,pass_halo_up,58.0,0.0
15.103703349178115,2476.613530333562,1275320.194195936,1.6113497050235015,11.897447796993891,10.246677019554026,11.818930494786997,16.0797985501272,37.0,33.0,2500.0,967.4247596648368,0.005433794502619621,-11.397447796993891,pass_halo_down,58.0,0.0
30.20740669835623,2476.613530333562,1275320.194195936,2.0,21.880394577887664,10.996495471018743,30.965203736302595,15.383986414906692,37.0,33.0,2500.0,1341.9302761118333,0.00354014958097535,-21.380394577887664,pass_ml_up,58.0,0.0
30.20740669835623,2476.613530333562,1275320.194195936,0.8056748525117507,22.42960990907787,10.98293439053021,32.07910179110399,15.375322443090003,37.0,33.0,2500.0,1335.0980494524372,0.0037707146468809673,-21.92960990907787,pass_ml_down,58.0,0.0
82.26082113644956,3548.212777904342,801058.1195051019,0.5187982742319259,34.515814558401665,12.116291552032333,54.99479626626997,14.912696642404303,37.0,33.0,2500.0,1582.8923237615732,0.0021069697913068583,-34.015814558401665,pass_full,59.0,0.0
0.0,3548.212777904342,801058.1195051019,0.5187982742319259,19.77984921209439,27.255982880934305,8.527670593000579,15.58555183464143,37.0,33.0,2500.0,79.34180198960595,0.1074855824338806,-19.27984921209439,pass_bh_only,59.0,0.0
82.26082113644956,3548.212777904342,0.0,0.5187982742319259,34.243932084537064,11.8095805938581,54.79507767576692,14.90747230638951,37.0,33.0,2500.0,1496.292338375367,0.001807703202424903,-33.743932084537064,pass_halo_only,59.0,0.0
82.26082113644956,3548.212777904342,1500000.0,0.5187982742319259,34.427808410267296,11.952181791141099,55.001367152978304,14.959512757137835,37.0,33.0,2500.0,1577.6612288124766,0.0019871409789788044,-33.927808410267296,pass_bh_up,59.0,0.0
82.26082113644956,3548.212777904342,400529.05975255097,0.5187982742319259,34.379971966500726,11.985457338184142,54.87017206370597,14.900550173936729,37.0,33.0,2500.0,1523.285289591978,0.0024639760534766924,-33.879971966500726,pass_bh_down,59.0,0.0
100.0,3548.212777904342,801058.1195051019,0.5187982742319259,34.350386032314525,11.950182170855928,54.854173509937965,14.781011983136946,37.0,33.0,2500.0,1484.8591482952886,0.0018816114666638435,-33.850386032314525,pass_halo_up,59.0,0.0
41.13041056822478,3548.212777904342,801058.1195051019,0.5187982742319259,13.616260312837566,11.13355126428592,14.292608888435655,15.075690550323579,37.0,33.0,2500.0,1491.5335695858591,0.003932486351236486,-13.116260312837566,pass_halo_down,59.0,0.0
82.26082113644956,3548.212777904342,801058.1195051019,1.0375965484638519,34.500049048059815,12.08657384349659,54.99650294674442,14.915407720008776,37.0,33.0,2500.0,1585.3579154763809,0.002190548083060089,-34.000049048059815,pass_ml_up,59.0,0.0
82.26082113644956,3548.212777904342,801058.1195051019,0.25939913711596296,34.52242588396826,12.127713544366019,54.99531645292076,14.909264253976643,37.0,33.0,2500.0,1589.8387457487186,0.0021239289743151604,-34.02242588396826,pass_ml_down,59.0,0.0
43.21134951363844,1123.8562587537615,340991.06027344853,1.408209934568583,12.113139389684443,10.415269004747955,12.069323445094641,15.81457285537599,37.0,33.0,2500.0,1088.5341393390622,0.0039532889216766925,-11.613139389684443,pass_full,60.0,0.0
0.0,1123.8562587537615,340991.06027344853,1.408209934568583,13.442473478261125,14.472468571998029,10.167769123063051,16.185531340226238,37.0,33.0,2500.0,96.95924676544075,0.08625733931807622,-12.942473478261125,pass_bh_only,60.0,0.0
43.21134951363844,1123.8562587537615,0.0,1.408209934568583,32.720670197614595,10.383873710908755,53.32096048611687,15.769209697081418,37.0,33.0,2500.0,1114.0172548262888,0.0018026733401491511,-32.220670197614595,pass_halo_only,60.0,0.0
43.21134951363844,1123.8562587537615,681982.1205468971,1.408209934568583,12.211334555643496,10.568744625977278,12.095808562631689,15.742846944466326,37.0,33.0,2500.0,1107.6407389020578,0.0026763919177102222,-11.711334555643496,pass_bh_up,60.0,0.0
43.21134951363844,1123.8562587537615,170495.53013672426,1.408209934568583,32.73232466546471,10.387513237163498,53.340815588364556,15.7485237295918,37.0,33.0,2500.0,1104.3441449425707,0.0018655834893679898,-32.23232466546471,pass_bh_down,60.0,0.0
86.42269902727688,1123.8562587537615,340991.06027344853,1.408209934568583,33.13822292442981,11.000940153118727,53.48256049935116,15.16343086838757,37.0,33.0,2500.0,1419.1856197221205,0.0019194729944664475,-32.63822292442981,pass_halo_up,60.0,0.0
21.60567475681922,1123.8562587537615,340991.06027344853,1.408209934568583,54.45314355091521,10.088387273898608,97.09681530387451,16.44224019829658,37.0,33.0,2500.0,750.2296072931567,0.0046567010010937935,-53.95314355091521,pass_halo_down,60.0,0.0
43.21134951363844,1123.8562587537615,340991.06027344853,2.0,12.06766870046352,10.412564847932343,11.98218735263756,15.789052220056094,37.0,33.0,2500.0,1073.134586348107,0.005038216807860395,-11.56766870046352,pass_ml_up,60.0,0.0
43.21134951363844,1123.8562587537615,340991.06027344853,0.7041049672842915,12.025172674769394,10.31582889413079,12.001976126413723,15.910515280287813,37.0,33.0,2500.0,1078.7424089643189,0.0036315816525013577,-11.525172674769394,pass_ml_down,60.0,0.0
60.5206187258826,3561.9699967921924,470028.1342496748,1.2630559068810268,34.152938499660245,11.83995768752057,54.577529066444924,14.957047346632049,37.0,33.0,2500.0,1552.0863106286577,0.0016734271084193149,-33.652938499660245,pass_full,61.0,0.0
0.0,3561.9699967921924,470028.1342496748,1.2630559068810268,28.699768410173423,38.770219865439046,13.432334007256355,16.419557810741445,37.0,33.0,2500.0,104.64340451371417,0.06160678105746959,-28.199768410173423,pass_bh_only,61.0,0.0
60.5206187258826,3561.9699967921924,0.0,1.2630559068810268,34.12376147026068,11.871404825061045,54.4841918973917,14.947945896022187,37.0,33.0,2500.0,1554.097488361516,0.001691427283722561,-33.62376147026068,pass_halo_only,61.0,0.0
60.5206187258826,3561.9699967921924,940056.2684993496,1.2630559068810268,34.077212549626125,11.716313870361995,54.56328051137445,15.004158196574746,37.0,33.0,2500.0,1517.8955615372167,0.001748167965689663,-33.577212549626125,pass_bh_up,61.0,0.0
60.5206187258826,3561.9699967921924,235014.0671248374,1.2630559068810268,34.13396431918827,11.841230041175558,54.53841209564862,14.948534386526104,37.0,33.0,2500.0,1542.6693992167056,0.001871868581043699,-33.63396431918827,pass_bh_down,61.0,0.0
100.0,3561.9699967921924,470028.1342496748,1.2630559068810268,34.370383733194814,12.025654113488638,54.80824011276286,14.82420047060314,37.0,33.0,2500.0,1490.3773790510666,0.001792857919097714,-33.870383733194814,pass_halo_up,61.0,0.0
30.2603093629413,3561.9699967921924,470028.1342496748,1.2630559068810268,33.258686578023664,11.041782155098947,53.67795350055888,15.15490889245735,37.0,33.0,2500.0,1443.0976112364979,0.0014788231835528474,-32.758686578023664,pass_halo_down,61.0,0.0
60.5206187258826,3561.9699967921924,470028.1342496748,2.0,34.17336169322799,11.859880521874587,54.59633669468272,14.947181519158345,37.0,33.0,2500.0,1557.8554578187848,0.00168859354857157,-33.67336169322799,pass_ml_up,61.0,0.0
60.5206187258826,3561.9699967921924,470028.1342496748,0.6315279534405134,34.179088281203036,11.87606185712941,54.589261901177466,14.95989510675539,37.0,33.0,2500.0,1552.4122370208088,0.0017271792742200099,-33.679088281203036,pass_ml_down,61.0,0.0
62.040069685813,1788.9361122726818,1228928.766801797,1.010173520168992,12.538164111041933,11.097830962257406,12.17195897422497,15.224439575819384,37.0,33.0,2500.0,1391.6023001054516,0.005427346327749558,-12.038164111041933,pass_full,62.0,0.0
0.0,1788.9361122726818,1228928.766801797,1.010173520168992,16.45444882028347,12.249566552862767,18.684764627053422,16.162426990023395,37.0,33.0,2500.0,97.05846445953365,0.06745833443929565,-15.95444882028347,pass_bh_only,62.0,0.0
62.040069685813,1788.9361122726818,0.0,1.010173520168992,33.199912793062005,10.980131373143161,53.62921768436696,15.165199951685041,37.0,33.0,2500.0,1451.9621903236437,0.0014578825771425254,-32.699912793062005,pass_halo_only,62.0,0.0
62.040069685813,1788.9361122726818,1500000.0,1.010173520168992,12.424463473027567,10.993219256465355,12.061278208272165,15.243295857619843,37.0,33.0,2500.0,1368.8500027725004,0.006782746037235651,-11.924463473027567,pass_bh_up,62.0,0.0
62.040069685813,1788.9361122726818,614464.3834008985,1.010173520168992,33.19169097541878,10.964642636140605,53.62994372715874,15.171683844198625,37.0,33.0,2500.0,1434.6758380546676,0.0035251549114951757,-32.69169097541878,pass_bh_down,62.0,0.0
100.0,1788.9361122726818,1228928.766801797,1.010173520168992,33.777185027607516,11.195861484705201,54.54118371488152,15.188274296912986,37.0,33.0,2500.0,1480.0337666981184,0.0037452776698117386,-33.277185027607516,pass_halo_up,62.0,0.0
31.0200348429065,1788.9361122726818,1228928.766801797,1.010173520168992,12.257457440501554,10.647627390587907,12.10123553285174,15.689205037242587,37.0,33.0,2500.0,1192.705538424472,0.003414991034295967,-11.757457440501554,pass_halo_down,62.0,0.0
62.040069685813,1788.9361122726818,1228928.766801797,2.0,12.673883219510657,11.138891914511522,12.399190556370819,15.164003290539918,37.0,33.0,2500.0,1445.5466032884456,0.002670384943790442,-12.173883219510657,pass_ml_up,62.0,0.0
62.040069685813,1788.9361122726818,1228928.766801797,0.505086760084496,12.634270054139629,11.136707138425464,12.321851594352827,15.182556837830111,37.0,33.0,2500.0,1423.83799111367,0.004396576818605129,-12.134270054139629,pass_ml_down,62.0,0.0
37.142469527247414,1257.979328275088,274498.25060606055,1.8787374769582204,11.443066489652535,10.215739694040124,10.954888435408165,15.748701269113088,37.0,33.0,2500.0,877.2691376491919,0.014805005027863317,-10.943066489652535,pass_full,63.0,0.0
0.0,1257.979328275088,274498.25060606055,1.8787374769582204,9.102697479015372,9.173065479894188,7.4297181581561444,16.19391163977691,37.0,33.0,2500.0,97.03390541448022,0.07761108235919244,-8.602697479015372,pass_bh_only,63.0,0.0
37.142469527247414,1257.979328275088,0.0,1.8787374769582204,12.278111090739873,10.336062459438057,12.488283213638365,15.807674939557058,37.0,33.0,2500.0,1062.603115896121,0.003989912113153545,-11.778111090739873,pass_halo_only,63.0,0.0
37.142469527247414,1257.979328275088,548996.5012121211,1.8787374769582204,11.820893779439293,10.294416194840892,11.622198383349993,15.753043583330523,37.0,33.0,2500.0,957.5418242068812,0.008872779794083553,-11.320893779439293,pass_bh_up,63.0,0.0
37.142469527247414,1257.979328275088,137249.12530303028,1.8787374769582204,12.340105483692003,10.376377454320126,12.566669613072158,15.820898882446071,37.0,33.0,2500.0,1064.1083236995642,0.004694741806287087,-11.840105483692003,pass_bh_down,63.0,0.0
74.28493905449483,1257.979328275088,274498.25060606055,1.8787374769582204,12.539563705670679,11.031938665020691,12.250323901398476,15.168785222349694,37.0,33.0,2500.0,1389.6885534496646,0.0017255605089551685,-12.039563705670679,pass_halo_up,63.0,0.0
18.571234763623707,1257.979328275088,274498.25060606055,1.8787374769582204,11.580589078974194,10.101434398890875,11.337152930626143,16.43975974267159,37.0,33.0,2500.0,662.2229114761083,0.010153693764915381,-11.080589078974194,pass_halo_down,63.0,0.0
37.142469527247414,1257.979328275088,274498.25060606055,2.0,12.23245210436507,10.461371042769516,12.255889470584963,15.826757776318335,37.0,33.0,2500.0,1063.557090095927,0.00358911483135258,-11.73245210436507,pass_ml_up,63.0,0.0
37.142469527247414,1257.979328275088,274498.25060606055,0.9393687384791102,12.099548484817102,10.410369483501563,12.04772491924775,15.811606773195106,37.0,33.0,2500.0,1047.3335970897701,0.005015259584609272,-11.599548484817102,pass_ml_down,63.0,0.0
35.18922329591611,3308.7129176239355,90083.12407461678,1.6370016366099558,33.18861953921519,10.946306811389777,53.64497047467448,15.151511902522191,37.0,33.0,2500.0,1432.6209974164933,0.0018746758719751864,-32.68861953921519,pass_full,64.0,0.0
0.0,3308.7129176239355,90083.12407461678,1.6370016366099558,202.5751150811983,231.79798591067166,144.7489117425336,16.71802916062676,37.0,33.0,2500.0,120.9312856417093,0.06090990125550686,-202.0751150811983,pass_bh_only,64.0,0.0
35.18922329591611,3308.7129176239355,0.0,1.6370016366099558,33.18253797092088,10.920837751221596,53.66152837038598,15.146073062842259,37.0,33.0,2500.0,1445.1448291849774,0.0016036747911776026,-32.68253797092088,pass_halo_only,64.0,0.0
35.18922329591611,3308.7129176239355,180166.24814923355,1.6370016366099558,33.22809101579876,10.99728049571475,53.66674633271798,15.151999721580259,37.0,33.0,2500.0,1436.8930174615248,0.0015036745067343587,-32.72809101579876,pass_bh_up,64.0,0.0
35.18922329591611,3308.7129176239355,45041.56203730839,1.6370016366099558,33.17030529237155,10.912564943422817,53.64651957771531,15.140100325273483,37.0,33.0,2500.0,1436.8237570238923,0.0016015441489929164,-32.67030529237155,pass_bh_down,64.0,0.0
70.37844659183222,3308.7129176239355,90083.12407461678,1.6370016366099558,34.220805988896004,11.971257894145037,54.56640937484224,14.945143813974518,37.0,33.0,2500.0,1552.6204521943998,0.0015897696403739993,-33.720805988896004,pass_halo_up,64.0,0.0
17.594611647958054,3308.7129176239355,90083.12407461678,1.6370016366099558,32.90983231659463,10.714278643600748,53.33201104422758,15.664258622508342,37.0,33.0,2500.0,1264.9721379221835,0.0017089313920819833,-32.40983231659463,pass_halo_down,64.0,0.0
35.18922329591611,3308.7129176239355,90083.12407461678,2.0,33.17904603493523,10.940235400359466,53.63267187084675,15.150156754483309,37.0,33.0,2500.0,1430.1580575791322,0.0018199362158727922,-32.67904603493523,pass_ml_up,64.0,0.0
35.18922329591611,3308.7129176239355,90083.12407461678,0.8185008183049779,33.19555143766635,10.949751706457654,53.65511460036249,15.146799935083177,37.0,33.0,2500.0,1435.2811839951185,0.0018431501359906224,-32.69555143766635,pass_ml_down,64.0,0.0
35.33535649296672,722.9932410262646,1097285.54093177,1.3807442832888208,29.868289831974792,9.987345248991698,48.04037260517387,16.44305872690549,37.0,33.0,2500.0,674.0900600861443,0.015002542878547893,-29.368289831974792,pass_full,65.0,0.0
0.0,722.9932410262646,1097285.54093177,1.3807442832888208,17.136873547143757,23.10367896691315,7.884421087760772,16.011636439595467,37.0,33.0,2500.0,92.5229983567419,0.08037271441238286,-16.636873547143757,pass_bh_only,65.0,0.0
35.33535649296672,722.9932410262646,0.0,1.3807442832888208,54.581177993049806,9.969176875190112,97.48752106437824,16.410008034770236,37.0,33.0,2500.0,738.7929590195049,0.00541734179775438,-54.081177993049806,pass_halo_only,65.0,0.0
35.33535649296672,722.9932410262646,1500000.0,1.3807442832888208,33.77345897796598,9.802033024952738,56.05617955549684,16.5191452911067,37.0,33.0,2500.0,718.7664704909334,0.009214398163113107,-33.27345897796598,pass_bh_up,65.0,0.0
35.33535649296672,722.9932410262646,548642.770465885,1.3807442832888208,54.604922512169736,10.163737705694837,97.3144979851277,16.488157183279526,37.0,33.0,2500.0,765.7446013812914,0.005058244838499722,-54.104922512169736,pass_bh_down,65.0,0.0
70.67071298593343,722.9932410262646,1097285.54093177,1.3807442832888208,11.952160955297293,10.506905509196553,11.64870714783903,15.67978333066106,37.0,33.0,2500.0,1078.9888780965296,0.00675922288425467,-11.452160955297293,pass_halo_up,65.0,0.0
17.66767824648336,722.9932410262646,1097285.54093177,1.3807442832888208,11.17306269006122,8.783092825678048,12.031426437136801,15.410630568438476,37.0,33.0,2500.0,172.50488082012072,0.062461332953040065,-10.67306269006122,pass_halo_down,65.0,0.0
35.33535649296672,722.9932410262646,1097285.54093177,2.0,33.93616488992983,10.072197956324858,56.08010941603313,16.471947622254923,37.0,33.0,2500.0,735.5726466766538,0.0054547706626219645,-33.43616488992983,pass_ml_up,65.0,0.0
35.33535649296672,722.9932410262646,1097285.54093177,0.6903721416444104,10.665636845494138,9.635340557316312,10.030119679062487,16.43048177284709,37.0,33.0,2500.0,572.4621845162785,0.024110860538968475,-10.165636845494138,pass_ml_down,65.0,0.0
38.78714875523159,836.8873325090944,656922.7542884204,0.7753034250369646,19.556119964657128,10.32065431392414,27.04685746215788,16.29341180096737,37.0,33.0,2500.0,913.3418747602511,0.0039126732617886205,-19.056119964657128,pass_full,66.0,0.0
0.0,836.8873325090944,656922.7542884204,0.7753034250369646,18.443891769327703,14.416121333505393,20.239383778326022,16.000702751169776,37.0,33.0,2500.0,91.80685776117991,0.07792166070729306,-17.943891769327703,pass_bh_only,66.0,0.0
38.78714875523159,836.8873325090944,0.0,0.7753034250369646,40.054448859787385,10.025264432134323,68.3759442957493,16.25267899727111,37.0,33.0,2500.0,916.3720693920804,0.005317028097723855,-39.554448859787385,pass_halo_only,66.0,0.0
38.78714875523159,836.8873325090944,1313845.5085768409,0.7753034250369646,27.660494864218176,9.961605366705687,43.65751200177285,16.31536641178414,37.0,33.0,2500.0,874.771088007833,0.009138153370006652,-27.160494864218176,pass_bh_up,66.0,0.0
38.78714875523159,836.8873325090944,328461.3771442102,0.7753034250369646,19.34320695136687,9.98197106697856,27.00072402093168,16.294836621260774,37.0,33.0,2500.0,869.4133228791104,0.0080568772369899,-18.84320695136687,pass_bh_down,66.0,0.0
77.57429751046318,836.8873325090944,656922.7542884204,0.7753034250369646,32.89219672809083,10.683092865552215,53.33655182999035,15.504337638880774,37.0,33.0,2500.0,1255.9615053901937,0.003824041838796115,-32.39219672809083,pass_halo_up,66.0,0.0
19.393574377615796,836.8873325090944,656922.7542884204,0.7753034250369646,11.58518441738096,10.127317525568024,11.331887658934772,15.95913035627866,37.0,33.0,2500.0,325.9151292496249,0.023872370765722843,-11.08518441738096,pass_halo_down,66.0,0.0
38.78714875523159,836.8873325090944,656922.7542884204,1.5506068500739292,40.14470576657264,10.320709850070532,68.22380568543609,16.298728521795162,37.0,33.0,2500.0,926.670715929852,0.004847265277806319,-39.64470576657264,pass_ml_up,66.0,0.0
38.78714875523159,836.8873325090944,656922.7542884204,0.3876517125184823,15.191690258660143,10.182762495881382,18.471406918999453,16.332916396976604,37.0,33.0,2500.0,872.548569917242,0.008609292262787657,-14.691690258660143,pass_ml_down,66.0,0.0
79.38672418391943,3681.147829418392,520595.7054526409,1.8416427157964863,13.756184355505678,11.976432613235765,13.632296717538097,14.914369094894235,37.0,33.0,2500.0,1517.817592240138,0.0025944785365068002,-13.256184355505678,pass_full,67.0,0.0
0.0,3681.147829418392,520595.7054526409,1.8416427157964863,19.30235370184456,12.792477477131483,23.778719147904052,15.935945787042336,37.0,33.0,2500.0,89.20422452260348,0.08926064104349238,-18.80235370184456,pass_bh_only,67.0,0.0
79.38672418391943,3681.147829418392,0.0,1.8416427157964863,13.619069543464894,11.801363126849905,13.55406873777944,14.92388582851503,37.0,33.0,2500.0,1463.166266777564,0.0026171300861863953,-13.119069543464894,pass_halo_only,67.0,0.0
79.38672418391943,3681.147829418392,1041191.4109052818,1.8416427157964863,23.67293681866392,12.077356383449363,33.35058104827158,14.982469251230256,37.0,33.0,2500.0,1542.2388176397426,0.003396738242301593,-23.17293681866392,pass_bh_up,67.0,0.0
79.38672418391943,3681.147829418392,260297.85272632045,1.8416427157964863,13.82724036936538,11.862924998025232,13.901583277008728,14.917391309893556,37.0,33.0,2500.0,1463.3893013095137,0.0033557933516030784,-13.32724036936538,pass_bh_down,67.0,0.0
100.0,3681.147829418392,520595.7054526409,1.8416427157964863,13.777746714479363,12.008419523736091,13.641186579966034,14.860603638523548,37.0,33.0,2500.0,1455.3252760277276,0.003003019572032771,-13.277746714479363,pass_halo_up,67.0,0.0
39.69336209195971,3681.147829418392,520595.7054526409,1.8416427157964863,12.90949714809353,11.179386017466692,12.827548465739037,15.080429758517145,37.0,33.0,2500.0,1491.4971847701327,0.0016498009939892911,-12.40949714809353,pass_halo_down,67.0,0.0
79.38672418391943,3681.147829418392,520595.7054526409,2.0,13.808881468360152,12.007101872690464,13.7028994362017,14.92772622756623,37.0,33.0,2500.0,1513.9708484675557,0.0027514896024836474,-13.308881468360152,pass_ml_up,67.0,0.0
79.38672418391943,3681.147829418392,520595.7054526409,0.9208213578982432,13.872529463860548,12.012272174248736,13.82417920422053,14.93496042831551,37.0,33.0,2500.0,1508.9408552880345,0.003241103876930064,-13.372529463860548,pass_ml_down,67.0,0.0
30.059370987668032,1171.1965962507556,11103.704455407038,0.41317839029708936,13.174421294891953,9.987970122734565,14.662986889492213,16.078343568446833,37.0,33.0,2500.0,886.4176227338866,0.006300091022585218,-12.674421294891953,pass_full,68.0,0.0
0.0,1171.1965962507556,11103.704455407038,0.41317839029708936,365.28795523282656,384.05120383396024,299.4730634583516,16.499409384420158,37.0,33.0,2500.0,111.37348783113801,0.05842381562835918,-364.78795523282656,pass_bh_only,68.0,0.0
30.059370987668032,1171.1965962507556,0.0,0.41317839029708936,61.99647529340756,9.963323000523403,112.33556839798042,16.050661212178518,37.0,33.0,2500.0,894.9970887554217,0.004718165859022202,-61.49647529340756,pass_halo_only,68.0,0.0
30.059370987668032,1171.1965962507556,22207.408910814076,0.41317839029708936,13.19389630798823,9.98455405248415,14.705612642188603,16.083439193085557,37.0,33.0,2500.0,891.692664621099,0.005236038208099385,-12.69389630798823,pass_bh_up,68.0,0.0
30.059370987668032,1171.1965962507556,5551.852227703519,0.41317839029708936,13.109617523499459,9.99005507090727,14.53117774612275,16.07385330534491,37.0,33.0,2500.0,895.7482672431604,0.005442870403807963,-12.609617523499459,pass_bh_down,68.0,0.0
60.118741975336064,1171.1965962507556,11103.704455407038,0.41317839029708936,12.224040117931951,10.764838402443285,11.912705750187088,15.368337136933324,37.0,33.0,2500.0,1268.1651012310958,0.0031178514189357785,-11.724040117931951,pass_halo_up,68.0,0.0
15.029685493834016,1171.1965962507556,11103.704455407038,0.41317839029708936,63.09315960145304,9.771290929353865,114.74599963284875,15.992781425796528,37.0,33.0,2500.0,447.4675113801919,0.009936831352621434,-62.59315960145304,pass_halo_down,68.0,0.0
30.059370987668032,1171.1965962507556,11103.704455407038,0.8263567805941787,13.146777209818357,9.984243227554604,14.612063093580744,16.07221434032658,37.0,33.0,2500.0,889.2925830951345,0.006991752256230675,-12.646777209818357,pass_ml_up,68.0,0.0
30.059370987668032,1171.1965962507556,11103.704455407038,0.20658919514854468,13.166457551280967,9.977613044878893,14.65870367333909,16.07729450383492,37.0,33.0,2500.0,892.0878894414236,0.0060829942906848455,-12.666457551280967,pass_ml_down,68.0,0.0
36.82641786901109,733.1882230602895,236067.46599811246,0.41568032622176787,16.99418064376728,10.087272299823365,22.179640813769986,16.458700540766284,37.0,33.0,2500.0,796.0243199815276,0.007978836466685414,-16.49418064376728,pass_full,69.0,0.0
0.0,733.1882230602895,236067.46599811246,0.41568032622176787,40.19387818001779,33.27365072442483,42.56794507010571,16.928695763965496,37.0,33.0,2500.0,124.36267307841538,0.03676038441968701,-39.69387818001779,pass_bh_only,69.0,0.0
36.82641786901109,733.1882230602895,0.0,0.41568032622176787,50.63305589303099,9.859506443122783,89.71393553885976,16.42007776213084,37.0,33.0,2500.0,795.2616633715753,0.004350523018013505,-50.13305589303099,pass_halo_only,69.0,0.0
36.82641786901109,733.1882230602895,472134.9319962249,0.41568032622176787,33.29614930268421,10.182402467476157,54.677063811417554,16.453856903760673,37.0,33.0,2500.0,817.15176202437,0.004133426014079651,-32.79614930268421,pass_bh_up,69.0,0.0
36.82641786901109,733.1882230602895,118033.73299905623,0.41568032622176787,50.84444996483633,10.00237688164017,89.9766422946851,16.41655733390298,37.0,33.0,2500.0,798.0868366460725,0.005033213120028313,-50.34444996483633,pass_bh_down,69.0,0.0
73.65283573802218,733.1882230602895,236067.46599811246,0.41568032622176787,12.127910173320508,10.637807580790172,11.853772280851643,15.668705681812648,37.0,33.0,2500.0,1133.8430722915218,0.0020871120708411627,-11.627910173320508,pass_halo_up,69.0,0.0
18.413208934505544,733.1882230602895,236067.46599811246,0.41568032622176787,55.69423318221076,9.993392073515718,99.70290931316961,15.867875971231724,37.0,33.0,2500.0,319.2273654126986,0.018809485125465646,-55.19423318221076,pass_halo_down,69.0,0.0
36.82641786901109,733.1882230602895,236067.46599811246,0.8313606524435357,25.923904227960975,9.767871699680498,40.39918408718214,16.39335128023464,37.0,33.0,2500.0,721.7715609047451,0.011586064266629809,-25.423904227960975,pass_ml_up,69.0,0.0
36.82641786901109,733.1882230602895,236067.46599811246,0.20784016311088394,12.228170393142335,9.6846301939443,13.100288187674021,16.418418578212204,37.0,33.0,2500.0,700.1791142412104,0.01455546461492618,-11.728170393142335,pass_ml_down,69.0,0.0
21.4336705930089,2835.6367384413047,939072.4992804725,0.6576612455107645,12.32069863765248,10.92276711555188,11.923584127505563,15.545450601961033,37.0,33.0,2500.0,1280.4037471023448,0.004705638398693378,-11.82069863765248,pass_full,70.0,0.0
0.0,2835.6367384413047,939072.4992804725,0.6576612455107645,16.701571133259186,22.99400724354551,7.131807288169721,16.175786274322316,37.0,33.0,2500.0,96.45348586403118,0.0720492926203131,-16.201571133259186,pass_bh_only,70.0,0.0
21.4336705930089,2835.6367384413047,0.0,0.6576612455107645,32.89622683119955,10.670913688870636,53.356261662023165,15.570529524192104,37.0,33.0,2500.0,1287.0916471119156,0.0017907016086042109,-32.39622683119955,pass_halo_only,70.0,0.0
21.4336705930089,2835.6367384413047,1500000.0,0.6576612455107645,12.163317364117699,10.55448545953808,12.019886324482218,15.606735320946205,37.0,33.0,2500.0,1219.1357426557242,0.006630367960353021,-11.663317364117699,pass_bh_up,70.0,0.0
21.4336705930089,2835.6367384413047,469536.24964023626,0.6576612455107645,12.293804639789563,10.735142475927795,12.077074857533404,15.647364318180786,37.0,33.0,2500.0,1277.3236556565048,0.0032835813366042985,-11.793804639789563,pass_bh_down,70.0,0.0
42.8673411860178,2835.6367384413047,939072.4992804725,0.6576612455107645,12.653400266589099,10.933142088231202,12.585956755563698,15.261587396723975,37.0,33.0,2500.0,1416.8774774012966,0.004754891651774538,-12.153400266589099,pass_halo_up,70.0,0.0
10.71683529650445,2835.6367384413047,939072.4992804725,0.6576612455107645,11.884655400248686,10.066206539466487,11.985600789080221,16.412788416506018,37.0,33.0,2500.0,873.4895649567935,0.006076765190182459,-11.384655400248686,pass_halo_down,70.0,0.0
21.4336705930089,2835.6367384413047,939072.4992804725,1.315322491021529,12.372290284187951,10.913375160678193,12.03745579133549,15.540236697240525,37.0,33.0,2500.0,1262.7053036643701,0.005243551072914797,-11.872290284187951,pass_ml_up,70.0,0.0
21.4336705930089,2835.6367384413047,939072.4992804725,0.3288306227553823,18.108568799024077,10.907613169799308,23.5162871844098,15.546376367491723,37.0,33.0,2500.0,1281.1369175214932,0.005127639868960716,-17.608568799024077,pass_ml_down,70.0,0.0
18.27866666197592,4233.415658977306,518648.8367913316,0.718938014202978,12.308024637849394,10.862907280556255,11.96958195642478,15.405852155460783,37.0,33.0,2500.0,1294.2013200682454,0.006624349546160693,-11.808024637849394,pass_full,71.0,0.0
0.0,4233.415658977306,518648.8367913316,0.718938014202978,12.513670094437686,13.40791225783462,9.494122410685454,16.503433140385855,37.0,33.0,2500.0,107.55218623072821,0.050579652933602635,-12.013670094437686,pass_bh_only,71.0,0.0
18.27866666197592,4233.415658977306,0.0,0.718938014202978,24.25485008691828,10.965150964013429,35.7532524305507,15.252189859936596,37.0,33.0,2500.0,1342.8071428851615,0.003738005481176687,-23.75485008691828,pass_halo_only,71.0,0.0
18.27866666197592,4233.415658977306,1037297.6735826632,0.718938014202978,12.721862459751648,11.176231205616888,12.449622416493709,15.284827991491824,37.0,33.0,2500.0,1365.3450219419433,0.003317574617448388,-12.221862459751648,pass_bh_up,71.0,0.0
18.27866666197592,4233.415658977306,259324.4183956658,0.718938014202978,24.37463727569224,11.052303438731514,35.8949587637653,15.257193758367757,37.0,33.0,2500.0,1330.1706131243864,0.0039143437909696845,-23.87463727569224,pass_bh_down,71.0,0.0
36.55733332395184,4233.415658977306,518648.8367913316,0.718938014202978,13.11974313993076,11.33062867685296,13.079448360241216,15.047990303910392,37.0,33.0,2500.0,1518.7084018470375,0.0026260997279703552,-12.61974313993076,pass_halo_up,71.0,0.0
9.13933333098796,4233.415658977306,518648.8367913316,0.718938014202978,11.960619874249726,10.382400340036902,11.795022092497327,16.016370066705026,37.0,33.0,2500.0,984.6803284941238,0.004792041052454266,-11.460619874249726,pass_halo_down,71.0,0.0
18.27866666197592,4233.415658977306,518648.8367913316,1.437876028405956,24.234013146988957,10.931030575202154,35.747473548066075,15.33010933261075,37.0,33.0,2500.0,1334.872480437926,0.0038001164465892513,-23.734013146988957,pass_ml_up,71.0,0.0
18.27866666197592,4233.415658977306,518648.8367913316,0.359469007101489,12.527453449628558,10.98477854523194,12.2734601459401,15.35093668587958,37.0,33.0,2500.0,1339.5536201047491,0.0037096851984285903,-12.027453449628558,pass_ml_down,71.0,0.0
98.76799372710697,3013.494621239773,1399055.1914998833,0.7344104347623137,13.878725998380629,11.961797978636008,13.89422297833982,14.900032398375467,37.0,33.0,2500.0,1555.2569508041772,0.003261650863751295,-13.378725998380629,pass_full,72.0,0.0
0.0,3013.494621239773,1399055.1914998833,0.7344104347623137,13.76966435754108,15.899416999247318,9.231535676371397,15.878741305304409,37.0,33.0,2500.0,88.19509750278871,0.0885477535599232,-13.26966435754108,pass_bh_only,72.0,0.0
98.76799372710697,3013.494621239773,0.0,0.7344104347623137,13.653078578462335,11.817298108287249,13.604986895887867,14.898588607585989,37.0,33.0,2500.0,1487.0093647382348,0.0028498776575213497,-13.153078578462335,pass_halo_only,72.0,0.0
98.76799372710697,3013.494621239773,1500000.0,0.7344104347623137,13.7888370526932,11.928061482671247,13.750928204509488,14.944339870102255,37.0,33.0,2500.0,1535.1128454080379,0.00390008005732221,-13.2888370526932,pass_bh_up,72.0,0.0
98.76799372710697,3013.494621239773,699527.5957499417,0.7344104347623137,13.91182324808978,12.122311658103836,13.780663164969466,14.89291858009136,37.0,33.0,2500.0,1561.2411666423818,0.0025556982401982132,-13.41182324808978,pass_bh_down,72.0,0.0
100.0,3013.494621239773,1399055.1914998833,0.7344104347623137,13.878277046493992,11.942969625248477,13.914083047794797,14.911668357181913,37.0,33.0,2500.0,1561.960121767685,0.003231556244998529,-13.378277046493992,pass_halo_up,72.0,0.0
49.383996863553485,3013.494621239773,1399055.1914998833,0.7344104347623137,12.780010848948317,10.840934500368837,12.948331445373814,15.071201819605747,37.0,33.0,2500.0,1382.9189241372546,0.007434049548218758,-12.280010848948317,pass_halo_down,72.0,0.0
98.76799372710697,3013.494621239773,1399055.1914998833,1.4688208695246274,13.862200409186165,11.981889322845955,13.838229612630977,14.913744844164258,37.0,33.0,2500.0,1572.1113366458217,0.002195254768076243,-13.362200409186165,pass_ml_up,72.0,0.0
98.76799372710697,3013.494621239773,1399055.1914998833,0.36720521738115686,13.849682464721187,11.980266981055658,13.815123174887656,14.910099601246218,37.0,33.0,2500.0,1572.7248127134806,0.0023175270433872354,-13.349682464721187,pass_ml_down,72.0,0.0
18.637860367360826,4163.046963643532,903607.242392887,0.6964515430746269,12.041170617635581,10.547097961031955,11.789154849511503,15.432526171886671,37.0,33.0,2500.0,1169.3390841031096,0.010389328330843033,-11.541170617635581,pass_full,73.0,0.0
0.0,4163.046963643532,903607.242392887,0.6964515430746269,18.785893039757546,18.805953182155136,15.992462661185149,16.297405065147867,37.0,33.0,2500.0,101.37445339770046,0.07719662171528305,-18.285893039757546,pass_bh_only,73.0,0.0
18.637860367360826,4163.046963643532,0.0,0.6964515430746269,33.099225476861456,10.974970367864833,53.43099439271072,15.25216290240311,37.0,33.0,2500.0,1373.32470652314,0.0014839469102484659,-32.599225476861456,pass_halo_only,73.0,0.0
18.637860367360826,4163.046963643532,1500000.0,0.6964515430746269,33.20437596223095,11.00681370022618,53.60364571076039,15.316398143778807,37.0,33.0,2500.0,1367.8745696391518,0.0016895682867970744,-32.70437596223095,pass_bh_up,73.0,0.0
18.637860367360826,4163.046963643532,451803.6211964435,0.6964515430746269,12.261414056972118,10.79998253220656,11.95203618416196,15.236779991172122,37.0,33.0,2500.0,1221.818216822714,0.008986752519963705,-11.761414056972118,pass_bh_down,73.0,0.0
37.27572073472165,4163.046963643532,903607.242392887,0.6964515430746269,13.063889001121362,11.233322370872175,13.076022024995195,15.075019526897668,37.0,33.0,2500.0,1500.0238804805406,0.0027222168709337604,-12.563889001121362,pass_halo_up,73.0,0.0
9.318930183680413,4163.046963643532,903607.242392887,0.6964515430746269,11.669167184841038,10.308901606485874,11.293949420519152,16.035343882398887,37.0,33.0,2500.0,975.8982529161594,0.0097471267463078,-11.169167184841038,pass_halo_down,73.0,0.0
18.637860367360826,4163.046963643532,903607.242392887,1.3929030861492537,12.43285524422777,11.106275346375684,11.948342671737727,15.340950135787404,37.0,33.0,2500.0,1353.7536747519484,0.0037676567203936986,-11.93285524422777,pass_ml_up,73.0,0.0
18.637860367360826,4163.046963643532,903607.242392887,0.34822577153731343,12.413993567614913,10.841163496828523,12.207892037028225,15.340088857997022,37.0,33.0,2500.0,1301.15578167882,0.00739037585153474,-11.913993567614913,pass_ml_down,73.0,0.0
88.31578431355727,3218.737130969868,166071.13332685953,1.247988958405766,13.71282473257355,11.860409757265614,13.676185543428337,14.897148397891373,37.0,33.0,2500.0,1510.5483184505836,0.0025649407840957496,-13.21282473257355,pass_full,74.0,0.0
0.0,3218.737130969868,166071.13332685953,1.247988958405766,48.172803332887284,43.25744557479372,47.33256434799605,16.904910219324268,37.0,33.0,2500.0,122.98989762298794,0.037644939577403745,-47.672803332887284,pass_bh_only,74.0,0.0
88.31578431355727,3218.737130969868,0.0,1.247988958405766,13.748923750351578,11.875751426022742,13.730523788352887,14.918879744717152,37.0,33.0,2500.0,1489.0919006114957,0.0025270653464033225,-13.248923750351578,pass_halo_only,74.0,0.0
88.31578431355727,3218.737130969868,332142.26665371907,1.247988958405766,13.765713718625198,11.948065537796403,13.683464226323347,14.904361062125645,37.0,33.0,2500.0,1525.0160089685985,0.002891765603759663,-13.265713718625198,pass_bh_up,74.0,0.0
88.31578431355727,3218.737130969868,83035.56666342977,1.247988958405766,13.71460998759684,11.842823436475296,13.699676993905461,14.890451232925209,37.0,33.0,2500.0,1509.4562154284467,0.0026694606058501797,-13.21460998759684,pass_bh_down,74.0,0.0
100.0,3218.737130969868,166071.13332685953,1.247988958405766,13.71077026505467,11.977822274531166,13.54180438735789,14.851868553144497,37.0,33.0,2500.0,1489.2373126063392,0.0024083420391011567,-13.21077026505467,pass_halo_up,74.0,0.0
44.15789215677864,3218.737130969868,166071.13332685953,1.247988958405766,12.9339808593558,11.215428853509318,12.836190260303344,15.07759054762749,37.0,33.0,2500.0,1503.9994859049448,0.0015779974853599359,-12.4339808593558,pass_halo_down,74.0,0.0
88.31578431355727,3218.737130969868,166071.13332685953,2.0,13.699994459637082,11.858761695702784,13.652467032458091,14.894039523927484,37.0,33.0,2500.0,1514.9159780860014,0.0025026357506429996,-13.199994459637082,pass_ml_up,74.0,0.0
88.31578431355727,3218.737130969868,166071.13332685953,0.623994479202883,13.704816816385149,11.862797557074,13.65757688074395,14.894363205131611,37.0,33.0,2500.0,1504.1451671527543,0.002846029801578577,-13.204816816385149,pass_ml_down,74.0,0.0
73.78938540906925,3728.5299787591157,1388839.103850861,1.8122828533617246,13.793282218218005,11.844906112080997,13.850966026746427,15.01322137275944,37.0,33.0,2500.0,1533.3582680032914,0.0032643497658339216,-13.293282218218005,pass_full,75.0,0.0
0.0,3728.5299787591157,1388839.103850861,1.8122828533617246,8.197783682644225,8.229367772797467,6.671861622059786,16.395681933039768,37.0,33.0,2500.0,104.82970004539884,0.06000449490802878,-7.697783682644225,pass_bh_only,75.0,0.0
73.78938540906925,3728.5299787591157,0.0,1.8122828533617246,13.66349232314181,11.73416389149155,13.717549619662513,14.947291893308872,37.0,33.0,2500.0,1481.0134987223967,0.0034051458764465564,-13.16349232314181,pass_halo_only,75.0,0.0
73.78938540906925,3728.5299787591157,1500000.0,1.8122828533617246,13.735242468322326,11.883228060755712,13.692707574506748,14.98721470258984,37.0,33.0,2500.0,1508.3062053897847,0.0036946866500260737,-13.235242468322326,pass_bh_up,75.0,0.0
73.78938540906925,3728.5299787591157,694419.5519254305,1.8122828533617246,13.913274307882807,12.088298479026793,13.819250739278338,14.973786200088709,37.0,33.0,2500.0,1542.945397742843,0.003312720803811564,-13.413274307882807,pass_bh_down,75.0,0.0
100.0,3728.5299787591157,1388839.103850861,1.8122828533617246,13.700316111519065,11.890296913239268,13.619703986130425,14.829646028101664,37.0,33.0,2500.0,1433.0298523905296,0.0021094686005311432,-13.200316111519065,pass_halo_up,75.0,0.0
36.89469270453463,3728.5299787591157,1388839.103850861,1.8122828533617246,10.845369555503645,9.684252690028671,10.375776677181111,15.076410785203612,37.0,33.0,2500.0,780.3892217921442,0.025734597543133803,-10.345369555503645,pass_halo_down,75.0,0.0
73.78938540906925,3728.5299787591157,1388839.103850861,2.0,13.732848876535634,11.848621927430631,13.726831202513845,14.983584853461826,37.0,33.0,2500.0,1544.2310370198259,0.002513153675916248,-13.232848876535634,pass_ml_up,75.0,0.0
73.78938540906925,3728.5299787591157,1388839.103850861,0.9061414266808623,13.748139897281403,11.850282331832585,13.754689920510838,15.012019565909153,37.0,33.0,2500.0,1534.5393893516514,0.0033405413901184213,-13.248139897281403,pass_ml_down,75.0,0.0
91.06654834113064,4643.494104921749,1197472.8680510495,0.9283978240331565,15.820333557870336,12.136293910022456,17.581229314274264,14.918572777560563,37.0,33.0,2500.0,1392.2335493704056,0.003963539799779396,-15.320333557870336,pass_full,76.0,0.0
0.0,4643.494104921749,1197472.8680510495,0.9283978240331565,7.903838816839012,7.537423110508295,6.862514310597587,16.305734572847523,37.0,33.0,2500.0,101.29644772982799,0.07104290447990247,-7.403838816839012,pass_bh_only,76.0,0.0
91.06654834113064,4643.494104921749,0.0,0.9283978240331565,13.817309479549992,12.068925059412354,13.649679846023734,14.95276353325926,37.0,33.0,2500.0,1403.5448593600674,0.003175945362305197,-13.317309479549992,pass_halo_only,76.0,0.0
91.06654834113064,4643.494104921749,1500000.0,0.9283978240331565,14.005075355501786,12.358179807865925,13.703858070558587,14.855004243645087,37.0,33.0,2500.0,1438.5749862794132,0.0032909688944853005,-13.505075355501786,pass_bh_up,76.0,0.0
91.06654834113064,4643.494104921749,598736.4340255248,0.9283978240331565,13.941493950376781,12.235251148178161,13.713482063988334,14.889400130660782,37.0,33.0,2500.0,1454.7171672835896,0.0028371141967650313,-13.441493950376781,pass_bh_down,76.0,0.0
100.0,4643.494104921749,1197472.8680510495,0.9283978240331565,13.97284559249968,12.277190894834094,13.727804967321626,14.934182074503768,37.0,33.0,2500.0,1427.396903874892,0.0022689544888090303,-13.47284559249968,pass_halo_up,76.0,0.0
45.53327417056532,4643.494104921749,1197472.8680510495,0.9283978240331565,13.230769846298092,11.408088879147769,13.21148603420742,15.15248219836196,37.0,33.0,2500.0,1442.0083282670603,0.004465627947641695,-12.730769846298092,pass_halo_down,76.0,0.0
91.06654834113064,4643.494104921749,1197472.8680510495,1.856795648066313,13.967549664181885,12.140615017603485,13.870845653389383,14.917615622825934,37.0,33.0,2500.0,1396.6287449325312,0.003730902769308022,-13.467549664181885,pass_ml_up,76.0,0.0
91.06654834113064,4643.494104921749,1197472.8680510495,0.46419891201657826,13.90899367774701,12.173067404937402,13.717496074794516,14.912718280399659,37.0,33.0,2500.0,1411.2439015265802,0.0024068826058932192,-13.40899367774701,pass_ml_down,76.0,0.0
19.990974858672907,2808.1621489298554,894570.1772375412,1.0847052069499432,12.369117834802863,10.81573218190109,12.137092354702972,15.655638661450729,37.0,33.0,2500.0,1258.1555288094676,0.0033097751851866625,-11.869117834802863,pass_full,77.0,0.0
0.0,2808.1621489298554,894570.1772375412,1.0847052069499432,19.23735762891231,24.10014353828325,10.966330276549485,16.071393465599638,37.0,33.0,2500.0,93.51201175267121,0.08989888726679028,-18.73735762891231,pass_bh_only,77.0,0.0
19.990974858672907,2808.1621489298554,0.0,1.0847052069499432,32.832756575399394,10.613029421442436,53.29070379049067,15.686620296797626,37.0,33.0,2500.0,1253.3946328266734,0.0016673893099057888,-32.332756575399394,pass_halo_only,77.0,0.0
19.990974858672907,2808.1621489298554,1500000.0,1.0847052069499432,12.038977850446717,10.548357308683501,11.775466027419718,15.692938803343326,37.0,33.0,2500.0,1173.9174762261998,0.007512337500243049,-11.538977850446717,pass_bh_up,77.0,0.0
19.990974858672907,2808.1621489298554,447285.0886187706,1.0847052069499432,12.201898984310784,10.664480117288088,11.970605447388536,15.709588861030479,37.0,33.0,2500.0,1221.566216270615,0.004060156585936975,-11.701898984310784,pass_bh_down,77.0,0.0
39.98194971734581,2808.1621489298554,894570.1772375412,1.0847052069499432,12.211302106032461,10.78717026645413,11.866420329349324,15.228768270811768,37.0,33.0,2500.0,1298.785177781688,0.007404085977549101,-11.711302106032461,pass_halo_up,77.0,0.0
9.995487429336453,2808.1621489298554,894570.1772375412,1.0847052069499432,11.747475834032365,10.106858387821639,11.66243697761305,16.51922443550458,37.0,33.0,2500.0,846.7661911919041,0.007240256133051327,-11.247475834032365,pass_halo_down,77.0,0.0
19.990974858672907,2808.1621489298554,894570.1772375412,2.0,12.335000359872833,10.75493717590496,12.137377848845778,15.643879231212722,37.0,33.0,2500.0,1247.634579964548,0.003761327288935911,-11.835000359872833,pass_ml_up,77.0,0.0
19.990974858672907,2808.1621489298554,894570.1772375412,0.5423526034749716,32.949405195435396,10.803990182150239,53.31135184992248,15.63849511173742,37.0,33.0,2500.0,1266.067761308764,0.0015672060987627831,-32.449405195435396,pass_ml_down,77.0,0.0
26.802359926614606,1569.512745796947,587054.4787039545,1.2635047292816093,11.882577823107711,10.248997761768731,11.791696131994168,15.911246783857967,37.0,33.0,2500.0,979.3037192049364,0.006287108166467863,-11.382577823107711,pass_full,78.0,0.0
0.0,1569.512745796947,587054.4787039545,1.2635047292816093,16.409813940744222,14.548436003893281,16.002365275263998,16.677533861355634,37.0,33.0,2500.0,114.59519543840666,0.06167767588144378,-15.909813940744222,pass_bh_only,78.0,0.0
26.802359926614606,1569.512745796947,0.0,1.2635047292816093,11.910874651439986,10.283553125141403,11.809672332632845,15.907074387923211,37.0,33.0,2500.0,1029.9794447344882,0.0023983179679878852,-11.410874651439986,pass_halo_only,78.0,0.0
26.802359926614606,1569.512745796947,1174108.957407909,1.2635047292816093,11.765710630755825,10.27041984314626,11.53243608659389,15.96097657587462,37.0,33.0,2500.0,988.6607658212046,0.008011039487192891,-11.265710630755825,pass_bh_up,78.0,0.0
26.802359926614606,1569.512745796947,293527.23935197724,1.2635047292816093,11.914290658481812,10.345849541270994,11.743812182940337,16.000948395741855,37.0,33.0,2500.0,1007.952185819768,0.005498598009660654,-11.414290658481812,pass_bh_down,78.0,0.0
53.60471985322921,1569.512745796947,587054.4787039545,1.2635047292816093,12.412973784205994,10.881721325845557,12.161490395704678,15.303397643055279,37.0,33.0,2500.0,1353.1849833542606,0.003519880042654763,-11.912973784205994,pass_halo_up,78.0,0.0
13.401179963307303,1569.512745796947,587054.4787039545,1.2635047292816093,11.902275332996595,10.31220904994874,11.7479951008027,16.314598803182587,37.0,33.0,2500.0,570.7166103677738,0.012884360007735364,-11.402275332996595,pass_halo_down,78.0,0.0
26.802359926614606,1569.512745796947,587054.4787039545,2.0,12.011449541750443,10.46463969583381,11.807864730487145,15.904464903602603,37.0,33.0,2500.0,1029.1842159893417,0.0033339211544254413,-11.511449541750443,pass_ml_up,78.0,0.0
26.802359926614606,1569.512745796947,587054.4787039545,0.6317523646408046,12.023473372630498,10.460655677799926,11.837276280093747,15.874865271922031,37.0,33.0,2500.0,1008.677157615916,0.0042349065441526345,-11.523473372630498,pass_ml_down,78.0,0.0
78.7010687108339,4113.639620188569,240439.17775913503,0.5134258570492591,13.680645713355718,12.031211399623787,13.42218212073401,14.835785311174417,37.0,33.0,2500.0,1487.0878505795747,0.002442138432644381,-13.180645713355718,pass_full,79.0,0.0
0.0,4113.639620188569,240439.17775913503,0.5134258570492591,15.537827317484115,19.279786462475503,8.967522872231463,16.216249058719956,37.0,33.0,2500.0,97.63276926462169,0.06883239026131877,-15.037827317484115,pass_bh_only,79.0,0.0
78.7010687108339,4113.639620188569,0.0,0.5134258570492591,13.632121288123727,11.955584536008939,13.408359435261659,14.887515820200356,37.0,33.0,2500.0,1467.2682675311553,0.0034551965213166125,-13.132121288123727,pass_halo_only,79.0,0.0
78.7010687108339,4113.639620188569,480878.35551827005,0.5134258570492591,13.634387889094798,11.95358103431754,13.417512167107182,14.809200895970605,37.0,33.0,2500.0,1479.8445905952096,0.0020649175326672713,-13.134387889094798,pass_bh_up,79.0,0.0
78.7010687108339,4113.639620188569,120219.58887956751,0.5134258570492591,13.646742500549266,11.962426675183126,13.430282492054376,14.875895816681574,37.0,33.0,2500.0,1474.2028785891987,0.0034154672563069476,-13.146742500549266,pass_bh_down,79.0,0.0
100.0,4113.639620188569,240439.17775913503,0.5134258570492591,34.558429434262045,12.271928342639272,54.90635308944116,14.885342032085463,37.0,33.0,2500.0,1469.4282534403947,0.0017787767775725675,-34.058429434262045,pass_halo_up,79.0,0.0
39.35053435541695,4113.639620188569,240439.17775913503,0.5134258570492591,29.533075321720965,11.356825438483428,45.877615984355145,15.019102525976889,37.0,33.0,2500.0,1534.522332348244,0.003286225855072309,-29.033075321720965,pass_halo_down,79.0,0.0
78.7010687108339,4113.639620188569,240439.17775913503,1.0268517140985183,13.714192822951999,12.090994595567613,13.422598420876081,14.824178389919972,37.0,33.0,2500.0,1490.9311909890414,0.003265486102843937,-13.214192822951999,pass_ml_up,79.0,0.0
78.7010687108339,4113.639620188569,240439.17775913503,0.25671292852462957,13.68519638733622,12.06461401590254,13.394277006459536,14.821101762631516,37.0,33.0,2500.0,1486.5565284380089,0.0025866717355703945,-13.18519638733622,pass_ml_down,79.0,0.0
30.312820536829467,1172.4254030334728,1113596.240966792,1.1747568638266428,11.954246818460069,10.174139118844167,12.010415258145523,16.193439102328114,37.0,33.0,2500.0,873.9150938898997,0.007509213792282335,-11.454246818460069,pass_full,80.0,0.0
0.0,1172.4254030334728,1113596.240966792,1.1747568638266428,25.107471820319276,33.83391193965779,11.784030537735376,16.365390628467132,37.0,33.0,2500.0,103.70783353794194,0.05613956453288565,-24.607471820319276,pass_bh_only,80.0,0.0
30.312820536829467,1172.4254030334728,0.0,1.1747568638266428,12.794670270871997,10.01217911874358,13.876609822686328,16.06948633539074,37.0,33.0,2500.0,907.7350809552439,0.005731035134548702,-12.294670270871997,pass_halo_only,80.0,0.0
30.312820536829467,1172.4254030334728,1500000.0,1.1747568638266428,16.53263653397576,10.043041152064538,21.316177601768647,16.12762775764639,37.0,33.0,2500.0,876.084478403912,0.008114717738298737,-16.03263653397576,pass_bh_up,80.0,0.0
30.312820536829467,1172.4254030334728,556798.120483396,1.1747568638266428,61.79466578973198,10.248592409942482,111.61195525823973,16.055499432527956,37.0,33.0,2500.0,918.3050035388716,0.00467276349376854,-61.29466578973198,pass_bh_down,80.0,0.0
60.62564107365893,1172.4254030334728,1113596.240966792,1.1747568638266428,32.975060946487076,10.924260239993393,53.23490826168941,15.404420952640754,37.0,33.0,2500.0,1252.9684971717347,0.003341110818916522,-32.475060946487076,pass_halo_up,80.0,0.0
15.156410268414733,1172.4254030334728,1113596.240966792,1.1747568638266428,15.20276726582871,10.111373653164783,18.57841649749664,16.174069960208474,37.0,33.0,2500.0,443.9103253459844,0.014553230917746367,-14.70276726582871,pass_halo_down,80.0,0.0
30.312820536829467,1172.4254030334728,1113596.240966792,2.0,11.820161992755503,9.981462394617052,11.958766572033399,16.177286043930398,37.0,33.0,2500.0,847.751487665312,0.008819011246216285,-11.320161992755503,pass_ml_up,80.0,0.0
30.312820536829467,1172.4254030334728,1113596.240966792,0.5873784319133214,11.755880411223465,10.124337278975391,11.668136235127557,16.239132059449584,37.0,33.0,2500.0,863.7080844616246,0.010166140122639408,-11.255880411223465,pass_ml_down,80.0,0.0
57.53829120263565,1943.982902764463,1222491.767901343,0.6704101323172125,12.700559697359552,11.12633889306063,12.465865163353811,15.188850591811299,37.0,33.0,2500.0,1436.382305481897,0.0023150320974644105,-12.200559697359552,pass_full,81.0,0.0
0.0,1943.982902764463,1222491.767901343,0.6704101323172125,43.53406971317289,59.469475812603356,19.894663883051596,16.354087862385395,37.0,33.0,2500.0,104.04018478216881,0.05061907213738492,-43.03406971317289,pass_bh_only,81.0,0.0
57.53829120263565,1943.982902764463,0.0,0.6704101323172125,33.20547646372824,10.9631107467448,53.65868989169111,15.189582550698402,37.0,33.0,2500.0,1448.4489916481978,0.0016367964672374456,-32.70547646372824,pass_halo_only,81.0,0.0
57.53829120263565,1943.982902764463,1500000.0,0.6704101323172125,12.606755314369634,11.066100124056755,12.347158082279341,15.143929443077722,37.0,33.0,2500.0,1383.9291241293813,0.005634979370656561,-12.106755314369634,pass_bh_up,81.0,0.0
57.53829120263565,1943.982902764463,611245.8839506715,0.6704101323172125,12.70645216817184,11.06344818363162,12.54836681358119,15.182155456792215,37.0,33.0,2500.0,1440.3334957132122,0.0030959664343198994,-12.20645216817184,pass_bh_down,81.0,0.0
100.0,1943.982902764463,1222491.767901343,0.6704101323172125,13.416876831865515,11.544342317047198,13.432400035834696,15.104003989833016,37.0,33.0,2500.0,1519.209346033133,0.0026410736058520724,-12.916876831865515,pass_halo_up,81.0,0.0
28.769145601317824,1943.982902764463,1222491.767901343,0.6704101323172125,32.1433846242703,10.14249990934666,52.438711685762975,15.71340292583541,37.0,33.0,2500.0,1024.3619672517113,0.013561800261497472,-31.643384624270297,pass_halo_down,81.0,0.0
57.53829120263565,1943.982902764463,1222491.767901343,1.340820264634425,12.59276091543144,11.061743214542581,12.322524907091388,15.194399546383535,37.0,33.0,2500.0,1393.9992389529805,0.005450437401141656,-12.09276091543144,pass_ml_up,81.0,0.0
57.53829120263565,1943.982902764463,1222491.767901343,0.33520506615860624,12.603784315645019,11.024881567884112,12.38676481739867,15.16590784670316,37.0,33.0,2500.0,1392.9117570609897,0.004363349160850788,-12.103784315645019,pass_ml_down,81.0,0.0
20.433802273315475,3027.1772462580175,0.0,0.3642827223749291,12.165351240760796,10.597184803166488,11.978736472457765,15.519040581946037,37.0,33.0,2500.0,1276.8352869665066,0.0028215406472776932,-11.665351240760796,pass_full,82.0,0.0
0.0,3027.1772462580175,0.0,0.3642827223749291,1528.079198077869,1381.5510557964276,1381.5510557964278,4144.653167389282,37.0,33.0,2500.0,2443.1816257469827,0.0007845285625566507,-1527.579198077869,pass_bh_only,82.0,0.0
20.433802273315475,3027.1772462580175,0.0,0.3642827223749291,12.18502201932683,10.593972178905835,12.021845028456045,15.513596717005042,37.0,33.0,2500.0,1277.3295958270455,0.0031062095245193,-11.68502201932683,pass_halo_only,82.0,0.0
20.433802273315475,3027.1772462580175,0.0,0.3642827223749291,12.201810456462777,10.601319718898061,12.047142841752596,15.514946749479709,37.0,33.0,2500.0,1274.5636685338627,0.003897468621108993,-11.701810456462777,pass_bh_up,82.0,0.0
20.433802273315475,3027.1772462580175,0.0,0.3642827223749291,32.83841148452743,10.600851572968619,53.320811727021955,15.516862787245564,37.0,33.0,2500.0,1288.826873212452,0.0015889836331568201,-32.33841148452743,pass_bh_down,82.0,0.0
40.86760454663095,3027.1772462580175,0.0,0.3642827223749291,12.662118563440833,11.039870948892014,12.48802630567933,15.11973199067236,37.0,33.0,2500.0,1458.1558169193775,0.003103977784271389,-12.162118563440833,pass_halo_up,82.0,0.0
10.216901136657738,3027.1772462580175,0.0,0.3642827223749291,16.812530642941816,9.998608993462783,21.920562499044717,16.29992720756214,37.0,33.0,2500.0,887.7034381277501,0.004348628957735855,-16.312530642941816,pass_halo_down,82.0,0.0
20.433802273315475,3027.1772462580175,0.0,0.7285654447498582,12.20018744035121,10.598063435172334,12.047360447063992,15.521129208691908,37.0,33.0,2500.0,1274.7193765949455,0.003866850337733604,-11.70018744035121,pass_ml_up,82.0,0.0
20.433802273315475,3027.1772462580175,0.0,0.2,32.84250219053255,10.594228380885369,53.33634649178397,15.519260253518164,37.0,33.0,2500.0,1289.9214133103287,0.0016100921172738085,-32.34250219053255,pass_ml_down,82.0,0.0
91.02732776679917,4164.015759956856,1154.3068942610407,0.25367687060647093,34.42188039811828,12.063800267028478,54.86689874456705,14.875837825039538,37.0,33.0,2500.0,1493.8775373437097,0.001615167117371966,-33.92188039811828,pass_full,83.0,0.0
0.0,4164.015759956856,1154.3068942610407,0.25367687060647093,797.280517084755,822.1275705725177,672.2831371486302,16.450490505857488,37.0,33.0,2500.0,141.2556360227701,0.046877641169360704,-796.780517084755,pass_bh_only,83.0,0.0
91.02732776679917,4164.015759956856,0.0,0.25367687060647093,34.41240512941899,12.065473164820236,54.846490022651224,14.86206069581551,37.0,33.0,2500.0,1499.4755688072237,0.0017025423390727504,-33.91240512941899,pass_halo_only,83.0,0.0
91.02732776679917,4164.015759956856,2308.6137885220814,0.25367687060647093,34.42337267687016,12.072155196107197,54.860456697068535,14.877783414202842,37.0,33.0,2500.0,1491.3290548185,0.0015712113659739199,-33.92337267687016,pass_bh_up,83.0,0.0
91.02732776679917,4164.015759956856,577.1534471305204,0.25367687060647093,34.431712837423824,12.067272766971895,54.882718117893766,14.87425700151765,37.0,33.0,2500.0,1497.5701376304735,0.0015948252300053017,-33.931712837423824,pass_bh_down,83.0,0.0
100.0,4164.015759956856,1154.3068942610407,0.25367687060647093,34.4446045339838,12.091891262132652,54.87942988270287,14.922736414828316,37.0,33.0,2500.0,1440.1861965919595,0.0017922078648025174,-33.9446045339838,pass_halo_up,83.0,0.0
45.51366388339959,4164.015759956856,1154.3068942610407,0.25367687060647093,33.917621013572685,11.563271248444044,54.41594854517706,14.99564871252392,37.0,33.0,2500.0,1527.0250489914786,0.0018293471971805534,-33.417621013572685,pass_halo_down,83.0,0.0
91.02732776679917,4164.015759956856,1154.3068942610407,0.5073537412129419,34.39866905966573,12.04206401186829,54.84468665853489,14.881129767159928,37.0,33.0,2500.0,1490.314094488878,0.002166145861863525,-33.89866905966573,pass_ml_up,83.0,0.0
91.02732776679917,4164.015759956856,1154.3068942610407,0.2,34.42746438691667,12.074240002238033,54.8665703626674,14.868947485668405,37.0,33.0,2500.0,1495.6867868932716,0.0021337904554266274,-33.92746438691667,pass_ml_down,83.0,0.0
17.511154174804688,4777.659961698922,1031825.1505343155,0.2,12.58570589611879,11.014121323374445,12.360369195111458,15.241916740307632,37.0,33.0,2500.0,1402.7972779760585,0.0027683876821345764,-12.08570589611879,pass_full,84.0,0.0
0.0,4777.659961698922,1031825.1505343155,0.2,30.898981585962225,47.741715083436404,7.789121728001309,15.848309562316462,37.0,33.0,2500.0,88.44344752257864,0.0805906913199229,-30.398981585962225,pass_bh_only,84.0,0.0
17.511154174804688,4777.659961698922,0.0,0.2,12.604276496179947,11.050367236998646,12.357108251677355,15.234088673573712,37.0,33.0,2500.0,1392.9271016479706,0.0029639148346514333,-12.104276496179947,pass_halo_only,84.0,0.0
17.511154174804688,4777.659961698922,1500000.0,0.2,12.323367318423262,10.853630701621611,12.014050628062302,15.294236329879741,37.0,33.0,2500.0,1299.3595141238702,0.008215396864437223,-11.823367318423262,pass_bh_up,84.0,0.0
17.511154174804688,4777.659961698922,515912.57526715775,0.2,12.601420739923796,11.084273400552126,12.313711964369904,15.223158190334825,37.0,33.0,2500.0,1403.299440709716,0.002556021613482818,-12.101420739923796,pass_bh_down,84.0,0.0
35.022308349609375,4777.659961698922,1031825.1505343155,0.2,13.103204342652258,11.351053309843003,13.022349084039664,15.084994377548883,37.0,33.0,2500.0,1483.7351137559167,0.004930852173886614,-12.603204342652258,pass_halo_up,84.0,0.0
8.755577087402344,4777.659961698922,1031825.1505343155,0.2,12.020534046746976,10.353057252220227,11.948736985180787,15.983808242185876,37.0,33.0,2500.0,1063.9866790986964,0.004848506181424077,-11.520534046746976,pass_halo_down,84.0,0.0
17.511154174804688,4777.659961698922,1031825.1505343155,0.4,12.546310517672582,10.98690791905529,12.312879367653233,15.215882028788299,37.0,33.0,2500.0,1399.8991348719676,0.0026234454482647177,-12.046310517672582,pass_ml_up,84.0,0.0
17.511154174804688,4777.659961698922,1031825.1505343155,0.2,12.398055708304913,10.825155861457542,12.196399353276869,15.259731216058281,37.0,33.0,2500.0,1332.1718791981532,0.006621223844515537,-11.898055708304913,pass_ml_down,84.0,0.0
73.13677542250737,2776.4524921088832,723446.0761148718,1.9896985861055783,14.343690830355774,11.668436605830516,15.15014864281867,14.996535174736108,37.0,33.0,2500.0,1510.2460558269456,0.003350409840706463,-13.843690830355774,pass_full,85.0,0.0
0.0,2776.4524921088832,723446.0761148718,1.9896985861055783,40.86920508042885,55.64386072216875,18.8394389461508,16.84320336508246,37.0,33.0,2500.0,120.10382043724573,0.039402068893602184,-40.36920508042885,pass_bh_only,85.0,0.0
73.13677542250737,2776.4524921088832,0.0,1.9896985861055783,14.091197296863378,11.694501933148416,14.61759748217821,14.941733154610821,37.0,33.0,2500.0,1537.0417460324584,0.002659125563746521,-13.591197296863378,pass_halo_only,85.0,0.0
73.13677542250737,2776.4524921088832,1446892.1522297435,1.9896985861055783,13.3930045232238,11.481662441219788,13.45690145981205,15.039040033840775,37.0,33.0,2500.0,1513.5241382242816,0.0032431023131686294,-12.8930045232238,pass_bh_up,85.0,0.0
73.13677542250737,2776.4524921088832,361723.0380574359,1.9896985861055783,14.222844798483802,11.816373445847113,14.743965939648712,14.951063195180009,37.0,33.0,2500.0,1541.6519543072634,0.00325195433131291,-13.722844798483802,pass_bh_down,85.0,0.0
100.0,2776.4524921088832,723446.0761148718,1.9896985861055783,13.886001624605347,12.096330718578852,13.757914447144268,14.900693880774709,37.0,33.0,2500.0,1578.8161829064334,0.002774497376935894,-13.386001624605347,pass_halo_up,85.0,0.0
36.568387711253685,2776.4524921088832,723446.0761148718,1.9896985861055783,12.539272628162415,10.986920945956848,12.2979690806504,15.242938796853478,37.0,33.0,2500.0,1432.0130357807345,0.001996294940606831,-12.039272628162415,pass_halo_down,85.0,0.0
73.13677542250737,2776.4524921088832,723446.0761148718,2.0,14.149120008480567,11.671723523277013,14.757223706683305,14.999767877919082,37.0,33.0,2500.0,1513.5206273184845,0.0034385589512344297,-13.649120008480567,pass_ml_up,85.0,0.0
73.13677542250737,2776.4524921088832,723446.0761148718,0.9948492930527891,14.129230246329179,11.650695340197307,14.74056176269746,15.014930501409493,37.0,33.0,2500.0,1508.8599653691463,0.0034090699893506255,-13.629230246329179,pass_ml_down,85.0,0.0
91.02732776679917,4099.667371284981,0.0,0.2911644072752484,13.823959832650848,12.059866406158184,13.675857315099563,14.863000528816915,37.0,33.0,2500.0,1485.9280913499822,0.003340158427391206,-13.323959832650848,pass_full,86.0,0.0
0.0,4099.667371284981,0.0,0.2911644072752484,1528.079198077869,1381.5510557964276,1381.5510557964278,4144.653167389282,37.0,33.0,2500.0,2476.596311662985,0.0004599525903553399,-1527.579198077869,pass_bh_only,86.0,0.0
91.02732776679917,4099.667371284981,0.0,0.2911644072752484,13.798791947690972,12.061590437077308,13.623373594874264,14.870093744893012,37.0,33.0,2500.0,1489.4848608167347,0.0022043510627776743,-13.298791947690972,pass_halo_only,86.0,0.0
91.02732776679917,4099.667371284981,0.0,0.2911644072752484,13.790285779610558,12.07088767375033,13.59630495783591,14.85795391694959,37.0,33.0,2500.0,1492.1378846095813,0.0020031285761400405,-13.290285779610558,pass_bh_up,86.0,0.0
91.02732776679917,4099.667371284981,0.0,0.2911644072752484,13.84883085749648,12.073924271014311,13.709698156261497,14.867599410609252,37.0,33.0,2500.0,1490.436317205362,0.003316854032441101,-13.34883085749648,pass_bh_down,86.0,0.0
100.0,4099.667371284981,0.0,0.2911644072752484,13.84453446866401,12.123622129103909,13.644220515836587,14.905979132372828,37.0,33.0,2500.0,1440.7461712713957,0.002995496199564887,-13.34453446866401,pass_halo_up,86.0,0.0
45.51366388339959,4099.667371284981,0.0,0.2911644072752484,13.28328862020139,11.536156308420178,13.17788730162367,14.988984568164113,37.0,33.0,2500.0,1514.12347280691,0.0028754340925474745,-12.78328862020139,pass_halo_down,86.0,0.0
91.02732776679917,4099.667371284981,0.0,0.5823288145504968,13.81141974142579,12.060727213025702,13.649766302467647,14.86450807071894,37.0,33.0,2500.0,1484.1788370581908,0.0028864999899698225,-13.31141974142579,pass_ml_up,86.0,0.0
91.02732776679917,4099.667371284981,0.0,0.2,13.799910944164385,12.07558046317386,13.610288257361441,14.858132684489245,37.0,33.0,2500.0,1496.3814627663364,0.0019471518271381484,-13.299910944164385,pass_ml_down,86.0,0.0
100.0,2187.8268952070794,956520.1667877564,0.2,13.530725461356257,11.719131036267516,13.467219444558413,15.00179043718737,37.0,33.0,2500.0,1501.407364524665,0.0037268369784152233,-13.030725461356257,pass_full,87.0,0.0
0.0,2187.8268952070794,956520.1667877564,0.2,7.7595321396811086,7.330353915293684,6.8106084945293635,16.155946033617617,37.0,33.0,2500.0,96.37733865507491,0.06242769046501289,-7.2595321396811086,pass_bh_only,87.0,0.0
100.0,2187.8268952070794,0.0,0.2,14.333352683958053,11.946987158165985,14.818529444743117,14.951280612567034,37.0,33.0,2500.0,1540.3492510523122,0.003190006612367923,-13.833352683958053,pass_halo_only,87.0,0.0
100.0,2187.8268952070794,1500000.0,0.2,13.780859761291175,11.536695238295914,14.168882938132834,15.105883469885004,37.0,33.0,2500.0,1492.7270495579048,0.003287771813464461,-13.280859761291175,pass_bh_up,87.0,0.0
100.0,2187.8268952070794,478260.0833938782,0.2,13.728577727813141,11.860149438157412,13.70593866619873,14.964624839285273,37.0,33.0,2500.0,1535.578270774373,0.0033580998595275618,-13.228577727813141,pass_bh_down,87.0,0.0
100.0,2187.8268952070794,956520.1667877564,0.2,13.576529763253141,11.726871183745144,13.550267003808106,14.997919450469787,37.0,33.0,2500.0,1506.4687819402202,0.003807560087348977,-13.076529763253141,pass_halo_up,87.0,0.0
50.0,2187.8268952070794,956520.1667877564,0.2,12.35259579591602,10.876099247309801,12.046200249627221,15.331042142296779,37.0,33.0,2500.0,1326.3357565587578,0.007085074699941908,-11.85259579591602,pass_halo_down,87.0,0.0
100.0,2187.8268952070794,956520.1667877564,0.4,13.5901527968082,11.725015543538555,13.579167659119912,15.011976727457629,37.0,33.0,2500.0,1501.346557394106,0.0034828034189509044,-13.0901527968082,pass_ml_up,87.0,0.0
100.0,2187.8268952070794,956520.1667877564,0.2,13.824019716548646,11.734286798418069,14.0369498831393,14.997343607145408,37.0,33.0,2500.0,1501.7376468204723,0.003436736397711873,-13.324019716548646,pass_ml_down,87.0,0.0
44.764580637159604,2939.662374090686,0.0,1.1543148497521962,12.691374020060088,11.043943710517755,12.541820036331018,15.124706835885286,37.0,33.0,2500.0,1463.3292424658162,0.0017029603369598761,-12.191374020060088,pass_full,88.0,0.0
0.0,2939.662374090686,0.0,1.1543148497521962,1528.079198077869,1381.5510557964276,1381.5510557964278,4144.653167389282,37.0,33.0,2500.0,2129.6654737852386,0.001071791012288756,-1527.579198077869,pass_bh_only,88.0,0.0
44.764580637159604,2939.662374090686,0.0,1.1543148497521962,12.705982477884668,11.049776067964165,12.565012360596384,15.107721126033596,37.0,33.0,2500.0,1474.3672157055087,0.0018530332746623235,-12.205982477884668,pass_halo_only,88.0,0.0
44.764580637159604,2939.662374090686,0.0,1.1543148497521962,12.698206481579424,11.026079096281006,12.57527649947586,15.132576739141511,37.0,33.0,2500.0,1460.6419556429462,0.0019369019460657494,-12.198206481579424,pass_bh_up,88.0,0.0
44.764580637159604,2939.662374090686,0.0,1.1543148497521962,12.671045339631675,11.014303062673832,12.534253096464548,15.129426913428489,37.0,33.0,2500.0,1455.8005695765519,0.00166025606902338,-12.171045339631675,pass_bh_down,88.0,0.0
89.52916127431921,2939.662374090686,0.0,1.1543148497521962,14.750584369132145,11.910514820942725,15.69362443044752,14.959913783072697,37.0,33.0,2500.0,1528.1298433425304,0.003237884169851575,-14.250584369132145,pass_halo_up,88.0,0.0
22.382290318579802,2939.662374090686,0.0,1.1543148497521962,12.265478276409771,10.652323944444579,12.119506275395691,15.441873210537413,37.0,33.0,2500.0,1256.390119093265,0.0034312501860328326,-11.765478276409771,pass_halo_down,88.0,0.0
44.764580637159604,2939.662374090686,0.0,2.0,12.691234597470299,11.034230721191927,12.552503901024046,15.12231801514524,37.0,33.0,2500.0,1460.4329160710186,0.0017185555131577735,-12.191234597470299,pass_ml_up,88.0,0.0
44.764580637159604,2939.662374090686,0.0,0.5771574248760981,12.67058307613602,11.02143954366964,12.52522168751069,15.13290422134808,37.0,33.0,2500.0,1455.5089403411744,0.0015872943457599425,-12.17058307613602,pass_ml_down,88.0,0.0
76.22222720229249,2262.7012184738537,947055.1730517971,0.2,13.252068545684898,11.404207915093046,13.259769481049648,15.108438282121687,37.0,33.0,2500.0,1506.931431443548,0.0028020841769877155,-12.752068545684898,pass_full,89.0,0.0
0.0,2262.7012184738537,947055.1730517971,0.2,9.871916193455752,10.45929921814441,7.523454930145272,16.278385001942553,37.0,33.0,2500.0,100.7392338896614,0.07108023292136903,-9.371916193455752,pass_bh_only,89.0,0.0
76.22222720229249,2262.7012184738537,0.0,0.2,33.85179053106403,11.411471020571305,54.45342999081179,15.030557592299724,37.0,33.0,2500.0,1525.6444592638547,0.0015198601195773387,-33.35179053106403,pass_halo_only,89.0,0.0
76.22222720229249,2262.7012184738537,1500000.0,0.2,12.93033760018238,11.084780426756026,12.976465804905377,15.042034260186588,37.0,33.0,2500.0,1339.546132005938,0.009271725268194054,-12.43033760018238,pass_bh_up,89.0,0.0
76.22222720229249,2262.7012184738537,473527.58652589854,0.2,33.88522688776886,11.464073269862544,54.461111890263865,15.037571229121719,37.0,33.0,2500.0,1531.65065469855,0.0015990508900612798,-33.38522688776886,pass_bh_down,89.0,0.0
100.0,2262.7012184738537,947055.1730517971,0.2,34.209249669695126,11.82166348326312,54.709630635543355,14.99111834621104,37.0,33.0,2500.0,1538.191661644388,0.0021613971991115365,-33.709249669695126,pass_halo_up,89.0,0.0
38.11111360114624,2262.7012184738537,947055.1730517971,0.2,12.38637522793017,10.93434661730044,12.04943452325712,15.298600935790407,37.0,33.0,2500.0,1342.8269432983484,0.004884899931198218,-11.88637522793017,pass_halo_down,89.0,0.0
76.22222720229249,2262.7012184738537,947055.1730517971,0.4,13.216517509459242,11.471332848363177,13.11475209310496,15.064021162408762,37.0,33.0,2500.0,1504.3274250784714,0.0045097310240177005,-12.716517509459242,pass_ml_up,89.0,0.0
76.22222720229249,2262.7012184738537,947055.1730517971,0.2,13.274777026379311,11.458182858671389,13.245644205804618,15.076259178641042,37.0,33.0,2500.0,1523.1406123060965,0.0021535379560998387,-12.774777026379311,pass_ml_down,89.0,0.0
56.91441214205085,2129.3917513555903,115318.80569638632,0.2,12.594965810205586,10.98408271343237,12.415182796805732,15.155650781981727,37.0,33.0,2500.0,1424.183626731008,0.001919412672100324,-12.094965810205586,pass_full,90.0,0.0
0.0,2129.3917513555903,115318.80569638632,0.2,38.018722988770214,55.55044925395643,13.259751838534303,16.297284190814885,37.0,33.0,2500.0,102.07240886228408,0.07358514210828261,-37.518722988770214,pass_bh_only,90.0,0.0
56.91441214205085,2129.3917513555903,0.0,0.2,12.561289930093116,10.951933529004005,12.384541188628617,15.13373558825318,37.0,33.0,2500.0,1435.3445318788151,0.002046688207740699,-12.061289930093116,pass_halo_only,90.0,0.0
56.91441214205085,2129.3917513555903,230637.61139277264,0.2,12.634465633544028,11.055821359814011,12.413767973434917,15.154998377435085,37.0,33.0,2500.0,1424.1935225070577,0.002201159158142217,-12.134465633544028,pass_bh_up,90.0,0.0
56.91441214205085,2129.3917513555903,57659.40284819316,0.2,12.558264070552458,10.953695874896592,12.375687901144403,15.160980547522438,37.0,33.0,2500.0,1421.5789119554795,0.0019289356484922023,-12.058264070552458,pass_bh_down,90.0,0.0
100.0,2129.3917513555903,115318.80569638632,0.2,13.658069960106484,11.8437643428224,13.584298912185968,14.931472580462387,37.0,33.0,2500.0,1547.5466291726775,0.0025088219659735946,-13.158069960106484,pass_halo_up,90.0,0.0
28.457206071025425,2129.3917513555903,115318.80569638632,0.2,12.198733522525725,10.722350086949529,11.903763076449762,15.565277746722963,37.0,33.0,2500.0,1248.5749657954952,0.002427686671991469,-11.698733522525725,pass_halo_down,90.0,0.0
56.91441214205085,2129.3917513555903,115318.80569638632,0.4,12.577745759915413,10.986609693209509,12.377866841562673,15.157055734097353,37.0,33.0,2500.0,1422.1053312622214,0.0020225164243064734,-12.077745759915413,pass_ml_up,90.0,0.0
56.91441214205085,2129.3917513555903,115318.80569638632,0.2,12.570928664730433,10.983697898911611,12.367562255979138,15.154915165167457,37.0,33.0,2500.0,1425.7319351973538,0.0019891911631894315,-12.070928664730433,pass_ml_down,90.0,0.0
40.237724142074825,1490.7134571392412,169318.45159906778,0.3443774274124878,12.210207160302419,10.790709919419045,11.850190371056636,15.561123316586285,37.0,33.0,2500.0,1222.4012252494372,0.0021201238920248357,-11.710207160302419,pass_full,91.0,0.0
0.0,1490.7134571392412,169318.45159906778,0.3443774274124878,14.202807837617481,14.68461100963448,11.434112310819582,16.729003669231716,37.0,33.0,2500.0,116.15091498294562,0.05576560055253702,-13.702807837617481,pass_bh_only,91.0,0.0
40.237724142074825,1490.7134571392412,0.0,0.3443774274124878,12.14454759750409,10.681509357987323,11.84108880304827,15.568364689146048,37.0,33.0,2500.0,1225.6359918024525,0.002108559431309128,-11.64454759750409,pass_halo_only,91.0,0.0
40.237724142074825,1490.7134571392412,338636.90319813555,0.3443774274124878,12.142038230765467,10.63860197341173,11.882317413770187,15.629775559870977,37.0,33.0,2500.0,1172.5974988471128,0.004819787151082794,-11.642038230765467,pass_bh_up,91.0,0.0
40.237724142074825,1490.7134571392412,84659.22579953389,0.3443774274124878,12.186873736675416,10.72418657284222,11.87741418218398,15.584095413343983,37.0,33.0,2500.0,1214.9899227865149,0.002356631019201465,-11.686873736675416,pass_bh_down,91.0,0.0
80.47544828414965,1490.7134571392412,169318.45159906778,0.3443774274124878,12.587972055152287,11.092947886562015,12.27852577836592,15.175733151181399,37.0,33.0,2500.0,1429.3361230483736,0.001770685297593372,-12.087972055152287,pass_halo_up,91.0,0.0
20.118862071037412,1490.7134571392412,169318.45159906778,0.3443774274124878,10.794524299150554,9.222995676144306,10.763646604128583,15.987425790353786,37.0,33.0,2500.0,584.4578627578577,0.024964892319075924,-10.294524299150554,pass_halo_down,91.0,0.0
40.237724142074825,1490.7134571392412,169318.45159906778,0.6887548548249756,12.223871747041258,10.772214851210183,11.898282302661965,15.560269822101485,37.0,33.0,2500.0,1217.0199152381872,0.0028844022121320796,-11.723871747041258,pass_ml_up,91.0,0.0
40.237724142074825,1490.7134571392412,169318.45159906778,0.2,12.178879851009114,10.76501346541613,11.816275294505886,15.563487227510208,37.0,33.0,2500.0,1229.4487958486195,0.0019755493945783163,-11.678879851009114,pass_ml_down,91.0,0.0
93.78938540906925,4668.529978759116,1088839.103850861,1.4522828390566098,13.891625038313267,12.138196871430521,13.72151940468572,14.923827931117469,37.0,33.0,2500.0,1415.7818927109356,0.0032976619474473882,-13.391625038313267,pass_full,92.0,0.0
0.0,4668.529978759116,1088839.103850861,1.4522828390566098,16.640174558953653,17.47565035783788,13.191404892626753,16.33609619425744,37.0,33.0,2500.0,102.84366249541759,0.06405652988334253,-16.140174558953653,pass_bh_only,92.0,0.0
93.78938540906925,4668.529978759116,0.0,1.4522828390566098,13.872371073381743,12.12307592561358,13.699295564976408,14.945927951271226,37.0,33.0,2500.0,1415.6532460059987,0.0031837721132281366,-13.372371073381743,pass_halo_only,92.0,0.0
93.78938540906925,4668.529978759116,1500000.0,1.4522828390566098,14.143032415067978,12.265498690437443,14.082238404869743,14.902820487599657,37.0,33.0,2500.0,1427.9290747063455,0.003338983351704949,-13.643032415067978,pass_bh_up,92.0,0.0
93.78938540906925,4668.529978759116,544419.5519254305,1.4522828390566098,14.021433945981876,12.333979244274152,13.762596551938096,14.891722182702585,37.0,33.0,2500.0,1466.0288820623505,0.003225511278490298,-13.521433945981876,pass_bh_down,92.0,0.0
100.0,4668.529978759116,1088839.103850861,1.4522828390566098,14.952017166465856,12.286717833588387,15.675414542652646,14.93589323643878,37.0,33.0,2500.0,1425.5669771181133,0.003581267073995588,-14.452017166465856,pass_halo_up,92.0,0.0
46.89469270453463,4668.529978759116,1088839.103850861,1.4522828390566098,13.486390150007885,11.721034364290382,13.373922185711901,15.084046293283826,37.0,33.0,2500.0,1486.6360484441159,0.0022284699034162787,-12.986390150007885,pass_halo_down,92.0,0.0
93.78938540906925,4668.529978759116,1088839.103850861,2.0,13.994096085419265,12.118679750916463,13.948246088393866,14.927069936764887,37.0,33.0,2500.0,1410.0735752433256,0.0033782182630521353,-13.494096085419265,pass_ml_up,92.0,0.0
93.78938540906925,4668.529978759116,1088839.103850861,0.7261414195283049,15.93412745384384,12.11331439069219,17.834223077495214,14.930417940740217,37.0,33.0,2500.0,1402.490161284889,0.0036199786765110462,-15.43412745384384,pass_ml_down,92.0,0.0
51.37189607367525,4357.642161376303,1088839.103850861,1.4522828390566098,13.54046808842072,11.75468868481745,13.446070355792902,15.027090756356131,37.0,33.0,2500.0,1499.7967961250035,0.0022238935222909707,-13.04046808842072,pass_full,93.0,0.0
0.0,4357.642161376303,1088839.103850861,1.4522828390566098,34.14308985736429,50.53729681469203,11.126142615310231,16.40124213719881,37.0,33.0,2500.0,105.6154518437941,0.05776969786647176,-33.64308985736429,pass_bh_only,93.0,0.0
51.37189607367525,4357.642161376303,0.0,1.4522828390566098,13.549793976274211,11.927314721284825,13.273543632731874,14.94881786640745,37.0,33.0,2500.0,1542.1545251867472,0.0023916761965844203,-13.049793976274211,pass_halo_only,93.0,0.0
51.37189607367525,4357.642161376303,1500000.0,1.4522828390566098,13.401313849735198,11.541584083335835,13.403962443370437,15.117342367872645,37.0,33.0,2500.0,1504.9928640087114,0.0025819471672314125,-12.901313849735198,pass_bh_up,93.0,0.0
51.37189607367525,4357.642161376303,544419.5519254305,1.4522828390566098,13.586843491738987,11.934310538306402,13.34001439650654,14.941705452720422,37.0,33.0,2500.0,1542.4040417474516,0.0022223392472152,-13.086843491738987,pass_bh_down,93.0,0.0
100.0,4357.642161376303,1088839.103850861,1.4522828390566098,13.915514553967737,12.118835684832296,13.791448706972872,14.909232892971,37.0,33.0,2500.0,1423.036813966408,0.003091073453562912,-13.415514553967737,pass_halo_up,93.0,0.0
25.685948036837626,4357.642161376303,1088839.103850861,1.4522828390566098,12.558221206668462,11.08145253557238,12.23059322888321,15.21927927079441,37.0,33.0,2500.0,1415.3786965798286,0.0024148715739979233,-12.058221206668462,pass_halo_down,93.0,0.0
51.37189607367525,4357.642161376303,1088839.103850861,2.0,13.50394820128532,11.747437116368333,13.381278345335362,15.023222583135603,37.0,33.0,2500.0,1502.8425513947395,0.0023832137274885064,-13.00394820128532,pass_ml_up,93.0,0.0
51.37189607367525,4357.642161376303,1088839.103850861,0.7261414195283049,13.53216330744445,11.758921038961516,13.424146069434482,15.045879558419202,37.0,33.0,2500.0,1491.6293324944818,0.0031493565147092083,-13.03216330744445,pass_ml_down,93.0,0.0
100.0,1978.7525092649375,1063472.019402267,1.28932899260194,12.895939952344264,11.417555616189128,12.532247372107129,15.118315776188142,37.0,33.0,2500.0,1368.6400705673016,0.007384575544394009,-12.395939952344264,pass_full,94.0,0.0
0.0,1978.7525092649375,1063472.019402267,1.28932899260194,8.016712078246652,8.21594113924804,6.328506089682836,16.272474052568054,37.0,33.0,2500.0,100.33296964303909,0.05376870836363749,-7.516712078246652,pass_bh_only,94.0,0.0
100.0,1978.7525092649375,0.0,1.28932899260194,13.49997656724819,11.682560238088284,13.447732838628548,14.968540954372221,37.0,33.0,2500.0,1529.4654933653937,0.0023239106361235937,-12.99997656724819,pass_halo_only,94.0,0.0
100.0,1978.7525092649375,1500000.0,1.28932899260194,13.3826992592481,11.568900550998707,13.337123926025853,15.083741164569073,37.0,33.0,2500.0,1507.5776567778428,0.0024080919869412035,-12.8826992592481,pass_bh_up,94.0,0.0
100.0,1978.7525092649375,531736.0097011335,1.28932899260194,13.502766533171526,11.656842983821473,13.481232100858382,14.998741459600003,37.0,33.0,2500.0,1512.6964139239653,0.0022650669648854463,-13.002766533171526,pass_bh_down,94.0,0.0
100.0,1978.7525092649375,1063472.019402267,1.28932899260194,13.427241827880469,11.604584346462541,13.387048734825452,15.05573157175695,37.0,33.0,2500.0,1511.5728314414728,0.0022779285125579455,-12.927241827880469,pass_halo_up,94.0,0.0
50.0,1978.7525092649375,1063472.019402267,1.28932899260194,12.514297992008217,11.02937542757631,12.203075535620751,15.155283976734166,37.0,33.0,2500.0,1401.0439175895162,0.0030424513797427436,-12.014297992008217,pass_halo_down,94.0,0.0
100.0,1978.7525092649375,1063472.019402267,2.0,13.430953164757787,11.603434400438328,13.395289091430865,15.071296040577604,37.0,33.0,2500.0,1506.5434955074575,0.0025510961377431846,-12.930953164757787,pass_ml_up,94.0,0.0
100.0,1978.7525092649375,1063472.019402267,0.64466449630097,13.410065142818185,11.604497892509468,13.353400647275176,15.035656043069277,37.0,33.0,2500.0,1512.6116400356775,0.0023765846151429424,-12.910065142818185,pass_ml_down,94.0,0.0
36.781789857918916,2312.9485795294786,205991.9979080917,0.7356540456131329,14.474038803506387,11.021811452707588,16.12847228166796,15.239951986198548,37.0,33.0,2500.0,1370.5071526215652,0.0036922731703669665,-13.974038803506387,pass_full,95.0,0.0
0.0,2312.9485795294786,205991.9979080917,0.7356540456131329,63.35494933369839,90.49632085492125,24.740702533216005,16.619600795877407,37.0,33.0,2500.0,113.63007171276622,0.05888540291694878,-62.85494933369839,pass_bh_only,95.0,0.0
36.781789857918916,2312.9485795294786,0.0,0.7356540456131329,14.557388669438804,10.963539110207927,16.36029985179359,15.246809996079339,37.0,33.0,2500.0,1366.014269332388,0.00362496985935807,-14.057388669438804,pass_halo_only,95.0,0.0
36.781789857918916,2312.9485795294786,411983.9958161834,0.7356540456131329,14.593398017095696,11.04404297787443,16.342769576292728,15.22328292930247,37.0,33.0,2500.0,1364.303357409652,0.0036153962441336633,-14.093398017095696,pass_bh_up,95.0,0.0
36.781789857918916,2312.9485795294786,102995.99895404585,0.7356540456131329,14.630871984065141,11.028686274726411,16.434544000395043,15.23620677038554,37.0,33.0,2500.0,1367.1989591281579,0.0035499977061320335,-14.130871984065141,pass_bh_down,95.0,0.0
73.56357971583783,2312.9485795294786,205991.9979080917,0.7356540456131329,13.126074470464594,11.3621272628267,13.057343104709691,15.029883870655542,37.0,33.0,2500.0,1505.228459683352,0.001655178987072953,-12.626074470464594,pass_halo_up,95.0,0.0
18.390894928959458,2312.9485795294786,205991.9979080917,0.7356540456131329,12.037092852675764,10.474743255360913,11.84759794087904,15.911895779238366,37.0,33.0,2500.0,1053.434016510517,0.002358225596196384,-11.537092852675764,pass_halo_down,95.0,0.0
36.781789857918916,2312.9485795294786,205991.9979080917,1.4713080912262657,14.222162818847698,11.024755051552589,15.621222395968271,15.24647006954938,37.0,33.0,2500.0,1367.6627666903075,0.0038652126219889844,-13.722162818847698,pass_ml_up,95.0,0.0
36.781789857918916,2312.9485795294786,205991.9979080917,0.36782702280656643,14.162405154096565,11.004280192437223,15.524978422761254,15.236085099075053,37.0,33.0,2500.0,1363.8960632086962,0.0037504617855914826,-13.662405154096565,pass_ml_down,95.0,0.0
100.0,2650.2345194679524,1291732.125,1.6157162440068524,28.511820544927968,11.88184527527499,43.24747448057554,14.985222921078257,37.0,33.0,2500.0,1542.1281284022011,0.0031872352213342106,-28.011820544927968,pass_full,96.0,0.0
0.0,2650.2345194679524,1291732.125,1.6157162440068524,36.2663523998296,41.533705832367424,25.47819484292,16.05171277479878,37.0,33.0,2500.0,93.23491028940208,0.07882138180380704,-35.7663523998296,pass_bh_only,96.0,0.0
100.0,2650.2345194679524,0.0,1.6157162440068524,34.38137848587346,11.94731802300232,54.914302861090455,14.948218800578795,37.0,33.0,2500.0,1571.2068709651778,0.0017127771154819833,-33.88137848587346,pass_halo_only,96.0,0.0
100.0,2650.2345194679524,1500000.0,1.6157162440068524,13.562751950870874,11.802272727151982,13.438345455191834,14.992137831523385,37.0,33.0,2500.0,1491.0587504969508,0.003821111844824771,-13.062751950870874,pass_bh_up,96.0,0.0
100.0,2650.2345194679524,645866.0625,1.6157162440068524,34.390416237370395,12.032378564829838,54.837573778283485,14.92953008438704,37.0,33.0,2500.0,1575.0472354987955,0.002082536997358826,-33.890416237370395,pass_bh_down,96.0,0.0
100.0,2650.2345194679524,1291732.125,1.6157162440068524,13.365120239950501,11.752015650204902,13.103048438987623,14.872758292560578,37.0,33.0,2500.0,1401.6233457295746,0.008905076346649558,-12.865120239950501,pass_halo_up,96.0,0.0
50.0,2650.2345194679524,1291732.125,1.6157162440068524,12.795561542758678,11.042807790538834,12.750296170885823,15.163399932903612,37.0,33.0,2500.0,1452.4297495795934,0.0032426219806881633,-12.295561542758678,pass_halo_down,96.0,0.0
100.0,2650.2345194679524,1291732.125,2.0,13.705759246271727,11.856029563389425,13.664704907538892,14.971754459741714,37.0,33.0,2500.0,1535.7124402324266,0.0030330797615431555,-13.205759246271727,pass_ml_up,96.0,0.0
100.0,2650.2345194679524,1291732.125,0.8078581220034262,13.633904476873349,11.811701922592512,13.570734189545252,14.970496082724647,37.0,33.0,2500.0,1525.8379099662607,0.003727195067723539,-13.133904476873349,pass_ml_down,96.0,0.0
84.15895685341101,4651.898891836531,236550.7632245787,1.406017896046825,13.960156395184036,12.099139673480657,13.903445149630489,14.888464225556044,37.0,33.0,2500.0,1444.6071825201627,0.0027704951829270663,-13.460156395184036,pass_full,97.0,0.0
0.0,4651.898891836531,236550.7632245787,1.406017896046825,61.40365276005637,90.2244788174673,21.151466232902507,16.336980231645963,37.0,33.0,2500.0,104.11682235888357,0.05866826385337415,-60.90365276005637,pass_bh_only,97.0,0.0
84.15895685341101,4651.898891836531,0.0,1.406017896046825,13.826449489318394,12.028135167488301,13.714503283208886,14.926056752053587,37.0,33.0,2500.0,1430.8863294700545,0.0033359691826497463,-13.326449489318394,pass_halo_only,97.0,0.0
84.15895685341101,4651.898891836531,473101.5264491574,1.406017896046825,19.672924943243096,12.0051695420569,25.433964196261172,14.900954721319689,37.0,33.0,2500.0,1413.2411723962496,0.0037484950091278583,-19.172924943243096,pass_bh_up,97.0,0.0
84.15895685341101,4651.898891836531,118275.38161228935,1.406017896046825,20.02298817742356,12.121251392303254,26.004113557700983,14.89517079060248,37.0,33.0,2500.0,1438.7863913327603,0.003512315803173412,-19.52298817742356,pass_bh_down,97.0,0.0
100.0,4651.898891836531,236550.7632245787,1.406017896046825,13.969036988954029,12.184250790972856,13.823604950592477,14.960198635418685,37.0,33.0,2500.0,1417.7454400351514,0.0031791905576186237,-13.469036988954029,pass_halo_up,97.0,0.0
42.079478426705506,4651.898891836531,236550.7632245787,1.406017896046825,13.320849022887943,11.710341193761142,13.057167413077677,15.006886709878458,37.0,33.0,2500.0,1502.4340060642328,0.0019171486357949285,-12.820849022887943,pass_halo_down,97.0,0.0
84.15895685341101,4651.898891836531,236550.7632245787,2.0,13.84988119904531,12.096903145091964,13.685004200994564,14.901604135766648,37.0,33.0,2500.0,1437.7825046474434,0.003324162554930344,-13.34988119904531,pass_ml_up,97.0,0.0
84.15895685341101,4651.898891836531,236550.7632245787,0.7030089480234125,13.947989060055296,12.084274705791497,13.895286255656604,14.904667412695877,37.0,33.0,2500.0,1442.6780098005959,0.0031706165978069877,-13.447989060055296,pass_ml_down,97.0,0.0
62.12084076681529,1247.1641743035916,546127.168553969,1.1998078873752778,12.189562431328435,10.787030735006551,11.820281745689083,15.321685664694758,37.0,33.0,2500.0,1301.6738562703815,0.005617286580844899,-11.689562431328435,pass_full,98.0,0.0
0.0,1247.1641743035916,546127.168553969,1.1998078873752778,16.2513374510653,17.395425812757217,12.503248066181284,16.35033051431037,37.0,33.0,2500.0,101.73720394171768,0.07089877261841548,-15.7513374510653,pass_bh_only,98.0,0.0
62.12084076681529,1247.1641743035916,0.0,1.1998078873752778,12.297460805309933,10.924213882176996,11.883547724034552,15.279424616766455,37.0,33.0,2500.0,1346.1576190492478,0.0023667217124231903,-11.797460805309933,pass_halo_only,98.0,0.0
62.12084076681529,1247.1641743035916,1092254.337107938,1.1998078873752778,12.275203713299732,10.888437524869524,11.877980832593714,15.31788918201745,37.0,33.0,2500.0,1309.0959340458624,0.00255040695455019,-11.775203713299732,pass_bh_up,98.0,0.0
62.12084076681529,1247.1641743035916,273063.5842769845,1.1998078873752778,12.294439509461736,10.94465588483112,11.85371010144784,15.308306537944425,37.0,33.0,2500.0,1332.0479636402342,0.0019326799756832216,-11.794439509461736,pass_bh_down,98.0,0.0
100.0,1247.1641743035916,546127.168553969,1.1998078873752778,12.748458541865105,11.23109008495229,12.445000105255334,15.16292714643638,37.0,33.0,2500.0,1454.9479325015004,0.0016122158227228366,-12.248458541865105,pass_halo_up,98.0,0.0
31.060420383407646,1247.1641743035916,546127.168553969,1.1998078873752778,11.914564228723503,10.291081574625728,11.803608004975507,16.072156670407427,37.0,33.0,2500.0,989.3991421907302,0.0048398388843385,-11.414564228723503,pass_halo_down,98.0,0.0
62.12084076681529,1247.1641743035916,546127.168553969,2.0,12.28345644123454,10.874613597049013,11.907364461782075,15.404394791857355,37.0,33.0,2500.0,1327.7361257016844,0.003782084196614916,-11.78345644123454,pass_ml_up,98.0,0.0
62.12084076681529,1247.1641743035916,546127.168553969,0.5999039436876389,12.245349670165822,10.886867813688905,11.817997293560344,15.385058436963536,37.0,33.0,2500.0,1343.4334867222503,0.003312757493348399,-11.745349670165822,pass_ml_down,98.0,0.0
43.79838119736656,2509.512745796947,975851.926157909,0.9542544639217307,12.4954060342787,10.98627927453428,12.210304444214643,15.264418445542656,37.0,33.0,2500.0,1395.4718037840305,0.0031946233140854197,-11.9954060342787,pass_full,99.0,0.0
0.0,2509.512745796947,975851.926157909,0.9542544639217307,9.23182543728483,8.771634112685721,8.139285675842862,16.15358938861285,37.0,33.0,2500.0,96.50979671714579,0.06171729537963357,-8.73182543728483,pass_bh_only,99.0,0.0
43.79838119736656,2509.512745796947,0.0,0.9542544639217307,12.446693245735743,10.929053258842377,12.178924429528989,15.20227746693451,37.0,33.0,2500.0,1419.3882725716103,0.0017781287930514604,-11.946693245735743,pass_halo_only,99.0,0.0
43.79838119736656,2509.512745796947,1500000.0,0.9542544639217307,12.005319178242827,10.67823078593182,11.577359350770946,15.203668109107634,37.0,33.0,2500.0,1152.8090771848658,0.01020147790660516,-11.505319178242827,pass_bh_up,99.0,0.0
43.79838119736656,2509.512745796947,487925.9630789545,0.9542544639217307,12.516642591044368,11.04043884611656,12.195751212828517,15.142383679274564,37.0,33.0,2500.0,1415.2555253620133,0.0018109675533169714,-12.016642591044368,pass_bh_down,99.0,0.0
87.59676239473312,2509.512745796947,975851.926157909,0.9542544639217307,13.524272216250706,11.742568708900166,13.42769887362904,15.01286121348215,37.0,33.0,2500.0,1496.5067330683223,0.002917531320191888,-13.024272216250706,pass_halo_up,99.0,0.0
21.89919059868328,2509.512745796947,975851.926157909,0.9542544639217307,12.230409135482926,10.692001266426725,11.996960624427539,15.703255477975597,37.0,33.0,2500.0,1184.9611492674474,0.004285690668227289,-11.730409135482926,pass_halo_down,99.0,0.0
43.79838119736656,2509.512745796947,975851.926157909,1.9085089278434615,12.562193302174231,11.080812507230837,12.238691572797778,15.23787327363132,37.0,33.0,2500.0,1433.222736718098,0.0020032728192331535,-12.062193302174231,pass_ml_up,99.0,0.0
43.79838119736656,2509.512745796947,975851.926157909,0.4771272319608654,12.369986830252245,10.880402593283959,12.079300937157054,15.227303918958729,37.0,33.0,2500.0,1331.7092432586785,0.007617102970252705,-11.869986830252245,pass_ml_down,99.0,0.0
55.88376671133248,2576.3009144362486,102018.87619309995,0.2,12.970139476102192,11.178722527335106,12.95055705474255,15.04808910484165,37.0,33.0,2500.0,1540.4929886598609,0.0016610985810588436,-12.470139476102192,pass_full,100.0,0.0
0.0,2576.3009144362486,102018.87619309995,0.2,47.725348517494936,74.98600974128287,10.879347858451688,16.372162398293476,37.0,33.0,2500.0,104.58888655181158,0.06870241482327893,-47.225348517494936,pass_bh_only,100.0,0.0
55.88376671133248,2576.3009144362486,0.0,0.2,12.972776508394462,11.194844774727773,12.938174461050385,15.034235674444195,37.0,33.0,2500.0,1538.7158197016481,0.0018047749601861232,-12.472776508394462,pass_halo_only,100.0,0.0
55.88376671133248,2576.3009144362486,204037.7523861999,0.2,12.999072146018836,11.24361453804901,12.935339488752998,15.058820600580932,37.0,33.0,2500.0,1522.3613035758713,0.0021931056720632183,-12.499072146018836,pass_bh_up,100.0,0.0
55.88376671133248,2576.3009144362486,51009.43809654997,0.2,12.96722934864807,11.177498645449523,12.94629869687246,15.04183013234865,37.0,33.0,2500.0,1526.2495107743496,0.0017788295984054975,-12.46722934864807,pass_bh_down,100.0,0.0
100.0,2576.3009144362486,102018.87619309995,0.2,13.733019768492518,12.000657454734704,13.559157517241779,14.902780826343562,37.0,33.0,2500.0,1566.504355840545,0.0019851566427075275,-13.233019768492518,pass_halo_up,100.0,0.0
27.94188335566624,2576.3009144362486,102018.87619309995,0.2,12.51816072962955,10.889846454152082,12.361425217512773,15.347257174001584,37.0,33.0,2500.0,1325.5980542780728,0.0029200934030693083,-12.01816072962955,pass_halo_down,100.0,0.0
55.88376671133248,2576.3009144362486,102018.87619309995,0.4,12.957780931932945,11.162594029787243,12.943781368927377,15.052777230843141,37.0,33.0,2500.0,1532.4983699979023,0.0018862407233348568,-12.457780931932945,pass_ml_up,100.0,0.0
55.88376671133248,2576.3009144362486,102018.87619309995,0.2,12.942119886011515,11.140239968170611,12.937195757338435,15.063573662279222,37.0,33.0,2500.0,1529.8290515708882,0.002108941481607096,-12.442119886011515,pass_ml_down,100.0,0.0
36.180716583791494,5000.0,303511.8711964435,0.4725715799150657,13.218856245567942,11.567428623703984,13.01280787500469,15.026993255282166,37.0,33.0,2500.0,1511.1048829800027,0.0021037716573261865,-12.718856245567942,pass_full,101.0,0.0
0.0,5000.0,303511.8711964435,0.4725715799150657,53.70596425148599,71.89136824317548,26.3017352223648,16.65575326254394,37.0,33.0,2500.0,115.03457090609052,0.06261450275824439,-53.20596425148599,pass_bh_only,101.0,0.0
36.180716583791494,5000.0,0.0,0.4725715799150657,13.15389241581079,11.475669196701354,12.986255522570064,15.010706920749925,37.0,33.0,2500.0,1496.5193880382685,0.0017794981151110132,-12.65389241581079,pass_halo_only,101.0,0.0
36.180716583791494,5000.0,607023.742392887,0.4725715799150657,13.20789013660556,11.573765008647136,12.983068312802875,15.050189373527996,37.0,33.0,2500.0,1495.8308421013892,0.001944059733283626,-12.70789013660556,pass_bh_up,101.0,0.0
36.180716583791494,5000.0,151755.93559822175,0.4725715799150657,13.199331932221451,11.537740180359105,13.007578509541265,15.009430038466785,37.0,33.0,2500.0,1496.5186451747202,0.0020019821069786987,-12.699331932221451,pass_bh_down,101.0,0.0
72.36143316758299,5000.0,303511.8711964435,0.4725715799150657,13.712752187589496,11.990752017353328,13.530424277958769,14.879818566194347,37.0,33.0,2500.0,1443.732851971369,0.0020229965027607553,-13.212752187589496,pass_halo_up,101.0,0.0
18.090358291895747,5000.0,303511.8711964435,0.4725715799150657,12.638762880738113,11.082063683492134,12.390564458265954,15.233366716730346,37.0,33.0,2500.0,1375.5155078004657,0.0035580689020181843,-12.138762880738113,pass_halo_down,101.0,0.0
36.180716583791494,5000.0,303511.8711964435,0.9451431598301314,13.225589840796918,11.561691860114452,13.032596408748537,15.030649179660095,37.0,33.0,2500.0,1512.6110104953377,0.0020333377345828968,-12.725589840796918,pass_ml_up,101.0,0.0
36.180716583791494,5000.0,303511.8711964435,0.23628578995753285,13.169243223610279,11.526014860327836,12.960058561637048,15.02557039212551,37.0,33.0,2500.0,1495.9009637476374,0.002376028431967517,-12.669243223610279,pass_ml_down,101.0,0.0
100.0,5000.0,994034.4618010495,0.6256716446718131,14.073070037204223,12.49924633065948,13.679762882111625,14.918333111394515,37.0,33.0,2500.0,1477.0513784737434,0.0018493758350043065,-13.573070037204223,pass_full,102.0,0.0
0.0,5000.0,994034.4618010495,0.6256716446718131,12.649615817785262,16.15098847942839,6.692737758792054,16.427724194839204,37.0,33.0,2500.0,105.35173591340826,0.05930837168661676,-12.149615817785262,pass_bh_only,102.0,0.0
100.0,5000.0,0.0,0.6256716446718131,13.949218567277686,12.27347438508636,13.685304016812767,14.914840637310547,37.0,33.0,2500.0,1444.3732967668343,0.0020179322352586377,-13.449218567277686,pass_halo_only,102.0,0.0
100.0,5000.0,1500000.0,0.6256716446718131,14.035410639341343,12.440359199690683,13.670283632039007,14.924451950686151,37.0,33.0,2500.0,1466.900032734881,0.002308166002238298,-13.535410639341343,pass_bh_up,102.0,0.0
100.0,5000.0,497017.23090052477,0.6256716446718131,13.922313487058897,12.269180645308337,13.635307013273001,14.947874831469825,37.0,33.0,2500.0,1435.4885199441085,0.0018930987360379424,-13.422313487058897,pass_bh_down,102.0,0.0
100.0,5000.0,994034.4618010495,0.6256716446718131,14.066963934827934,12.495004786452716,13.671813887657589,14.934584307193147,37.0,33.0,2500.0,1459.5348884656562,0.002090295947808164,-13.566963934827934,pass_halo_up,102.0,0.0
50.0,5000.0,994034.4618010495,0.6256716446718131,13.683213869958077,11.923571602226819,13.544439755660697,14.953454198037601,37.0,33.0,2500.0,1523.2741815745376,0.002159030737730539,-13.183213869958077,pass_halo_down,102.0,0.0
100.0,5000.0,994034.4618010495,1.2513432893436263,14.047657366574365,12.483255621222094,13.646830795110297,14.919511970050582,37.0,33.0,2500.0,1466.8140956466236,0.001984054367890762,-13.547657366574365,pass_ml_up,102.0,0.0
100.0,5000.0,994034.4618010495,0.31283582233590657,14.078702139659123,12.50667872479607,13.682929160643596,14.910566098808614,37.0,33.0,2500.0,1476.2816252711666,0.0021487668572557944,-13.578702139659123,pass_ml_down,102.0,0.0
69.30566601247392,4183.852661296297,755414.8072133288,0.6280347802041757,34.4831610476985,12.118595053089285,54.92689114992388,14.913204236310152,37.0,33.0,2500.0,1569.9756283361733,0.0016436370279287308,-33.9831610476985,pass_full,103.0,0.0
0.0,4183.852661296297,755414.8072133288,0.6280347802041757,69.26400434932901,100.44564898280615,25.390874289451194,17.036423139997062,37.0,33.0,2500.0,128.99277480400636,0.0514028733214159,-68.76400434932901,pass_bh_only,103.0,0.0
69.30566601247392,4183.852661296297,0.0,0.6280347802041757,34.21388561319361,11.803043905520793,54.74195049900627,14.919459499303894,37.0,33.0,2500.0,1483.5504996688455,0.001866986360969983,-33.71388561319361,pass_halo_only,103.0,0.0
69.30566601247392,4183.852661296297,1500000.0,0.6280347802041757,13.849428512416514,11.951378377449384,13.84586045417613,14.9478868660504,37.0,33.0,2500.0,1546.7858014100561,0.0030743929425771704,-13.349428512416514,pass_bh_up,103.0,0.0
69.30566601247392,4183.852661296297,377707.4036066644,0.6280347802041757,34.335436676255654,11.917194029166529,54.857201986886515,14.914975986456447,37.0,33.0,2500.0,1498.8755759852568,0.0023968148757336997,-33.835436676255654,pass_bh_down,103.0,0.0
100.0,4183.852661296297,755414.8072133288,0.6280347802041757,34.475924707978216,12.130454664457318,54.89976277264225,14.89203664444602,37.0,33.0,2500.0,1435.3860593110146,0.0018841605619754592,-33.975924707978216,pass_halo_up,103.0,0.0
34.65283300623696,4183.852661296297,755414.8072133288,0.6280347802041757,11.719697665691076,9.952871405433134,11.824392661091963,15.038846118550051,37.0,33.0,2500.0,971.7870186667063,0.01833993943760779,-11.219697665691076,pass_halo_down,103.0,0.0
69.30566601247392,4183.852661296297,755414.8072133288,1.2560695604083514,34.47431794224343,12.120093282113208,54.90798505175422,14.89802604198869,37.0,33.0,2500.0,1573.3705480960382,0.001777472216371093,-33.97431794224343,pass_ml_up,103.0,0.0
69.30566601247392,4183.852661296297,755414.8072133288,0.31401739010208785,34.47515022491984,12.104372430124958,54.926578115524926,14.921057117762242,37.0,33.0,2500.0,1568.7848751563674,0.0018900080070807638,-33.97515022491984,pass_ml_down,103.0,0.0
72.8616267307959,2728.936112272682,1004454.8449267971,1.6399999856948853,13.075616944578519,11.109705713999421,13.23544265867961,15.16199918777668,37.0,33.0,2500.0,1277.0040062596797,0.010204361697342377,-12.575616944578519,pass_full,104.0,0.0
0.0,2728.936112272682,1004454.8449267971,1.6399999856948853,46.67588897579996,51.29539922626297,35.346977112163884,16.228656329659874,37.0,33.0,2500.0,98.33223596436532,0.05530102401893596,-46.17588897579996,pass_bh_only,104.0,0.0
72.8616267307959,2728.936112272682,0.0,1.6399999856948853,13.422986254664748,11.638978836065968,13.34081250468554,15.028063218809958,37.0,33.0,2500.0,1510.1525111870428,0.0023056222229506174,-12.922986254664748,pass_halo_only,104.0,0.0
72.8616267307959,2728.936112272682,1500000.0,1.6399999856948853,13.287587892745444,11.459499703303207,13.269094498806448,15.09919343836758,37.0,33.0,2500.0,1463.871807826384,0.0040844042465648005,-12.787587892745444,pass_bh_up,104.0,0.0
72.8616267307959,2728.936112272682,502227.42246339854,1.6399999856948853,13.419316709391785,11.686906474825518,13.278264133644601,15.076646841041779,37.0,33.0,2500.0,1489.1549890099175,0.0020740233234535703,-12.919316709391785,pass_bh_down,104.0,0.0
100.0,2728.936112272682,1004454.8449267971,1.6399999856948853,13.79120627848667,12.007885072056217,13.664934830632054,14.985017303182246,37.0,33.0,2500.0,1531.618647787937,0.0028704791438484522,-13.29120627848667,pass_halo_up,104.0,0.0
36.43081336539795,2728.936112272682,1004454.8449267971,1.6399999856948853,12.60409999127239,11.039516690771967,12.369132311518486,15.227115585304869,37.0,33.0,2500.0,1409.601607040328,0.0021266910746846517,-12.10409999127239,pass_halo_down,104.0,0.0
72.8616267307959,2728.936112272682,1004454.8449267971,2.0,13.408028885968283,11.639371833558396,13.308009382690395,15.108839003463247,37.0,33.0,2500.0,1479.3298205196882,0.0021273772823280778,-12.908028885968283,pass_ml_up,104.0,0.0
72.8616267307959,2728.936112272682,1004454.8449267971,0.8199999928474426,13.333272339599429,11.629378976597645,13.1697666045669,15.106654328741605,37.0,33.0,2500.0,1454.1128236017828,0.0048578658211378195,-12.833272339599429,pass_ml_down,104.0,0.0
82.42217151575721,5000.0,0.0,0.6230515798279725,13.793262421854674,12.064826759505557,13.606634972937487,14.937775633766169,37.0,33.0,2500.0,1411.9074849571086,0.0019665513339702273,-13.293262421854674,pass_full,105.0,0.0
0.0,5000.0,0.0,0.6230515798279725,1528.079198077869,1381.5510557964276,1381.5510557964278,4144.653167389282,37.0,33.0,2500.0,1388.5084397184182,0.0013624393054347196,-1527.579198077869,pass_bh_only,105.0,0.0
82.42217151575721,5000.0,0.0,0.6230515798279725,13.789659052927208,12.084884678458687,13.57762129223877,14.915261746344338,37.0,33.0,2500.0,1421.5453858340636,0.0022240791158110946,-13.289659052927208,pass_halo_only,105.0,0.0
82.42217151575721,5000.0,0.0,0.6230515798279725,13.766013646901065,12.06565472835626,13.551415723847509,14.930956859320839,37.0,33.0,2500.0,1406.923825466162,0.0019459081767852233,-13.266013646901065,pass_bh_up,105.0,0.0
82.42217151575721,5000.0,0.0,0.6230515798279725,13.784332133026183,12.033716168571148,13.623492976899863,14.943154304900204,37.0,33.0,2500.0,1395.6113429975123,0.003325563548061591,-13.284332133026183,pass_bh_down,105.0,0.0
100.0,5000.0,0.0,0.6230515798279725,13.955355241934864,12.286630987649465,13.682682360679173,14.919581522257962,37.0,33.0,2500.0,1446.109063079853,0.0020829032179100807,-13.455355241934864,pass_halo_up,105.0,0.0
41.21108575787861,5000.0,0.0,0.6230515798279725,13.361132696267644,11.722270665920348,13.125365710036661,14.973674883401852,37.0,33.0,2500.0,1509.3244021751784,0.0020340250805827445,-12.861132696267644,pass_halo_down,105.0,0.0
82.42217151575721,5000.0,0.0,1.246103159655945,13.78854985208473,12.060426041476674,13.60204738437768,14.940963018492088,37.0,33.0,2500.0,1403.3702135051453,0.0024684778301300165,-13.28854985208473,pass_ml_up,105.0,0.0
82.42217151575721,5000.0,0.0,0.3115257899139863,13.786686398016442,12.061315087917459,13.597569505901527,14.932850321389044,37.0,33.0,2500.0,1409.6126675889236,0.0020313892665892634,-13.286686398016442,pass_ml_down,105.0,0.0
58.85087238975516,4376.416452966307,0.0,0.2,13.66309742080858,11.809472150078639,13.632678050910396,14.93558454041362,37.0,33.0,2500.0,1519.063658192248,0.0031215703732827608,-13.16309742080858,pass_full,106.0,0.0
0.0,4376.416452966307,0.0,0.2,1528.079198077869,1381.5510557964276,1381.5510557964278,4144.653167389282,37.0,33.0,2500.0,1842.197061827373,0.0010589011522480042,-1527.579198077869,pass_bh_only,106.0,0.0
58.85087238975516,4376.416452966307,0.0,0.2,13.64969572327615,11.80007420661973,13.616056712623667,14.947300574715094,37.0,33.0,2500.0,1505.9746157228583,0.0028060896251788214,-13.14969572327615,pass_halo_only,106.0,0.0
58.85087238975516,4376.416452966307,0.0,0.2,13.677812660845676,11.816722938856184,13.65363745451963,14.946850878988155,37.0,33.0,2500.0,1514.1817211406399,0.0033009521273379403,-13.177812660845676,pass_bh_up,106.0,0.0
58.85087238975516,4376.416452966307,0.0,0.2,13.664831032429792,11.800183771884086,13.646605633124986,14.9340626875304,37.0,33.0,2500.0,1517.6548898076555,0.0031648820210303185,-13.164831032429792,pass_bh_down,106.0,0.0
100.0,4376.416452966307,0.0,0.2,13.88450312284301,12.135905020664572,13.709749494072726,14.926987038649699,37.0,33.0,2500.0,1433.8903271430024,0.002534218061138668,-13.38450312284301,pass_halo_up,106.0,0.0
29.42543619487758,4376.416452966307,0.0,0.2,12.723536052878554,11.041753076973288,12.609543854995058,15.09356842713604,37.0,33.0,2500.0,1470.641990778631,0.0016402756157919433,-12.223536052878554,pass_halo_down,106.0,0.0
58.85087238975516,4376.416452966307,0.0,0.4,13.66618402532215,11.795398828790264,13.654771399927496,14.930932808414957,37.0,33.0,2500.0,1526.399772704737,0.003003475313329062,-13.16618402532215,pass_ml_up,106.0,0.0
58.85087238975516,4376.416452966307,0.0,0.2,13.66843061060249,11.80116524141667,13.65249140846593,14.94108988797192,37.0,33.0,2500.0,1519.3921195876335,0.0029227884732775183,-13.16843061060249,pass_ml_down,106.0,0.0
36.04497258543783,5000.0,258560.3211663316,0.4046330365475672,13.204684609164802,11.558883558453232,12.9949398138411,14.99747868535115,37.0,33.0,2500.0,1502.5200734069858,0.0018400202139344003,-12.704684609164802,pass_full,107.0,0.0
0.0,5000.0,258560.3211663316,0.4046330365475672,40.90801968401116,47.25487524566876,28.32358651332164,16.820560115380296,37.0,33.0,2500.0,119.65496827550896,0.046432635802949485,-40.40801968401116,pass_bh_only,107.0,0.0
36.04497258543783,5000.0,0.0,0.4046330365475672,13.1581415989361,11.461690723592938,13.010510570225229,15.007939939411548,37.0,33.0,2500.0,1498.3030646673908,0.0018674251182205332,-12.6581415989361,pass_halo_only,107.0,0.0
36.04497258543783,5000.0,517120.6423326632,0.4046330365475672,13.15703107356657,11.47911338058703,12.98767796356968,15.043482975873916,37.0,33.0,2500.0,1495.433265248254,0.0018671798264892777,-12.65703107356657,pass_bh_up,107.0,0.0
36.04497258543783,5000.0,129280.1605831658,0.4046330365475672,13.200032221175707,11.555938061856171,12.988827034037264,15.00112618568874,37.0,33.0,2500.0,1503.3408000480347,0.0017982116989020214,-12.700032221175707,pass_bh_down,107.0,0.0
72.08994517087567,5000.0,258560.3211663316,0.4046330365475672,13.70907312245522,11.959562366604542,13.557556377888945,14.89565804734115,37.0,33.0,2500.0,1432.4703839100457,0.00317408011719854,-13.20907312245522,pass_halo_up,107.0,0.0
18.022486292718916,5000.0,258560.3211663316,0.4046330365475672,12.626919943597978,11.07918969384276,12.370806650376645,15.2100781428552,37.0,33.0,2500.0,1378.5454050226324,0.002581913899042958,-12.126919943597978,pass_halo_down,107.0,0.0
36.04497258543783,5000.0,258560.3211663316,0.8092660730951344,13.208915363572176,11.552078970343453,13.010315703230935,15.021073886435442,37.0,33.0,2500.0,1504.3950258551388,0.0017159300139948685,-12.708915363572176,pass_ml_up,107.0,0.0
36.04497258543783,5000.0,258560.3211663316,0.2023165182737836,13.199296251764103,11.545969167287826,12.997901431692362,15.021946180933332,37.0,33.0,2500.0,1495.3304334638497,0.0018906684528006564,-12.699296251764103,pass_ml_down,107.0,0.0
33.74718804684429,3748.1621489298554,704653.5678625412,0.7247051926448285,12.62106507598614,11.10597082046307,12.331532832040072,15.128791200629472,37.0,33.0,2500.0,1422.8903985482982,0.002107909695274158,-12.12106507598614,pass_full,108.0,0.0
0.0,3748.1621489298554,704653.5678625412,0.7247051926448285,26.92518552464038,38.6191559057677,10.051295128774976,16.460736863286407,37.0,33.0,2500.0,105.75289152600045,0.058507996866678756,-26.42518552464038,pass_bh_only,108.0,0.0
33.74718804684429,3748.1621489298554,0.0,0.7247051926448285,12.672255751088706,11.035995243243523,12.512845712685746,15.113147053214867,37.0,33.0,2500.0,1461.3606762516877,0.0017816020675120027,-12.172255751088706,pass_halo_only,108.0,0.0
33.74718804684429,3748.1621489298554,1409307.1357250824,0.7247051926448285,12.598891906789522,11.006905942494843,12.396923694058646,15.17286407186376,37.0,33.0,2500.0,1423.3235416910563,0.002664834397302982,-12.098891906789522,pass_bh_up,108.0,0.0
33.74718804684429,3748.1621489298554,352326.7839312706,0.7247051926448285,12.659056300028766,11.083460563111888,12.433066045672666,15.118495459560782,37.0,33.0,2500.0,1435.1613166048048,0.001788059540911669,-12.159056300028766,pass_bh_down,108.0,0.0
67.49437609368859,3748.1621489298554,704653.5678625412,0.7247051926448285,13.740558175928355,12.02482461659708,13.547102672872692,14.903940592380874,37.0,33.0,2500.0,1557.6656216583876,0.0025154942640040635,-13.240558175928355,pass_halo_up,108.0,0.0
16.873594023422147,3748.1621489298554,704653.5678625412,0.7247051926448285,12.175117393622967,10.736591914675973,11.839943504624745,15.585711483488444,37.0,33.0,2500.0,1267.6110602721235,0.005311206794535606,-11.675117393622967,pass_halo_down,108.0,0.0
33.74718804684429,3748.1621489298554,704653.5678625412,1.449410385289657,12.613971660410403,11.03484191707655,12.396066588196149,15.162781244781154,37.0,33.0,2500.0,1414.3678570436136,0.002872880056768975,-12.113971660410403,pass_ml_up,108.0,0.0
33.74718804684429,3748.1621489298554,704653.5678625412,0.36235259632241423,12.62734509359133,11.083580359798876,12.369457398181718,15.120208724472802,37.0,33.0,2500.0,1426.3549536259861,0.0027675526163390665,-12.12734509359133,pass_ml_down,108.0,0.0
25.592883759694022,2509.512745796947,287054.4787039545,0.9035047149764945,12.271520338291316,10.746416921320133,12.024965130299691,15.479066938492325,37.0,33.0,2500.0,1284.8469480646716,0.0027471933897195034,-11.771520338291316,pass_full,109.0,0.0
0.0,2509.512745796947,287054.4787039545,0.9035047149764945,47.78294559959024,75.77991731823545,10.093659076440899,16.72671927569301,37.0,33.0,2500.0,118.89543699485625,0.04993419015276598,-47.28294559959024,pass_bh_only,109.0,0.0
25.592883759694022,2509.512745796947,0.0,0.9035047149764945,12.196796461301222,10.6042915466119,12.035405108526998,15.461410639849458,37.0,33.0,2500.0,1259.3000073651358,0.002707624124833099,-11.696796461301222,pass_halo_only,109.0,0.0
25.592883759694022,2509.512745796947,574108.957407909,0.9035047149764945,11.95003676102521,10.673362756687146,11.462917457464291,15.511728133918085,37.0,33.0,2500.0,1203.105323972222,0.006945721161211562,-11.45003676102521,pass_bh_up,109.0,0.0
25.592883759694022,2509.512745796947,143527.23935197724,0.9035047149764945,12.286293601987758,10.719438743205265,12.084597348210297,15.484431741657243,37.0,33.0,2500.0,1256.0871895447392,0.004013474899545577,-11.786293601987758,pass_bh_down,109.0,0.0
51.185767519388044,2509.512745796947,287054.4787039545,0.9035047149764945,12.618464625158442,11.034018355590543,12.405915847319012,15.164763142079448,37.0,33.0,2500.0,1417.5125822641387,0.0016158306554405345,-12.118464625158442,pass_halo_up,109.0,0.0
12.796441879847011,2509.512745796947,287054.4787039545,0.9035047149764945,12.79581950425638,10.12246772549683,13.750748658705804,16.218075700247113,37.0,33.0,2500.0,878.302841262033,0.006193055676990436,-12.29581950425638,pass_halo_down,109.0,0.0
25.592883759694022,2509.512745796947,287054.4787039545,1.807009429952989,12.25338935592605,10.727991825336659,12.0095587037784,15.472562728975483,37.0,33.0,2500.0,1283.6942978084626,0.002439815284680999,-11.75338935592605,pass_ml_up,109.0,0.0
25.592883759694022,2509.512745796947,287054.4787039545,0.45175235748824727,12.264906109019888,10.733486240644446,12.026236931830098,15.478993541074814,37.0,33.0,2500.0,1278.0826297213232,0.0025051740245002965,-11.764906109019888,pass_ml_down,109.0,0.0
28.304709570427043,2033.5609894793533,193388.2252869198,1.2874020579350873,12.18963923215436,10.702654672210228,11.904933788004275,15.655151446267968,37.0,33.0,2500.0,1230.5382864568862,0.0020117570806971086,-11.68963923215436,pass_full,110.0,0.0
0.0,2033.5609894793533,193388.2252869198,1.2874020579350873,37.499356689345554,56.35815611046332,11.312323819694516,16.399079359745954,37.0,33.0,2500.0,104.79963462342654,0.0579148632535051,-36.999356689345554,pass_bh_only,110.0,0.0
28.304709570427043,2033.5609894793533,0.0,1.2874020579350873,12.146928787907182,10.64235843032034,11.886760394413209,15.666945064385054,37.0,33.0,2500.0,1241.699181783518,0.0020520285750254144,-11.646928787907182,pass_halo_only,110.0,0.0
28.304709570427043,2033.5609894793533,386776.4505738396,1.2874020579350873,12.20273403196594,10.711067535007688,11.91976533865913,15.718691138716434,37.0,33.0,2500.0,1220.660884260544,0.00198221635995449,-11.70273403196594,pass_bh_up,110.0,0.0
28.304709570427043,2033.5609894793533,96694.1126434599,1.2874020579350873,12.173381352908418,10.675696753764088,11.90287404866737,15.647545796661504,37.0,33.0,2500.0,1235.4284445964124,0.0019292503591992458,-11.673381352908418,pass_bh_down,110.0,0.0
56.60941914085409,2033.5609894793533,193388.2252869198,1.2874020579350873,12.51669565191104,10.999071063261848,12.24159059363544,15.163794095470946,37.0,33.0,2500.0,1428.7021278589054,0.0017039741680624247,-12.01669565191104,pass_halo_up,110.0,0.0
14.152354785213522,2033.5609894793533,193388.2252869198,1.2874020579350873,12.274241671543477,10.065220721055642,12.767225547566712,16.36834057310888,37.0,33.0,2500.0,861.1552603908035,0.007864484405833462,-11.774241671543477,pass_halo_down,110.0,0.0
28.304709570427043,2033.5609894793533,193388.2252869198,2.0,12.18064714570308,10.703627722938483,11.885837558065099,15.65584645153137,37.0,33.0,2500.0,1238.7052053276855,0.0017012886828658784,-11.68064714570308,pass_ml_up,110.0,0.0
28.304709570427043,2033.5609894793533,193388.2252869198,0.6437010289675437,12.187179461130523,10.708122189186748,11.893812965061619,15.65749558767136,37.0,33.0,2500.0,1230.956805855317,0.0017829962534342662,-11.687179461130523,pass_ml_down,110.0,0.0
46.802359926614606,715.274952828197,262155.84375,0.9556475436794212,12.56480916645107,10.04382759316677,13.375082922617555,16.278047592220553,37.0,33.0,2500.0,893.9928434913759,0.0065698238573535135,-12.06480916645107,pass_full,111.0,0.0
0.0,715.274952828197,262155.84375,0.9556475436794212,83.11134493892229,83.35927666488854,72.24869694895395,16.848530052516846,37.0,33.0,2500.0,122.88194372702343,0.04239714734443512,-82.61134493892229,pass_bh_only,111.0,0.0
46.802359926614606,715.274952828197,0.0,0.9556475436794212,39.19281876166629,10.098640166914944,66.57039949421095,16.25316878516064,37.0,33.0,2500.0,948.2355117269972,0.00413823602309976,-38.69281876166629,pass_halo_only,111.0,0.0
46.802359926614606,715.274952828197,524311.6875,0.9556475436794212,39.16436965173773,10.304011300013602,66.28358352222321,16.241722680821017,37.0,33.0,2500.0,939.5987955467333,0.0054752297494052565,-38.66436965173773,pass_bh_up,111.0,0.0
46.802359926614606,715.274952828197,131077.921875,0.9556475436794212,39.28720983116914,10.10769771164966,66.74846282582095,16.27176027403286,37.0,33.0,2500.0,937.6672700355765,0.004930479308608524,-38.78720983116914,pass_bh_down,111.0,0.0
93.60471985322921,715.274952828197,262155.84375,0.9556475436794212,33.04047144392811,10.821492999448024,53.47714118234097,15.530215302425695,37.0,33.0,2500.0,1276.8168123413066,0.0015302562767828547,-32.54047144392811,pass_halo_up,111.0,0.0
23.401179963307303,715.274952828197,262155.84375,0.9556475436794212,58.17677390218818,10.305980799387047,104.3141144112075,15.980012397251881,37.0,33.0,2500.0,408.2226635686958,0.01919370011934977,-57.67677390218818,pass_halo_down,111.0,0.0
46.802359926614606,715.274952828197,262155.84375,1.9112950873588423,12.671281927501525,10.051751390274994,13.578914841358836,16.28561601008423,37.0,33.0,2500.0,899.9878062941337,0.006891184887874178,-12.171281927501525,pass_ml_up,111.0,0.0
46.802359926614606,715.274952828197,262155.84375,0.4778237718397106,11.914871317083355,10.166451868702095,11.93567096951061,16.345645791673842,37.0,33.0,2500.0,939.6500647216484,0.004130583705937322,-11.414871317083355,pass_ml_down,111.0,0.0
100.0,1712.4826423215782,1063472.019402267,1.3697048130002707,13.13052078865339,11.270163662334722,13.164574620859787,15.187354056365614,37.0,33.0,2500.0,1486.1769449754447,0.0022412911508839493,-12.63052078865339,pass_full,112.0,0.0
0.0,1712.4826423215782,1063472.019402267,1.3697048130002707,10.883646733904136,12.462429696084067,7.2969580124855264,16.41117127054029,37.0,33.0,2500.0,104.08373652459649,0.06224526556607644,-10.383646733904136,pass_bh_only,112.0,0.0
100.0,1712.4826423215782,0.0,1.3697048130002707,13.160163458728741,11.34721706250884,13.141660165903838,15.048971488442906,37.0,33.0,2500.0,1501.1703240175243,0.0017132695695551731,-12.660163458728741,pass_halo_only,112.0,0.0
100.0,1712.4826423215782,1500000.0,1.3697048130002707,13.068946234372948,11.30007055841742,13.009102935536456,15.147443934467104,37.0,33.0,2500.0,1475.3495469080924,0.005204809779602666,-12.568946234372948,pass_bh_up,112.0,0.0
100.0,1712.4826423215782,531736.0097011335,1.3697048130002707,13.23171596671455,11.436015653856995,13.184237810091968,15.080826877416602,37.0,33.0,2500.0,1506.7655783830419,0.0019091130114463697,-12.73171596671455,pass_bh_down,112.0,0.0
100.0,1712.4826423215782,1063472.019402267,1.3697048130002707,13.112766462729049,11.319978267182787,13.074529553854418,15.14391537715851,37.0,33.0,2500.0,1467.6656337816798,0.004218231493558801,-12.612766462729049,pass_halo_up,112.0,0.0
50.0,1712.4826423215782,1063472.019402267,1.3697048130002707,12.274514181645099,10.795065222301695,11.981982090745026,15.295113768827733,37.0,33.0,2500.0,1305.2712393945817,0.005254240283068453,-11.774514181645099,pass_halo_down,112.0,0.0
100.0,1712.4826423215782,1063472.019402267,2.0,12.760971338201491,11.16786220321183,12.541789382266309,15.134157187672674,37.0,33.0,2500.0,1357.3801178587435,0.008143455051253625,-12.260971338201491,pass_ml_up,112.0,0.0
100.0,1712.4826423215782,1063472.019402267,0.6848524065001353,13.068886152846718,11.217987050927706,13.10033156399959,15.1700235915718,37.0,33.0,2500.0,1461.7025880653853,0.0035594246603781058,-12.568886152846718,pass_ml_down,112.0,0.0
24.168311623747563,3485.412444986743,1317234.9600364866,0.48809178862199576,12.624584862683475,11.063000946273492,12.383681218697339,15.230085707977892,37.0,33.0,2500.0,1398.0647945548124,0.0033570847033869903,-12.124584862683475,pass_full,113.0,0.0
0.0,3485.412444986743,1317234.9600364866,0.48809178862199576,15.929738298086505,12.756533451370355,17.066472945651647,16.177382766501434,37.0,33.0,2499.0,96.82090742168441,0.06500424183330239,-15.429738298086505,pass_bh_only,113.0,0.0
24.168311623747563,3485.412444986743,0.0,0.48809178862199576,12.594661627350925,11.032827576854658,12.357561004361298,15.233533917615752,37.0,33.0,2500.0,1386.9295750998442,0.002393491341528962,-12.094661627350925,pass_halo_only,113.0,0.0
24.168311623747563,3485.412444986743,1500000.0,0.48809178862199576,12.01776199041951,10.434449070598614,11.871947493949346,15.323408455210675,37.0,33.0,2500.0,1139.1081162770208,0.01295664794698351,-11.51776199041951,pass_bh_up,113.0,0.0
24.168311623747563,3485.412444986743,658617.4800182433,0.48809178862199576,12.505260763135352,10.95343466692388,12.267459723254023,15.243956823366482,37.0,33.0,2500.0,1375.673060640445,0.004199566047866544,-12.005260763135352,pass_bh_down,113.0,0.0
48.336623247495126,3485.412444986743,1317234.9600364866,0.48809178862199576,13.187729725375537,11.3849620356897,13.15332238019397,15.086928007865808,37.0,33.0,2500.0,1527.1557866113565,0.0022063609579502257,-12.687729725375537,pass_halo_up,113.0,0.0
12.084155811873782,3485.412444986743,1317234.9600364866,0.48809178862199576,12.005794781364786,10.449497860197068,11.810722262564516,15.99720007815541,37.0,33.0,2500.0,1065.65594435439,0.004756121359790169,-11.505794781364786,pass_halo_down,113.0,0.0
24.168311623747563,3485.412444986743,1317234.9600364866,0.9761835772439915,12.617684688220137,11.071818750200244,12.360070418326348,15.227571860350746,37.0,33.0,2500.0,1403.4581066782732,0.0027267726562125697,-12.117684688220137,pass_ml_up,113.0,0.0
24.168311623747563,3485.412444986743,1317234.9600364866,0.24404589431099788,12.594017290431777,11.046674539239024,12.340786480498792,15.232229360193157,37.0,33.0,2500.0,1388.430266889033,0.002651187467629175,-12.094017290431777,pass_ml_down,113.0,0.0
57.92533560465025,2221.123110020053,525321.1393852803,0.484200292881265,12.694573777154705,11.102739201798299,12.48275721294872,15.109530798365956,37.0,33.0,2500.0,1444.365481806209,0.002518264627604871,-12.194573777154705,pass_full,114.0,0.0
0.0,2221.123110020053,525321.1393852803,0.484200292881265,52.390178260453744,79.29017366558638,15.371151835834093,16.767328980726212,37.0,33.0,2500.0,116.88675077799185,0.051758922561577714,-51.890178260453744,pass_bh_only,114.0,0.0
57.92533560465025,2221.123110020053,0.0,0.484200292881265,12.692550745195112,11.0423837783751,12.546279529435123,15.11292491163956,37.0,33.0,2500.0,1477.6001428801928,0.0022612930359528806,-12.192550745195112,pass_halo_only,114.0,0.0
57.92533560465025,2221.123110020053,1050642.2787705606,0.484200292881265,12.681295306350458,11.086772300956426,12.472004002984583,15.178782985251221,37.0,33.0,2500.0,1481.9476193064183,0.002850592720181309,-12.181295306350458,pass_bh_up,114.0,0.0
57.92533560465025,2221.123110020053,262660.56969264016,0.484200292881265,12.652817097968608,11.044279467896803,12.463719864343066,15.14483263042536,37.0,33.0,2500.0,1439.6317234685648,0.0020618830818429678,-12.152817097968608,pass_bh_down,114.0,0.0
100.0,2221.123110020053,525321.1393852803,0.484200292881265,13.655250272851088,11.874642562715128,13.543861374584612,14.937317826419392,37.0,33.0,2500.0,1549.712713903747,0.0035141702641409748,-13.155250272851088,pass_halo_up,114.0,0.0
28.962667802325125,2221.123110020053,525321.1393852803,0.484200292881265,12.195994062826157,10.777673727689917,11.838591087217415,15.488174343824886,37.0,33.0,2500.0,1300.1592334882328,0.0032451140221828345,-11.695994062826157,pass_halo_down,114.0,0.0
57.92533560465025,2221.123110020053,525321.1393852803,0.96840058576253,12.720597697867014,11.118027600522897,12.518043953038612,15.096976389601297,37.0,33.0,2500.0,1440.9256641278066,0.0026154713884858753,-12.220597697867014,pass_ml_up,114.0,0.0
57.92533560465025,2221.123110020053,525321.1393852803,0.2421001464406325,12.668051364145422,11.1042442035766,12.428315380373288,15.099946948945075,37.0,33.0,2500.0,1444.6418480528132,0.0021402407593000606,-12.168051364145422,pass_ml_down,114.0,0.0
55.8843651605373,1327.3152130129579,1015550.4446034909,0.2,12.408247635079675,10.923212709450112,12.10344810144543,15.371686317905308,37.0,33.0,2500.0,1322.4153117510327,0.003232049832974782,-11.908247635079675,pass_full,115.0,0.0
0.0,1327.3152130129579,1015550.4446034909,0.2,14.559013295325116,17.84688378739716,8.62555112232347,15.916990321088004,37.0,33.0,2500.0,88.90223156255594,0.08492856523974512,-14.059013295325116,pass_bh_only,115.0,0.0
55.8843651605373,1327.3152130129579,0.0,0.2,32.9514797964746,10.8386099718136,53.286259804024034,15.322524077427381,37.0,33.0,2500.0,1339.3372509592416,0.0021205455546601426,-32.4514797964746,pass_halo_only,115.0,0.0
55.8843651605373,1327.3152130129579,1500000.0,0.2,12.37008062513119,10.868960534474997,12.08996963524806,15.304783519897613,37.0,33.0,2500.0,1299.101561797194,0.003872255610080063,-11.87008062513119,pass_bh_up,115.0,0.0
55.8843651605373,1327.3152130129579,507775.22230174544,0.2,12.207186836403709,10.821430349451292,11.8145417401247,15.401530848831804,37.0,33.0,2500.0,1284.827336520745,0.005828156529915686,-11.707186836403709,pass_bh_down,115.0,0.0
100.0,1327.3152130129579,1015550.4446034909,0.2,12.799786855842882,11.098874682682418,12.695704399222853,15.169324052026504,37.0,33.0,2500.0,1483.3057102864475,0.0027439822657829467,-12.299786855842882,pass_halo_up,115.0,0.0
27.94218258026865,1327.3152130129579,1015550.4446034909,0.2,32.693033796474985,10.30098112913451,53.34722045308388,16.145653837605554,37.0,33.0,2500.0,981.7568991884272,0.003211629708777121,-32.193033796474985,pass_halo_down,115.0,0.0
55.8843651605373,1327.3152130129579,1015550.4446034909,0.4,12.377969245502147,10.904129534018798,12.064159279545594,15.375921219441391,37.0,33.0,2500.0,1326.958329341815,0.0028167930704891806,-11.877969245502147,pass_ml_up,115.0,0.0
55.8843651605373,1327.3152130129579,1015550.4446034909,0.2,12.213495675230972,10.627049565380762,12.045277228908272,15.395732092183037,37.0,33.0,2500.0,1244.7278831664746,0.006930773016616669,-11.713495675230972,pass_ml_down,115.0,0.0
79.36756009940827,4449.625290659222,607614.8836932527,1.6398695954790172,34.37343917265336,12.037517196594802,54.80137845020439,14.813360264369024,37.0,33.0,2500.0,1496.9529470319487,0.0017676331442646957,-33.87343917265336,pass_full,116.0,0.0
0.0,4449.625290659222,607614.8836932527,1.6398695954790172,8.333754164986818,7.856823070394524,7.3691887113326375,16.142093810555576,37.0,33.0,2500.0,95.89536437971792,0.06644535284537459,-7.833754164986818,pass_bh_only,116.0,0.0
79.36756009940827,4449.625290659222,0.0,1.6398695954790172,34.368649109053045,12.028878755525474,54.79964100318693,14.874174137888557,37.0,33.0,2500.0,1484.967962209079,0.0017726233325137954,-33.868649109053045,pass_halo_only,116.0,0.0
79.36756009940827,4449.625290659222,1215229.7673865054,1.6398695954790172,34.26951512343198,11.839998301608484,54.81572720777291,14.789063130492206,37.0,33.0,2500.0,1457.2956870600954,0.0018961484634098472,-33.76951512343198,pass_bh_up,116.0,0.0
79.36756009940827,4449.625290659222,303807.44184662635,1.6398695954790172,34.31279430462255,11.964493163981585,54.760212977557,14.871148778387841,37.0,33.0,2500.0,1464.3228678833389,0.0017708158632755476,-33.81279430462255,pass_bh_down,116.0,0.0
100.0,4449.625290659222,607614.8836932527,1.6398695954790172,34.65479631757697,12.369031905433378,54.99060019373606,14.872570065754928,37.0,33.0,2500.0,1488.868963783813,0.0019766626205325885,-34.15479631757697,pass_halo_up,116.0,0.0
39.68378004970413,4449.625290659222,607614.8836932527,1.6398695954790172,33.88747929166051,11.504906941229189,54.420162349580444,15.02671888795938,37.0,33.0,2500.0,1534.6271653519088,0.0018528330080547924,-33.38747929166051,pass_halo_down,116.0,0.0
79.36756009940827,4449.625290659222,607614.8836932527,2.0,34.38290471846234,12.049702774554822,54.80687377585934,14.805874156627384,37.0,33.0,2500.0,1500.0008889107828,0.00174796669638017,-33.88290471846234,pass_ml_up,116.0,0.0
79.36756009940827,4449.625290659222,607614.8836932527,0.8199347977395086,34.37068321061123,12.037222180269197,54.796213778181944,14.812816550376304,37.0,33.0,2500.0,1501.6375732293507,0.0017420980127020853,-33.87068321061123,pass_ml_down,116.0,0.0
40.237724142074825,1447.2609424908037,197026.60784906778,0.24542763741157225,12.236906179878428,10.684567153061248,12.021824925535082,15.58660066605253,37.0,33.0,2500.0,1187.9626169968612,0.0035529556662364683,-11.736906179878428,pass_full,117.0,0.0
0.0,1447.2609424908037,197026.60784906778,0.24542763741157225,24.652850423627626,36.4299956999195,7.970053693526757,16.166515176019008,37.0,33.0,2500.0,96.7664355135773,0.0738884062089009,-24.152850423627626,pass_bh_only,117.0,0.0
40.237724142074825,1447.2609424908037,0.0,0.24542763741157225,12.19482818236255,10.61808559756572,12.011648233280498,15.605101227740052,37.0,33.0,2500.0,1197.8930097766513,0.0036911622490674477,-11.69482818236255,pass_halo_only,117.0,0.0
40.237724142074825,1447.2609424908037,394053.21569813555,0.24542763741157225,12.046679171163973,10.635755608921553,11.693849719248195,15.66082703153447,37.0,33.0,2500.0,1124.7796352405348,0.007910943197504567,-11.546679171163973,pass_bh_up,117.0,0.0
40.237724142074825,1447.2609424908037,98513.30392453389,0.24542763741157225,12.249525891258648,10.66746369417083,12.0661430450891,15.589831650809272,37.0,33.0,2500.0,1188.2308877420812,0.00433590442018232,-11.749525891258648,pass_bh_down,117.0,0.0
80.47544828414965,1447.2609424908037,197026.60784906778,0.24542763741157225,12.64217128048539,11.080769071420265,12.400142780604865,15.190137109525248,37.0,33.0,2500.0,1412.8349842029365,0.0023294373322650438,-12.14217128048539,pass_halo_up,117.0,0.0
20.118862071037412,1447.2609424908037,197026.60784906778,0.24542763741157225,14.21850017162987,9.9832132489302,16.751706852487732,16.235794985058426,37.0,33.0,2500.0,734.8195323620357,0.016096309149994277,-13.71850017162987,pass_halo_down,117.0,0.0
40.237724142074825,1447.2609424908037,197026.60784906778,0.4908552748231445,12.244941305677617,10.675274974494117,12.048033847516862,15.595835150383785,37.0,33.0,2500.0,1172.3335463134385,0.004142230341642665,-11.744941305677617,pass_ml_up,117.0,0.0
40.237724142074825,1447.2609424908037,197026.60784906778,0.2,12.186002383996072,10.700525743175179,11.901878947211266,15.594699588287558,37.0,33.0,2500.0,1201.8856469616605,0.0022649638140770376,-11.686002383996072,pass_ml_down,117.0,0.0
49.913530008633614,3281.776308190052,300000.0,0.2,33.82089626564625,11.321730427900563,54.49191227708135,15.042022556647504,37.0,33.0,2500.0,1548.3908346059372,0.0017583507805375047,-33.32089626564625,pass_full,118.0,0.0
0.0,3281.776308190052,300000.0,0.2,58.20435365296855,75.11081885729186,31.683411453214866,16.834465420035055,37.0,33.0,2500.0,121.01367538330143,0.0473577888223914,-57.70435365296855,pass_bh_only,118.0,0.0
49.913530008633614,3281.776308190052,0.0,0.2,33.830705638607554,11.334339871775224,54.49787679530541,15.026062647337527,37.0,33.0,2500.0,1561.3845326365763,0.001908568373354415,-33.330705638607554,pass_halo_only,118.0,0.0
49.913530008633614,3281.776308190052,600000.0,0.2,33.862160092236934,11.391395129593272,54.4963297700299,15.042063881700738,37.0,33.0,2500.0,1548.4479039033567,0.0016392081150690427,-33.362160092236934,pass_bh_up,118.0,0.0
49.913530008633614,3281.776308190052,150000.0,0.2,33.82112785832944,11.35730030606807,54.452899556916584,15.028641946978695,37.0,33.0,2500.0,1551.2563399249957,0.0016307333135845243,-33.32112785832944,pass_bh_down,118.0,0.0
99.82706001726723,3281.776308190052,300000.0,0.2,34.34205140712527,11.997574210750596,54.78318965366355,14.819888501600076,37.0,33.0,2500.0,1491.05495931203,0.0019523668155188483,-33.84205140712527,pass_halo_up,118.0,0.0
24.956765004316807,3281.776308190052,300000.0,0.2,33.2470755199932,11.106145048745985,53.57976321968868,15.247431266221966,37.0,33.0,2500.0,1393.835573228765,0.0015132100391299177,-32.7470755199932,pass_halo_down,118.0,0.0
49.913530008633614,3281.776308190052,300000.0,0.4,33.81898070169019,11.323776831913591,54.485479086465084,15.05217367740202,37.0,33.0,2500.0,1548.7935435236045,0.001685357014654724,-33.31898070169019,pass_ml_up,118.0,0.0
49.913530008633614,3281.776308190052,300000.0,0.2,33.79915986083621,11.303692411969834,54.46865400445441,15.042349425310652,37.0,33.0,2500.0,1540.976238988183,0.0017371791058422865,-33.29915986083621,pass_ml_down,118.0,0.0
20.45005901936186,4627.834093617908,0.0,0.20123924906566515,14.313186643137263,10.927892964779348,15.912305999198294,15.232180776679577,37.0,33.0,2500.0,1359.1221864713687,0.0030205981753472764,-13.813186643137263,pass_full,119.0,0.0
0.0,4627.834093617908,0.0,0.20123924906566515,1528.079198077869,1381.5510557964276,1381.5510557964278,4144.653167389282,37.0,33.0,2500.0,2473.9715742020057,0.0005355661368192451,-1527.579198077869,pass_bh_only,119.0,0.0
20.45005901936186,4627.834093617908,0.0,0.20123924906566515,12.548129185993968,10.943126280181216,12.365748483287547,15.211153960407689,37.0,33.0,2500.0,1373.1260255731634,0.0022701922105294535,-12.048129185993968,pass_halo_only,119.0,0.0
20.45005901936186,4627.834093617908,0.0,0.20123924906566515,12.568059635463475,10.932431990923936,12.417192983798124,15.224583811065251,37.0,33.0,2500.0,1378.1626676934561,0.002964913365483255,-12.068059635463475,pass_bh_up,119.0,0.0
20.45005901936186,4627.834093617908,0.0,0.20123924906566515,12.542017513428709,10.918968208088893,12.380347741070393,15.219856731682524,37.0,33.0,2500.0,1370.1475263574505,0.00261465847699994,-12.042017513428709,pass_bh_down,119.0,0.0
40.90011803872372,4627.834093617908,0.0,0.20123924906566515,13.21136863408448,11.584508210008357,12.98016885690402,14.977953801433785,37.0,33.0,2500.0,1505.476977535403,0.0018961076254509276,-12.71136863408448,pass_halo_up,119.0,0.0
10.22502950968093,4627.834093617908,0.0,0.20123924906566515,12.088396274492997,10.37033986261625,12.067275113223449,15.911500463362845,37.0,33.0,2500.0,1107.1437339240133,0.0026979921206254824,-11.588396274492997,pass_halo_down,119.0,0.0
20.45005901936186,4627.834093617908,0.0,0.4024784981313303,12.541488647571015,10.959111739088769,12.334758018027188,15.20410179850561,37.0,33.0,2500.0,1386.9279161332202,0.002024295391245881,-12.041488647571015,pass_ml_up,119.0,0.0
20.45005901936186,4627.834093617908,0.0,0.2,12.569393512218198,10.9366914513815,12.415207512011802,15.220540208896038,37.0,33.0,2500.0,1375.4469941992315,0.003510318618824827,-12.069393512218198,pass_ml_down,119.0,0.0
99.6609771973229,2962.2274272623144,895757.2246089278,1.7493107595161,13.911589393352804,12.057656274535738,13.85123035679167,14.94101602933781,37.0,33.0,2500.0,1550.7247111966494,0.003009645849699525,-13.411589393352804,pass_full,120.0,0.0
0.0,2962.2274272623144,895757.2246089278,1.7493107595161,8.16743658746208,7.435434492197619,7.508175636557284,16.16994255479501,37.0,33.0,2496.0,97.46165680570982,0.07415870061250034,-7.667436587462079,pass_bh_only,120.0,0.0
99.6609771973229,2962.2274272623144,0.0,1.7493107595161,13.643819481394628,11.801684872840408,13.602520801318175,14.946559033450288,37.0,33.0,2500.0,1457.1225438484926,0.0023216987635102273,-13.143819481394628,pass_halo_only,120.0,0.0
99.6609771973229,2962.2274272623144,1500000.0,1.7493107595161,13.831745627526306,11.944684880885225,13.81613815462084,15.009311721495129,37.0,33.0,2500.0,1536.260555322769,0.003256676246049408,-13.331745627526306,pass_bh_up,120.0,0.0
99.6609771973229,2962.2274272623144,447878.6123044639,1.7493107595161,14.22877684615431,12.004580342257162,14.544711111764066,14.954332494455478,37.0,33.0,2500.0,1511.423689113608,0.0034715039527607205,-13.72877684615431,pass_bh_down,120.0,0.0
100.0,2962.2274272623144,895757.2246089278,1.7493107595161,13.883716311887705,12.034394251205729,13.82158316241607,14.9404449302466,37.0,33.0,2500.0,1555.4249384217865,0.002254941944738152,-13.383716311887705,pass_halo_up,120.0,0.0
49.83048859866145,2962.2274272623144,895757.2246089278,1.7493107595161,12.905954061215942,11.090085021310209,12.9195853164792,15.113506807961004,37.0,33.0,2500.0,1480.5188126885387,0.002406659116555286,-12.405954061215942,pass_halo_down,120.0,0.0
99.6609771973229,2962.2274272623144,895757.2246089278,2.0,34.4947537146953,12.029103333034824,55.04840850910744,14.979441047056355,37.0,33.0,2500.0,1554.597376327858,0.0014989619580567074,-33.9947537146953,pass_ml_up,120.0,0.0
99.6609771973229,2962.2274272623144,895757.2246089278,0.87465537975805,13.86129645476096,12.008752538615903,13.805725619657439,14.932776636739739,37.0,33.0,2500.0,1553.5122644760886,0.002022316085576479,-13.36129645476096,pass_ml_down,120.0,0.0
86.95965237039806,1517.8471794941133,488389.45495635574,1.5696337023817006,12.77598403296896,11.111671638013851,12.636000848002114,15.095067585369137,37.0,33.0,2500.0,1469.958438558464,0.003554511204482397,-12.27598403296896,pass_full,121.0,0.0
0.0,1517.8471794941133,488389.45495635574,1.5696337023817006,12.990769620660124,14.651179695503192,9.056383172992582,16.436501521195026,37.0,33.0,2500.0,104.77694176267732,0.054638954962938364,-12.490769620660124,pass_bh_only,121.0,0.0
86.95965237039806,1517.8471794941133,0.0,1.5696337023817006,12.735184941011665,11.06943632670947,12.602379161662743,15.074549683649433,37.0,33.0,2500.0,1490.0521537833056,0.0027025381825082195,-12.235184941011665,pass_halo_only,121.0,0.0
86.95965237039806,1517.8471794941133,976778.9099127115,1.5696337023817006,12.585220964004296,11.079019699564807,12.289763212183212,15.13866873833921,37.0,33.0,2500.0,1416.47418345314,0.006685183315351571,-12.085220964004296,pass_bh_up,121.0,0.0
86.95965237039806,1517.8471794941133,244194.72747817787,1.5696337023817006,12.749492992771764,11.07127380620975,12.627226558916119,15.130930248943926,37.0,33.0,2500.0,1462.300213166984,0.0035697131783511294,-12.249492992771764,pass_bh_down,121.0,0.0
100.0,1517.8471794941133,488389.45495635574,1.5696337023817006,12.961711156065949,11.168687160505927,12.944872368624461,15.050723197026727,37.0,33.0,2500.0,1499.3775867747072,0.003459213855115073,-12.461711156065949,pass_halo_up,121.0,0.0
43.47982618519903,1517.8471794941133,488389.45495635574,1.5696337023817006,12.275215582606105,10.754960143546027,12.021562080288318,15.51915449128529,37.0,33.0,2500.0,1311.334545186245,0.0032396412979555493,-11.775215582606105,pass_halo_down,121.0,0.0
86.95965237039806,1517.8471794941133,488389.45495635574,2.0,12.734979422950556,11.134407820044595,12.52860151972272,15.091702422236477,37.0,33.0,2500.0,1475.9026865591397,0.002317156259993349,-12.234979422950556,pass_ml_up,121.0,0.0
86.95965237039806,1517.8471794941133,488389.45495635574,0.7848168511908503,12.726856219416257,11.107207020754512,12.542655289490662,15.098226160364373,37.0,33.0,2500.0,1470.9985625662414,0.0035270085400032573,-12.226856219416257,pass_ml_down,121.0,0.0
90.16914374345401,4184.642778838609,837076.0011212863,0.6832533387565141,34.43757297946509,12.088023216476536,54.872809884495204,14.820231446722735,37.0,33.0,2500.0,1505.4592382371534,0.002062699831037939,-33.93757297946509,pass_full,122.0,0.0
0.0,4184.642778838609,837076.0011212863,0.6832533387565141,12.574792473808767,10.47440065165169,12.908051586423255,16.417776808298445,37.0,33.0,2500.0,104.71488795100417,0.05510424696704257,-12.074792473808767,pass_bh_only,122.0,0.0
90.16914374345401,4184.642778838609,0.0,0.6832533387565141,34.411432239489294,12.05086637453819,54.86035930473429,14.880614892151598,37.0,33.0,2500.0,1486.9692479085375,0.0021266912453975855,-33.911432239489294,pass_halo_only,122.0,0.0
90.16914374345401,4184.642778838609,1500000.0,0.6832533387565141,34.347626692724994,11.941387055275907,54.85753453360417,14.81340106570362,37.0,33.0,2500.0,1445.6242676981947,0.0022392955058752125,-33.847626692724994,pass_bh_up,122.0,0.0
90.16914374345401,4184.642778838609,418538.00056064315,0.6832533387565141,34.350832310162495,11.948398560495988,54.8545920507126,14.862648058857982,37.0,33.0,2500.0,1456.9738340666165,0.001640028038316898,-33.850832310162495,pass_bh_down,122.0,0.0
100.0,4184.642778838609,837076.0011212863,0.6832533387565141,34.47060816828754,12.120138414040209,54.90076040855665,14.889924305119935,37.0,33.0,2500.0,1436.1062379356115,0.0022715453529017823,-33.97060816828754,pass_halo_up,122.0,0.0
45.08457187172701,4184.642778838609,837076.0011212863,0.6832533387565141,33.98989557906188,11.653752024572551,54.45679040189457,15.070200046377558,37.0,33.0,2500.0,1519.7476623686823,0.001975849949963578,-33.48989557906188,pass_halo_down,122.0,0.0
90.16914374345401,4184.642778838609,837076.0011212863,1.3665066775130281,34.46824759616551,12.103289692502896,54.91736046393291,14.809727414530842,37.0,33.0,2500.0,1515.560606956925,0.0018315264788654573,-33.96824759616551,pass_ml_up,122.0,0.0
90.16914374345401,4184.642778838609,837076.0011212863,0.34162666937825703,34.43324826067802,12.079178361586656,54.87414574959988,14.817976089246253,37.0,33.0,2500.0,1505.141303210544,0.0020334936725801074,-33.93324826067802,pass_ml_down,122.0,0.0
70.63449816423415,3997.5380994836787,575137.6022652959,1.3439598722500532,21.40078516932478,12.008946766327867,28.883258312148577,14.97326652040126,37.0,33.0,2500.0,1517.776531793332,0.003503678422797664,-20.90078516932478,pass_full,123.0,0.0
0.0,3997.5380994836787,575137.6022652959,1.3439598722500532,22.483791198068168,20.472196733731096,21.52030816041157,16.288770630867564,37.0,33.0,2500.0,100.11893133926223,0.05201859096264677,-21.983791198068168,pass_bh_only,123.0,0.0
70.63449816423415,3997.5380994836787,0.0,1.3439598722500532,20.741704416851547,11.790997492536391,27.809959365826124,14.956925216093454,37.0,33.0,2500.0,1457.2612613323877,0.003734144230300822,-20.241704416851547,pass_halo_only,123.0,0.0
70.63449816423415,3997.5380994836787,1150275.2045305918,1.3439598722500532,13.840253875891175,11.95724228714392,13.820218702732019,14.971573994336,37.0,33.0,2500.0,1545.8344894013862,0.0027914162544167612,-13.340253875891175,pass_bh_up,123.0,0.0
70.63449816423415,3997.5380994836787,287568.80113264796,1.3439598722500532,13.716530037335668,11.846877043212663,13.697305848828911,14.945438853931577,37.0,33.0,2500.0,1474.7674273250354,0.0032442583337721456,-13.216530037335668,pass_bh_down,123.0,0.0
100.0,3997.5380994836787,575137.6022652959,1.3439598722500532,14.038116859189195,12.072850872613593,14.088679966705996,14.893791518485948,37.0,33.0,2500.0,1419.7228689567955,0.002811811948249017,-13.538116859189195,pass_halo_up,123.0,0.0
35.31724908211707,3997.5380994836787,575137.6022652959,1.3439598722500532,12.816839015760245,11.112425452731706,12.716326427684903,15.112861175501168,37.0,33.0,2500.0,1464.175395788985,0.001581281031084221,-12.316839015760245,pass_halo_down,123.0,0.0
70.63449816423415,3997.5380994836787,575137.6022652959,2.0,13.833381016859331,12.021123460490253,13.736147332546803,14.92871710053225,37.0,33.0,2500.0,1540.6985010572237,0.00245043030225832,-13.333381016859331,pass_ml_up,123.0,0.0
70.63449816423415,3997.5380994836787,575137.6022652959,0.6719799361250266,13.778391441152023,11.960802904265746,13.693184603422266,14.949035745265867,37.0,33.0,2500.0,1517.6677690267352,0.0032994022387461265,-13.278391441152023,pass_ml_down,123.0,0.0
9.396252475091327,521.3530314967502,877109.9953043525,0.7903766845176898,12.56162282390429,15.304324383857276,7.4677862276779825,16.370158661590835,37.0,33.0,2500.0,138.44215561240978,0.05121291905728105,-12.06162282390429,pass_full,124.0,0.0
0.0,521.3530314967502,877109.9953043525,0.7903766845176898,15.372486402683961,18.873283400920585,9.089174456974632,16.329859662917162,37.0,33.0,2500.0,102.19387821107009,0.0726684910071672,-14.872486402683961,pass_bh_only,124.0,0.0
9.396252475091327,521.3530314967502,0.0,0.7903766845176898,435.99147519727336,340.6369838465887,489.58010472628234,15.725504728955332,37.0,33.0,2500.0,319.30477098392043,0.01117736111980712,-435.49147519727336,pass_halo_only,124.0,0.0
9.396252475091327,521.3530314967502,1500000.0,0.7903766845176898,12.771055795938322,15.005390764120829,8.225825451894588,16.237984346937072,37.0,33.0,2500.0,127.74464232625265,0.04294878509718737,-12.271055795938322,pass_bh_up,124.0,0.0
9.396252475091327,521.3530314967502,438554.99765217624,0.7903766845176898,21.86263670188447,31.04394343532509,8.438341592453746,15.842842666372675,37.0,33.0,2500.0,114.778072853064,0.05745009134261992,-21.36263670188447,pass_bh_down,124.0,0.0
18.792504950182654,521.3530314967502,877109.9953043525,0.7903766845176898,20.50802098030082,13.651606980539425,25.236016054141146,15.631396633236841,37.0,33.0,2500.0,119.40389441188593,0.055931407200255745,-20.00802098030082,pass_halo_up,124.0,0.0
4.698126237545663,521.3530314967502,877109.9953043525,0.7903766845176898,36.444927118561566,53.57924825833534,12.33102186269749,16.009282797638168,37.0,33.0,2500.0,113.57635512667456,0.04518872339200488,-35.944927118561566,pass_halo_down,124.0,0.0
9.396252475091327,521.3530314967502,877109.9953043525,1.5807533690353797,14.549390705444852,17.479446468447374,9.0113006615988,16.147345394046855,37.0,33.0,2500.0,132.22702241935787,0.04462387224846563,-14.049390705444852,pass_ml_up,124.0,0.0
9.396252475091327,521.3530314967502,877109.9953043525,0.3951883422588449,10.67401784766184,10.034063175071607,9.605290270838848,16.250261530350258,37.0,33.0,2500.0,139.35447103873986,0.03587052999386165,-10.17401784766184,pass_ml_down,124.0,0.0
19.39333152770996,2509.512745796947,378825.4005789545,0.9055617904769828,12.12308115525961,10.421026870515217,12.080205911460315,15.898566959881064,37.0,33.0,2500.0,1093.3524094369468,0.0045670908393274845,-11.62308115525961,pass_full,125.0,0.0
0.0,2509.512745796947,378825.4005789545,0.9055617904769828,8.845813954621521,9.024398891665781,7.084626703973341,16.12828078226627,37.0,33.0,2500.0,95.62855440194824,0.06719075543088272,-8.345813954621521,pass_bh_only,125.0,0.0
19.39333152770996,2509.512745796947,0.0,0.9055617904769828,12.218787599673973,10.523889482050002,12.1577262930315,15.851103072592744,37.0,33.0,2500.0,1128.7436710971874,0.002768391222487939,-11.718787599673973,pass_halo_only,125.0,0.0
19.39333152770996,2509.512745796947,757650.801157909,0.9055617904769828,12.172434731614281,10.542646861421225,12.04410508751988,15.847290525801146,37.0,33.0,2500.0,1100.3239296410782,0.005330776774910393,-11.672434731614281,pass_bh_up,125.0,0.0
19.39333152770996,2509.512745796947,189412.70028947724,0.9055617904769828,12.305818407265207,10.591764742560427,12.255456252915428,15.858663058558815,37.0,33.0,2500.0,1098.519095677437,0.0037388927670948236,-11.805818407265207,pass_bh_down,125.0,0.0
38.78666305541992,2509.512745796947,378825.4005789545,0.9055617904769828,12.52864041788085,11.015807078674722,12.245497837977767,15.203977015905172,37.0,33.0,2500.0,1374.4778963842507,0.002544014270209341,-12.02864041788085,pass_halo_up,125.0,0.0
9.69666576385498,2509.512745796947,378825.4005789545,0.9055617904769828,49.23083688321719,10.112100961782497,86.62649814302321,16.413059986615362,37.0,33.0,2500.0,747.2110180897303,0.004593472302193378,-48.73083688321719,pass_halo_down,125.0,0.0
19.39333152770996,2509.512745796947,378825.4005789545,1.8111235809539656,12.076739249597068,10.409337441275055,11.999982447020813,15.91988439454292,37.0,33.0,2500.0,1092.1739436749062,0.004282289484263633,-11.576739249597068,pass_ml_up,125.0,0.0
19.39333152770996,2509.512745796947,378825.4005789545,0.4527808952384914,12.027269460990084,10.337281148741813,11.982115338783442,15.910575742044784,37.0,33.0,2500.0,1092.1076587284365,0.006088308134973087,-11.527269460990084,pass_ml_down,125.0,0.0
70.14047789421679,2686.862067377733,1260835.21875,0.46320717126658484,13.248521431364965,11.605456886883774,13.026981364589703,15.110124623927303,37.0,33.0,2500.0,1494.331514371527,0.004548169375740393,-12.748521431364965,pass_full,126.0,0.0
0.0,2686.862067377733,1260835.21875,0.46320717126658484,10.497841893307486,8.724044778038362,10.727000648311844,16.076886776583837,37.0,33.0,2500.0,93.93059815355527,0.08319252139484956,-9.997841893307486,pass_bh_only,126.0,0.0
70.14047789421679,2686.862067377733,0.0,0.46320717126658484,13.351295494627557,11.608026064573243,13.23327163696328,14.990574236420649,37.0,33.0,2500.0,1524.5323187542954,0.0021977566160653757,-12.851295494627557,pass_halo_only,126.0,0.0
70.14047789421679,2686.862067377733,1500000.0,0.46320717126658484,13.247423419439459,11.450906028403088,13.199777405853311,15.053768238930424,37.0,33.0,2500.0,1494.3655837367555,0.0023216589549226283,-12.747423419439459,pass_bh_up,126.0,0.0
70.14047789421679,2686.862067377733,630417.609375,0.46320717126658484,13.357950675764146,11.630952445958052,13.219552652466335,15.0342665685969,37.0,33.0,2500.0,1516.5153943653459,0.002367162019558362,-12.857950675764146,pass_bh_down,126.0,0.0
100.0,2686.862067377733,1260835.21875,0.46320717126658484,13.993685018326966,11.88543343891117,14.20780720430375,14.964536227842457,37.0,33.0,2500.0,1543.256309433937,0.0031495757561521066,-13.493685018326966,pass_halo_up,126.0,0.0
35.07023894710839,2686.862067377733,1260835.21875,0.46320717126658484,12.38770543513927,10.718480531194384,12.29574467122832,15.245204914464866,37.0,33.0,2500.0,1291.1795256891605,0.008174898770683933,-11.88770543513927,pass_halo_down,126.0,0.0
70.14047789421679,2686.862067377733,1260835.21875,0.9264143425331697,13.302030639881867,11.566734346384932,13.177732137805036,15.099690868395262,37.0,33.0,2500.0,1512.3580617462926,0.002138659118048529,-12.802030639881867,pass_ml_up,126.0,0.0
70.14047789421679,2686.862067377733,1260835.21875,0.23160358563329242,13.308748554410357,11.55045004825631,13.209085588689783,15.110928378837361,37.0,33.0,2500.0,1500.537637114529,0.0027898691331370608,-12.808748554410357,pass_ml_down,126.0,0.0
34.0847074258309,5000.0,295039.1492913316,0.35893799989786324,13.163386639203813,11.36911162781501,13.12372828641737,15.043354506522832,37.0,33.0,2500.0,1499.654952732964,0.0022174422558146603,-12.663386639203813,pass_full,127.0,0.0
0.0,5000.0,295039.1492913316,0.35893799989786324,65.73226172032591,93.7499543745109,25.840328911524843,16.850107604285725,37.0,33.0,2500.0,122.72834138715378,0.05648162021219234,-65.23226172032591,pass_bh_only,127.0,0.0
34.0847074258309,5000.0,0.0,0.35893799989786324,13.206959642281772,11.44845173610584,13.12250012174474,15.024118137104905,37.0,33.0,2500.0,1518.5409438354761,0.0021003657569765126,-12.706959642281772,pass_halo_only,127.0,0.0
34.0847074258309,5000.0,590078.2985826632,0.35893799989786324,13.18524179666948,11.459931996252486,13.06639815496295,15.017335605066043,37.0,33.0,2500.0,1512.157971847162,0.0020734934041404056,-12.68524179666948,pass_bh_up,127.0,0.0
34.0847074258309,5000.0,147519.5746456658,0.35893799989786324,13.201185412725497,11.461511509784385,13.096965871344118,15.002437623504724,37.0,33.0,2500.0,1517.2683357954957,0.0020826333587321308,-12.701185412725497,pass_bh_down,127.0,0.0
68.1694148516618,5000.0,295039.1492913316,0.35893799989786324,13.680168191446189,11.938303687746616,13.524561163365233,14.863345797771228,37.0,33.0,2500.0,1456.3554398540605,0.0022611403919157716,-13.180168191446189,pass_halo_up,127.0,0.0
17.04235371291545,5000.0,295039.1492913316,0.35893799989786324,12.631723299340138,11.04485283837491,12.417693324352982,15.250303032928976,37.0,33.0,2500.0,1367.865919341257,0.0029695196030355936,-12.131723299340138,pass_halo_down,127.0,0.0
34.0847074258309,5000.0,295039.1492913316,0.7178759997957265,13.146150868850102,11.351591854428971,13.108907095967048,15.04312456332212,37.0,33.0,2500.0,1499.952093630444,0.0020196362302975376,-12.646150868850102,pass_ml_up,127.0,0.0
34.0847074258309,5000.0,295039.1492913316,0.2,13.155433412768927,11.380773524157076,13.095160244894249,15.029696767427176,37.0,33.0,2500.0,1506.226833761531,0.002172144047567238,-12.655433412768927,pass_ml_down,127.0,0.0
97.40104048787218,2665.180909554914,132437.92113264475,1.360055030925097,17.09143423924975,12.001965150615002,20.27270644319351,14.96263659234243,37.0,33.0,2500.0,1542.3997233805485,0.0032303965328894786,-16.59143423924975,pass_full,128.0,0.0
0.0,2665.180909554914,132437.92113264475,1.360055030925097,27.138467710639326,41.47033095077589,7.287753054540176,16.240772923662753,37.0,33.0,2500.0,98.02312231028766,0.08239102964933377,-26.638467710639326,pass_bh_only,128.0,0.0
97.40104048787218,2665.180909554914,0.0,1.360055030925097,16.772981835761968,12.010134411627156,19.62715075949346,14.945852866800287,37.0,33.0,2500.0,1556.7528137447423,0.003187428453037153,-16.272981835761968,pass_halo_only,128.0,0.0
97.40104048787218,2665.180909554914,264875.8422652895,1.360055030925097,21.429454046204523,12.001279720480106,28.949090018455866,14.976646782691551,37.0,33.0,2500.0,1531.5943876396573,0.0034904077955626315,-20.929454046204523,pass_bh_up,128.0,0.0
97.40104048787218,2665.180909554914,66218.96056632238,1.360055030925097,16.955071309537377,12.007783354661314,19.993707547702645,14.954373232811484,37.0,33.0,2500.0,1551.6050658469287,0.00324386939128859,-16.455071309537377,pass_bh_down,128.0,0.0
100.0,2665.180909554914,132437.92113264475,1.360055030925097,24.67469041809035,12.027542367810085,35.41058126521523,14.961318232887313,37.0,33.0,2500.0,1547.603808854047,0.003459137451316087,-24.17469041809035,pass_halo_up,128.0,0.0
48.70052024393609,2665.180909554914,132437.92113264475,1.360055030925097,12.750055813632429,11.104874872621286,12.590745497302118,15.128712001783112,37.0,33.0,2500.0,1454.9987504758794,0.002395306997000873,-12.250055813632429,pass_halo_down,128.0,0.0
97.40104048787218,2665.180909554914,132437.92113264475,2.0,14.876433995000566,11.996982233202257,15.848313953756808,14.9619405675791,37.0,33.0,2500.0,1544.2338545242035,0.003230538086661284,-14.376433995000566,pass_ml_up,128.0,0.0
97.40104048787218,2665.180909554914,132437.92113264475,0.6800275154625485,17.606043019742458,11.995281123731674,21.309658979792065,14.954691391792075,37.0,33.0,2500.0,1546.373899917413,0.003148249711994772,-17.106043019742458,pass_ml_down,128.0,0.0
39.99097485867291,3744.689614750168,172113.4948687706,0.7334423693015515,12.99400755279508,11.222614087878164,12.949177589485515,15.044916779961214,37.0,33.0,2500.0,1529.1799624394419,0.0016181734089171199,-12.49400755279508,pass_full,129.0,0.0
0.0,3744.689614750168,172113.4948687706,0.7334423693015515,89.15315450149312,106.23740400503743,58.6921294067619,16.483978489018398,37.0,33.0,2500.0,110.36147863867718,0.05670033853144692,-88.65315450149312,pass_bh_only,129.0,0.0
39.99097485867291,3744.689614750168,0.0,0.7334423693015515,13.018766546175017,11.244073182662621,12.97506187031874,15.03084256851597,37.0,33.0,2500.0,1528.082724151024,0.0016683156375872296,-12.518766546175017,pass_halo_only,129.0,0.0
39.99097485867291,3744.689614750168,344226.9897375412,0.7334423693015515,13.032049121343592,11.284656469608924,12.956033549300882,15.033845506217938,37.0,33.0,2500.0,1523.6894568931687,0.0015680919396704857,-12.532049121343592,pass_bh_up,129.0,0.0
39.99097485867291,3744.689614750168,86056.7474343853,0.7334423693015515,13.01705644134019,11.258162205714322,12.955999491443475,15.025740299387344,37.0,33.0,2500.0,1529.3842983561085,0.0016034962442980588,-12.51705644134019,pass_bh_down,129.0,0.0
79.98194971734581,3744.689614750168,172113.4948687706,0.7334423693015515,13.70129118079818,11.934499881459681,13.570917878701463,14.868432321523558,37.0,33.0,2500.0,1477.7930987375883,0.0021473736923932236,-13.20129118079818,pass_halo_up,129.0,0.0
19.995487429336453,3744.689614750168,172113.4948687706,0.7334423693015515,13.31317002752965,11.00878054160509,13.8196221712934,15.29681012488638,37.0,33.0,2500.0,1326.1987081488803,0.003968733168854698,-12.81317002752965,pass_halo_down,129.0,0.0
39.99097485867291,3744.689614750168,172113.4948687706,1.466884738603103,12.996229760531365,11.218061637190297,12.958833251322275,15.041386325394214,37.0,33.0,2500.0,1524.5905633709983,0.0015154986256909063,-12.496229760531365,pass_ml_up,129.0,0.0
39.99097485867291,3744.689614750168,172113.4948687706,0.36672118465077574,13.022240383186741,11.238815253463693,12.987231845544565,15.053050009197372,37.0,33.0,2500.0,1518.517065618299,0.001891048691598382,-12.522240383186741,pass_ml_down,129.0,0.0
20.0,5000.0,173051.6691651148,0.5719797822595043,12.581755854960416,10.968619852462556,12.404677717126614,15.202587221094655,37.0,33.0,2500.0,1386.6531997500385,0.002372309838000743,-12.081755854960416,pass_full,130.0,0.0
0.0,5000.0,173051.6691651148,0.5719797822595043,42.974332979726924,62.086555398569175,15.816474685805904,17.1597622833229,37.0,33.0,2500.0,134.18278215226198,0.039024446791241195,-42.474332979726924,pass_bh_only,130.0,0.0
20.0,5000.0,0.0,0.5719797822595043,12.54820237212123,10.854787884950218,12.46455116456167,15.224016386307744,37.0,33.0,2500.0,1384.688783888403,0.002906641065873165,-12.04820237212123,pass_halo_only,130.0,0.0
20.0,5000.0,346103.3383302296,0.5719797822595043,12.632764264912193,11.033380374778087,12.435037099176101,15.171143344604351,37.0,33.0,2500.0,1400.6426311153689,0.0022771400951367843,-12.132764264912193,pass_bh_up,130.0,0.0
20.0,5000.0,86525.8345825574,0.5719797822595043,12.657663025278099,10.923970834344802,12.606058952273647,15.218893372566326,37.0,33.0,2500.0,1386.660636132698,0.0025552164413803423,-12.157663025278099,pass_bh_down,130.0,0.0
40.0,5000.0,173051.6691651148,0.5719797822595043,13.302035059623956,11.711713962383067,13.019469761464547,14.958395198677165,37.0,33.0,2500.0,1500.9608745552346,0.0019112746640382564,-12.802035059623956,pass_halo_up,130.0,0.0
10.0,5000.0,173051.6691651148,0.5719797822595043,12.199264764545987,10.526622358807566,12.115622684689885,15.850898589389185,37.0,33.0,2500.0,1131.1742616262497,0.002859195734163856,-11.699264764545987,pass_halo_down,130.0,0.0
20.0,5000.0,173051.6691651148,1.1439595645190086,12.588354393711553,10.981769691233916,12.403273423976113,15.197888418095893,37.0,33.0,2500.0,1392.5848502662523,0.0029686699169451302,-12.088354393711553,pass_ml_up,130.0,0.0
20.0,5000.0,173051.6691651148,0.28598989112975215,12.615445986851016,10.98530589646071,12.453541935546781,15.19623309007714,37.0,33.0,2500.0,1393.9825445171728,0.003391579710157788,-12.115445986851016,pass_ml_down,130.0,0.0
61.542296863558214,2650.2345194679524,611362.4649771495,1.7175334346539777,13.208621477361264,11.37266614221769,13.209272549946684,15.074376095548534,37.0,33.0,2500.0,1514.641086463943,0.0024416722006079653,-12.708621477361264,pass_full,131.0,0.0
0.0,2650.2345194679524,611362.4649771495,1.7175334346539777,33.809398069789374,46.832415645016845,14.603065699696781,16.719725650479475,37.0,33.0,2500.0,116.04871795801823,0.05524018300654842,-33.309398069789374,pass_bh_only,131.0,0.0
61.542296863558214,2650.2345194679524,0.0,1.7175334346539777,13.21793835552443,11.328197307500421,13.277864148116786,15.071114199242885,37.0,33.0,2500.0,1536.1186735172962,0.0029013469714599155,-12.71793835552443,pass_halo_only,131.0,0.0
61.542296863558214,2650.2345194679524,1222724.929954299,1.7175334346539777,13.145416947716095,11.293236997923428,13.170428881622477,15.123596532553753,37.0,33.0,2500.0,1502.8101009896839,0.003787310038578931,-12.645416947716095,pass_bh_up,131.0,0.0
61.542296863558214,2650.2345194679524,305681.23248857475,1.7175334346539777,13.175061034919821,11.280595326767713,13.24563291631453,15.06611497592342,37.0,33.0,2500.0,1515.5833813725653,0.0029348936958980983,-12.675061034919821,pass_bh_down,131.0,0.0
100.0,2650.2345194679524,611362.4649771495,1.7175334346539777,34.403829874226666,12.032399115813096,54.864322493117186,14.931362141007032,37.0,33.0,2500.0,1578.487034097536,0.002511164978675196,-33.903829874226666,pass_halo_up,131.0,0.0
30.771148431779107,2650.2345194679524,611362.4649771495,1.7175334346539777,16.53448659714343,10.905384885553925,20.377179411192994,15.329954076602693,37.0,33.0,2500.0,1343.0162483160889,0.004507120927046764,-16.03448659714343,pass_halo_down,131.0,0.0
61.542296863558214,2650.2345194679524,611362.4649771495,2.0,13.223006229473333,11.3683018873548,13.243641984930065,15.051055810420321,37.0,33.0,2500.0,1512.3149116693,0.0032791618322413623,-12.723006229473333,pass_ml_up,131.0,0.0
61.542296863558214,2650.2345194679524,611362.4649771495,0.8587667173269888,33.832477155477,11.343031898316195,54.49005582154025,15.079469912954478,37.0,33.0,2500.0,1523.8590335231654,0.0015653518028059432,-33.332477155477,pass_ml_down,131.0,0.0
100.0,1407.797603197466,338297.0132030739,1.6399999856948853,33.46284228187546,11.064024514247915,54.06271409875248,15.109118317776543,37.0,33.0,2500.0,1504.3703181262554,0.0014088206039368513,-32.96284228187546,pass_full,132.0,0.0
0.0,1407.797603197466,338297.0132030739,1.6399999856948853,13.29533247524851,13.395975468681149,11.065172509409802,16.690158214675296,37.0,33.0,2500.0,114.99859242293051,0.06946320227300982,-12.79533247524851,pass_bh_only,132.0,0.0
100.0,1407.797603197466,0.0,1.6399999856948853,33.519357255620896,11.107538971590968,54.12813370098448,15.070224789626685,37.0,33.0,2500.0,1542.2052101463996,0.0014620742097845,-33.019357255620896,pass_halo_only,132.0,0.0
100.0,1407.797603197466,676594.0264061478,1.6399999856948853,33.48335701354459,11.123399356667973,54.038752329504064,15.056959823592113,37.0,33.0,2500.0,1513.7676737856082,0.0013983978457522165,-32.98335701354459,pass_bh_up,132.0,0.0
100.0,1407.797603197466,169148.50660153694,1.6399999856948853,33.52442391807074,11.130253549329653,54.111855392902235,15.101369301698284,37.0,33.0,2500.0,1522.7429096131648,0.00140331362266722,-33.02442391807074,pass_bh_down,132.0,0.0
100.0,1407.797603197466,338297.0132030739,1.6399999856948853,33.47039008193173,11.07832383820006,54.061897401952216,15.105149129669007,37.0,33.0,2500.0,1511.636168469653,0.00134935995163672,-32.97039008193173,pass_halo_up,132.0,0.0
50.0,1407.797603197466,338297.0132030739,1.6399999856948853,12.367980987596068,10.899566313308902,12.04943760447533,15.371350641225103,37.0,33.0,2500.0,1329.9579884944014,0.0032984536943660185,-11.867980987596068,pass_halo_down,132.0,0.0
100.0,1407.797603197466,338297.0132030739,2.0,33.475058166610715,11.085967203841282,54.06261221125093,15.106849482899575,37.0,33.0,2500.0,1504.6323046483433,0.0013854544189640194,-32.975058166610715,pass_ml_up,132.0,0.0
100.0,1407.797603197466,338297.0132030739,0.8199999928474426,33.46058413419942,11.069751994387685,54.051890874722794,15.105330198963982,37.0,33.0,2500.0,1502.3773131946919,0.0013497648962544938,-32.96058413419942,pass_ml_down,132.0,0.0
73.32131361809374,2712.9158393503894,909049.8339654545,0.2,13.460945713377926,11.68137488703473,13.367411411381385,15.086969687072166,37.0,33.0,2500.0,1500.3801934681915,0.0020762320589399813,-12.960945713377926,pass_full,133.0,0.0
0.0,2712.9158393503894,909049.8339654545,0.2,40.63015056199404,50.61081197903324,24.038753776156174,15.711019254223169,37.0,33.0,2500.0,82.98294751583862,0.09739594801583493,-40.13015056199404,pass_bh_only,133.0,0.0
73.32131361809374,2712.9158393503894,0.0,0.2,13.423532324917199,11.657837161477158,13.321254858746478,15.011748131245904,37.0,33.0,2500.0,1508.8647589161521,0.0022400190288599745,-12.923532324917199,pass_halo_only,133.0,0.0
73.32131361809374,2712.9158393503894,1500000.0,0.2,13.388577443084314,11.581440175581605,13.334447405555482,15.096060363714695,37.0,33.0,2500.0,1490.0376663611783,0.0025187962108243365,-12.888577443084314,pass_bh_up,133.0,0.0
73.32131361809374,2712.9158393503894,454524.91698272724,0.2,13.45143348657258,11.739793072074455,13.285261740626405,15.008629006364558,37.0,33.0,2500.0,1505.4371058950587,0.002395569460055486,-12.95143348657258,pass_bh_down,133.0,0.0
100.0,2712.9158393503894,909049.8339654545,0.2,13.763887258046017,11.960695521265466,13.663915329099481,14.961618883931841,37.0,33.0,2500.0,1536.4692238755836,0.003408153353931635,-13.263887258046017,pass_halo_up,133.0,0.0
36.66065680904687,2712.9158393503894,909049.8339654545,0.2,12.419598730712,10.878375720809979,12.18021913295966,15.246383169354509,37.0,33.0,2500.0,1327.114030783263,0.006770989457843349,-11.919598730712,pass_halo_down,133.0,0.0
73.32131361809374,2712.9158393503894,909049.8339654545,0.4,13.446645480722,11.655727249130598,13.36755586971487,15.087349809229313,37.0,33.0,2500.0,1496.4450541779313,0.0020816094902582818,-12.946645480722,pass_ml_up,133.0,0.0
73.32131361809374,2712.9158393503894,909049.8339654545,0.2,13.460226932201607,11.666541478545316,13.381790827951837,15.113845496718788,37.0,33.0,2500.0,1495.039884915216,0.002158727749729506,-12.960226932201607,pass_ml_down,133.0,0.0
50.56848283734638,5000.0,0.0,1.3713946263688968,13.717667535861516,11.813278149634987,13.736203797859668,14.980040500996491,37.0,33.0,2500.0,1496.721098442817,0.002786114049816982,-13.217667535861516,pass_full,134.0,0.0
0.0,5000.0,0.0,1.3713946263688968,1528.079198077869,1381.5510557964276,1381.5510557964278,4144.653167389282,37.0,33.0,2500.0,2495.3184293765544,0.0005482340975665292,-1527.579198077869,pass_bh_only,134.0,0.0
50.56848283734638,5000.0,0.0,1.3713946263688968,13.692790878033964,11.799119837441511,13.703200127638029,14.951159752850566,37.0,33.0,2500.0,1511.835435719772,0.0022459864530851594,-13.192790878033964,pass_halo_only,134.0,0.0
50.56848283734638,5000.0,0.0,1.3713946263688968,13.677261929631323,11.816095752563504,13.652550465750155,14.969579141062768,37.0,33.0,2500.0,1506.3090176767425,0.002575756662122698,-13.177261929631323,pass_bh_up,134.0,0.0
50.56848283734638,5000.0,0.0,1.3713946263688968,13.685741605429792,11.819230551592536,13.665850136724675,14.974361037528151,37.0,33.0,2500.0,1509.7344842160708,0.003241351865938935,-13.185741605429792,pass_bh_down,134.0,0.0
100.0,5000.0,0.0,1.3713946263688968,13.964503514918299,12.295884617169367,13.690972446370521,14.907410419114303,37.0,33.0,2500.0,1451.5062551673109,0.0020422179252516394,-13.464503514918299,pass_halo_up,134.0,0.0
25.28424141867319,5000.0,0.0,1.3713946263688968,12.65205750912996,11.022670473799154,12.487095248676336,15.122844865689553,37.0,33.0,2500.0,1453.242949235332,0.0016547865114477985,-12.15205750912996,pass_halo_down,134.0,0.0
50.56848283734638,5000.0,0.0,2.0,13.691225099634384,11.828211676005889,13.66665460054974,14.97742274551012,37.0,33.0,2500.0,1506.8164141089778,0.0029627485316188803,-13.191225099634384,pass_ml_up,134.0,0.0
50.56848283734638,5000.0,0.0,0.6856973131844484,13.674684054387757,11.826091735291703,13.636256283680577,14.967296022340044,37.0,33.0,2500.0,1503.5134429648049,0.0026996897295390966,-13.174684054387757,pass_ml_down,134.0,0.0
20.0,3367.7487487900507,1169806.6794187804,0.2,12.474931989693482,10.85290681641747,12.313796120881637,15.432687123229208,37.0,33.0,2500.0,1319.8997077821566,0.003232849275261147,-11.974931989693482,pass_full,135.0,0.0
0.0,3367.7487487900507,1169806.6794187804,0.2,11.946315857718195,14.321785292006556,7.342057359268231,16.262897949307007,37.0,33.0,2500.0,100.03122512194221,0.05802009928061746,-11.446315857718195,pass_bh_only,135.0,0.0
20.0,3367.7487487900507,0.0,0.2,18.09781197671571,10.750606518097825,23.67471032624685,15.417708527471031,37.0,33.0,2500.0,1307.5380429765955,0.0037262752047574382,-17.59781197671571,pass_halo_only,135.0,0.0
20.0,3367.7487487900507,1500000.0,0.2,18.05753319978202,10.759251969510288,23.583690315671582,15.443087896570304,37.0,33.0,2500.0,1277.2898002093887,0.005158542981461808,-17.55753319978202,pass_bh_up,135.0,0.0
20.0,3367.7487487900507,584903.3397093902,0.2,12.267842521754478,10.681225248346545,12.091251148251468,15.460984354674995,37.0,33.0,2500.0,1230.1567990318892,0.008081445292435872,-11.767842521754478,pass_bh_down,135.0,0.0
40.0,3367.7487487900507,1169806.6794187804,0.2,12.490316832724673,10.793897818646002,12.418883536652299,15.163534960400735,37.0,33.0,2500.0,1313.7466629105575,0.009719806358252774,-11.990316832724673,pass_halo_up,135.0,0.0
10.0,3367.7487487900507,1169806.6794187804,0.2,12.016487669058558,10.187285991413027,12.120699670009955,16.175515365254572,37.0,33.0,2500.0,912.3111417892933,0.004450240562235452,-11.516487669058558,pass_halo_down,135.0,0.0
20.0,3367.7487487900507,1169806.6794187804,0.4,12.013417905894373,10.45473320137193,11.837212284313823,15.432447955910765,37.0,33.0,2500.0,1121.7735492714842,0.010503106847867373,-11.513417905894373,pass_ml_up,135.0,0.0
20.0,3367.7487487900507,1169806.6794187804,0.2,12.472094345856874,10.866082005317633,12.294240628195427,15.403251899352167,37.0,33.0,2500.0,1322.7227400581844,0.003363168440488451,-11.972094345856874,pass_ml_down,135.0,0.0
41.32551360858692,2049.277086812866,1169881.9701017076,0.2,12.346230662906585,11.006346790348095,11.888856328429853,15.28413367076993,37.0,33.0,2500.0,1343.9211333012574,0.0069067458434063115,-11.846230662906585,pass_full,136.0,0.0
0.0,2049.277086812866,1169881.9701017076,0.2,13.853653957457738,17.88423652354986,7.155086713991395,16.50654825915018,37.0,33.0,2500.0,107.66057296130916,0.05762822377517626,-13.353653957457738,pass_bh_only,136.0,0.0
41.32551360858692,2049.277086812866,0.0,0.2,12.49897141040225,10.994341355127736,12.209311146643627,15.23421510758253,37.0,33.0,2500.0,1367.2488960012042,0.00214390642503091,-11.99897141040225,pass_halo_only,136.0,0.0
41.32551360858692,2049.277086812866,1500000.0,0.2,12.455242819420231,10.958085140530127,12.161409785482299,15.27035296120507,37.0,33.0,2500.0,1382.570572159413,0.0018037416702120538,-11.955242819420231,pass_bh_up,136.0,0.0
41.32551360858692,2049.277086812866,584940.9850508538,0.2,11.974206419134875,10.783140062603001,11.392661308666593,15.363618160592749,37.0,33.0,2500.0,1263.7372739373018,0.009121156098634535,-11.474206419134875,pass_bh_down,136.0,0.0
82.65102721717383,2049.277086812866,1169881.9701017076,0.2,13.087544217104913,11.29324791184025,13.05501003139687,15.112414554738418,37.0,33.0,2500.0,1500.8446890401203,0.00179331071619067,-12.587544217104913,pass_halo_up,136.0,0.0
20.66275680429346,2049.277086812866,1169881.9701017076,0.2,12.32971245156192,10.41534774431856,12.496917816906109,15.994867305398653,37.0,33.0,2500.0,1076.7023656360086,0.0033523570002370255,-11.82971245156192,pass_halo_down,136.0,0.0
41.32551360858692,2049.277086812866,1169881.9701017076,0.4,12.405987872647009,10.861152323566364,12.171100597418132,15.286243907949153,37.0,33.0,2500.0,1323.965398215926,0.006470965216542962,-11.905987872647009,pass_ml_up,136.0,0.0
41.32551360858692,2049.277086812866,1169881.9701017076,0.2,12.521307030868705,11.07693344264084,12.161774392703629,15.221171700403547,37.0,33.0,2500.0,1403.2572366048403,0.0016398147186419585,-12.021307030868705,pass_ml_down,136.0,0.0
100.0,2173.1760696338642,293301.3125,0.3826074088366729,14.069824823672322,11.935852540388947,14.303137855394194,14.978345139973689,37.0,33.0,2500.0,1522.2323539607914,0.004414795728606751,-13.569824823672322,pass_full,137.0,0.0
0.0,2173.1760696338642,293301.3125,0.3826074088366729,30.360971121960844,29.98192664033686,26.59767775620723,16.769442402114027,37.0,33.0,2500.0,117.44174809029916,0.04225069400781108,-29.860971121960844,pass_bh_only,137.0,0.0
100.0,2173.1760696338642,0.0,0.3826074088366729,14.472952952880233,11.909393596983028,15.138593837652289,14.993735159197808,37.0,33.0,2500.0,1516.6446128077775,0.0034297820480472005,-13.972952952880233,pass_halo_only,137.0,0.0
100.0,2173.1760696338642,586602.625,0.3826074088366729,13.932683263094967,11.901854316617403,14.066214087880962,15.003420749352092,37.0,33.0,2500.0,1510.0589580277876,0.0034493594549480683,-13.432683263094967,pass_bh_up,137.0,0.0
100.0,2173.1760696338642,146650.65625,0.3826074088366729,14.772983926629822,11.836101569373476,15.820721129132865,14.997383829364312,37.0,33.0,2500.0,1517.6407419442482,0.003467080929279315,-14.272983926629822,pass_bh_down,137.0,0.0
100.0,2173.1760696338642,293301.3125,0.3826074088366729,15.228025096219506,11.91607365015826,16.640255586393526,15.026496943645189,37.0,33.0,2500.0,1505.0799492378242,0.004159231503794361,-14.728025096219506,pass_halo_up,137.0,0.0
50.0,2173.1760696338642,293301.3125,0.3826074088366729,12.62162867824931,11.052610478861931,12.390538102789398,15.19314765451298,37.0,33.0,2500.0,1392.1382530783085,0.00234100465017275,-12.12162867824931,pass_halo_down,137.0,0.0
100.0,2173.1760696338642,293301.3125,0.7652148176733458,15.230715238812328,11.891535990455855,16.67290860484971,15.034390154706465,37.0,33.0,2500.0,1505.1057548372241,0.0034131998718556146,-14.730715238812328,pass_ml_up,137.0,0.0
100.0,2173.1760696338642,293301.3125,0.2,15.054072543337726,11.8967281876757,16.314542762606116,15.009933750287118,37.0,33.0,2500.0,1510.5356777941304,0.003342539208475933,-14.554072543337726,pass_ml_down,137.0,0.0
47.018890985601224,2079.325312713356,719410.8510486812,0.24479708353958438,27.808182825566252,11.023750137777721,42.792497430104376,15.30889619615248,37.0,33.0,2500.0,1402.2903133307964,0.0039791277843423045,-27.308182825566252,pass_full,138.0,0.0
0.0,2079.325312713356,719410.8510486812,0.24479708353958438,23.346654772918072,30.619842320710546,11.87359491828421,16.11641684292495,37.0,33.0,2500.0,95.26193534481938,0.07653163185331846,-22.846654772918072,pass_bh_only,138.0,0.0
47.018890985601224,2079.325312713356,0.0,0.24479708353958438,33.129890558027505,10.94465807709221,53.52772428942069,15.205526426521262,37.0,33.0,2500.0,1401.0329428551722,0.0016273005175234559,-32.629890558027505,pass_halo_only,138.0,0.0
47.018890985601224,2079.325312713356,1438821.7020973624,0.24479708353958438,12.539828164770919,10.960213543729012,12.33044163783985,15.196183708192548,37.0,33.0,2500.0,1388.0230699051003,0.0048433301324626865,-12.039828164770919,pass_bh_up,138.0,0.0
47.018890985601224,2079.325312713356,359705.4255243406,0.24479708353958438,33.17334544608926,11.028107895683595,53.52175956187482,15.182741759729435,37.0,33.0,2500.0,1393.6847206409045,0.001573247979177056,-32.67334544608926,pass_bh_down,138.0,0.0
94.03778197120245,2079.325312713356,719410.8510486812,0.24479708353958438,34.09051170090832,11.654989859307198,54.65833577313123,15.014066952251286,37.0,33.0,2500.0,1550.7726658763754,0.0016218382229319722,-33.59051170090832,pass_halo_up,138.0,0.0
23.509445492800612,2079.325312713356,719410.8510486812,0.24479708353958438,11.8874960629767,10.361015931250193,11.680104747780884,15.773694023435578,37.0,33.0,2500.0,1015.1557833249522,0.011127592427216887,-11.3874960629767,pass_halo_down,138.0,0.0
47.018890985601224,2079.325312713356,719410.8510486812,0.48959416707916875,16.527856618562744,11.007482312588849,20.251398067231868,15.265555040701926,37.0,33.0,2500.0,1362.533379698794,0.0068252275845898484,-16.027856618562744,pass_ml_up,138.0,0.0
47.018890985601224,2079.325312713356,719410.8510486812,0.2,12.62478260492519,11.045257833627462,12.402851777657284,15.267003418156245,37.0,33.0,2500.0,1423.1805771628058,0.003121295936507039,-12.12478260492519,pass_ml_down,138.0,0.0
64.27614026155854,2287.0401335286733,638087.2218913819,1.879446077249444,12.964799726308673,11.118164814198773,13.007002524298365,15.073600509171815,37.0,33.0,2500.0,1489.953654219292,0.002076514938853107,-12.464799726308673,pass_full,139.0,0.0
0.0,2287.0401335286733,638087.2218913819,1.879446077249444,16.614433148215028,19.75319187060545,10.595812113223943,16.02268883339936,37.0,33.0,2500.0,91.68108780129936,0.08044700323654619,-16.114433148215028,pass_bh_only,139.0,0.0
64.27614026155854,2287.0401335286733,0.0,1.879446077249444,13.020852072462468,11.192803304145759,13.034626486618663,15.099840470713756,37.0,33.0,2500.0,1511.0201809252724,0.003005244465569055,-12.520852072462468,pass_halo_only,139.0,0.0
64.27614026155854,2287.0401335286733,1276174.4437827638,1.879446077249444,12.980574961424644,11.168595312191977,12.981892434679917,15.077470558486299,37.0,33.0,2500.0,1492.6147263646901,0.0023230492719145735,-12.480574961424644,pass_bh_up,139.0,0.0
64.27614026155854,2287.0401335286733,319043.61094569095,1.879446077249444,13.02122528430861,11.234803795975091,12.98913950876938,15.071524523900324,37.0,33.0,2500.0,1509.2527246608108,0.0019828807774726043,-12.52122528430861,pass_bh_down,139.0,0.0
100.0,2287.0401335286733,638087.2218913819,1.879446077249444,18.077869224320896,11.898939480259282,22.360262422109194,14.989948105982355,37.0,33.0,2500.0,1518.8565543324314,0.003526749241798528,-17.577869224320896,pass_halo_up,139.0,0.0
32.13807013077927,2287.0401335286733,638087.2218913819,1.879446077249444,12.611257847635155,11.017802454827695,12.40251841806582,15.401219319123463,37.0,33.0,2500.0,1354.2168659165518,0.0032060489786125967,-12.111257847635155,pass_halo_down,139.0,0.0
64.27614026155854,2287.0401335286733,638087.2218913819,2.0,12.96668231897514,11.119442457669644,13.00899689349806,15.084764633146738,37.0,33.0,2500.0,1490.6000274495689,0.0020998520058910274,-12.46668231897514,pass_ml_up,139.0,0.0
64.27614026155854,2287.0401335286733,638087.2218913819,0.939723038624722,12.970290265865613,11.150277308115248,12.982176000865007,15.067089118320988,37.0,33.0,2500.0,1497.5447080302854,0.003051397546358033,-12.470290265865613,pass_ml_down,139.0,0.0
70.21046245340574,3745.672069653054,710118.3034377613,0.6704672803651093,13.863066236341693,12.053142043835692,13.759777143631487,14.923470236792141,37.0,33.0,2500.0,1561.7001437429442,0.0025582759755539875,-13.363066236341693,pass_full,140.0,0.0
0.0,3745.672069653054,710118.3034377613,0.6704672803651093,13.560980498839342,15.891418758037238,8.81815387772549,16.04314091107736,37.0,33.0,2500.0,92.69127595936604,0.07145707723641592,-13.060980498839342,pass_bh_only,140.0,0.0
70.21046245340574,3745.672069653054,0.0,0.6704672803651093,13.682758935899377,11.841605865710376,13.636442894870614,14.92005720734483,37.0,33.0,2500.0,1518.5813340928928,0.002525516551754926,-13.182758935899377,pass_halo_only,140.0,0.0
70.21046245340574,3745.672069653054,1420236.6068755225,0.6704672803651093,13.6134437817886,11.785757773076382,13.559558902537592,14.948808210480744,37.0,33.0,2500.0,1515.857795960479,0.004198961004528763,-13.1134437817886,pass_bh_up,140.0,0.0
70.21046245340574,3745.672069653054,355059.15171888063,0.6704672803651093,13.773874231037585,11.992584439975575,13.648844598357433,14.938203223589262,37.0,33.0,2500.0,1559.4923098843365,0.0018083510083569145,-13.273874231037585,pass_bh_down,140.0,0.0
100.0,3745.672069653054,710118.3034377613,0.6704672803651093,13.814153561119921,12.107072133939292,13.604769298728053,14.815079220135102,37.0,33.0,2500.0,1493.61457104729,0.0019560894684697355,-13.314153561119921,pass_halo_up,140.0,0.0
35.10523122670287,3745.672069653054,710118.3034377613,0.6704672803651093,12.692060726974368,11.130441840377257,12.448165017291199,15.06021431574022,37.0,33.0,2500.0,1443.0644781985025,0.003697653504237437,-12.192060726974368,pass_halo_down,140.0,0.0
70.21046245340574,3745.672069653054,710118.3034377613,1.3409345607302185,13.83136965998426,12.04764563458332,13.70299837927194,14.908562563404198,37.0,33.0,2500.0,1566.7076261380064,0.0026192789295553845,-13.33136965998426,pass_ml_up,140.0,0.0
70.21046245340574,3745.672069653054,710118.3034377613,0.33523364018255464,13.814543661712463,12.056928491394293,13.658312765728427,14.92920622239583,37.0,33.0,2500.0,1558.588088798256,0.0023456345760225535,-13.314543661712463,pass_ml_down,140.0,0.0
32.6620548935375,3052.693259558373,1040255.2055954905,0.23658187069701664,12.645992946506826,11.040176999555248,12.452336708202902,15.221874115210548,37.0,33.0,2500.0,1418.358850853897,0.002567641567632329,-12.145992946506826,pass_full,141.0,0.0
0.0,3052.693259558373,1040255.2055954905,0.23658187069701664,35.52908216883485,24.04287320634598,43.59841961033831,16.585267367134314,37.0,33.0,2500.0,110.50155517802192,0.053014296291969666,-35.02908216883485,pass_bh_only,141.0,0.0
32.6620548935375,3052.693259558373,0.0,0.23658187069701664,33.1437040303186,10.897033536274852,53.608436047538305,15.215835590093187,37.0,33.0,2500.0,1419.0190625864882,0.0015493710558831906,-32.6437040303186,pass_halo_only,141.0,0.0
32.6620548935375,3052.693259558373,1500000.0,0.23658187069701664,33.15036228689579,10.917996073949443,53.59859615001031,15.204383248652231,37.0,33.0,2500.0,1414.7003287541695,0.0018264475211089489,-32.65036228689579,pass_bh_up,141.0,0.0
32.6620548935375,3052.693259558373,520127.60279774526,0.23658187069701664,12.367111531780518,10.663176856353056,12.317934423520812,15.199981436264087,37.0,33.0,2500.0,1298.3868746793867,0.007964737733109153,-11.867111531780518,pass_bh_down,141.0,0.0
65.324109787075,3052.693259558373,1040255.2055954905,0.23658187069701664,13.464808107514784,11.68104429884034,13.376123368296412,15.066624885101561,37.0,33.0,2500.0,1524.2990128549889,0.001923150500585224,-12.964808107514784,pass_halo_up,141.0,0.0
16.33102744676875,3052.693259558373,1040255.2055954905,0.23658187069701664,12.161048892226953,10.674516351401572,11.873192775949567,15.856760278785158,37.0,33.0,2500.0,1151.675256590415,0.004296053864954092,-11.661048892226953,pass_halo_down,141.0,0.0
32.6620548935375,3052.693259558373,1040255.2055954905,0.4731637413940333,12.675442451638558,11.084833836572013,12.461795764766055,15.20108961770055,37.0,33.0,2500.0,1428.7354994508064,0.0027339707301453566,-12.175442451638558,pass_ml_up,141.0,0.0
32.6620548935375,3052.693259558373,1040255.2055954905,0.2,12.636829183443744,11.079920087442959,12.39023031574458,15.196082452326424,37.0,33.0,2500.0,1422.5571439365656,0.0032505643024014074,-12.136829183443744,pass_ml_down,141.0,0.0
100.0,3901.9624557124293,1179696.5977498833,0.2,31.445528349556223,12.235146491564825,48.72411818116551,14.808550904350538,37.0,33.0,2500.0,1471.588429417203,0.0034518601616749405,-30.945528349556223,pass_full,142.0,0.0
0.0,3901.9624557124293,1179696.5977498833,0.2,7.862148314605861,7.75434804520272,6.527158559669147,16.594678622404164,37.0,33.0,2500.0,113.60549594095296,0.041021177950789994,-7.362148314605861,pass_bh_only,142.0,0.0
100.0,3901.9624557124293,0.0,0.2,29.06357751065804,12.065240604967718,44.14793593885952,14.900327337262004,37.0,33.0,2500.0,1454.465968362265,0.003173012875998557,-28.56357751065804,pass_halo_only,142.0,0.0
100.0,3901.9624557124293,1500000.0,0.2,25.456246865567056,12.016117457860437,36.99064669060479,14.824606396631435,37.0,33.0,2500.0,1441.6922760117163,0.0031731851923645395,-24.956246865567056,pass_bh_up,142.0,0.0
100.0,3901.9624557124293,589848.2988749417,0.2,32.00715241617336,11.985488658330889,50.12468595976736,14.894342436875823,37.0,33.0,2500.0,1417.8113448539943,0.0037638820106225004,-31.507152416173362,pass_bh_down,142.0,0.0
100.0,3901.9624557124293,1179696.5977498833,0.2,30.071842926179123,12.237676438114427,45.973471117137365,14.823058052055195,37.0,33.0,2500.0,1464.0914675529343,0.0035133292215806192,-29.571842926179123,pass_halo_up,142.0,0.0
50.0,3901.9624557124293,1179696.5977498833,0.2,13.216326577656783,11.448592645567379,13.13747856605289,15.142833559609215,37.0,33.0,2500.0,1472.2457527054792,0.0027889690870831277,-12.716326577656783,pass_halo_down,142.0,0.0
100.0,3901.9624557124293,1179696.5977498833,0.4,27.434118606501713,12.206145347081977,40.73372118692558,14.811651018535553,37.0,33.0,2500.0,1470.4541200905473,0.0034835141247237986,-26.934118606501713,pass_ml_up,142.0,0.0
100.0,3901.9624557124293,1179696.5977498833,0.2,29.458245448689937,12.203432732234276,44.78506247654082,14.810126795020102,37.0,33.0,2500.0,1473.9495858428959,0.0031565343438419973,-28.958245448689937,pass_ml_down,142.0,0.0
91.12695369215031,4668.529978759116,1145799.900725861,1.493215613600372,18.062717744844218,12.136991672556448,22.06442707430647,14.944585823016196,37.0,33.0,2500.0,1400.1543273044697,0.003576271321371051,-17.562717744844218,pass_full,143.0,0.0
0.0,4668.529978759116,1145799.900725861,1.493215613600372,16.59827875899202,15.90214484875051,14.879865323705499,16.071483007422927,37.0,33.0,2500.0,93.00786451399637,0.08845583577727775,-16.09827875899202,pass_bh_only,143.0,0.0
91.12695369215031,4668.529978759116,0.0,1.493215613600372,16.72010058227723,12.089551629720718,19.43142786444313,14.976108604007589,37.0,33.0,2500.0,1396.244672118551,0.0037815986560729045,-16.22010058227723,pass_halo_only,143.0,0.0
91.12695369215031,4668.529978759116,1500000.0,1.493215613600372,14.049181913348844,12.379268127379188,13.76812335459951,14.86501486621001,37.0,33.0,2500.0,1440.906040221156,0.00325786119291853,-13.549181913348844,pass_bh_up,143.0,0.0
91.12695369215031,4668.529978759116,572899.9503629305,1.493215613600372,13.937986054197458,12.252199046925732,13.68723771182977,14.896870350397766,37.0,33.0,2500.0,1448.8779174152269,0.002458259414055161,-13.437986054197458,pass_bh_down,143.0,0.0
100.0,4668.529978759116,1145799.900725861,1.493215613600372,14.943003322323586,12.295815032519391,15.646914620268856,14.944880601266945,37.0,33.0,2500.0,1424.441413780838,0.003793204564663727,-14.443003322323586,pass_halo_up,143.0,0.0
45.563476846075154,4668.529978759116,1145799.900725861,1.493215613600372,13.388846830590929,11.659677398042355,13.246948679907744,15.106520654478533,37.0,33.0,2500.0,1483.616251197052,0.002110305194368169,-12.888846830590929,pass_halo_down,143.0,0.0
91.12695369215031,4668.529978759116,1145799.900725861,2.0,13.86298828220206,12.100874349369805,13.70556434115847,14.941252440423646,37.0,33.0,2500.0,1392.6273806671857,0.0034317743473700336,-13.36298828220206,pass_ml_up,143.0,0.0
91.12695369215031,4668.529978759116,1145799.900725861,0.746607806800186,13.895627067844442,12.139090842705706,13.728735598638888,14.91675054253919,37.0,33.0,2500.0,1402.8864429560078,0.0030885836838662833,-13.395627067844442,pass_ml_down,143.0,0.0
12.872857627654366,4689.32668887439,774903.8502971263,1.0837722249871173,12.41598025007444,10.837201818964,12.209165062532412,15.575782139675754,37.0,33.0,2500.0,1265.8275926071312,0.0030872708095368573,-11.91598025007444,pass_full,144.0,0.0
0.0,4689.32668887439,774903.8502971263,1.0837722249871173,14.554535828723465,12.446464391691503,14.660692885806398,16.27731697155148,37.0,33.0,2500.0,101.03094702670114,0.07550344843106692,-14.054535828723465,pass_bh_only,144.0,0.0
12.872857627654366,4689.32668887439,0.0,1.0837722249871173,12.25761867660434,10.606001763528145,12.15116173832402,15.592430040652678,37.0,33.0,2500.0,1226.7853609913768,0.0029121700609753003,-11.75761867660434,pass_halo_only,144.0,0.0
12.872857627654366,4689.32668887439,1500000.0,1.0837722249871173,12.245880064967777,10.614191586988163,12.117027392329478,15.641091622438381,37.0,33.0,2500.0,1210.5766329241703,0.003630209698260843,-11.745880064967777,pass_bh_up,144.0,0.0
12.872857627654366,4689.32668887439,387451.92514856317,1.0837722249871173,12.252809838221362,10.716245862953848,12.016851051341476,15.628267699048763,37.0,33.0,2500.0,1231.874691092395,0.002200042552465507,-11.752809838221362,pass_bh_down,144.0,0.0
25.74571525530873,4689.32668887439,774903.8502971263,1.0837722249871173,12.300749078799164,11.005051324717003,11.801656553886,15.207873907977802,37.0,33.0,2500.0,1310.0628432282228,0.009602753577783575,-11.800749078799164,pass_halo_up,144.0,0.0
6.436428813827183,4689.32668887439,774903.8502971263,1.0837722249871173,17.562096939000526,10.065908685180611,23.347560250706763,16.190288349029554,37.0,33.0,2500.0,792.4364845764793,0.008592038257807112,-17.062096939000526,pass_halo_down,144.0,0.0
12.872857627654366,4689.32668887439,774903.8502971263,2.0,12.384026454403584,10.786577439256492,12.201116319327317,15.605542200345024,37.0,33.0,2500.0,1248.0987030622423,0.0034454802020642593,-11.884026454403584,pass_ml_up,144.0,0.0
12.872857627654366,4689.32668887439,774903.8502971263,0.5418861124935587,12.172254052740845,10.783054141119708,11.781280803708741,15.613497737078166,37.0,33.0,2500.0,1210.3487028601676,0.0056320386755014445,-11.672254052740845,pass_ml_down,144.0,0.0
37.472181050455745,831.4230569927713,1494973.8823267622,0.9740820371946823,24.820859921270014,9.912903699726883,38.03097108476481,16.377272116687124,37.0,33.0,2500.0,892.3434626424564,0.0063761230205113826,-24.320859921270014,pass_full,145.0,0.0
0.0,831.4230569927713,1494973.8823267622,0.9740820371946823,15.44502928227225,13.303696887232814,15.47609067208472,16.42415562355871,37.0,33.0,2500.0,105.92766382860114,0.05777314736424639,-14.94502928227225,pass_bh_only,145.0,0.0
37.472181050455745,831.4230569927713,0.0,0.9740820371946823,45.75385039671384,10.052038021827864,79.74172045614837,16.351944322585894,37.0,33.0,2500.0,906.0228577820673,0.003583288950512862,-45.25385039671384,pass_halo_only,145.0,0.0
37.472181050455745,831.4230569927713,1500000.0,0.9740820371946823,11.754193463539204,10.026629961804115,11.771269838308417,16.339555342657537,37.0,33.0,2500.0,901.040863510122,0.007318129957094304,-11.254193463539204,pass_bh_up,145.0,0.0
37.472181050455745,831.4230569927713,747486.9411633811,0.9740820371946823,18.720451694781165,10.293414185976792,25.405729598202754,16.30441023372428,37.0,33.0,2500.0,892.9171422087081,0.005476732846835726,-18.220451694781165,pass_bh_down,145.0,0.0
74.94436210091149,831.4230569927713,1494973.8823267622,0.9740820371946823,12.232149427275859,10.543547480429224,12.167427711040762,15.685490959980301,37.0,33.0,2500.0,1201.030282533342,0.0034257240086374564,-11.732149427275859,pass_halo_up,145.0,0.0
18.736090525227873,831.4230569927713,1494973.8823267622,0.9740820371946823,11.945452478283881,10.212261964998525,11.958051645864943,15.930466548247507,37.0,33.0,2500.0,326.062663425159,0.028356273184302668,-11.445452478283881,pass_halo_down,145.0,0.0
37.472181050455745,831.4230569927713,1494973.8823267622,1.9481640743893647,14.552862637000414,10.031217517109862,17.3627071742893,16.364549157415098,37.0,33.0,2500.0,887.6690105199636,0.007451557586780861,-14.052862637000414,pass_ml_up,145.0,0.0
37.472181050455745,831.4230569927713,1494973.8823267622,0.48704101859734117,11.778886033812897,9.972609901244988,11.87921302986843,16.40588189992848,37.0,33.0,2500.0,890.5132604303678,0.007534849307970788,-11.278886033812897,pass_ml_down,145.0,0.0
52.81885391531197,2479.820811897186,0.0,0.2,12.695893983866414,11.033456255807934,12.562519197722043,15.12798794546243,37.0,33.0,2500.0,1470.4913427359802,0.0019695551832770715,-12.195893983866414,pass_full,146.0,0.0
0.0,2479.820811897186,0.0,0.2,1528.079198077869,1381.5510557964276,1381.5510557964278,4144.653167389282,37.0,33.0,2500.0,2473.3235849637263,0.00046814573343245377,-1527.579198077869,pass_bh_only,146.0,0.0
52.81885391531197,2479.820811897186,0.0,0.2,12.675531948776607,11.035547416560718,12.519555077038824,15.124536664228323,37.0,33.0,2500.0,1471.1663423971356,0.0018044657114062717,-12.175531948776607,pass_halo_only,146.0,0.0
52.81885391531197,2479.820811897186,0.0,0.2,12.66894614852473,11.029536516533938,12.51323765307019,15.12075213956009,37.0,33.0,2500.0,1470.3905930237693,0.0016894871337208284,-12.16894614852473,pass_bh_up,146.0,0.0
52.81885391531197,2479.820811897186,0.0,0.2,12.688261543529679,11.042924045544586,12.536838435411799,15.121403819220093,37.0,33.0,2500.0,1471.6621326131062,0.001855759612275433,-12.188261543529679,pass_bh_down,146.0,0.0
100.0,2479.820811897186,0.0,0.2,14.696562898220918,11.924825903156451,15.569784587845895,14.951701466877376,37.0,33.0,2500.0,1546.7433832266788,0.003402221930824979,-14.196562898220918,pass_halo_up,146.0,0.0
26.409426957655985,2479.820811897186,0.0,0.2,13.85344891237527,10.66506713764997,15.281302349265623,15.437166597953567,37.0,33.0,2500.0,1280.4970435164491,0.003946595330974657,-13.35344891237527,pass_halo_down,146.0,0.0
52.81885391531197,2479.820811897186,0.0,0.4,12.703486542275643,11.035754748654709,12.574979007792416,15.132878832818292,37.0,33.0,2500.0,1470.600915411184,0.0019110090520780506,-12.203486542275643,pass_ml_up,146.0,0.0
52.81885391531197,2479.820811897186,0.0,0.2,12.689525524808895,11.041050527764249,12.541698861546992,15.113752679059479,37.0,33.0,2500.0,1472.2047039878921,0.0018872645753767246,-12.189525524808895,pass_ml_down,146.0,0.0
100.0,1133.6324686867024,244334.734375,1.699103767896394,33.24285284515099,11.080272447730831,53.60231613734406,15.181774681570747,37.0,33.0,2500.0,1434.9267269490113,0.0014995082499878593,-32.74285284515099,pass_full,147.0,0.0
0.0,1133.6324686867024,244334.734375,1.699103767896394,52.06956034883148,81.11358636671865,12.690623848165849,16.597700464815144,37.0,33.0,2500.0,112.8828777035953,0.0700854047131881,-51.56956034883148,pass_bh_only,147.0,0.0
100.0,1133.6324686867024,0.0,1.699103767896394,33.22655642286614,11.05665785201834,53.59589927767766,15.19170722112299,37.0,33.0,2500.0,1455.1906308305847,0.0015105597037351841,-32.72655642286614,pass_halo_only,147.0,0.0
100.0,1133.6324686867024,488669.46875,1.699103767896394,33.24472698363737,11.077208974468139,53.609888246683475,15.16893672419124,37.0,33.0,2500.0,1443.4674683896478,0.0015078234110860948,-32.74472698363737,pass_bh_up,147.0,0.0
100.0,1133.6324686867024,122167.3671875,1.699103767896394,33.23722767963742,11.059838520523936,53.61388544094037,15.184782045651188,37.0,33.0,2500.0,1451.3260351148156,0.0015452141986608524,-32.73722767963742,pass_bh_down,147.0,0.0
100.0,1133.6324686867024,244334.734375,1.699103767896394,33.24230150059308,11.086191473577454,53.59477107489476,15.175369045250847,37.0,33.0,2500.0,1435.552816244016,0.0015359854840056896,-32.74230150059308,pass_halo_up,147.0,0.0
50.0,1133.6324686867024,244334.734375,1.699103767896394,32.8295068373713,10.729466179513228,53.15558722833826,15.622824089354028,37.0,33.0,2500.0,1198.409390620697,0.0017516752799878672,-32.3295068373713,pass_halo_down,147.0,0.0
100.0,1133.6324686867024,244334.734375,2.0,33.23338129076831,11.063009557419216,53.60262594356021,15.18515542871032,37.0,33.0,2500.0,1436.6040801022982,0.0015354192768988661,-32.73338129076831,pass_ml_up,147.0,0.0
100.0,1133.6324686867024,244334.734375,0.849551883948197,33.23280212389871,11.069755418669175,53.59402766834702,15.181076631104023,37.0,33.0,2500.0,1432.4740399322436,0.0014829871002847977,-32.73280212389871,pass_ml_down,147.0,0.0
97.57060034230362,5000.0,0.0,0.6668516997934035,13.90290308887083,12.231713862102659,13.639237002318499,14.923369891165962,37.0,33.0,2500.0,1445.540644684952,0.0019812218732956923,-13.40290308887083,pass_full,148.0,0.0
0.0,5000.0,0.0,0.6668516997934035,1528.079198077869,1381.5510557964276,1381.5510557964278,4144.653167389282,37.0,33.0,2500.0,2242.242135661117,0.0006028434413573306,-1527.579198077869,pass_bh_only,148.0,0.0
97.57060034230362,5000.0,0.0,0.6668516997934035,13.915813947005569,12.221837360018446,13.675963133717747,14.928954768999418,37.0,33.0,2500.0,1433.8240637895428,0.0024399100227156722,-13.415813947005569,pass_halo_only,148.0,0.0
97.57060034230362,5000.0,0.0,0.6668516997934035,13.955677344652749,12.234359493416049,13.741331835038542,14.939452934415813,37.0,33.0,2500.0,1440.2085417740343,0.002317899429505963,-13.455677344652749,pass_bh_up,148.0,0.0
97.57060034230362,5000.0,0.0,0.6668516997934035,13.90572227342159,12.220829636168151,13.65647071776193,14.943439821459746,37.0,33.0,2500.0,1427.6028636221065,0.0021444967768500674,-13.40572227342159,pass_bh_down,148.0,0.0
100.0,5000.0,0.0,0.6668516997934035,13.966018530779166,12.316051646351257,13.671369092224088,14.908132073033634,37.0,33.0,2500.0,1451.7414386641017,0.001999985466171469,-13.466018530779166,pass_halo_up,148.0,0.0
48.78530017115181,5000.0,0.0,0.6668516997934035,13.599908444502072,11.800029571456555,13.516612124834614,14.944663073701843,37.0,33.0,2500.0,1514.0233580807176,0.002059313503422329,-13.099908444502072,pass_halo_down,148.0,0.0
97.57060034230362,5000.0,0.0,1.333703399586807,13.89848423473887,12.208290811000937,13.656121032835625,14.941205402155337,37.0,33.0,2500.0,1430.0392234782873,0.00226927403693871,-13.39848423473887,pass_ml_up,148.0,0.0
97.57060034230362,5000.0,0.0,0.33342584989670176,13.916459589993135,12.230905690227134,13.66686477726159,14.936284751510412,37.0,33.0,2500.0,1434.0273280494232,0.0021186770865817372,-13.416459589993135,pass_ml_down,148.0,0.0
17.53570556640625,1957.4456197856782,898737.1693955606,0.6020058781464246,12.072901719676915,10.256890517220631,12.157216775565926,16.118410767837553,37.0,33.0,2500.0,887.0206856891128,0.007277009012637523,-11.572901719676915,pass_full,149.0,0.0
0.0,1957.4456197856782,898737.1693955606,0.6020058781464246,22.507589694222602,26.61306350677166,14.684687789582853,16.222873011906604,37.0,33.0,2498.0,97.30855080901867,0.07547612275397764,-22.007589694222602,pass_bh_only,149.0,0.0
17.53570556640625,1957.4456197856782,0.0,0.6020058781464246,12.364918295927021,10.096154901072198,12.921379928292403,16.121338557863027,37.0,33.0,2500.0,911.8896117963238,0.005221860367590575,-11.864918295927021,pass_halo_only,149.0,0.0
17.53570556640625,1957.4456197856782,1500000.0,0.6020058781464246,12.116802623935731,10.153054317660132,12.360624172440106,16.14536573581007,37.0,33.0,2500.0,942.73378962058,0.0037566104706474777,-11.616802623935731,pass_bh_up,149.0,0.0
17.53570556640625,1957.4456197856782,449368.5846977803,0.6020058781464246,12.082387275800386,10.160978710118359,12.28406642327216,16.107155960465214,37.0,33.0,2500.0,905.1712491850479,0.005603552338252228,-11.582387275800386,pass_bh_down,149.0,0.0
35.0714111328125,1957.4456197856782,898737.1693955606,0.6020058781464246,12.382652078859408,10.798627820568084,12.190480880915574,15.419938773487608,37.0,33.0,2500.0,1304.864931114245,0.003264151253648821,-11.882652078859408,pass_halo_up,149.0,0.0
8.767852783203125,1957.4456197856782,898737.1693955606,0.6020058781464246,12.388813265450212,9.791767745275877,13.314199411696038,15.997688358537307,37.0,33.0,2500.0,370.85498698139077,0.027556579373121358,-11.888813265450212,pass_halo_down,149.0,0.0
17.53570556640625,1957.4456197856782,898737.1693955606,1.2040117562928492,11.975273123769174,10.27293954717456,11.943448955413288,16.135447394668596,37.0,33.0,2500.0,890.4776321644703,0.007576920818687196,-11.475273123769174,pass_ml_up,149.0,0.0
17.53570556640625,1957.4456197856782,898737.1693955606,0.3010029390732123,12.007640144096793,10.17408445515278,12.11930484907807,16.126064650159154,37.0,33.0,2500.0,878.6422473285614,0.0061626277170515895,-11.507640144096793,pass_ml_down,149.0,0.0
40.366762731862096,4777.659961698922,1083103.6036593155,0.5976366828147492,13.289419872083219,11.476285655259979,13.254554263899031,15.078851604205264,37.0,33.0,2500.0,1495.5919307982829,0.003052167634039894,-12.789419872083219,pass_full,150.0,0.0
0.0,4777.659961698922,1083103.6036593155,0.5976366828147492,10.546469724631821,10.010033356814596,9.376357516195142,16.27596958912027,37.0,33.0,2500.0,100.16692648197525,0.05311771370911141,-10.046469724631821,pass_bh_only,150.0,0.0
40.366762731862096,4777.659961698922,0.0,0.5976366828147492,13.382935943322368,11.605585678707126,13.300065658065234,14.96493543095984,37.0,33.0,2500.0,1509.2023055501097,0.002687150137147059,-12.882935943322368,pass_halo_only,150.0,0.0
40.366762731862096,4777.659961698922,1500000.0,0.5976366828147492,13.20343285483247,11.410678654944713,13.154038357825385,15.148192377751153,37.0,33.0,2500.0,1451.9093914113469,0.004468885221285043,-12.70343285483247,pass_bh_up,150.0,0.0
40.366762731862096,4777.659961698922,541551.8018296578,0.5976366828147492,13.580408796055476,11.64233810630895,13.652572001507457,15.005594556484024,37.0,33.0,2500.0,1504.6324813036606,0.002447682013057115,-13.080408796055476,pass_bh_down,150.0,0.0
80.73352546372419,4777.659961698922,1083103.6036593155,0.5976366828147492,13.928605349550919,12.193917484787901,13.736901754250686,14.795248242935438,37.0,33.0,2500.0,1487.8857814386417,0.003176557706980129,-13.428605349550919,pass_halo_up,150.0,0.0
20.183381365931048,4777.659961698922,1083103.6036593155,0.5976366828147492,12.34310766577124,10.707285368313407,12.219612455397323,15.228336285194166,37.0,33.0,2500.0,1267.0399205310891,0.00898723634199855,-11.84310766577124,pass_halo_down,150.0,0.0
40.366762731862096,4777.659961698922,1083103.6036593155,1.1952733656294985,13.25230678155182,11.455182688465118,13.204261655978977,15.069853461904685,37.0,33.0,2500.0,1502.6614461225724,0.0030492826432392465,-12.75230678155182,pass_ml_up,150.0,0.0
40.366762731862096,4777.659961698922,1083103.6036593155,0.2988183414073746,13.405140535345936,11.506657398923407,13.452484610856796,15.060959414391409,37.0,33.0,2500.0,1500.7877077247126,0.0032591502790386387,-12.905140535345936,pass_ml_down,150.0,0.0
100.0,4237.67615755615,116715.22983341862,0.2,18.22377902941774,12.131960531770654,22.39285968770205,14.922506571889764,37.0,33.0,2500.0,1419.3693287297608,0.0033337509319306753,-17.72377902941774,pass_full,151.0,0.0
0.0,4237.67615755615,116715.22983341862,0.2,42.14075335261595,59.767092040399824,16.766888537323478,16.599994046184158,37.0,33.0,2500.0,111.12634618078641,0.04917768625464749,-41.64075335261595,pass_bh_only,151.0,0.0
100.0,4237.67615755615,0.0,0.2,16.54756530878965,12.067778720715244,19.111987037762834,14.935925467479663,37.0,33.0,2500.0,1401.6264790452876,0.0038727527860078366,-16.04756530878965,pass_halo_only,151.0,0.0
100.0,4237.67615755615,233430.45966683724,0.2,17.412032571531824,12.246022175020165,20.64186172831119,14.909892211085264,37.0,33.0,2500.0,1420.4134347682614,0.003657259907278225,-16.912032571531824,pass_bh_up,151.0,0.0
100.0,4237.67615755615,58357.61491670931,0.2,18.647256914223195,12.093298337363336,23.283000857139484,14.927889570685135,37.0,33.0,2500.0,1411.6349283753052,0.0037703903352837927,-18.147256914223195,pass_bh_down,151.0,0.0
100.0,4237.67615755615,116715.22983341862,0.2,15.928223531953401,12.10220604054536,17.834993817288545,14.926333638224309,37.0,33.0,2500.0,1411.4398109555036,0.0035913419374158043,-15.428223531953401,pass_halo_up,151.0,0.0
50.0,4237.67615755615,116715.22983341862,0.2,13.460485741396791,11.759502684328288,13.282083421243692,14.981706711000015,37.0,33.0,2500.0,1518.1737827746672,0.0020287379998084336,-12.960485741396791,pass_halo_down,151.0,0.0
100.0,4237.67615755615,116715.22983341862,0.4,16.855962968784677,12.098697342996475,19.694246194312015,14.931629836623676,37.0,33.0,2500.0,1415.877426848359,0.0032317623779546992,-16.355962968784677,pass_ml_up,151.0,0.0
100.0,4237.67615755615,116715.22983341862,0.2,17.454648523206583,12.122375634829012,20.865217810771473,14.926716287503194,37.0,33.0,2500.0,1415.905799197138,0.0037694808221271237,-16.954648523206583,pass_ml_down,151.0,0.0
100.0,5000.0,897472.8680510495,0.2,14.069431892662388,12.478026393883598,13.696247941462701,14.91934627375549,37.0,33.0,2500.0,1458.1538792131378,0.002033891858401432,-13.569431892662388,pass_full,152.0,0.0
0.0,5000.0,897472.8680510495,0.2,13.123008861315494,15.110173026717332,8.812743457852712,16.221648749141618,37.0,33.0,2500.0,98.50279846201015,0.06537382254569013,-12.623008861315494,pass_bh_only,152.0,0.0
100.0,5000.0,0.0,0.2,13.966888763668981,12.289628878280798,13.702318902724,14.921866115870886,37.0,33.0,2500.0,1452.2684471285386,0.001972400403742013,-13.466888763668981,pass_halo_only,152.0,0.0
100.0,5000.0,1500000.0,0.2,14.054025154880724,12.413846070954712,13.736574651244577,14.946392105732437,37.0,33.0,2500.0,1450.5377850464524,0.0036575819945206503,-13.554025154880724,pass_bh_up,152.0,0.0
100.0,5000.0,448736.43402552477,0.2,13.917477969826653,12.259916616630191,13.636111385142893,14.944955483526604,37.0,33.0,2500.0,1431.1485718769195,0.0020503197229887324,-13.417477969826653,pass_bh_down,152.0,0.0
100.0,5000.0,897472.8680510495,0.2,14.035403083721311,12.452988718726562,13.656181346708566,14.922036491340979,37.0,33.0,2500.0,1452.0181971186882,0.0021671013008544454,-13.535403083721311,pass_halo_up,152.0,0.0
50.0,5000.0,897472.8680510495,0.2,13.767877127818833,12.021288888214011,13.604054809464595,14.958392859793525,37.0,33.0,2500.0,1520.2197688082128,0.0023960429407368605,-13.267877127818833,pass_halo_down,152.0,0.0
100.0,5000.0,897472.8680510495,0.4,14.048271060877918,12.463295703914865,13.670173794148212,14.928213766201708,37.0,33.0,2500.0,1452.0992047869233,0.0019275859459307462,-13.548271060877918,pass_ml_up,152.0,0.0
100.0,5000.0,897472.8680510495,0.2,14.030955631675626,12.473123976244693,13.62483190182033,14.918031809466608,37.0,33.0,2500.0,1456.995460676776,0.001876143627064419,-13.530955631675626,pass_ml_down,152.0,0.0
90.77756052776671,868.466029093523,1240270.9713498652,0.7669903927672368,12.380172268901159,11.011896902840462,11.950300764555442,15.291259112050138,37.0,33.0,2500.0,1303.4459054042884,0.0028549299884433584,-11.880172268901159,pass_full,153.0,0.0
0.0,868.466029093523,1240270.9713498652,0.7669903927672368,8.119252528371442,7.862886263569529,6.9274578039454555,16.33776759024227,37.0,33.0,2500.0,103.19085949500413,0.0640198720669739,-7.619252528371442,pass_bh_only,153.0,0.0
90.77756052776671,868.466029093523,0.0,0.7669903927672368,12.342201753404847,11.02632352429665,11.858362390344794,15.285386444365537,37.0,33.0,2500.0,1336.794154586023,0.002338881903013082,-11.842201753404847,pass_halo_only,153.0,0.0
90.77756052776671,868.466029093523,1500000.0,0.7669903927672368,12.256206042161285,10.831166453688288,11.903965923467602,15.325564521747392,37.0,33.0,2500.0,1288.79155573312,0.002231953296269723,-11.756206042161285,pass_bh_up,153.0,0.0
90.77756052776671,868.466029093523,620135.4856749326,0.7669903927672368,12.315733662609027,10.972131861067293,11.863511625267595,15.373659238875316,37.0,33.0,2500.0,1304.7631358214214,0.003553809553131497,-11.815733662609027,pass_bh_down,153.0,0.0
100.0,868.466029093523,1240270.9713498652,0.7669903927672368,12.3719771018327,10.91162552753236,12.045893188789238,15.305868972216084,37.0,33.0,2500.0,1355.8710234097064,0.0033464474170086483,-11.8719771018327,pass_halo_up,153.0,0.0
45.388780263883355,868.466029093523,1240270.9713498652,0.7669903927672368,11.728432237380083,10.27649489928357,11.450716134268594,15.972583962729761,37.0,33.0,2500.0,940.1280251366586,0.004676796726228848,-11.228432237380083,pass_halo_down,153.0,0.0
90.77756052776671,868.466029093523,1240270.9713498652,1.5339807855344736,12.429667101102075,11.012370895203922,12.048293464053772,15.3066212364176,37.0,33.0,2500.0,1294.5563123868646,0.004082357411108864,-11.929667101102075,pass_ml_up,153.0,0.0
90.77756052776671,868.466029093523,1240270.9713498652,0.3834951963836184,12.390199524114749,11.004238211040393,11.979058320485208,15.287430207066944,37.0,33.0,2500.0,1304.9870873915925,0.002725181318526269,-11.890199524114749,pass_ml_down,153.0,0.0
37.28054841802869,4307.442510293749,243413.76663691842,1.0436847034337282,13.158592987696714,11.31008287272678,13.179612229818442,15.066867313083302,37.0,33.0,2500.0,1511.005128560559,0.0019150998463655434,-12.658592987696714,pass_full,154.0,0.0
0.0,4307.442510293749,243413.76663691842,1.0436847034337282,14.425560585684527,17.93366006443722,8.266849522098898,15.735542041737938,37.0,33.0,2500.0,82.86414074624616,0.10268309064745852,-13.925560585684527,pass_bh_only,154.0,0.0
37.28054841802869,4307.442510293749,0.0,1.0436847034337282,13.15321485468369,11.312219290653037,13.167341525372159,15.037796317679886,37.0,33.0,2500.0,1527.5776014546066,0.001842248191177338,-12.65321485468369,pass_halo_only,154.0,0.0
37.28054841802869,4307.442510293749,486827.53327383683,1.0436847034337282,13.156530777968586,11.326995072042298,13.157297981091107,15.041380304355183,37.0,33.0,2500.0,1515.7670750344491,0.0023046059706542162,-12.656530777968586,pass_bh_up,154.0,0.0
37.28054841802869,4307.442510293749,121706.88331845921,1.0436847034337282,13.171261591391339,11.3283372057614,13.184507337857937,15.06604626934463,37.0,33.0,2500.0,1514.1048850864304,0.0020711080930450845,-12.671261591391339,pass_bh_down,154.0,0.0
74.56109683605737,4307.442510293749,243413.76663691842,1.0436847034337282,29.52083066742999,12.053483308307513,45.07721454872729,14.847861535001657,37.0,33.0,2500.0,1463.0657791023739,0.0033158635855581055,-29.02083066742999,pass_halo_up,154.0,0.0
18.640274209014343,4307.442510293749,243413.76663691842,1.0436847034337282,21.83710256947841,11.056649383342883,30.81442135188633,15.276837789639567,37.0,33.0,2500.0,1330.8914817416983,0.0034647876832737084,-21.33710256947841,pass_halo_down,154.0,0.0
37.28054841802869,4307.442510293749,243413.76663691842,2.0,13.151872481745896,11.302632161808043,13.174087697811112,15.081299780564702,37.0,33.0,2500.0,1505.089688322504,0.0024195605407192036,-12.651872481745896,pass_ml_up,154.0,0.0
37.28054841802869,4307.442510293749,243413.76663691842,0.5218423517168641,13.16170701661703,11.306310820160435,13.189911818594362,15.072072737174173,37.0,33.0,2500.0,1511.5357772584218,0.0022603410828759773,-12.66170701661703,pass_ml_down,154.0,0.0
1.4017695280941656,4549.578550448172,105808.86298812141,0.8060878214623621,49.96507791760023,36.35744400012561,58.706692016020085,15.14887802830493,37.0,33.0,2490.0,100.16136690051368,0.07581087296861776,-49.46507791760023,pass_full,155.0,0.0
0.0,4549.578550448172,105808.86298812141,0.8060878214623621,18.918563603843552,26.106925136124143,8.076731093004168,16.136841747943407,37.0,33.0,2500.0,95.21831255365434,0.08675466543434106,-18.418563603843552,pass_bh_only,155.0,0.0
1.4017695280941656,4549.578550448172,0.0,0.8060878214623621,292.0604489933991,174.7193207629241,387.75133133182953,15.580831385790347,37.0,33.0,2500.0,293.9885200416095,0.010200827595165602,-291.5604489933991,pass_halo_only,155.0,0.0
1.4017695280941656,4549.578550448172,211617.72597624283,0.8060878214623621,12.427219054276298,12.95667229969541,9.85186494398153,15.688039342114454,37.0,33.0,2500.0,123.30972191175316,0.058309372056931166,-11.927219054276298,pass_bh_up,155.0,0.0
1.4017695280941656,4549.578550448172,52904.43149406071,0.8060878214623621,16.115929850351726,12.281120460788777,17.98227673484208,15.834780824240264,37.0,33.0,2500.0,132.99462312216266,0.04987629256516595,-15.615929850351726,pass_bh_down,155.0,0.0
2.803539056188331,4549.578550448172,105808.86298812141,0.8060878214623621,22.86682558692148,9.413732095303441,34.70632619201308,15.593636874158072,37.0,33.0,2500.0,236.67120100497246,0.0326950830395031,-22.36682558692148,pass_halo_up,155.0,0.0
0.7008847640470828,4549.578550448172,105808.86298812141,0.8060878214623621,39.78514792537336,11.109226978350506,66.64502490120024,15.49254313606592,37.0,33.0,2500.0,110.03153005042206,0.057379503579194614,-39.28514792537336,pass_halo_down,155.0,0.0
1.4017695280941656,4549.578550448172,105808.86298812141,1.6121756429247243,291.4432353055535,173.71824005824539,387.639808877327,15.56495505965314,37.0,33.0,2500.0,290.8530799935088,0.009705693638393105,-290.9432353055535,pass_ml_up,155.0,0.0
1.4017695280941656,4549.578550448172,105808.86298812141,0.40304391073118107,261.22284868625155,173.6580726120407,327.2668092752696,15.554620563204537,37.0,33.0,2500.0,268.130592712224,0.026112428765603008,-260.72284868625155,pass_ml_down,155.0,0.0
93.78938540906925,4453.260142333334,1171974.228850861,1.457192414042114,34.496324551847955,12.16119868512313,54.906693189799,14.872193809042585,37.0,33.0,2500.0,1457.6779727563787,0.0019193263796579438,-33.996324551847955,pass_full,156.0,0.0
0.0,4453.260142333334,1171974.228850861,1.457192414042114,29.685091465702268,45.50900331734285,7.864828043032934,15.843588574577582,37.0,33.0,2500.0,87.60277018175447,0.09320067284887083,-29.185091465702268,pass_bh_only,156.0,0.0
93.78938540906925,4453.260142333334,0.0,1.457192414042114,34.42073173230642,12.078281173269424,54.8467565862318,14.92892357560463,37.0,33.0,2500.0,1433.2126296561557,0.0018088343621407554,-33.92073173230642,pass_halo_only,156.0,0.0
93.78938540906925,4453.260142333334,1500000.0,1.457192414042114,34.620369461552315,12.339940229095115,54.95580987905626,14.824869977076432,37.0,33.0,2500.0,1486.8058460611849,0.0018583741008882189,-34.120369461552315,pass_bh_up,156.0,0.0
93.78938540906925,4453.260142333334,585987.1144254305,1.457192414042114,34.54105985628186,12.22080195337628,54.92933508112485,14.872220562560344,37.0,33.0,2500.0,1466.1634261895904,0.001890653859785153,-34.04105985628186,pass_bh_down,156.0,0.0
100.0,4453.260142333334,1171974.228850861,1.457192414042114,34.52904654354877,12.160883708968173,54.97098950550105,14.921720960862046,37.0,33.0,2500.0,1437.5082910661374,0.001942893332200878,-34.02904654354877,pass_halo_up,156.0,0.0
46.89469270453463,4453.260142333334,1171974.228850861,1.457192414042114,13.37480899142221,11.57592884051205,13.314579182623305,15.046913308351352,37.0,33.0,2500.0,1508.891429016656,0.003107107235488575,-12.87480899142221,pass_halo_down,156.0,0.0
93.78938540906925,4453.260142333334,1171974.228850861,2.0,34.49896953944492,12.152053079504173,54.92213408547503,14.875600841033938,37.0,33.0,2500.0,1443.414970542176,0.0019444935160274736,-33.99896953944492,pass_ml_up,156.0,0.0
93.78938540906925,4453.260142333334,1171974.228850861,0.728596207021057,34.49708767000217,12.156855675941102,54.912988399542684,14.875509025414534,37.0,33.0,2500.0,1445.5573505696304,0.0018757707382064791,-33.99708767000217,pass_ml_down,156.0,0.0
100.0,1907.7063455243688,300000.0,0.472262676543197,13.426389444786926,11.70801425973279,13.271573019379971,14.983266106284725,37.0,33.0,2500.0,1541.6292009640529,0.002125736087741603,-12.926389444786926,pass_full,157.0,0.0
0.0,1907.7063455243688,300000.0,0.472262676543197,62.60661887899763,84.19936252280931,30.304175545458936,16.622639669753806,37.0,33.0,2500.0,112.6406607414867,0.059388335862602226,-62.10661887899763,pass_bh_only,157.0,0.0
100.0,1907.7063455243688,0.0,0.472262676543197,13.419653065074955,11.64128288049343,13.333010444790919,14.980291038589982,37.0,33.0,2500.0,1553.3986447033917,0.002412707054413057,-12.919653065074955,pass_halo_only,157.0,0.0
100.0,1907.7063455243688,600000.0,0.472262676543197,13.42777996358159,11.6874472206655,13.296471768799178,15.014362061388741,37.0,33.0,2500.0,1540.7188800318852,0.0022944094438530223,-12.92777996358159,pass_bh_up,157.0,0.0
100.0,1907.7063455243688,150000.0,0.472262676543197,13.450270770118694,11.718347205229001,13.30840648684449,14.961610168492442,37.0,33.0,2500.0,1545.5456704619019,0.002823541382313482,-12.950270770118694,pass_bh_down,157.0,0.0
100.0,1907.7063455243688,300000.0,0.472262676543197,13.412019429654736,11.678163851404335,13.27626554019551,14.984457028800488,37.0,33.0,2500.0,1539.3869332095737,0.0023431957915894448,-12.912019429654736,pass_halo_up,157.0,0.0
50.0,1907.7063455243688,300000.0,0.472262676543197,12.538176644110353,11.041263477985876,12.236795490187584,15.178658649615777,37.0,33.0,2500.0,1377.848463589399,0.002392700523433882,-12.038176644110353,pass_halo_down,157.0,0.0
100.0,1907.7063455243688,300000.0,0.944525353086394,13.445793268452435,11.705330347430593,13.313205607363624,14.989347819929167,37.0,33.0,2500.0,1542.6694679385548,0.002315011070696887,-12.945793268452435,pass_ml_up,157.0,0.0
100.0,1907.7063455243688,300000.0,0.2361313382715985,13.442383408193129,11.69544573176457,13.317541753719048,14.986934992728907,37.0,33.0,2500.0,1540.6331814517903,0.0027135667122782994,-12.942383408193129,pass_ml_down,157.0,0.0
15.716048317092978,1003.4390441362557,213368.4648348383,0.208064510711718,14.695667506631846,9.639889157324154,18.104077316494465,15.803605172390773,37.0,33.0,2500.0,325.2632959657912,0.020896076145962096,-14.195667506631846,pass_full,158.0,0.0
0.0,1003.4390441362557,213368.4648348383,0.208064510711718,10.046281954902705,10.949397251039354,7.324057213096538,16.233022702936633,37.0,33.0,2500.0,98.85968287335075,0.06325489720172355,-9.546281954902705,pass_bh_only,158.0,0.0
15.716048317092978,1003.4390441362557,0.0,0.208064510711718,71.71824284033518,9.980466004263393,131.76365169116343,15.926279495984767,37.0,33.0,2500.0,388.4654324631546,0.00923328839099552,-71.21824284033518,pass_halo_only,158.0,0.0
15.716048317092978,1003.4390441362557,426736.9296696766,0.208064510711718,47.18942607651014,10.402200472248664,82.2358324884621,15.838231457218031,37.0,33.0,2500.0,348.52358942353317,0.01801705963713176,-46.68942607651014,pass_bh_up,158.0,0.0
15.716048317092978,1003.4390441362557,106684.23241741915,0.208064510711718,15.580988003491312,10.092507719418037,19.36427001855704,15.901511999576753,37.0,33.0,2500.0,373.9830947871299,0.017072021456163593,-15.080988003491312,pass_bh_down,158.0,0.0
31.432096634185957,1003.4390441362557,213368.4648348383,0.208064510711718,25.72687494054845,10.02216402051449,39.72369670080898,16.27168619046469,37.0,33.0,2500.0,852.8542910330177,0.0078828346057412,-25.22687494054845,pass_halo_up,158.0,0.0
7.858024158546489,1003.4390441362557,213368.4648348383,0.208064510711718,47.89179683936889,41.672065778690545,48.5978921630763,15.261716205278338,37.0,33.0,2500.0,105.84064956687514,0.06179874810276537,-47.39179683936889,pass_halo_down,158.0,0.0
15.716048317092978,1003.4390441362557,213368.4648348383,0.416129021423436,28.98532530083019,10.195305030211236,46.057785780430216,15.898252982780212,37.0,33.0,2500.0,350.2058852205905,0.020155339544841756,-28.48532530083019,pass_ml_up,158.0,0.0
15.716048317092978,1003.4390441362557,213368.4648348383,0.2,47.14185436708847,9.488248476631254,83.16958056332349,15.701036002807506,37.0,33.0,2500.0,290.40406879223946,0.03621540455389719,-46.64185436708847,pass_ml_down,158.0,0.0
78.0533110717897,2320.6621002852044,894839.0730377564,0.2,13.204816472052844,11.439123650359303,13.126642290349485,15.091116510660314,37.0,33.0,2500.0,1501.3944020327708,0.0021428413376950303,-12.704816472052844,pass_full,159.0,0.0
0.0,2320.6621002852044,894839.0730377564,0.2,13.911397246063533,12.280476411929996,13.570994886413496,15.931759747137887,37.0,33.0,2500.0,89.23394945682583,0.0837628215256399,-13.411397246063533,pass_bh_only,159.0,0.0
78.0533110717897,2320.6621002852044,0.0,0.2,13.285599319271615,11.52819226972963,13.190482023556614,15.020534314562395,37.0,33.0,2500.0,1517.5481079703916,0.0019452535356548138,-12.785599319271615,pass_halo_only,159.0,0.0
78.0533110717897,2320.6621002852044,1500000.0,0.2,13.086719078275594,11.400157621555696,12.933855028394273,15.100411231617912,37.0,33.0,2500.0,1445.1656072372027,0.005186511386243907,-12.586719078275594,pass_bh_up,159.0,0.0
78.0533110717897,2320.6621002852044,447419.5365188782,0.2,13.277259996729798,11.50904804091005,13.193097649542546,15.092159835590932,37.0,33.0,2500.0,1500.9693652644846,0.0023997175358873874,-12.777259996729798,pass_bh_down,159.0,0.0
100.0,2320.6621002852044,894839.0730377564,0.2,15.242784282309263,11.858199136395015,16.734589260829665,15.028948978416869,37.0,33.0,2500.0,1511.795620671252,0.003634924493911555,-14.742784282309263,pass_halo_up,159.0,0.0
39.02665553589485,2320.6621002852044,894839.0730377564,0.2,12.636246882583668,11.06107036941011,12.409549322679256,15.217562933932774,37.0,33.0,2500.0,1397.4864713343031,0.0023041494507510356,-12.136246882583668,pass_halo_down,159.0,0.0
78.0533110717897,2320.6621002852044,894839.0730377564,0.4,13.237750032447423,11.454452833887153,13.174866283056792,15.106159946830825,37.0,33.0,2500.0,1501.5123597347797,0.0019084335168106181,-12.737750032447423,pass_ml_up,159.0,0.0
78.0533110717897,2320.6621002852044,894839.0730377564,0.2,12.72600992992389,11.329330204302511,12.286057791545458,15.291530694783916,37.0,33.0,2500.0,1351.3948102252623,0.009776896484109787,-12.22600992992389,pass_ml_down,159.0,0.0
73.32131361809374,2582.092963373827,886623.5214654545,1.2533245402680024,13.443042925101535,11.608664357438611,13.414768830732022,15.032880417315996,37.0,33.0,2500.0,1522.3298516656664,0.00322411521443455,-12.943042925101535,pass_full,160.0,0.0
0.0,2582.092963373827,886623.5214654545,1.2533245402680024,13.438071493054563,17.576573369362194,6.6742175697006845,16.33032407507756,37.0,33.0,2500.0,100.83706294421535,0.0655324776678156,-12.938071493054563,pass_bh_only,160.0,0.0
73.32131361809374,2582.092963373827,0.0,1.2533245402680024,13.40681680499957,11.591142255149972,13.363652003030113,14.97712958942887,37.0,33.0,2500.0,1537.140620963256,0.0031815186483871625,-12.90681680499957,pass_halo_only,160.0,0.0
73.32131361809374,2582.092963373827,1500000.0,1.2533245402680024,13.293401074075328,11.460189999242745,13.28138785914601,15.051641565171936,37.0,33.0,2500.0,1505.5889019730198,0.0032431519188714183,-12.793401074075328,pass_bh_up,160.0,0.0
73.32131361809374,2582.092963373827,443311.76073272724,1.2533245402680024,13.64965129883774,11.605702129309448,13.83198817442521,15.010397182809305,37.0,33.0,2500.0,1511.7858478603594,0.003424198327948868,-13.14965129883774,pass_bh_down,160.0,0.0
100.0,2582.092963373827,886623.5214654545,1.2533245402680024,13.733074174974762,12.043239474113138,13.511137905779334,14.915484115430322,37.0,33.0,2500.0,1552.0183656195761,0.0022135256127626683,-13.233074174974762,pass_halo_up,160.0,0.0
36.66065680904687,2582.092963373827,886623.5214654545,1.2533245402680024,12.505457338460353,10.882687578132645,12.348240476587387,15.208808220092333,37.0,33.0,2500.0,1372.180793380359,0.005168197290272489,-12.005457338460353,pass_halo_down,160.0,0.0
73.32131361809374,2582.092963373827,886623.5214654545,2.0,13.455172121552042,11.60799932584572,13.43957893258947,15.03928019069034,37.0,33.0,2500.0,1525.1734246517565,0.003227961146842754,-12.955172121552042,pass_ml_up,160.0,0.0
73.32131361809374,2582.092963373827,886623.5214654545,0.6266622701340012,13.797403077900809,11.626267873399087,14.10351526194832,15.040688181392547,37.0,33.0,2500.0,1514.4494418575403,0.003447565681934912,-13.297403077900809,pass_ml_down,160.0,0.0
15.447403200783704,2780.881472213567,1160886.7027402164,0.6329868805128417,11.713869192138821,10.0742035689108,11.647688941191177,15.99609957215413,37.0,33.0,2500.0,949.043322612238,0.009695665186105614,-11.213869192138821,pass_full,161.0,0.0
0.0,2780.881472213567,1160886.7027402164,0.6329868805128417,13.958424201624476,17.720520994777882,7.552089494521015,16.377767181240582,37.0,33.0,2500.0,104.13968387918183,0.06845630140242943,-13.458424201624476,pass_bh_only,161.0,0.0
15.447403200783704,2780.881472213567,0.0,0.6329868805128417,12.350845586455486,10.334080244762044,12.632049094616686,15.937219527515543,37.0,33.0,2500.0,1071.7110836746842,0.0032912188366146142,-11.850845586455486,pass_halo_only,161.0,0.0
15.447403200783704,2780.881472213567,1500000.0,0.6329868805128417,12.139818144389272,10.509736193610594,12.010564017246493,16.01914579696575,37.0,33.0,2500.0,1099.1279774898408,0.003496086973903541,-11.639818144389272,pass_bh_up,161.0,0.0
15.447403200783704,2780.881472213567,580443.3513701082,0.6329868805128417,12.512434717474617,10.540720767444798,12.722410415146618,15.974479258028724,37.0,33.0,2500.0,1068.1575736222994,0.0036778020858984433,-12.012434717474617,pass_bh_down,161.0,0.0
30.894806401567408,2780.881472213567,1160886.7027402164,0.6329868805128417,12.228926782136494,10.847345997690935,11.832973758763455,15.269231667250121,37.0,33.0,2500.0,1224.5781541000717,0.010331284567049969,-11.728926782136494,pass_halo_up,161.0,0.0
7.723701600391852,2780.881472213567,1160886.7027402164,0.6329868805128417,11.221256721601927,9.71221957174766,11.05648246353904,16.386898174275434,37.0,33.0,2500.0,560.8399118088853,0.018552885209617547,-10.721256721601927,pass_halo_down,161.0,0.0
15.447403200783704,2780.881472213567,1160886.7027402164,1.2659737610256834,12.068637156768913,10.405146210297108,11.985203459569147,16.027928399973298,37.0,33.0,2500.0,1092.4808740498684,0.003586661758408225,-11.568637156768913,pass_ml_up,161.0,0.0
15.447403200783704,2780.881472213567,1160886.7027402164,0.31649344025642084,12.090040760153435,10.373027903178638,12.064797774772547,16.002331185022992,37.0,33.0,2500.0,1079.7740218104489,0.0035787891673597703,-11.590040760153435,pass_ml_down,161.0,0.0
83.72054493050486,300.0,166206.90625,1.2822227579225112,11.99789163968422,10.195619967405424,12.066296257583366,16.435132924906306,37.0,33.0,2500.0,668.6247910229945,0.009896502602406388,-11.49789163968422,pass_full,162.0,0.0
0.0,300.0,166206.90625,1.2822227579225112,38.02015429478412,48.32577030726953,21.35384085124004,16.599933995855817,37.0,33.0,2500.0,110.94772153361211,0.044437842010449716,-37.52015429478412,pass_bh_only,162.0,0.0
83.72054493050486,300.0,0.0,1.2822227579225112,59.87675287979305,10.114106406148077,107.91643056052682,16.401544541476603,37.0,33.0,2500.0,673.5885603442609,0.006984646850186228,-59.37675287979305,pass_halo_only,162.0,0.0
83.72054493050486,300.0,332413.8125,1.2822227579225112,38.35984256818376,10.342216166378043,64.62677690114195,16.403973606457072,37.0,33.0,2500.0,669.9374710873111,0.008840977143322997,-37.85984256818376,pass_bh_up,162.0,0.0
83.72054493050486,300.0,83103.453125,1.2822227579225112,59.903912592172716,10.16241696763047,107.91585754240005,16.42550438187087,37.0,33.0,2500.0,688.3117079656545,0.005681696834909531,-59.403912592172716,pass_bh_down,162.0,0.0
100.0,300.0,166206.90625,1.2822227579225112,35.40458150449926,10.30048739382635,58.76230550944173,16.428263913800215,37.0,33.0,2500.0,823.5888843819711,0.006920094813333888,-34.90458150449926,pass_halo_up,162.0,0.0
41.86027246525243,300.0,166206.90625,1.2822227579225112,72.12577367826478,17.65968305708496,123.99353534104158,15.106123398960218,37.0,33.0,2500.0,152.00937762116035,0.061513521784234845,-71.62577367826478,pass_halo_down,162.0,0.0
83.72054493050486,300.0,166206.90625,2.0,32.16806905957599,10.148990296479413,52.46116839376955,16.3613599678817,37.0,33.0,2499.0,634.3984076899077,0.011520590966750018,-31.66806905957599,pass_ml_up,162.0,0.0
83.72054493050486,300.0,166206.90625,0.6411113789612556,12.569910151160736,9.923794162561677,13.520203202320749,16.26698028524175,37.0,33.0,2500.0,578.1600344202063,0.01718075699054742,-12.069910151160736,pass_ml_down,162.0,0.0
46.04386966708934,1243.2796621707816,203606.22587177443,0.2,12.255634842089437,10.666171540303665,12.078932150301416,15.618791626720409,37.0,33.0,2500.0,1157.568136190285,0.004444769518806296,-11.755634842089437,pass_full,163.0,0.0
0.0,1243.2796621707816,203606.22587177443,0.2,12.065481678418251,12.936216744503035,9.132117079501342,16.32190760544837,37.0,33.0,2500.0,101.36594356724427,0.06460966830455296,-11.565481678418251,pass_bh_only,163.0,0.0
46.04386966708934,1243.2796621707816,0.0,0.2,12.22885537011019,10.570112898559126,12.133691841765316,15.598446402329627,37.0,33.0,2500.0,1173.4948120149363,0.004154722844211415,-11.72885537011019,pass_halo_only,163.0,0.0
46.04386966708934,1243.2796621707816,407212.45174354885,0.2,12.231422828550702,10.678435436953004,12.01505132891111,15.67510166301837,37.0,33.0,2500.0,1158.2246379777646,0.0034887879890353837,-11.731422828550702,pass_bh_up,163.0,0.0
46.04386966708934,1243.2796621707816,101803.11293588721,0.2,12.196066805217948,10.64844161287348,11.98026518114694,15.59931849021672,37.0,33.0,2500.0,1187.6731811860734,0.0031486629150238093,-11.696066805217948,pass_bh_down,163.0,0.0
92.08773933417868,1243.2796621707816,203606.22587177443,0.2,12.676127416693406,11.090705900197111,12.456794518800983,15.194072074039614,37.0,33.0,2500.0,1412.4415952231,0.0034754632547833895,-12.176127416693406,pass_halo_up,163.0,0.0
23.02193483354467,1243.2796621707816,203606.22587177443,0.2,11.957351644296438,9.749464940204197,12.484912482931266,16.452893799277685,37.0,33.0,2500.0,801.7399516075071,0.008507089011449248,-11.457351644296438,pass_halo_down,163.0,0.0
46.04386966708934,1243.2796621707816,203606.22587177443,0.4,12.227630852816816,10.661069861841895,12.028636293034886,15.619053727608522,37.0,33.0,2500.0,1152.4816971375294,0.004000402293280918,-11.727630852816816,pass_ml_up,163.0,0.0
46.04386966708934,1243.2796621707816,203606.22587177443,0.2,12.213270188828869,10.679357239895944,11.979389729746828,15.619753504909731,37.0,33.0,2500.0,1173.1337094822075,0.003247262070287003,-11.713270188828869,pass_ml_down,163.0,0.0
59.02665553589485,2947.2211823164544,626107.2605377564,0.2,13.235729668585373,11.49928578777878,13.121786672083587,15.065623800060916,37.0,33.0,2500.0,1519.9223774270301,0.001566212568278903,-12.735729668585373,pass_full,164.0,0.0
0.0,2947.2211823164544,626107.2605377564,0.2,14.257729331435819,18.108599892217338,7.7111469421724195,16.52409077103284,37.0,33.0,2500.0,107.77067153822314,0.059620977623548864,-13.757729331435819,pass_bh_only,164.0,0.0
59.02665553589485,2947.2211823164544,0.0,0.2,13.221482317671436,11.439077782651228,13.161301411366264,15.04900843313279,37.0,33.0,2500.0,1508.0844930560847,0.0016809579841497624,-12.721482317671436,pass_halo_only,164.0,0.0
59.02665553589485,2947.2211823164544,1252214.5210755127,0.2,13.102277008311336,11.283030540201807,13.0936632919628,15.18726392630878,37.0,33.0,2500.0,1473.3682887498826,0.0026046564502060087,-12.602277008311336,pass_bh_up,164.0,0.0
59.02665553589485,2947.2211823164544,313053.6302688782,0.2,13.185589599953904,11.374035803137048,13.161595397435443,15.076940765517557,37.0,33.0,2500.0,1494.7573205595904,0.0016220224873961003,-12.685589599953904,pass_bh_down,164.0,0.0
100.0,2947.2211823164544,626107.2605377564,0.2,13.880400117780002,12.06389476455868,13.78167517670151,14.947020653659102,37.0,33.0,2500.0,1536.6308169253766,0.0032293406040229864,-13.380400117780002,pass_halo_up,164.0,0.0
29.513327767947423,2947.2211823164544,626107.2605377564,0.2,12.818538218061759,10.950882917472088,12.896595461960468,15.253204200913583,37.0,33.0,2500.0,1351.5846312802,0.00372048068548996,-12.318538218061759,pass_halo_down,164.0,0.0
59.02665553589485,2947.2211823164544,626107.2605377564,0.4,13.242535219926623,11.483276500903974,13.152001307828499,15.110050823369676,37.0,33.0,2500.0,1507.8031984347906,0.001735331170031805,-12.742535219926623,pass_ml_up,164.0,0.0
59.02665553589485,2947.2211823164544,626107.2605377564,0.2,13.249581978810356,11.476486785555952,13.174263968361288,15.091688579991123,37.0,33.0,2500.0,1494.2502063351033,0.0017032112846024914,-12.749581978810356,pass_ml_down,164.0,0.0
91.25478703164771,2025.20133876592,73409.48363737477,1.489568336873591,13.366656684692442,11.614370830628738,13.256229711746741,15.01203996879579,37.0,33.0,2500.0,1530.1379549702121,0.002072834620755522,-12.866656684692442,pass_full,165.0,0.0
0.0,2025.20133876592,73409.48363737477,1.489568336873591,200.2747351575228,276.44171577868633,90.09023813601287,16.811178096686184,37.0,33.0,2500.0,126.11114934010513,0.045105077636687654,-199.7747351575228,pass_bh_only,165.0,0.0
91.25478703164771,2025.20133876592,0.0,1.489568336873591,13.350968620591111,11.541267934207966,13.30610671139201,15.035493917382377,37.0,33.0,2500.0,1516.746515200078,0.0023873782365840777,-12.850968620591111,pass_halo_only,165.0,0.0
91.25478703164771,2025.20133876592,146818.96727474954,1.489568336873591,13.399629060241391,11.622165846302275,13.312774194046284,15.03383325922028,37.0,33.0,2500.0,1523.6330893665183,0.0021685377459379177,-12.899629060241391,pass_bh_up,165.0,0.0
91.25478703164771,2025.20133876592,36704.741818687384,1.489568336873591,13.35559967828634,11.577260267936524,13.275488985661601,15.019812326414309,37.0,33.0,2500.0,1526.260863988494,0.0018519835384216844,-12.85559967828634,pass_bh_down,165.0,0.0
100.0,2025.20133876592,73409.48363737477,1.489568336873591,13.554801808346387,11.738284883483033,13.495031182991903,14.96434962325684,37.0,33.0,2500.0,1537.4121691834227,0.003515271174630768,-13.054801808346387,pass_halo_up,165.0,0.0
45.627393515823854,2025.20133876592,73409.48363737477,1.489568336873591,12.547277592211476,11.00079680223886,12.29976758595882,15.198509066478506,37.0,33.0,2500.0,1385.0029986233226,0.002286554209304576,-12.047277592211476,pass_halo_down,165.0,0.0
91.25478703164771,2025.20133876592,73409.48363737477,2.0,13.37570900637659,11.619958185541817,13.268261700923233,15.005705425341056,37.0,33.0,2500.0,1527.429624694724,0.001835942621650209,-12.87570900637659,pass_ml_up,165.0,0.0
91.25478703164771,2025.20133876592,73409.48363737477,0.7447841684367955,13.382443947880684,11.613465718569065,13.287590212002732,15.052591976979656,37.0,33.0,2500.0,1521.9157872136727,0.001931659800038686,-12.882443947880684,pass_ml_down,165.0,0.0
100.0,2095.016367876114,153344.4500139649,1.7558915615081787,34.2346666273396,11.850509609610619,54.73004672504586,14.927599922306618,37.0,33.0,2500.0,1579.3936172046178,0.00152256840099695,-33.7346666273396,pass_full,166.0,0.0
0.0,2095.016367876114,153344.4500139649,1.7558915615081787,39.656142184699185,53.36901278383992,18.984458643592056,16.16477594953173,37.0,33.0,2498.0,100.47806659599362,0.07269771462963502,-39.156142184699185,pass_bh_only,166.0,0.0
100.0,2095.016367876114,0.0,1.7558915615081787,34.22320942064144,11.818281977612605,54.74314372210381,14.931645761243104,37.0,33.0,2500.0,1574.3379599003067,0.0017486460991218966,-33.72320942064144,pass_halo_only,166.0,0.0
100.0,2095.016367876114,306688.9000279298,1.7558915615081787,34.22366660433458,11.836489036159453,54.72371249975118,14.929389056392521,37.0,33.0,2500.0,1564.7888642834878,0.0016152633399906414,-33.72366660433458,pass_bh_up,166.0,0.0
100.0,2095.016367876114,76672.22500698245,1.7558915615081787,34.18710681092503,11.77418704856821,54.72004363451539,14.942688785021979,37.0,33.0,2500.0,1567.322407819093,0.0015442655356440807,-33.68710681092503,pass_bh_down,166.0,0.0
100.0,2095.016367876114,153344.4500139649,1.7558915615081787,34.23902312447251,11.837341854120801,54.75339193114089,14.931943885068314,37.0,33.0,2500.0,1576.2981219645528,0.001685407064319181,-33.73902312447251,pass_halo_up,166.0,0.0
50.0,2095.016367876114,153344.4500139649,1.7558915615081787,33.188481025561444,11.008922964319122,53.573568762661345,15.181828839422883,37.0,33.0,2500.0,1416.4737310030748,0.001510784392115265,-32.688481025561444,pass_halo_down,166.0,0.0
100.0,2095.016367876114,153344.4500139649,2.0,34.241583916970484,11.855032214662556,54.73882312940606,14.927183307138339,37.0,33.0,2500.0,1580.5771969617072,0.0015480213632266997,-33.741583916970484,pass_ml_up,166.0,0.0
100.0,2095.016367876114,153344.4500139649,0.8779457807540894,34.23212626446617,11.844045367441991,54.732051090235935,14.932968881627094,37.0,33.0,2500.0,1581.735627287298,0.0014668782534257064,-33.73212626446617,pass_ml_down,166.0,0.0
59.31839754830641,1963.4361537732927,381982.12054689706,1.0482099202634683,12.631277155600634,11.137080612442134,12.315529054547538,15.179850809213924,37.0,33.0,2500.0,1414.2075938316596,0.002080276509573788,-12.131277155600634,pass_full,167.0,0.0
0.0,1963.4361537732927,381982.12054689706,1.0482099202634683,15.216832269052889,12.920292614385488,15.463544046801058,15.963149480792657,37.0,33.0,2500.0,90.18465565980402,0.08491348517013882,-14.716832269052889,pass_bh_only,167.0,0.0
59.31839754830641,1963.4361537732927,0.0,1.0482099202634683,12.499041828185048,10.946042762037091,12.265241271013132,15.180216521407333,37.0,33.0,2500.0,1428.895081581216,0.0019522355481030507,-11.999041828185048,pass_halo_only,167.0,0.0
59.31839754830641,1963.4361537732927,763964.2410937941,1.0482099202634683,12.568487819808212,11.003437850024515,12.336152680915177,15.299957186234025,37.0,33.0,2500.0,1413.390882939642,0.0028133804157432466,-12.068487819808212,pass_bh_up,167.0,0.0
59.31839754830641,1963.4361537732927,190991.06027344853,1.0482099202634683,12.553092943150821,11.031283266305921,12.27786719031882,15.17703611411416,37.0,33.0,2500.0,1423.0752460349943,0.002061436454224235,-12.053092943150821,pass_bh_down,167.0,0.0
100.0,1963.4361537732927,381982.12054689706,1.0482099202634683,13.716579952440195,11.696793314908131,13.86401267041062,15.000506085901723,37.0,33.0,2500.0,1531.0132497337613,0.00348192975215308,-13.216579952440195,pass_halo_up,167.0,0.0
29.659198774153204,1963.4361537732927,381982.12054689706,1.0482099202634683,11.97667862507403,10.412382188631128,11.802131253714409,15.732316902958507,37.0,33.0,2500.0,1109.9954107225617,0.008871752164372953,-11.47667862507403,pass_halo_down,167.0,0.0
59.31839754830641,1963.4361537732927,381982.12054689706,2.0,12.626955922136933,11.138223623868132,12.30563285321391,15.17893262185754,37.0,33.0,2500.0,1415.5145395472846,0.0021369722528302563,-12.126955922136933,pass_ml_up,167.0,0.0
59.31839754830641,1963.4361537732927,381982.12054689706,0.5241049601317341,12.63956532474743,11.140741408169525,12.327989582508568,15.180223108275115,37.0,33.0,2500.0,1417.294119633712,0.0020424646240297757,-12.13956532474743,pass_ml_down,167.0,0.0
17.611583599749437,4857.13326846575,61408.75722624283,0.4460878071572474,33.290090038129115,11.099991017129678,53.67313188540948,15.23292266421125,37.0,33.0,2500.0,1418.351246530599,0.0014925589158625685,-32.790090038129115,pass_full,168.0,0.0
0.0,4857.13326846575,61408.75722624283,0.4460878071572474,17.63564180193702,23.61147740706055,8.304497246454083,16.279285733618114,37.0,33.0,2500.0,98.99851281132217,0.05915267354046475,-17.13564180193702,pass_bh_only,168.0,0.0
17.611583599749437,4857.13326846575,0.0,0.4460878071572474,33.29616188571168,11.112533924958084,53.6713890325678,15.227091158785889,37.0,33.0,2500.0,1425.9575341311725,0.0014669475498241612,-32.79616188571168,pass_halo_only,168.0,0.0
17.611583599749437,4857.13326846575,122817.51445248566,0.4460878071572474,33.29303619820939,11.12360171421856,53.65262268429556,15.230577073978596,37.0,33.0,2500.0,1414.9046888470448,0.0016037505050261632,-32.79303619820939,pass_bh_up,168.0,0.0
17.611583599749437,4857.13326846575,30704.378613121415,0.4460878071572474,33.276092380964045,11.083245722383325,53.664133036244515,15.225615219374909,37.0,33.0,2500.0,1420.7463404230998,0.0013910428487218733,-32.776092380964045,pass_bh_down,168.0,0.0
35.223167199498874,4857.13326846575,61408.75722624283,0.4460878071572474,33.872039639604154,11.468021241645406,54.43189216830195,14.985388719028212,37.0,33.0,2500.0,1547.7315802600913,0.001633373216898609,-33.372039639604154,pass_halo_up,168.0,0.0
8.805791799874719,4857.13326846575,61408.75722624283,0.4460878071572474,32.606499029457595,10.290638708430036,53.1918111600659,15.945535450114383,37.0,33.0,2500.0,1075.2292179181945,0.0016796465017383444,-32.106499029457595,pass_halo_down,168.0,0.0
17.611583599749437,4857.13326846575,61408.75722624283,0.8921756143144948,33.29796154870175,11.107884799830087,53.6800742545632,15.231274220016298,37.0,33.0,2500.0,1421.1863476154747,0.0015150881341342804,-32.79796154870175,pass_ml_up,168.0,0.0
17.611583599749437,4857.13326846575,61408.75722624283,0.2230439035786237,33.28948323803171,11.106237471734792,53.66525349562754,15.221741900196358,37.0,33.0,2500.0,1415.0308908621523,0.0014888318927930406,-32.78948323803171,pass_ml_down,168.0,0.0
92.40973030097555,1452.2518301395316,203606.22587177443,0.6413681217704699,12.637594147593434,11.02639127421607,12.45374891294396,15.131022468021653,37.0,33.0,2500.0,1459.041835315604,0.0016919146797105854,-12.137594147593434,pass_full,169.0,0.0
0.0,1452.2518301395316,203606.22587177443,0.6413681217704699,32.31290298158034,33.864497868162154,26.148617265627717,16.760805896587758,37.0,33.0,2500.0,116.55868844850802,0.05598232722170626,-31.812902981580343,pass_bh_only,169.0,0.0
92.40973030097555,1452.2518301395316,0.0,0.6413681217704699,12.679602431843051,11.031460527518893,12.533577642285517,15.081658788020171,37.0,33.0,2500.0,1493.019476754981,0.0014828832347314413,-12.179602431843051,pass_halo_only,169.0,0.0
92.40973030097555,1452.2518301395316,407212.45174354885,0.6413681217704699,12.687610675872515,11.10945982113926,12.46076796243274,15.12694846515291,37.0,33.0,2500.0,1459.310727207813,0.0019448683692695067,-12.187610675872515,pass_bh_up,169.0,0.0
92.40973030097555,1452.2518301395316,101803.11293588721,0.6413681217704699,12.67369196465404,11.056678596610263,12.492543402676484,15.112629304263082,37.0,33.0,2500.0,1474.4260804135363,0.0016356777838625386,-12.17369196465404,pass_bh_down,169.0,0.0
100.0,1452.2518301395316,203606.22587177443,0.6413681217704699,12.894568077238366,11.190767833486733,12.784695206426468,15.08814144664963,37.0,33.0,2500.0,1499.1067776380955,0.0020373635514588048,-12.394568077238366,pass_halo_up,169.0,0.0
46.20486515048778,1452.2518301395316,203606.22587177443,0.6413681217704699,12.235759148399705,10.735127165869315,11.96759751970442,15.429680506969792,37.0,33.0,2500.0,1295.726119936442,0.002233198992820722,-11.735759148399705,pass_halo_down,169.0,0.0
92.40973030097555,1452.2518301395316,203606.22587177443,1.2827362435409397,12.637426015400743,11.017689065707955,12.463110892320062,15.132962138693028,37.0,33.0,2500.0,1455.1731216507796,0.001631291994670698,-12.137426015400743,pass_ml_up,169.0,0.0
92.40973030097555,1452.2518301395316,203606.22587177443,0.32068406088523493,12.651166044271644,11.041357751282243,12.464191216742023,15.128411971998698,37.0,33.0,2500.0,1461.612166721277,0.0014983520473121625,-12.151166044271644,pass_ml_down,169.0,0.0
46.802359926614606,2027.7457780235095,970898.832407909,0.938294247399514,12.511152751093631,11.012735427122694,12.214900938670425,15.173139792515453,37.0,33.0,2500.0,1374.7178982572818,0.004590451358151807,-12.011152751093631,pass_full,170.0,0.0
0.0,2027.7457780235095,970898.832407909,0.938294247399514,15.448870578302639,21.01845349899861,6.84482546160691,16.063438471997696,37.0,33.0,2500.0,93.83155543149996,0.08074391880590336,-14.948870578302639,pass_bh_only,170.0,0.0
46.802359926614606,2027.7457780235095,0.0,0.938294247399514,12.541688043527518,11.003205804062212,12.285639874881605,15.206680251421382,37.0,33.0,2500.0,1381.4055171394868,0.001763230319128981,-12.041688043527518,pass_halo_only,170.0,0.0
46.802359926614606,2027.7457780235095,1500000.0,0.938294247399514,12.565207328964108,10.985724568111424,12.352379769497103,15.203342298104094,37.0,33.0,2500.0,1419.8538478603714,0.0017396278399622578,-12.065207328964108,pass_bh_up,170.0,0.0
46.802359926614606,2027.7457780235095,485449.4162039545,0.938294247399514,12.59220909518034,11.055814620415715,12.32828842110713,15.187141429985763,37.0,33.0,2500.0,1401.2851748183323,0.002479211244135987,-12.09220909518034,pass_bh_down,170.0,0.0
93.60471985322921,2027.7457780235095,970898.832407909,0.938294247399514,13.405237062665087,11.547849927419922,13.40546026953999,15.095009926539078,37.0,33.0,2500.0,1515.44190761678,0.0021348453171457105,-12.905237062665087,pass_halo_up,170.0,0.0
23.401179963307303,2027.7457780235095,970898.832407909,0.938294247399514,11.677688949657314,10.37816473573005,11.238703085825573,15.858173623126977,37.0,33.0,2500.0,982.2887336157585,0.012876092700335259,-11.177688949657314,pass_halo_down,170.0,0.0
46.802359926614606,2027.7457780235095,970898.832407909,1.876588494799028,12.551083175093456,11.032132297799006,12.27330218195205,15.16362253318746,37.0,33.0,2500.0,1392.168828571845,0.003122580152773681,-12.051083175093456,pass_ml_up,170.0,0.0
46.802359926614606,2027.7457780235095,970898.832407909,0.469147123699757,12.542109051112828,11.052507483388403,12.23307201536409,15.145043981060716,37.0,33.0,2500.0,1394.8923544767904,0.0037894859298114665,-12.042109051112828,pass_ml_down,170.0,0.0
77.92533560465026,3161.123110020053,0.0,0.2,13.659016364040248,11.894797771746996,13.528352472165796,14.951930890546324,37.0,33.0,2500.0,1533.438373724524,0.002522274053563513,-13.159016364040248,pass_full,171.0,0.0
0.0,3161.123110020053,0.0,0.2,1528.079198077869,1381.5510557964276,1381.5510557964278,4144.653167389282,37.0,33.0,2500.0,2481.193086500774,0.00046297679034563457,-1527.579198077869,pass_bh_only,171.0,0.0
77.92533560465026,3161.123110020053,0.0,0.2,13.64223986792121,11.888527582103299,13.502124571199731,14.942199895386493,37.0,33.0,2500.0,1542.6490969547247,0.0017262216681879067,-13.14223986792121,pass_halo_only,171.0,0.0
77.92533560465026,3161.123110020053,0.0,0.2,13.681145725046033,11.886674684792728,13.580828174285378,14.981324764289681,37.0,33.0,2500.0,1518.4933005811638,0.0033426753515705763,-13.181145725046033,pass_bh_up,171.0,0.0
77.92533560465026,3161.123110020053,0.0,0.2,15.536945332526912,11.889802406004874,17.28889748567095,14.982085897454098,37.0,33.0,2500.0,1517.456890589034,0.003530625974379753,-15.036945332526912,pass_bh_down,171.0,0.0
100.0,3161.123110020053,0.0,0.2,13.766218977567373,11.955767768596461,13.67575047962771,14.907279253663097,37.0,33.0,2500.0,1475.713224307613,0.0030746992867788188,-13.266218977567373,pass_halo_up,171.0,0.0
38.96266780232513,3161.123110020053,0.0,0.2,12.629465163149987,11.04089519937763,12.420858362715286,15.143252421322767,37.0,33.0,2500.0,1444.5226428528829,0.0014425115110952872,-12.129465163149987,pass_halo_down,171.0,0.0
77.92533560465026,3161.123110020053,0.0,0.4,13.669418049082354,11.884447430248631,13.559992408063664,14.97728685413511,37.0,33.0,2500.0,1524.1653372690619,0.0031663762897640876,-13.169418049082354,pass_ml_up,171.0,0.0
77.92533560465026,3161.123110020053,0.0,0.2,13.659152899909364,11.88005786613898,13.544638681219096,14.96887386664585,37.0,33.0,2500.0,1525.5792702105514,0.0022199420245398145,-13.159152899909364,pass_ml_down,171.0,0.0
49.913530008633614,5000.0,1200000.0,0.2,13.630752647025894,11.868551292698507,13.500643116451455,14.97205403096644,37.0,33.0,2500.0,1516.2791248349567,0.0020399603373992877,-13.130752647025894,pass_full,172.0,0.0
0.0,5000.0,1200000.0,0.2,19.159889531651164,26.13282500979583,8.518390211492495,16.531306747278055,37.0,33.0,2500.0,108.93349669846336,0.05646342874509719,-18.659889531651164,pass_bh_only,172.0,0.0
49.913530008633614,5000.0,0.0,0.2,13.66842038110235,11.82728443807587,13.622359485859585,14.968357910581883,37.0,33.0,2500.0,1519.0388180353814,0.002236997725702886,-13.16842038110235,pass_halo_only,172.0,0.0
49.913530008633614,5000.0,1500000.0,0.2,13.519997128093495,11.730895876248686,13.431338186391262,15.042502882057454,37.0,33.0,2500.0,1495.43998563515,0.0029978431052589227,-13.019997128093495,pass_bh_up,172.0,0.0
49.913530008633614,5000.0,600000.0,0.2,13.742729966227422,11.975921212046234,13.605154090250828,14.941007947022104,37.0,33.0,2500.0,1539.0524711192581,0.0023879405164086032,-13.242729966227422,pass_bh_down,172.0,0.0
99.82706001726723,5000.0,1200000.0,0.2,14.041959785369977,12.418808708600993,13.707614042165655,14.922160224715597,37.0,33.0,2500.0,1459.4827120987084,0.0027131305396536297,-13.541959785369977,pass_halo_up,172.0,0.0
24.956765004316807,5000.0,1200000.0,0.2,12.61796731490569,11.078804724108526,12.354076252807413,15.185551649115022,37.0,33.0,2500.0,1427.565734631823,0.0015483761392943126,-12.11796731490569,pass_halo_down,172.0,0.0
49.913530008633614,5000.0,1200000.0,0.4,13.606968203357521,11.819344707683367,13.507759199497343,14.988093653899558,37.0,33.0,2500.0,1500.542299456529,0.003408609332547756,-13.106968203357521,pass_ml_up,172.0,0.0
49.913530008633614,5000.0,1200000.0,0.2,13.610477999349033,11.84758038431081,13.483332922768458,14.981087286177278,37.0,33.0,2500.0,1515.817552108056,0.0020441574543667135,-13.110477999349033,pass_ml_down,172.0,0.0
57.142469527247414,1802.7033272985254,0.0,1.5267697249783925,33.13140811580927,10.942428345146181,53.53381860005948,15.18707307103886,37.0,33.0,2500.0,1418.1763994519588,0.0015094704013498665,-32.63140811580927,pass_full,173.0,0.0
0.0,1802.7033272985254,0.0,1.5267697249783925,1528.079198077869,1381.5510557964276,1381.5510557964278,4144.653167389282,37.0,33.0,2500.0,2480.62924921582,0.0004626134575153939,-1527.579198077869,pass_bh_only,173.0,0.0
57.142469527247414,1802.7033272985254,0.0,1.5267697249783925,33.13067156291375,10.934543126836374,53.541025762826415,15.192377286089286,37.0,33.0,2500.0,1413.9604636389467,0.0015179541007200109,-32.63067156291375,pass_halo_only,173.0,0.0
57.142469527247414,1802.7033272985254,0.0,1.5267697249783925,33.150728742769466,10.956324189093822,53.55717126354898,15.177450329196926,37.0,33.0,2500.0,1419.2128893757447,0.0015259177111208529,-32.650728742769466,pass_bh_up,173.0,0.0
57.142469527247414,1802.7033272985254,0.0,1.5267697249783925,33.150185775089525,10.95470777875436,53.55748952911163,15.190918881314724,37.0,33.0,2500.0,1417.5381607653178,0.0015885899489514607,-32.650185775089525,pass_bh_down,173.0,0.0
100.0,1802.7033272985254,0.0,1.5267697249783925,33.993102409485005,11.558076617234468,54.572662752764565,14.998053347104513,37.0,33.0,2500.0,1557.7186697703794,0.0016044470031871926,-33.493102409485005,pass_halo_up,173.0,0.0
28.571234763623707,1802.7033272985254,0.0,1.5267697249783925,32.87606231615531,10.568872709441393,53.42486150441524,15.751392971217445,37.0,33.0,2500.0,1171.6501474712986,0.0019796126656230085,-32.37606231615531,pass_halo_down,173.0,0.0
57.142469527247414,1802.7033272985254,0.0,2.0,33.149250782216335,10.947927183010956,53.563735219607175,15.173983607835211,37.0,33.0,2500.0,1425.3875011632315,0.0015380867148105746,-32.649250782216335,pass_ml_up,173.0,0.0
57.142469527247414,1802.7033272985254,0.0,0.7633848624891962,33.137773212275675,10.944868159330333,53.54389738067138,15.18429655281634,37.0,33.0,2500.0,1414.3946122788514,0.0015921456798584704,-32.637773212275675,pass_ml_down,173.0,0.0
40.43380227331548,2330.0369264337987,286629.09375,0.40167718152430276,12.618197461950412,11.055928454335895,12.379344862897003,15.213299202698089,37.0,33.0,2500.0,1356.127657427105,0.003362866244398101,-12.118197461950412,pass_full,174.0,0.0
0.0,2330.0369264337987,286629.09375,0.40167718152430276,28.367408112168842,28.530334426620584,24.26467354581399,15.892334606321187,37.0,33.0,2500.0,87.75355622887112,0.08092884992635084,-27.867408112168842,pass_bh_only,174.0,0.0
40.43380227331548,2330.0369264337987,0.0,0.40167718152430276,12.576841875899596,10.995869124017299,12.36374275161722,15.220895417365147,37.0,33.0,2500.0,1366.3146798465232,0.003429677913690126,-12.076841875899596,pass_halo_only,174.0,0.0
40.43380227331548,2330.0369264337987,573258.1875,0.40167718152430276,12.586029551127421,11.032224091803762,12.340500379516715,15.249146453618943,37.0,33.0,2500.0,1395.3049260781952,0.002888858708319952,-12.086029551127421,pass_bh_up,174.0,0.0
40.43380227331548,2330.0369264337987,143314.546875,0.40167718152430276,12.578344491609835,11.01117525350786,12.350174208700526,15.201503179340888,37.0,33.0,2500.0,1369.8229238969222,0.003485155047407275,-12.078344491609835,pass_bh_down,174.0,0.0
80.86760454663096,2330.0369264337987,286629.09375,0.40167718152430276,13.407040147132669,11.673696622619918,13.269464583324542,15.045543424108894,37.0,33.0,2500.0,1506.3043258116033,0.0024642505278774304,-12.907040147132669,pass_halo_up,174.0,0.0
20.21690113665774,2330.0369264337987,286629.09375,0.40167718152430276,12.256997652675205,10.450654157698237,12.314144534499324,15.92087160325124,37.0,33.0,2500.0,1074.6458288141303,0.0037387648741212696,-11.756997652675205,pass_halo_down,174.0,0.0
40.43380227331548,2330.0369264337987,286629.09375,0.8033543630486055,12.61510502657959,11.045493359105544,12.385065579444916,15.206513345666183,37.0,33.0,2500.0,1359.7986748031517,0.0029913178088541627,-12.11510502657959,pass_ml_up,174.0,0.0
40.43380227331548,2330.0369264337987,286629.09375,0.20083859076215138,12.604040167258416,11.041676773166893,12.366874158137094,15.217763213356058,37.0,33.0,2500.0,1360.4511398532618,0.003501506721145873,-12.104040167258416,pass_ml_down,174.0,0.0
20.0,4264.192245372396,835377.691265601,1.1877053458151337,13.04013212223635,10.9550612801691,13.336109897758691,15.219826075305331,37.0,33.0,2500.0,1391.1149616528169,0.0036142749138374577,-12.54013212223635,pass_full,175.0,0.0
0.0,4264.192245372396,835377.691265601,1.1877053458151337,14.3608423254158,13.705428781957773,12.866923349421953,16.106258014080993,37.0,33.0,2500.0,94.59677385516348,0.08406874989342002,-13.8608423254158,pass_bh_only,175.0,0.0
20.0,4264.192245372396,0.0,1.1877053458151337,12.806711858211244,11.117061611751327,12.687592388778905,15.221154177439047,37.0,33.0,2500.0,1397.5194423531202,0.003607001531181182,-12.306711858211244,pass_halo_only,175.0,0.0
20.0,4264.192245372396,1500000.0,1.1877053458151337,13.376831054019704,10.563207620995314,14.445853504581686,15.319001937278173,37.0,33.0,2500.0,1226.6969448715208,0.010020679801307292,-12.876831054019704,pass_bh_up,175.0,0.0
20.0,4264.192245372396,417688.8456328005,1.1877053458151337,12.825822288395944,11.108405259733388,12.735097948599044,15.235044120228341,37.0,33.0,2500.0,1393.3137608181346,0.0031904639623835974,-12.325822288395944,pass_bh_down,175.0,0.0
40.0,4264.192245372396,835377.691265601,1.1877053458151337,13.095750970438104,11.400119444440131,12.953835860437604,15.038561210189089,37.0,33.0,2500.0,1479.7011639486416,0.004791776014373045,-12.595750970438104,pass_halo_up,175.0,0.0
10.0,4264.192245372396,835377.691265601,1.1877053458151337,12.079055966635321,10.488607372923619,11.915204454637673,15.937473996714449,37.0,33.0,2500.0,1066.3034822134948,0.002465830457559559,-11.579055966635321,pass_halo_down,175.0,0.0
20.0,4264.192245372396,835377.691265601,2.0,12.475555297186826,10.938821732089384,12.225196399969168,15.218764328040688,37.0,33.0,2500.0,1385.9045167245422,0.003634790726274004,-11.975555297186826,pass_ml_up,175.0,0.0
20.0,4264.192245372396,835377.691265601,0.5938526729075668,12.584081144847307,10.96983911343969,12.40798050209805,15.201951793417855,37.0,33.0,2500.0,1413.3233155794237,0.0022504100778272113,-12.084081144847307,pass_ml_down,175.0,0.0
61.32551360858692,2989.277086812866,909656.8763517076,0.2,13.239740744586806,11.515194440995545,13.111927849371211,15.067075796644056,37.0,33.0,2500.0,1519.5920834091908,0.0021824130523022535,-12.739740744586806,pass_full,176.0,0.0
0.0,2989.277086812866,909656.8763517076,0.2,10.794534647684348,12.073419872890385,7.560424114799501,16.228755661839482,37.0,33.0,2500.0,98.75143281919694,0.07791112334263367,-10.294534647684348,pass_bh_only,176.0,0.0
61.32551360858692,2989.277086812866,0.0,0.2,13.278033902333577,11.534101235602447,13.169851863637286,14.983380336694854,37.0,33.0,2500.0,1530.5949479587655,0.0018392122324800615,-12.778033902333577,pass_halo_only,176.0,0.0
61.32551360858692,2989.277086812866,1500000.0,0.2,13.008130027404182,11.223463700046853,12.974485642878797,15.110398691942276,37.0,33.0,2500.0,1376.297869501237,0.006778699580716036,-12.508130027404182,pass_bh_up,176.0,0.0
61.32551360858692,2989.277086812866,454828.4381758538,0.2,13.267620360064404,11.533719170423451,13.147937075119126,15.033410979651698,37.0,33.0,2500.0,1521.8855969341155,0.001838993213571865,-12.767620360064404,pass_bh_down,176.0,0.0
100.0,2989.277086812866,909656.8763517076,0.2,13.911142070731247,12.075028855383032,13.832560626591535,14.884808341569546,37.0,33.0,2500.0,1578.7941733917323,0.0021331134711427215,-13.411142070731247,pass_halo_up,176.0,0.0
30.66275680429346,2989.277086812866,909656.8763517076,0.2,12.648961589455471,11.0975764697565,12.395293927016038,15.176435931541196,37.0,33.0,2500.0,1421.4518388728166,0.002742868633227887,-12.148961589455471,pass_halo_down,176.0,0.0
61.32551360858692,2989.277086812866,909656.8763517076,0.4,13.23687080819203,11.493380419762333,13.130033905793052,15.087278918296967,37.0,33.0,2500.0,1514.227188577446,0.0019018835849928086,-12.73687080819203,pass_ml_up,176.0,0.0
61.32551360858692,2989.277086812866,909656.8763517076,0.2,13.241067454753127,11.487451150671353,13.14500047535287,15.089743752221755,37.0,33.0,2500.0,1517.3625838923388,0.0017968221949428043,-12.741067454753127,pass_ml_down,176.0,0.0
61.94450256330318,2137.2788077852288,137782.02722768506,0.61195443811442,12.722116182685086,11.11208679763715,12.527141973551856,15.116771417429677,37.0,33.0,2500.0,1479.6491796309388,0.0015620204285394666,-12.222116182685086,pass_full,177.0,0.0
0.0,2137.2788077852288,137782.02722768506,0.61195443811442,14.814895997246714,18.7898234775531,8.063592678073167,16.46110877240383,37.0,33.0,2500.0,106.11077824146257,0.064174860130845,-14.314895997246714,pass_bh_only,177.0,0.0
61.94450256330318,2137.2788077852288,0.0,0.61195443811442,12.692255048319415,11.041609680134432,12.546367614750148,15.11914373735291,37.0,33.0,2500.0,1481.4582215230691,0.0017684539443973252,-12.192255048319415,pass_halo_only,177.0,0.0
61.94450256330318,2137.2788077852288,275564.0544553701,0.61195443811442,12.645827558798924,11.039128405978074,12.455658865850044,15.140125286488855,37.0,33.0,2500.0,1457.070608907109,0.001635750382100284,-12.145827558798924,pass_bh_up,177.0,0.0
61.94450256330318,2137.2788077852288,68891.01361384253,0.61195443811442,12.695846507017452,11.065314433198877,12.527045485934861,15.11673439894271,37.0,33.0,2500.0,1469.9679106753883,0.0017933574349636647,-12.195846507017452,pass_bh_down,177.0,0.0
100.0,2137.2788077852288,137782.02722768506,0.61195443811442,13.685636090878832,11.8258959373798,13.658763476917628,14.95463757666845,37.0,33.0,2500.0,1533.8361014083448,0.0032837797514790553,-13.185636090878832,pass_halo_up,177.0,0.0
30.97225128165159,2137.2788077852288,137782.02722768506,0.61195443811442,12.294072583808383,10.712374108252948,12.10959902880515,15.43418057542386,37.0,33.0,2500.0,1299.0086139614982,0.0038302708101188437,-11.794072583808383,pass_halo_down,177.0,0.0
61.94450256330318,2137.2788077852288,137782.02722768506,1.22390887622884,12.710317194552694,11.095907194707316,12.521707051500984,15.116035936774812,37.0,33.0,2500.0,1473.9949116257799,0.0016007485707515707,-12.210317194552694,pass_ml_up,177.0,0.0
61.94450256330318,2137.2788077852288,137782.02722768506,0.30597721905721,12.725831008694723,11.09154828175424,12.557305518154985,15.12647804983041,37.0,33.0,2500.0,1475.5492360211128,0.0017180327825608401,-12.225831008694723,pass_ml_down,177.0,0.0
24.71620827827107,4670.707037336691,876305.3518684094,0.6802933807423488,12.547160128786176,10.983827464362406,12.315529117722608,15.29849143363251,37.0,33.0,2500.0,1397.0051291902178,0.00353043000357612,-12.047160128786176,pass_full,178.0,0.0
0.0,4670.707037336691,876305.3518684094,0.6802933807423488,20.830673257332588,12.881302977372703,26.739708065839423,15.805858648459328,37.0,33.0,2500.0,86.28865823917587,0.09410033262345932,-20.330673257332588,pass_bh_only,178.0,0.0
24.71620827827107,4670.707037336691,0.0,0.6802933807423488,12.516018856862965,10.956687701030084,12.287814478770391,15.161921815419971,37.0,33.0,2500.0,1425.1702052472335,0.001686679805557871,-12.016018856862965,pass_halo_only,178.0,0.0
24.71620827827107,4670.707037336691,1500000.0,0.6802933807423488,12.596777950620286,11.101201012154482,12.284981235546441,15.23852651819049,37.0,33.0,2500.0,1377.048541618134,0.004696060022967793,-12.096777950620286,pass_bh_up,178.0,0.0
24.71620827827107,4670.707037336691,438152.6759342047,0.6802933807423488,12.612932787010504,11.062796246966338,12.362672756569715,15.16190183813847,37.0,33.0,2500.0,1402.2996141930512,0.002168110775897229,-12.112932787010504,pass_bh_down,178.0,0.0
49.43241655654214,4670.707037336691,876305.3518684094,0.6802933807423488,13.594209224194149,11.88279159491995,13.411096325973581,14.988341027647772,37.0,33.0,2500.0,1507.5296808227934,0.0024833340494741186,-13.094209224194149,pass_halo_up,178.0,0.0
12.358104139135534,4670.707037336691,876305.3518684094,0.6802933807423488,12.40198907206129,10.7918890126898,12.230331042010103,15.63046090018879,37.0,33.0,2500.0,1221.789418671563,0.0037947971210308537,-11.90198907206129,pass_halo_down,178.0,0.0
24.71620827827107,4670.707037336691,876305.3518684094,1.3605867614846976,12.51579094714179,10.947429291952345,12.293532737578715,15.300738369023897,37.0,33.0,2500.0,1394.2616085161114,0.004219813468550132,-12.01579094714179,pass_ml_up,178.0,0.0
24.71620827827107,4670.707037336691,876305.3518684094,0.3401466903711744,12.58399890937121,11.018719522405863,12.350358861538957,15.289463258697547,37.0,33.0,2500.0,1402.6147374126838,0.003363816928651025,-12.08399890937121,pass_ml_down,178.0,0.0
48.356849329312325,5000.0,418318.6689896018,0.2,13.674769068246855,11.97781738916728,13.466919409050501,14.947174606436775,37.0,33.0,2500.0,1525.0891314714956,0.002100260823216923,-13.174769068246855,pass_full,179.0,0.0
0.0,5000.0,418318.6689896018,0.2,23.996478888639217,24.628576422930767,19.883856330365763,16.343020099679897,37.0,33.0,2500.0,101.87003432696454,0.05936915966642643,-23.496478888639217,pass_bh_only,179.0,0.0
48.356849329312325,5000.0,0.0,0.2,13.59103093536063,11.801333056036134,13.497243021923833,14.949698936978166,37.0,33.0,2500.0,1512.3145095652098,0.002369534915575431,-13.09103093536063,pass_halo_only,179.0,0.0
48.356849329312325,5000.0,836637.3379792036,0.2,13.665582641085111,11.949245704530796,13.480008997013732,14.966066342524643,37.0,33.0,2500.0,1504.096675307964,0.0025584550421783175,-13.165582641085111,pass_bh_up,179.0,0.0
48.356849329312325,5000.0,209159.3344948009,0.2,13.672381297716933,11.946760155376364,13.496412992903418,14.965411134579089,37.0,33.0,2500.0,1515.2976594299405,0.0020414053480056304,-13.172381297716933,pass_bh_down,179.0,0.0
96.71369865862465,5000.0,418318.6689896018,0.2,13.937154683628057,12.257994703642805,13.677097184115544,14.962198008855408,37.0,33.0,2500.0,1426.737344293839,0.002087082777036965,-13.437154683628057,pass_halo_up,179.0,0.0
24.178424664656163,5000.0,418318.6689896018,0.2,12.541845062913355,11.034695824522785,12.252834088674486,15.13450371868056,37.0,33.0,2500.0,1397.006464931556,0.0016537752360832926,-12.041845062913355,pass_halo_down,179.0,0.0
48.356849329312325,5000.0,418318.6689896018,0.4,13.672653442115754,11.96879111499832,13.47297213001069,14.941775634349273,37.0,33.0,2500.0,1530.6683189019739,0.002149012732329415,-13.172653442115754,pass_ml_up,179.0,0.0
48.356849329312325,5000.0,418318.6689896018,0.2,13.689540769975839,11.970315029022853,13.504796147653789,14.94976187198469,37.0,33.0,2500.0,1525.429372316826,0.002155218522685521,-13.189540769975839,pass_ml_down,179.0,0.0
52.715293963027534,1361.2690093996766,1071259.7571034909,0.2,12.37055986900989,10.96310228822843,11.982107565491589,15.41261702897896,37.0,33.0,2500.0,1294.4345003037213,0.0024022033751298112,-11.87055986900989,pass_full,180.0,0.0
0.0,1361.2690093996766,1071259.7571034909,0.2,19.752223729796192,18.47646933993892,18.293106920630642,16.344872207997362,37.0,33.0,2500.0,103.09958082572304,0.06985881765716082,-19.252223729796192,pass_bh_only,180.0,0.0
52.715293963027534,1361.2690093996766,0.0,0.2,12.264747764982715,10.788081232874784,11.968602019036085,15.350480244301355,37.0,33.0,2500.0,1310.145681037184,0.0022461112745336223,-11.764747764982715,pass_halo_only,180.0,0.0
52.715293963027534,1361.2690093996766,1500000.0,0.2,12.321533575387374,10.957284970092669,11.892554430035473,15.347375890967443,37.0,33.0,2500.0,1306.9325835399607,0.0021246250364045788,-11.821533575387374,pass_bh_up,180.0,0.0
52.715293963027534,1361.2690093996766,535629.8785517454,0.2,12.293959767466257,10.874972798599634,11.92606114896337,15.46733318879517,37.0,33.0,2500.0,1322.0634728037833,0.004864307324695437,-11.793959767466257,pass_bh_down,180.0,0.0
100.0,1361.2690093996766,1071259.7571034909,0.2,12.362602024360127,10.731385844705876,12.234194665899114,15.142033378980218,37.0,33.0,2500.0,1347.5183604986294,0.008463849319200694,-11.862602024360127,pass_halo_up,180.0,0.0
26.357646981513767,1361.2690093996766,1071259.7571034909,0.2,12.05293713685081,10.14506179350256,12.240988033983765,16.173959551094494,37.0,33.0,2500.0,916.4370031459918,0.004684843930311281,-11.55293713685081,pass_halo_down,180.0,0.0
52.715293963027534,1361.2690093996766,1071259.7571034909,0.4,12.34556251372798,10.974659302576558,11.919302802131146,15.40773924038655,37.0,33.0,2500.0,1298.2309278281248,0.001965081252475055,-11.84556251372798,pass_ml_up,180.0,0.0
52.715293963027534,1361.2690093996766,1071259.7571034909,0.2,12.366839047806875,10.96991158855674,11.967130752798207,15.409333536313992,37.0,33.0,2500.0,1287.1175729781164,0.003030704139523607,-11.866839047806875,pass_ml_down,180.0,0.0
16.287757873535156,1970.6222982385761,73409.48363737477,1.4076728066497446,15.243123466533342,9.985610443196094,18.799272917364974,16.202556119900624,37.0,33.0,2500.0,886.8354449464966,0.005250259249167577,-14.743123466533342,pass_full,181.0,0.0
0.0,1970.6222982385761,73409.48363737477,1.4076728066497446,46.060100390741376,62.021920018896274,22.08241432936829,16.435912220614554,37.0,33.0,2500.0,105.22779427601255,0.04486069382034012,-45.560100390741376,pass_bh_only,181.0,0.0
16.287757873535156,1970.6222982385761,0.0,1.4076728066497446,15.273337503427257,9.977805916580493,18.868797563636925,16.191136712702114,37.0,33.0,2500.0,877.3248338946753,0.005418338094401034,-14.773337503427257,pass_halo_only,181.0,0.0
16.287757873535156,1970.6222982385761,146818.96727474954,1.4076728066497446,15.338775907876267,10.034389317187157,18.936435328651694,16.184439338402548,37.0,33.0,2500.0,881.500931649859,0.005390765284918309,-14.838775907876267,pass_bh_up,181.0,0.0
16.287757873535156,1970.6222982385761,36704.741818687384,1.4076728066497446,15.373839440086988,9.97475085606119,19.07348846480681,16.182502032852234,37.0,33.0,2500.0,867.4537824523823,0.005905099503689654,-14.873839440086988,pass_bh_down,181.0,0.0
32.57551574707031,1970.6222982385761,73409.48363737477,1.4076728066497446,12.395476049030982,10.702023742492104,12.322668061234664,15.478494743093227,37.0,33.0,2500.0,1285.8273437844773,0.003656583018305003,-11.895476049030982,pass_halo_up,181.0,0.0
8.143878936767578,1970.6222982385761,73409.48363737477,1.4076728066497446,66.23148188731847,10.174327948748576,120.56941277902132,16.03704875161535,37.0,33.0,2500.0,431.7478121528563,0.0066895818390940495,-65.73148188731847,pass_halo_down,181.0,0.0
16.287757873535156,1970.6222982385761,73409.48363737477,2.0,15.203454258625031,9.997049921123152,18.707900116920534,16.17643012931774,37.0,33.0,2500.0,881.7306954717973,0.005417233984599927,-14.703454258625031,pass_ml_up,181.0,0.0
16.287757873535156,1970.6222982385761,73409.48363737477,0.7038364033248723,15.279839193396814,9.987431191931673,18.871287923736894,16.181931179400216,37.0,33.0,2500.0,873.6011476069247,0.005247803662969712,-14.779839193396814,pass_ml_down,181.0,0.0
64.88311675625476,1356.7255639936257,996047.1981053785,0.5145565595128907,11.989181678768292,10.489107243294935,11.755107019701295,15.270491146651956,37.0,33.0,2500.0,1186.258718223156,0.009347290240508637,-11.489181678768292,pass_full,182.0,0.0
0.0,1356.7255639936257,996047.1981053785,0.5145565595128907,9.836098845619317,9.44594324647914,8.588372360200168,16.266335804541388,37.0,33.0,2500.0,99.85838008983474,0.05941420775373126,-9.336098845619317,pass_bh_only,182.0,0.0
64.88311675625476,1356.7255639936257,0.0,0.5145565595128907,12.463767394024591,11.0157200087907,12.116281930006192,15.18970399016254,37.0,33.0,2500.0,1377.785969353318,0.0017354627145829125,-11.963767394024591,pass_halo_only,182.0,0.0
64.88311675625476,1356.7255639936257,1500000.0,0.5145565595128907,12.268860369187923,10.835934414102402,11.925786918410308,15.264242737073477,37.0,33.0,2500.0,1335.407175084961,0.006736019540668977,-11.768860369187923,pass_bh_up,182.0,0.0
64.88311675625476,1356.7255639936257,498023.5990526893,0.5145565595128907,12.375682272488614,10.98561548454238,11.974913436612574,15.155113647965807,37.0,33.0,2500.0,1356.6366125226523,0.004616990081461679,-11.875682272488614,pass_bh_down,182.0,0.0
100.0,1356.7255639936257,996047.1981053785,0.5145565595128907,12.460964750068783,10.838266617792286,12.310531870064889,15.160256934083801,37.0,33.0,2500.0,1357.014130047758,0.007963817852058307,-11.960964750068783,pass_halo_up,182.0,0.0
32.44155837812738,1356.7255639936257,996047.1981053785,0.5145565595128907,12.020749995516011,10.329198448280316,11.979994022493067,15.849354375413451,37.0,33.0,2500.0,1032.8452233782687,0.003348069476559176,-11.520749995516011,pass_halo_down,182.0,0.0
64.88311675625476,1356.7255639936257,996047.1981053785,1.0291131190257814,12.415849295972235,10.999205057589268,12.037723367386526,15.23059527960917,37.0,33.0,2500.0,1397.334608313079,0.002655039385116196,-11.915849295972235,pass_ml_up,182.0,0.0
64.88311675625476,1356.7255639936257,996047.1981053785,0.25727827975644535,12.273566985392538,10.779610041573338,11.998049464929636,15.274217155016034,37.0,33.0,2500.0,1317.3331437492614,0.006563790737144208,-11.773566985392538,pass_ml_down,182.0,0.0
40.0,4307.748748790051,965154.1794187804,0.2,13.077693878436664,11.409714864092091,12.905756042135948,15.078396614925744,37.0,33.0,2500.0,1446.9797897805151,0.0041220172071899305,-12.577693878436664,pass_full,183.0,0.0
0.0,4307.748748790051,965154.1794187804,0.2,65.28972028236191,61.80551680996155,60.79395238420729,16.116987988465592,37.0,33.0,2500.0,94.79675081443393,0.07685018643411269,-64.78972028236191,pass_bh_only,183.0,0.0
40.0,4307.748748790051,0.0,0.2,13.176774270654464,11.438912444567398,13.072411653719618,15.037756841453453,37.0,33.0,2500.0,1509.5591569855023,0.0018853330829190196,-12.676774270654464,pass_halo_only,183.0,0.0
40.0,4307.748748790051,1500000.0,0.2,13.072408929047093,11.366754618372406,12.941213973248724,15.149007320120997,37.0,33.0,2500.0,1473.6435635833839,0.0041964186210498786,-12.572408929047093,pass_bh_up,183.0,0.0
40.0,4307.748748790051,482577.0897093902,0.2,13.155261710647828,11.397204599094312,13.075503165858692,15.059098262930235,37.0,33.0,2500.0,1489.4250688318637,0.0021003242955352506,-12.655261710647828,pass_bh_down,183.0,0.0
80.0,4307.748748790051,965154.1794187804,0.2,13.641788928331367,11.832821685072853,13.567742749145761,14.808156200364676,37.0,33.0,2500.0,1439.939402935489,0.002497771498681774,-13.141788928331367,pass_halo_up,183.0,0.0
20.0,4307.748748790051,965154.1794187804,0.2,12.47342282232711,10.884505827491207,12.279884802614571,15.282992170133442,37.0,33.0,2500.0,1360.7744431725614,0.0027649461623932363,-11.97342282232711,pass_halo_down,183.0,0.0
40.0,4307.748748790051,965154.1794187804,0.4,12.932648329040115,11.362992669675336,12.66773025276646,15.088962597366763,37.0,33.0,2500.0,1411.9297787878602,0.0074898972679162835,-12.432648329040115,pass_ml_up,183.0,0.0
40.0,4307.748748790051,965154.1794187804,0.2,12.999017354044215,11.264762481228773,12.90900502659694,15.141767683754395,37.0,33.0,2500.0,1419.172501934469,0.0042887752340602095,-12.499017354044215,pass_ml_down,183.0,0.0
37.17867660522461,5000.0,46103.33833022963,0.29675733176473806,13.191703135515654,11.55134081542663,12.977103825481437,15.00837053236044,37.0,33.0,2500.0,1489.951680289251,0.0018257739001249938,-12.691703135515654,pass_full,184.0,0.0
0.0,5000.0,46103.33833022963,0.29675733176473806,30.531769479864387,46.931071545598776,7.956206655610486,16.092318848748114,37.0,33.0,2500.0,94.18862993194811,0.07094335701690618,-30.031769479864387,pass_bh_only,184.0,0.0
37.17867660522461,5000.0,0.0,0.29675733176473806,13.168915704743391,11.538920509863066,12.945923810311214,14.99289190786044,37.0,33.0,2500.0,1494.029573781719,0.0016754126775429254,-12.668915704743391,pass_halo_only,184.0,0.0
37.17867660522461,5000.0,92206.67666045926,0.29675733176473806,13.207955307160155,11.577439111541114,12.980645594324994,14.998498532824414,37.0,33.0,2500.0,1499.1921066180294,0.0016458353278772544,-12.707955307160155,pass_bh_up,184.0,0.0
37.17867660522461,5000.0,23051.669165114814,0.29675733176473806,13.167407455540856,11.509198837220158,12.97626255780847,14.991870680870921,37.0,33.0,2500.0,1487.683979895749,0.0016345969014840644,-12.667407455540856,pass_bh_down,184.0,0.0
74.35735321044922,5000.0,46103.33833022963,0.29675733176473806,13.789690982665897,12.047430938402371,13.620682143086281,14.88214941321487,37.0,33.0,2500.0,1456.3851883406944,0.002781837180883454,-13.289690982665897,pass_halo_up,184.0,0.0
18.589338302612305,5000.0,46103.33833022963,0.29675733176473806,12.582409406771555,10.991187274903194,12.380524623486746,15.207779100441767,37.0,33.0,2500.0,1379.342635905452,0.0030291303948373188,-12.082409406771555,pass_halo_down,184.0,0.0
37.17867660522461,5000.0,46103.33833022963,0.5935146635294761,13.221153183447615,11.593818981289749,12.98889162785996,14.99138408044334,37.0,33.0,2500.0,1504.4608288570394,0.0016464176646547055,-12.721153183447615,pass_ml_up,184.0,0.0
37.17867660522461,5000.0,46103.33833022963,0.2,13.209383305089293,11.573546312843183,12.98778799848543,15.001080610676567,37.0,33.0,2500.0,1492.4846733763447,0.0017491475718303016,-12.709383305089293,pass_ml_down,184.0,0.0
41.73999605868005,2112.425403033473,813596.240966792,0.8996877462805613,12.495962006952986,10.962298238775855,12.23847848033665,15.258667773081005,37.0,33.0,2500.0,1377.1151463445617,0.00295595865309373,-11.995962006952986,pass_full,185.0,0.0
0.0,2112.425403033473,813596.240966792,0.8996877462805613,8.36945361348302,8.538226563248797,6.677997799448733,16.095628267865873,37.0,33.0,2500.0,95.11203577271938,0.060839039313034735,-7.869453613483021,pass_bh_only,185.0,0.0
41.73999605868005,2112.425403033473,0.0,0.8996877462805613,19.717944602824506,11.013084517026329,26.626716061564686,15.218586624808765,37.0,33.0,2500.0,1374.0595361443716,0.0032364500939642284,-19.217944602824506,pass_halo_only,185.0,0.0
41.73999605868005,2112.425403033473,1500000.0,0.8996877462805613,12.533507137031629,10.95322748018024,12.322433789594726,15.301739220792772,37.0,33.0,2500.0,1362.660870883232,0.0031825265267046246,-12.033507137031629,pass_bh_up,185.0,0.0
41.73999605868005,2112.425403033473,406798.120483396,0.8996877462805613,12.613582093347189,11.076106166749769,12.34760828499451,15.209416586353974,37.0,33.0,2500.0,1366.4365089378362,0.003283497896887351,-12.113582093347189,pass_bh_down,185.0,0.0
83.4799921173601,2112.425403033473,813596.240966792,0.8996877462805613,13.229371784013992,11.465673791269033,13.145922391478601,15.093168549175301,37.0,33.0,2500.0,1498.3917179537762,0.0027965295209923468,-12.729371784013992,pass_halo_up,185.0,0.0
20.869998029340024,2112.425403033473,813596.240966792,0.8996877462805613,12.11155622595363,10.55965154739707,11.901200812210952,15.915976856286212,37.0,33.0,2500.0,1057.4500005947461,0.00615914854565225,-11.61155622595363,pass_halo_down,185.0,0.0
41.73999605868005,2112.425403033473,813596.240966792,1.7993754925611225,12.436203091540538,10.950992239363297,12.132259209009428,15.238137287922706,37.0,33.0,2500.0,1338.0299697488188,0.0059705315991234785,-11.936203091540538,pass_ml_up,185.0,0.0
41.73999605868005,2112.425403033473,813596.240966792,0.4498438731402806,12.380702761770614,10.850225070652574,12.133467063398431,15.263641570567371,37.0,33.0,2500.0,1334.3576434942163,0.005490846019178624,-11.880702761770614,pass_ml_down,185.0,0.0
47.53834254445384,583.9218040866042,477934.41709609475,1.4636988241757076,40.14000414714543,10.226971131997283,68.31501483880027,16.446852147291306,37.0,33.0,2500.0,819.4084611898013,0.004123363063543609,-39.64000414714543,pass_full,186.0,0.0
0.0,583.9218040866042,477934.41709609475,1.4636988241757076,24.02062380224512,18.6902844002969,26.60060507886368,16.000680534690936,37.0,33.0,2500.0,91.06941981456285,0.07005482628241395,-23.52062380224512,pass_bh_only,186.0,0.0
47.53834254445384,583.9218040866042,0.0,1.4636988241757076,50.92474172864001,9.91163716399169,90.23922508160808,16.407951329480692,37.0,33.0,2500.0,801.6848163349812,0.00478539589027768,-50.42474172864001,pass_halo_only,186.0,0.0
47.53834254445384,583.9218040866042,955868.8341921895,1.4636988241757076,11.534177706986185,9.73667493254508,11.65266253541893,16.46089248809497,37.0,33.0,2500.0,711.0404916596195,0.01300691981135634,-11.034177706986185,pass_bh_up,186.0,0.0
47.53834254445384,583.9218040866042,238967.20854804738,1.4636988241757076,21.538583907377298,9.959891938867292,31.41273943816792,16.410134689270283,37.0,33.0,2500.0,738.4293899898988,0.013391670358288291,-21.038583907377298,pass_bh_down,186.0,0.0
95.07668508890768,583.9218040866042,477934.41709609475,1.4636988241757076,12.026232522686053,10.48251982225528,11.82132682789428,15.774327753322993,37.0,33.0,2500.0,1116.9302173714293,0.006397249544302281,-11.526232522686053,pass_halo_up,186.0,0.0
23.76917127222692,583.9218040866042,477934.41709609475,1.4636988241757076,18.389535489376435,10.32253966024435,24.732580747841432,15.600210191036226,37.0,33.0,2500.0,249.18960870403,0.028533237764648094,-17.889535489376435,pass_halo_down,186.0,0.0
47.53834254445384,583.9218040866042,477934.41709609475,2.0,51.07151469035608,10.188137512857379,90.22244483273333,16.41820210757765,37.0,33.0,2500.0,805.2168236155402,0.005093906646135353,-50.57151469035608,pass_ml_up,186.0,0.0
47.53834254445384,583.9218040866042,477934.41709609475,0.7318494120878538,12.730347668952234,9.835589821680339,13.938469370309553,16.3166335284595,37.0,33.0,2500.0,632.6604340704876,0.02198349898308985,-12.230347668952234,pass_ml_down,186.0,0.0
38.63786036736083,4670.193539571266,201693.3868214435,0.3364515287695121,13.219205209328647,11.565153518535613,13.01576870081491,15.036496502981013,37.0,33.0,2500.0,1485.7050270870907,0.001996614270839542,-12.719205209328647,pass_full,187.0,0.0
0.0,4670.193539571266,201693.3868214435,0.3364515287695121,42.844273469446584,63.986329011748815,13.442286285948938,16.632428112451585,37.0,33.0,2500.0,113.21983904197026,0.04252141464792458,-42.344273469446584,pass_bh_only,187.0,0.0
38.63786036736083,4670.193539571266,0.0,0.3364515287695121,13.150653600713088,11.476286635186387,12.979411472007632,14.99995356891575,37.0,33.0,2500.0,1499.8348871953797,0.0018147673258267214,-12.650653600713088,pass_halo_only,187.0,0.0
38.63786036736083,4670.193539571266,403386.773642887,0.3364515287695121,13.170853278347028,11.489422168033915,13.003330098181857,15.057802913647958,37.0,33.0,2500.0,1482.5163822478412,0.002030867041006307,-12.670853278347028,pass_bh_up,187.0,0.0
38.63786036736083,4670.193539571266,100846.69341072175,0.3364515287695121,13.174742045418945,11.53778153683167,12.9589384442555,14.99008947444713,37.0,33.0,2500.0,1510.701020341329,0.0017875884763302475,-12.674742045418945,pass_bh_down,187.0,0.0
77.27572073472166,4670.193539571266,201693.3868214435,0.3364515287695121,13.903766930625114,11.953179104893792,13.953954704539859,14.900485290371876,37.0,33.0,2500.0,1433.4288092139134,0.002460969094556562,-13.403766930625114,pass_halo_up,187.0,0.0
19.318930183680415,4670.193539571266,201693.3868214435,0.3364515287695121,12.671641732835727,11.103911288297644,12.43194571759073,15.22942801965123,37.0,33.0,2500.0,1376.4219937950347,0.0035559696559763964,-12.171641732835727,pass_halo_down,187.0,0.0
38.63786036736083,4670.193539571266,201693.3868214435,0.6729030575390242,13.19612206753941,11.554196436429255,12.982213591512604,15.025739789802909,37.0,33.0,2500.0,1486.6810731000978,0.0019019797143729497,-12.69612206753941,pass_ml_up,187.0,0.0
38.63786036736083,4670.193539571266,201693.3868214435,0.2,13.199056796354737,11.566752064353274,12.974337757021601,15.01477619662879,37.0,33.0,2500.0,1491.7564385585351,0.0018619327274917614,-12.699056796354737,pass_ml_down,187.0,0.0
58.62810480715095,1408.4075289434809,103053.39944638632,0.2,12.32889083618249,10.984882807250576,11.87978170621952,15.233335014529153,37.0,33.0,2500.0,1356.0050243993862,0.0034188040543751794,-11.82889083618249,pass_full,188.0,0.0
0.0,1408.4075289434809,103053.39944638632,0.2,26.710608069780573,40.36586872745293,7.678182063894694,15.982981581234212,37.0,33.0,2500.0,90.25501378721495,0.09027998401300168,-26.210608069780573,pass_bh_only,188.0,0.0
58.62810480715095,1408.4075289434809,0.0,0.2,12.363415552675054,10.957596017794145,11.979186137633643,15.241231276259883,37.0,33.0,2500.0,1364.635734565961,0.0036583834427039515,-11.863415552675054,pass_halo_only,188.0,0.0
58.62810480715095,1408.4075289434809,206106.79889277264,0.2,12.362753627203496,10.98348732084639,11.94853062427965,15.251197922885867,37.0,33.0,2500.0,1350.4553674047831,0.003297840240929952,-11.862753627203496,pass_bh_up,188.0,0.0
58.62810480715095,1408.4075289434809,51526.69972319316,0.2,12.335782236498348,10.932078046392979,11.952622468478065,15.238198432574613,37.0,33.0,2500.0,1357.2386109970018,0.0038005617558211865,-11.835782236498348,pass_bh_down,188.0,0.0
100.0,1408.4075289434809,103053.39944638632,0.2,33.50937268484206,11.10348099818667,54.1126643074247,15.071878121653976,37.0,33.0,2500.0,1532.3144542941075,0.001405506987228102,-33.00937268484206,pass_halo_up,188.0,0.0
29.314052403575474,1408.4075289434809,103053.39944638632,0.2,32.664754027900585,10.385820101570944,53.20276023292555,15.907334396771343,37.0,33.0,2500.0,1045.6171625035774,0.0019101442032453746,-32.164754027900585,pass_halo_down,188.0,0.0
58.62810480715095,1408.4075289434809,103053.39944638632,0.4,32.99568279288301,10.946664248972874,53.25599583456894,15.240624577506331,37.0,33.0,2500.0,1371.4426508008908,0.0016538972395026919,-32.49568279288301,pass_ml_up,188.0,0.0
58.62810480715095,1408.4075289434809,103053.39944638632,0.2,12.355998808039043,10.965504607294854,11.955707116294413,15.23391602295136,37.0,33.0,2500.0,1352.3908855192258,0.0038011097176575874,-11.855998808039043,pass_ml_down,188.0,0.0
76.74169981600105,2429.970547742309,0.0,0.2,33.99977436471512,11.571756650449057,54.57082816021735,14.992782717410964,37.0,33.0,2500.0,1549.929142097883,0.0018105803258976056,-33.49977436471512,pass_full,189.0,0.0
0.0,2429.970547742309,0.0,0.2,1528.079198077869,1381.5510557964276,1381.5510557964278,4144.653167389282,37.0,33.0,2500.0,2396.7488793362777,0.00048763554703800424,-1527.579198077869,pass_bh_only,189.0,0.0
76.74169981600105,2429.970547742309,0.0,0.2,33.97964630267498,11.561745069395675,54.54204780579868,14.984510817553764,37.0,33.0,2500.0,1550.7435992210567,0.0019145618979609818,-33.47964630267498,pass_halo_only,189.0,0.0
76.74169981600105,2429.970547742309,0.0,0.2,33.98379673781239,11.572497457234642,54.53847692461702,14.97844026557412,37.0,33.0,2500.0,1551.3699408220923,0.0020035020257241705,-33.48379673781239,pass_bh_up,189.0,0.0
76.74169981600105,2429.970547742309,0.0,0.2,33.98611098355743,11.579656698557239,54.53479922159425,14.987652755563774,37.0,33.0,2500.0,1552.8960596291786,0.0018690351271899576,-33.48611098355743,pass_bh_down,189.0,0.0
100.0,2429.970547742309,0.0,0.2,34.237878674914825,11.931797005565738,54.6451590679141,14.933254097280667,37.0,33.0,2500.0,1575.6175463046081,0.00118814673751862,-33.737878674914825,pass_halo_up,189.0,0.0
38.37084990800052,2429.970547742309,0.0,0.2,33.201168767231046,11.0370239925568,53.56721018899873,15.189314675689339,37.0,33.0,2500.0,1407.7285214915587,0.0014228334078545278,-32.701168767231046,pass_halo_down,189.0,0.0
76.74169981600105,2429.970547742309,0.0,0.4,34.00475730070082,11.583262881472598,54.56827143106534,14.980298006610571,37.0,33.0,2500.0,1551.4643595213875,0.002033988729877537,-33.50475730070082,pass_ml_up,189.0,0.0
76.74169981600105,2429.970547742309,0.0,0.2,34.00382715574443,11.57732188018253,54.573034207801015,14.981553854944917,37.0,33.0,2500.0,1553.2894898217298,0.0017114785272999134,-33.50382715574443,pass_ml_down,189.0,0.0
20.0,2647.5197357832512,656520.1667877564,0.2,11.929554764673536,10.461585631138044,11.6510511002866,15.787259806888068,37.0,33.0,2500.0,1087.8505653442328,0.0079370949720087,-11.429554764673536,pass_full,190.0,0.0
0.0,2647.5197357832512,656520.1667877564,0.2,9.088528410019173,9.2806320595446,7.2856279351059205,16.033766999619953,37.0,33.0,2500.0,93.25196173738047,0.07472620201023547,-8.588528410019173,pass_bh_only,190.0,0.0
20.0,2647.5197357832512,0.0,0.2,32.88100905395539,10.593349804837684,53.40666715667804,15.772638611685696,37.0,33.0,2500.0,1198.8775982404031,0.0018538998056762375,-32.38100905395539,pass_halo_only,190.0,0.0
20.0,2647.5197357832512,1313040.3335755127,0.2,12.32192627570863,10.705292613682781,12.16333552919846,15.761235026957507,37.0,33.0,2500.0,1182.9413362814128,0.003420787554515857,-11.82192627570863,pass_bh_up,190.0,0.0
20.0,2647.5197357832512,328260.0833938782,0.2,11.814046088088457,10.243218804614497,11.666416902134511,15.736188272662947,37.0,33.0,2500.0,1021.9873874629637,0.011900370346508184,-11.314046088088457,pass_bh_down,190.0,0.0
40.0,2647.5197357832512,656520.1667877564,0.2,12.55687120714263,10.950103348550178,12.375170709493638,15.219042361767016,37.0,33.0,2500.0,1407.4657988149984,0.002805648064513081,-12.05687120714263,pass_halo_up,190.0,0.0
10.0,2647.5197357832512,656520.1667877564,0.2,43.42138082100371,10.050317928446672,75.07671134784718,16.417896354761698,37.0,33.0,2500.0,810.9495200604393,0.0047645653491872365,-42.92138082100371,pass_halo_down,190.0,0.0
20.0,2647.5197357832512,656520.1667877564,0.4,12.116516650771151,10.532434429798876,11.944692325913412,15.815178293194657,37.0,33.0,2500.0,1149.3238270162385,0.006596368538119263,-11.616516650771151,pass_ml_up,190.0,0.0
20.0,2647.5197357832512,656520.1667877564,0.2,11.95677892519223,10.384952309770556,11.792030813937668,15.767156741233846,37.0,33.0,2500.0,1082.0743192280856,0.010214997661736771,-11.45677892519223,pass_ml_down,190.0,0.0
30.532733917236328,1569.512745796947,139123.109375,0.5455617761718681,12.481426231388385,10.457307544983392,12.759344080816293,15.795397440310314,37.0,33.0,2500.0,1098.4429159942988,0.004181997512808576,-11.981426231388385,pass_full,191.0,0.0
0.0,1569.512745796947,139123.109375,0.5455617761718681,73.42962078995816,95.97803439905115,38.73008073477219,17.075035124863973,37.0,33.0,2500.0,132.1642355581352,0.03072035432962358,-72.92962078995816,pass_bh_only,191.0,0.0
30.532733917236328,1569.512745796947,0.0,0.5455617761718681,12.28946944560765,10.388116128333165,12.452322541329329,15.81804279791018,37.0,33.0,2500.0,1094.0952505282053,0.004361359342075028,-11.78946944560765,pass_halo_only,191.0,0.0
30.532733917236328,1569.512745796947,278246.21875,0.5455617761718681,12.330533590287773,10.453900636851102,12.461250238098362,15.799635538256037,37.0,33.0,2500.0,1075.2449551488128,0.005195365889731872,-11.830533590287773,pass_bh_up,191.0,0.0
30.532733917236328,1569.512745796947,69561.5546875,0.5455617761718681,12.427048706574022,10.471277947934421,12.634744268058501,15.801369714381304,37.0,33.0,2500.0,1096.3689509587507,0.00433170585522466,-11.927048706574022,pass_bh_down,191.0,0.0
61.065467834472656,1569.512745796947,139123.109375,0.5455617761718681,12.463976226221849,10.938066547773355,12.203944845071733,15.183788775660593,37.0,33.0,2500.0,1378.5509582068457,0.0020563474889961735,-11.963976226221849,pass_halo_up,191.0,0.0
15.266366958618164,1569.512745796947,139123.109375,0.5455617761718681,10.663322278335855,9.201066502787233,10.521531707242044,16.129263428051324,37.0,33.0,2500.0,517.7908851876716,0.022194324182810712,-10.163322278335855,pass_halo_down,191.0,0.0
30.532733917236328,1569.512745796947,139123.109375,1.0911235523437361,12.906325121655167,10.453681584216273,13.61377647878446,15.7766156133519,37.0,33.0,2500.0,1096.9907624609114,0.00407693880862037,-12.406325121655167,pass_ml_up,191.0,0.0
30.532733917236328,1569.512745796947,139123.109375,0.27278088808593404,12.783544886016196,10.468040411766259,13.35187131996841,15.784713682759543,37.0,33.0,2500.0,1101.8449035030906,0.004219854485630233,-12.283544886016196,pass_ml_down,191.0,0.0
60.74066628951784,3276.904258690945,1111824.9414998833,0.4223612544930724,13.207222605421274,11.468652081209543,13.099655025924937,15.047949097528377,37.0,33.0,2500.0,1441.01162401262,0.007281413623768326,-12.707222605421274,pass_full,192.0,0.0
0.0,3276.904258690945,1111824.9414998833,0.4223612544930724,25.431584647197635,22.41455351340738,25.234754132586705,16.399220343609002,37.0,33.0,2499.0,104.2354815245813,0.07238331104010155,-24.931584647197635,pass_bh_only,192.0,0.0
60.74066628951784,3276.904258690945,0.0,0.4223612544930724,34.007980732688594,11.652096038262533,54.49831248812783,14.954862833513324,37.0,33.0,2500.0,1540.3258523974228,0.002081595475022506,-33.507980732688594,pass_halo_only,192.0,0.0
60.74066628951784,3276.904258690945,1500000.0,0.4223612544930724,13.393925704024777,11.60555151683718,13.318586053990893,15.080350560960097,37.0,33.0,2500.0,1509.0303850942423,0.003166396655681995,-12.893925704024777,pass_bh_up,192.0,0.0
60.74066628951784,3276.904258690945,555912.4707499417,0.4223612544930724,34.02769069046,11.69199354507341,54.49111694153314,15.016965332050685,37.0,33.0,2500.0,1531.0056327846994,0.0017365721404171517,-33.52769069046,pass_bh_down,192.0,0.0
100.0,3276.904258690945,1111824.9414998833,0.4223612544930724,34.43284688991365,12.008449161626745,54.95230879935682,14.829085375334964,37.0,33.0,2500.0,1550.476793028388,0.00160396972469415,-33.93284688991365,pass_halo_up,192.0,0.0
30.37033314475892,3276.904258690945,1111824.9414998833,0.4223612544930724,12.617958709982013,11.095357896695335,12.335538582682574,15.184259452560374,37.0,33.0,2500.0,1399.621834538001,0.003986953032641425,-12.117958709982013,pass_halo_down,192.0,0.0
60.74066628951784,3276.904258690945,1111824.9414998833,0.8447225089861448,12.869402049718408,11.04754003293579,12.897955135414309,14.989034594118289,37.0,33.0,2500.0,1267.7111426560944,0.009896020026682738,-12.369402049718408,pass_ml_up,192.0,0.0
60.74066628951784,3276.904258690945,1111824.9414998833,0.2111806272465362,13.346372229776302,11.534752635032135,13.303356599992341,15.06395186929937,37.0,33.0,2500.0,1501.1078367187804,0.00407492093961517,-12.846372229776302,pass_ml_down,192.0,0.0
100.0,5000.0,1221186.59375,1.092282824751495,14.034758903920055,12.410237802654215,13.702559634560306,14.930821020027619,37.0,33.0,2500.0,1462.5014746941297,0.0022377027250463193,-13.534758903920055,pass_full,193.0,0.0
0.0,5000.0,1221186.59375,1.092282824751495,31.846656507148765,49.70269653003459,7.480308759373179,16.029368801223892,37.0,33.0,2500.0,93.5313774782101,0.06652271299990672,-31.346656507148765,pass_bh_only,193.0,0.0
100.0,5000.0,0.0,1.092282824751495,13.94181794007122,12.28538855158471,13.656724786854564,14.92868966986541,37.0,33.0,2500.0,1444.8059500644642,0.0019835544262405383,-13.44181794007122,pass_halo_only,193.0,0.0
100.0,5000.0,1500000.0,1.092282824751495,14.030650411895019,12.412912786276433,13.690771858482101,14.949682762934177,37.0,33.0,2500.0,1453.5767222559646,0.002008975550597779,-13.530650411895019,pass_bh_up,193.0,0.0
100.0,5000.0,610593.296875,1.092282824751495,13.930013062298977,12.2621257594296,13.658274711746634,14.959143525198346,37.0,33.0,2500.0,1429.8348894601245,0.0022458473449073132,-13.430013062298977,pass_bh_down,193.0,0.0
100.0,5000.0,1221186.59375,1.092282824751495,14.044270757229338,12.4270450087004,13.702805263818401,14.928630949214572,37.0,33.0,2500.0,1470.05751099274,0.002268489741214965,-13.544270757229338,pass_halo_up,193.0,0.0
50.0,5000.0,1221186.59375,1.092282824751495,13.636340528921599,11.873739469456456,13.50568040303145,14.982661238898638,37.0,33.0,2500.0,1510.33694163026,0.003177928790062193,-13.136340528921599,pass_halo_down,193.0,0.0
100.0,5000.0,1221186.59375,2.0,14.034133766736398,12.432672339196635,13.67625952473551,14.927387738055309,37.0,33.0,2500.0,1457.3451726402059,0.0021080112503787094,-13.534133766736398,pass_ml_up,193.0,0.0
100.0,5000.0,1221186.59375,0.5461414123757475,14.032972101372334,12.42525843848589,13.682755905514895,14.910651584604315,37.0,33.0,2500.0,1474.5386508186707,0.00199744399311172,-13.532972101372334,pass_ml_down,193.0,0.0
16.673856735229492,3902.2274272623144,697670.1933589278,1.4266571380809345,12.408220151576732,10.79472373994402,12.243850526314871,15.49068425774468,37.0,33.0,2500.0,1303.3458291743104,0.0035406821477082205,-11.908220151576732,pass_full,194.0,0.0
0.0,3902.2274272623144,697670.1933589278,1.4266571380809345,15.842542705290263,21.94076084197387,6.592533670853147,16.24605625797025,37.0,33.0,2500.0,99.07784136631383,0.055998710805353034,-15.342542705290263,pass_bh_only,194.0,0.0
16.673856735229492,3902.2274272623144,0.0,1.4266571380809345,20.83998753302699,10.686170372219852,29.2298207560678,15.466788457409917,37.0,33.0,2500.0,1261.6826911660894,0.004228952965916262,-20.33998753302699,pass_halo_only,194.0,0.0
16.673856735229492,3902.2274272623144,1395340.3867178557,1.4266571380809345,12.389077895595044,10.780909293346571,12.222363502426976,15.44750167535959,37.0,33.0,2500.0,1295.753616113134,0.003265021969854183,-11.889077895595044,pass_bh_up,194.0,0.0
16.673856735229492,3902.2274272623144,348835.0966794639,1.4266571380809345,12.291762391085886,10.78313530612027,12.024353742826152,15.47663797195538,37.0,33.0,2500.0,1276.495695858746,0.005202098815579068,-11.791762391085886,pass_bh_down,194.0,0.0
33.347713470458984,3902.2274272623144,697670.1933589278,1.4266571380809345,12.761088067079244,11.094934394466165,12.62449050027849,15.111053322791882,37.0,33.0,2500.0,1447.1663124457484,0.0029264910321379076,-12.261088067079244,pass_halo_up,194.0,0.0
8.336928367614746,3902.2274272623144,697670.1933589278,1.4266571380809345,12.047019224333548,10.25556298574811,12.107176428568991,16.11061619055757,37.0,33.0,2500.0,874.2603629292513,0.0062200894334539705,-11.547019224333548,pass_halo_down,194.0,0.0
16.673856735229492,3902.2274272623144,697670.1933589278,2.0,12.38870505308276,10.807323494607452,12.191653152406356,15.459010173576551,37.0,33.0,2500.0,1305.5043965976297,0.00274989416801045,-11.88870505308276,pass_ml_up,194.0,0.0
16.673856735229492,3902.2274272623144,697670.1933589278,0.7133285690404673,12.58513671574489,10.768609219278277,12.627456647235991,15.47441276707811,37.0,33.0,2500.0,1279.748997953317,0.005692442761152244,-12.08513671574489,pass_ml_down,194.0,0.0
39.99097485867291,3748.1621489298554,190306.6354937706,0.7247051926448285,12.997120549905175,11.232942839605187,12.94361695068406,15.051711855775773,37.0,33.0,2500.0,1518.203692563077,0.0015133320723324502,-12.497120549905175,pass_full,195.0,0.0
0.0,3748.1621489298554,190306.6354937706,0.7247051926448285,65.37920655670284,96.2969033444689,22.27898687313735,16.83564218350486,37.0,33.0,2500.0,121.72674858191098,0.04867156319790503,-64.87920655670284,pass_bh_only,195.0,0.0
39.99097485867291,3748.1621489298554,0.0,0.7247051926448285,12.998313757777977,11.243875102772524,12.934617533953089,15.022950590311062,37.0,33.0,2500.0,1527.682508461632,0.0017143466813862866,-12.498313757777977,pass_halo_only,195.0,0.0
39.99097485867291,3748.1621489298554,380613.2709875412,0.7247051926448285,13.019601585998616,11.277083975072498,12.939818135141572,15.027599138554438,37.0,33.0,2500.0,1525.733895848294,0.0015428496883623435,-12.519601585998616,pass_bh_up,195.0,0.0
39.99097485867291,3748.1621489298554,95153.3177468853,0.7247051926448285,13.004420995399956,11.244807939591785,12.945355499384785,15.037160451803256,37.0,33.0,2500.0,1524.1904101919358,0.001673863245620382,-12.504420995399956,pass_bh_down,195.0,0.0
79.98194971734581,3748.1621489298554,190306.6354937706,0.7247051926448285,13.671414591798884,11.906818601102048,13.542302278250594,14.865099635680906,37.0,33.0,2500.0,1471.1372305943933,0.002403587152361701,-13.171414591798884,pass_halo_up,195.0,0.0
19.995487429336453,3748.1621489298554,190306.6354937706,0.7247051926448285,13.988742062516547,11.009343165726987,15.170325849709474,15.290525953780966,37.0,33.0,2500.0,1324.5099449542806,0.003159421756636194,-13.488742062516547,pass_halo_down,195.0,0.0
39.99097485867291,3748.1621489298554,190306.6354937706,1.449410385289657,13.018257635561435,11.242374609177329,12.975136698561398,15.057632354967179,37.0,33.0,2500.0,1518.7513271594955,0.00178421278927836,-12.518257635561435,pass_ml_up,195.0,0.0
39.99097485867291,3748.1621489298554,190306.6354937706,0.36235259632241423,13.017735267535365,11.235892507121482,12.981258218544355,15.060983681875783,37.0,33.0,2500.0,1518.2580878304634,0.0016479869218963637,-12.517735267535365,pass_ml_down,195.0,0.0
20.0,1131.4163776115286,338297.0132030739,1.552265381884467,27.362801397460128,10.03679044733729,42.97271448515138,16.48406767089302,37.0,33.0,2500.0,670.1390646701087,0.009196735212978948,-26.862801397460128,pass_full,196.0,0.0
0.0,1131.4163776115286,338297.0132030739,1.552265381884467,39.29765488317076,59.777417385694676,11.06982521856867,16.576546805801247,37.0,33.0,2500.0,111.27270932628855,0.04787222529536366,-38.79765488317076,pass_bh_only,196.0,0.0
20.0,1131.4163776115286,0.0,1.552265381884467,55.59140109586205,9.99100537956324,99.48264220938559,16.43808037333122,37.0,33.0,2500.0,694.3500728730563,0.004170924255653887,-55.09140109586205,pass_halo_only,196.0,0.0
20.0,1131.4163776115286,676594.0264061478,1.552265381884467,13.036126399228193,10.014343721811278,14.34077010562628,16.60821115637631,37.0,33.0,2500.0,656.0658670358828,0.008690997173819022,-12.536126399228193,pass_bh_up,196.0,0.0
20.0,1131.4163776115286,169148.50660153694,1.552265381884467,35.51381398932949,9.804286688688336,59.5353419734452,16.48683069058655,37.0,33.0,2500.0,667.1623118934259,0.007277586003305361,-35.01381398932949,pass_bh_down,196.0,0.0
40.0,1131.4163776115286,338297.0132030739,1.552265381884467,11.942710017705307,10.221241566879938,11.943892064432186,15.884485067730495,37.0,33.0,2500.0,1001.5290923700137,0.006732478422165796,-11.442710017705307,pass_halo_up,196.0,0.0
10.0,1131.4163776115286,338297.0132030739,1.552265381884467,24.541269489366876,13.202703447009796,33.8091571876285,15.521571567110573,37.0,33.0,2500.0,195.55081332526353,0.03650586388981432,-24.041269489366876,pass_halo_down,196.0,0.0
20.0,1131.4163776115286,338297.0132030739,2.0,47.32538482550471,9.549882699042819,83.44647045821878,16.39621349750713,37.0,33.0,2500.0,591.5459140664112,0.01817622057301416,-46.82538482550471,pass_ml_up,196.0,0.0
20.0,1131.4163776115286,338297.0132030739,0.7761326909422335,55.527505098311295,9.953969510309063,99.3952319667899,16.475809703043215,37.0,33.0,2500.0,677.2238957922625,0.006288945109259962,-55.027505098311295,pass_ml_down,196.0,0.0
77.53829120263565,2883.982902764463,922491.7679013431,0.4788502364441427,13.575300334420344,11.81239150735017,13.451248017611364,15.020151718610878,37.0,33.0,2500.0,1501.4712629805865,0.003175677412029392,-13.075300334420344,pass_full,197.0,0.0
0.0,2883.982902764463,922491.7679013431,0.4788502364441427,13.202837159108483,15.905841353394466,8.083801606152003,16.1056694225487,37.0,33.0,2500.0,93.62652035491573,0.06817667500632572,-12.702837159108483,pass_bh_only,197.0,0.0
77.53829120263565,2883.982902764463,0.0,0.4788502364441427,13.687253695013826,11.92751322832001,13.547915728147071,14.959535394219065,37.0,33.0,2500.0,1526.8414763867393,0.0032800130429236803,-13.187253695013826,pass_halo_only,197.0,0.0
77.53829120263565,2883.982902764463,1500000.0,0.4788502364441427,13.381629593495168,11.510625778737417,13.398594850076547,15.140769304870688,37.0,33.0,2500.0,1482.1997249059045,0.0034766110258041237,-12.881629593495168,pass_bh_up,197.0,0.0
77.53829120263565,2883.982902764463,461245.88395067153,0.4788502364441427,13.719694783969716,11.95179217497599,13.585991933425964,14.945811464832605,37.0,33.0,2500.0,1528.7330661739406,0.002903221922885654,-13.219694783969716,pass_bh_down,197.0,0.0
100.0,2883.982902764463,922491.7679013431,0.4788502364441427,17.38534494642779,12.051854783320524,20.804927444640942,14.951533808223736,37.0,33.0,2500.0,1564.5393972729607,0.0033070879562736143,-16.88534494642779,pass_halo_up,197.0,0.0
38.769145601317824,2883.982902764463,922491.7679013431,0.4788502364441427,12.374636257002658,10.927480758861451,12.03458850697081,15.267784154264564,37.0,33.0,2500.0,1377.2374792721228,0.004291351800039105,-11.874636257002658,pass_halo_down,197.0,0.0
77.53829120263565,2883.982902764463,922491.7679013431,0.9577004728882854,13.56943383578886,11.804074081165476,13.448550859971652,15.02971377987749,37.0,33.0,2500.0,1498.3526081020887,0.003129235808708621,-13.06943383578886,pass_ml_up,197.0,0.0
77.53829120263565,2883.982902764463,922491.7679013431,0.23942511822207135,13.606913993949515,11.832261502686185,13.491686219578297,15.037002755195289,37.0,33.0,2500.0,1496.928589709057,0.0032136567100502916,-13.106913993949515,pass_ml_down,197.0,0.0
39.87156548742681,2383.233764812705,300000.0,0.2,12.58448854929091,11.05581212970585,12.313091834977785,15.179164899816518,37.0,33.0,2500.0,1387.800815671526,0.001760800872764917,-12.08448854929091,pass_full,198.0,0.0
0.0,2383.233764812705,300000.0,0.2,15.654115212415666,16.798245261893012,11.975682644931188,16.439002046662896,37.0,33.0,2500.0,106.3066976995105,0.06673157311328831,-15.154115212415666,pass_bh_only,198.0,0.0
39.87156548742681,2383.233764812705,0.0,0.2,12.553321095026593,11.014661481056288,12.296482197196044,15.192804965203333,37.0,33.0,2500.0,1396.318174417529,0.0016642627068947328,-12.053321095026593,pass_halo_only,198.0,0.0
39.87156548742681,2383.233764812705,600000.0,0.2,12.61089177798432,11.086321496489266,12.329848475612186,15.239962281660246,37.0,33.0,2500.0,1430.078360695827,0.00260766336763381,-12.11089177798432,pass_bh_up,198.0,0.0
39.87156548742681,2383.233764812705,150000.0,0.2,12.562373638891634,11.0257388955194,12.302603758803752,15.17839699210644,37.0,33.0,2500.0,1400.3884211931877,0.0015768022666302272,-12.062373638891634,pass_bh_down,198.0,0.0
79.74313097485361,2383.233764812705,300000.0,0.2,13.442455248911173,11.694239241871612,13.319168135003627,14.98264602376822,37.0,33.0,2500.0,1532.7977200805294,0.002228086485012696,-12.942455248911173,pass_halo_up,198.0,0.0
19.935782743713403,2383.233764812705,300000.0,0.2,12.69723751921293,10.479788704665253,13.163783713636484,15.860631645435015,37.0,33.0,2500.0,1098.9257150799472,0.0060473240293723715,-12.19723751921293,pass_halo_down,198.0,0.0
39.87156548742681,2383.233764812705,300000.0,0.4,12.575188332319785,11.04589901602683,12.30547891468448,15.183362155525533,37.0,33.0,2500.0,1389.560696971215,0.001555144373494312,-12.075188332319785,pass_ml_up,198.0,0.0
39.87156548742681,2383.233764812705,300000.0,0.2,12.569021918266664,11.048078851473928,12.29069718283055,15.183522067656238,37.0,33.0,2500.0,1384.619185198826,0.001587057034074591,-12.069021918266664,pass_ml_down,198.0,0.0
24.504196643829346,2722.781069004428,1200000.0,0.2714590520222333,12.174545997061989,10.52533970258114,12.08014335498036,15.437736096236922,37.0,33.0,2500.0,1170.5950936201748,0.009323029033862212,-11.674545997061989,pass_full,199.0,0.0
0.0,2722.781069004428,1200000.0,0.2714590520222333,9.421585873038513,8.82835832468337,8.447321703339131,16.41379339706577,37.0,33.0,2500.0,104.40753324684756,0.05510190748084516,-8.921585873038513,pass_bh_only,199.0,0.0
24.504196643829346,2722.781069004428,0.0,0.2714590520222333,53.54874041831455,10.657844169911337,94.68003272330023,15.4355534531336,37.0,33.0,2500.0,1275.305113028758,0.0020016681362513217,-53.04874041831455,pass_halo_only,199.0,0.0
24.504196643829346,2722.781069004428,1500000.0,0.2714590520222333,12.405026055208266,10.874538741436515,12.150371651863034,15.411521699114264,37.0,33.0,2500.0,1307.954025861905,0.00296889337420565,-11.905026055208266,pass_bh_up,199.0,0.0
24.504196643829346,2722.781069004428,600000.0,0.2714590520222333,21.783457634135154,10.725461301938964,31.071838011112924,15.495481314451935,37.0,33.0,2500.0,1251.9470845543276,0.004064986515849618,-21.283457634135154,pass_bh_down,199.0,0.0
49.00839328765869,2722.781069004428,1200000.0,0.2714590520222333,12.460411829345286,10.772822349446159,12.382588572377575,15.167330918820905,37.0,33.0,2500.0,1340.5996055260805,0.008313719419010062,-11.960411829345286,pass_halo_up,199.0,0.0
12.252098321914673,2722.781069004428,1200000.0,0.2714590520222333,11.783864698434966,10.054818191948222,11.804863483027393,16.146302054719545,37.0,33.0,2500.0,851.7780488705841,0.012007017306571489,-11.283864698434966,pass_halo_down,199.0,0.0
24.504196643829346,2722.781069004428,1200000.0,0.5429181040444666,12.705504577697894,10.829352252163275,12.801641551123184,15.423097610954843,37.0,33.0,2500.0,1279.066855979039,0.004286026347199318,-12.205504577697894,pass_ml_up,199.0,0.0
24.504196643829346,2722.781069004428,1200000.0,0.2,12.91689423283524,10.795771103275886,13.261907057179684,15.428555658988834,37.0,33.0,2500.0,1272.9811741373037,0.005006791740157945,-12.41689423283524,pass_ml_down,199.0,0.0
20.0,4245.1986389267695,894803.3981687804,0.2,12.478117594034247,10.93043904897532,12.239233705952559,15.234804097738902,37.0,33.0,2500.0,1367.2675747439046,0.004726712246507229,-11.978117594034247,pass_full,200.0,0.0
0.0,4245.1986389267695,894803.3981687804,0.2,42.832987766546964,54.17969201899135,24.4101439138329,16.79383873293606,37.0,33.0,2500.0,118.61073393042552,0.03547139940516335,-42.332987766546964,pass_bh_only,200.0,0.0
20.0,4245.1986389267695,0.0,0.2,18.883410889263804,11.060767130220773,24.903753432316307,15.232871606804219,37.0,33.0,2500.0,1379.6285174198085,0.0037702548927945473,-18.383410889263804,pass_halo_only,200.0,0.0
20.0,4245.1986389267695,1500000.0,0.2,18.847969461460398,10.951819545001626,24.953501888935932,15.283098956439753,37.0,33.0,2500.0,1370.4662959854422,0.0037360414953909985,-18.347969461460398,pass_bh_up,200.0,0.0
20.0,4245.1986389267695,447401.6990843902,0.2,18.921323664298974,11.118022453439455,24.91518599701453,15.239393164992675,37.0,33.0,2500.0,1379.503469981271,0.0035489097620242105,-18.421323664298974,pass_bh_down,200.0,0.0
40.0,4245.1986389267695,894803.3981687804,0.2,13.194900853677513,11.404400047568691,13.145380580635857,15.103095421690652,37.0,33.0,2500.0,1503.3832868542272,0.0032409834156143015,-12.694900853677513,pass_halo_up,200.0,0.0
10.0,4245.1986389267695,894803.3981687804,0.2,12.067259888366255,10.452101762849923,11.932522586110718,15.938142065071705,37.0,33.0,2500.0,1057.2172091054456,0.002539294851620407,-11.567259888366255,pass_halo_down,200.0,0.0
20.0,4245.1986389267695,894803.3981687804,0.4,13.817986854809634,10.875281663406955,14.980587031350783,15.242338836802823,37.0,33.0,2500.0,1354.9704729568844,0.004163673496604283,-13.317986854809634,pass_ml_up,200.0,0.0
20.0,4245.1986389267695,894803.3981687804,0.2,16.19323951419649,10.909848805396127,19.69256714805732,15.234686251419951,37.0,33.0,2500.0,1382.1201434935776,0.0031580862612173716,-15.693239514196492,pass_ml_down,200.0,0.0
5.892264046535189,3493.4990271820634,736729.4381166399,1.1990136324233363,11.68168086331281,10.153272009441281,11.479927603368974,16.482261718142123,37.0,33.0,2500.0,588.653463674886,0.012580605306022667,-11.18168086331281,pass_full,201.0,0.0
0.0,3493.4990271820634,736729.4381166399,1.1990136324233363,14.785352387159685,20.117483975454483,6.523024467996373,16.226543016842637,37.0,33.0,2500.0,99.80181471242541,0.0667941908416329,-14.285352387159685,pass_bh_only,201.0,0.0
5.892264046535189,3493.4990271820634,0.0,1.1990136324233363,56.14661987682557,10.068159550835466,100.50787941378044,16.39498783482017,37.0,33.0,2500.0,640.5106781239125,0.0038866241858606983,-55.64661987682557,pass_halo_only,201.0,0.0
5.892264046535189,3493.4990271820634,1473458.8762332797,1.1990136324233363,11.557274469879548,9.947471610080726,11.46136412668315,16.498649258519507,37.0,33.0,2500.0,597.3282433822573,0.010196676938469335,-11.057274469879548,pass_bh_up,201.0,0.0
5.892264046535189,3493.4990271820634,368364.7190583199,1.1990136324233363,48.07285570803365,10.005833849455502,84.4298051416572,16.409054625680437,37.0,33.0,2500.0,611.2946723774407,0.01011027644994029,-47.57285570803365,pass_bh_down,201.0,0.0
11.784528093070378,3493.4990271820634,736729.4381166399,1.1990136324233363,11.439187113226874,10.18380762722332,10.976339364398587,15.966268240557527,37.0,33.0,2500.0,908.0716922686906,0.014384325089952691,-10.939187113226874,pass_halo_up,201.0,0.0
2.9461320232675945,3493.4990271820634,736729.4381166399,1.1990136324233363,13.977090820863555,15.00172418863476,10.654281600237365,15.832906389675792,37.0,33.0,2500.0,172.66730976611984,0.04028703493227424,-13.477090820863555,pass_halo_down,201.0,0.0
5.892264046535189,3493.4990271820634,736729.4381166399,2.0,14.807832925027922,9.43546892488964,18.542535934595897,16.300936989261626,37.0,33.0,2500.0,483.73343766846386,0.01841725584740382,-14.307832925027922,pass_ml_up,201.0,0.0
5.892264046535189,3493.4990271820634,736729.4381166399,0.5995068162116681,11.826730945805783,10.109995381642142,11.82061860169677,16.413999446429017,37.0,33.0,2500.0,597.1895494990223,0.00909574707170016,-11.326730945805783,pass_ml_down,201.0,0.0
15.637014389038086,5000.0,845799.9007258611,1.1332155992952573,12.610833913039526,11.130407897786636,12.278097596261588,15.312725365870918,37.0,33.0,2500.0,1371.3770331828605,0.003021367465562515,-12.110833913039526,pass_full,202.0,0.0
0.0,5000.0,845799.9007258611,1.1332155992952573,22.72012671259711,24.521156420858812,17.459908544004023,16.068593507500893,37.0,33.0,2500.0,93.40362083995937,0.08646049299999861,-22.22012671259711,pass_bh_only,202.0,0.0
15.637014389038086,5000.0,0.0,1.1332155992952573,12.622341901329929,10.948306516671142,12.507073951149653,15.253783983004803,37.0,33.0,2500.0,1339.4204468002936,0.0037699613242597905,-12.122341901329929,pass_halo_only,202.0,0.0
15.637014389038086,5000.0,1500000.0,1.1332155992952573,13.679152931238816,10.997655955161665,14.563441432965975,15.317255832903365,37.0,33.0,2500.0,1338.790201284144,0.003764394675965258,-13.179152931238816,pass_bh_up,202.0,0.0
15.637014389038086,5000.0,422899.95036293054,1.1332155992952573,12.137433416969545,10.888829605448587,11.602628835450023,15.297158548541681,37.0,33.0,2500.0,1243.7346894721172,0.009191990875779411,-11.637433416969545,pass_bh_down,202.0,0.0
31.274028778076172,5000.0,845799.9007258611,1.1332155992952573,13.105525462903158,11.249188351838372,13.140471823178297,15.10914136870478,37.0,33.0,2500.0,1500.9445314881234,0.003315846036193182,-12.605525462903158,pass_halo_up,202.0,0.0
7.818507194519043,5000.0,845799.9007258611,1.1332155992952573,11.861232847687065,10.28528448851538,11.70556112527202,16.00232473830031,37.0,33.0,2500.0,1005.9494324675426,0.002425767399124968,-11.361232847687065,pass_halo_down,202.0,0.0
15.637014389038086,5000.0,845799.9007258611,2.0,12.601011261241299,11.082398959412293,12.312274917030125,15.312909481676494,37.0,33.0,2500.0,1350.2488405523345,0.0029527898051869904,-12.101011261241299,pass_ml_up,202.0,0.0
15.637014389038086,5000.0,845799.9007258611,0.5666077996476286,12.455859110792904,11.002127361135873,12.110931267406286,15.347257125896377,37.0,33.0,2500.0,1319.6579349681506,0.005725895262869644,-11.955859110792904,pass_ml_down,202.0,0.0
73.0193749261623,2244.5528839113954,846945.3196034909,0.2,12.849291070417554,11.021970961286902,12.885321629956001,15.024671291395109,37.0,33.0,2500.0,1380.840932608774,0.006837015971532667,-12.349291070417554,pass_full,203.0,0.0
0.0,2244.5528839113954,846945.3196034909,0.2,23.88604378810425,34.904300583888855,8.135120114979184,16.560804616679842,37.0,33.0,2500.0,109.86539549545876,0.05171810703463641,-23.38604378810425,pass_bh_only,203.0,0.0
73.0193749261623,2244.5528839113954,0.0,0.2,33.77968328647875,11.279142047955746,54.4577185544292,15.02612883707216,37.0,33.0,2500.0,1550.5460199931947,0.0015735928188313909,-33.27968328647875,pass_halo_only,203.0,0.0
73.0193749261623,2244.5528839113954,1500000.0,0.2,13.060033523532635,11.271119484177301,13.027939182964728,15.008798600758059,37.0,33.0,2500.0,1492.4713324265283,0.0038414871403852973,-12.560033523532635,pass_bh_up,203.0,0.0
73.0193749261623,2244.5528839113954,423472.65980174544,0.2,33.80315085950586,11.346137735543884,54.42961642816897,15.023518382688321,37.0,33.0,2500.0,1536.3555551205002,0.0015373116249984937,-33.30315085950586,pass_bh_down,203.0,0.0
100.0,2244.5528839113954,846945.3196034909,0.2,34.21322820580824,11.841925089352646,54.695709939389204,14.963405277451221,37.0,33.0,2500.0,1555.4021602690502,0.002274477454135504,-33.71322820580824,pass_halo_up,203.0,0.0
36.50968746308115,2244.5528839113954,846945.3196034909,0.2,12.592072071184093,11.04429644757948,12.338599928447348,15.263990498946928,37.0,33.0,2500.0,1398.9478048866001,0.0027250043123306865,-12.092072071184093,pass_halo_down,203.0,0.0
73.0193749261623,2244.5528839113954,846945.3196034909,0.4,13.181498443213295,11.26532272954182,13.276423790944822,15.0399711578511,37.0,33.0,2500.0,1517.6224242398962,0.0030198725984409715,-12.681498443213295,pass_ml_up,203.0,0.0
73.0193749261623,2244.5528839113954,846945.3196034909,0.2,21.324076080529217,11.29438863386354,29.528590448364863,15.0531570659379,37.0,33.0,2500.0,1512.1724531512507,0.003941397685094042,-20.824076080529217,pass_ml_down,203.0,0.0
49.72922672494221,3281.776308190052,242098.265625,0.2,33.80960876019016,11.31044153953677,54.482445824019855,15.027129017034556,37.0,33.0,2500.0,1553.9649505632692,0.0018289715812074018,-33.30960876019016,pass_full,204.0,0.0
0.0,3281.776308190052,242098.265625,0.2,12.287639618752573,14.472805209322784,7.855176163578063,16.269608694651048,37.0,33.0,2500.0,99.82397397834023,0.07246231036903251,-11.787639618752573,pass_bh_only,204.0,0.0
49.72922672494221,3281.776308190052,0.0,0.2,33.814134533637464,11.315960620433557,54.48537684563751,15.024900357992928,37.0,33.0,2500.0,1558.8118364557577,0.002035477736315811,-33.314134533637464,pass_halo_only,204.0,0.0
49.72922672494221,3281.776308190052,484196.53125,0.2,33.82365074869518,11.359244330882683,54.45608722365703,15.018030790541914,37.0,33.0,2500.0,1551.8590310215423,0.0016127110731155565,-33.32365074869518,pass_bh_up,204.0,0.0
49.72922672494221,3281.776308190052,121049.1328125,0.2,33.83119342203765,11.366938007785128,54.46227472056463,15.02699378780288,37.0,33.0,2500.0,1554.7247794834561,0.0016669502279493273,-33.33119342203765,pass_bh_down,204.0,0.0
99.45845344988442,3281.776308190052,242098.265625,0.2,34.35486925471809,12.00770091800034,54.79666905991521,14.846357868179233,37.0,33.0,2500.0,1502.9736754711103,0.0019154592518203035,-33.85486925471809,pass_halo_up,204.0,0.0
24.864613362471104,3281.776308190052,242098.265625,0.2,33.20570448795005,11.083421380828112,53.522301078438524,15.253969525592874,37.0,33.0,2500.0,1381.9765580617257,0.0018731041360444912,-32.70570448795005,pass_halo_down,204.0,0.0
49.72922672494221,3281.776308190052,242098.265625,0.4,33.815637889723625,11.327563656186701,54.47545281398553,15.022302581328237,37.0,33.0,2500.0,1553.236831303022,0.0015935468887278892,-33.315637889723625,pass_ml_up,204.0,0.0
49.72922672494221,3281.776308190052,242098.265625,0.2,33.815262909074434,11.32291731552763,54.47982258342393,15.025266071399397,37.0,33.0,2500.0,1551.570352441545,0.001814460125304458,-33.315262909074434,pass_ml_down,204.0,0.0
100.0,4593.266906738281,237391.53125,0.2,13.848546221494864,12.172921954157745,13.5960327716,14.936856852024507,37.0,33.0,2500.0,1418.770275786666,0.002276605466728452,-13.348546221494864,pass_full,205.0,0.0
0.0,4593.266906738281,237391.53125,0.2,30.17539363732482,28.709869960408966,27.65161361129426,16.807542355595228,37.0,33.0,2500.0,117.70911572320766,0.044956926533525975,-29.67539363732482,pass_bh_only,205.0,0.0
100.0,4593.266906738281,0.0,0.2,13.861874436602983,12.18629916238693,13.608102197446273,14.923271291753174,37.0,33.0,2500.0,1442.524867765097,0.0024331994797481544,-13.361874436602983,pass_halo_only,205.0,0.0
100.0,4593.266906738281,474783.0625,0.2,13.937010513512533,12.333544453847525,13.594062255199042,14.89749467790056,37.0,33.0,2500.0,1450.9577754582338,0.001794776676053131,-13.437010513512533,pass_bh_up,205.0,0.0
100.0,4593.266906738281,118695.765625,0.2,13.882627838882867,12.211817183222973,13.621053686689494,14.921429926265818,37.0,33.0,2500.0,1446.3467286985633,0.0017910673185712476,-13.382627838882867,pass_bh_down,205.0,0.0
100.0,4593.266906738281,237391.53125,0.2,13.85645158665941,12.184216860998372,13.599243138196808,14.934757302086904,37.0,33.0,2500.0,1418.8148699974683,0.002093854169242246,-13.35645158665941,pass_halo_up,205.0,0.0
50.0,4593.266906738281,237391.53125,0.2,13.562121585921417,11.931199525185118,13.294281832119129,14.934341779032788,37.0,33.0,2500.0,1536.529683533073,0.001842025121394682,-13.062121585921417,pass_halo_down,205.0,0.0
100.0,4593.266906738281,237391.53125,0.4,13.872372656518953,12.193007113834279,13.620959875123873,14.94365623929488,37.0,33.0,2500.0,1420.1715000633442,0.002984765085006994,-13.372372656518953,pass_ml_up,205.0,0.0
100.0,4593.266906738281,237391.53125,0.2,13.854303154257476,12.175422704080123,13.604853496046852,14.933202760482985,37.0,33.0,2500.0,1431.690305923187,0.0019608747385182774,-13.354303154257476,pass_ml_down,205.0,0.0
70.0,2347.797603197466,68525.51320307388,1.4116946756839752,13.115058888882293,11.341827981701176,13.05697280435322,15.066148799631799,37.0,33.0,2500.0,1511.828068261858,0.0018730620537336959,-12.615058888882293,pass_full,206.0,0.0
0.0,2347.797603197466,68525.51320307388,1.4116946756839752,17.85779998833158,24.760225262545788,7.474808166405681,15.817795024302175,37.0,33.0,2500.0,84.68094304703425,0.09454573524041116,-17.35779998833158,pass_bh_only,206.0,0.0
70.0,2347.797603197466,0.0,1.4116946756839752,13.08578496586254,11.280460569369472,13.067061409464916,15.071740167914886,37.0,33.0,2500.0,1510.9960894670633,0.001728534140384168,-12.58578496586254,pass_halo_only,206.0,0.0
70.0,2347.797603197466,137051.02640614775,1.4116946756839752,13.116993898361665,11.34044536689924,13.0622123506933,15.07211114371907,37.0,33.0,2500.0,1495.8833597358343,0.0019740254124566447,-12.616993898361665,pass_bh_up,206.0,0.0
70.0,2347.797603197466,34262.75660153694,1.4116946756839752,13.101070107402728,11.306527227081276,13.068652627674108,15.063582973326987,37.0,33.0,2500.0,1513.6271128419057,0.0019128448433871795,-12.601070107402728,pass_bh_down,206.0,0.0
100.0,2347.797603197466,68525.51320307388,1.4116946756839752,17.13907274669795,12.008501276884555,20.36024841427982,14.976056366101758,37.0,33.0,2500.0,1528.1262418678732,0.0030319483908458813,-16.63907274669795,pass_halo_up,206.0,0.0
35.0,2347.797603197466,68525.51320307388,1.4116946756839752,12.747058129417582,10.990263812115915,12.708303824865911,15.292049272696566,37.0,33.0,2500.0,1346.7167491595064,0.004216621674813097,-12.247058129417582,pass_halo_down,206.0,0.0
70.0,2347.797603197466,68525.51320307388,2.0,13.085170324260742,11.285103962772038,13.061007836956847,15.059136159067425,37.0,33.0,2500.0,1505.8992955447868,0.0016954589607108808,-12.585170324260742,pass_ml_up,206.0,0.0
70.0,2347.797603197466,68525.51320307388,0.7058473378419876,13.091000199968681,11.308301527696273,13.046710585702469,15.057407344989839,37.0,33.0,2500.0,1511.5171405455594,0.0016131957449730255,-12.591000199968681,pass_ml_down,206.0,0.0
25.347793867809976,4973.062949158688,1262298.5977092618,0.9234840548012186,12.295956103433396,10.932086577206654,11.875625271443637,15.150265512317906,37.0,33.0,2500.0,1291.3277581769105,0.009657131917501128,-11.795956103433396,pass_full,207.0,0.0
0.0,4973.062949158688,1262298.5977092618,0.9234840548012186,27.07440157621491,38.967128602391696,9.940761907391614,17.08160279776789,37.0,33.0,2500.0,131.74698707280947,0.04702097707596561,-26.57440157621491,pass_bh_only,207.0,0.0
25.347793867809976,4973.062949158688,0.0,0.9234840548012186,12.644576549038694,11.017587859484667,12.47811024687307,15.113663288809802,37.0,33.0,2500.0,1466.6112321078404,0.0016665551096294443,-12.144576549038694,pass_halo_only,207.0,0.0
25.347793867809976,4973.062949158688,1500000.0,0.9234840548012186,12.23848324420593,10.440118879614552,12.307459707791729,15.30932521472552,37.0,33.0,2500.0,1262.796662411765,0.00865247860922006,-11.73848324420593,pass_bh_up,207.0,0.0
25.347793867809976,4973.062949158688,631149.2988546309,0.9234840548012186,12.599645461794244,11.089646832678438,12.307741767584728,15.104189339022058,37.0,33.0,2500.0,1407.481880474233,0.0034807183819989098,-12.099645461794244,pass_bh_down,207.0,0.0
50.69558773561995,4973.062949158688,1262298.5977092618,0.9234840548012186,13.598861924646972,11.813053877751836,13.49923547771118,14.967122785413393,37.0,33.0,2500.0,1522.6157500088862,0.002862216051032448,-13.098861924646972,pass_halo_up,207.0,0.0
12.673896933904988,4973.062949158688,1262298.5977092618,0.9234840548012186,12.44656570241761,10.83456680830372,12.274983557539432,15.519907053523342,37.0,33.0,2500.0,1293.5870174393854,0.0034104439545369933,-11.94656570241761,pass_halo_down,207.0,0.0
25.347793867809976,4973.062949158688,1262298.5977092618,1.8469681096024373,12.58211089176424,11.055280471187586,12.30996909904134,15.144961154135054,37.0,33.0,2500.0,1417.755341202513,0.004143329645454794,-12.08211089176424,pass_ml_up,207.0,0.0
25.347793867809976,4973.062949158688,1262298.5977092618,0.4617420274006093,12.610046323881036,10.997804787894285,12.428815972839606,15.193353120352441,37.0,33.0,2500.0,1422.7726130008857,0.002221149057215426,-12.110046323881036,pass_ml_down,207.0,0.0
53.56706822109507,370.53218472040044,300000.0,1.6049828206433705,26.52528922007273,10.3215645207306,40.986761359445566,16.208076396064904,37.0,33.0,2500.0,489.38267517664895,0.011446584668236195,-26.02528922007273,pass_full,208.0,0.0
0.0,370.53218472040044,300000.0,1.6049828206433705,28.517345237647476,28.205940475475938,24.923244358427677,16.057924264010506,37.0,33.0,2500.0,92.79149279620913,0.09004055616705649,-28.017345237647476,pass_bh_only,208.0,0.0
53.56706822109507,370.53218472040044,0.0,1.6049828206433705,69.06178766568388,10.066330245648704,126.3495835603096,16.087509355918765,37.0,33.0,2500.0,473.228907728325,0.010429459722476166,-68.56178766568388,pass_halo_only,208.0,0.0
53.56706822109507,370.53218472040044,600000.0,1.6049828206433705,11.381491964552179,9.713584878593645,11.37789930988666,16.305151926219438,37.0,33.0,2500.0,420.9720058855295,0.012502219478139984,-10.881491964552179,pass_bh_up,208.0,0.0
53.56706822109507,370.53218472040044,150000.0,1.6049828206433705,23.849736849927258,10.031201385112965,35.96184278525608,16.187368932568518,37.0,33.0,2500.0,451.4044925029474,0.011933777427698078,-23.349736849927258,pass_bh_down,208.0,0.0
100.0,370.53218472040044,300000.0,1.6049828206433705,32.796491670977886,10.281619388672738,53.57396255135258,16.20776870901418,37.0,33.0,2500.0,956.3629581202144,0.0030562040928272844,-32.296491670977886,pass_halo_up,208.0,0.0
26.783534110547535,370.53218472040044,300000.0,1.6049828206433705,50.111391540217284,10.472531349740386,88.00538390539825,15.69051283580258,37.0,33.0,2500.0,132.42960225063533,0.04310421288390659,-49.611391540217284,pass_halo_down,208.0,0.0
53.56706822109507,370.53218472040044,300000.0,2.0,67.61641303489804,10.12787959395454,123.38705131754536,16.179021847957006,37.0,33.0,2500.0,487.53398224070514,0.011712388533590688,-67.11641303489804,pass_ml_up,208.0,0.0
53.56706822109507,370.53218472040044,300000.0,0.8024914103216853,21.05539345972426,10.218141642004015,30.166568658354574,16.087961861952444,37.0,33.0,2500.0,442.49703352725123,0.02073535431559301,-20.55539345972426,pass_ml_down,208.0,0.0
40.43380227331548,2486.13000504708,292192.78125,0.2,13.493712605159004,11.045307388073656,14.142975978859237,15.190451279414724,37.0,33.0,2500.0,1389.5594875260758,0.0030327268063313527,-12.993712605159004,pass_full,209.0,0.0
0.0,2486.13000504708,292192.78125,0.2,57.02610043467439,68.52798596137877,36.710555943902904,16.738801968698574,37.0,33.0,2494.0,117.24749719359396,0.04886641218769387,-56.52610043467439,pass_bh_only,209.0,0.0
40.43380227331548,2486.13000504708,0.0,0.2,13.47755451854558,10.908170892622563,14.264037625875817,15.203033543071113,37.0,33.0,2500.0,1396.627367029184,0.0025083804605377947,-12.97755451854558,pass_halo_only,209.0,0.0
40.43380227331548,2486.13000504708,584385.5625,0.2,12.548689359956288,11.012024709082116,12.290236133695345,15.190791109130338,37.0,33.0,2500.0,1386.174731619714,0.00494092775619334,-12.048689359956288,pass_bh_up,209.0,0.0
40.43380227331548,2486.13000504708,146096.390625,0.2,13.473703078584753,11.010555691355801,14.1415536988774,15.202570543474886,37.0,33.0,2500.0,1392.6328714074957,0.0033157128843973277,-12.973703078584753,pass_bh_down,209.0,0.0
80.86760454663096,2486.13000504708,292192.78125,0.2,13.508253485784733,11.79056693660553,13.344040679242786,14.940410992375622,37.0,33.0,2500.0,1534.7266006472773,0.001806664469838658,-13.008253485784733,pass_halo_up,209.0,0.0
20.21690113665774,2486.13000504708,292192.78125,0.2,12.231200943762344,10.657748870548973,12.033132500873752,15.829181549168979,37.0,33.0,2500.0,1149.0616115331027,0.003095804855850003,-11.731200943762344,pass_halo_down,209.0,0.0
40.43380227331548,2486.13000504708,292192.78125,0.4,13.490426196478566,11.043667586592766,14.138138878434066,15.193845275328625,37.0,33.0,2500.0,1396.626195704018,0.0029107084841010363,-12.990426196478566,pass_ml_up,209.0,0.0
40.43380227331548,2486.13000504708,292192.78125,0.2,13.516785643545486,11.020933682452945,14.216366557008962,15.193209841947203,37.0,33.0,2500.0,1390.7864142894707,0.003337628016637006,-13.016785643545486,pass_ml_down,209.0,0.0
9.560369249953538,1492.0562078263142,1247071.9963093286,0.9639665298027837,12.328207959091301,11.039702752657757,11.798133156489362,15.854329287539489,37.0,33.0,2500.0,292.34373830093296,0.031087698363683143,-11.828207959091301,pass_full,210.0,0.0
0.0,1492.0562078263142,1247071.9963093286,0.9639665298027837,25.267968223761784,31.816110605648294,14.367932068140956,16.34805211063985,37.0,33.0,2500.0,103.3180054369479,0.05814472508714626,-24.767968223761784,pass_bh_only,210.0,0.0
9.560369249953538,1492.0562078263142,0.0,0.9639665298027837,78.617924884892,10.080564746464624,145.45267679635754,15.863812503884567,37.0,33.0,2500.0,351.7957205420488,0.007835314564166305,-78.117924884892,pass_halo_only,210.0,0.0
9.560369249953538,1492.0562078263142,1500000.0,0.9639665298027837,11.720527814617892,10.035050180832586,11.709607036383426,15.840946873322414,37.0,33.0,2500.0,280.43590466679404,0.024100227815556773,-11.220527814617892,pass_bh_up,210.0,0.0
9.560369249953538,1492.0562078263142,623535.9981546643,0.9639665298027837,12.426397791705687,11.002520894761037,12.035355022171588,15.882265414754976,37.0,33.0,2500.0,301.82111279471434,0.019333892705457763,-11.926397791705687,pass_bh_down,210.0,0.0
19.120738499907077,1492.0562078263142,1247071.9963093286,0.9639665298027837,12.056469899787288,10.055782856508172,12.34141203915802,16.396450402944357,37.0,33.0,2500.0,832.927723422053,0.008531013759188672,-11.556469899787288,pass_halo_up,210.0,0.0
4.780184624976769,1492.0562078263142,1247071.9963093286,0.9639665298027837,10.565102842323594,9.645939616944593,9.824267341893252,16.19619948392985,37.0,33.0,2500.0,143.8655667481162,0.044537966626119,-10.065102842323594,pass_halo_down,210.0,0.0
9.560369249953538,1492.0562078263142,1247071.9963093286,1.9279330596055675,13.114268146134757,10.97320785630016,13.444093387599876,15.87792517099192,37.0,33.0,2500.0,317.5953533845681,0.01629284787393664,-12.614268146134757,pass_ml_up,210.0,0.0
9.560369249953538,1492.0562078263142,1247071.9963093286,0.4819832649013919,21.340294671153345,10.258792607369609,30.701978550153186,15.71882966838982,37.0,33.0,2500.0,284.7279431216142,0.030279154245095932,-20.840294671153345,pass_ml_down,210.0,0.0
55.145913846624026,2967.2364984339597,910864.2982267076,0.2,13.14207924121103,11.291901185095787,13.166123942581962,15.094795966178832,37.0,33.0,2500.0,1515.5523054462703,0.002281973500647543,-12.64207924121103,pass_full,211.0,0.0
0.0,2967.2364984339597,910864.2982267076,0.2,15.765381298239049,18.99746940687864,9.73968577206162,16.199167151233905,37.0,33.0,2500.0,97.16159339909399,0.06383986932339712,-15.265381298239049,pass_bh_only,211.0,0.0
55.145913846624026,2967.2364984339597,0.0,0.2,13.14060940377701,11.304680655986182,13.149991926704512,15.05730279654484,37.0,33.0,2500.0,1529.4763074122945,0.0014994075559450419,-12.64060940377701,pass_halo_only,211.0,0.0
55.145913846624026,2967.2364984339597,1500000.0,0.2,13.06290149967895,11.273334910934116,13.030549236184926,15.029982480146153,37.0,33.0,2500.0,1481.6721942302877,0.0045967055801306314,-12.56290149967895,pass_bh_up,211.0,0.0
55.145913846624026,2967.2364984339597,455432.1491133538,0.2,13.171554837238487,11.366421277030696,13.142764409076818,15.053806508069684,37.0,33.0,2500.0,1527.0290290404598,0.0016464813190173145,-12.671554837238487,pass_bh_down,211.0,0.0
100.0,2967.2364984339597,910864.2982267076,0.2,13.872650180460084,12.033208631590343,13.80113096113703,14.928870824000986,37.0,33.0,2500.0,1557.3795940713565,0.001925143035358491,-13.372650180460084,pass_halo_up,211.0,0.0
27.572956923312013,2967.2364984339597,910864.2982267076,0.2,12.591501889774614,11.038460495014416,12.344047276053566,15.262526299823397,37.0,33.0,2500.0,1358.061792150161,0.003639050892217347,-12.091501889774614,pass_halo_down,211.0,0.0
55.145913846624026,2967.2364984339597,910864.2982267076,0.4,13.123817114247943,11.323311448306402,13.093881250251057,15.111324694742589,37.0,33.0,2500.0,1521.0848650131004,0.0026681574264804642,-12.623817114247943,pass_ml_up,211.0,0.0
55.145913846624026,2967.2364984339597,910864.2982267076,0.2,13.090641422870654,11.2717408447761,13.0856026944492,15.103033735923958,37.0,33.0,2500.0,1486.3591461115334,0.003847427544023759,-12.590641422870654,pass_ml_down,211.0,0.0
79.53291037933413,2575.888033982831,1043034.2200661805,0.8985324853680723,14.347563911605157,11.683867154635221,15.139027793945086,15.048216244249222,37.0,33.0,2500.0,1509.104963771259,0.00329363447474816,-13.847563911605157,pass_full,212.0,0.0
0.0,2575.888033982831,1043034.2200661805,0.8985324853680723,18.465480807447136,25.834114104649547,7.482170837727393,15.947873774473354,37.0,33.0,2500.0,89.3426188771892,0.09351239184346966,-17.965480807447136,pass_bh_only,212.0,0.0
79.53291037933413,2575.888033982831,0.0,0.8985324853680723,15.109251242274032,11.719214963009133,16.62624903054078,14.933410350902378,37.0,33.0,2500.0,1541.3932573375662,0.002912153390890751,-14.609251242274032,pass_halo_only,212.0,0.0
79.53291037933413,2575.888033982831,1500000.0,0.8985324853680723,13.30084852742785,11.464697090962856,13.29048426136047,15.076229819716946,37.0,33.0,2500.0,1486.315064436005,0.0033022558477058656,-12.80084852742785,pass_bh_up,212.0,0.0
79.53291037933413,2575.888033982831,521517.1100330902,0.8985324853680723,14.744322110988884,11.81009125687948,15.793540203456374,14.965056106665076,37.0,33.0,2500.0,1535.487216075072,0.003199963591558703,-14.244322110988884,pass_bh_down,212.0,0.0
100.0,2575.888033982831,1043034.2200661805,0.8985324853680723,13.625972614276549,11.89362188044995,13.464784896558212,14.912281379182488,37.0,33.0,2500.0,1551.0233257065843,0.002034442724259964,-13.125972614276549,pass_halo_up,212.0,0.0
39.76645518966706,2575.888033982831,1043034.2200661805,0.8985324853680723,11.936950051130175,10.371811651774603,11.784508185817604,15.192902126949908,37.0,33.0,2500.0,1106.5452050258757,0.014435060883705095,-11.436950051130175,pass_halo_down,212.0,0.0
79.53291037933413,2575.888033982831,1043034.2200661805,1.7970649707361446,14.32724101283685,11.69639920316782,15.084764296769213,15.033914536638877,37.0,33.0,2500.0,1513.7266854351628,0.003282973748539893,-13.82724101283685,pass_ml_up,212.0,0.0
79.53291037933413,2575.888033982831,1043034.2200661805,0.44926624268403614,14.888530060393997,11.685625923798634,16.219572379855446,15.0289362702247,37.0,33.0,2500.0,1508.9674182274744,0.003317861522314188,-14.388530060393997,pass_ml_down,212.0,0.0
100.0,2149.4765693235313,381736.0097011335,1.28932899260194,13.926944985413053,11.815945360876013,14.152873553068583,14.943563433585503,37.0,33.0,2500.0,1530.9130276221274,0.003294806935874538,-13.426944985413053,pass_full,213.0,0.0
0.0,2149.4765693235313,381736.0097011335,1.28932899260194,10.101883473267304,8.853795030034954,9.793877842939763,15.935924307336489,37.0,33.0,2500.0,90.29075250241883,0.09503222302495401,-9.601883473267304,pass_bh_only,213.0,0.0
100.0,2149.4765693235313,0.0,1.28932899260194,13.939016013846901,11.873006576281902,14.112106052692866,14.974313852600655,37.0,33.0,2500.0,1520.0844466341782,0.004082846973509572,-13.439016013846901,pass_halo_only,213.0,0.0
100.0,2149.4765693235313,763472.019402267,1.28932899260194,13.976678089288884,11.725223730919637,14.352632978627637,14.990587554327867,37.0,33.0,2500.0,1502.2910932277816,0.0033829617931604625,-13.476678089288884,pass_bh_up,213.0,0.0
100.0,2149.4765693235313,190868.00485056674,1.28932899260194,13.749662617113039,11.846773128985292,13.763266015203284,14.959348455296222,37.0,33.0,2500.0,1532.0101777103955,0.0033213901592291,-13.249662617113039,pass_bh_down,213.0,0.0
100.0,2149.4765693235313,381736.0097011335,1.28932899260194,14.023454803178119,11.836841330284233,14.321826749793395,14.964605046056985,37.0,33.0,2500.0,1525.9232109719862,0.003137528760850418,-13.523454803178119,pass_halo_up,213.0,0.0
50.0,2149.4765693235313,381736.0097011335,1.28932899260194,12.601565009890555,11.077937447298059,12.323294693889554,15.150880204393447,37.0,33.0,2500.0,1406.3052632267402,0.0018771301637839457,-12.101565009890555,pass_halo_down,213.0,0.0
100.0,2149.4765693235313,381736.0097011335,2.0,14.06713705026662,11.833633878474867,14.412804821347695,14.964032709553095,37.0,33.0,2500.0,1527.0781894627141,0.0033533785613541183,-13.56713705026662,pass_ml_up,213.0,0.0
100.0,2149.4765693235313,381736.0097011335,0.64466449630097,14.025816645531341,11.891801486348285,14.265782598350894,14.936417864602666,37.0,33.0,2500.0,1541.5138411188582,0.0030618214963958304,-13.525816645531341,pass_ml_down,213.0,0.0
76.5155786406796,1866.6833355967574,447171.8410818799,0.7272815710508487,12.805804755133877,11.076623527429007,12.734389241057464,15.113198369066371,37.0,33.0,2500.0,1476.3115795442063,0.0015741072662878166,-12.305804755133877,pass_full,214.0,0.0
0.0,1866.6833355967574,447171.8410818799,0.7272815710508487,12.421724208227142,13.996012522178347,8.654862952047699,16.370857004818543,37.0,33.0,2500.0,103.4700742173434,0.073285638973722,-11.921724208227142,pass_bh_only,214.0,0.0
76.5155786406796,1866.6833355967574,0.0,0.7272815710508487,12.857165849346742,11.120037053359633,12.788809142486677,15.100873380518232,37.0,33.0,2500.0,1497.762301207954,0.0014858945069825753,-12.357165849346742,pass_halo_only,214.0,0.0
76.5155786406796,1866.6833355967574,894343.6821637598,0.7272815710508487,12.60577484543805,11.028808313552014,12.388224886415959,15.103810945760088,37.0,33.0,2500.0,1395.4578922784274,0.007661042008757847,-12.10577484543805,pass_bh_up,214.0,0.0
76.5155786406796,1866.6833355967574,223585.92054093996,0.7272815710508487,12.877095519122662,11.201868658372867,12.73656718462931,15.112446809532548,37.0,33.0,2500.0,1484.8634796203448,0.001463802778191872,-12.377095519122662,pass_bh_down,214.0,0.0
100.0,1866.6833355967574,447171.8410818799,0.7272815710508487,13.378784222345411,11.549528697662664,13.350300030842812,15.107295843466067,37.0,33.0,2500.0,1494.4429273226324,0.0019425582871996701,-12.878784222345411,pass_halo_up,214.0,0.0
38.2577893203398,1866.6833355967574,447171.8410818799,0.7272815710508487,12.45511664655818,10.8789060054048,12.245306291766054,15.42306884458212,37.0,33.0,2500.0,1308.5260199181507,0.0042352483193206555,-11.95511664655818,pass_halo_down,214.0,0.0
76.5155786406796,1866.6833355967574,447171.8410818799,1.4545631421016973,12.802354968230222,11.066263370983691,12.739273040062399,15.107672854739063,37.0,33.0,2500.0,1487.2573049135938,0.0014542354884964288,-12.302354968230222,pass_ml_up,214.0,0.0
76.5155786406796,1866.6833355967574,447171.8410818799,0.36364078552542434,12.793036968054203,11.071858505571678,12.71472701587136,15.095683661670286,37.0,33.0,2500.0,1486.2603964469313,0.0014813879651786692,-12.293036968054203,pass_ml_down,214.0,0.0
37.51115417480469,5000.0,1231564.21875,0.2,13.131011939557784,11.479659965060636,12.930824423259597,15.182163336003399,37.0,33.0,2500.0,1469.1630037831737,0.0020983387159031267,-12.631011939557784,pass_full,215.0,0.0
0.0,5000.0,1231564.21875,0.2,40.26871779971377,51.37549793335538,22.445800802085962,16.13052477812168,37.0,33.0,2500.0,95.64066614518026,0.06913799365534386,-39.76871779971377,pass_bh_only,215.0,0.0
37.51115417480469,5000.0,0.0,0.2,13.17098130804087,11.524429262239215,12.965918712308934,15.00556612165156,37.0,33.0,2500.0,1488.9059253441828,0.0018725424274414549,-12.67098130804087,pass_halo_only,215.0,0.0
37.51115417480469,5000.0,1500000.0,0.2,13.180798869079858,11.54206591748651,12.963431662471015,15.083041550725829,37.0,33.0,2500.0,1493.4462356470099,0.0022419880011325393,-12.680798869079858,pass_bh_up,215.0,0.0
37.51115417480469,5000.0,615782.109375,0.2,13.207511855664446,11.585115354830572,12.969298043903366,15.059678896311347,37.0,33.0,2500.0,1487.4739573273075,0.0016211262318761,-12.707511855664446,pass_bh_down,215.0,0.0
75.02230834960938,5000.0,1231564.21875,0.2,13.83740136005822,12.17179732619836,13.579285556029317,14.795565345535197,37.0,33.0,2500.0,1466.9808477690938,0.0028141236960849986,-13.33740136005822,pass_halo_up,215.0,0.0
18.755577087402344,5000.0,1231564.21875,0.2,12.426957322149622,10.789466670908482,12.293528449858169,15.282477592941758,37.0,33.0,2500.0,1316.2357595823978,0.006068274642008541,-11.926957322149622,pass_halo_down,215.0,0.0
37.51115417480469,5000.0,1231564.21875,0.4,13.152893846074406,11.512510694344028,12.93807075909542,15.171763100033116,37.0,33.0,2500.0,1474.646815434482,0.001694876048697331,-12.652893846074406,pass_ml_up,215.0,0.0
37.51115417480469,5000.0,1231564.21875,0.2,12.73071459958615,11.32782252250338,12.302298803729236,15.121869716995935,37.0,33.0,2500.0,1311.5611751475885,0.00892331727355956,-12.23071459958615,pass_ml_down,215.0,0.0
93.65283573802218,1673.1882230602896,50280.04412311246,0.2,15.898811073764518,11.232764008025715,18.747770092859227,15.032849507151845,37.0,33.0,2500.0,1515.8187077684697,0.0035565270725915073,-15.398811073764518,pass_full,216.0,0.0
0.0,1673.1882230602896,50280.04412311246,0.2,75.07635215070405,109.21219995785222,27.201067774527633,16.552606946522623,37.0,33.0,2500.0,109.96787648359066,0.05931339560133628,-74.57635215070405,pass_bh_only,216.0,0.0
93.65283573802218,1673.1882230602896,0.0,0.2,33.701296424987824,11.228070690968693,54.35776197798869,15.04080320972894,37.0,33.0,2500.0,1532.2924073650631,0.0019158896252234226,-33.201296424987824,pass_halo_only,216.0,0.0
93.65283573802218,1673.1882230602896,100560.08824622491,0.2,21.760115661831414,11.243313322509058,30.458317014188612,15.040579279814086,37.0,33.0,2500.0,1513.0931242547654,0.003525008811854989,-21.260115661831414,pass_bh_up,216.0,0.0
93.65283573802218,1673.1882230602896,25140.02206155623,0.2,33.71901762759632,11.237029379165495,54.38306335654599,15.043985626216788,37.0,33.0,2500.0,1536.7707303885295,0.0017238045511750197,-33.21901762759632,pass_bh_down,216.0,0.0
100.0,1673.1882230602896,50280.04412311246,0.2,33.79457269750046,11.299124400507432,54.4650216367001,15.028481205151571,37.0,33.0,2500.0,1532.0165165933047,0.0016566505319876945,-33.29457269750046,pass_halo_up,216.0,0.0
46.82641786901109,1673.1882230602896,50280.04412311246,0.2,25.95910881721499,10.990555064675826,39.13263097787338,15.27382227336236,37.0,33.0,2500.0,1354.3097642892437,0.0037204175977764865,-25.45910881721499,pass_halo_down,216.0,0.0
93.65283573802218,1673.1882230602896,50280.04412311246,0.4,18.876594615875444,11.256236636597949,24.677030480612963,15.032483233427014,37.0,33.0,2500.0,1519.3166369135238,0.0035078532096233595,-18.376594615875444,pass_ml_up,216.0,0.0
93.65283573802218,1673.1882230602896,50280.04412311246,0.2,33.71262899263796,11.23116541986492,54.376825690384145,15.0451451964262,37.0,33.0,2500.0,1534.4230088357638,0.0017156214462928506,-33.21262899263796,pass_ml_down,216.0,0.0
54.567840219748604,1952.7871370977778,103053.39944638632,0.2,13.350553674305253,11.006673343623657,13.900335206506762,15.178566975348515,37.0,33.0,2500.0,1393.9366378151024,0.003922066602465865,-12.850553674305253,pass_full,217.0,0.0
0.0,1952.7871370977778,103053.39944638632,0.2,61.38307236929442,71.4551741706964,42.15186616590849,16.429748582685747,37.0,33.0,2500.0,106.31341956526737,0.05484882554848452,-60.88307236929442,pass_bh_only,217.0,0.0
54.567840219748604,1952.7871370977778,0.0,0.2,33.16842223549626,10.971690077089352,53.57526038320915,15.179742044544984,37.0,33.0,2500.0,1425.4375149631592,0.0015398909670493483,-32.66842223549626,pass_halo_only,217.0,0.0
54.567840219748604,1952.7871370977778,206106.79889277264,0.2,13.423986948310558,11.032088426807347,14.019157180427039,15.16367984253267,37.0,33.0,2500.0,1392.900551684319,0.003972255862581076,-12.923986948310558,pass_bh_up,217.0,0.0
54.567840219748604,1952.7871370977778,51526.69972319316,0.2,13.333592726459958,10.964668144760614,13.913101581907316,15.192046387273017,37.0,33.0,2500.0,1396.0466474228483,0.003924514866082974,-12.833592726459958,pass_bh_down,217.0,0.0
100.0,1952.7871370977778,103053.39944638632,0.2,14.94393161189972,11.660278402453228,16.36069866306733,14.966129613390333,37.0,33.0,2500.0,1541.478601501679,0.0034558054994781504,-14.44393161189972,pass_halo_up,217.0,0.0
27.283920109874302,1952.7871370977778,103053.39944638632,0.2,12.246229275385026,10.637561151701226,12.088512123723183,15.740469479600833,37.0,33.0,2500.0,1178.8967214223849,0.004179114109217266,-11.746229275385026,pass_halo_down,217.0,0.0
54.567840219748604,1952.7871370977778,103053.39944638632,0.4,13.415128321250348,11.012392326148328,14.023241166094634,15.172994653911699,37.0,33.0,2500.0,1403.9678318993724,0.0039447205931628475,-12.915128321250348,pass_ml_up,217.0,0.0
54.567840219748604,1952.7871370977778,103053.39944638632,0.2,16.18387573392188,11.002845001013172,19.57130127128727,15.177591448876761,37.0,33.0,2500.0,1403.9745524563232,0.0033505891478860096,-15.68387573392188,pass_ml_down,217.0,0.0
37.530518072036074,1356.7255639936257,377001.1615526893,0.35709682364252937,11.994737567350963,10.413311305479244,11.835045373216222,15.80366382629601,37.0,33.0,2500.0,1094.6523966265568,0.00579790819646975,-11.494737567350963,pass_full,218.0,0.0
0.0,1356.7255639936257,377001.1615526893,0.35709682364252937,23.34490303466712,32.334348476513384,9.939977591847287,16.373446126074754,37.0,33.0,2500.0,103.34672780221612,0.06581174236601825,-22.84490303466712,pass_bh_only,218.0,0.0
37.530518072036074,1356.7255639936257,0.0,0.35709682364252937,12.480402170296228,10.515361213645685,12.695067324518254,15.70095662555823,37.0,33.0,2500.0,1112.4840199845653,0.004393400755514374,-11.980402170296228,pass_halo_only,218.0,0.0
37.530518072036074,1356.7255639936257,754002.3231053785,0.35709682364252937,12.603817077139777,10.595147868220517,12.853079787142068,15.679822991378206,37.0,33.0,2500.0,1113.964375179609,0.003389040183013222,-12.103817077139777,pass_bh_up,218.0,0.0
37.530518072036074,1356.7255639936257,188500.58077634464,0.35709682364252937,12.575674285551534,10.592140796850002,12.799934533037055,15.68745377272864,37.0,33.0,2500.0,1102.2568539706435,0.004444407746762348,-12.075674285551534,pass_bh_down,218.0,0.0
75.06103614407215,1356.7255639936257,377001.1615526893,0.35709682364252937,12.553408155006133,11.057039352101816,12.250673271283807,15.142264250271914,37.0,33.0,2500.0,1419.6340132837715,0.001609636237419832,-12.053408155006133,pass_halo_up,218.0,0.0
18.765259036018037,1356.7255639936257,377001.1615526893,0.35709682364252937,11.461899035903125,10.09957813594139,11.10309395283807,16.398844896118348,37.0,33.0,2500.0,702.9457755871139,0.01534141173115331,-10.961899035903125,pass_halo_down,218.0,0.0
37.530518072036074,1356.7255639936257,377001.1615526893,0.7141936472850587,12.111058218202079,10.460279247295812,12.014939170762306,15.80651761623547,37.0,33.0,2500.0,1098.9518885624575,0.004577756104020931,-11.611058218202079,pass_ml_up,218.0,0.0
37.530518072036074,1356.7255639936257,377001.1615526893,0.2,12.155226888627352,10.524543713680709,12.031296902713562,15.804059453671595,37.0,33.0,2500.0,1102.180910527584,0.003578172549947402,-11.655226888627352,pass_ml_down,218.0,0.0
51.822896907375025,979.1039645884482,1419709.5918790826,1.6818301640970768,11.997277383391694,10.304858514767075,11.961229880671667,15.819956195304854,37.0,33.0,2500.0,1094.6859440099258,0.005439153875601779,-11.497277383391694,pass_full,219.0,0.0
0.0,979.1039645884482,1419709.5918790826,1.6818301640970768,13.798353557945635,18.006941131928915,6.906888372986609,16.50719663448359,37.0,33.0,2500.0,109.00940249658998,0.04643940840923041,-13.298353557945635,pass_bh_only,219.0,0.0
51.822896907375025,979.1039645884482,0.0,1.6818301640970768,15.737350882083334,10.384733192259581,19.355968370962767,15.683073862124298,37.0,33.0,2500.0,1095.4771305971794,0.004325596325687693,-15.237350882083334,pass_halo_only,219.0,0.0
51.822896907375025,979.1039645884482,1500000.0,1.6818301640970768,12.103410862793554,10.479097002722423,11.979059698053156,15.78955780789044,37.0,33.0,2500.0,1113.0493252619854,0.006118170343317516,-11.603410862793554,pass_bh_up,219.0,0.0
51.822896907375025,979.1039645884482,709854.7959395413,1.6818301640970768,12.184006655187432,10.58075987567516,12.029017483145527,15.698746898586926,37.0,33.0,2500.0,1105.2068404547424,0.0028304658932291455,-11.684006655187432,pass_bh_down,219.0,0.0
100.0,979.1039645884482,1419709.5918790826,1.6818301640970768,12.45566161853662,10.98813838743863,12.13045607038476,15.207496165490664,37.0,33.0,2500.0,1422.5981949705047,0.0026663092562492978,-11.95566161853662,pass_halo_up,219.0,0.0
25.911448453687512,979.1039645884482,1419709.5918790826,1.6818301640970768,13.767520811474036,9.718230602660464,16.141640625910096,16.40770060381627,37.0,33.0,2500.0,677.5529892403474,0.014280435571883517,-13.267520811474036,pass_halo_down,219.0,0.0
51.822896907375025,979.1039645884482,1419709.5918790826,2.0,12.00486841415706,10.293875834035546,11.98845013929008,15.829054878478102,37.0,33.0,2500.0,1107.82155144752,0.004145381186913119,-11.50486841415706,pass_ml_up,219.0,0.0
51.822896907375025,979.1039645884482,1419709.5918790826,0.8409150820485384,11.864702558298523,10.26986470387342,11.735599737246508,15.81058347525138,37.0,33.0,2500.0,1075.4801008838438,0.008131055816046182,-11.364702558298523,pass_ml_down,219.0,0.0
59.058598662824444,3730.133686683492,675114.0930304725,0.4891178322293238,13.572928165337109,11.848830003571702,13.405724301951839,15.017646815685545,37.0,33.0,2500.0,1502.6860090611729,0.0021696569376093216,-13.072928165337109,pass_full,220.0,0.0
0.0,3730.133686683492,675114.0930304725,0.4891178322293238,18.204977387001943,11.836979030455915,22.642604262207612,16.3543427624072,37.0,33.0,2500.0,102.7744113494758,0.0667752701143396,-17.704977387001943,pass_bh_only,220.0,0.0
59.058598662824444,3730.133686683492,0.0,0.4891178322293238,13.544494580144406,11.927791098419783,13.262156086948197,14.95722077870876,37.0,33.0,2500.0,1539.089884123234,0.0016343156248003594,-13.044494580144406,pass_halo_only,220.0,0.0
59.058598662824444,3730.133686683492,1350228.186060945,0.4891178322293238,13.282512997944158,11.603992557522096,13.09577318240693,15.137618216567876,37.0,33.0,2500.0,1469.98176730638,0.005544567612385352,-12.782512997944158,pass_bh_up,220.0,0.0
59.058598662824444,3730.133686683492,337557.04651523626,0.4891178322293238,13.537566223503754,11.864433367318107,13.319015476073645,14.967825450047508,37.0,33.0,2500.0,1517.8962825993417,0.002451846487461055,-13.037566223503754,pass_bh_down,220.0,0.0
100.0,3730.133686683492,675114.0930304725,0.4891178322293238,13.797607510542713,12.085010727960315,13.596271729180602,14.819731698327821,37.0,33.0,2500.0,1486.6364423121827,0.002062160980229029,-13.297607510542713,pass_halo_up,220.0,0.0
29.529299331412222,3730.133686683492,675114.0930304725,0.4891178322293238,11.4477008496733,10.261451256887005,10.933300517338546,15.075642501446591,37.0,33.0,2500.0,1013.5350759015475,0.016998286214233937,-10.9477008496733,pass_halo_down,220.0,0.0
59.058598662824444,3730.133686683492,675114.0930304725,0.9782356644586476,13.596256371540605,11.883962835558844,13.413020733845427,15.016611389103801,37.0,33.0,2500.0,1507.793284986162,0.002532422714674074,-13.096256371540605,pass_ml_up,220.0,0.0
59.058598662824444,3730.133686683492,675114.0930304725,0.2445589161146619,13.61219408066348,11.873462237344148,13.456621187760655,15.01820734595464,37.0,33.0,2500.0,1505.6244009761865,0.00229389599520404,-13.11219408066348,pass_ml_down,220.0,0.0
78.4128045820164,630.1110544178491,477208.16265050956,0.8264319630180001,10.153704462062718,9.09185454183469,9.638145131537895,15.687087107505242,37.0,33.0,2500.0,586.0247491012119,0.02370596214983183,-9.653704462062718,pass_full,221.0,0.0
0.0,630.1110544178491,477208.16265050956,0.8264319630180001,12.924138057260825,12.506022827825825,11.340559133900749,16.031815730934632,37.0,33.0,2500.0,92.47892568960756,0.08227787801585562,-12.424138057260825,pass_bh_only,221.0,0.0
78.4128045820164,630.1110544178491,0.0,0.8264319630180001,11.929657479392008,10.342978515726575,11.785341295326159,15.750925812225926,37.0,33.0,2500.0,1085.961683735107,0.00308778548550438,-11.429657479392008,pass_halo_only,221.0,0.0
78.4128045820164,630.1110544178491,954416.3253010191,0.8264319630180001,11.984691662321165,10.416680870589735,11.81116630132426,15.80396955767628,37.0,33.0,2500.0,1097.3415603332603,0.0024820556068728935,-11.484691662321165,pass_bh_up,221.0,0.0
78.4128045820164,630.1110544178491,238604.08132525478,0.8264319630180001,11.978884534019233,10.462157258401879,11.750362326092077,15.744603923361183,37.0,33.0,2500.0,1083.3644881371606,0.00400502632584761,-11.478884534019233,pass_bh_down,221.0,0.0
100.0,630.1110544178491,477208.16265050956,0.8264319630180001,11.623582026906092,10.473366945958151,11.030652157769653,15.63031556895191,37.0,33.0,2500.0,998.9357582358671,0.013804947964534397,-11.123582026906092,pass_halo_up,221.0,0.0
39.2064022910082,630.1110544178491,477208.16265050956,0.8264319630180001,16.196019099584873,8.894233062145096,21.929990615735665,16.16094695395625,37.0,33.0,2500.0,439.11320151980703,0.0338651986035374,-15.696019099584873,pass_halo_down,221.0,0.0
78.4128045820164,630.1110544178491,477208.16265050956,1.6528639260360003,11.989631621552103,10.472741682701589,11.758401261380378,15.797003136927644,37.0,33.0,2500.0,1058.8950022024696,0.004771802866632874,-11.489631621552103,pass_ml_up,221.0,0.0
78.4128045820164,630.1110544178491,477208.16265050956,0.4132159815090001,11.99410236814482,10.454461638154715,11.787537304391819,15.806944640903845,37.0,33.0,2500.0,1081.9057747485713,0.004041527951225077,-11.49410236814482,pass_ml_down,221.0,0.0
100.0,2095.016367876114,144262.5281389649,0.4556969082403519,34.24740422111261,11.847450010870784,54.75868569308803,14.93640031930875,37.0,33.0,2500.0,1579.0352905503225,0.001668982913441783,-33.74740422111261,pass_full,222.0,0.0
0.0,2095.016367876114,144262.5281389649,0.4556969082403519,25.339337287809848,37.38365904964346,8.26432040548653,16.47830277758617,37.0,33.0,2500.0,105.72248056618683,0.061762201229656845,-24.839337287809848,pass_bh_only,222.0,0.0
100.0,2095.016367876114,0.0,0.4556969082403519,34.20293252363283,11.784339942021138,54.74053330065956,14.93536978321782,37.0,33.0,2500.0,1560.442086687832,0.0016138444540774077,-33.70293252363283,pass_halo_only,222.0,0.0
100.0,2095.016367876114,288525.0562779298,0.4556969082403519,34.218195297828004,11.84200067100388,54.70655437893731,14.930570324575713,37.0,33.0,2500.0,1567.1080611935383,0.0015840837522882849,-33.718195297828004,pass_bh_up,222.0,0.0
100.0,2095.016367876114,72131.26406948245,0.4556969082403519,34.20558671766204,11.793682652470077,54.7350058971506,14.947270618330652,37.0,33.0,2500.0,1566.5086908174687,0.0014690065130797863,-33.70558671766204,pass_bh_down,222.0,0.0
100.0,2095.016367876114,144262.5281389649,0.4556969082403519,34.23325017556351,11.848085938082523,54.72964901853982,14.93691426632424,37.0,33.0,2500.0,1578.4462519790238,0.001451854037976549,-33.73325017556351,pass_halo_up,222.0,0.0
50.0,2095.016367876114,144262.5281389649,0.4556969082403519,33.20268121725649,11.034636306982065,53.57324160966584,15.178443861619204,37.0,33.0,2500.0,1421.998803303328,0.0014953050184107243,-32.70268121725649,pass_halo_down,222.0,0.0
100.0,2095.016367876114,144262.5281389649,0.9113938164807038,34.26669708431993,11.85685045420864,54.7864764749868,14.944817084830737,37.0,33.0,2500.0,1578.507590149212,0.0019812132719697994,-33.76669708431993,pass_ml_up,222.0,0.0
100.0,2095.016367876114,144262.5281389649,0.22784845412017596,34.256075166392314,11.873710448924424,54.74680335708291,14.929163587952372,37.0,33.0,2500.0,1580.4731919873814,0.0015879832792057948,-33.756075166392314,pass_ml_down,222.0,0.0
57.01121886253381,987.9085865337724,292094.75,0.2,12.193253461158337,10.661852369478655,11.959906487620133,15.589276674275895,37.0,33.0,2500.0,1149.5666038809993,0.00392718978560003,-11.693253461158337,pass_full,223.0,0.0
0.0,987.9085865337724,292094.75,0.2,68.50030173529028,94.55888599742431,30.46634959471641,16.95159599881826,37.0,33.0,2500.0,125.80823481359553,0.040582363435845537,-68.00030173529028,pass_bh_only,223.0,0.0
57.01121886253381,987.9085865337724,0.0,0.2,13.39539524012477,10.54888464052421,14.490874666239721,15.588490162928203,37.0,33.0,2500.0,1162.3728671943845,0.004321413837687706,-12.89539524012477,pass_halo_only,223.0,0.0
57.01121886253381,987.9085865337724,584189.5,0.2,12.272852367349651,10.725214985317422,12.048258026924914,15.582786899810513,37.0,33.0,2500.0,1167.8002392420701,0.003429435482604118,-11.772852367349651,pass_bh_up,223.0,0.0
57.01121886253381,987.9085865337724,146047.375,0.2,16.78506304488124,10.621983496386722,21.187473591251045,15.614143084568825,37.0,33.0,2500.0,1129.872852508395,0.005379656046088005,-16.28506304488124,pass_bh_down,223.0,0.0
100.0,987.9085865337724,292094.75,0.2,12.478019903964391,10.988667761922242,12.175565737802303,15.174937123050876,37.0,33.0,2500.0,1379.998794929295,0.0034732380402874847,-11.978019903964391,pass_halo_up,223.0,0.0
28.505609431266905,987.9085865337724,292094.75,0.2,24.75913037420264,9.932871567054336,37.88476942954891,16.388965541250457,37.0,33.0,2500.0,777.0893089585503,0.0072045989037801735,-24.25913037420264,pass_halo_down,223.0,0.0
57.01121886253381,987.9085865337724,292094.75,0.4,13.267678211843519,10.630280954608448,14.143515999637192,15.610338673132699,37.0,33.0,2500.0,1146.9504961267528,0.0044680010090653935,-12.767678211843519,pass_ml_up,223.0,0.0
57.01121886253381,987.9085865337724,292094.75,0.2,12.216515392801648,10.60215398030486,12.072674053466882,15.612074889222107,37.0,33.0,2500.0,1154.409485844127,0.004053375874071083,-11.716515392801648,pass_ml_down,223.0,0.0
72.02291322482507,2483.974025031665,215271.36108162696,1.490002241822503,13.261956408866563,11.520914628935541,13.150645660652454,15.043974913047133,37.0,33.0,2500.0,1512.8435048975011,0.0017353643560269847,-12.761956408866563,pass_full,224.0,0.0
0.0,2483.974025031665,215271.36108162696,1.490002241822503,63.86927143318312,92.48445313140613,23.530244063414763,16.949094635370642,37.0,33.0,2500.0,126.00537034682662,0.036255720678549555,-63.36927143318312,pass_bh_only,224.0,0.0
72.02291322482507,2483.974025031665,0.0,1.490002241822503,13.25358370201703,11.506873113568002,13.150326882548793,15.021432006997454,37.0,33.0,2500.0,1518.31788281804,0.0019237086593343212,-12.75358370201703,pass_halo_only,224.0,0.0
72.02291322482507,2483.974025031665,430542.72216325393,1.490002241822503,13.258593868971522,11.53312756466589,13.129566395022904,15.065784423726868,37.0,33.0,2500.0,1515.8839342968624,0.0017258952329663152,-12.758593868971522,pass_bh_up,224.0,0.0
72.02291322482507,2483.974025031665,107635.68054081348,1.490002241822503,13.282964489881033,11.567828177697622,13.140456134882102,15.030961306226942,37.0,33.0,2500.0,1520.7749684225873,0.0018149195729984717,-12.782964489881033,pass_bh_down,224.0,0.0
100.0,2483.974025031665,215271.36108162696,1.490002241822503,13.724274832106605,12.025468649367347,13.512428511608974,14.949658009348068,37.0,33.0,2500.0,1533.3262485568623,0.0032359254462083617,-13.224274832106605,pass_halo_up,224.0,0.0
36.01145661241254,2483.974025031665,215271.36108162696,1.490002241822503,17.562176026825224,11.089356850489247,22.230087361154887,15.204531384251833,37.0,33.0,2500.0,1381.4021437181384,0.002795255393346457,-17.062176026825224,pass_halo_down,224.0,0.0
72.02291322482507,2483.974025031665,215271.36108162696,2.0,13.259349923711994,11.533495622317213,13.131867351960915,15.026134324544568,37.0,33.0,2500.0,1511.2686473914166,0.002272263082460886,-12.759349923711994,pass_ml_up,224.0,0.0
72.02291322482507,2483.974025031665,215271.36108162696,0.7450011209112515,13.26935408010901,11.542625447453743,13.141284735037296,15.03783147517542,37.0,33.0,2500.0,1509.8110257986534,0.0021961886222207298,-12.76935408010901,pass_ml_down,224.0,0.0
40.962577515797534,3366.2299699180408,0.0,0.5435047006713798,12.776885568923424,11.048937225801785,12.70808533740392,15.09695405995041,37.0,33.0,2500.0,1484.1360523579933,0.0016544032847142353,-12.276885568923424,pass_full,225.0,0.0
0.0,3366.2299699180408,0.0,0.5435047006713798,1528.079198077869,1381.5510557964276,1381.5510557964278,4144.653167389282,37.0,33.0,2500.0,2414.5591191582757,0.0006127559209594613,-1527.579198077869,pass_bh_only,225.0,0.0
40.962577515797534,3366.2299699180408,0.0,0.5435047006713798,12.785403784744709,11.068007840796456,12.703808026268455,15.094694816823111,37.0,33.0,2500.0,1483.1554211544706,0.001700167168753253,-12.285403784744709,pass_halo_only,225.0,0.0
40.962577515797534,3366.2299699180408,0.0,0.5435047006713798,12.794887567067606,11.0672400171057,12.723954044907341,15.084215311608563,37.0,33.0,2500.0,1485.610494083317,0.0017905142939170255,-12.294887567067606,pass_bh_up,225.0,0.0
40.962577515797534,3366.2299699180408,0.0,0.5435047006713798,12.785310973418886,11.073065725351338,12.697963137675368,15.094308864360007,37.0,33.0,2500.0,1479.0522518885145,0.0016566877829612278,-12.285310973418886,pass_bh_down,225.0,0.0
81.92515503159507,3366.2299699180408,0.0,0.5435047006713798,16.109197988189656,11.797034883090117,18.53920131224769,14.923133242008808,37.0,33.0,2500.0,1504.8033094571438,0.0033378841789950394,-15.609197988189656,pass_halo_up,225.0,0.0
20.481288757898767,3366.2299699180408,0.0,0.5435047006713798,20.307283052459002,10.85417214187454,27.978056707414794,15.400440868247198,37.0,33.0,2500.0,1303.967135812792,0.003619515803662052,-19.807283052459002,pass_halo_down,225.0,0.0
40.962577515797534,3366.2299699180408,0.0,1.0870094013427596,12.782922204874657,11.06058333151563,12.707474294618748,15.084630533229976,37.0,33.0,2500.0,1485.438387138289,0.0018386071943102872,-12.282922204874657,pass_ml_up,225.0,0.0
40.962577515797534,3366.2299699180408,0.0,0.2717523503356899,12.805245270720638,11.081190343833626,12.72895587231133,15.086601359444362,37.0,33.0,2500.0,1480.5717328590868,0.0016818598319508584,-12.305245270720638,pass_ml_down,225.0,0.0
54.647969006378936,1803.6552059838298,1382709.219086868,1.2460428821414673,33.167621557150476,10.974038197525271,53.57016315271218,15.208225423993449,37.0,33.0,2500.0,1427.3359854753603,0.0020502471342360973,-32.667621557150476,pass_full,226.0,0.0
0.0,1803.6552059838298,1382709.219086868,1.2460428821414673,15.628185812284073,21.35966316209994,6.8190597144727425,16.123756035450608,37.0,33.0,2500.0,94.38286229074463,0.07094639351529353,-15.128185812284073,pass_bh_only,226.0,0.0
54.647969006378936,1803.6552059838298,0.0,1.2460428821414673,33.13378082811667,10.9549227686336,53.52404288411299,15.203977040528896,37.0,33.0,2500.0,1398.2661349788639,0.0015058275346868828,-32.63378082811667,pass_halo_only,226.0,0.0
54.647969006378936,1803.6552059838298,1500000.0,1.2460428821414673,33.17470220882438,10.975615622939312,53.58324766723493,15.18539471490187,37.0,33.0,2500.0,1435.9140527257755,0.001563102011121838,-32.67470220882438,pass_bh_up,226.0,0.0
54.647969006378936,1803.6552059838298,691354.609543434,1.2460428821414673,33.18496080990742,10.984317060886418,53.59078620408615,15.291737466249689,37.0,33.0,2500.0,1419.7228768224456,0.00259558836060443,-32.68496080990742,pass_bh_down,226.0,0.0
100.0,1803.6552059838298,1382709.219086868,1.2460428821414673,13.041731039467493,11.212856631903648,13.052076986484378,15.160012670434893,37.0,33.0,2500.0,1419.041041742831,0.004686848628982568,-12.541731039467493,pass_halo_up,226.0,0.0
27.323984503189468,1803.6552059838298,1382709.219086868,1.2460428821414673,12.15100210904335,10.31075010611873,12.258889328999897,15.925037413471737,37.0,33.0,2500.0,1112.9060477683643,0.003809604381023119,-11.65100210904335,pass_halo_down,226.0,0.0
54.647969006378936,1803.6552059838298,1382709.219086868,2.0,12.295770454339724,10.955692736372589,11.845634449811644,15.254281896851776,37.0,33.0,2500.0,1360.8403677001158,0.006931550394697822,-11.795770454339724,pass_ml_up,226.0,0.0
54.647969006378936,1803.6552059838298,1382709.219086868,0.6230214410707337,23.883993941588624,10.620988872183842,35.39765804688431,15.244296326865554,37.0,33.0,2500.0,1251.3274740627255,0.01011496943411502,-23.383993941588624,pass_ml_down,226.0,0.0
49.24552357387827,2161.0725289586817,373296.1105871211,1.5930185293092183,12.60949205428518,11.067779312610092,12.350089341009097,15.165692762948204,37.0,33.0,2500.0,1391.1684006746361,0.002795468680417483,-12.10949205428518,pass_full,227.0,0.0
0.0,2161.0725289586817,373296.1105871211,1.5930185293092183,9.598099852155311,10.018724668637084,7.478065951618325,16.005601099273417,37.0,33.0,2500.0,92.09931661145991,0.06703144085515185,-9.098099852155311,pass_bh_only,227.0,0.0
49.24552357387827,2161.0725289586817,0.0,1.5930185293092183,12.552314055409292,10.96253470842321,12.352810223810517,15.196206059607633,37.0,33.0,2500.0,1409.0431113545421,0.0018030902891547848,-12.052314055409292,pass_halo_only,227.0,0.0
49.24552357387827,2161.0725289586817,746592.2211742422,1.5930185293092183,12.57643929513964,10.973765525302607,12.387312234320417,15.234365310445975,37.0,33.0,2500.0,1407.675048482301,0.0029295938835640525,-12.07643929513964,pass_bh_up,227.0,0.0
49.24552357387827,2161.0725289586817,186648.05529356055,1.5930185293092183,12.814078417429851,11.005926855720729,12.827873016441204,15.190072346143694,37.0,33.0,2500.0,1375.9993342736416,0.0024255801242353955,-12.314078417429851,pass_bh_down,227.0,0.0
98.49104714775655,2161.0725289586817,373296.1105871211,1.5930185293092183,14.098244946692656,11.839243203304733,14.468054713756668,14.986362405470052,37.0,33.0,2500.0,1512.6191434872596,0.0034616622498696357,-13.598244946692656,pass_halo_up,227.0,0.0
24.622761786939137,2161.0725289586817,373296.1105871211,1.5930185293092183,12.164780123833308,10.586477767563787,11.979632473126282,15.847939159970627,37.0,33.0,2500.0,1101.801962229128,0.007863383863124018,-11.664780123833308,pass_halo_down,227.0,0.0
49.24552357387827,2161.0725289586817,373296.1105871211,2.0,12.59688192852343,11.068407430724271,12.324349801830571,15.159588885339753,37.0,33.0,2500.0,1398.9277090535027,0.0021978451218921773,-12.09688192852343,pass_ml_up,227.0,0.0
49.24552357387827,2161.0725289586817,373296.1105871211,0.7965092646546091,12.617569569559537,11.057575848506783,12.377546937468017,15.1702362597345,37.0,33.0,2500.0,1394.7523597695015,0.002566851959807012,-12.117569569559537,pass_ml_down,227.0,0.0
76.22608126519133,1528.6384137217574,1014387.8384137598,0.24864648313341842,12.628662142219541,11.130445445133988,12.316253417609781,15.228857135409202,37.0,33.0,2500.0,1436.8702580600066,0.004146851783175167,-12.128662142219541,pass_full,228.0,0.0
0.0,1528.6384137217574,1014387.8384137598,0.24864648313341842,13.490177111254127,17.529860593345678,6.834122109277539,16.220817782822984,37.0,33.0,2500.0,98.21873733933305,0.06215202117478415,-12.990177111254127,pass_bh_only,228.0,0.0
76.22608126519133,1528.6384137217574,0.0,0.24864648313341842,33.2262757430812,10.996637564651081,53.663102869819134,15.176214447238793,37.0,33.0,2500.0,1461.7996382900508,0.0016420301126466657,-32.7262757430812,pass_halo_only,228.0,0.0
76.22608126519133,1528.6384137217574,1500000.0,0.24864648313341842,12.589559056502637,11.135875888133663,12.23276008450563,15.202407079543017,37.0,33.0,2500.0,1378.292540071864,0.004487307860271834,-12.089559056502637,pass_bh_up,228.0,0.0
76.22608126519133,1528.6384137217574,507193.9192068799,0.24864648313341842,33.351786585929304,11.2105564833961,53.67530768016655,15.1421713401822,37.0,33.0,2500.0,1464.4631132689908,0.00163122273267854,-32.851786585929304,pass_bh_down,228.0,0.0
100.0,1528.6384137217574,1014387.8384137598,0.24864648313341842,13.019420160154326,11.176757193101256,13.048961960804244,15.125969718899242,37.0,33.0,2500.0,1495.194315639314,0.004200923042754018,-12.519420160154326,pass_halo_up,228.0,0.0
38.11304063259566,1528.6384137217574,1014387.8384137598,0.24864648313341842,32.5920566914867,10.697176206358057,52.718225228038236,15.578789477611737,37.0,33.0,2500.0,1232.0651715749646,0.00340422586715613,-32.0920566914867,pass_halo_down,228.0,0.0
76.22608126519133,1528.6384137217574,1014387.8384137598,0.49729296626683683,12.608271720212942,11.09760857380856,12.312544755065023,15.220439385991627,37.0,33.0,2500.0,1412.2709889074151,0.004925278515876163,-12.108271720212942,pass_ml_up,228.0,0.0
76.22608126519133,1528.6384137217574,1014387.8384137598,0.2,12.524033929534527,10.97408491351211,12.280642496932884,15.283895150545854,37.0,33.0,2500.0,1392.4662822749558,0.004940348325205857,-12.024033929534527,pass_ml_down,228.0,0.0
46.802359926614606,2026.8136491172595,287054.4787039545,0.9315345740425041,12.589857490095458,11.051686886120285,12.327797833875435,15.200851041960373,37.0,33.0,2500.0,1371.3651117652757,0.0017383785280589608,-12.089857490095458,pass_full,229.0,0.0
0.0,2026.8136491172595,287054.4787039545,0.9315345740425041,56.812664109778794,80.39213709179317,22.98332435526538,16.67705512529595,37.0,33.0,2500.0,116.37038104899256,0.05890390993584427,-56.312664109778794,pass_bh_only,229.0,0.0
46.802359926614606,2026.8136491172595,0.0,0.9315345740425041,12.562025052321358,11.003020336146788,12.326200943511306,15.217269879905476,37.0,33.0,2500.0,1378.4350242393164,0.002311962319504932,-12.062025052321358,pass_halo_only,229.0,0.0
46.802359926614606,2026.8136491172595,574108.957407909,0.9315345740425041,12.592146629219679,11.04488607072388,12.33893376808011,15.236078565071788,37.0,33.0,2500.0,1399.08743222227,0.0025272084333539642,-12.092146629219679,pass_bh_up,229.0,0.0
46.802359926614606,2026.8136491172595,143527.23935197724,0.9315345740425041,12.541636087588818,10.980627025960544,12.310821126525768,15.207684644971403,37.0,33.0,2500.0,1378.1917069178264,0.0020910300634251026,-12.041636087588818,pass_bh_down,229.0,0.0
93.60471985322921,2026.8136491172595,287054.4787039545,0.9315345740425041,13.538188221102661,11.682263232023326,13.522190907115023,15.044383073116931,37.0,33.0,2500.0,1519.8294709620518,0.0029035421405321717,-13.038188221102661,pass_halo_up,229.0,0.0
23.401179963307303,2026.8136491172595,287054.4787039545,0.9315345740425041,13.18804177951924,10.426932188049687,14.203471158200069,15.899718269829442,37.0,33.0,2500.0,1088.9670212550755,0.00435431544918778,-12.68804177951924,pass_halo_down,229.0,0.0
46.802359926614606,2026.8136491172595,287054.4787039545,1.8630691480850081,12.580738559009387,11.06188657540261,12.298456383308533,15.189880955541646,37.0,33.0,2500.0,1371.4524950798523,0.0018522727073666044,-12.080738559009387,pass_ml_up,229.0,0.0
46.802359926614606,2026.8136491172595,287054.4787039545,0.46576728702125203,12.561025202075708,11.064782621132181,12.256008330125505,15.182431460964487,37.0,33.0,2500.0,1382.1713326435847,0.0017200436536842039,-12.061025202075708,pass_ml_down,229.0,0.0
37.53570556640625,2897.445619785678,149368.58469778032,0.42999894326521426,12.47812957592116,10.95440149628286,12.213852370021051,15.186568437635975,37.0,33.0,2500.0,1416.6333765772931,0.0018659686460197277,-11.97812957592116,pass_full,230.0,0.0
0.0,2897.445619785678,149368.58469778032,0.42999894326521426,18.092548343614485,17.257151037195822,16.347143328354722,16.13787246660479,37.0,33.0,2500.0,94.79350878818475,0.08953861915722301,-17.592548343614485,pass_bh_only,230.0,0.0
37.53570556640625,2897.445619785678,0.0,0.42999894326521426,12.457019282364175,10.923825593914245,12.205444333162975,15.202062666830328,37.0,33.0,2500.0,1418.2106747233704,0.0019707313714949198,-11.957019282364175,pass_halo_only,230.0,0.0
37.53570556640625,2897.445619785678,298737.16939556063,0.42999894326521426,12.516863026208508,11.015084718110504,12.223564216360531,15.17720601977559,37.0,33.0,2500.0,1403.6727313620756,0.0019453890709992764,-12.016863026208508,pass_bh_up,230.0,0.0
37.53570556640625,2897.445619785678,74684.29234889016,0.42999894326521426,12.46688225130978,10.919817943324983,12.229936006165591,15.193076479956915,37.0,33.0,2500.0,1420.9910809620483,0.002103972951588498,-11.96688225130978,pass_bh_down,230.0,0.0
75.0714111328125,2897.445619785678,149368.58469778032,0.42999894326521426,13.498239861627363,11.821209270864143,13.289515101748059,14.94508948774658,37.0,33.0,2500.0,1530.9396570425783,0.0023540706385264823,-12.998239861627363,pass_halo_up,230.0,0.0
18.767852783203125,2897.445619785678,149368.58469778032,0.42999894326521426,12.19503158951749,10.65103776128657,11.971145333410306,15.735891738010853,37.0,33.0,2500.0,1212.2097146574554,0.001952461216451749,-11.69503158951749,pass_halo_down,230.0,0.0
37.53570556640625,2897.445619785678,149368.58469778032,0.8599978865304285,12.483296437048336,10.950377955627053,12.228386278105088,15.196833309521026,37.0,33.0,2500.0,1410.6893749251863,0.002006180869330518,-11.983296437048336,pass_ml_up,230.0,0.0
37.53570556640625,2897.445619785678,149368.58469778032,0.21499947163260713,12.474855590621441,10.946569030652864,12.215743257010498,15.19788736551273,37.0,33.0,2500.0,1406.6354599528077,0.0018823393126484649,-11.974855590621441,pass_ml_down,230.0,0.0
20.0,1835.407795071963,0.0,1.6470300530328206,11.823392507293141,10.227150600704437,11.693796362638688,16.044053288206253,37.0,33.0,2500.0,976.8547536913678,0.0021576838762460628,-11.323392507293141,pass_full,231.0,0.0
0.0,1835.407795071963,0.0,1.6470300530328206,1528.079198077869,1381.5510557964276,1381.5510557964278,4144.653167389282,37.0,33.0,2500.0,2376.002027847344,0.0006792652318815594,-1527.579198077869,pass_bh_only,231.0,0.0
20.0,1835.407795071963,0.0,1.6470300530328206,11.818903644185802,10.203967224611853,11.710869027634581,16.042175293683076,37.0,33.0,2500.0,971.783747143431,0.0021314173876960454,-11.318903644185802,pass_halo_only,231.0,0.0
20.0,1835.407795071963,0.0,1.6470300530328206,11.845053784265826,10.215492636333007,11.75057429645292,16.031370434276834,37.0,33.0,2500.0,962.3474318517332,0.002228033624146354,-11.345053784265826,pass_bh_up,231.0,0.0
20.0,1835.407795071963,0.0,1.6470300530328206,11.84744260690584,10.212720431336962,11.758533659151395,16.028945344321237,37.0,33.0,2500.0,961.6930182951328,0.002473163672176299,-11.34744260690584,pass_bh_down,231.0,0.0
40.0,1835.407795071963,0.0,1.6470300530328206,13.147680949886352,10.886349946016736,13.624314939665426,15.349601680920623,37.0,33.0,2500.0,1332.6488260903288,0.0037262847777359944,-12.647680949886352,pass_halo_up,231.0,0.0
10.0,1835.407795071963,0.0,1.6470300530328206,60.285271834894175,10.113820676565423,108.7396636306659,16.207676258120667,37.0,33.0,2500.0,520.0092323450756,0.006136540938445656,-59.785271834894175,pass_halo_down,231.0,0.0
20.0,1835.407795071963,0.0,2.0,11.843979371233909,10.215614061254506,11.74828350218876,16.03156266279232,37.0,33.0,2500.0,964.212191062661,0.0023569493480258084,-11.343979371233909,pass_ml_up,231.0,0.0
20.0,1835.407795071963,0.0,0.8235150265164103,11.850287977080175,10.196886321478955,11.781802776202806,16.034720977877722,37.0,33.0,2500.0,957.1418003605077,0.0023941377720580175,-11.350287977080175,pass_ml_down,231.0,0.0
72.17106985893847,2712.9158393503894,886623.5214654545,0.4773459294491105,13.448399838756785,11.666089672340348,13.360396119185362,15.055999548237551,37.0,33.0,2500.0,1502.334459705862,0.002363074885569163,-12.948399838756785,pass_full,232.0,0.0
0.0,2712.9158393503894,886623.5214654545,0.4773459294491105,9.433972673682229,8.701496928662063,8.627132259832008,15.991445528074662,37.0,33.0,2500.0,90.36462021728299,0.09302922592579692,-8.933972673682229,pass_bh_only,232.0,0.0
72.17106985893847,2712.9158393503894,0.0,0.4773459294491105,13.4306387760784,11.659013143569862,13.333851982589707,15.021557483629245,37.0,33.0,2500.0,1512.326514543415,0.002427025664001341,-12.9306387760784,pass_halo_only,232.0,0.0
72.17106985893847,2712.9158393503894,1500000.0,0.4773459294491105,13.375427460036585,11.60021141000607,13.287057032622826,15.097508115636465,37.0,33.0,2500.0,1512.7669898777515,0.0028017414439194008,-12.875427460036585,pass_bh_up,232.0,0.0
72.17106985893847,2712.9158393503894,443311.76073272724,0.4773459294491105,13.434911329912323,11.6905491407412,13.306237939682173,15.047977557277191,37.0,33.0,2500.0,1499.7522402875454,0.002356821635348153,-12.934911329912323,pass_bh_down,232.0,0.0
100.0,2712.9158393503894,886623.5214654545,0.4773459294491105,20.045444494742185,11.968819207966678,26.217518981943403,14.974899554084812,37.0,33.0,2500.0,1534.0316803160329,0.0033500049513987425,-19.545444494742185,pass_halo_up,232.0,0.0
36.08553492946923,2712.9158393503894,886623.5214654545,0.4773459294491105,12.092419598163055,10.352090668661466,12.113095160771099,15.340198432841387,37.0,33.0,2500.0,1150.811721700744,0.009981910356857592,-11.592419598163055,pass_halo_down,232.0,0.0
72.17106985893847,2712.9158393503894,886623.5214654545,0.954691858898221,13.452000169954708,11.68208652025105,13.349832283747116,15.050344604067133,37.0,33.0,2500.0,1511.4308761582383,0.0022162949405114566,-12.952000169954708,pass_ml_up,232.0,0.0
72.17106985893847,2712.9158393503894,886623.5214654545,0.23867296472455524,13.431983130991654,11.661141451623475,13.332885290620869,15.06343834489222,37.0,33.0,2500.0,1504.6301680173074,0.0020328827204966747,-12.931983130991654,pass_ml_down,232.0,0.0
61.25817491047807,3503.124892544866,194098.6284000335,1.794489458925998,14.268147583141195,11.78486252058665,14.870347774750362,14.936350658850486,37.0,33.0,2500.0,1534.6380309673175,0.002781012914821081,-13.768147583141195,pass_full,233.0,0.0
0.0,3503.124892544866,194098.6284000335,1.794489458925998,42.1057738322488,58.29902904752637,18.350291068984014,16.35739289347299,37.0,33.0,2500.0,103.62842153106276,0.07413577119196378,-41.6057738322488,pass_bh_only,233.0,0.0
61.25817491047807,3503.124892544866,0.0,1.794489458925998,14.153560386201764,11.865848157122306,14.550429812135173,14.934419875330546,37.0,33.0,2500.0,1540.2203968672425,0.003139164987532077,-13.653560386201764,pass_halo_only,233.0,0.0
61.25817491047807,3503.124892544866,388197.256800067,1.794489458925998,15.77317555668507,11.907012360125993,17.743905331779576,14.921253467827007,37.0,33.0,2500.0,1548.019822725244,0.0033325513409151555,-15.27317555668507,pass_bh_up,233.0,0.0
61.25817491047807,3503.124892544866,97049.31420001676,1.794489458925998,14.11447176122184,11.798527711178894,14.54749053593973,14.94242324101115,37.0,33.0,2500.0,1532.0302611342927,0.0032887572036544147,-13.61447176122184,pass_bh_down,233.0,0.0
100.0,3503.124892544866,194098.6284000335,1.794489458925998,13.688314094988645,11.948832252255926,13.528904961983685,14.868073190319848,37.0,33.0,2500.0,1470.1231177440911,0.0018525878723149372,-13.188314094988645,pass_halo_up,233.0,0.0
30.629087455239034,3503.124892544866,194098.6284000335,1.794489458925998,12.564624756915588,11.007610604403101,12.327714243984074,15.1690715420396,37.0,33.0,2500.0,1424.4635080057606,0.0015495646292425554,-12.064624756915588,pass_halo_down,233.0,0.0
61.25817491047807,3503.124892544866,194098.6284000335,2.0,14.160834348790166,11.806267194622249,14.631452033097075,14.945263726924527,37.0,33.0,2500.0,1534.2306088579926,0.003284267215103694,-13.660834348790166,pass_ml_up,233.0,0.0
61.25817491047807,3503.124892544866,194098.6284000335,0.897244729462999,14.300451149770167,11.833668169129833,14.8800214359658,14.94334624015621,37.0,33.0,2500.0,1536.984449479028,0.0025353288785378647,-13.800451149770167,pass_ml_down,233.0,0.0
37.53570556640625,2566.6335470317717,149368.58469778032,0.31907586162878543,12.54402028893991,11.006738016716247,12.287071479566697,15.18267362583146,37.0,33.0,2500.0,1409.104939627962,0.001483986805945769,-12.04402028893991,pass_full,234.0,0.0
0.0,2566.6335470317717,149368.58469778032,0.31907586162878543,27.09302083157846,35.86703977110951,13.475027082006473,16.383009646912004,37.0,33.0,2500.0,104.27585104499788,0.07059359180052954,-26.59302083157846,pass_bh_only,234.0,0.0
37.53570556640625,2566.6335470317717,0.0,0.31907586162878543,12.513987891935862,10.950694668236105,12.289220235747322,15.203230363369483,37.0,33.0,2500.0,1389.0259050952297,0.001733163278277197,-12.013987891935862,pass_halo_only,234.0,0.0
37.53570556640625,2566.6335470317717,298737.16939556063,0.31907586162878543,12.567435624247759,11.04989569772003,12.285435893854183,15.185225887522932,37.0,33.0,2500.0,1389.1875596855666,0.0015061967319859792,-12.067435624247759,pass_bh_up,234.0,0.0
37.53570556640625,2566.6335470317717,74684.29234889016,0.31907586162878543,12.544829021569006,11.002382442628521,12.293394775867082,15.188537442686115,37.0,33.0,2500.0,1399.2085744211342,0.0016613159534509118,-12.044829021569006,pass_bh_down,234.0,0.0
75.0714111328125,2566.6335470317717,149368.58469778032,0.31907586162878543,13.493533453705018,11.680514254674563,13.437358932508147,14.961335748803778,37.0,33.0,2500.0,1537.6791062626148,0.003236980210492839,-12.993533453705018,pass_halo_up,234.0,0.0
18.767852783203125,2566.6335470317717,149368.58469778032,0.31907586162878543,13.273875757513306,10.615388814468218,14.165446812251211,15.84666905626441,37.0,33.0,2500.0,1135.7710844480926,0.0031960010021624134,-12.773875757513306,pass_halo_down,234.0,0.0
37.53570556640625,2566.6335470317717,149368.58469778032,0.6381517232575709,12.56461985776787,11.006801289696591,12.328006593085522,15.189045322083068,37.0,33.0,2500.0,1400.6929745532789,0.0015968011039347607,-12.06461985776787,pass_ml_up,234.0,0.0
37.53570556640625,2566.6335470317717,149368.58469778032,0.2,12.5631722235195,10.999205436589413,12.33383448875915,15.18222746942649,37.0,33.0,2500.0,1403.171333297406,0.0016258344961932714,-12.0631722235195,pass_ml_down,234.0,0.0
35.19842700318035,2559.4465477872427,83087.03876600327,1.410089666249059,12.59261275935566,11.063574503907795,12.320095242748437,15.197042462186895,37.0,33.0,2500.0,1397.5457081474008,0.0018110814187599358,-12.09261275935566,pass_full,235.0,0.0
0.0,2559.4465477872427,83087.03876600327,1.410089666249059,45.5704878662401,64.60589452336428,18.205618249761812,16.448699565230076,37.0,33.0,2500.0,105.8154995107406,0.05434345475381951,-45.0704878662401,pass_bh_only,235.0,0.0
35.19842700318035,2559.4465477872427,0.0,1.410089666249059,12.588798821782941,11.034491574923747,12.3446523297713,15.211007083042016,37.0,33.0,2500.0,1400.6089146354454,0.0018986248707285609,-12.088798821782941,pass_halo_only,235.0,0.0
35.19842700318035,2559.4465477872427,166174.07753200654,1.410089666249059,12.61468338265917,11.103370147992045,12.320135307828822,15.179942621448596,37.0,33.0,2500.0,1392.8006345099136,0.001763562165750024,-12.11468338265917,pass_bh_up,235.0,0.0
35.19842700318035,2559.4465477872427,41543.519383001636,1.410089666249059,12.593168890926421,11.049133320741454,12.337213464969139,15.203169589728132,37.0,33.0,2500.0,1402.2597536543515,0.0018232697096591186,-12.093168890926421,pass_bh_down,235.0,0.0
70.3968540063607,2559.4465477872427,83087.03876600327,1.410089666249059,13.284744524881468,11.571853060141748,13.14036430745565,15.002553270895492,37.0,33.0,2500.0,1519.7200144700348,0.0025427087386904303,-12.784744524881468,pass_halo_up,235.0,0.0
17.599213501590175,2559.4465477872427,83087.03876600327,1.410089666249059,12.534196095832284,10.318300621767929,13.017112608976216,15.915103223302477,37.0,33.0,2500.0,1093.0729397708287,0.004263324038583278,-12.034196095832284,pass_halo_down,235.0,0.0
35.19842700318035,2559.4465477872427,83087.03876600327,2.0,12.59511544257247,11.056031376905416,12.333534316309793,15.197825826059276,37.0,33.0,2500.0,1401.9843581107953,0.0017367361877892514,-12.09511544257247,pass_ml_up,235.0,0.0
35.19842700318035,2559.4465477872427,83087.03876600327,0.7050448331245295,12.602740704312007,11.081609485995122,12.320053088819247,15.199583571737696,37.0,33.0,2500.0,1399.3841397719218,0.0018521259937305306,-12.102740704312007,pass_ml_down,235.0,0.0
39.783693935913135,2087.1772462580175,300000.0,0.2,33.16420689976366,11.027021346318536,53.50268970702808,15.249105238688047,37.0,33.0,2500.0,1377.6996312022538,0.0015029657289891013,-32.66420689976366,pass_full,236.0,0.0
0.0,2087.1772462580175,300000.0,0.2,12.634025433994061,11.795724365113427,11.552330672559545,16.176964939946124,37.0,33.0,2500.0,96.35953251866033,0.07915859510660461,-12.134025433994061,pass_bh_only,236.0,0.0
39.783693935913135,2087.1772462580175,0.0,0.2,33.14578116205545,10.998501572557148,53.49752825570013,15.258566072941253,37.0,33.0,2500.0,1380.4233961129332,0.0014695858386435325,-32.64578116205545,pass_halo_only,236.0,0.0
39.783693935913135,2087.1772462580175,600000.0,0.2,13.165510564856712,10.854699051508542,13.696738557265247,15.307459984974058,37.0,33.0,2500.0,1333.5413407210792,0.004220691968770435,-12.665510564856712,pass_bh_up,236.0,0.0
39.783693935913135,2087.1772462580175,150000.0,0.2,33.140812272373864,10.975881335656235,53.512917326843144,15.259728771570618,37.0,33.0,2500.0,1383.2544606931629,0.00148698069160944,-32.640812272373864,pass_bh_down,236.0,0.0
79.56738787182627,2087.1772462580175,300000.0,0.2,33.74859846391903,11.273956556060357,54.40116681588709,15.03260112014895,37.0,33.0,2500.0,1524.8024984339477,0.0015032805952540137,-33.24859846391903,pass_halo_up,236.0,0.0
19.891846967956567,2087.1772462580175,300000.0,0.2,11.404186223815541,9.924995521806478,11.19731889602475,15.939932896169484,37.0,33.0,2500.0,868.6942385697655,0.014499264884759546,-10.904186223815541,pass_halo_down,236.0,0.0
39.783693935913135,2087.1772462580175,300000.0,0.4,33.154908345939226,11.025057962946688,53.486378259602155,15.246323636088954,37.0,33.0,2500.0,1374.059753760494,0.0015281361787607179,-32.654908345939226,pass_ml_up,236.0,0.0
39.783693935913135,2087.1772462580175,300000.0,0.2,33.17533420575263,11.048484588221982,53.501066985407924,15.242917296999622,37.0,33.0,2500.0,1382.3063397953185,0.001513168235771793,-32.67533420575263,pass_ml_down,236.0,0.0
29.13933333098796,5000.0,227338.0555413316,0.35893799989786324,12.911257799478609,11.21495746080081,12.790879857932563,15.090553404183789,37.0,33.0,2500.0,1493.0695577083604,0.0015387551136989684,-12.411257799478609,pass_full,237.0,0.0
0.0,5000.0,227338.0555413316,0.35893799989786324,37.52323620602483,51.687923955460406,16.598801464168044,16.31995492805826,37.0,33.0,2500.0,102.07115330437591,0.06329186481645335,-37.02323620602483,pass_bh_only,237.0,0.0
29.13933333098796,5000.0,0.0,0.35893799989786324,12.909319588715892,11.182244497734203,12.824646427303133,15.058714338079781,37.0,33.0,2500.0,1499.9545824565103,0.0016141105553096361,-12.409319588715892,pass_halo_only,237.0,0.0
29.13933333098796,5000.0,454676.1110826632,0.35893799989786324,12.908656450992636,11.196047596992287,12.80717543860745,15.08077520275345,37.0,33.0,2500.0,1493.8424673851816,0.0015381279460525447,-12.408656450992636,pass_bh_up,237.0,0.0
29.13933333098796,5000.0,113669.0277706658,0.35893799989786324,12.910688932135555,11.146663835169303,12.866171408455052,15.0952511406657,37.0,33.0,2500.0,1490.3999678480054,0.0017763634354584963,-12.410688932135555,pass_bh_down,237.0,0.0
58.27866666197592,5000.0,227338.0555413316,0.35893799989786324,13.617706495663167,11.84536645307233,13.503716962671959,14.867410181918283,37.0,33.0,2500.0,1456.442580273942,0.0022380173366515497,-13.117706495663167,pass_halo_up,237.0,0.0
14.56966666549398,5000.0,227338.0555413316,0.35893799989786324,13.254839646554354,11.02006695719594,13.68884826112086,15.344946639348374,37.0,33.0,2500.0,1307.9192021124866,0.0039344081906608685,-12.754839646554354,pass_halo_down,237.0,0.0
29.13933333098796,5000.0,227338.0555413316,0.7178759997957265,12.922309331041646,11.213312480416247,12.814067064143812,15.1156409566018,37.0,33.0,2500.0,1483.661889035707,0.0016067884133554016,-12.422309331041646,pass_ml_up,237.0,0.0
29.13933333098796,5000.0,227338.0555413316,0.2,12.942842392085419,11.203831819892823,12.865852961595483,15.11267280895254,37.0,33.0,2500.0,1478.8990194118915,0.0018811846873208768,-12.442842392085419,pass_ml_down,237.0,0.0
30.915549744097238,3907.9351853969033,984816.8568888139,0.8512811241300009,12.540487917409957,11.014505793616964,12.270676357036805,15.203168403015091,37.0,33.0,2500.0,1398.9061770799851,0.0035785066137528714,-12.040487917409957,pass_full,238.0,0.0
0.0,3907.9351853969033,984816.8568888139,0.8512811241300009,30.90173388334523,40.13567710916671,16.304318801502284,16.45186281204105,37.0,33.0,2500.0,106.84782937263489,0.06509182577841052,-30.40173388334523,pass_bh_only,238.0,0.0
30.915549744097238,3907.9351853969033,0.0,0.8512811241300009,12.602256805828715,11.018938400613534,12.390782320150795,15.152411797018427,37.0,33.0,2500.0,1438.1300854818983,0.0021552828619153474,-12.102256805828715,pass_halo_only,238.0,0.0
30.915549744097238,3907.9351853969033,1500000.0,0.8512811241300009,12.600031983652366,10.971832912746084,12.437279895680065,15.214056592008774,37.0,33.0,2500.0,1405.6749617906655,0.0031078453703491994,-12.100031983652366,pass_bh_up,238.0,0.0
30.915549744097238,3907.9351853969033,492408.42844440695,0.8512811241300009,12.614407240533511,11.112485702578212,12.310637794921266,15.137859647416096,37.0,33.0,2500.0,1402.3633241282323,0.0021568904609382826,-12.114407240533511,pass_bh_down,238.0,0.0
61.831099488194475,3907.9351853969033,984816.8568888139,0.8512811241300009,13.688332159387711,11.890948230542858,13.591077158110117,14.959291771869076,37.0,33.0,2500.0,1512.5881434347366,0.003305447688320461,-13.188332159387711,pass_halo_up,238.0,0.0
15.457774872048619,3907.9351853969033,984816.8568888139,0.8512811241300009,15.554206754303921,10.913162748288844,18.40093487197565,15.559773322174825,37.0,33.0,2500.0,1271.4251955054951,0.0037868808134819305,-15.054206754303921,pass_halo_down,238.0,0.0
30.915549744097238,3907.9351853969033,984816.8568888139,1.7025622482600018,10.651051060715487,9.805259029686685,9.847738117866674,15.19942801921456,37.0,33.0,2500.0,805.8734016453609,0.024528606758309406,-10.151051060715487,pass_ml_up,238.0,0.0
30.915549744097238,3907.9351853969033,984816.8568888139,0.42564056206500045,12.617508749278501,11.031367843623809,12.404926286100599,15.232399796980703,37.0,33.0,2500.0,1420.047449945939,0.002344184211997558,-12.117508749278501,pass_ml_down,238.0,0.0
38.51676368713379,3449.512745796947,78825.40057895449,0.5455617761718681,12.733831861669657,11.04992113653503,12.62003638704376,15.124620045957194,37.0,33.0,2500.0,1457.3360356623352,0.0019536296096800405,-12.233831861669657,pass_full,239.0,0.0
0.0,3449.512745796947,78825.40057895449,0.5455617761718681,63.44830633401179,84.8109473152496,31.31019513939542,16.34672778049293,37.0,33.0,2500.0,103.8157499054446,0.05536917792287127,-62.94830633401179,pass_bh_only,239.0,0.0
38.51676368713379,3449.512745796947,0.0,0.5455617761718681,12.726640352248733,11.047770452558558,12.608157090969732,15.121572501748668,37.0,33.0,2500.0,1462.9925305528138,0.0019124035535523856,-12.226640352248733,pass_halo_only,239.0,0.0
38.51676368713379,3449.512745796947,157650.80115790898,0.5455617761718681,12.732735936609405,11.094964225123851,12.567271147059637,15.126947633670682,37.0,33.0,2500.0,1453.3015772606414,0.0017370624404842723,-12.232735936609405,pass_bh_up,239.0,0.0
38.51676368713379,3449.512745796947,39412.700289477245,0.5455617761718681,12.708037785384738,11.023021365243753,12.59847778375705,15.128936457391449,37.0,33.0,2500.0,1460.0457168095745,0.0018332038977158446,-12.208037785384738,pass_bh_down,239.0,0.0
77.03352737426758,3449.512745796947,78825.40057895449,0.5455617761718681,13.773865085961297,11.931260281716902,13.716737429126345,14.966130088751015,37.0,33.0,2500.0,1514.9443514518782,0.0033038165269421104,-13.273865085961297,pass_halo_up,239.0,0.0
19.258381843566895,3449.512745796947,78825.40057895449,0.5455617761718681,12.536700958880171,10.708786239088548,12.598751298435412,15.43837959144643,37.0,33.0,2500.0,1270.24844473129,0.003747129336487136,-12.036700958880171,pass_halo_down,239.0,0.0
38.51676368713379,3449.512745796947,78825.40057895449,1.0911235523437361,12.723956030968665,11.04912698645529,12.600369084610355,15.151219752944687,37.0,33.0,2500.0,1454.9996404911496,0.0018838915909987005,-12.223956030968665,pass_ml_up,239.0,0.0
