ra,dec,vlos,vlos_err,src,id,ruwe,parallax,parallax_err,pmra,pmra_err,pmdec,pmdec_err,x_pc,y_pc,r_pc,has_vlos,preprocess_mode
151.61012883919,15.82710935256,76.1500015258789,0.91,Walker+2023 (hectocat),,,,,,,,,-60.392098782113564,-102.27952112567019,118.77839044626332,True,dwarf
151.59115635533,15.88426362949,-11.680000305175781,0.51,Walker+2023 (hectocat),,,,,,,,,-67.71010111080761,-79.33632390309143,104.30201380075087,True,dwarf
151.65385175362,15.89033877701,41.119998931884766,0.39,Walker+2023 (hectocat),,,,,,,,,-43.5274440549112,-76.89760338741958,88.36220794368091,True,dwarf
151.58928992956,15.87448716036,102.98999786376953,0.74,Walker+2023 (hectocat),,,,,,,,,-68.43001254845119,-83.26085014046758,107.77307541076568,True,dwarf
151.65290531813,15.90362158914,-8.220000267028809,2.66,Walker+2023 (hectocat),,,,,,,,,-43.89249995222312,-71.5655408587953,83.95342869989175,True,dwarf
151.62894877411,15.92875839298,,,Walker+2023 (hectocat),,,,,,,,,-53.13293711477571,-61.47498107876886,81.25442944897034,False,dwarf
151.61552446999,15.90239071196,305.760009765625,1.54,Walker+2023 (hectocat),,,,,,,,,-58.31091431250902,-72.05964662680475,92.69711645968682,True,dwarf
151.70590628701,15.94268969919,,,Walker+2023 (hectocat),,,,,,,,,-23.449145431556897,-55.882596342003986,60.603027939152206,False,dwarf
151.62620144816,15.95285782557,,,Walker+2023 (hectocat),,,,,,,,,-54.19262639153183,-51.80084880793617,74.96778436391737,False,dwarf
151.55379554258,15.94533275244,-21.6200008392334,0.44,Walker+2023 (hectocat),,,,,,,,,-82.12078748821824,-54.82160676708908,98.73820084552102,True,dwarf
151.6857485728,15.99828959016,219.0,3.53,Walker+2023 (hectocat),,,,,,,,,-31.224310803609846,-33.56336963494771,45.84165536291809,True,dwarf
151.5143375,16.0227775,,,Walker+2023 (hectocat),,,,,,,,,-97.34041026492689,-23.733292601239185,100.1919390382296,False,dwarf
151.65108337023,16.02831250037,,,Walker+2023 (hectocat),,,,,,,,,-44.595255536223185,-21.511401048460165,49.512394321106484,False,dwarf
151.50665976152,16.06498600326,,,Walker+2023 (hectocat),,,,,,,,,-100.30184159307203,-6.789713454046275,100.53138632163476,False,dwarf
151.55937675443,16.07352483617,-62.279998779296875,3.78,Walker+2023 (hectocat),,,,,,,,,-79.96802132345267,-3.3620062372304305,80.03866265953822,True,dwarf
151.47198529722,16.1087950016,,,Walker+2023 (hectocat),,,,,,,,,-113.67635872886414,10.796345595729562,114.18789608393631,False,dwarf
151.50067868837,16.08846694276,252.72000122070312,2.52,Walker+2023 (hectocat),,,,,,,,,-102.60884090655009,2.6361397778958406,102.64269806037987,True,dwarf
151.55479583333,16.16722305556,,,Walker+2023 (hectocat),,,,,,,,,-81.73495872209762,34.25086968983299,88.62124774461778,False,dwarf
151.56194005882,16.14964365812,36.81999969482422,0.86,Walker+2023 (hectocat),,,,,,,,,-78.97931222064585,27.194047275405474,83.52992257905694,True,dwarf
151.58733328026,16.11391039051,66.91999816894531,2.01,Walker+2023 (hectocat),,,,,,,,,-69.18472470103895,12.849794312718599,70.3679141785354,True,dwarf
151.68561276946,16.02483384774,,,Walker+2023 (hectocat),,,,,,,,,-31.27669240877367,-22.907821712774112,38.76854115977651,False,dwarf
151.59316963406,16.08117955988,210.52999877929688,1.36,Walker+2023 (hectocat),,,,,,,,,-66.93354604596026,-0.2892031996222233,66.93417083058065,True,dwarf
151.62573740555,16.18858265492,-34.209999084472656,0.47,Walker+2023 (hectocat),,,,,,,,,-54.371615338135925,42.825162411826824,69.21175543271217,True,dwarf
151.62735266478,16.09924160452,174.52999877929688,0.5,Walker+2023 (hectocat),,,,,,,,,-53.74858300910992,6.961366218411758,54.19751650319435,True,dwarf
151.57500531349,16.20578821062,143.63999938964844,0.98,Walker+2023 (hectocat),,,,,,,,,-73.93982636282861,49.73191513363317,89.10870499240878,True,dwarf
151.65503533502,16.1057927419,,,Walker+2023 (hectocat),,,,,,,,,-43.07091703898098,9.59116131013621,44.12589115084064,False,dwarf
151.66956991292,16.11054366534,,,Walker+2023 (hectocat),,,,,,,,,-37.46468879264196,11.498304210514675,39.18946167079935,False,dwarf
151.70726145959,16.19212628674,,,Walker+2023 (hectocat),,,,,,,,,-22.926432845827907,44.24766739478703,49.83450002672803,False,dwarf
151.71538706614,16.03484385427,,,Walker+2023 (hectocat),,,,,,,,,-19.79225135995119,-18.889547554595985,27.35960929386297,False,dwarf
151.70213808038,16.16615046135,308.67999267578125,1.65,Walker+2023 (hectocat),,,,,,,,,-24.902605352617947,33.82030277827969,41.99943610767588,True,dwarf
151.66114218045,16.16176894848,77.62000274658203,0.43,Walker+2023 (hectocat),,,,,,,,,-40.71540526689255,32.06145078487827,51.823554996531,True,dwarf
151.65652009957,16.29577152148,-28.600000381469727,0.89,Walker+2023 (hectocat),,,,,,,,,-42.49821867672148,85.85353119974143,95.79628077414807,True,dwarf
151.61557821756,16.28288992216,,,Walker+2023 (hectocat),,,,,,,,,-58.29018298153046,80.68252581543878,99.53600054241303,False,dwarf
151.66819118742,16.17629971714,179.5500030517578,1.07,Walker+2023 (hectocat),,,,,,,,,-37.99648613104364,37.89447517201966,53.66306184769376,True,dwarf
151.78556755822,16.33610200623,188.92999267578125,3.69,Walker+2023 (hectocat),,,,,,,,,7.277530765609982,102.04322539943756,102.30240614943922,True,dwarf
151.72102694951,16.16289624996,,,Walker+2023 (hectocat),,,,,,,,,-17.616854614878296,32.51397860211669,36.97989144198047,False,dwarf
151.71555890479,16.29980296169,,,Walker+2023 (hectocat),,,,,,,,,-19.725970336869253,87.4718550207622,89.66849684534859,False,dwarf
151.75512691424,16.37403222382,147.69000244140625,0.93,Walker+2023 (hectocat),,,,,,,,,-4.463931510852705,117.26939060713454,117.35432100226339,True,dwarf
151.71611243286,16.36796651228,15.210000038146973,2.05,Walker+2023 (hectocat),,,,,,,,,-19.51246536117738,114.83445793660357,116.48042339408251,True,dwarf
151.7459061894,16.16657965771,-16.969999313354492,1.69,Walker+2023 (hectocat),,,,,,,,,-8.020518320963534,33.99259323952919,34.9259947501141,True,dwarf
151.74071917323,16.12663356052,83.41000366210938,0.35,Walker+2023 (hectocat),,,,,,,,,-10.021236660803604,17.957202095924497,20.564199262935315,True,dwarf
151.73979651345,16.29305123265,-18.649999618530273,1.02,Walker+2023 (hectocat),,,,,,,,,-10.377121871649754,84.76153727590146,85.39439595027946,True,dwarf
151.84256726292,16.26786812433,118.41999816894531,1.44,Walker+2023 (hectocat),,,,,,,,,29.263264147065247,74.65238968628351,80.18302759570534,True,dwarf
151.7635802243,16.04288678524,,,Walker+2023 (hectocat),,,,,,,,,-1.2033493350650946,-15.660908135041785,15.707071440482455,False,dwarf
151.7975375,16.15055472222,,,Walker+2023 (hectocat),,,,,,,,,11.894536238739411,27.559771844965276,30.017012117817885,False,dwarf
151.77331046489,16.07278452519,,,Walker+2023 (hectocat),,,,,,,,,2.549766167457057,-3.6591861112951762,4.459927186154967,False,dwarf
151.78470511259,16.15830347198,-20.520000457763672,0.35,Walker+2023 (hectocat),,,,,,,,,6.944871153113148,30.67031935814257,31.44677606470651,True,dwarf
151.78188009941,16.04532064159,-38.58000183105469,0.42,Walker+2023 (hectocat),,,,,,,,,5.855216620668606,-14.683895577997653,15.808236809350147,True,dwarf
151.82234065512,16.0654494669,297.57000732421875,1.31,Walker+2023 (hectocat),,,,,,,,,21.461525372403347,-6.603667224977627,22.45452052769233,True,dwarf
151.86691666667,16.21722222222,,,Walker+2023 (hectocat),,,,,,,,,38.65523383642205,54.321821563651284,66.67148866600803,False,dwarf
151.93655218706,16.26161443506,,,Walker+2023 (hectocat),,,,,,,,,65.51481132425937,72.14199791864596,97.45079972246108,False,dwarf
151.81459919883,16.09781142043,284.8999938964844,2.41,Walker+2023 (hectocat),,,,,,,,,18.475517026007672,6.387253528967907,19.548445897861352,True,dwarf
151.95055390597,16.29287817301,58.099998474121094,1.36,Walker+2023 (hectocat),,,,,,,,,70.91550700255587,84.69206668393437,110.46155572245729,True,dwarf
151.78261499262,16.00726287607,,,Walker+2023 (hectocat),,,,,,,,,6.138677144965937,-29.961261806343288,30.5836650210267,False,dwarf
151.94653916719,16.14385384565,-57.36000061035156,0.41,Walker+2023 (hectocat),,,,,,,,,69.366955534126,24.869867589890625,73.6904663712485,True,dwarf
151.94127061037,16.20575787926,,,Walker+2023 (hectocat),,,,,,,,,67.3347856104514,49.719739345364054,83.70200615144417,False,dwarf
151.93714191389,16.15045998066,26.950000762939453,1.78,Walker+2023 (hectocat),,,,,,,,,65.74227876327141,27.52174014527309,71.27056473476006,True,dwarf
151.95095309058,16.20241401155,-34.529998779296875,1.03,Walker+2023 (hectocat),,,,,,,,,71.06947914068753,48.37742481568091,85.9723565870186,True,dwarf
151.81074756716,16.03181163619,195.22000122070312,0.57,Walker+2023 (hectocat),,,,,,,,,16.989878680591893,-20.10675790468941,26.323709674341515,True,dwarf
151.98647251989,16.14530066467,,,Walker+2023 (hectocat),,,,,,,,,84.76991332330422,25.450657968218938,88.50804593852345,False,dwarf
151.83527335598,16.03425912578,25.329999923706055,0.46,Walker+2023 (hectocat),,,,,,,,,26.44988302279033,-19.124272614352734,32.6394564131723,True,dwarf
151.91985498408,16.06063397467,,,Walker+2023 (hectocat),,,,,,,,,59.07442264389263,-8.536729698883082,59.6880487590359,False,dwarf
151.94660841928,16.09597265121,297.510009765625,1.94,Walker+2023 (hectocat),,,,,,,,,69.39366721614755,5.649124256282889,69.62322640159931,True,dwarf
151.87162759677,15.98599541882,,,Walker+2023 (hectocat),,,,,,,,,40.47231786699094,-38.498566314756346,55.858286062306334,False,dwarf
151.91720357426,16.05269895635,299.8999938964844,1.35,Walker+2023 (hectocat),,,,,,,,,58.05172981250568,-11.722050204356016,59.223388920405455,True,dwarf
151.99202341599,16.03309812315,217.88999938964844,2.58,Walker+2023 (hectocat),,,,,,,,,86.91098619947108,-19.59032894026186,89.09152883497013,True,dwarf
152.06379268699,16.06403701245,205.74000549316406,1.11,Walker+2023 (hectocat),,,,,,,,,114.5935867584184,-7.170662780776493,114.81771871481673,True,dwarf
151.98829583333,16.05611027778,,,Walker+2023 (hectocat),,,,,,,,,85.4731956187795,-10.352658016017147,86.0978785875863,False,dwarf
151.91508440595,15.9882422789,,,Walker+2023 (hectocat),,,,,,,,,57.234331376869164,-37.5966188715211,68.47827713025268,False,dwarf
151.9411491339,15.98358647992,132.07000732421875,2.64,Walker+2023 (hectocat),,,,,,,,,67.28793011715902,-39.46557636629616,78.00767434923073,True,dwarf
152.01745851675,15.95617384346,10.75,1.01,Walker+2023 (hectocat),,,,,,,,,96.72172726880395,-50.46971391251842,109.09759185368094,True,dwarf
151.91798217746,15.9705320558,,,Walker+2023 (hectocat),,,,,,,,,58.35205000637156,-44.7059580717486,73.50907717458458,False,dwarf
151.96981255938,15.96082658713,-2.119999885559082,1.49,Walker+2023 (hectocat),,,,,,,,,78.34388968254441,-48.60198289778334,92.19499873738874,True,dwarf
151.85520928729,15.928953377,,,Walker+2023 (hectocat),,,,,,,,,34.13950304449853,-61.396709476599696,70.2499936133756,False,dwarf
151.77616098977,15.97008074482,,,Walker+2023 (hectocat),,,,,,,,,3.6492609865807,-44.88712591043165,45.03522152989951,False,dwarf
151.82900494492,15.94211963507,,,Walker+2023 (hectocat),,,,,,,,,24.03205270216077,-56.11143474635821,61.04123742499204,False,dwarf
151.855375,15.94499972222,,,Walker+2023 (hectocat),,,,,,,,,34.2034211907293,-54.95529366558438,64.72988740157864,False,dwarf
151.94179394222,15.92324487127,-126.98999786376953,0.56,Walker+2023 (hectocat),,,,,,,,,67.53664340225322,-63.68825054482152,92.82990606212564,True,dwarf
151.99262643744,15.92372138392,-8.0,0.32,Walker+2023 (hectocat),,,,,,,,,87.14358159436912,-63.496966107414124,107.82332084452123,True,dwarf
151.86629290351,15.91374764357,,,Walker+2023 (hectocat),,,,,,,,,38.414638019275976,-67.50068208788407,77.66612193538182,False,dwarf
151.84068533712,15.90680327707,,,Walker+2023 (hectocat),,,,,,,,,28.537374090256804,-70.28832946535718,75.86060228470282,False,dwarf
151.88726194804,15.83815997217,-7.889999866485596,1.68,Walker+2023 (hectocat),,,,,,,,,46.50274697926683,-97.84351810433145,108.33217209882919,True,dwarf
151.84391661345,15.89263408006,-12.350000381469727,0.94,Walker+2023 (hectocat),,,,,,,,,29.783731071352758,-75.9762096896877,81.60548434598044,True,dwarf
151.85291384386,15.84406262151,45.88999938964844,0.38,Walker+2023 (hectocat),,,,,,,,,33.25411236555062,-95.47404279613725,101.09959859989215,True,dwarf
151.87285555944,15.80448017994,163.88999938964844,0.42,Walker+2023 (hectocat),,,,,,,,,40.94596347633529,-111.36345321775653,118.65239415026075,True,dwarf
151.78166970566,15.90727426704,-23.100000381469727,1.18,Walker+2023 (hectocat),,,,,,,,,5.774064254762157,-70.0992619737893,70.33666431732503,True,dwarf
151.76789684535,15.94460119947,128.2899932861328,1.48,Walker+2023 (hectocat),,,,,,,,,0.46164314189251804,-55.11527095061125,55.117204268265894,True,dwarf
151.75066019695,15.84799016188,,,Walker+2023 (hectocat),,,,,,,,,-6.186818602021311,-93.89742704402154,94.10102831479401,False,dwarf
151.76026751203,15.84867030945,208.1699981689453,0.56,Walker+2023 (hectocat),,,,,,,,,-2.48111751160158,-93.6243983106162,93.65726828779115,True,dwarf
151.71583083899,15.82821707376,298.92999267578125,1.38,Walker+2023 (hectocat),,,,,,,,,-19.621080796650272,-101.8348533365856,103.70787899534238,True,dwarf
151.74558974619,15.9144771104,137.63999938964844,0.64,Walker+2023 (hectocat),,,,,,,,,-8.142575726030435,-67.20785533462909,67.69931578778748,True,dwarf
151.72487792599,15.81574920838,-72.12000274658203,0.57,Walker+2023 (hectocat),,,,,,,,,-16.131468987120346,-106.83977527284245,108.05073748954193,True,dwarf
151.74502051797,15.926830585,103.38999938964844,3.14,Walker+2023 (hectocat),,,,,,,,,-8.362136510493757,-62.24885280050479,62.808001098578565,True,dwarf
151.65385175362,15.89033877701,41.119998931884766,0.39,Walker+2023 (hectocat),,,,,,,,,-43.5274440549112,-76.89760338741958,88.36220794368091,True,dwarf
151.61012883919,15.82710935256,76.1500015258789,0.91,Walker+2023 (hectocat),,,,,,,,,-60.392098782113564,-102.27952112567019,118.77839044626332,True,dwarf
151.62894877411,15.92875839298,,,Walker+2023 (hectocat),,,,,,,,,-53.13293711477571,-61.47498107876886,81.25442944897034,False,dwarf
151.51309996559,15.96116323961,-1.0099999904632568,0.44,Walker+2023 (hectocat),,,,,,,,,-97.81774785346423,-48.46684193093137,109.16660002895479,True,dwarf
151.70590628701,15.94268969919,,,Walker+2023 (hectocat),,,,,,,,,-23.449145431556897,-55.882596342003986,60.603027939152206,False,dwarf
151.54421808304,15.97518032076,-13.449999809265137,0.41,Walker+2023 (hectocat),,,,,,,,,-85.81497280068582,-42.84002492643629,95.91390562624447,True,dwarf
151.48899379246,15.99182929784,,,Walker+2023 (hectocat),,,,,,,,,-107.11589945043345,-36.15669718232978,113.05362739076558,False,dwarf
151.48069256673,16.02576136997,5.210000038146973,0.4,Walker+2023 (hectocat),,,,,,,,,-110.31782017265655,-22.535490426398297,112.59604689510586,True,dwarf
151.66754778375,15.97394031118,,,Walker+2023 (hectocat),,,,,,,,,-38.24465761930195,-43.33779667476395,57.799813641921126,False,dwarf
151.59787793624,16.0090449845,-68.05000305175781,2.13,Walker+2023 (hectocat),,,,,,,,,-65.11747564780808,-29.245877632529726,71.3835204598357,True,dwarf
151.55937675443,16.07352483617,-62.279998779296875,3.78,Walker+2023 (hectocat),,,,,,,,,-79.96802132345267,-3.3620062372304305,80.03866265953822,True,dwarf
151.66857392574,16.04391457409,,,Walker+2023 (hectocat),,,,,,,,,-37.84885760029592,-15.248327247743775,40.80499363437965,False,dwarf
151.59344431517,16.06142054839,,,Walker+2023 (hectocat),,,,,,,,,-66.82759697690572,-8.220978770739185,67.33136126395101,False,dwarf
151.47107916667,16.15333361111,,,Walker+2023 (hectocat),,,,,,,,,-114.02586834098555,28.675289340549693,117.57623428941758,False,dwarf
151.65108337023,16.02831250037,,,Walker+2023 (hectocat),,,,,,,,,-44.595255536223185,-21.511401048460165,49.512394321106484,False,dwarf
151.68112421514,16.10123849769,,,Walker+2023 (hectocat),,,,,,,,,-33.00800240532974,7.762970512835365,33.90858201065632,False,dwarf
151.51831455121,16.19207331933,,,Walker+2023 (hectocat),,,,,,,,,-95.80639551857197,44.226404913670635,105.52175279935885,False,dwarf
151.53299752046,16.18965750477,,,Walker+2023 (hectocat),,,,,,,,,-90.14293026243939,43.25663479530939,99.98442043695499,False,dwarf
151.70723472929,16.04640236923,84.31999969482422,0.79,Walker+2023 (hectocat),,,,,,,,,-22.936743166773226,-14.249662272656227,27.002723232727483,True,dwarf
151.7044125,16.02000055556,,,Walker+2023 (hectocat),,,,,,,,,-24.025323906589932,-24.848029544566273,34.56357564061045,False,dwarf
151.57500531349,16.20578821062,143.63999938964844,0.98,Walker+2023 (hectocat),,,,,,,,,-73.93982636282861,49.73191513363317,89.10870499240878,True,dwarf
151.63265396656,16.10729459679,,,Walker+2023 (hectocat),,,,,,,,,-51.703782810174545,10.194044502642274,52.69914325872435,False,dwarf
151.65039856978,16.1079658047,,,Walker+2023 (hectocat),,,,,,,,,-44.85939445048418,10.463484626525965,46.06354069102457,False,dwarf
151.71269331021,16.07366961108,,,Walker+2023 (hectocat),,,,,,,,,-20.83127778971921,-3.303889863595144,21.091652912543758,False,dwarf
151.71488217283,16.14658893415,,,Walker+2023 (hectocat),,,,,,,,,-19.986997100458918,25.967802482034507,32.768991727541916,False,dwarf
151.68500959476,16.22377797911,-36.11000061035156,0.4,Walker+2023 (hectocat),,,,,,,,,-31.509346914729647,56.95347104553999,65.08868417112106,True,dwarf
151.61888946484,16.27599696815,-44.38999938964844,0.42,Walker+2023 (hectocat),,,,,,,,,-57.0129798759736,77.91551673418844,96.54691927914516,True,dwarf
151.70635056808,16.14656307043,,,Walker+2023 (hectocat),,,,,,,,,-23.27777883934879,25.957420119405327,34.866067271043676,False,dwarf
151.73778333333,16.03111083333,,,Walker+2023 (hectocat),,,,,,,,,-11.153638900993569,-20.38807820292121,23.239565261471395,False,dwarf
151.7392346421,16.04999318483,,,Walker+2023 (hectocat),,,,,,,,,-10.593844989083133,-12.80821650646108,16.621671448115674,False,dwarf
151.74367761315,16.34600987659,,,Walker+2023 (hectocat),,,,,,,,,-8.880117217320617,106.02049947122133,106.391742113383,False,dwarf
151.70726145959,16.19212628674,,,Walker+2023 (hectocat),,,,,,,,,-22.926432845827907,44.24766739478703,49.83450002672803,False,dwarf
151.73979651345,16.29305123265,-18.649999618530273,1.02,Walker+2023 (hectocat),,,,,,,,,-10.377121871649754,84.76153727590146,85.39439595027946,True,dwarf
151.74623688221,16.07693573276,,,Walker+2023 (hectocat),,,,,,,,,-7.892964608347736,-1.9927845905988728,8.140643754222282,False,dwarf
151.7271756539,16.37828323469,,,Walker+2023 (hectocat),,,,,,,,,-15.245197146274986,118.97585574018449,119.94861518641214,False,dwarf
151.71567294248,16.35624592763,,,Walker+2023 (hectocat),,,,,,,,,-19.681984104633578,110.12951371137552,111.87443983591201,False,dwarf
151.74071917323,16.12663356052,83.41000366210938,0.35,Walker+2023 (hectocat),,,,,,,,,-10.021236660803604,17.957202095924497,20.564199262935315,True,dwarf
151.7635802243,16.04288678524,,,Walker+2023 (hectocat),,,,,,,,,-1.2033493350650946,-15.660908135041785,15.707071440482455,False,dwarf
151.76924536559,16.13684160411,,,Walker+2023 (hectocat),,,,,,,,,0.981789809525331,22.054973425074063,22.076815078511913,False,dwarf
151.87498839503,16.33661309032,61.68000030517578,0.45,Walker+2023 (hectocat),,,,,,,,,41.7686336090108,102.24838770231482,110.4506746981958,True,dwarf
151.79483531852,16.29263312972,-5.119999885559082,0.57,Walker+2023 (hectocat),,,,,,,,,10.85225993432036,84.59370000286454,85.28696046792088,True,dwarf
151.83775,16.20888888889,,,Walker+2023 (hectocat),,,,,,,,,27.405165780677432,50.976607165334585,57.876226462644006,False,dwarf
151.78470511259,16.15830347198,-20.520000457763672,0.35,Walker+2023 (hectocat),,,,,,,,,6.944871153113148,30.67031935814257,31.44677606470651,True,dwarf
151.80500914718,16.11045681133,,,Walker+2023 (hectocat),,,,,,,,,14.776474727437032,11.463438776323276,18.701728100608708,False,dwarf
151.76908448159,16.02523194946,,,Walker+2023 (hectocat),,,,,,,,,0.9197341769999985,-22.74801344002031,22.766598920868404,False,dwarf
151.81555,16.21999944444,,,Walker+2023 (hectocat),,,,,,,,,18.84225683865491,55.436670015018066,58.55130250581827,False,dwarf
151.83554141715,16.05447133848,-32.72999954223633,0.45,Walker+2023 (hectocat),,,,,,,,,26.553278670978973,-11.01057041759973,28.745595646978497,True,dwarf
151.84702863263,16.22059868346,,,Walker+2023 (hectocat),,,,,,,,,30.984088587759526,55.67721997484282,63.71786695850047,False,dwarf
151.95055390597,16.29287817301,58.099998474121094,1.36,Walker+2023 (hectocat),,,,,,,,,70.91550700255587,84.69206668393437,110.46155572245729,True,dwarf
151.89457303622,16.33681435098,,,Walker+2023 (hectocat),,,,,,,,,49.32275519334741,102.32917890926419,113.59575272036837,False,dwarf
151.83904573371,16.0913714621,73.23999786376953,1.29,Walker+2023 (hectocat),,,,,,,,,27.904951806437257,3.8020885683247574,28.16278062977752,True,dwarf
151.77616098977,15.97008074482,,,Walker+2023 (hectocat),,,,,,,,,3.6492609865807,-44.88712591043165,45.03522152989951,False,dwarf
151.78261499262,16.00726287607,,,Walker+2023 (hectocat),,,,,,,,,6.138677144965937,-29.961261806343288,30.5836650210267,False,dwarf
151.81580732518,16.09561387892,,,Walker+2023 (hectocat),,,,,,,,,18.94151143706503,5.505103828597646,19.725288937911806,False,dwarf
151.91554166667,16.08666611111,,,Walker+2023 (hectocat),,,,,,,,,57.41070443579023,1.913239621862406,57.442575409397584,False,dwarf
151.98124487501,16.15802848014,-13.989999771118164,0.4,Walker+2023 (hectocat),,,,,,,,,82.7535238148103,30.559930558587745,88.215956943821,True,dwarf
151.89286111688,16.11694394763,-5.920000076293945,0.4,Walker+2023 (hectocat),,,,,,,,,48.662439453498926,14.067542187918392,50.65499735242627,True,dwarf
152.00340661345,16.19079666228,71.55999755859375,0.41,Walker+2023 (hectocat),,,,,,,,,91.30167463727722,43.71392192802026,101.22698633220432,True,dwarf
151.99333333333,16.23111138889,,,Walker+2023 (hectocat),,,,,,,,,87.41624308705579,59.89729040489616,105.96832051751927,False,dwarf
151.94653916719,16.14385384565,-57.36000061035156,0.41,Walker+2023 (hectocat),,,,,,,,,69.366955534126,24.869867589890625,73.6904663712485,True,dwarf
152.04261726731,16.1922409352,16.329999923706055,0.57,Walker+2023 (hectocat),,,,,,,,,106.42587547332677,44.29369023630264,115.27531377104809,True,dwarf
152.00124344167,16.08671827611,50.86000061035156,0.4,Walker+2023 (hectocat),,,,,,,,,90.4673033319553,1.934179994961538,90.48797723680711,True,dwarf
151.94660841928,16.09597265121,297.510009765625,1.94,Walker+2023 (hectocat),,,,,,,,,69.39366721614755,5.649124256282889,69.62322640159931,True,dwarf
151.96703047077,16.07637185512,,,Walker+2023 (hectocat),,,,,,,,,77.27079187011581,-2.2191395827156346,77.30265103295184,False,dwarf
152.02120380833,16.12047829305,,,Walker+2023 (hectocat),,,,,,,,,98.16634847424689,15.486319370998647,99.38037059916734,False,dwarf
151.91985498408,16.06063397467,,,Walker+2023 (hectocat),,,,,,,,,59.07442264389263,-8.536729698883082,59.6880487590359,False,dwarf
151.94731566048,16.0673587749,,,Walker+2023 (hectocat),,,,,,,,,69.66646190062912,-5.83722187117941,69.9105791202246,False,dwarf
151.91798217746,15.9705320558,,,Walker+2023 (hectocat),,,,,,,,,58.35205000637156,-44.7059580717486,73.50907717458458,False,dwarf
151.9411491339,15.98358647992,132.07000732421875,2.64,Walker+2023 (hectocat),,,,,,,,,67.28793011715902,-39.46557636629616,78.00767434923073,True,dwarf
152.02706697583,16.07351404242,128.0,0.9,Walker+2023 (hectocat),,,,,,,,,100.42786961903536,-3.366339126182949,100.48427357218858,True,dwarf
151.79562862263,15.9606057908,,,Walker+2023 (hectocat),,,,,,,,,11.158250513471943,-48.69061622528403,49.95280435490373,False,dwarf
151.90209706801,16.0058042937,46.279998779296875,0.4,Walker+2023 (hectocat),,,,,,,,,52.22489929670309,-30.54677429600927,60.50244231799334,True,dwarf
151.96667461096,15.93972028075,43.93000030517578,0.42,Walker+2023 (hectocat),,,,,,,,,77.13353082736603,-57.07459730089426,95.95358896339143,True,dwarf
152.01745851675,15.95617384346,10.75,1.01,Walker+2023 (hectocat),,,,,,,,,96.72172726880395,-50.46971391251842,109.09759185368094,True,dwarf
151.96981255938,15.96082658713,-2.119999885559082,1.49,Walker+2023 (hectocat),,,,,,,,,78.34388968254441,-48.60198289778334,92.19499873738874,True,dwarf
152.04887916667,15.99777805556,,,Walker+2023 (hectocat),,,,,,,,,108.84119412304779,-33.76871278412913,113.95934143907633,False,dwarf
151.88718499709,15.95791955912,99.11000061035156,0.41,Walker+2023 (hectocat),,,,,,,,,46.47306571900564,-49.768938732893844,68.09326765489786,True,dwarf
151.99262643744,15.92372138392,-8.0,0.32,Walker+2023 (hectocat),,,,,,,,,87.14358159436912,-63.496966107414124,107.82332084452123,True,dwarf
151.81100335618,15.95320483113,1.0499999523162842,0.4,Walker+2023 (hectocat),,,,,,,,,17.08854075656084,-51.661551848407925,54.41446650087072,True,dwarf
151.89569565092,15.90875012342,,,Walker+2023 (hectocat),,,,,,,,,49.75576633987689,-69.50681525208464,85.48001901354405,False,dwarf
151.84068533712,15.90680327707,,,Walker+2023 (hectocat),,,,,,,,,28.537374090256804,-70.28832946535718,75.86060228470282,False,dwarf
151.88233005093,15.83389456397,10.760000228881836,0.53,Walker+2023 (hectocat),,,,,,,,,44.60043230068877,-99.5557626960572,109.08963492193921,True,dwarf
151.78166970566,15.90727426704,-23.100000381469727,1.18,Walker+2023 (hectocat),,,,,,,,,5.774064254762157,-70.0992619737893,70.33666431732503,True,dwarf
151.85291384386,15.84406262151,45.88999938964844,0.38,Walker+2023 (hectocat),,,,,,,,,33.25411236555062,-95.47404279613725,101.09959859989215,True,dwarf
151.82881182542,15.83622462196,,,Walker+2023 (hectocat),,,,,,,,,23.957563301554373,-98.62041747123568,101.48867711005397,False,dwarf
151.77532018184,15.87982734053,90.69999694824219,0.4,Walker+2023 (hectocat),,,,,,,,,3.324947394580451,-81.11716442829503,81.1852797005946,True,dwarf
151.75828413534,15.8260168794,,,Walker+2023 (hectocat),,,,,,,,,-3.246138862687942,-102.71806795919825,102.76934807026035,False,dwarf
151.70156256521,15.84427948052,,,Walker+2023 (hectocat),,,,,,,,,-25.12459111817833,-95.38699001018286,98.64037176561314,False,dwarf
151.74960087623,15.85725284873,-20.559999465942383,1.35,Walker+2023 (hectocat),,,,,,,,,-6.595416208586515,-90.17914623240742,90.4200084614595,True,dwarf
151.55825,15.91003,-46.79999923706055,4.6,Simon+2011,,,,,,,,,-80.40262923265178,-68.99303986426159,105.94631818631008,True,dwarf
151.55933,16.07353,-66.69999694824219,2.4,Simon+2011,,,,,,,,,-79.98605528412254,-3.3599333430148204,80.05659368212096,True,dwarf
151.55962,16.01414,150.10000610351562,3.3,Simon+2011,,,,,,,,,-79.87419746460897,-27.20060732648111,84.37867301365176,True,dwarf
151.56,16.00361,70.0999984741211,2.2,Simon+2011,,,,,,,,,-79.72762514937482,-31.427620241887055,85.6982469250538,True,dwarf
151.56158,15.92019,45.20000076293945,2.9,Simon+2011,,,,,,,,,-79.11819289134348,-64.9145544682016,102.34054830904975,True,dwarf
151.56196,16.14964,29.100000381469727,2.9,Simon+2011,,,,,,,,,-78.97162057611915,27.192578811922107,83.52217189980826,True,dwarf
151.56317,15.93239,54.29999923706055,2.6,Simon+2011,,,,,,,,,-78.50490346710681,-60.017160587105764,98.81841646838002,True,dwarf
151.56471,16.01581,-6.699999809265137,2.7,Simon+2011,,,,,,,,,-77.91089987384782,-26.53022636079122,82.30407784494983,True,dwarf
151.57062,16.09008,-10.0,2.4,Simon+2011,,,,,,,,,-75.6313146554942,3.2836624547011306,75.70256399643796,True,dwarf
151.57229,15.93517,1.7000000476837158,2.4,Simon+2011,,,,,,,,,-74.98716790174228,-58.901197063380536,95.35421524727303,True,dwarf
151.57367,16.13892,59.20000076293945,2.5,Simon+2011,,,,,,,,,-74.45487896751375,22.889295008203746,77.89383048765609,True,dwarf
151.57608,15.88989,-34.599998474121094,7.4,Simon+2011,,,,,,,,,-73.52530191570425,-77.07775402535056,106.52206432184792,True,dwarf
151.57808,16.06083,268.6000061035156,3.1,Simon+2011,,,,,,,,,-72.75386867767624,-8.458040088090756,73.24386561139649,True,dwarf
151.57975,15.97717,57.599998474121094,2.2,Simon+2011,,,,,,,,,-72.10972192393415,-42.04131648911458,83.47025990186569,True,dwarf
151.58092,15.99844,124.80000305175781,2.3,Simon+2011,,,,,,,,,-71.65843347969414,-33.50299125543382,79.10361250806075,True,dwarf
151.58208,16.033,-4.599999904632568,3.1,Simon+2011,,,,,,,,,-71.21100220163986,-19.62971809718089,73.8669930830865,True,dwarf
151.58225,16.0305,-6.5,2.2,Simon+2011,,,,,,,,,-71.14543037640405,-20.63328241707757,74.07701807407368,True,dwarf
151.58329,16.01169,305.5,4.3,Simon+2011,,,,,,,,,-70.74428509262752,-28.184100359979645,76.15180487925657,True,dwarf
151.58358,16.08553,111.0,8.5,Simon+2011,,,,,,,,,-70.63242727311395,1.4571753924884634,70.64745673140828,True,dwarf
151.58542,16.0785,-54.5,2.2,Simon+2011,,,,,,,,,-69.92270869414585,-1.3648474750606043,69.93602790948711,True,dwarf
151.58587,16.06986,50.900001525878906,2.2,Simon+2011,,,,,,,,,-69.749136215592,-4.833165764623837,69.91638930987169,True,dwarf
151.58625,16.09944,221.3000030517578,2.3,Simon+2011,,,,,,,,,-69.60256390035785,7.041007268396015,69.9577921668273,True,dwarf
151.58671,16.14253,31.5,2.8,Simon+2011,,,,,,,,,-69.42513425561827,24.338441886135765,73.56771723966587,True,dwarf
151.58733,16.11392,66.5,3.0,Simon+2011,,,,,,,,,-69.18598995182862,12.853651809236977,70.36986265758682,True,dwarf
151.59317,16.08119,214.39999389648438,3.2,Simon+2011,,,,,,,,,-66.93340489681432,-0.28501226685151426,66.93401170610606,True,dwarf
151.59521,15.94528,223.89999389648438,37.8,Simon+2011,,,,,,,,,-66.14654299403361,-54.84278295371742,85.92494394627263,True,dwarf
151.59692,15.989,222.0,8.7,Simon+2011,,,,,,,,,-65.48696757551917,-37.29245012736343,75.36092992220165,True,dwarf
151.59717,15.918,73.0999984741211,2.3,Simon+2011,,,,,,,,,-65.39053842076812,-65.79367681243059,92.76168618269355,True,dwarf
151.59787,16.00908,-56.900001525878906,2.4,Simon+2011,,,,,,,,,-65.12053678746324,-29.231821509952738,71.38055547750443,True,dwarf
151.599,16.05561,61.29999923706055,2.9,Simon+2011,,,,,,,,,-64.68467700798575,-10.553482388034386,65.53993767270453,True,dwarf
151.60708,15.90614,244.3000030517578,5.6,Simon+2011,,,,,,,,,-61.56808672638794,-70.55458594602088,93.64069041374307,True,dwarf
151.61058,16.04453,37.79999923706055,2.4,Simon+2011,,,,,,,,,-60.21807855984383,-15.001279453816018,62.058483470763335,True,dwarf
151.61142,15.97169,-14.699999809265137,2.7,Simon+2011,,,,,,,,,-59.894076599879924,-44.24112947832776,74.46192281475442,True,dwarf
151.61429,15.96381,172.39999389648438,3.9,Simon+2011,,,,,,,,,-58.787069903311206,-47.40436421464261,75.51882768165358,True,dwarf
151.61429,15.96381,191.10000610351562,8.7,Simon+2011,,,,,,,,,-58.787069903311206,-47.40436421464261,75.51882768165358,True,dwarf
151.61512,16.24533,14.600000381469727,2.2,Simon+2011,,,,,,,,,-58.46692510954284,65.60500672028834,87.87717700594375,True,dwarf
151.61721,16.13506,118.80000305175781,2.3,Simon+2011,,,,,,,,,-57.66077737581388,21.339791698283594,61.482940376248294,True,dwarf
151.61837,15.94133,347.1000061035156,2.9,Simon+2011,,,,,,,,,-57.2133460977596,-56.42841457915371,80.35877639448519,True,dwarf
151.61837,15.94133,351.70001220703125,2.2,Simon+2011,,,,,,,,,-57.2133460977596,-56.42841457915371,80.35877639448519,True,dwarf
151.62117,16.10661,200.89999389648438,14.2,Simon+2011,,,,,,,,,-56.1333395645302,9.919229737858082,57.00300807202424,True,dwarf
151.62575,16.18858,-37.20000076293945,2.2,Simon+2011,,,,,,,,,-54.36675744945688,42.82409665863429,69.20727974856494,True,dwarf
151.62642,16.11228,-56.599998474121094,2.2,Simon+2011,,,,,,,,,-54.108327314728776,12.195313615383673,55.46563583855671,True,dwarf
151.62821,16.21406,-62.5,2.5,Simon+2011,,,,,,,,,-53.41789456669911,53.052424207020884,75.28632793662258,True,dwarf
151.62871,16.25336,321.0,8.8,Simon+2011,,,,,,,,,-53.2250362571872,68.82845531579763,87.00724536346179,True,dwarf
151.629,15.92878,204.5,11.8,Simon+2011,,,,,,,,,-53.113178437683445,-61.46630746503651,81.23494738805218,True,dwarf
151.629,15.92878,191.5,8.7,Simon+2011,,,,,,,,,-53.113178437683445,-61.46630746503651,81.23494738805218,True,dwarf
151.6315,16.20478,-8.300000190734863,2.3,Simon+2011,,,,,,,,,-52.148886890163155,49.327193451563275,71.78215946661801,True,dwarf
151.63162,15.96714,60.20000076293945,3.0,Simon+2011,,,,,,,,,-52.10260089587559,-46.06761654054042,69.54787066360241,True,dwarf
151.63267,16.10731,210.39999389648438,5.2,Simon+2011,,,,,,,,,-51.697598445923155,10.200227747429459,52.69427228053677,True,dwarf
151.63642,16.15553,-38.900001525878906,4.5,Simon+2011,,,,,,,,,-50.251161124628005,29.556976349597974,58.299177055118186,True,dwarf
151.63746,15.98389,163.89999389648438,5.7,Simon+2011,,,,,,,,,-49.85001584085148,-39.34373559723192,63.50553999516922,True,dwarf
151.63896,16.05761,210.5,11.9,Simon+2011,,,,,,,,,-49.2714409123452,-9.75063093211781,50.22698172449841,True,dwarf
151.64008,16.15247,7.400000095367432,2.2,Simon+2011,,,,,,,,,-48.83943829904363,28.328613622045474,56.46061532708646,True,dwarf
151.64008,16.15247,2.299999952316284,3.3,Simon+2011,,,,,,,,,-48.83943829904363,28.328613622045474,56.46061532708646,True,dwarf
151.64008,16.15247,5.599999904632568,2.3,Simon+2011,,,,,,,,,-48.83943829904363,28.328613622045474,56.46061532708646,True,dwarf
151.64304,16.20967,68.4000015258789,2.2,Simon+2011,,,,,,,,,-47.69771710677396,51.290165261281494,70.04108272812039,True,dwarf
151.64333,16.14078,87.19999694824219,2.8,Simon+2011,,,,,,,,,-47.58585928727021,23.635946862207323,53.13258875851024,True,dwarf
151.64492,16.11589,-3.5999999046325684,2.9,Simon+2011,,,,,,,,,-46.97256986303352,13.644460493315691,48.91414541511706,True,dwarf
151.64504,15.99689,-161.10000610351562,2.9,Simon+2011,,,,,,,,,-46.92628386876558,-34.125201133769714,58.02245660218297,True,dwarf
151.64533,16.23811,-25.600000381469727,3.3,Simon+2011,,,,,,,,,-46.8144260492422,62.70671296442687,78.25421609806712,True,dwarf
151.64554,15.9545,70.30000305175781,2.2,Simon+2011,,,,,,,,,-46.73342555925368,-51.141637741938084,69.2782806904872,True,dwarf
151.64804,16.03919,1.899999976158142,2.2,Simon+2011,,,,,,,,,-45.76913401172358,-17.1448928411162,48.874952467664556,True,dwarf
151.64812,16.07083,70.19999694824219,2.5,Simon+2011,,,,,,,,,-45.73827668220834,-4.443782808502772,45.953641417273865,True,dwarf
151.64812,16.07083,69.19999694824219,2.2,Simon+2011,,,,,,,,,-45.73827668220834,-4.443782808502772,45.953641417273865,True,dwarf
151.65037,16.108,194.60000610351562,5.6,Simon+2011,,,,,,,,,-44.87041428942929,10.477211499721973,46.07739184583831,True,dwarf
151.65104,16.04619,-20.700000762939453,2.7,Simon+2011,,,,,,,,,-44.6119841547012,-14.33491274540627,46.85849820083569,True,dwarf
151.65108,16.02833,200.3000030517578,3.8,Simon+2011,,,,,,,,,-44.59655548993867,-21.504376246747558,49.51051362416734,True,dwarf
151.65108,16.02833,212.1999969482422,15.8,Simon+2011,,,,,,,,,-44.59655548993867,-21.504376246747558,49.51051362416734,True,dwarf
151.65187,15.92611,100.5999984741211,2.3,Simon+2011,,,,,,,,,-44.29183936092301,-62.5381141586866,76.63408351705347,True,dwarf
151.65271,16.19853,-128.60000610351562,15.9,Simon+2011,,,,,,,,,-43.967837400949286,46.81828265182286,64.22711511645446,True,dwarf
151.65292,16.15031,12.800000190734863,2.9,Simon+2011,,,,,,,,,-43.88683691096076,27.461534049654347,51.770554434056365,True,dwarf
151.65292,16.15031,15.600000381469727,2.3,Simon+2011,,,,,,,,,-43.88683691096076,27.461534049654347,51.770554434056365,True,dwarf
151.65504,16.10581,230.6999969482422,7.4,Simon+2011,,,,,,,,,-43.069117678655005,9.598089155492984,44.12564121975595,True,dwarf
151.65504,16.10581,212.8000030517578,4.4,Simon+2011,,,,,,,,,-43.069117678655005,9.598089155492984,44.12564121975595,True,dwarf
151.65621,16.19864,228.0,2.5,Simon+2011,,,,,,,,,-42.61782923442481,46.862439481898,63.34325222822986,True,dwarf
151.65621,16.19864,222.5,4.9,Simon+2011,,,,,,,,,-42.61782923442481,46.862439481898,63.34325222822986,True,dwarf
151.65712,15.98522,162.1999969482422,4.4,Simon+2011,,,,,,,,,-42.26682711112158,-38.80983937904758,57.381951053174504,True,dwarf
151.6575,16.03961,56.900001525878906,2.3,Simon+2011,,,,,,,,,-42.12025479589724,-16.976294035373375,45.41266809213876,True,dwarf
151.65792,15.99289,-25.299999237060547,3.0,Simon+2011,,,,,,,,,-41.958253815910375,-35.73090404560414,55.110730055013136,True,dwarf
151.65871,15.96033,-1.100000023841858,2.4,Simon+2011,,,,,,,,,-41.653537686884896,-48.80132574793922,64.16063120472877,True,dwarf
151.65912,15.99756,32.79999923706055,8.1,Simon+2011,,,,,,,,,-41.495393873093576,-33.85624589603747,53.554767284118846,True,dwarf
151.65975,16.19664,146.39999389648438,21.9,Simon+2011,,,,,,,,,-41.252392403118186,46.05958802598015,61.83239869278772,True,dwarf
151.65975,16.19664,118.19999694824219,3.2,Simon+2011,,,,,,,,,-41.252392403118186,46.05958802598015,61.83239869278772,True,dwarf
151.66117,16.16181,80.5999984741211,2.2,Simon+2011,,,,,,,,,-40.70467480412714,32.07792992117881,51.82532333654853,True,dwarf
151.66117,16.16181,80.30000305175781,2.3,Simon+2011,,,,,,,,,-40.70467480412714,32.07792992117881,51.82532333654853,True,dwarf
151.66121,16.00942,24.700000762939453,2.2,Simon+2011,,,,,,,,,-40.68924613936461,-29.09533676244719,50.021529092082034,True,dwarf
151.66121,16.00942,19.700000762939453,2.2,Simon+2011,,,,,,,,,-40.68924613936461,-29.09533676244719,50.021529092082034,True,dwarf
151.66146,16.10381,212.89999389648438,7.4,Simon+2011,,,,,,,,,-40.59281698461356,8.795237699573855,41.53472037871853,True,dwarf
151.66154,16.23406,10.0,2.3,Simon+2011,,,,,,,,,-40.56195965508852,61.0809387661943,73.32225890969677,True,dwarf
151.66162,16.17283,4.5,2.5,Simon+2011,,,,,,,,,-40.531102325573286,36.50164144328344,54.544844703969225,True,dwarf
151.66204,15.90911,17.700000762939453,2.4,Simon+2011,,,,,,,,,-40.36910134559624,-69.36235153398323,80.25459584207552,True,dwarf
151.66387,16.00239,205.39999389648438,2.5,Simon+2011,,,,,,,,,-39.66323993279424,-31.917359629997534,50.91061232903215,True,dwarf
151.66387,16.00239,199.1999969482422,2.5,Simon+2011,,,,,,,,,-39.66323993279424,-31.917359629997534,50.91061232903215,True,dwarf
151.66387,16.00239,208.39999389648438,4.4,Simon+2011,,,,,,,,,-39.66323993279424,-31.917359629997534,50.91061232903215,True,dwarf
151.66754,15.97394,215.8000030517578,6.3,Simon+2011,,,,,,,,,-38.24765994103395,-43.33792159042049,57.80189390272959,True,dwarf
151.66754,15.97394,225.3000030517578,5.9,Simon+2011,,,,,,,,,-38.24765994103395,-43.33792159042049,57.80189390272959,True,dwarf
151.66821,16.17631,184.10000610351562,2.9,Simon+2011,,,,,,,,,-37.989229806296045,37.898602976580044,53.66083943484311,True,dwarf
151.66821,16.17631,180.5,2.3,Simon+2011,,,,,,,,,-37.989229806296045,37.898602976580044,53.66083943484311,True,dwarf
151.66821,16.17631,180.60000610351562,2.3,Simon+2011,,,,,,,,,-37.989229806296045,37.898602976580044,53.66083943484311,True,dwarf
151.66858,16.04392,204.60000610351562,6.4,Simon+2011,,,,,,,,,-37.84651465726724,-15.246149147871257,40.8020065136738,True,dwarf
151.66858,16.04392,210.6999969482422,9.0,Simon+2011,,,,,,,,,-37.84651465726724,-15.246149147871257,40.8020065136738,True,dwarf
151.66958,16.11056,-103.69999694824219,5.6,Simon+2011,,,,,,,,,-37.46079803825324,11.50486136329565,39.18766674160954,True,dwarf
151.66958,16.11056,-108.5999984741211,3.3,Simon+2011,,,,,,,,,-37.46079803825324,11.50486136329565,39.18766674160954,True,dwarf
151.66979,15.99242,231.1999969482422,6.9,Simon+2011,,,,,,,,,-37.3797975482549,-35.9195741377451,51.84076649689402,True,dwarf
151.66979,15.99242,212.39999389648438,4.4,Simon+2011,,,,,,,,,-37.3797975482549,-35.9195741377451,51.84076649689402,True,dwarf
151.67112,16.168,87.4000015258789,2.5,Simon+2011,,,,,,,,,-36.866794444974616,34.562755177242224,50.5345879382626,True,dwarf
151.67267,16.19319,210.39999389648438,5.1,Simon+2011,,,,,,,,,-36.26893368551028,44.674669264522684,57.543562842236575,True,dwarf
151.67267,16.19319,206.60000610351562,8.9,Simon+2011,,,,,,,,,-36.26893368551028,44.674669264522684,57.543562842236575,True,dwarf
151.67267,16.19319,208.10000610351562,14.9,Simon+2011,,,,,,,,,-36.26893368551028,44.674669264522684,57.543562842236575,True,dwarf
151.673,16.12206,-134.10000610351562,3.3,Simon+2011,,,,,,,,,-36.14164720123418,16.121257234821385,39.57415314633731,True,dwarf
151.67542,16.18219,13.699999809265137,2.2,Simon+2011,,,,,,,,,-35.208212983229124,40.258986256975774,53.48274708643702,True,dwarf
151.67592,16.17792,58.900001525878906,5.4,Simon+2011,,,,,,,,,-35.01535467372703,38.54489839859293,52.074794819420546,True,dwarf
151.67817,15.95258,291.8999938964844,6.4,Simon+2011,,,,,,,,,-34.14749228095779,-51.91237513961994,62.136510376063946,True,dwarf
151.67817,15.95258,300.1000061035156,5.4,Simon+2011,,,,,,,,,-34.14749228095779,-51.91237513961994,62.136510376063946,True,dwarf
151.68087,15.91361,-1.2999999523162842,6.7,Simon+2011,,,,,,,,,-33.106057409624896,-67.55593575816998,75.2317452500696,True,dwarf
151.68112,16.10125,209.39999389648438,6.4,Simon+2011,,,,,,,,,-33.009628254873846,7.767587836000178,33.91122201152509,True,dwarf
151.68142,16.04442,14.399999618530273,2.3,Simon+2011,,,,,,,,,-32.893913269174554,-15.045436283892432,36.17146227528885,True,dwarf
151.68208,16.18072,37.099998474121094,2.3,Simon+2011,,,,,,,,,-32.63934030062237,39.668890436878435,51.37068623011471,True,dwarf
151.68208,16.18072,36.79999923706055,2.2,Simon+2011,,,,,,,,,-32.63934030062237,39.668890436878435,51.37068623011471,True,dwarf
151.68517,16.11992,29.399999618530273,2.8,Simon+2011,,,,,,,,,-31.447475947889224,15.262206176989256,34.955381286462895,True,dwarf
151.68517,16.11992,35.400001525878906,4.8,Simon+2011,,,,,,,,,-31.447475947889224,15.262206176989256,34.955381286462895,True,dwarf
151.68521,16.01011,-76.4000015258789,4.0,Simon+2011,,,,,,,,,-31.43204728311688,-28.818353010154674,42.643534874890314,True,dwarf
151.68562,16.02483,209.3000030517578,7.5,Simon+2011,,,,,,,,,-31.273903469325557,-22.90936629460316,38.76720395165213,True,dwarf
151.68562,16.02483,210.89999389648438,4.0,Simon+2011,,,,,,,,,-31.273903469325557,-22.90936629460316,38.76720395165213,True,dwarf
151.68562,16.02483,196.1999969482422,6.9,Simon+2011,,,,,,,,,-31.273903469325557,-22.90936629460316,38.76720395165213,True,dwarf
151.68562,16.02483,210.0,7.6,Simon+2011,,,,,,,,,-31.273903469325557,-22.90936629460316,38.76720395165213,True,dwarf
151.68575,15.99831,224.39999389648438,3.0,Simon+2011,,,,,,,,,-31.223760308852267,-33.55517660006796,45.835282092362064,True,dwarf
151.68575,15.99831,207.0,2.3,Simon+2011,,,,,,,,,-31.223760308852267,-33.55517660006796,45.835282092362064,True,dwarf
151.68575,15.99831,200.89999389648438,2.2,Simon+2011,,,,,,,,,-31.223760308852267,-33.55517660006796,45.835282092362064,True,dwarf
151.68575,15.99831,219.1999969482422,2.3,Simon+2011,,,,,,,,,-31.223760308852267,-33.55517660006796,45.835282092362064,True,dwarf
151.68633,15.96844,20.299999237060547,2.5,Simon+2011,,,,,,,,,-31.000044669834942,-45.545763094193944,55.09463953384395,True,dwarf
151.687,16.19914,-35.099998474121094,2.2,Simon+2011,,,,,,,,,-30.741614535087216,47.06315234587682,56.21376319866067,True,dwarf
151.68762,16.22742,13.100000381469727,2.2,Simon+2011,,,,,,,,,-30.50247023130737,58.415471932547646,65.89968172392075,True,dwarf
151.68825,16.14253,138.39999389648438,2.4,Simon+2011,,,,,,,,,-30.259468761331984,24.338441886135765,38.83291391542533,True,dwarf
151.68825,16.14253,139.89999389648438,2.2,Simon+2011,,,,,,,,,-30.259468761331984,24.338441886135765,38.83291391542533,True,dwarf
151.68908,16.11014,57.900001525878906,2.2,Simon+2011,,,,,,,,,-29.93932396756361,11.336262557552823,32.01365284388058,True,dwarf
151.68933,16.10653,-24.700000762939453,2.2,Simon+2011,,,,,,,,,-29.84289481279293,9.887115679622083,31.438088797979628,True,dwarf
151.68933,16.10653,-22.0,2.2,Simon+2011,,,,,,,,,-29.84289481279293,9.887115679622083,31.438088797979628,True,dwarf
151.68942,16.18489,-9.0,2.2,Simon+2011,,,,,,,,,-29.808180317082165,41.342835722465,50.96820263056578,True,dwarf
151.68942,16.18489,-3.799999952316284,2.2,Simon+2011,,,,,,,,,-29.808180317082165,41.342835722465,50.96820263056578,True,dwarf
151.69087,16.17208,149.10000610351562,3.4,Simon+2011,,,,,,,,,-29.24889121953394,36.2005721473152,46.540080160707745,True,dwarf
151.69092,15.995,-8.600000381469727,3.1,Simon+2011,,,,,,,,,-29.229605388575884,-34.88389575961115,45.51105376212774,True,dwarf
151.69117,16.09753,67.19999694824219,2.3,Simon+2011,,,,,,,,,-29.133176233824837,6.274284127993024,29.801150964180586,True,dwarf
151.69408,15.96806,-14.0,2.2,Simon+2011,,,,,,,,,-28.010740872503412,-45.698304870818774,53.59978239034961,True,dwarf
151.69492,16.10231,294.5,2.9,Simon+2011,,,,,,,,,-27.6867389125395,8.193099107636105,28.873558571791534,True,dwarf
151.69683,16.16697,68.69999694824219,3.2,Simon+2011,,,,,,,,,-26.950020170222263,34.14928667744543,43.502613343956,True,dwarf
151.69887,16.07367,36.599998474121094,2.2,Simon+2011,,,,,,,,,-26.16315826744155,-3.303733741100545,26.370921621348035,True,dwarf
151.69887,16.07367,35.20000076293945,2.2,Simon+2011,,,,,,,,,-26.16315826744155,-3.303733741100545,26.370921621348035,True,dwarf
151.699,16.03431,61.79999923706055,2.3,Simon+2011,,,,,,,,,-26.113015106968255,-19.10385039355428,32.355009779569784,True,dwarf
151.69904,15.99161,-10.5,2.4,Simon+2011,,,,,,,,,-26.09758644221555,-36.24472897739162,44.662785367165405,True,dwarf
151.69975,16.13664,203.8000030517578,6.5,Simon+2011,,,,,,,,,-25.82372764271512,21.97404434845862,33.90757340762024,True,dwarf
151.70217,16.16614,306.0,2.6,Simon+2011,,,,,,,,,-24.890293424710066,33.81610332323992,41.9887550510396,True,dwarf
151.70217,16.16614,293.5,11.7,Simon+2011,,,,,,,,,-24.890293424710066,33.81610332323992,41.9887550510396,True,dwarf
151.70354,15.97786,0.20000000298023224,2.3,Simon+2011,,,,,,,,,-24.361861656667262,-41.76433273682334,48.35038564821059,True,dwarf
151.70354,15.97786,-12.899999618530273,7.0,Simon+2011,,,,,,,,,-24.361861656667262,-41.76433273682334,48.35038564821059,True,dwarf
151.70375,16.10369,51.099998474121094,2.2,Simon+2011,,,,,,,,,-24.28086116666892,8.747066612219855,25.808358981416507,True,dwarf
151.70437,16.06353,217.0,13.6,Simon+2011,,,,,,,,,-24.04171686288907,-7.374190622601528,25.14722324738437,True,dwarf
151.70437,16.06353,199.39999389648438,5.1,Simon+2011,,,,,,,,,-24.04171686288907,-7.374190622601528,25.14722324738437,True,dwarf
151.70558,15.97367,85.0999984741211,2.2,Simon+2011,,,,,,,,,-23.574999753886548,-43.446306536970184,49.43037694677362,True,dwarf
151.70558,15.97367,84.69999694824219,2.3,Simon+2011,,,,,,,,,-23.574999753886548,-43.446306536970184,49.43037694677362,True,dwarf
151.70679,16.05231,199.5,9.4,Simon+2011,,,,,,,,,-23.108282644884017,-11.878187290298714,25.98237980053524,True,dwarf
151.70679,16.05231,208.3000030517578,6.7,Simon+2011,,,,,,,,,-23.108282644884017,-11.878187290298714,25.98237980053524,True,dwarf
151.70725,16.04642,84.4000015258789,2.7,Simon+2011,,,,,,,,,-22.930853000144452,-14.24258482797458,26.99398529110301,True,dwarf
151.70725,16.04642,81.9000015258789,2.2,Simon+2011,,,,,,,,,-22.930853000144452,-14.24258482797458,26.99398529110301,True,dwarf
151.70871,15.96153,187.6999969482422,4.8,Simon+2011,,,,,,,,,-22.36770673639088,-48.31961487438902,53.245652275603334,True,dwarf
151.70871,15.96153,186.0,5.0,Simon+2011,,,,,,,,,-22.36770673639088,-48.31961487438902,53.245652275603334,True,dwarf
151.70958,16.11914,203.1999969482422,6.5,Simon+2011,,,,,,,,,-22.032133277850168,14.949094109181882,26.624994111889098,True,dwarf
151.71179,16.06422,312.6000061035156,11.9,Simon+2011,,,,,,,,,-21.179699549833636,-7.097206870310291,22.3371891333982,True,dwarf
151.71267,16.07369,103.69999694824219,3.9,Simon+2011,,,,,,,,,-20.840268925107203,-3.2957052265415454,21.099253110265355,True,dwarf
151.71267,16.07369,97.69999694824219,3.2,Simon+2011,,,,,,,,,-20.840268925107203,-3.2957052265415454,21.099253110265355,True,dwarf
151.714,15.95606,15.100000381469727,2.2,Simon+2011,,,,,,,,,-20.327265821826924,-50.515413606322056,54.45185715482072,True,dwarf
151.71558,16.29978,394.8999938964844,8.9,Simon+2011,,,,,,,,,-19.717833563795594,87.46263760763956,89.65771543896727,True,dwarf
151.71758,15.91467,-52.900001525878906,2.7,Simon+2011,,,,,,,,,-18.94640032576759,-67.13042448653405,69.75284923962961,True,dwarf
151.71762,16.06367,204.1999969482422,5.3,Simon+2011,,,,,,,,,-18.930971661005067,-7.31799102068853,20.296174038686576,True,dwarf
151.71804,16.04328,211.5,8.8,Simon+2011,,,,,,,,,-18.768970681018207,-15.503061613765635,24.343770862894978,True,dwarf
151.71804,16.04328,203.0,2.3,Simon+2011,,,,,,,,,-18.768970681018207,-15.503061613765635,24.343770862894978,True,dwarf
151.71804,16.04328,210.8000030517578,2.3,Simon+2011,,,,,,,,,-18.768970681018207,-15.503061613765635,24.343770862894978,True,dwarf
151.71804,16.04328,216.10000610351562,2.9,Simon+2011,,,,,,,,,-18.768970681018207,-15.503061613765635,24.343770862894978,True,dwarf
151.72104,16.16289,206.6999969482422,7.0,Simon+2011,,,,,,,,,-17.611820823995824,32.51146970737501,36.97528762930852,True,dwarf
151.72104,16.16289,205.0,3.0,Simon+2011,,,,,,,,,-17.611820823995824,32.51146970737501,36.97528762930852,True,dwarf
151.72246,15.99556,2.4000000953674316,2.3,Simon+2011,,,,,,,,,-17.06410322499496,-34.659097351954046,38.63206761390738,True,dwarf
151.7245,16.04881,64.19999694824219,3.0,Simon+2011,,,,,,,,,-16.277241322214245,-13.283177338154317,21.009316629972886,True,dwarf
151.72487,15.81581,-72.9000015258789,3.3,Simon+2011,,,,,,,,,-16.134526173175633,-106.81537195252922,108.02706429497219,True,dwarf
151.72596,15.92242,268.5,6.2,Simon+2011,,,,,,,,,-15.714095058470487,-64.01937509485333,65.91974795948612,True,dwarf
151.72637,16.27075,145.3000030517578,2.6,Simon+2011,,,,,,,,,-15.555951244669348,75.80924872499922,77.38882226378256,True,dwarf
151.72692,16.02406,211.89999389648438,7.4,Simon+2011,,,,,,,,,-15.343807104209194,-23.218464105131677,27.830369955364745,True,dwarf
151.72717,16.22472,35.099998474121094,2.5,Simon+2011,,,,,,,,,-15.247377949458148,57.331622467060974,59.32450985081321,True,dwarf
151.72733,16.10731,209.60000610351562,11.8,Simon+2011,,,,,,,,,-15.18566329041787,10.200227747429459,18.293414543747012,True,dwarf
151.7275,16.29706,-180.1999969482422,20.4,Simon+2011,,,,,,,,,-15.120091465191868,86.37075962759133,87.68423623755257,True,dwarf
151.72867,15.94944,178.1999969482422,2.2,Simon+2011,,,,,,,,,-14.668803020951865,-53.17285192540972,55.1590968376843,True,dwarf
151.73062,15.92069,215.6999969482422,5.9,Simon+2011,,,,,,,,,-13.91665561388192,-64.7138416042215,66.19331234083742,True,dwarf
151.73104,16.07117,213.5,3.8,Simon+2011,,,,,,,,,-13.754654633885243,-4.307298060998499,14.413304294426807,True,dwarf
151.73387,16.11667,302.0,2.6,Simon+2011,,,,,,,,,-12.663076602098679,13.957572561123065,18.845883922746488,True,dwarf
151.73454,16.18347,117.0999984741211,4.1,Simon+2011,,,,,,,,,-12.404646467350956,40.77281118876452,42.61804061913926,True,dwarf
151.73458,16.18347,110.80000305175781,3.6,Simon+2011,,,,,,,,,-12.389217802598246,40.77281118876452,42.61355242167518,True,dwarf
151.73921,15.96833,-42.5,5.2,Simon+2011,,,,,,,,,-10.603349856576665,-45.58991992427036,46.806749800454504,True,dwarf
151.73925,16.05,217.3000030517578,4.2,Simon+2011,,,,,,,,,-10.587921191814143,-12.805480721882978,16.615788024724665,True,dwarf
151.73983,16.29303,-19.700000762939453,2.7,Simon+2011,,,,,,,,,-10.364205552787002,84.75301394391904,85.38436700777582,True,dwarf
151.74008,16.04169,213.3000030517578,5.3,Simon+2011,,,,,,,,,-10.267776398035956,-16.14132852121952,19.13033503601019,True,dwarf
151.74075,16.12661,83.5999984741211,2.2,Simon+2011,,,,,,,,,-10.00934626330786,17.947744297032774,20.550146908732003,True,dwarf
151.74075,16.12661,83.0999984741211,2.2,Simon+2011,,,,,,,,,-10.00934626330786,17.947744297032774,20.550146908732003,True,dwarf
151.74212,16.11706,187.0,2.3,Simon+2011,,,,,,,,,-9.480914495255242,14.114128595026754,17.002834047984262,True,dwarf
151.74387,16.01664,-14.199999809265137,2.2,Simon+2011,,,,,,,,,-8.805910411997912,-26.19704300658571,27.637458647151956,True,dwarf
151.74392,15.96358,290.5,3.6,Simon+2011,,,,,,,,,-8.78662458103985,-47.49669213207303,48.302593460569604,True,dwarf
151.74392,16.23753,78.4000015258789,2.2,Simon+2011,,,,,,,,,-8.78662458103985,62.47388604221077,63.08875659531793,True,dwarf
151.74562,15.9145,134.39999389648438,2.5,Simon+2011,,,,,,,,,-8.130906328720954,-67.1986668602862,67.68879128427513,True,dwarf
151.74562,15.9145,134.60000610351562,2.3,Simon+2011,,,,,,,,,-8.130906328720954,-67.1986668602862,67.68879128427513,True,dwarf
151.74592,16.16656,-20.100000381469727,2.4,Simon+2011,,,,,,,,,-8.015191343011846,33.98470212898275,34.91709138889974,True,dwarf
151.74625,16.07694,224.1999969482422,6.2,Simon+2011,,,,,,,,,-7.887904858745568,-1.9910716106753545,8.135318630481494,True,dwarf
151.7465,16.11522,212.8000030517578,6.8,Simon+2011,,,,,,,,,-7.791475703994521,13.375505255583453,15.479380946539093,True,dwarf
151.7465,16.11522,201.60000610351562,5.7,Simon+2011,,,,,,,,,-7.791475703994521,13.375505255583453,15.479380946539093,True,dwarf
151.74733,16.18164,-18.5,2.4,Simon+2011,,,,,,,,,-7.471330910216333,40.03820210660008,40.72933112020021,True,dwarf
151.74792,16.06769,16.399999618530273,2.5,Simon+2011,,,,,,,,,-7.2437581050034705,-5.704259594293825,9.220119793305107,True,dwarf
151.74871,16.20294,0.800000011920929,10.0,Simon+2011,,,,,,,,,-6.939041975987807,48.588570112119974,49.08155915499139,True,dwarf
151.749,16.03847,204.10000610351562,4.9,Simon+2011,,,,,,,,,-6.827184156474237,-17.433919365246574,18.723033620125033,True,dwarf
151.74958,15.85728,-19.399999618530273,2.6,Simon+2011,,,,,,,,,-6.603468517437282,-90.1682470140825,90.40972605894447,True,dwarf
151.74958,15.85728,-12.699999809265137,2.7,Simon+2011,,,,,,,,,-6.603468517437282,-90.1682470140825,90.40972605894447,True,dwarf
151.74975,16.15339,-20.799999237060547,2.2,Simon+2011,,,,,,,,,-6.537896692211281,28.697925291767124,29.43322967684441,True,dwarf
151.74979,16.06908,172.1999969482422,4.9,Simon+2011,,,,,,,,,-6.522468027458572,-5.1462778324312115,8.308234752207728,True,dwarf
151.74979,16.06908,197.3000030517578,13.0,Simon+2011,,,,,,,,,-6.522468027458572,-5.1462778324312115,8.308234752207728,True,dwarf
151.75062,15.848,-122.5,7.5,Simon+2011,,,,,,,,,-6.202323233670571,-93.89347776953882,94.09810827616998,True,dwarf
151.7525,15.86339,66.0,2.2,Simon+2011,,,,,,,,,-5.4771759899399495,-87.71553581625507,87.88637368988154,True,dwarf
151.7525,15.86339,67.9000015258789,2.2,Simon+2011,,,,,,,,,-5.4771759899399495,-87.71553581625507,87.88637368988154,True,dwarf
151.753,16.10272,203.89999389648438,10.0,Simon+2011,,,,,,,,,-5.284317680437855,8.357683656100068,9.888118599775709,True,dwarf
151.75375,16.06689,217.8000030517578,13.1,Simon+2011,,,,,,,,,-4.995030216174899,-6.025400176660201,7.826606809428785,True,dwarf
151.75437,16.08153,217.8000030517578,5.2,Simon+2011,,,,,,,,,-4.755885912385237,-0.14852751934468778,4.758204623135395,True,dwarf
151.75558,16.03333,209.1999969482422,2.7,Simon+2011,,,,,,,,,-4.289168803382711,-19.497247606954204,19.963457447816822,True,dwarf
151.75558,16.03333,217.60000610351562,5.1,Simon+2011,,,,,,,,,-4.289168803382711,-19.497247606954204,19.963457447816822,True,dwarf
151.75575,16.13192,108.5,3.4,Simon+2011,,,,,,,,,-4.223596978146895,20.079314912493818,20.51871484252628,True,dwarf
151.75583,16.07794,222.1999969482422,6.3,Simon+2011,,,,,,,,,-4.1927396486316635,-1.5896458827164284,4.483975891287247,True,dwarf
151.75596,16.04289,-1.7000000476837158,2.4,Simon+2011,,,,,,,,,-4.142596488168185,-15.659617647669322,16.1982940624925,True,dwarf
151.75612,16.05122,200.89999389648438,6.1,Simon+2011,,,,,,,,,-4.080881829118093,-12.3157413337725,12.974246841478648,True,dwarf
151.75712,16.13567,-35.29999923706055,2.4,Simon+2011,,,,,,,,,-3.695165210113905,21.584661392338834,21.89867241071839,True,dwarf
151.75792,16.14497,123.0,3.7,Simon+2011,,,,,,,,,-3.3865919148928887,25.317920662354165,25.5434162058108,True,dwarf
151.75829,15.826,149.10000610351562,16.7,Simon+2011,,,,,,,,,-3.2438767658739014,-102.7248437846301,102.77604909242636,True,dwarf
151.75879,15.94636,219.1999969482422,7.5,Simon+2011,,,,,,,,,-3.051018456361993,-54.40924316752249,54.49471952110272,True,dwarf
151.75962,16.28911,118.9000015258789,6.0,Simon+2011,,,,,,,,,-2.7308736625739916,83.17942509032062,83.22424183684222,True,dwarf
151.76004,16.25239,111.19999694824219,2.4,Simon+2011,,,,,,,,,-2.5688726825969437,68.43907235967656,68.48726693563145,True,dwarf
151.76025,15.84869,208.39999389648438,2.4,Simon+2011,,,,,,,,,-2.487872192598605,-93.61649401724887,93.64954596861801,True,dwarf
151.76025,15.84869,209.89999389648438,2.3,Simon+2011,,,,,,,,,-2.487872192598605,-93.61649401724887,93.64954596861801,True,dwarf
151.76137,15.83136,77.0,25.4,Simon+2011,,,,,,,,,-2.0558695793166626,-100.5732018827722,100.59421224245465,True,dwarf
151.76233,16.02678,155.89999389648438,5.9,Simon+2011,,,,,,,,,-1.685581625065183,-22.126586125084724,22.19069622534519,True,dwarf
151.76242,15.88394,27.600000381469727,2.5,Simon+2011,,,,,,,,,-1.6508671293544133,-79.46623710670342,79.48338318276085,True,dwarf
151.76254,16.07361,215.60000610351562,3.8,Simon+2011,,,,,,,,,-1.604581135076659,-3.3278192847788213,3.694463670303137,True,dwarf
151.76262,15.81314,-105.0999984741211,3.2,Simon+2011,,,,,,,,,-1.573723805551613,-107.88717864617931,107.89865579722839,True,dwarf
151.76312,15.80808,53.099998474121094,2.4,Simon+2011,,,,,,,,,-1.3808654960495188,-109.91839282965094,109.92706614738537,True,dwarf
151.76312,16.05972,191.6999969482422,4.4,Simon+2011,,,,,,,,,-1.3808654960495188,-8.90362264612482,9.010065801245117,True,dwarf
151.76312,16.05972,204.0,9.0,Simon+2011,,,,,,,,,-1.3808654960495188,-8.90362264612482,9.010065801245117,True,dwarf
151.76312,16.05972,207.10000610351562,5.2,Simon+2011,,,,,,,,,-1.3808654960495188,-8.90362264612482,9.010065801245117,True,dwarf
151.76358,16.04289,207.6999969482422,3.3,Simon+2011,,,,,,,,,-1.2034358513099477,-15.659617647669322,15.705791375139762,True,dwarf
151.76358,16.04289,199.89999389648438,3.5,Simon+2011,,,,,,,,,-1.2034358513099477,-15.659617647669322,15.705791375139762,True,dwarf
151.76358,16.04289,206.0,2.7,Simon+2011,,,,,,,,,-1.2034358513099477,-15.659617647669322,15.705791375139762,True,dwarf
151.76358,16.04289,199.60000610351562,3.5,Simon+2011,,,,,,,,,-1.2034358513099477,-15.659617647669322,15.705791375139762,True,dwarf
151.76383,16.02794,210.10000610351562,21.1,Simon+2011,,,,,,,,,-1.1070066965490863,-21.660932280651245,21.689201255305914,True,dwarf
151.76383,16.02794,213.1999969482422,13.6,Simon+2011,,,,,,,,,-1.1070066965490863,-21.660932280651245,21.689201255305914,True,dwarf
151.76425,16.16439,62.29999923706055,2.2,Simon+2011,,,,,,,,,-0.9450057165622239,33.11360829931276,33.12708997791158,True,dwarf
151.76462,16.11175,24.399999618530273,2.2,Simon+2011,,,,,,,,,-0.8022905675334222,11.982557979566987,12.00938657419427,True,dwarf
151.76496,16.23,16.5,2.4,Simon+2011,,,,,,,,,-0.6711469170716057,59.45115031068288,59.45493849502919,True,dwarf
151.76512,16.24708,-38.900001525878906,2.2,Simon+2011,,,,,,,,,-0.6094322580313282,66.3075017442168,66.31030233105895,True,dwarf
151.76792,15.94461,113.30000305175781,3.0,Simon+2011,,,,,,,,,0.47057427519806444,-55.11173819144965,55.113747165579014,True,dwarf
151.76812,16.08317,227.1999969482422,4.4,Simon+2011,,,,,,,,,0.5477175990106793,0.5098106745060615,0.7482656561050686,True,dwarf
151.76812,16.08317,233.5,3.3,Simon+2011,,,,,,,,,0.5477175990106793,0.5098106745060615,0.7482656561050686,True,dwarf
151.76908,16.02522,295.79998779296875,3.9,Simon+2011,,,,,,,,,0.9180055532523446,-22.752810260699473,22.771322073063597,True,dwarf
151.76929,16.13683,296.8999938964844,3.4,Simon+2011,,,,,,,,,0.9990060432506829,22.050315236771034,22.072933994270635,True,dwarf
151.76929,16.13683,297.20001220703125,4.1,Simon+2011,,,,,,,,,0.9990060432506829,22.050315236771034,22.072933994270635,True,dwarf
151.77071,15.98436,-41.900001525878906,2.3,Simon+2011,,,,,,,,,1.5467236422417336,-39.15506550509096,39.1856033350698,True,dwarf
151.772,15.98072,28.899999618530273,2.2,Simon+2011,,,,,,,,,2.044298080759492,-40.61625515486212,40.66766943713225,True,dwarf
151.77304,16.09083,23.700000762939453,7.0,Simon+2011,,,,,,,,,2.4454433645360174,3.5847317506706444,4.33941182344099,True,dwarf
151.77304,16.09083,23.399999618530273,3.0,Simon+2011,,,,,,,,,2.4454433645360174,3.5847317506706444,4.33941182344099,True,dwarf
151.77312,15.94328,-29.299999237060547,2.2,Simon+2011,,,,,,,,,2.476300694061063,-55.64563440963527,55.700706404660544,True,dwarf
151.77333,16.07278,203.39999389648438,2.5,Simon+2011,,,,,,,,,2.5573011840397726,-3.6610026389830574,4.465728346925296,True,dwarf
151.77333,16.07278,209.39999389648438,3.5,Simon+2011,,,,,,,,,2.5573011840397726,-3.6610026389830574,4.465728346925296,True,dwarf
151.77333,16.07278,199.1999969482422,2.3,Simon+2011,,,,,,,,,2.5573011840397726,-3.6610026389830574,4.465728346925296,True,dwarf
151.77333,16.07278,212.5,2.6,Simon+2011,,,,,,,,,2.5573011840397726,-3.6610026389830574,4.465728346925296,True,dwarf
151.77537,15.87983,91.5,2.2,Simon+2011,,,,,,,,,3.3441630868303007,-81.11609684861426,81.18500227692974,True,dwarf
151.77571,15.99419,-8.300000190734863,4.2,Simon+2011,,,,,,,,,3.475306737292117,-35.209050599257665,35.38014981623671,True,dwarf
151.77617,15.97008,198.39999389648438,8.1,Simon+2011,,,,,,,,,3.652736382041503,-44.88742490034192,45.03580128365127,True,dwarf
151.77767,15.92258,-28.799999237060547,2.2,Simon+2011,,,,,,,,,4.2313113105477855,-63.955146978380064,64.0949672004984,True,dwarf
151.77767,15.92258,-27.5,2.2,Simon+2011,,,,,,,,,4.2313113105477855,-63.955146978380064,64.0949672004984,True,dwarf
151.77812,16.079,215.10000610351562,6.8,Simon+2011,,,,,,,,,4.404883789101633,-1.1641346110805029,4.556117929576221,True,dwarf
151.77812,16.079,207.0,6.7,Simon+2011,,,,,,,,,4.404883789101633,-1.1641346110805029,4.556117929576221,True,dwarf
151.77925,16.19783,-47.20000076293945,2.8,Simon+2011,,,,,,,,,4.840743568579113,46.537284642251485,46.78837099291528,True,dwarf
151.78104,16.26392,103.30000305175781,2.2,Simon+2011,,,,,,,,,5.5311763166087795,73.06751100304015,73.27656566477995,True,dwarf
151.78167,15.90728,-17.5,2.7,Simon+2011,,,,,,,,,5.774177786584167,-70.09696061614767,70.33438004797398,True,dwarf
151.78167,15.90728,-24.600000381469727,2.5,Simon+2011,,,,,,,,,5.774177786584167,-70.09696061614767,70.33438004797398,True,dwarf
151.78187,16.04533,-34.29999923706055,2.2,Simon+2011,,,,,,,,,5.851321110386967,-14.680138871449644,15.80330459182215,True,dwarf
151.78217,15.96703,-53.29999923706055,5.5,Simon+2011,,,,,,,,,5.967036096096074,-46.11177337061684,46.49624891488819,True,dwarf
151.78221,16.09264,35.099998474121094,2.2,Simon+2011,,,,,,,,,5.982464760848783,4.311312318276084,7.3740964545167555,True,dwarf
151.7825,16.12264,247.6999969482422,2.8,Simon+2011,,,,,,,,,6.094322580372167,16.354084157037484,17.45270283735727,True,dwarf
151.7825,16.12264,245.60000610351562,2.6,Simon+2011,,,,,,,,,6.094322580372167,16.354084157037484,17.45270283735727,True,dwarf
151.7825,16.12264,251.0,2.4,Simon+2011,,,,,,,,,6.094322580372167,16.354084157037484,17.45270283735727,True,dwarf
151.78475,16.15833,-20.799999237060547,2.2,Simon+2011,,,,,,,,,6.962184973141405,30.680968387882203,31.460989190082106,True,dwarf
151.78487,15.94619,286.29998779296875,5.4,Simon+2011,,,,,,,,,7.008470967428973,-54.477485541275904,54.926451698623495,True,dwarf
151.78542,16.09789,-29.700000762939453,9.8,Simon+2011,,,,,,,,,7.2206151078695,6.418797390058851,9.661171899444682,True,dwarf
151.78546,16.06708,208.6999969482422,3.5,Simon+2011,,,,,,,,,7.236043772641838,-5.9491292883477875,9.367628769815026,True,dwarf
151.78562,15.89539,91.0999984741211,2.2,Simon+2011,,,,,,,,,7.297758431682115,-74.86991252157709,75.22473714886476,True,dwarf
151.78562,15.89539,90.80000305175781,2.2,Simon+2011,,,,,,,,,7.297758431682115,-74.86991252157709,75.22473714886476,True,dwarf
151.78642,15.91747,-53.20000076293945,5.4,Simon+2011,,,,,,,,,7.606331726883504,-66.00643244824855,66.44324952080981,True,dwarf
151.78654,15.88978,63.0,2.2,Simon+2011,,,,,,,,,7.6526177211710715,-77.1219108554257,77.50065607450436,True,dwarf
151.78654,15.88978,59.20000076293945,2.2,Simon+2011,,,,,,,,,7.6526177211710715,-77.1219108554257,77.50065607450436,True,dwarf
151.78717,16.07933,206.0,23.1,Simon+2011,,,,,,,,,7.895619191146459,-1.0316641208550914,7.962734032344668,True,dwarf
151.78717,16.07933,213.89999389648438,7.9,Simon+2011,,,,,,,,,7.895619191146459,-1.0316641208550914,7.962734032344668,True,dwarf
151.78779,16.07683,312.70001220703125,6.4,Simon+2011,,,,,,,,,8.134763494936122,-2.0352284407504917,8.38549532970981,True,dwarf
151.78779,16.07683,305.0,4.7,Simon+2011,,,,,,,,,8.134763494936122,-2.0352284407504917,8.38549532970981,True,dwarf
151.7885,16.14197,53.900001525878906,2.2,Simon+2011,,,,,,,,,8.40862229442674,24.113643478478664,25.537672773718185,True,dwarf
151.78854,16.09153,-0.5,3.6,Simon+2011,,,,,,,,,8.424050959199077,3.8657297602407437,9.268683894836087,True,dwarf
151.78908,15.93317,-31.399999618530273,2.7,Simon+2011,,,,,,,,,8.632337933463694,-59.70404851929712,60.32487602798783,True,dwarf
151.78958,15.94214,48.29999923706055,2.8,Simon+2011,,,,,,,,,8.825196242955974,-56.103259739508474,56.793131997851965,True,dwarf
151.79042,16.20797,55.400001525878906,2.4,Simon+2011,,,,,,,,,9.1491982029297,50.607741523752466,51.42811808623208,True,dwarf
151.79058,15.88675,303.3999938964844,2.2,Simon+2011,,,,,,,,,9.210912861969977,-78.33823081114033,78.87787600062707,True,dwarf
151.79058,15.88675,298.6000061035156,2.2,Simon+2011,,,,,,,,,9.210912861969977,-78.33823081114033,78.87787600062707,True,dwarf
151.79112,15.98544,-26.399999618530273,25.3,Simon+2011,,,,,,,,,9.419199836234593,-38.72152571889603,39.85069484405572,True,dwarf
151.79142,16.08422,219.5,5.0,Simon+2011,,,,,,,,,9.534914821933887,0.9313076888631255,9.580288861661224,True,dwarf
151.792,16.10664,208.0,2.2,Simon+2011,,,,,,,,,9.758630460961026,9.93127250969722,13.923399086985336,True,dwarf
151.792,16.10664,205.60000610351562,2.2,Simon+2011,,,,,,,,,9.758630460961026,9.93127250969722,13.923399086985336,True,dwarf
151.792,16.10664,208.10000610351562,6.2,Simon+2011,,,,,,,,,9.758630460961026,9.93127250969722,13.923399086985336,True,dwarf
151.792,16.10664,205.8000030517578,2.2,Simon+2011,,,,,,,,,9.758630460961026,9.93127250969722,13.923399086985336,True,dwarf
151.79279,16.06553,198.89999389648438,9.6,Simon+2011,,,,,,,,,10.06334658997669,-6.571339166684953,12.018878609654196,True,dwarf
151.79283,16.21067,48.29999923706055,4.2,Simon+2011,,,,,,,,,10.078775254749027,51.691590989240424,52.665000613639634,True,dwarf
151.79317,15.85942,51.79999923706055,2.6,Simon+2011,,,,,,,,,10.209918905210843,-89.30919595625164,89.89090569353019,True,dwarf
151.79358,15.92144,2.5999999046325684,2.4,Simon+2011,,,,,,,,,10.368062719002168,-64.41277230825327,65.24187275806881,True,dwarf
151.79358,15.92144,6.900000095367432,17.1,Simon+2011,,,,,,,,,10.368062719002168,-64.41277230825327,65.24187275806881,True,dwarf
151.79567,15.96061,216.89999389648438,4.5,Simon+2011,,,,,,,,,11.17421045273113,-48.688926544110664,49.95472497431779,True,dwarf
151.79571,16.08686,50.099998474121094,2.2,Simon+2011,,,,,,,,,11.189639117493652,1.9910716106753545,11.365403192961589,True,dwarf
151.79633,16.19692,164.0,2.3,Simon+2011,,,,,,,,,11.428783421283315,46.17198722980742,47.565423316103264,True,dwarf
151.79825,16.26408,-11.899999618530273,2.9,Simon+2011,,,,,,,,,12.16935932977646,73.1317391195147,74.13733589185664,True,dwarf
151.79846,16.11161,-33.599998474121094,3.5,Simon+2011,,,,,,,,,12.250359819774799,11.926358377651436,17.097056467887374,True,dwarf
151.79917,16.10844,247.10000610351562,15.9,Simon+2011,,,,,,,,,12.524218619265415,10.653838820023797,16.442637672411337,True,dwarf
151.80021,16.13197,-21.0,3.4,Simon+2011,,,,,,,,,12.925363903032128,20.099386198890677,23.896659967408898,True,dwarf
151.80075,16.17944,-38.099998474121094,3.4,Simon+2011,,,,,,,,,13.133650877296743,39.15506550509096,41.29905495377202,True,dwarf
151.80325,15.92125,37.900001525878906,2.2,Simon+2011,,,,,,,,,14.097942424826842,-64.4890431965644,66.01203430452723,True,dwarf
151.80325,15.92125,37.599998474121094,2.2,Simon+2011,,,,,,,,,14.097942424826842,-64.4890431965644,66.01203430452723,True,dwarf
151.80371,16.02031,117.80000305175781,2.2,Simon+2011,,,,,,,,,14.275372069566416,-24.72381058497669,28.54913409486113,True,dwarf
151.80371,16.02031,128.10000610351562,2.2,Simon+2011,,,,,,,,,14.275372069566416,-24.72381058497669,28.54913409486113,True,dwarf
151.804,15.95967,307.8999938964844,2.4,Simon+2011,,,,,,,,,14.387229889089799,-49.06626672839259,51.13209280425831,True,dwarf
151.804,15.95967,302.3999938964844,2.3,Simon+2011,,,,,,,,,14.387229889089799,-49.06626672839259,51.13209280425831,True,dwarf
151.80508,16.11047,209.3000030517578,4.8,Simon+2011,,,,,,,,,14.803803837619034,11.468733047779512,18.726570582568876,True,dwarf
151.80508,16.11047,229.6999969482422,7.6,Simon+2011,,,,,,,,,14.803803837619034,11.468733047779512,18.726570582568876,True,dwarf
151.80508,16.11047,208.6999969482422,15.4,Simon+2011,,,,,,,,,14.803803837619034,11.468733047779512,18.726570582568876,True,dwarf
151.80704,16.07911,293.3999938964844,4.8,Simon+2011,,,,,,,,,15.559808410874702,-1.1199777810053657,15.600063718237589,True,dwarf
151.80704,16.07911,298.70001220703125,4.7,Simon+2011,,,,,,,,,15.559808410874702,-1.1199777810053657,15.600063718237589,True,dwarf
151.80704,16.07911,300.20001220703125,3.6,Simon+2011,,,,,,,,,15.559808410874702,-1.1199777810053657,15.600063718237589,True,dwarf
151.80825,16.10247,-170.8000030517578,2.2,Simon+2011,,,,,,,,,16.02652551987723,8.257327224109378,18.028670864079082,True,dwarf
151.80825,16.10247,-175.39999389648438,2.2,Simon+2011,,,,,,,,,16.02652551987723,8.257327224109378,18.028670864079082,True,dwarf
151.80825,16.10247,-174.10000610351562,2.2,Simon+2011,,,,,,,,,16.02652551987723,8.257327224109378,18.028670864079082,True,dwarf
151.81075,16.03181,207.89999389648438,2.3,Simon+2011,,,,,,,,,16.990817067407328,-20.107414713452233,26.324817018867492,True,dwarf
151.81075,16.03181,207.8000030517578,2.3,Simon+2011,,,,,,,,,16.990817067407328,-20.107414713452233,26.324817018867492,True,dwarf
151.81075,16.03181,201.8000030517578,2.2,Simon+2011,,,,,,,,,16.990817067407328,-20.107414713452233,26.324817018867492,True,dwarf
151.81092,16.05069,-117.0999984741211,2.5,Simon+2011,,,,,,,,,17.05638889264314,-12.52849696959174,21.16326152496703,True,dwarf
151.81092,16.05069,-112.0,21.0,Simon+2011,,,,,,,,,17.05638889264314,-12.52849696959174,21.16326152496703,True,dwarf
151.81092,15.99133,56.29999923706055,2.4,Simon+2011,,,,,,,,,17.05638889264314,-36.35712818122017,40.15919784610686,True,dwarf
151.81108,15.95322,-6.199999809265137,2.2,Simon+2011,,,,,,,,,17.11810355168342,-51.65546267372556,54.417977665867106,True,dwarf
151.81108,15.95322,1.899999976158142,2.2,Simon+2011,,,,,,,,,17.11810355168342,-51.65546267372556,54.417977665867106,True,dwarf
151.81162,16.10753,205.6999969482422,5.4,Simon+2011,,,,,,,,,17.326390525948035,10.28854140758101,20.150878217913256,True,dwarf
151.81183,15.96633,77.0999984741211,3.0,Simon+2011,,,,,,,,,17.407391015926745,-46.392771380186936,49.5510494168959,True,dwarf
151.81225,16.08022,207.6999969482422,3.7,Simon+2011,,,,,,,,,17.56939199592342,-0.6743952229713024,17.5823304491522,True,dwarf
151.81225,16.08022,205.8000030517578,5.7,Simon+2011,,,,,,,,,17.56939199592342,-0.6743952229713024,17.5823304491522,True,dwarf
151.81287,16.11894,210.6999969482422,10.9,Simon+2011,,,,,,,,,17.80853629970327,14.86880896358933,23.19968631541305,True,dwarf
151.81287,16.11894,195.39999389648438,11.8,Simon+2011,,,,,,,,,17.80853629970327,14.86880896358933,23.19968631541305,True,dwarf
151.81287,16.11894,206.8000030517578,6.5,Simon+2011,,,,,,,,,17.80853629970327,14.86880896358933,23.19968631541305,True,dwarf
151.81433,16.12639,17.299999237060547,2.2,Simon+2011,,,,,,,,,18.37168256346666,17.8594306368825,25.621826298810202,True,dwarf
151.81433,16.12639,13.0,2.6,Simon+2011,,,,,,,,,18.37168256346666,17.8594306368825,25.621826298810202,True,dwarf
151.81433,16.12639,20.200000762939453,2.4,Simon+2011,,,,,,,,,18.37168256346666,17.8594306368825,25.621826298810202,True,dwarf
151.81462,16.09781,282.0,2.8,Simon+2011,,,,,,,,,18.483540382970414,6.386683331821574,19.555842837113044,True,dwarf
151.81462,16.09781,284.20001220703125,3.2,Simon+2011,,,,,,,,,18.483540382970414,6.386683331821574,19.555842837113044,True,dwarf
151.81471,16.25531,266.79998779296875,3.1,Simon+2011,,,,,,,,,18.518254878681184,69.61123548531734,72.03228352304336,True,dwarf
151.81504,15.97172,215.60000610351562,3.9,Simon+2011,,,,,,,,,18.645541362957278,-44.229086706489895,47.99862835131804,True,dwarf
151.8155,16.05,205.10000610351562,4.3,Simon+2011,,,,,,,,,18.822971007696847,-12.805480721882978,22.765864228601394,True,dwarf
151.8155,16.05,206.89999389648438,9.7,Simon+2011,,,,,,,,,18.822971007696847,-12.805480721882978,22.765864228601394,True,dwarf
151.8155,16.05,214.5,5.4,Simon+2011,,,,,,,,,18.822971007696847,-12.805480721882978,22.765864228601394,True,dwarf
151.81583,15.89542,-36.20000076293945,2.9,Simon+2011,,,,,,,,,18.95025749197294,-74.85786974973796,77.21925227869544,True,dwarf
151.81583,15.89542,-33.5,2.5,Simon+2011,,,,,,,,,18.95025749197294,-74.85786974973796,77.21925227869544,True,dwarf
151.81583,15.89542,-33.400001525878906,2.8,Simon+2011,,,,,,,,,18.95025749197294,-74.85786974973796,77.21925227869544,True,dwarf
151.81583,16.09561,205.10000610351562,7.1,Simon+2011,,,,,,,,,18.95025749197294,5.503546730313724,19.7332532955117,True,dwarf
151.81583,16.09561,209.60000610351562,3.1,Simon+2011,,,,,,,,,18.95025749197294,5.503546730313724,19.7332532955117,True,dwarf
151.81583,16.09561,214.1999969482422,6.1,Simon+2011,,,,,,,,,18.95025749197294,5.503546730313724,19.7332532955117,True,dwarf
151.81633,15.93761,76.80000305175781,3.2,Simon+2011,,,,,,,,,19.143115801475034,-57.921718287160864,61.003150180346495,True,dwarf
151.81633,15.93761,81.4000015258789,4.1,Simon+2011,,,,,,,,,19.143115801475034,-57.921718287160864,61.003150180346495,True,dwarf
151.81633,15.93761,72.69999694824219,5.3,Simon+2011,,,,,,,,,19.143115801475034,-57.921718287160864,61.003150180346495,True,dwarf
151.81742,16.00711,63.70000076293945,5.2,Simon+2011,,,,,,,,,19.563546916199808,-30.022630194031453,35.83421119140088,True,dwarf
151.81775,16.06119,213.0,14.6,Simon+2011,,,,,,,,,19.690833400466087,-8.31352682602493,21.373901101388743,True,dwarf
151.81775,16.06119,188.8000030517578,4.4,Simon+2011,,,,,,,,,19.690833400466087,-8.31352682602493,21.373901101388743,True,dwarf
151.81775,16.06119,198.89999389648438,4.4,Simon+2011,,,,,,,,,19.690833400466087,-8.31352682602493,21.373901101388743,True,dwarf
151.81775,16.06119,204.60000610351562,3.9,Simon+2011,,,,,,,,,19.690833400466087,-8.31352682602493,21.373901101388743,True,dwarf
151.81942,16.15003,69.69999694824219,2.2,Simon+2011,,,,,,,,,20.33498015422781,27.349134845825795,34.08058970569614,True,dwarf
151.82146,16.08664,266.29998779296875,4.4,Simon+2011,,,,,,,,,21.121842056998712,1.9027579505238035,21.20737371055363,True,dwarf
151.82233,16.06544,295.8999938964844,2.4,Simon+2011,,,,,,,,,21.45741551553942,-6.60746748220109,22.451710561444013,True,dwarf
151.82233,16.06544,295.5,2.7,Simon+2011,,,,,,,,,21.45741551553942,-6.60746748220109,22.451710561444013,True,dwarf
151.82233,16.06544,300.79998779296875,6.7,Simon+2011,,,,,,,,,21.45741551553942,-6.60746748220109,22.451710561444013,True,dwarf
151.82346,16.05436,52.70000076293945,4.2,Simon+2011,,,,,,,,,21.89327529502672,-11.055264547984,24.52619777645404,True,dwarf
151.82346,16.05436,49.29999923706055,10.5,Simon+2011,,,,,,,,,21.89327529502672,-11.055264547984,24.52619777645404,True,dwarf
151.82442,16.20525,-153.10000610351562,31.0,Simon+2011,,,,,,,,,22.263563249278196,49.51586354370424,54.29076340440747,True,dwarf
151.82508,16.19444,27.799999237060547,6.8,Simon+2011,,,,,,,,,22.51813621782057,45.17645142447102,50.47750213740684,True,dwarf
151.82542,16.06739,-0.699999988079071,2.2,Simon+2011,,,,,,,,,22.649279868282385,-5.824687312681376,23.386253672666196,True,dwarf
151.82542,16.06739,-5.800000190734863,2.2,Simon+2011,,,,,,,,,22.649279868282385,-5.824687312681376,23.386253672666196,True,dwarf
151.82554,16.14358,24.200000762939453,2.3,Simon+2011,,,,,,,,,22.69556586256014,24.75993890049155,33.5878442919143,True,dwarf
151.82658,16.13911,75.80000305175781,3.2,Simon+2011,,,,,,,,,23.096711146336666,22.96556589651616,32.57108046602904,True,dwarf
151.82725,15.90764,49.29999923706055,2.4,Simon+2011,,,,,,,,,23.35514128106476,-69.95244735408312,73.74827126844578,True,dwarf
151.829,15.94214,109.0999984741211,3.3,Simon+2011,,,,,,,,,24.03014536434172,-56.103259739508474,61.03297174175731,True,dwarf
151.829,15.94214,98.69999694824219,4.1,Simon+2011,,,,,,,,,24.03014536434172,-56.103259739508474,61.03297174175731,True,dwarf
151.83142,16.13469,22.899999618530273,2.2,Simon+2011,,,,,,,,,24.96357958234677,21.19126417893891,32.74522840148989,True,dwarf
151.8315,15.93247,67.0,2.2,Simon+2011,,,,,,,,,24.994436911862,-59.985046528868494,64.98405714951605,True,dwarf
151.83154,16.25622,46.900001525878906,2.2,Simon+2011,,,,,,,,,25.009865576624527,69.97653289775884,74.31156392212422,True,dwarf
151.83246,16.01822,33.099998474121094,2.9,Simon+2011,,,,,,,,,25.364724866113484,-25.56279035641068,36.01146370726187,True,dwarf
151.83308,15.95544,-13.100000381469727,2.6,Simon+2011,,,,,,,,,25.603869169893333,-50.764297557657436,56.85571231627829,True,dwarf
151.83312,15.925,-15.600000381469727,2.3,Simon+2011,,,,,,,,,25.61929783466567,-62.983696716719386,67.9948121083145,True,dwarf
151.83312,15.925,-19.0,2.5,Simon+2011,,,,,,,,,25.61929783466567,-62.983696716719386,67.9948121083145,True,dwarf
151.83333,16.02708,312.70001220703125,2.2,Simon+2011,,,,,,,,,25.70029832464438,-22.006158406695896,33.83454361737884,True,dwarf
151.835,16.16917,21.799999237060547,2.3,Simon+2011,,,,,,,,,26.344445078406107,35.03242327895584,43.832641573205265,True,dwarf
151.83529,16.03425,26.299999237060547,2.3,Simon+2011,,,,,,,,,26.456302897909858,-19.127935937232554,32.64680529921459,True,dwarf
151.83529,16.03425,23.600000381469727,2.2,Simon+2011,,,,,,,,,26.456302897909858,-19.127935937232554,32.64680529921459,True,dwarf
151.83554,16.05447,-34.400001525878906,2.2,Simon+2011,,,,,,,,,26.55273205267072,-11.011107717908864,28.745296530672963,True,dwarf
151.83554,16.05447,-32.29999923706055,2.2,Simon+2011,,,,,,,,,26.55273205267072,-11.011107717908864,28.745296530672963,True,dwarf
151.83554,16.05447,-31.799999237060547,2.2,Simon+2011,,,,,,,,,26.55273205267072,-11.011107717908864,28.745296530672963,True,dwarf
151.83679,15.99056,7.5,2.2,Simon+2011,,,,,,,,,27.03487782642596,-36.6662259917474,45.55542500699199,True,dwarf
151.83679,15.99056,7.300000190734863,4.1,Simon+2011,,,,,,,,,27.03487782642596,-36.6662259917474,45.55542500699199,True,dwarf
151.83796,16.05958,19.399999618530273,2.2,Simon+2011,,,,,,,,,27.486166270675774,-8.959822248039096,28.909648060391376,True,dwarf
151.83796,16.05958,16.700000762939453,2.2,Simon+2011,,,,,,,,,27.486166270675774,-8.959822248039096,28.909648060391376,True,dwarf
151.83817,16.18839,281.6000061035156,2.4,Simon+2011,,,,,,,,,27.567166760654484,42.7478257703206,50.865757551612454,True,dwarf
151.83954,16.26675,201.39999389648438,6.5,Simon+2011,,,,,,,,,28.0955985287071,74.20354581316352,79.34436884828403,True,dwarf
151.84071,15.90681,307.20001220703125,5.5,Simon+2011,,,,,,,,,28.546886972947107,-70.28563070828864,75.8616809720701,True,dwarf
151.84071,15.90681,305.5,3.2,Simon+2011,,,,,,,,,28.546886972947107,-70.28563070828864,75.8616809720701,True,dwarf
151.84267,15.91822,26.399999618530273,5.5,Simon+2011,,,,,,,,,29.302891546202773,-65.70536315228031,71.94340970472248,True,dwarf
151.84308,16.00558,77.0999984741211,2.2,Simon+2011,,,,,,,,,29.461035359994096,-30.63681155780834,42.50372721199261,True,dwarf
151.84392,15.89264,-11.800000190734863,2.5,Simon+2011,,,,,,,,,29.785037319967824,-75.97383327346319,81.60374862967913,True,dwarf
151.84429,16.14647,-1.899999976158142,2.2,Simon+2011,,,,,,,,,29.927752469006442,25.920059254293193,39.59191634149819,True,dwarf
151.84708,16.22064,-8.399999618530273,3.0,Simon+2011,,,,,,,,,31.003901836040292,55.69380549698927,63.741994789897305,True,dwarf
151.84733,16.07742,118.9000015258789,3.6,Simon+2011,,,,,,,,,31.10033099079134,-1.7983872612555296,31.152283776285525,True,dwarf
151.84846,16.24089,206.6999969482422,6.7,Simon+2011,,,,,,,,,31.53619077026882,63.8226764881521,71.18894129294318,True,dwarf
151.85012,15.93864,217.1999969482422,10.0,Simon+2011,,,,,,,,,32.17648035783501,-57.50824978736407,65.89783518313786,True,dwarf
151.85025,16.10019,65.5,2.8,Simon+2011,,,,,,,,,32.22662351829849,7.342076564364253,33.052403114858926,True,dwarf
151.85033,16.07497,197.60000610351562,7.6,Simon+2011,,,,,,,,,32.25748084783335,-2.781880294754069,32.37721310771939,True,dwarf
151.85092,16.07356,87.30000305175781,2.6,Simon+2011,,,,,,,,,32.4850536530364,-3.3478905711756823,32.657113805681306,True,dwarf
151.85471,16.07928,8.300000190734863,2.2,Simon+2011,,,,,,,,,33.94691963909407,-1.0517354072519525,33.96320803972996,True,dwarf
151.85521,15.92894,10.5,6.1,Simon+2011,,,,,,,,,34.13977794859616,-61.402079348561955,70.25482038057282,True,dwarf
151.85521,15.92894,25.600000381469727,3.8,Simon+2011,,,,,,,,,34.13977794859616,-61.402079348561955,70.25482038057282,True,dwarf
151.85546,15.938,5.599999904632568,2.5,Simon+2011,,,,,,,,,34.23620710334721,-57.765162253257174,67.14858037939752,True,dwarf
151.85912,16.06508,-1.2999999523162842,2.2,Simon+2011,,,,,,,,,35.647929928921776,-6.751980744266916,36.28173303727743,True,dwarf
151.8615,16.05411,15.300000190734863,3.6,Simon+2011,,,,,,,,,36.56593548217412,-11.155620979972136,38.229772653461005,True,dwarf
151.8625,16.26278,42.900001525878906,2.8,Simon+2011,,,,,,,,,36.951652101178304,72.60988567316822,81.47159069563497,True,dwarf
151.86483,16.02622,219.1999969482422,8.8,Simon+2011,,,,,,,,,37.85037182347259,-22.351384532741825,43.957195516839086,True,dwarf
151.86596,15.87953,10.199999809265137,2.3,Simon+2011,,,,,,,,,38.28623160295007,-81.23652456700181,89.8065056333884,True,dwarf
151.86829,16.12811,217.39999389648438,14.3,Simon+2011,,,,,,,,,39.184951325244356,18.549882888970526,43.3538760153725,True,dwarf
151.86987,16.2165,51.099998474121094,2.2,Simon+2011,,,,,,,,,39.79438358327568,54.03190298323929,67.10469063160238,True,dwarf
151.87037,16.07964,10.800000190734863,3.6,Simon+2011,,,,,,,,,39.987241892787594,-0.9072221451861262,39.99753200152509,True,dwarf
151.87317,15.94011,14.0,3.5,Simon+2011,,,,,,,,,41.06724842600717,-56.91815396726418,70.18685877231277,True,dwarf
151.87321,16.21278,115.9000015258789,2.2,Simon+2011,,,,,,,,,41.082677090779505,52.53859927523341,66.69400850712765,True,dwarf
151.87325,16.18531,309.6000061035156,2.2,Simon+2011,,,,,,,,,41.09810575554203,41.5114345282091,58.41449728691935,True,dwarf
151.87537,15.88828,10.800000190734863,3.3,Simon+2011,,,,,,,,,41.91582498783797,-77.72404944736344,88.306082728809,True,dwarf
151.87554,16.23481,108.0,2.2,Simon+2011,,,,,,,,,41.981396813073786,61.38200806216382,74.36523779374545,True,dwarf
151.87596,16.06719,52.0,2.4,Simon+2011,,,,,,,,,42.14339779305084,-5.904972458272651,42.55507816085268,True,dwarf
151.87596,16.26831,119.19999694824219,2.6,Simon+2011,,,,,,,,,42.14339779305084,74.82976994877954,85.8810831797701,True,dwarf
151.87725,15.93667,-49.79999923706055,2.8,Simon+2011,,,,,,,,,42.64097223157842,-58.29905847144279,72.22902970074392,True,dwarf
151.87787,15.90564,6.400000095367432,3.1,Simon+2011,,,,,,,,,42.88011653535826,-70.7552988099997,82.73461611549455,True,dwarf
151.87787,15.90564,-6.400000095367432,3.2,Simon+2011,,,,,,,,,42.88011653535826,-70.7552988099997,82.73461611549455,True,dwarf
151.87808,16.18214,-3.200000047683716,2.2,Simon+2011,,,,,,,,,42.9611170253566,40.23891497057891,58.862788364771376,True,dwarf
151.87942,16.07208,212.89999389648438,9.8,Simon+2011,,,,,,,,,43.47797729483242,-3.94200064855571,43.65631545106821,True,dwarf
151.88196,15.93642,9.899999618530273,3.8,Simon+2011,,,,,,,,,44.45769750711523,-58.3994149034322,73.39603891694277,True,dwarf
151.88237,15.83392,17.0,2.2,Simon+2011,,,,,,,,,44.61584132090655,-99.54555201919723,109.08661798579611,True,dwarf
151.88483,16.032,47.400001525878906,2.2,Simon+2011,,,,,,,,,45.564704203674125,-20.031143825139818,49.77337633827703,True,dwarf
151.88529,16.08347,281.1000061035156,6.9,Simon+2011,,,,,,,,,45.7421338484137,0.6302383928936117,45.74647537721427,True,dwarf
151.88629,16.19928,22.399999618530273,2.2,Simon+2011,,,,,,,,,46.1278504674277,47.119351947792374,65.93945644851264,True,dwarf
151.88721,15.95792,99.5,2.2,Simon+2011,,,,,,,,,46.482709756916655,-49.768761752319755,68.09972065071133,True,dwarf
151.88729,15.83817,-10.699999809265137,2.4,Simon+2011,,,,,,,,,46.513567086441704,-97.83949267537339,108.33318166692676,True,dwarf
151.8875,15.97628,178.5,2.2,Simon+2011,,,,,,,,,46.59456757642041,-42.39858538699836,62.99756955988222,True,dwarf
151.8875,15.97628,182.1999969482422,2.3,Simon+2011,,,,,,,,,46.59456757642041,-42.39858538699836,62.99756955988222,True,dwarf
151.88842,15.98756,-2.9000000953674316,2.2,Simon+2011,,,,,,,,,46.949426865919186,-37.87050317562418,60.31934759107774,True,dwarf
151.89287,16.11692,-7.300000190734863,2.2,Simon+2011,,,,,,,,,48.66586582050942,14.057928993112478,50.65562025713651,True,dwarf
151.89346,16.25106,-10.100000381469727,3.5,Simon+2011,,,,,,,,,48.89343862573209,67.90517614149222,83.67604966449667,True,dwarf
151.89383,16.26436,-6.099999904632568,2.2,Simon+2011,,,,,,,,,49.0361537747707,73.24413832334325,88.14333880533457,True,dwarf
151.89433,15.94914,122.80000305175781,3.4,Simon+2011,,,,,,,,,49.22901208426298,-53.29327964379726,72.55114944633536,True,dwarf
151.89558,15.82183,25.5,2.2,Simon+2011,,,,,,,,,49.71115785802804,-104.39878907021793,115.63004097082054,True,dwarf
151.89571,15.90875,303.20001220703125,2.8,Simon+2011,,,,,,,,,49.76130101850133,-69.50686479604906,85.48328101348325,True,dwarf
151.89683,15.95425,255.10000610351562,3.0,Simon+2011,,,,,,,,,50.193303631793086,-51.241994173927495,71.72942001992064,True,dwarf
151.89967,16.19047,242.1999969482422,7.8,Simon+2011,,,,,,,,,51.288738829775184,43.58279128447573,67.3052332801474,True,dwarf
151.90112,16.00581,46.400001525878906,2.2,Simon+2011,,,,,,,,,51.84802792734303,-30.54448364037793,60.1762700805879,True,dwarf
151.90217,16.00578,47.5,2.2,Simon+2011,,,,,,,,,52.2530303773151,-30.55652641221579,60.531648664091875,True,dwarf
151.90379,15.84592,-21.799999237060547,2.6,Simon+2011,,,,,,,,,52.87789130009913,-94.72844328369395,108.487553918858,True,dwarf
151.90383,15.99969,373.0,6.0,Simon+2011,,,,,,,,,52.893319964861654,-33.001209095485486,62.344070276724686,True,dwarf
151.90383,15.88372,157.3000030517578,4.4,Simon+2011,,,,,,,,,52.893319964861654,-79.55455076685497,95.53339648846018,True,dwarf
151.90558,16.1295,296.0,3.9,Simon+2011,,,,,,,,,53.5683240481288,19.10786465083314,56.8742106128946,True,dwarf
151.9075,16.02269,35.099998474121094,2.3,Simon+2011,,,,,,,,,54.308899956631755,-23.76841735243529,59.282326860026195,True,dwarf
151.90954,16.16878,-2.5,3.0,Simon+2011,,,,,,,,,55.09576185941247,34.87586724505215,65.2063577495599,True,dwarf
151.91229,15.97092,21.799999237060547,2.2,Simon+2011,,,,,,,,,56.15648256169362,-44.55022728885627,71.68175001484376,True,dwarf
151.91229,15.97092,20.899999618530273,2.2,Simon+2011,,,,,,,,,56.15648256169362,-44.55022728885627,71.68175001484376,True,dwarf
151.91267,15.95358,57.70000076293945,2.6,Simon+2011,,,,,,,,,56.30305487690814,-51.51094941165974,76.3112828994684,True,dwarf
151.913,16.03964,69.80000305175781,2.2,Simon+2011,,,,,,,,,56.43034136119405,-16.964251263535512,58.92511558811959,True,dwarf
151.91379,15.91861,15.5,2.2,Simon+2011,,,,,,,,,56.73505749020971,-65.54880711837663,86.69205767000541,True,dwarf
151.91508,15.98825,204.5,7.0,Simon+2011,,,,,,,,,57.23263192872748,-37.59351942333167,68.47515505730244,True,dwarf
151.91646,15.94478,-13.199999809265137,2.6,Simon+2011,,,,,,,,,57.764920862965816,-55.04349581769752,79.7908046966415,True,dwarf
151.91721,16.05269,303.1000061035156,3.1,Simon+2011,,,,,,,,,58.05420832721896,-11.725645513675165,59.22653009600098,True,dwarf
151.91729,15.98211,295.79998779296875,3.8,Simon+2011,,,,,,,,,58.085065656744,-40.058273392998224,70.55877067789979,True,dwarf
151.918,15.97053,161.10000610351562,3.9,Simon+2011,,,,,,,,,58.35892445624443,-44.70678332275996,73.51503614062808,True,dwarf
151.91921,16.17978,186.1999969482422,2.4,Simon+2011,,,,,,,,,58.82564156523715,39.29155025259651,70.74095014073583,True,dwarf
151.92175,16.15089,-12.399999618530273,2.3,Simon+2011,,,,,,,,,59.805361777529775,27.694360971870445,65.90644070939865,True,dwarf
151.92437,15.95669,123.9000015258789,2.2,Simon+2011,,,,,,,,,60.81593931933762,-50.262515397709095,78.89802867878448,True,dwarf
151.92437,15.95669,123.30000305175781,2.2,Simon+2011,,,,,,,,,60.81593931933762,-50.262515397709095,78.89802867878448,True,dwarf
151.92446,15.84225,79.30000305175781,2.5,Simon+2011,,,,,,,,,60.850653815048396,-96.2016757053017,113.83129832443667,True,dwarf
151.92496,15.91561,13.5,2.3,Simon+2011,,,,,,,,,61.04351212455049,-66.75308430225213,90.45598176109594,True,dwarf
151.92712,16.00189,296.6000061035156,10.3,Simon+2011,,,,,,,,,61.876660021608956,-32.118072493976356,69.71579187069527,True,dwarf
151.92721,15.98769,163.5,2.3,Simon+2011,,,,,,,,,61.91137451731973,-37.81831783098877,72.54821471400595,True,dwarf
151.92771,15.98217,74.0999984741211,3.6,Simon+2011,,,,,,,,,62.10423282682182,-40.03418784932122,73.88959285151618,True,dwarf
151.928,16.01858,206.8000030517578,2.2,Simon+2011,,,,,,,,,62.216090646335395,-25.418277094344855,67.20811517784082,True,dwarf
151.92829,15.86689,11.300000190734863,2.6,Simon+2011,,,,,,,,,62.327948465848955,-86.31054576839946,106.4625918846639,True,dwarf
151.92925,16.15314,33.900001525878906,2.3,Simon+2011,,,,,,,,,62.698236420100436,28.59756885977771,68.91218901530074,True,dwarf
151.93,16.09825,29.299999237060547,2.4,Simon+2011,,,,,,,,,62.98752388436339,6.5633106521246765,63.32854973706205,True,dwarf
151.93008,15.93317,142.1999969482422,11.5,Simon+2011,,,,,,,,,63.01838121387863,-59.70404851929712,86.8095028232066,True,dwarf
151.93037,16.10903,-21.899999618530273,3.5,Simon+2011,,,,,,,,,63.13023903339219,10.89067999951876,64.06273480944404,True,dwarf
151.93146,16.16311,220.39999389648438,7.4,Simon+2011,,,,,,,,,63.55067014810715,32.59978336752528,71.4243204509717,True,dwarf
151.93179,15.96606,66.0999984741211,2.4,Simon+2011,,,,,,,,,63.67795663239306,-46.50115632673535,78.84947495450055,True,dwarf
151.94117,15.98358,130.39999389648438,2.8,Simon+2011,,,,,,,,,67.29597851870417,-39.46817757289961,78.01593276835078,True,dwarf
151.94175,15.92333,-127.30000305175781,2.2,Simon+2011,,,,,,,,,67.51969415773131,-63.654077682410545,92.79413076672431,True,dwarf
151.94654,16.14383,-58.20000076293945,2.2,Simon+2011,,,,,,,,,69.36727676278335,24.86029533248224,73.68753876676043,True,dwarf
151.94662,16.09597,294.29998779296875,2.4,Simon+2011,,,,,,,,,69.3981340923084,5.648059992378274,69.62759221150421,True,dwarf
151.96704,16.07636,67.4000015258789,3.3,Simon+2011,,,,,,,,,77.27446745248699,-2.223898532891455,77.30646185636792,True,dwarf
151.96962,16.06994,63.599998474121094,9.8,Simon+2011,,,,,,,,,78.26961632953231,-4.801051706386561,78.41672613581613,True,dwarf
151.97729,16.06625,229.89999389648438,5.7,Simon+2011,,,,,,,,,81.22806279734861,-6.282312642554578,81.47064279818106,True,dwarf
151.97879,16.1525,-49.400001525878906,2.2,Simon+2011,,,,,,,,,81.8066377258647,28.340656393883336,86.57666418179342,True,dwarf
151.97946,16.10053,-29.799999237060547,2.2,Simon+2011,,,,,,,,,82.0650678605928,7.478561311869802,82.4051226700082,True,dwarf
151.9865,16.14531,96.5,2.9,Simon+2011,,,,,,,,,84.78051285843371,25.454405409859714,88.51927538851942,True,dwarf
151.98679,16.09889,-1.5,2.5,Simon+2011,,,,,,,,,84.89237067794728,6.820223118017776,85.16589718133396,True,dwarf
151.56583,16.147138,,,lamost,,,,,,,,,-77.47889726054625,26.18821164056889,81.78509613396263,False,dwarf
151.87172,16.330273,,,lamost,,,,,,,,,40.50795932844913,99.70331233028446,107.61805266118479,False,dwarf
151.926085,16.174366,,,lamost,,,,,,,,,61.47744332093511,37.11823136142739,71.81392021522875,False,dwarf
151.629277,16.328207,,,lamost,,,,,,,,,-53.00633493421721,98.87396677632127,112.18615266263255,False,dwarf
151.897396,16.240912,,,lamost,,,,,,,,,50.41161923815236,63.83150785416763,81.33752362316619,False,dwarf
151.555153,16.250125,,,lamost,,,,,,,,,-81.59719360172866,67.52984308585164,105.91686225940482,False,dwarf
151.883634,16.354399,,,lamost,,,,,,,,,45.10338712733946,109.3881094430159,118.32190844419252,False,dwarf
152.003346,16.190764,,,lamost,,,,,,,,,91.27829502226635,43.70081044849494,101.20023703542981,False,dwarf
151.969579,16.132259,,,lamost,,,,,,,,,78.25380194815907,20.215398234272374,80.82276811092234,False,dwarf
152.058847,16.076174,,,lamost,,,,,,,,,112.6859530939432,-2.2985637182907914,112.70939366289488,False,dwarf
151.8732244426,16.21280964414,,,simbad,,,,,,,,,41.088247841617,52.550499195712085,66.70681431767433,False,dwarf
151.96925098259,16.249942618069998,,,simbad,,,,,,,,,78.12728018179766,67.45663028683296,103.21951791332675,False,dwarf
151.87499345061,16.33664599968,,,simbad,,,,,,,,,41.7705836302293,102.26159836610921,110.46364178860577,False,dwarf
151.86249166666664,16.26277222222222,,,simbad,,,,,,,,,36.94843779601045,72.60676347306088,81.4673502551707,False,dwarf
151.87596113356,16.26831862374,,,simbad,,,,,,,,,42.143835025978966,74.83323173988681,85.88431407033845,False,dwarf
151.8659448386,15.8795359079,,,simbad,,,,,,,,,38.28038359900117,-81.23415298394404,89.80186734976897,False,dwarf
151.74390833333334,15.963594444444444,,,simbad,,,,,,,,,-8.791124608263072,-47.49089376044729,48.297710732954,False,dwarf
151.91378266453,15.918623635389999,,,simbad,,,,,,,,,56.73222807752262,-65.54333352201968,86.68606734544343,False,dwarf
151.93144583333333,16.163111111111114,,,simbad,,,,,,,,,63.545205829337505,32.60022939611296,71.41966214266249,False,dwarf
151.8862909676,16.19929934563,,,simbad,,,,,,,,,46.12822368682777,47.127117781395945,65.94526708478467,False,dwarf
151.84732083333336,16.077408333333338,,,simbad,,,,,,,,,31.096795255124363,-1.8030705614127118,31.149024681176748,False,dwarf
151.81581438115,16.09563006147,,,simbad,,,,,,,,,18.94423304195884,5.511599920511534,19.729716146762673,False,dwarf
151.8163125,15.937624999999999,,,simbad,,,,,,,,,19.13636576065002,-57.91569690124193,60.995314919114094,False,dwarf
151.85333333333332,15.809722222222224,,,simbad,,,,,,,,,33.41591642691109,-109.25916257862484,114.25492583706263,False,dwarf
151.8406978788,15.906816292460004,,,simbad,,,,,,,,,28.542211624666933,-70.28310475295108,75.85758141505413,False,dwarf
152.036265,16.016978,,,simbad,,,,,,,,,103.9757004034651,-26.061361110534143,107.19207441469166,False,dwarf
151.88237113353,15.83391346599,,,simbad,,,,,,,,,44.616278542263565,-99.54817493891888,109.08919031980412,False,dwarf
151.58668749999998,16.142533333333336,,,simbad,,,,,,,,,-69.43381287955577,24.339779971896235,73.57634986919021,False,dwarf
151.75120416666667,16.281466666666667,,,simbad,,,,,,,,,-5.9770004420693175,80.11119444295711,80.333853445243,False,dwarf
151.58356666666666,16.085522222222224,,,simbad,,,,,,,,,-70.63757016137467,1.4540531923836753,70.65253420075892,False,dwarf
151.7473004116345,16.1816763635012,,,simbad,,,,,,,,,-7.482743634511347,40.05279935153971,40.74577509625409,False,dwarf
151.74211364078,16.11707603588,,,simbad,,,,,,,,,-9.483367352097684,14.120565809830177,17.009545412049587,False,dwarf
151.823753,16.186686,,,simbad,,,,,,,,,22.006290264392078,42.06379632987978,47.47251597379567,False,dwarf
151.65974166666666,16.19663611111111,,,simbad,,,,,,,,,-41.255606708286045,46.05802692592648,61.83338037967959,False,dwarf
151.68205774488,16.18073279003,,,simbad,,,,,,,,,-32.647924470258985,39.67402468398035,51.380105165723606,False,dwarf
151.91400869645,16.30543366045,,,simbad,,,,,,,,,56.819412345483165,89.73216236941195,106.20878769092769,False,dwarf
151.58094228366,15.998450337570004,,,simbad,,,,,,,,,-71.64983830169243,-33.498841488869445,79.09406873941353,False,dwarf
151.86988099653,16.216497515479997,,,simbad,,,,,,,,,39.798625127651,54.03090563298879,67.10640301470667,False,dwarf
151.77616098977,15.970080744820002,,,simbad,,,,,,,,,3.6492609865807,-44.88712591043037,45.03522152989824,False,dwarf
151.71880760425168,15.909452980636114,,,simbad,,,,,,,,,-18.472892964321993,-69.22467028245572,71.64707077184667,False,dwarf
151.78187244703,16.04535590009,,,simbad,,,,,,,,,5.85226497053356,-14.669741908967138,15.79399673803439,False,dwarf
151.68928739803,16.1065446434,,,simbad,,,,,,,,,-29.85932710063842,9.892993917126558,31.455535976155662,False,dwarf
151.79842083333332,16.111616666666666,,,simbad,,,,,,,,,12.23525258552121,11.929034549172378,17.088103203891638,False,dwarf
151.78218209171,16.092643591049995,,,simbad,,,,,,,,,5.971700069602491,4.312753858134233,7.366209850536578,False,dwarf
151.5780916666667,16.060825,,,simbad,,,,,,,,,-72.7493686504432,-8.46004721672955,73.23962751098193,False,dwarf
151.67113791435,16.16803055061,,,simbad,,,,,,,,,-36.85988458246157,34.57501897810123,50.53793653057521,False,dwarf
151.87552705433,16.23481200406,,,simbad,,,,,,,,,41.976403453012715,61.38281254340766,74.36308306269464,False,dwarf
151.81468887816,16.25530578407,,,simbad,,,,,,,,,18.51010783397567,69.60954310254769,72.02855394196702,False,dwarf
151.60706666666667,15.906127777777778,,,simbad,,,,,,,,,-61.57322961463884,-70.55949226047382,93.64776854379875,False,dwarf
151.65911666666668,15.997547222222218,,,simbad,,,,,,,,,-41.49667959515875,-33.86137522478489,53.55900624112569,False,dwarf
151.8036966201,16.020345920780006,,,simbad,,,,,,,,,14.270211219783267,-24.70939105971398,28.534066215650046,False,dwarf
151.76995833333336,16.025741666666672,,,simbad,,,,,,,,,1.2567933169609098,-22.543399839278223,22.57840573989065,False,dwarf
151.7486875,16.20294444444444,,,simbad,,,,,,,,,-6.947720599915499,48.59035422646557,49.08455302218704,False,dwarf
151.68630833333333,15.968441666666667,,,simbad,,,,,,,,,-31.008401863243883,-45.54509405131435,55.09878926306364,False,dwarf
152.04263692509,16.19223669213,,,simbad,,,,,,,,,106.43345780576686,44.29198695883846,115.2816596395709,False,dwarf
151.7021508079,16.166166286550002,,,simbad,,,,,,,,,-24.89769613663591,33.82665542070973,42.00164151391807,False,dwarf
151.69891321777,16.22506847912,,,simbad,,,,,,,,,-26.146488455315588,57.47151095148523,63.13963437960849,False,dwarf
151.67266666666666,16.193202777777774,,,simbad,,,,,,,,,-36.27021940757545,44.67979859326754,57.548355477881515,False,dwarf
151.83528170004,16.03428162505,,,simbad,,,,,,,,,26.453101465410136,-19.115240828514846,32.63677387658598,False,dwarf
151.70906745833332,15.870134527777777,,,simbad,,,,,,,,,-22.229829116619676,-85.00810884332327,87.86662547106499,False,dwarf
151.66752916666667,15.97395,,,simbad,,,,,,,,,-38.25183853773842,-43.33390733314163,57.80164942520686,False,dwarf
151.72747916666668,16.297058333333336,,,simbad,,,,,,,,,-15.128127228072248,86.37009058471301,87.68496325505458,False,dwarf
151.92494477745,15.915639341910005,,,simbad,,,,,,,,,61.03764053402808,-66.74130570466919,90.44332727805482,False,dwarf
151.74073409196,16.12664818668,,,simbad,,,,,,,,,-10.015482258701445,17.96307341284964,20.56652355916743,False,dwarf
151.84840547965,16.24087039747,,,simbad,,,,,,,,,31.515161365208506,63.81480752827723,71.1725723558324,False,dwarf
151.763125,16.059722222222224,,,simbad,,,,,,,,,-1.3789369129468427,-8.902730588950746,9.008888885391286,False,dwarf
151.89881504556,15.91007829364,,,simbad,,,,,,,,,50.95896869378011,-68.973653554669,85.75652380439149,False,dwarf
151.67589583333333,16.177925000000002,,,simbad,,,,,,,,,-35.02467615869222,38.54690552723427,52.08254857192366,False,dwarf
151.92095,15.899574999999999,,,simbad,,,,,,,,,59.496788482318564,-73.18994585007033,94.32198054136683,False,dwarf
151.61558165979,16.282890226460005,,,simbad,,,,,,,,,-58.28885525620957,80.68264796928976,99.5353220239714,False,dwarf
151.7537375,16.066899999999997,,,simbad,,,,,,,,,-4.999851673907054,-6.021385919382616,7.826596013032128,False,dwarf
151.71557083333332,16.299788888888894,,,simbad,,,,,,,,,-19.721369299472382,87.46620583633586,89.66197393795457,False,dwarf
151.88484243077,16.03201058636,,,simbad,,,,,,,,,45.569498958249085,-20.026894187871015,49.77605575091347,False,dwarf
151.90114619157,16.005809787750003,,,simbad,,,,,,,,,51.858130451179875,-30.544568842987672,60.1850179006005,False,dwarf
151.817,15.9895277777778,,,simbad,,,,,,,,,19.401545936222757,-37.08058654870933,41.849610314932264,False,dwarf
151.55056331151627,15.937517257391109,,,simbad,,,,,,,,,-83.36751272597427,-57.95894755644782,101.53512584306256,False,dwarf
151.84393842883,15.89265828514,,,simbad,,,,,,,,,29.792145625971457,-75.96649314782866,81.59950993834576,False,dwarf
151.525634,16.254275,,,simbad,,,,,,,,,-92.98316247827978,69.1957598568792,115.90479578789254,False,dwarf
151.604404,15.990686,,,simbad,,,,,,,,,-62.60026439885744,-36.61564635002507,72.52240109398586,False,dwarf
151.87902083333333,16.072955555555556,,,simbad,,,,,,,,,43.32401207773575,-3.5905301222976527,43.47254224301726,False,dwarf
151.82507083333334,16.194436111111113,,,simbad,,,,,,,,,22.514600482143777,45.17489032441863,50.47452774116664,False,dwarf
151.68943235639,16.184918346089997,,,simbad,,,,,,,,,-29.803414252116745,41.354214572277726,50.97464628590632,False,dwarf
151.7160431621,16.25938200823,,,simbad,,,,,,,,,-19.53918424452173,71.24584435329795,73.87658667369334,False,dwarf
151.6851625,16.1199,,,simbad,,,,,,,,,-31.450368822528514,15.254177662430257,34.95447947302405,False,dwarf
151.64535025019,16.238105767099995,,,simbad,,,,,,,,,-46.80661521442456,62.70501376946175,78.24818195753552,False,dwarf
151.78642083333335,15.917483333333335,,,simbad,,,,,,,,,7.606653157412066,-66.00108010520923,66.4379691690784,False,dwarf
151.91799446366,15.97054425674,,,simbad,,,,,,,,,58.35678899788464,-44.701060300527786,73.50986065920036,False,dwarf
151.717579234,15.914681721000001,,,simbad,,,,,,,,,-18.946695784700037,-67.12571937557531,69.74840129240567,False,dwarf
151.61429583333333,15.963808333333333,,,simbad,,,,,,,,,-58.78481988970942,-47.405033257523485,75.51749616885138,False,dwarf
151.74650833333334,16.115213888888892,,,simbad,,,,,,,,,-7.78826139883648,13.373052098358261,15.475643380551604,False,dwarf
151.61835140218,15.941339758220003,,,simbad,,,,,,,,,-57.22051958601263,-56.42449737858629,80.36113342978274,False,dwarf
151.82551254795,16.14360293073,,,simbad,,,,,,,,,22.684977150657996,24.76914388547513,33.58747798131389,False,dwarf
151.81075778741,16.03182707873,,,simbad,,,,,,,,,16.99382080086378,-20.1005588718291,26.321519947976753,False,dwarf
151.76924536559,16.136841604109996,,,simbad,,,,,,,,,0.981789809525331,22.054973425072788,22.076815078510638,False,dwarf
151.93480543365,16.0105559529,,,simbad,,,,,,,,,64.84105950471779,-28.639336042637964,70.88423355484275,False,dwarf
151.74900833333334,16.03847222222222,,,simbad,,,,,,,,,-6.823969851306381,-17.43302730807378,18.721031105566396,False,dwarf
151.79316224488,15.859450997239998,,,simbad,,,,,,,,,10.206927626537638,-89.29675286662031,89.87820338711516,False,dwarf
151.77309847088,15.943314023500003,,,simbad,,,,,,,,,2.46799655468069,-55.63197650137886,55.6866933516786,False,dwarf
151.64507638849,15.99686798967,,,simbad,,,,,,,,,-46.91224822342739,-34.134036646512826,58.016303666830986,False,dwarf
151.94115543349,15.983594362660002,,,simbad,,,,,,,,,67.29035997370731,-39.46241203165335,78.00816950004076,False,dwarf
151.74561196028,15.914502347509995,,,simbad,,,,,,,,,-8.134007382334975,-67.19772450937755,67.6882283364994,False,dwarf
151.81772083333337,16.061197222222226,,,simbad,,,,,,,,,19.679583332437478,-8.310627640210788,21.36240931900207,False,dwarf
151.746225,16.07694722222222,,,simbad,,,,,,,,,-7.897547774219691,-1.9881724248637656,8.143960365637291,False,dwarf
151.87940833333334,16.072086111111116,,,simbad,,,,,,,,,43.4734772676092,-3.9395474913266892,43.651612343345946,False,dwarf
151.7642310905,16.16437038428,,,simbad,,,,,,,,,-0.9522994249741944,33.10573404463174,33.11942784573271,False,dwarf
151.80401159738,15.959697375289998,,,simbad,,,,,,,,,14.391703191289468,-49.055277582676304,51.122806842539426,False,dwarf
151.7623125,16.026775000000008,,,simbad,,,,,,,,,-1.6923316658901992,-22.128593253720965,22.193211256057552,False,dwarf
151.8618,16.054525,,,simbad,,,,,,,,,36.6816504678636,-10.98902930286938,38.29232620337709,False,dwarf
151.93181405969,15.966115254879998,,,simbad,,,,,,,,,63.68723685466338,-46.478975596309205,78.84389203143323,False,dwarf
151.75313934696,16.0501498132,,,simbad,,,,,,,,,-5.230569242144364,-12.745341849014713,13.776886202807674,False,dwarf
151.8591223348,16.06508888781,,,simbad,,,,,,,,,35.64883050008474,-6.748412948666848,36.28195410048233,False,dwarf
151.75828268235,15.826033904460001,,,simbad,,,,,,,,,-3.2466993050863047,-102.71123366209378,102.76253488877585,False,dwarf
151.65291042165,15.903632098160001,,,simbad,,,,,,,,,-43.89053143973343,-71.561322267792,83.94880341480163,False,dwarf
151.80702083333333,16.079113888888887,,,simbad,,,,,,,,,15.552415509012189,-1.1184166809529716,15.592577850926277,False,dwarf
151.7561125,16.051213888888892,,,simbad,,,,,,,,,-4.083774703757386,-12.318194490998968,12.97748555572789,False,dwarf
151.97728807361,16.066251602849995,,,simbad,,,,,,,,,81.22731975670563,-6.281669217327702,81.46985235664799,False,dwarf
151.83678701517,15.990569658099998,,,simbad,,,,,,,,,27.033726527885097,-36.66234898192522,45.55162129778645,False,dwarf
151.83495624936,16.169170904380003,,,simbad,,,,,,,,,26.32756972946378,35.0327863203565,43.82279139018343,False,dwarf
151.73061666666663,15.920697222222216,,,simbad,,,,,,,,,-13.917941335947098,-64.7109424184112,66.19074829392544,False,dwarf
151.71266666666665,16.07369166666667,,,simbad,,,,,,,,,-20.841554647172384,-3.295036183660671,21.10041856368508,False,dwarf
151.7885125,16.09152222222222,,,simbad,,,,,,,,,8.413443752168709,3.8626075601346788,9.257741243657454,False,dwarf
151.82145,16.086644444444445,,,simbad,,,,,,,,,21.117984890812988,1.9045420648706735,21.20369228048425,False,dwarf
151.93005833333333,15.933177777777779,,,simbad,,,,,,,,,63.01002402046968,-59.70092631919105,86.8012887601886,False,dwarf
151.6316125,15.967130555555554,,,simbad,,,,,,,,,-52.1054937705247,-46.07140778352736,69.55254917130108,False,dwarf
151.6579291666667,15.992897222222219,,,simbad,,,,,,,,,-41.95471808022377,-35.72800485979255,55.10615846212123,False,dwarf
151.82445,16.134860000000003,,,simbad,,,,,,,,,22.27513474784518,21.259506552693598,30.792015960288825,False,dwarf
151.779878,15.984067,,,simbad,,,,,,,,,5.082973605323243,-39.272683243384456,39.6002559310874,False,dwarf
151.8753708333333,15.888283333333328,,,simbad,,,,,,,,,41.916146418346905,-77.72271136160552,88.30505756729758,False,dwarf
151.89433442002,15.964419467179999,,,simbad,,,,,,,,,49.230716959431774,-47.159708408244796,68.17405363839207,False,dwarf
151.83313696813,15.925015322030001,,,simbad,,,,,,,,,25.625842724387795,-62.97754605967304,67.99158126586921,False,dwarf
151.9095364464,16.16880809228,,,simbad,,,,,,,,,55.09439117684256,34.88714420899952,65.21123193289999,False,dwarf
151.86825416666665,16.128097222222223,,,simbad,,,,,,,,,39.17112981305595,18.544753560224393,43.33918891073915,False,dwarf
151.9088125,15.891455555555556,,,simbad,,,,,,,,,54.81515301908703,-76.44929974680126,94.0701675999474,False,dwarf
151.72593750000001,15.922425000000004,,,simbad,,,,,,,,,-15.722773682388365,-64.01736796621199,65.91986812478457,False,dwarf
151.98677083333337,16.098888888888887,,,simbad,,,,,,,,,84.88497777609459,6.819777089430101,85.15849230462918,False,dwarf
151.97873211224,16.1525856608,,,simbad,,,,,,,,,81.78430945479283,28.375042842881058,86.56683157730016,False,dwarf
152.00366027218,16.14761459873,,,simbad,,,,,,,,,91.39951502499753,26.379530632703485,95.13017913998948,False,dwarf
151.9243874248,15.842242474379999,,,simbad,,,,,,,,,60.8226603542663,-96.2046966827893,113.81888980480318,False,dwarf
151.88529583333334,16.083480555555553,,,simbad,,,,,,,,,45.74438386203512,0.6344756644669491,45.74878374652183,False,dwarf
151.70956605543,16.11916056915,,,simbad,,,,,,,,,-22.03751193023813,14.95735109519386,26.634081246783882,False,dwarf
151.75063333333333,15.847994444444446,,,simbad,,,,,,,,,-6.197180345419668,-93.89570791247209,94.09999473229492,False,dwarf
151.73919583333333,15.968341666666666,,,simbad,,,,,,,,,-10.608814175346316,-45.58523662411063,46.80342654425193,False,dwarf
151.82725309762,15.90764937826,,,simbad,,,,,,,,,23.356336084583294,-69.94868267923538,73.74507877720634,False,dwarf
151.79060834661,15.886773468639998,,,simbad,,,,,,,,,9.221846620534992,-78.32880989524466,78.86979722744347,False,dwarf
151.92436777708,15.956715326830002,,,simbad,,,,,,,,,60.815081902142374,-50.25234855653876,78.8908912499545,False,dwarf
151.85032916666665,16.07498611111111,,,simbad,,,,,,,,,32.257159417304784,-2.77541288024874,32.37633781528209,False,dwarf
151.79567977253,16.08688513304,,,simbad,,,,,,,,,11.177979879961967,2.001160659552248,11.35569804909298,False,dwarf
151.76359117466,16.042904247420005,,,simbad,,,,,,,,,-1.1991255992262413,-15.653898366723041,15.699759115298999,False,dwarf
151.78539166666667,16.097891666666666,,,simbad,,,,,,,,,7.209686470340012,6.419466432938448,9.65345162541499,False,dwarf
151.72449999999998,16.048822222222224,,,simbad,,,,,,,,,-16.27724132222406,-13.278271023700105,21.006214947980332,False,dwarf
151.7497875,16.069097222222226,,,simbad,,,,,,,,,-6.523432319005003,-5.139364389336931,8.304711647433857,False,dwarf
151.92827499999999,15.866891666666668,,,simbad,,,,,,,,,62.32216271656056,-86.30987672551987,106.45866233446618,False,dwarf
151.57609583333334,15.894522222222223,,,simbad,,,,,,,,,-73.5191947358971,-75.21826084772782,105.18012530688287,False,dwarf
151.90382083333333,15.999686111111107,,,simbad,,,,,,,,,52.889784229184876,-33.002770195540435,62.341896958541334,False,dwarf
151.68112421514,16.10123849769,,,simbad,,,,,,,,,-33.00800240532974,7.762970512835365,33.90858201065632,False,dwarf
151.77811250000002,16.079016666666664,,,simbad,,,,,,,,,4.4019909144721545,-1.1574441822819748,4.551615212888034,False,dwarf
151.78848134034,16.14199355748,,,simbad,,,,,,,,,8.401424953464678,24.12310005703633,25.54423413630726,False,dwarf
152.06902299786,16.11365424562,,,simbad,,,,,,,,,116.61100458356773,12.746971163787146,117.3056335554234,False,dwarf
151.70561189292,15.97367342944,,,simbad,,,,,,,,,-23.56269812461959,-43.444929871521765,49.4233009263181,False,dwarf
152.02514331522,16.14639892857,,,simbad,,,,,,,,,99.68588175243045,25.891529353767762,102.9934284944266,False,dwarf
151.6808833333333,15.91360277777778,,,simbad,,,,,,,,,-33.10091452138381,-67.55883494398157,75.23208571573768,False,dwarf
151.91644583333334,15.944786111111114,,,simbad,,,,,,,,,57.75945654419617,-55.04104266046978,79.78515649813905,False,dwarf
151.78776666666667,16.076825000000003,,,simbad,,,,,,,,,8.12576344048968,-2.037235569389284,8.377252548179717,False,dwarf
151.7571107906,16.135709968539995,,,simbad,,,,,,,,,-3.6987174287431883,21.600705792601428,21.915086158995894,False,dwarf
151.82166,16.296654,,,simbad,,,,,,,,,21.198985380811326,86.20778078204172,88.77600153498925,False,dwarf
151.7596,16.289102777777785,,,simbad,,,,,,,,,-2.7385879949650676,83.1765259045103,83.22159771207136,False,dwarf
151.55739097952,16.28295967957,,,simbad,,,,,,,,,-80.73396770785227,80.71052823452779,114.15849906927228,False,dwarf
151.59838179381,16.299936508490003,,,simbad,,,,,,,,,-64.92312940944063,87.5254641421706,108.9757753155139,False,dwarf
151.73980554444,16.293060516449998,,,simbad,,,,,,,,,-10.373638468706256,84.76526403207384,85.39767187404242,False,dwarf
151.83952083333335,16.266750000000002,,,simbad,,,,,,,,,28.088205626844587,74.2035458131648,79.34175134557057,False,dwarf
151.632938,16.349983,,,simbad,,,,,,,,,-51.59422639202211,107.61541342835173,119.3442139542018,False,dwarf
151.78488333333334,15.946188888888887,,,simbad,,,,,,,,,7.0136138556798775,-54.47793156986231,54.92755053201613,False,dwarf
151.75439560032,16.081553570190003,,,simbad,,,,,,,,,-4.746011443509697,-0.13906583866513111,4.748048433768197,False,dwarf
151.79358134549,15.921484175360002,,,simbad,,,,,,,,,10.368581696854083,-64.39503918220652,65.22444754601031,False,dwarf
151.7392375,16.05001388888889,,,simbad,,,,,,,,,-10.592742649556111,-12.799905364549168,16.61456512163769,False,dwarf
151.63744166666666,15.983880555555555,,,simbad,,,,,,,,,-49.85708731220506,-39.34752684021886,63.51343970923463,False,dwarf
151.78654951851,15.889825533010002,,,simbad,,,,,,,,,7.656289168661647,-77.10363273373932,77.48282999848111,False,dwarf
151.77766023741,15.922634981180002,,,simbad,,,,,,,,,4.2275457173486855,-63.93307611817423,64.07269593769668,False,dwarf
151.61513305294,16.245327270190003,,,simbad,,,,,,,,,-58.46189037365697,65.6039109043235,87.87300923494028,False,dwarf
151.79914166666669,16.108430555555557,,,simbad,,,,,,,,,12.513289981735928,10.650047577038135,16.431857459221966,False,dwarf
151.85544304378,15.93801716854,,,simbad,,,,,,,,,34.22966680750284,-57.75827035958942,67.13931698106622,False,dwarf
151.58327916666667,16.011711111111115,,,simbad,,,,,,,,,-70.7484636893418,-28.175625816832973,76.15255087370548,False,dwarf
151.84426697891,16.14648301127,,,simbad,,,,,,,,,29.918872852008487,25.925282312823427,39.58862482752142,False,dwarf
151.72103495951,16.16291667226,,,simbad,,,,,,,,,-17.61376502474987,32.522176638761444,36.98562817730561,False,dwarf
151.65103749999997,16.046194444444446,,,simbad,,,,,,,,,-44.61294844625744,-14.333128631058123,46.85887050946579,False,dwarf
151.81547916666668,16.04999444444445,,,simbad,,,,,,,,,18.81493524480665,-12.807710864813693,22.760475519262208,False,dwarf
151.7927916666667,16.065541666666665,,,simbad,,,,,,,,,10.063989451024002,-6.566655866525217,12.016857032506147,False,dwarf
151.74972249989,16.15340538851,,,simbad,,,,,,,,,-6.548503941669051,28.70410263559525,29.44161021392752,False,dwarf
151.62113333333332,16.106608333333337,,,simbad,,,,,,,,,-56.14748250723736,9.918560694981037,57.016818906008325,False,dwarf
151.57226666666665,15.935163888888885,,,simbad,,,,,,,,,-74.99616795619853,-58.903650220608284,95.36280835538615,False,dwarf
151.66821187874,16.176334019769996,,,simbad,,,,,,,,,-37.98850514505057,37.90824513023633,53.667136797202254,False,dwarf
151.85468570723,16.07928220468,,,simbad,,,,,,,,,33.93754951398302,-1.0508503919797185,33.95381500745348,False,dwarf
151.68825553255,16.142536217299998,,,simbad,,,,,,,,,-30.25733476485775,24.340937670313313,38.83281542384928,False,dwarf
151.89670570428,15.954219936779998,,,simbad,,,,,,,,,50.145360706920506,-51.254062323902396,71.704505473015,False,dwarf
151.84705000000002,16.220625,,,simbad,,,,,,,,,30.99233033748312,55.687784111069064,63.73110574082889,False,dwarf
151.6093490833333,15.93437511111111,,,simbad,,,,,,,,,-60.692863574807085,-59.22028591424871,84.79779450360434,False,dwarf
151.74391077394,16.01665972126,,,simbad,,,,,,,,,-8.790183225707956,-26.18912638543236,27.624946370512053,False,dwarf
151.8168926996796,16.032230018926107,,,simbad,,,,,,,,,19.360158419417104,-19.938808310283164,27.791578056295112,False,dwarf
151.72715833333334,16.22473333333333,,,simbad,,,,,,,,,-15.251877976681367,57.33697481009775,59.330839048418675,False,dwarf
151.69118496943,16.09755747402,,,simbad,,,,,,,,,-29.127402275899577,6.2853129064723845,29.79783082162774,False,dwarf
151.76565650348,16.23064334865,,,simbad,,,,,,,,,-0.4024939496358834,59.709407010839435,59.7107635771439,False,dwarf
151.71400466862,15.956046304080001,,,simbad,,,,,,,,,-20.32546505750038,-50.52091150097881,54.45628548380253,False,dwarf
151.804718,16.132378,,,simbad,,,,,,,,,14.664174421534886,20.263167895898103,25.01267647898868,False,dwarf
151.83248591956,16.01825031289,,,simbad,,,,,,,,,25.37472247116575,-25.550621982475818,36.00987120471358,False,dwarf
151.81431587044,16.12645191694,,,simbad,,,,,,,,,18.366232557345086,17.884285689593383,25.63525254366489,False,dwarf
151.59115194585,15.884281578199996,,,simbad,,,,,,,,,-67.7118019205323,-79.32911882911586,104.29763762199691,False,dwarf
151.78568899403,15.895444744649998,,,simbad,,,,,,,,,7.324370575671563,-74.84793661059952,75.20545205764066,False,dwarf
151.71900590472,15.942339735929998,,,simbad,,,,,,,,,-18.39640517813426,-56.02308059840871,58.96620458545627,False,dwarf
151.83554922085,16.05447862339,,,simbad,,,,,,,,,26.55628868775408,-11.007646067299703,28.7472562309914,False,dwarf
151.76908448159,16.02523194946,,,simbad,,,,,,,,,0.9197341769999985,-22.74801344002031,22.766598920868404,False,dwarf
151.5834779034,16.01742958796,,,simbad,,,,,,,,,-70.67180762849071,-25.880082084955237,75.26143130583166,False,dwarf
151.6264017107,16.11227935239,,,simbad,,,,,,,,,-54.115381801685665,12.195053648069443,55.472460563972675,False,dwarf
151.68762521164,16.22739772563,,,simbad,,,,,,,,,-30.50046001514478,58.406530427356664,65.8908252922756,False,dwarf
151.56319033345,15.932411485760003,,,simbad,,,,,,,,,-78.49706051753303,-60.00853565025549,98.80694743175313,False,dwarf
151.68903029234,16.110761219999997,,,simbad,,,,,,,,,-29.95849703810697,11.585636248274467,32.12068666855669,False,dwarf
151.63264999999998,16.10730277777778,,,simbad,,,,,,,,,-51.70531277830442,10.19732856161787,52.70127967417753,False,dwarf
151.76512260118,16.24709373563,,,simbad,,,,,,,,,-0.6084289396738827,66.31301557948844,66.31580672072164,False,dwarf
151.9055185686,16.12951246067,,,simbad,,,,,,,,,53.54462893622302,19.11286668435891,56.85357474083656,False,dwarf
151.73101572716,16.0711944875,,,simbad,,,,,,,,,-13.764017071667254,-4.297468148483141,14.41930644782802,False,dwarf
151.76462189612,16.11178326977,,,simbad,,,,,,,,,-0.8015592025424944,11.99591332120753,12.02266333077263,False,dwarf
151.89345,16.251052777777772,,,simbad,,,,,,,,,48.88958145953655,67.9022769556768,83.67144310369038,False,dwarf
151.755825,16.077933333333334,,,simbad,,,,,,,,,-4.194668231734339,-1.592322054236095,4.486728329053136,False,dwarf
151.64815055224,16.07084468671,,,simbad,,,,,,,,,-45.72649217549002,-4.437887185250844,45.941342267549864,False,dwarf
151.58929403836,15.874503484259998,,,simbad,,,,,,,,,-68.42842771600785,-83.25429730702783,107.76700673105796,False,dwarf
151.75251998676,15.86339844255,,,simbad,,,,,,,,,-5.469466764441934,-87.71214675947597,87.88251109204371,False,dwarf
151.6697949501,15.992424755229997,,,simbad,,,,,,,,,-37.37788821242221,-35.9176652660812,51.838067145550355,False,dwarf
151.6730083333333,16.12203611111111,,,simbad,,,,,,,,,-36.13843289608595,16.111667620208713,39.56731183298897,False,dwarf
151.7854375,16.067097222222223,,,simbad,,,,,,,,,7.227365148714145,-5.94221584525606,9.356534408874902,False,dwarf
151.69890476963,16.07366648435,,,simbad,,,,,,,,,-26.149747043326265,-3.3051450134610194,26.357793040957677,False,dwarf
151.67815,15.95258611111111,,,simbad,,,,,,,,,-34.15520661333906,-51.90992198239347,62.13870081533776,False,dwarf
151.88841335494,15.987561334,,,simbad,,,,,,,,,46.946863755843765,-37.86996767370315,60.317016405961915,False,dwarf
151.61722848942,16.13504647284,,,simbad,,,,,,,,,-57.65364569924059,21.334361548233648,61.47436738254663,False,dwarf
151.76490647056,16.23002681812,,,simbad,,,,,,,,,-0.6917941116852041,59.46191579402566,59.46593990671265,False,dwarf
151.81503333333333,15.971713888888893,,,simbad,,,,,,,,,18.642969918826918,-44.231539863715085,47.99989006351683,False,dwarf
151.5706125,16.09008055555556,,,simbad,,,,,,,,,-75.6342075301335,3.2838854689968833,75.70546382187214,False,dwarf
151.76254272909,16.07362182832,,,simbad,,,,,,,,,-1.6035284797059772,-3.323071092810992,3.689729674800608,False,dwarf
151.89965833333335,16.190455555555555,,,simbad,,,,,,,,,51.284238802561774,43.57699291284872,67.29804945824694,False,dwarf
151.627648,16.043388,,,simbad,,,,,,,,,-53.63466730658606,-15.459707635145758,55.818277447914454,False,dwarf
151.66116911055,16.16183116671,,,simbad,,,,,,,,,-40.70501787977563,32.08642678314971,51.830852436587236,False,dwarf
151.94654105441,16.14386949601,,,simbad,,,,,,,,,69.36768346624642,24.876150047048295,73.69327208529025,False,dwarf
151.88749528823,15.97630088985,,,simbad,,,,,,,,,46.592750168441334,-42.390199663755126,62.99058180229657,False,dwarf
151.82901100909,15.942133624599997,,,simbad,,,,,,,,,24.034391753311976,-56.10581898909539,61.03699625136223,False,dwarf
151.7176,16.063672222222227,,,simbad,,,,,,,,,-18.938685993386326,-7.31709896351318,20.303048155337,False,dwarf
151.82654583333337,16.139097222222222,,,simbad,,,,,,,,,23.083532495195566,22.960436567770024,32.55811910782533,False,dwarf
151.81941795156,16.15004513882,,,simbad,,,,,,,,,20.33419003687354,27.355211957664437,34.08499531618619,False,dwarf
151.8502333333333,16.1002,,,simbad,,,,,,,,,32.22019490797259,7.346090821644391,33.04702725310691,False,dwarf
151.7269,16.024055555555552,,,simbad,,,,,,,,,-15.351521436590456,-23.22024821947982,27.83611211703876,False,dwarf
151.92997916666667,16.098238888888886,,,simbad,,,,,,,,,62.97948812146339,6.558850366256863,63.32009508969878,False,dwarf
151.96668598841,15.939735546830002,,,simbad,,,,,,,,,77.13791929891453,-57.068469103617126,95.95347184753844,False,dwarf
151.72249459883,15.995544715839998,,,simbad,,,,,,,,,-17.050757881272308,-34.66523280700956,38.631680132890175,False,dwarf
151.92709166666668,16.001883333333332,,,simbad,,,,,,,,,61.86573138407947,-32.12074866549602,69.70732540069974,False,dwarf
151.69087083333332,16.17206666666667,,,simbad,,,,,,,,,-29.248569789015196,36.195219804275865,46.53571500882668,False,dwarf
151.58123483044,16.03309628999,,,simbad,,,,,,,,,-71.53699814680692,-19.59106481784989,74.17109898439858,False,dwarf
151.77302740644,16.09085064253,,,simbad,,,,,,,,,2.4405858191528487,3.593018193303321,4.343528390382483,False,dwarf
151.57292083333334,15.902674999999999,,,simbad,,,,,,,,,-74.74384500124815,-71.94552609339854,103.74392073961008,False,dwarf
151.76790527768,15.944622938870001,,,simbad,,,,,,,,,0.4648956317026679,-55.1065441961408,55.10850516199469,False,dwarf
151.68699961795,16.19916016588,,,simbad,,,,,,,,,-30.741761898134968,47.071247448935814,56.220621314608124,False,dwarf
151.59518749999998,15.945275000000004,,,simbad,,,,,,,,,-66.15522161797111,-54.84479008235621,85.93290607503386,False,dwarf
151.62573930327,16.18858952087,,,simbad,,,,,,,,,-54.37088335599952,42.827918580803924,69.21288584415242,False,dwarf
151.79280416666668,16.21066666666667,,,simbad,,,,,,,,,10.068810908756156,51.69025290348122,52.66178119226633,False,dwarf
151.85092275982,16.073590504959995,,,simbad,,,,,,,,,32.486118161482814,-3.335645095403239,32.65691965578369,False,dwarf
151.82235182307,16.06545924286,,,simbad,,,,,,,,,21.465833036317377,-6.5997429031171,22.457484149617006,False,dwarf
151.79564166666668,15.960608333333335,,,simbad,,,,,,,,,11.16328181520164,-48.689595586990265,49.95293364068094,False,dwarf
151.90791666666667,15.862777777777778,,,simbad,,,,,,,,,54.46961521455344,-87.96129756748311,103.46075995940114,False,dwarf
151.80017500000002,16.131961111111114,,,simbad,,,,,,,,,12.911863821382095,20.09581797019949,23.88635860137138,False,dwarf
151.66857083333332,16.04391666666667,,,simbad,,,,,,,,,-37.85005039294403,-15.247487233629176,40.805786130009636,False,dwarf
151.87805271053,16.18214957124,,,simbad,,,,,,,,,42.950591023255086,40.242757112563424,58.857733300456744,False,dwarf
151.79136666666668,16.08421111111111,,,simbad,,,,,,,,,9.514343268930276,0.9277394601693856,9.559467994872634,False,dwarf
151.90382083333333,15.883716666666665,,,simbad,,,,,,,,,52.889784229184876,-79.55588885261544,95.53255323155263,False,dwarf
151.93038333333334,16.109022222222226,,,simbad,,,,,,,,,63.135381921643095,10.887557799413973,64.06727218500346,False,dwarf
151.79196786497,16.10665905064,,,simbad,,,,,,,,,9.746235445841377,9.938919926727962,13.920173658244535,False,dwarf
151.56157916666666,15.920188888888886,,,simbad,,,,,,,,,-79.11851432186224,-64.91500049678928,102.34107971873695,False,dwarf
151.92171217262,16.150895269180005,,,simbad,,,,,,,,,59.790771128411045,27.696476156288785,65.89409005067074,False,dwarf
151.83148833308,15.932492349130001,,,simbad,,,,,,,,,24.98993678692719,-59.97607501308877,64.97404493018938,False,dwarf
151.71416666666667,16.145833333333332,,,simbad,,,,,,,,,-20.262979718656286,25.66448487415801,32.69945153874238,False,dwarf
151.77331954678,16.07279975907,,,simbad,,,,,,,,,2.5532692033643816,-3.653070839924888,4.456917116837435,False,dwarf
151.74822457538,16.06749156626,,,simbad,,,,,,,,,-7.126278319193668,-5.783916002824796,9.178100403152195,False,dwarf
151.7796708333333,16.006233333333334,,,simbad,,,,,,,,,5.0030659790749095,-30.374546748874632,30.783823014540403,False,dwarf
151.80821158467,16.102483328550004,,,simbad,,,,,,,,,16.011708088678155,8.262677646997618,18.017953208265236,False,dwarf
151.81111554313,15.95325960827,,,simbad,,,,,,,,,17.131813127606716,-51.639562895107574,54.40720059915791,False,dwarf
151.70623124999997,15.921348999999996,,,simbad,,,,,,,,,-23.3238018057665,-64.44930204949895,68.53985895332895,False,dwarf
151.81582241325,15.895400779740003,,,simbad,,,,,,,,,18.94733115641286,-74.86558525659898,77.22601384095817,False,dwarf
151.94173012375,15.923385029740002,,,simbad,,,,,,,,,67.51202755777719,-63.63198732897152,92.77339961646581,False,dwarf
151.83309929182,15.95545786713,,,simbad,,,,,,,,,25.611310345483226,-50.757125231990166,56.85266026694431,False,dwarf
151.78166029286,15.9072986523,,,simbad,,,,,,,,,5.770433581369228,-70.08947310304248,70.3266104940307,False,dwarf
151.88195416666667,15.936408333333329,,,simbad,,,,,,,,,44.45544749350361,-58.404098203593215,73.39840256315267,False,dwarf
152.06017316489,16.083666120649998,,,simbad,,,,,,,,,113.19747693156648,0.7089662675873187,113.1996970704476,False,dwarf
151.76310739644,15.808100737370003,,,simbad,,,,,,,,,-1.3857268985968316,-109.91006831580114,109.9188034697502,False,dwarf
151.85519939043,15.928960604460002,,,simbad,,,,,,,,,34.13568566112262,-61.393808188207665,70.24560284747656,False,dwarf
151.83800809643,16.05960734322,,,simbad,,,,,,,,,27.5047178630329,-8.948845976044783,28.923888898763494,False,dwarf
151.6571375,15.985227777777776,,,simbad,,,,,,,,,-42.26007707028675,-38.80671717894152,57.374867426364744,False,dwarf
151.72732083333332,16.107297222222225,,,simbad,,,,,,,,,-15.18919902609466,10.195098418684601,18.293490613356987,False,dwarf
151.65290673363,16.1503360797,,,simbad,,,,,,,,,-43.89195397034553,27.472003112211986,51.78044590704406,False,dwarf
151.75790416666666,16.144969444444442,,,simbad,,,,,,,,,-3.3926990947000366,25.31769764805969,25.544005585376492,False,dwarf
151.81226285692,16.08022651691,,,simbad,,,,,,,,,17.574351123636774,-0.6717791676312812,17.587185808620337,False,dwarf
151.8426375,15.918219444444444,,,simbad,,,,,,,,,29.290355756089358,-65.70558616657351,71.93850842081238,False,dwarf
151.55999926054,16.00361185119,,,simbad,,,,,,,,,-79.72791037138875,-31.426877126592533,85.69823976090841,False,dwarf
151.74391635609,16.23755462111,,,simbad,,,,,,,,,-8.788030097684647,62.483769589216585,63.0987395680462,False,dwarf
151.76240912815,15.88393030311,,,simbad,,,,,,,,,-1.655060582578559,-79.47012968783102,79.4873621284081,False,dwarf
151.57146666666665,15.898844444444446,,,simbad,,,,,,,,,-75.30474125139993,-73.48320964577276,105.21685299791514,False,dwarf
151.68575761195,15.998305078329997,,,simbad,,,,,,,,,-31.220824253236188,-33.55715228503164,45.83472849851153,False,dwarf
151.59318488664,16.081199767960005,,,simbad,,,,,,,,,-66.9276628723645,-0.28109115639612936,66.92825315063199,False,dwarf
151.83155054729,16.25623642277,,,simbad,,,,,,,,,25.013933841659796,69.98312542016194,74.3191410728693,False,dwarf
151.76813333333337,16.083175,,,simbad,,,,,,,,,0.5528604872713965,0.5118178031474074,0.7534004127982704,False,dwarf
151.55824583333333,15.910019444444448,,,simbad,,,,,,,,,-80.40423638522589,-68.99727713583364,105.95029721926369,False,dwarf
151.7587875,15.946352777777774,,,simbad,,,,,,,,,-3.051982747908424,-54.412142353336634,54.49766815353939,False,dwarf
151.71177083333333,16.064222222222224,,,simbad,,,,,,,,,-21.18709245169615,-7.0963148131362175,22.343915737485595,False,dwarf
151.6101385507,15.827122738339998,,,simbad,,,,,,,,,-60.38835289131476,-102.27414772918975,118.77185886672858,False,dwarf
151.89382020548,16.264378780319998,,,simbad,,,,,,,,,49.032375865631856,73.25167722696918,88.14750194754626,False,dwarf
151.86483173782,16.02621608381,,,simbad,,,,,,,,,37.85104212952361,-22.352956592162855,43.95857207305633,False,dwarf
151.78954217928,15.94214319442,,,simbad,,,,,,,,,8.810608162711931,-56.10197741713413,56.789600159795754,False,dwarf
151.69686120456,16.16696017661,,,simbad,,,,,,,,,-26.937984052845046,34.14534331596414,43.492061976829646,False,dwarf
151.6615125,16.23403888888889,,,simbad,,,,,,,,,-40.57256686211889,61.072464223048904,73.32106837776368,False,dwarf
151.78905776985,15.93318435498,,,simbad,,,,,,,,,8.623763395151608,-59.698286061001525,60.31794636521311,False,dwarf
151.97941388555,16.10055969607,,,simbad,,,,,,,,,82.04728075086133,7.490482078386873,82.38849191711968,False,dwarf
151.68562232236,16.024850153919996,,,simbad,,,,,,,,,-31.273007696482914,-22.901275992597945,38.76170084598227,False,dwarf
151.6470632131371,16.201624088555278,,,simbad,,,,,,,,,-46.14589693797852,48.06032940249305,66.62761489417638,False,dwarf
151.87725,15.936658333333334,,,simbad,,,,,,,,,42.64097223157842,-58.303741771601246,72.23280984029212,False,dwarf
151.77200225482,15.980740655490001,,,simbad,,,,,,,,,2.0451678023037494,-40.60796350975193,40.659432014588255,False,dwarf
151.71584594124,15.828228221159998,,,simbad,,,,,,,,,-19.61525560783813,-101.83037848342558,103.70238297473462,False,dwarf
151.64009454834,16.15249759084,,,simbad,,,,,,,,,-48.833826762537385,28.339689295076575,56.46131972966086,False,dwarf
151.57608838053,15.88992036538,,,simbad,,,,,,,,,-73.52206940600102,-77.06556458057878,106.51101320457049,False,dwarf
151.99260971106,15.923757222369998,,,simbad,,,,,,,,,87.13712995161693,-63.4825796315342,107.80963469411746,False,dwarf
151.82440000000003,16.205249999999996,,,simbad,,,,,,,,,22.25584891690675,49.51586354370296,54.28760036592879,False,dwarf
151.72632540351,16.27074262035,,,simbad,,,,,,,,,-15.57315285201154,75.80628634362586,77.38938001408147,False,dwarf
151.62820799011,16.21405834992,,,simbad,,,,,,,,,-53.41866981466711,53.05176182245441,75.28641123891389,False,dwarf
151.66274215097,15.93765961534,,,simbad,,,,,,,,,-40.098270047406494,-57.90180141318374,70.43074518764162,False,dwarf
151.7923552,15.808187400000001,,,simbad,,,,,,,,,9.895637004033388,-109.87527970646777,110.31999239616599,False,dwarf
151.79821666666666,16.26408888888889,,,simbad,,,,,,,,,12.156502109144295,73.13530734820716,74.13874644506983,False,dwarf
151.75576666666666,16.13191388888889,,,simbad,,,,,,,,,-4.217168367840626,20.076861755267352,20.514991761705204,False,dwarf
151.75298750000002,16.102722222222226,,,simbad,,,,,,,,,-5.289139138160195,8.358575713274142,9.891449882466892,False,dwarf
151.65385096133,15.890360027429999,,,simbad,,,,,,,,,-43.52774965432645,-76.88907292210168,88.35493492041056,False,dwarf
151.59713444422,15.91801776927,,,simbad,,,,,,,,,-65.40425287602913,-65.78654377028626,92.7662957949241,False,dwarf
151.76333333333332,16.07361111111111,,,simbad,,,,,,,,,-1.2985792839958155,-3.327373256192423,3.571795198894759,False,dwarf
151.7338875,16.116655555555564,,,simbad,,,,,,,,,-12.656326561254035,13.951774189501165,18.837054044089147,False,dwarf
151.78102300471,16.2639078871,,,simbad,,,,,,,,,5.524620950812229,73.06264857334132,73.27122254474622,False,dwarf
151.74007916666665,16.04168333333333,,,simbad,,,,,,,,,-10.268097828564517,-16.144004692740467,19.132765626960406,False,dwarf
151.70868333333334,15.961524999999996,,,simbad,,,,,,,,,-22.377992512892682,-48.32162200303036,53.25179529284275,False,dwarf
151.91721471129,16.05271114332,,,simbad,,,,,,,,,58.05602555007009,-11.717158041051833,59.226631638388625,False,dwarf
151.63895,16.057608333333334,,,simbad,,,,,,,,,-49.27529807853092,-9.751299974997407,50.230895392481884,False,dwarf
151.76000385721,16.25241104027,,,simbad,,,,,,,,,-2.5828135573572464,68.4475184653785,68.49623135574977,False,dwarf
151.87324929507,16.18534136342,,,simbad,,,,,,,,,41.09783385231699,41.52402461191307,58.42325365232079,False,dwarf
151.76380275215,16.02793136042,,,simbad,,,,,,,,,-1.1175166451246572,-21.664400430342845,21.693203761970473,False,dwarf
151.84311688518,16.00560289925,,,simbad,,,,,,,,,29.475262586919293,-30.627619209707134,42.50696605290321,False,dwarf
151.88726215222,15.838166329320002,,,simbad,,,,,,,,,46.50282573488914,-97.84096618076427,108.3299010639026,False,dwarf
151.89570901955,15.908765631320001,,,simbad,,,,,,,,,49.76092284264243,-69.50058998203829,85.4779588549166,False,dwarf
151.88720180033,15.957912370250002,,,simbad,,,,,,,,,46.47954700792225,-49.77182453026674,68.09980034576692,False,dwarf
151.96981232624,15.960839810169997,,,simbad,,,,,,,,,78.3437997565811,-48.59667482932761,92.19212420140173,False,dwarf
151.66121725876,16.00941455901,,,simbad,,,,,,,,,-40.686446315006016,-29.097520915817967,50.020522160312666,False,dwarf
151.87171729239,16.33028880313,,,simbad,,,,,,,,,40.5069149582776,99.70965611324894,107.62353683864647,False,dwarf
151.58733276167,16.113942231159996,,,simbad,,,,,,,,,-69.1849247298108,12.862575968821732,70.37044600131007,False,dwarf
151.57502907065,16.205815789509998,,,simbad,,,,,,,,,-73.93066283139139,49.742986009627174,89.10728120553809,False,dwarf
151.74591509065,16.16658557779,,,simbad,,,,,,,,,-8.01708496091022,33.994969711952706,34.92751947944535,False,dwarf
151.87597657071,16.06722907555,,,simbad,,,,,,,,,42.14978939129318,-5.889286527169579,42.559234503565406,False,dwarf
151.91317916666668,15.899258333333332,,,simbad,,,,,,,,,56.499448922096846,-73.31706399725768,92.5612208307486,False,dwarf
151.78714583333334,16.079336111111107,,,simbad,,,,,,,,,7.886297706191084,-1.0292109636299007,7.953173374089788,False,dwarf
151.70375371041,16.10372296754,,,simbad,,,,,,,,,-24.279429999867357,8.76030063096339,25.811501085045723,False,dwarf
151.78215,15.967036111111106,,,simbad,,,,,,,,,5.959321763714813,-46.10932021339165,46.4928266125493,False,dwarf
151.66203358963,15.909093608319997,,,simbad,,,,,,,,,-40.37157393182843,-69.36893157606112,80.26152658489208,False,dwarf
151.62895254796,15.928775236539996,,,simbad,,,,,,,,,-53.13148147810981,-61.46821964043547,81.24836213625197,False,dwarf
151.65745644118,16.03957838841,,,simbad,,,,,,,,,-42.13705615668128,-16.988983740901077,45.43299538991363,False,dwarf
151.78473243766,16.158359133010002,,,simbad,,,,,,,,,6.955410886735897,30.692663127629803,31.4708962450943,False,dwarf
151.63559166666664,16.155575000000002,,,simbad,,,,,,,,,-50.57066305737852,29.57504050735732,58.58391403000259,False,dwarf
151.57974456405,15.977172221659998,,,simbad,,,,,,,,,-72.11181866017898,-42.04042465763275,83.47162209920587,False,dwarf
151.90825833333335,15.916224999999999,,,simbad,,,,,,,,,54.60140172605276,-66.5062074795581,86.04875771191486,False,dwarf
151.5969,15.98899722222222,,,simbad,,,,,,,,,-65.49468190790043,-37.293565198830706,75.36818535334719,False,dwarf
151.9172778016,15.982111751639998,,,simbad,,,,,,,,,58.08036053113073,-40.05757023963758,70.5544981764425,False,dwarf
151.64554086734,15.95450696073,,,simbad,,,,,,,,,-46.733091011797626,-51.13884352583115,69.2759923254543,False,dwarf
151.92919585541,16.15310151368,,,simbad,,,,,,,,,62.67735195190392,28.58211946075473,68.88677667427682,False,dwarf
151.55937773252,16.07353377595,,,simbad,,,,,,,,,-79.96764405788386,-3.3584175795367543,80.03813506577318,False,dwarf
151.69975566087,16.13664297163,,,simbad,,,,,,,,,-25.821544151079337,21.975237237193966,33.90668361808768,False,dwarf
151.81461698733,16.09782901611,,,simbad,,,,,,,,,18.48237834608646,6.394316887623042,19.55723901237664,False,dwarf
151.70439400609,16.063546622249998,,,simbad,,,,,,,,,-24.032457315011893,-7.367518023796594,25.136414351073153,False,dwarf
151.64804139817,16.03919053409,,,simbad,,,,,,,,,-45.768594714325886,-17.14467844364992,48.87437223188011,False,dwarf
151.92722595214,15.987706624809997,,,simbad,,,,,,,,,61.917527522823576,-37.81164420453403,72.54998726388509,False,dwarf
151.8118041666667,15.966344444444445,,,simbad,,,,,,,,,17.397426669953504,-46.386973008561206,49.54212066144722,False,dwarf
151.81284166666666,16.11893888888889,,,simbad,,,,,,,,,17.79760766216397,14.868362935004209,23.191012372540456,False,dwarf
151.68440833333332,16.009925,,,simbad,,,,,,,,,-31.741263439365582,-28.892616769828294,42.921918742472,False,dwarf
151.77069078428,15.984397534430002,,,simbad,,,,,,,,,1.5393118196912927,-39.13999821920494,39.170255826042386,False,dwarf
151.89557536942,15.82183541484,,,simbad,,,,,,,,,49.709371766369095,-104.39661541412953,115.62731057727132,False,dwarf
151.56472793356,16.01581131266,,,simbad,,,,,,,,,-77.90398260171237,-26.52969942529587,82.29735996254344,False,dwarf
151.96703236777,16.07638567611,,,simbad,,,,,,,,,77.27152357454558,-2.2135914817438263,77.30322336603825,False,dwarf
151.57367965104999,16.138904974319995,,,simbad,,,,,,,,,-74.45115639714314,22.88326331367002,77.88849997756166,False,dwarf
151.91000000000003,15.90333333333333,,,simbad,,,,,,,,,55.27319150416186,-71.68125415582605,90.51700335521431,False,dwarf
151.69411339673,15.96805751685,,,simbad,,,,,,,,,-27.997859198730563,-45.69930167111536,53.59390163945473,False,dwarf
151.83820779862,16.18841133478,,,simbad,,,,,,,,,27.581746316572936,42.756390099913666,50.88085714930302,False,dwarf
151.67544008447,16.18222811152,,,simbad,,,,,,,,,-35.20046606936086,40.27428520163645,53.4891658189112,False,dwarf
151.88798333333335,15.96018611111111,,,simbad,,,,,,,,,46.78099727562605,-48.85908644990716,67.64371393427207,False,dwarf
151.55087304166668,15.937831111111112,,,simbad,,,,,,,,,-83.24804465955764,-57.83295859842291,101.36512240354963,False,dwarf
151.71804130281,16.043298959489995,,,simbad,,,,,,,,,-18.768468165547922,-15.495450786692345,24.338537186198973,False,dwarf
151.83334829766,16.02716536997,,,simbad,,,,,,,,,25.7073560362016,-21.971888704343744,33.817629242868264,False,dwarf
151.80323591378,15.921269983690003,,,simbad,,,,,,,,,14.09250913567094,-64.48102122925859,66.0030371460819,False,dwarf
151.65505011286,16.10581040919,,,simbad,,,,,,,,,-43.06521698048253,9.598253414885571,44.12186965884836,False,dwarf
151.81093779476,15.991355158390004,,,simbad,,,,,,,,,17.06325262730533,-36.34702895619834,40.15297129934425,False,dwarf
151.89286580119,16.116939970620002,,,simbad,,,,,,,,,48.6642462697121,14.065945713785444,50.65628977552883,False,dwarf
151.69899151826,16.034316448370003,,,simbad,,,,,,,,,-26.116286655053603,-19.101261851932062,32.356122032545954,False,dwarf
151.80071906763,16.179457415770003,,,simbad,,,,,,,,,13.121719748130756,39.16205664324218,41.30189111502031,False,dwarf
151.8050375,16.110458333333337,,,simbad,,,,,,,,,14.78741088131008,11.464049747621052,18.710744431706026,False,dwarf
151.9279753848,16.018588146800003,,,simbad,,,,,,,,,62.2065961546137,-25.415006759223367,67.19808906296792,False,dwarf
151.69905510695,15.991608993020002,,,simbad,,,,,,,,,-26.09175944053734,-36.2451332050705,44.65970881853322,False,dwarf
151.63152194415,16.20478918076,,,simbad,,,,,,,,,-52.140422666816264,49.33087884482967,71.77854333627502,False,dwarf
151.6614375,16.103800000000007,,,simbad,,,,,,,,,-40.601495608541256,8.791223442297547,41.54235254848715,False,dwarf
151.5007140047,16.088499316149996,,,simbad,,,,,,,,,-102.5952188111406,2.6491352895408604,102.62941508499456,False,dwarf
151.6433189877,16.1407838892,,,simbad,,,,,,,,,-47.59010691438846,23.637508087149484,53.1370874690454,False,dwarf
151.84883673503,15.90209028204,,,simbad,,,,,,,,,31.681503732308677,-72.18024692614145,78.82706213642014,False,dwarf
151.650375,16.107977777777776,,,simbad,,,,,,,,,-44.86848570634625,10.4682909279889,46.07348613393187,False,dwarf
151.76027803033,15.84868491202,,,simbad,,,,,,,,,-2.4770604284882367,-93.61853646332364,93.65130110095129,False,dwarf
151.7754010945,15.87987558513,,,simbad,,,,,,,,,3.3561567522400857,-81.0977978046199,81.16721380523431,False,dwarf
151.91509366562,15.988255120690003,,,simbad,,,,,,,,,57.237902985468985,-37.591463846620876,68.47843231489578,False,dwarf
151.53648444284,16.2145278998,,,simbad,,,,,,,,,-88.79796635127126,53.2402512248471,103.53551650813519,False,dwarf
151.8731625,15.940108333333338,,,simbad,,,,,,,,,41.06435555137769,-56.9188230101425,70.18570872841487,False,dwarf
151.877875,15.905641666666668,,,simbad,,,,,,,,,42.882045118451124,-70.75462976712011,82.73504352463421,False,dwarf
151.7287010977,15.94946156544,,,simbad,,,,,,,,,-14.65680812124131,-53.16419500295866,55.14756254464471,False,dwarf
151.9696291666667,16.06993611111111,,,simbad,,,,,,,,,78.27315206521891,-4.802612806438955,78.42035082804371,False,dwarf
151.98648147873,16.145315256550003,,,simbad,,,,,,,,,84.77336889678679,25.456515524271694,88.51304003788472,False,dwarf
151.90750269861,16.02277484449,,,simbad,,,,,,,,,54.30994085535262,-23.734358591272596,59.26963348504034,False,dwarf
151.74958004007,15.857293845379996,,,simbad,,,,,,,,,-6.603453061781449,-90.16268912233937,90.40418188397463,False,dwarf
151.6155384555,15.90240218978,,,simbad,,,,,,,,,-58.30551986887361,-72.0550391345563,92.69014139519939,False,dwarf
151.87035,16.07963611111111,,,simbad,,,,,,,,,39.97952756040633,-0.9087832452410738,39.98985510026412,False,dwarf
151.77918308839,16.19784980737,,,simbad,,,,,,,,,4.814934648605624,46.54523583017311,46.79361680995362,False,dwarf
151.91265833333335,15.953583333333334,,,simbad,,,,,,,,,56.29855484970455,-51.509611325900536,76.30705954962839,False,dwarf
151.91227957128,15.970926170030001,,,simbad,,,,,,,,,56.152460031071854,-44.54775048007226,71.67705937310696,False,dwarf
151.707244726,16.046429476260002,,,simbad,,,,,,,,,-22.93288726959179,-14.238780813404905,26.993706628990264,False,dwarf
151.79109583333334,15.985458333333336,,,simbad,,,,,,,,,9.409878351279218,-38.71416624721663,39.84134132785944,False,dwarf
151.70352916666667,15.977872222222226,,,simbad,,,,,,,,,-24.366040253371732,-41.75942642236913,48.34825346125952,False,dwarf
151.61890975767,16.2760090155,,,simbad,,,,,,,,,-57.00515259420248,77.92035285043292,96.54620039454831,False,dwarf
151.74370136004,16.34601282531,,,simbad,,,,,,,,,-8.870957647187522,106.02168316329464,106.39215756039647,False,dwarf
151.68139278149,16.04442514093,,,simbad,,,,,,,,,-32.904411900831924,-15.04337258232602,36.18015175742479,False,dwarf
151.66162500000002,16.172822222222226,,,simbad,,,,,,,,,-40.52917374247062,36.49851924317865,54.541322235457876,False,dwarf
151.90376666666668,15.845905555555559,,,simbad,,,,,,,,,52.86889124566251,-94.73424165531841,108.48823071446024,False,dwarf
151.69490798517,16.10232030222,,,simbad,,,,,,,,,-27.691373232137984,8.197234683800403,28.879176026037662,False,dwarf
151.76261252835,15.813168431790006,,,simbad,,,,,,,,,-1.5766057451291333,-107.87576539417987,107.88728583598582,False,dwarf
151.79629573751,16.19690829491,,,simbad,,,,,,,,,11.415567809476004,46.16728850553442,47.557688299222406,False,dwarf
151.59787708528,16.009084563710005,,,simbad,,,,,,,,,-65.11780387722233,-29.229989519342027,71.377312005239,False,dwarf
151.72485840653,15.81586147399,,,simbad,,,,,,,,,-16.13899796723475,-106.79470896862398,108.00730123042378,False,dwarf
151.62870416666667,16.25334722222222,,,simbad,,,,,,,,,-53.22728627080862,68.82332598705021,87.00456426920597,False,dwarf
151.92770000000002,15.982152777777781,,,simbad,,,,,,,,,62.10037566064591,-40.041101292412954,73.89009710308018,False,dwarf
151.64489166666667,16.11587222222222,,,simbad,,,,,,,,,-46.98349850058264,13.637324035928211,48.92265056408081,False,dwarf
151.70679583333333,16.052308333333336,,,simbad,,,,,,,,,-23.106032631272413,-11.878856333177035,25.980684589550094,False,dwarf
151.8109462914,16.05066278256,,,simbad,,,,,,,,,17.066529922551805,-12.539422750256824,21.177902788213345,False,dwarf
151.94662618449,16.095989235789997,,,simbad,,,,,,,,,69.40051955287413,5.655781733380715,69.63059658817026,False,dwarf
151.5862556559,16.099450700970003,,,simbad,,,,,,,,,-69.60038232573793,7.045302913068707,69.9560541556325,False,dwarf
151.59900833333333,16.05560277777778,,,simbad,,,,,,,,,-64.68146270282772,-10.55638157384725,65.53723223717915,False,dwarf
151.73453750000002,16.183458333333334,,,simbad,,,,,,,,,-12.405610758897387,40.76812788860479,42.61384082481778,False,dwarf
151.56197020193,16.14964383861,,,simbad,,,,,,,,,-78.96768552217378,27.19411972873487,83.51895296607651,False,dwarf
151.91923333333335,16.179763888888893,,,simbad,,,,,,,,,58.8346416196934,39.28508283809246,70.74484283757754,False,dwarf
151.8781003475429,16.11419858611639,,,simbad,,,,,,,,,42.96896541081001,12.965483443808324,44.88246594614711,False,dwarf
151.83964668600873,16.37106721030139,,,simbad,,,,,,,,,28.13674909529279,116.07915789702017,119.44056073098785,False,dwarf
151.65622464505,16.1986489548,,,simbad,,,,,,,,,-42.61218039524215,46.866034169006475,63.342111401240345,False,dwarf
151.82541914205,16.06742057966,,,simbad,,,,,,,,,22.648948942711254,-5.812411850406207,23.38287877333079,False,dwarf
151.55962916666667,16.014133333333334,,,simbad,,,,,,,,,-79.87066172893218,-27.20328349800205,84.37618880993726,False,dwarf
151.850125,15.93864166666667,,,simbad,,,,,,,,,32.17840894092787,-57.50758074448192,65.89819303328957,False,dwarf
151.65271249999998,16.198516666666666,,,simbad,,,,,,,,,-43.96687310941267,46.81293030878225,64.22255347706208,False,dwarf
151.92825126266,16.27460774638,,,simbad,,,,,,,,,62.31300683004459,77.35784737387091,99.33351584697026,False,dwarf
151.54421748108,15.975219049369997,,,simbad,,,,,,,,,-85.81520498666087,-42.824478265975245,95.90717046006316,False,dwarf
151.76135833333336,15.831352777777779,,,simbad,,,,,,,,,-2.0603696065300685,-100.57610106858506,100.5972028889161,False,dwarf
151.64306831623,16.20966353402,,,simbad,,,,,,,,,-47.68679506627858,51.287569650553586,70.03174440461723,False,dwarf
151.79125833333333,16.208327777777775,,,simbad,,,,,,,,,9.472557301865926,50.751362728642945,51.627804143227145,False,dwarf
151.58590720879,16.069873995950005,,,simbad,,,,,,,,,-69.73478416691604,-4.827547430203804,69.90168336311531,False,dwarf
151.71488201412,16.146588317179997,,,simbad,,,,,,,,,-19.987058317537326,25.967554814402327,32.76883280233868,False,dwarf
151.58224372833,16.03050486626,,,simbad,,,,,,,,,-71.14784946374314,-20.63132897511538,74.07879736196378,False,dwarf
151.58540455743,16.07853987294,,,simbad,,,,,,,,,-69.92866515003277,-1.3488414510948177,69.94167272038608,False,dwarf
151.89444583333335,15.948249999999998,,,simbad,,,,,,,,,49.273690925976446,-53.650548541681054,72.84420345018489,False,dwarf
151.82343333333333,16.054372222222224,,,simbad,,,,,,,,,21.882989518515096,-11.050358233529789,24.51480465671267,False,dwarf
151.755584678,16.033352743500004,,,simbad,,,,,,,,,-4.287364421038108,-19.488117780909143,19.954153159715162,False,dwarf
151.65108902661,16.02832835221,,,simbad,,,,,,,,,-44.59307377644589,-21.505037712048093,49.507664818976835,False,dwarf
151.61056164693,16.04453615331,,,simbad,,,,,,,,,-60.225157643957075,-14.998809356871867,62.06475566183491,False,dwarf
151.7824747082,16.122655181710005,,,simbad,,,,,,,,,6.084567112782949,16.360178486026612,17.455010657247044,False,dwarf
151.61141750823,15.97170232698,,,simbad,,,,,,,,,-59.89503771697731,-44.23618111140926,74.45975599234485,False,dwarf
151.795304,16.190215,,,simbad,,,,,,,,,11.03303817016484,43.48042772384497,44.85839415664387,False,dwarf
151.83140191243,16.1346978298,,,simbad,,,,,,,,,24.956602905998977,21.1944072621042,32.74194447187967,False,dwarf
151.97333828038,16.00933336342,,,simbad,,,,,,,,,79.70381886624172,-29.130114914640682,84.86025180732638,False,dwarf
151.77569166666666,15.994191666666666,,,simbad,,,,,,,,,3.4682352659385383,-35.208381556378065,35.378790082186285,False,dwarf
151.69092999302,15.9950249107,,,simbad,,,,,,,,,-29.225750914690003,-34.873895963730085,45.50091357562585,False,dwarf
151.55041666666668,15.944166666666668,,,simbad,,,,,,,,,-83.4240760815539,-55.28970359751067,100.08260485199953,False,dwarf
151.57673333333335,15.899569444444447,,,simbad,,,,,,,,,-73.2733003912726,-73.19217599300232,103.56674744733608,False,dwarf
151.57416666666666,15.898888888888887,,,simbad,,,,,,,,,-74.26330638007684,-73.46536850230918,104.46147157531931,False,dwarf
151.66390026083,16.0023871175,,,simbad,,,,,,,,,-39.651567827766584,-31.91851673965751,50.90224496090296,False,dwarf
151.65189171121,15.926119369029998,,,simbad,,,,,,,,,-44.28346498640852,-62.534353188998914,76.62617437905227,False,dwarf
151.9129841942,16.03966096664,,,simbad,,,,,,,,,56.42424480144754,-16.955834714809882,58.91685439914144,False,dwarf
151.75593317649,16.04286928398,,,simbad,,,,,,,,,-4.152942761748612,-15.667933591078043,16.208981355927087,False,dwarf
151.6695955189,16.11056296828,,,simbad,,,,,,,,,-37.45481214061502,11.506052907255315,39.18229454732482,False,dwarf
151.62490432309,16.336726245700003,,,simbad,,,,,,,,,-54.692949087968934,102.29381118310454,115.99716585461822,False,dwarf
151.81158333333335,16.107533333333336,,,simbad,,,,,,,,,17.312247583250695,10.28987949334148,20.1394025822828,False,dwarf
151.74694816666664,16.351075166666668,,,simbad,,,,,,,,,-7.618610372589772,108.05383722756989,108.3220889920957,False,dwarf
151.885108625,16.334890305555554,,,simbad,,,,,,,,,45.6721744966426,101.55681757413026,111.35409610354235,False,dwarf
151.877679,16.218238,,,simbad,,,,,,,,,42.80644466113046,54.72958089843233,69.4817870369241,False,dwarf
151.6579375,15.960425,,,simbad,,,,,,,,,-41.95150377507555,-48.76319030378301,64.32555788792769,False,dwarf
151.90216618857,16.005774567730004,,,simbad,,,,,,,,,52.2515602454151,-30.5587070651544,60.53148045087086,False,dwarf
151.67541666666665,15.985555555555555,,,simbad,,,,,,,,,-35.20949870530412,-38.67513874588763,52.301770104772466,False,dwarf
151.81738750000002,16.007113888888888,,,simbad,,,,,,,,,19.551011126096206,-30.021069093979058,35.826060704439755,False,dwarf
