rho_s,r_s,MBH,chi2,reward,status,proposal_id
0.1,2.0,50000.0,,,todo,
5.328797414872801,160.28756660703593,509553.035526467,765.8794984996439,-765.8794984996439,pass,1.0
7.1359267542957845,77.17398653161692,752693.6088721111,836.4102046520859,-836.4102046520859,pass,2.0
8.838907957711747,46.55423485173533,670546.4383489265,751.57873301747,-751.57873301747,pass,3.0
6.4348081407401265,217.11578803620247,748725.2000668047,670.0109327830572,-670.0109327830572,pass,4.0
0.8400055839466563,68.5632508512533,229271.34235539447,836.3094965914022,-836.3094965914022,pass,5.0
4.976358302845865,183.42814692838922,216820.3150291016,755.8595774933784,-755.8595774933784,pass,6.0
0.660727460916535,204.67172185077328,586311.9956055923,717.4026482258497,-717.4026482258497,pass,7.0
2.3896639899314946,238.98815866934873,17436.809972561474,661.443370612589,-661.443370612589,pass,8.0
5.004546663721298,65.79873820062804,517222.733572703,720.1322933298536,-720.1322933298536,pass,9.0
1.0419656950102028,65.60190641693485,684303.0585907588,875.6759062663033,-875.6759062663033,pass,10.0
7.976807409073563,67.41419574745436,641451.390803924,818.7980264969198,-818.7980264969198,pass,11.0
9.924259831415194,170.076767514966,11719.603849739357,1183.8170778349104,-1183.8170778349104,pass,12.0
5.803887779401211,129.1241147530921,117631.51198039457,692.7396177619634,-692.7396177619634,pass,13.0
0.15534682368593758,63.23013080181356,263521.38833492476,852.9091746718957,-852.9091746718957,pass,14.0
6.387709295511174,51.01479701922671,466387.32521748316,782.0261869823292,-782.0261869823292,pass,15.0
3.6422486034874577,18.474067157690044,184306.84792708352,830.6657661034145,-830.6657661034145,pass,16.0
3.174873270855564,42.95239976125074,375270.3965468425,740.685222817722,-740.685222817722,pass,17.0
5.556048257122872,184.85283046981482,377924.1012856119,866.3005909180753,-866.3005909180753,pass,18.0
7.155258700299037,105.90202074917073,994293.999639954,870.6513414242941,-870.6513414242941,pass,19.0
2.8993928464913075,43.19582063858879,87994.36801404702,756.1772830487978,-756.1772830487978,pass,20.0
9.01292998492924,92.77266897139663,678141.6307301099,702.5311266081625,-702.5311266081625,pass,21.0
5.8953271527834366,191.56632246242626,727126.9419934973,665.2941026975013,-665.2941026975013,pass,22.0
1.516492140797528,88.46540095641869,323488.9179109829,758.5515152858998,-758.5515152858998,pass,23.0
9.911880818109669,88.22203361178714,107952.04506872369,707.2152109072114,-707.2152109072114,pass,24.0
3.022321715847903,183.3789397512619,442643.797744922,721.3297555642915,-721.3297555642915,pass,25.0
4.618365588685755,278.45767532607135,626208.3528074689,994.1900797973315,-994.1900797973315,pass,26.0
4.019837866516967,276.0521059290554,37529.79914991739,619.2168576190079,-619.2168576190079,pass,27.0
4.342418634111553,285.775539648639,223914.08193501196,870.7554353114206,-870.7554353114206,pass,28.0
9.538120279925016,161.73778274314992,5370.965482327961,1235.593927210486,-1235.593927210486,pass,29.0
8.843880532467171,211.62044780879046,436740.78660357196,854.6296037814154,-854.6296037814154,pass,30.0
3.4549832062501555,264.25260568725975,86159.35684031318,549.937008663217,-549.937008663217,pass,31.0
0.0862878696858357,103.47672674503443,82497.21105876162,779.1351689662113,-779.1351689662113,pass,32.0
4.987406482361097,235.825621680003,477737.4172647124,1177.252633235908,-1177.252633235908,pass,33.0
5.768743365870125,286.471549751945,914233.4407392448,737.0215090668215,-737.0215090668215,pass,34.0
7.255492243254749,198.60403918339827,166486.69255285198,568.3413210927249,-568.3413210927249,pass,35.0
3.7653758295130584,161.12836579531515,307108.3482662232,773.764462286529,-773.764462286529,pass,36.0
1.2464264641851635,38.31792187075061,427004.06555017224,822.9289606443717,-822.9289606443717,pass,37.0
5.675895395933263,171.92393499346758,188475.12765189688,837.7542079155033,-837.7542079155033,pass,38.0
5.149412994047157,22.561201062992158,633085.549152144,906.6461346771033,-906.6461346771033,pass,39.0
6.742075622404504,184.77483064308424,914628.8834121665,638.999541361473,-638.999541361473,pass,40.0
0.9164384643990885,168.30787463936954,205201.93067486314,741.2903463021441,-741.2903463021441,pass,41.0
5.75357039093984,37.02445130437931,150355.565530479,748.6888156684626,-748.6888156684626,pass,42.0
4.783057246103879,159.85357958840186,916276.0547950902,893.7112877823205,-893.7112877823205,pass,43.0
3.1122533822261413,15.486332928545119,638235.3019646981,1010.1407457404963,-1010.1407457404963,pass,44.0
0.6835721545210847,126.83998515122495,501895.2156565294,802.3199494887137,-802.3199494887137,pass,45.0
0.715900885450893,298.5728694857369,366210.49595541565,773.6159706686127,-773.6159706686127,pass,46.0
6.843181118948488,115.10269202792675,988679.1926745322,919.9609179507313,-919.9609179507313,pass,47.0
6.140127212818518,183.56673911671567,517934.2585164103,1132.4096725122793,-1132.4096725122793,pass,48.0
3.0890314382470585,32.25745471786203,627931.4435111386,922.9455703002378,-922.9455703002378,pass,49.0
0.786330058355148,274.7572909014861,278472.0856118291,714.0473477576406,-714.0473477576406,pass,50.0
4.673480750568222,266.7089376508269,662032.8460816332,994.5822304580868,-994.5822304580868,pass,51.0
1.921577247644371,50.762118893113,980317.2698695601,835.281414305583,-835.281414305583,pass,52.0
0.31665829331141254,135.86806880588048,844670.8729801108,849.8032479907727,-849.8032479907727,pass,53.0
8.164030358539954,171.49637701914597,119295.26911768552,615.4398022332739,-615.4398022332739,pass,54.0
3.436488335980377,77.1993754853914,188302.89503398933,727.673321714883,-727.673321714883,pass,55.0
8.393692531636665,71.79375392351254,665775.4908202117,873.150758182206,-873.150758182206,pass,56.0
6.510684828853933,14.598186599844642,473521.3022285375,941.8481062281777,-941.8481062281777,pass,57.0
1.4602154396139237,184.14074575360314,305686.02009923704,862.9062388538248,-862.9062388538248,pass,58.0
7.488996413056978,237.18113504593055,712850.3001736986,1187.6631761683655,-1187.6631761683655,pass,59.0
1.2935301045634862,70.045371224557,505167.79405250045,917.3071502878948,-917.3071502878948,pass,60.0
0.1160628447674984,146.25789178842567,199505.10222414465,778.2506370414394,-778.2506370414394,pass,61.0
3.8003175917837138,240.650429485995,244704.77230085863,760.1728904168459,-760.1728904168459,pass,62.0
9.95619383867947,163.68541135358944,747535.2180261454,941.7011972255266,-941.7011972255266,pass,63.0
6.05740791267568,216.49485135055275,456167.1837307726,922.6640201126222,-922.6640201126222,pass,64.0
0.006378013373539066,184.35818206281328,376781.818472084,1309.7137778863257,-1309.7137778863257,pass,65.0
3.920023926490446,67.07938951565929,25938.893300557764,724.948467370182,-724.948467370182,pass,66.0
1.2380293765017651,280.9325065229235,950610.8939104313,667.1218491530153,-667.1218491530153,pass,67.0
1.3237418394231022,243.0271945561815,597598.6131148207,715.7653685039539,-715.7653685039539,pass,68.0
9.066607555854821,259.25123964090085,373159.78174448636,446.1746785234514,-446.1746785234514,pass,69.0
9.942112655804214,109.73592803906554,126809.73373467274,685.3463049177166,-685.3463049177166,pass,70.0
7.060714517624131,151.53222416304033,975362.9165184562,708.4469612392168,-708.4469612392168,pass,71.0
5.498062157370714,172.3339522652892,987549.2267903641,917.3720254061138,-917.3720254061138,pass,72.0
0.44101602810840546,254.41502039375578,915768.2809273043,821.6642869526111,-821.6642869526111,pass,73.0
9.473309943477298,97.19424854564875,28415.250793190182,682.1371576408573,-682.1371576408573,pass,74.0
0.7636298599757895,217.22435838725838,46264.852550852775,965.4578053594433,-965.4578053594433,pass,75.0
6.343528963938933,86.33778514515356,900398.6371668641,746.4318441232604,-746.4318441232604,pass,76.0
3.176887904084562,97.15163210410093,543357.5802780571,723.492549384454,-723.492549384454,pass,77.0
7.998558445517317,291.66099940551084,328325.8803644726,363.89541465761755,-363.89541465761755,pass,78.0
0.6017817140302157,29.455354672146655,709049.4694181989,1169.450007481376,-1169.450007481376,pass,79.0
9.294266618821302,149.8485618394704,78480.3819731249,973.6573273354715,-973.6573273354715,pass,80.0
5.0483279051028775,263.9180976700761,209467.03113584264,677.2002970725358,-677.2002970725358,pass,81.0
2.4666861628001895,161.3537152707281,767924.833285459,686.4319719383233,-686.4319719383233,pass,82.0
8.04083970266919,265.26950573744097,574289.035317168,761.4144974271903,-761.4144974271903,pass,83.0
6.169107933406406,240.53386340975084,955412.4515692221,753.2365690844005,-753.2365690844005,pass,84.0
8.173371915004028,34.82980770764876,673065.2492349953,839.5288089619714,-839.5288089619714,pass,85.0
6.830446043453142,152.06555217716928,634615.2416437024,747.5048181362712,-747.5048181362712,pass,86.0
7.302229044974559,40.65469804877515,241823.5069712711,750.5126554788516,-750.5126554788516,pass,87.0
7.164120954631037,142.3401365762083,240922.8313173819,761.4159899636267,-761.4159899636267,pass,88.0
2.9911478391030166,252.9562837290717,823610.2380524322,686.0733415251443,-686.0733415251443,pass,89.0
1.5631628613432835,148.10792473772972,984673.2904275632,786.5850264832734,-786.5850264832734,pass,90.0
5.049999980085473,138.00166987390958,781922.759603602,919.1220490939911,-919.1220490939911,pass,91.0
8.794567274511053,217.63841801154163,538454.9598058277,641.0809483570106,-641.0809483570106,pass,92.0
4.571581648485626,203.53239071626015,930735.258300911,637.5711471817688,-637.5711471817688,pass,93.0
7.414646488622018,280.5933576851275,620780.4874883043,872.4182623960942,-872.4182623960942,pass,94.0
6.974942980300002,47.910608657103204,831163.5766244591,829.8935422230078,-829.8935422230078,pass,95.0
7.172797874324761,167.33397548746154,113291.5330905715,693.8921828875771,-693.8921828875771,pass,96.0
8.592258834111245,116.44128385806127,476516.3713602436,1011.2157650695412,-1011.2157650695412,pass,97.0
4.967783306917147,66.86012274509918,14757.774291587422,763.0441165291579,-763.0441165291579,pass,98.0
5.991844396588838,82.45797108577631,969946.1054202964,809.4853686012026,-809.4853686012026,pass,99.0
3.7944788907096747,75.42794033148586,4757.1653990226005,833.4616247409749,-833.4616247409749,pass,100.0
1.7716588759660232,27.88562695505029,21147.322223372455,763.393935934542,-763.393935934542,pass,101.0
5.711538924206313,281.9273572581604,109378.69566690717,638.0640711397252,-638.0640711397252,pass,102.0
5.048846816036671,12.484319155811454,771622.6977575314,1083.9468373579991,-1083.9468373579991,pass,103.0
0.21890981701580595,187.72118026431767,86.78067014256108,1237.9767539296743,-1237.9767539296743,pass,104.0
5.88627639014056,288.284205525633,231888.44275711328,406.9679694047859,-406.9679694047859,pass,105.0
6.212462868273861,60.53713529226533,364084.77903597936,830.922619605209,-830.922619605209,pass,106.0
5.554932814369668,86.32857399769324,575871.3064101784,857.7173992792447,-857.7173992792447,pass,107.0
8.87481311184035,9.224516261894523,296171.10013860423,908.8868228692847,-908.8868228692847,pass,108.0
2.0594275055870788,119.19102280859079,851593.8523661754,896.4856151056273,-896.4856151056273,pass,109.0
4.375961385449403,156.37842503178442,594919.7862901131,732.1326746773132,-732.1326746773132,pass,110.0
6.700896109056904,48.95407704487372,629442.3753477931,768.5442080607269,-768.5442080607269,pass,111.0
5.044501198262633,161.15389359815748,847930.1418959391,854.323714845686,-854.323714845686,pass,112.0
9.396501109555789,145.31202815994442,390864.6758317135,896.1617365601122,-896.1617365601122,pass,113.0
5.140553160043722,223.29230836244332,746471.9173683998,805.9478101019151,-805.9478101019151,pass,114.0
3.5825789395421497,74.92495221164589,456522.2831146917,721.6732343310513,-721.6732343310513,pass,115.0
6.648785520848457,29.02618815895642,481994.2232828457,817.8198235467399,-817.8198235467399,pass,116.0
2.739197825003925,223.19596526279355,566568.3170748259,900.2841892579851,-900.2841892579851,pass,117.0
8.821039290773351,137.45601407288703,496748.27312374616,964.532432943537,-964.532432943537,pass,118.0
7.560710954378725,134.12722924492152,475608.8952254393,848.4480519567359,-848.4480519567359,pass,119.0
3.88547542328833,93.75596881061777,587882.9744969846,712.2033903795648,-712.2033903795648,pass,120.0
9.469088397979366,57.52788919064464,637627.9657842481,836.0794581068043,-836.0794581068043,pass,121.0
3.3761851960258067,254.83237159341044,473909.03597208724,787.6000136846197,-787.6000136846197,pass,122.0
8.53068346000666,7.8555994379128125,569481.5573797111,1140.5787429342795,-1140.5787429342795,pass,123.0
5.49306468060503,192.50607074886284,342535.4253727285,648.2259384595216,-648.2259384595216,pass,124.0
4.6590390931161405,281.4686787332236,408049.1517937742,981.4894523555139,-981.4894523555139,pass,125.0
4.187731092630161,280.08218239859593,123824.4280060079,575.6652923619522,-575.6652923619522,pass,126.0
0.4996286846784645,177.40492458203965,598920.3546138667,905.9777157266933,-905.9777157266933,pass,127.0
9.152620721862862,29.23844094726383,338451.77550571057,730.2501595981194,-730.2501595981194,pass,128.0
6.7045404958505515,243.9636358738545,397060.68914745795,517.9399015816773,-517.9399015816773,pass,129.0
4.773346144097363,253.7797204539455,539833.3875139825,926.4141384499306,-926.4141384499306,pass,130.0
8.186345233855686,141.1797847355604,718274.4832625194,733.1979909854404,-733.1979909854404,pass,131.0
5.37149004796544,75.74713629534303,245772.07400730584,828.76045875483,-828.76045875483,pass,132.0
9.160627974976256,294.40993685792625,234609.11866500767,199.34161860730774,-199.34161860730774,pass,133.0
3.9984494409397806,213.04128975645764,340197.9402046199,1052.346407981999,-1052.346407981999,pass,134.0
1.287324405690833,208.32284590481035,771390.8333474152,839.1428924531742,-839.1428924531742,pass,135.0
8.633781157714294,168.97767293492726,791274.461186606,730.7128812541982,-730.7128812541982,pass,136.0
3.064409584041627,271.45152640177974,846079.985203492,663.4241245241392,-663.4241245241392,pass,137.0
1.673675154878254,87.52276832374696,265790.6915394083,758.9663892484091,-758.9663892484091,pass,138.0
8.112824650483148,185.6716701522626,731721.4549275475,1013.1290713730556,-1013.1290713730556,pass,139.0
4.568333759675961,84.19307381049923,782069.589713193,810.2440093089078,-810.2440093089078,pass,140.0
9.038913190433018,61.30557778632839,881790.5498530501,744.1055140473179,-744.1055140473179,pass,141.0
0.10703957928891286,91.21505428256398,603669.1311345235,1003.9997094913211,-1003.9997094913211,pass,142.0
5.373410041673742,82.56041411161854,261935.5415049287,749.5713039752407,-749.5713039752407,pass,143.0
6.684147261649001,134.05848828286454,580923.230180059,854.6328599198343,-854.6328599198343,pass,144.0
8.554152530083725,126.9991626830776,325773.81053213915,903.1209698558248,-903.1209698558248,pass,145.0
8.042996128751831,132.50517766268953,176798.44355547757,677.6525836181984,-677.6525836181984,pass,146.0
0.5318886083536581,151.09907165362435,49281.33578120852,755.7798303001871,-755.7798303001871,pass,147.0
9.926333982578141,48.16697651702826,16820.827006919557,821.4332093648013,-821.4332093648013,pass,148.0
5.607202685953801,65.13733910193596,350112.5934390983,806.3200252081774,-806.3200252081774,pass,149.0
7.1623523768928266,50.16376973420796,880574.7760395609,767.953055487877,-767.953055487877,pass,150.0
0.1606358358431616,45.38925319967185,861859.6953671313,1306.9339939219465,-1306.9339939219465,pass,151.0
0.7216497905170827,290.39547927613,289279.64000750415,708.3893779040786,-708.3893779040786,pass,152.0
6.104489660179418,222.84765468901708,861170.0473834857,801.2460196511204,-801.2460196511204,pass,153.0
2.662778095744572,83.27304888782193,618970.3327560128,747.7069510621109,-747.7069510621109,pass,154.0
3.5703973102861877,183.18963155931422,779744.1321753322,799.190401073126,-799.190401073126,pass,155.0
0.07833517494228898,151.08782127469337,334058.9702110751,815.3613570634666,-815.3613570634666,pass,156.0
9.94131287530373,212.31383909374668,754967.4363941599,711.1873197220174,-711.1873197220174,pass,157.0
0.026088234791304534,239.20671759874918,927403.8778768799,1131.577857264991,-1131.577857264991,pass,158.0
1.6068185091581197,111.67681146965182,454550.3584785413,794.6056712072633,-794.6056712072633,pass,159.0
2.53731463545367,8.216735173155667,674187.8849310399,1359.4380973829275,-1359.4380973829275,pass,160.0
6.606842516699854,165.58361733652595,635109.3250511468,755.2779369803087,-755.2779369803087,pass,161.0
4.457739077778135,166.8658596649594,145947.2552511144,636.6157648729175,-636.6157648729175,pass,162.0
7.742872867860764,269.96887685056595,388882.8755602477,434.15719756852224,-434.15719756852224,pass,163.0
0.5129180009397327,296.6651907094757,800189.3839978458,887.150196015971,-887.150196015971,pass,164.0
8.974265182386503,21.500616545081183,989684.6394890317,970.9152755872645,-970.9152755872645,pass,165.0
1.4342464936578312,126.49158487775907,651944.0060029305,889.2923490170642,-889.2923490170642,pass,166.0
7.663865203537701,197.48433776315682,182621.95705558494,456.0329581624176,-456.0329581624176,pass,167.0
7.2042924994508235,50.34649034701102,236381.73896230673,739.0217727083015,-739.0217727083015,pass,168.0
7.1985615268832825,19.573892578484354,411977.11925756873,797.9771036937276,-797.9771036937276,pass,169.0
7.776198832523143,9.122227446659508,531507.9747568943,1317.9826982682237,-1317.9826982682237,pass,170.0
3.9975063544058256,54.37591647688533,227404.2485704464,820.7166225162474,-820.7166225162474,pass,171.0
9.969673080703453,195.4484171443947,230216.53535523202,806.6542219816266,-806.6542219816266,pass,172.0
2.911980670121408,235.9677437066693,366868.3868625203,825.9603629014139,-825.9603629014139,pass,173.0
2.615807243059025,224.0551123328771,38244.693728815226,627.8881653084165,-627.8881653084165,pass,174.0
6.131453792408777,29.37777222688304,363327.6917963881,753.9380467011914,-753.9380467011914,pass,175.0
6.523078974182044,159.21901910467906,846834.4252652086,827.2108730346018,-827.2108730346018,pass,176.0
9.031074700531114,73.17188182483602,36892.26003265167,822.2480778475096,-822.2480778475096,pass,177.0
3.5923936422746685,35.971802534474996,666131.0064251736,858.7663559890985,-858.7663559890985,pass,178.0
2.2560706956851617,179.490003176344,915396.4848900657,717.6194210250708,-717.6194210250708,pass,179.0
9.218930547759307,21.04663363786594,204668.0670043648,743.6466980732631,-743.6466980732631,pass,180.0
0.6877177991766724,223.78324353278623,607573.1085297508,884.5128840345196,-884.5128840345196,pass,181.0
9.691166860749666,5.145989469986632,373440.16518765147,1194.7200217934897,-1194.7200217934897,pass,182.0
6.349343926468241,100.3000192831458,970545.341109827,820.1660529390693,-820.1660529390693,pass,183.0
7.095312605428706,236.57658834395136,266816.24910026224,656.5607903932868,-656.5607903932868,pass,184.0
2.357928637665159,43.011680074233645,446138.2153161425,837.5997172482279,-837.5997172482279,pass,185.0
7.202058159673233,127.5056187575898,499956.57671649253,976.9186189616032,-976.9186189616032,pass,186.0
0.8084952838712577,109.82547578624872,234451.39053006427,726.9797134956648,-726.9797134956648,pass,187.0
7.103511936579774,226.06294072997463,607020.4388371257,528.6112369129421,-528.6112369129421,pass,188.0
9.552888196939161,192.10413791210476,988935.7350058749,797.4156564943859,-797.4156564943859,pass,189.0
2.6821621396428816,190.97218722398335,347256.5752486716,1014.6962733310598,-1014.6962733310598,pass,190.0
0.4764015130336083,18.396880369070022,60671.46387698274,829.8778237914541,-829.8778237914541,pass,191.0
3.136557988466,24.741116562945667,141137.06761137268,777.2072664839975,-777.2072664839975,pass,192.0
8.28023767511744,191.09327389468785,563532.4085923869,754.0870740119158,-754.0870740119158,pass,193.0
6.388167046282152,96.03043971871037,305919.18024971196,1033.1470456024495,-1033.1470456024495,pass,194.0
6.117998061451202,3.3860602786522414,495708.8247118616,1436.9420081698186,-1436.9420081698186,pass,195.0
6.210606631059816,294.2076632332535,656205.190104153,892.3035449790418,-892.3035449790418,pass,196.0
1.7528053450337886,58.70627944234667,187106.22151508438,781.1169167833548,-781.1169167833548,pass,197.0
1.7041563724411761,81.69506677514076,277078.13003263227,725.6819248627337,-725.6819248627337,pass,198.0
4.911021735331419,71.48241141748733,606295.1188433615,714.0104432750502,-714.0104432750502,pass,199.0
3.9982005470521886,52.63757246910385,49305.08122865685,794.0132301597729,-794.0132301597729,pass,200.0
0.9113610038679646,230.47959360103354,353076.04902089696,779.0793520318402,-779.0793520318402,pass,201.0
5.23966268774557,183.72461738698382,71992.82583641187,660.4694529432408,-660.4694529432408,pass,202.0
4.061813893656568,173.37256619785634,112676.86579994329,906.4511469643687,-906.4511469643687,pass,203.0
9.537061362261591,39.514646738195204,131053.05950151624,851.8920473278221,-851.8920473278221,pass,204.0
0.26991875728467624,297.9464026817022,560799.7152400381,925.8615601526765,-925.8615601526765,pass,205.0
0.6817170465084476,208.75764935014854,910662.8353545154,893.1104765706326,-893.1104765706326,pass,206.0
2.609243496774591,214.20664977499726,8243.098127558524,854.9922010937721,-854.9922010937721,pass,207.0
6.096006126901905,116.49239938138157,653046.6505938612,679.8140685288414,-679.8140685288414,pass,208.0
1.0821490286739777,272.9065125340124,610541.5924580066,694.3709709595994,-694.3709709595994,pass,209.0
0.10723431744316195,68.07352352289762,61536.89454792333,840.5960612686534,-840.5960612686534,pass,210.0
0.444801287084413,75.80693301476832,849956.3071229025,895.0650027590214,-895.0650027590214,pass,211.0
4.1322217770481915,161.0698639009279,991359.9491189924,937.5599668117399,-937.5599668117399,pass,212.0
2.3318299556937605,157.74048117947484,305608.872921849,708.8265218145773,-708.8265218145773,pass,213.0
4.691199410684717,271.49499906416963,921295.5254021691,631.7306418532123,-631.7306418532123,pass,214.0
2.6767129405535193,92.20881346601067,782479.0789856177,738.0337169315112,-738.0337169315112,pass,215.0
0.002510455109400635,265.3264697709907,951162.9114795215,1307.3773860901308,-1307.3773860901308,pass,216.0
0.2590866716887792,78.75057689149351,502976.6293255232,860.6848597121874,-860.6848597121874,pass,217.0
9.742452387517014,113.35410595305046,141509.0982564652,670.2349957363823,-670.2349957363823,pass,218.0
0.7059616077825315,48.12394294280142,929598.3087057874,954.216165232729,-954.216165232729,pass,219.0
6.414126436557476,67.50194850080491,859647.6881600459,795.4975192056214,-795.4975192056214,pass,220.0
7.6517142502225335,186.43530217166392,768588.8878298977,752.1356953905998,-752.1356953905998,pass,221.0
0.2617603558734259,159.47548037822074,636957.4846039434,863.2311297155436,-863.2311297155436,pass,222.0
1.5920151978421684,99.85879069555406,492594.7841959642,770.9193526864617,-770.9193526864617,pass,223.0
8.871815014811856,13.159505378054332,607331.7892121746,862.374012415051,-862.374012415051,pass,224.0
9.566304049991077,186.8492775515963,612410.4125698673,1064.999957360295,-1064.999957360295,pass,225.0
7.756295219757284,108.80759680314722,836630.5347385822,891.0356001325472,-891.0356001325472,pass,226.0
2.0831364473604688,43.87333739495416,290046.4926537848,806.8722650260504,-806.8722650260504,pass,227.0
6.685261520892937,180.02663995723927,326645.390054052,595.4264118733282,-595.4264118733282,pass,228.0
0.47191680041191597,175.46352506118353,327987.04695427214,772.2317864019371,-772.2317864019371,pass,229.0
6.973781600681982,153.18274980688187,440290.46381422854,711.8295738964505,-711.8295738964505,pass,230.0
7.6327236303972965,199.56224912329264,76297.40970158439,751.9597585395774,-751.9597585395774,pass,231.0
6.852412163511037,145.93391028738543,297080.05299680727,736.4503430089476,-736.4503430089476,pass,232.0
7.666733935671162,108.81070633211905,279631.17573852104,843.7583798732554,-843.7583798732554,pass,233.0
4.81172678070401,155.6209317577896,825440.3885796242,885.9923049349727,-885.9923049349727,pass,234.0
4.454404735558825,254.67631865768385,806043.5145879419,851.5298140227156,-851.5298140227156,pass,235.0
5.969831804228054,265.3521072456715,337257.25059234526,797.5058012904648,-797.5058012904648,pass,236.0
4.447849937939824,210.73060812749162,179862.93316996648,625.6805592611694,-625.6805592611694,pass,237.0
1.3181519337777,152.02898191852938,876763.9025395698,706.7235220886247,-706.7235220886247,pass,238.0
2.033146053193241,35.95532298742703,957272.9572991491,1127.286578887609,-1127.286578887609,pass,239.0
7.690307682404686,30.524563574821403,91396.0508722108,821.0803670712197,-821.0803670712197,pass,240.0
1.961035821151582,220.62324299887382,151255.32439432776,836.9581176825931,-836.9581176825931,pass,241.0
2.654781186644168,270.09190262186564,236350.69597156465,933.5162236828348,-933.5162236828348,pass,242.0
0.8654993403019303,167.4136148470587,356805.78926795325,713.1998936078513,-713.1998936078513,pass,243.0
8.234315980404396,192.65646644580664,641151.1549419543,1191.999586608838,-1191.999586608838,pass,244.0
6.182389180398071,294.3936531448641,274236.945962012,474.8574097849415,-474.8574097849415,pass,245.0
9.237653005300649,194.71118771921755,20949.088398507065,726.4853346509024,-726.4853346509024,pass,246.0
0.7548227660660735,242.97148666367278,648800.3374402614,718.4044349552964,-718.4044349552964,pass,247.0
1.5729909687701387,210.4996109793871,151316.7079535128,733.0820604497172,-733.0820604497172,pass,248.0
0.01804338970900564,31.350655389843617,165864.80806589898,1183.2050806469783,-1183.2050806469783,pass,249.0
5.478476610927415,281.77121328292947,720693.7397748958,1026.9691762339207,-1026.9691762339207,pass,250.0
1.7411917243488264,56.828076407660326,803276.7264024222,855.5415627821687,-855.5415627821687,pass,251.0
5.954114028323843,184.82258481920692,511238.7061401525,1010.5862525060451,-1010.5862525060451,pass,252.0
4.349059497771991,275.64881085471166,186807.53738100792,534.9806345481503,-534.9806345481503,pass,253.0
7.546421117857784,175.89117947574107,809747.8722048977,724.908599340154,-724.908599340154,pass,254.0
4.816410097971555,171.80371672676856,994965.5938575902,898.6785201536281,-898.6785201536281,pass,255.0
1.6143685895071205,73.26036321930302,648663.0234345088,828.6861575272482,-828.6861575272482,pass,256.0
1.4501739170798722,23.05610616728292,1000000.0,1068.6953151634755,-1068.6953151634755,pass,257.0
1.3197352586993094,109.53093641010388,548607.0049900005,810.1998001938874,-810.1998001938874,pass,258.0
7.505182062179795,154.28685997389238,1000000.0,681.855287394186,-681.855287394186,pass,259.0
8.319231782519497,164.38867469596997,810407.3078698954,840.8255873428129,-840.8255873428129,pass,260.0
7.655192628590307,210.62918764257523,417065.86029860354,838.941665502057,-838.941665502057,pass,261.0
4.552524970565233,58.014523685479745,287091.68338230584,785.9592818687181,-785.9592818687181,pass,262.0
8.613900874572547,127.26952902102514,365897.7541727436,725.990814927566,-725.990814927566,pass,263.0
6.324288659363616,146.69486371011064,660492.089555059,661.8759827955481,-661.8759827955481,pass,264.0
7.253072417611448,199.62677442147353,88457.78630285198,643.0057683535728,-643.0057683535728,pass,265.0
6.2399433226032786,241.65654359697618,1000000.0,686.400041903985,-686.400041903985,pass,266.0
0.6307204681501564,62.049949286502724,597366.7382782588,905.9481091976711,-905.9481091976711,pass,267.0
0.001,243.712541031268,974425.4098335543,1340.9173132802118,-1340.9173132802118,pass,268.0
9.776475131579868,37.20040086066921,973967.1045405501,730.8741529519049,-730.8741529519049,pass,269.0
7.3280378610735815,203.63721369816878,215096.16520910198,466.0023677382682,-466.0023677382682,pass,270.0
7.704084844410378,72.88193807733225,734494.9330908611,898.791163660756,-898.791163660756,pass,271.0
6.338245978698462,205.1643567617884,733200.9764339922,1220.5577047655042,-1220.5577047655042,pass,272.0
2.6218662594264712,157.90755304691217,804638.536410459,704.889491718126,-704.889491718126,pass,273.0
0.48271717314275114,159.3403633391363,687464.1603851934,1031.4874263227405,-1031.4874263227405,pass,274.0
0.001,109.26878604211207,856004.3740174337,1342.5534451930969,-1342.5534451930969,pass,275.0
7.812411271798165,97.0414997699265,545100.5432352435,731.10449637313,-731.10449637313,pass,276.0
6.98344823904516,194.55931587369815,758218.6307087975,1222.834436926593,-1222.834436926593,pass,277.0
6.736514900383178,29.024275487698677,620715.3014078457,805.350702072304,-805.350702072304,pass,278.0
0.001,96.3462861231244,213956.3634144083,1259.9605640494137,-1259.9605640494137,pass,279.0
0.7196203181998888,201.53032008304257,619275.3041993423,714.9330077958839,-714.9330077958839,pass,280.0
8.206381701498856,97.43589917153642,578439.5880902152,715.8260254837495,-715.8260254837495,pass,281.0
0.001,174.68817264255253,98393.92910764256,1178.1303881081758,-1178.1303881081758,pass,282.0
0.001,209.2214263122913,41829.71817014256,1119.8959273774312,-1119.8959273774312,pass,283.0
9.070708018193313,115.57670308072164,350199.54881338915,728.2506928250647,-728.2506928250647,pass,284.0
1.5537745723931036,202.7254514384102,836350.8020974152,693.6347064234233,-693.6347064234233,pass,285.0
5.848092004393843,281.84065303158394,297395.43885086325,1107.384339016069,-1107.384339016069,pass,286.0
1.8170387715663763,99.37678171501315,494111.5108222913,809.4765058176904,-809.4765058176904,pass,287.0
4.927610938809652,227.90817935822565,384181.9094522124,898.9906782879928,-898.9906782879928,pass,288.0
4.6441850006516745,270.20405150680494,870009.7724004419,772.8256146686454,-772.8256146686454,pass,289.0
7.702701797439651,128.4600278595279,52900.92793047757,732.9417875352746,-732.9417875352746,pass,290.0
4.083884934798572,28.438683593975924,626065.3114310604,957.7844851657056,-957.7844851657056,pass,291.0
5.883358987556366,123.31061434873419,105269.27174601957,697.7726769462515,-697.7726769462515,pass,292.0
0.001,236.85551779213225,970923.2450386324,1341.1126546366406,-1341.1126546366406,pass,293.0
0.6548644083799714,151.75488052546447,416315.60176795325,729.9417185363451,-729.9417185363451,pass,294.0
2.9840478802886397,159.1660790855875,320565.874874974,822.5269601555717,-822.5269601555717,pass,295.0
4.67172973053788,135.01725591550445,859959.0409233742,725.1587745239954,-725.1587745239954,pass,296.0
3.852919440610763,220.06889052168592,386748.8581733699,1077.2410214269526,-1077.2410214269526,pass,297.0
5.06185628450964,77.7813549651318,784023.0395422946,823.0773663807055,-823.0773663807055,pass,298.0
4.064290655711508,254.00747611176365,305739.5658562742,893.7412362845129,-893.7412362845129,pass,299.0
6.013724046603514,44.915241137100324,371256.5511713881,753.1766584672478,-753.1766584672478,pass,300.0
5.0306560901257695,213.63531833252816,782867.3436214922,644.91369005487,-644.91369005487,pass,301.0
0.001,45.62394580163355,872237.1840760275,1349.0095983651581,-1349.0095983651581,pass,302.0
8.695752370535024,201.68195617090822,49938.09425788207,755.6489725577824,-755.6489725577824,pass,303.0
2.609754654432243,77.91939886137472,1000000.0,836.3446337032083,-836.3446337032083,pass,304.0
2.4905203285179454,286.9294221384741,857518.2791488045,877.6037380413071,-877.6037380413071,pass,305.0
8.326942518919338,83.40563145608232,604894.2091839652,830.3888422922337,-830.3888422922337,pass,306.0
4.857589777727297,296.9929591965409,597549.350260403,1192.292855278036,-1192.292855278036,pass,307.0
4.709092189930219,235.31353230832178,524582.4719522124,708.6265687697779,-708.6265687697779,pass,308.0
8.7378756227433,158.373486056636,938877.2037558749,835.5071464238065,-835.5071464238065,pass,309.0
7.339620029578377,14.266125464469841,66858.9649347108,776.1778821231649,-776.1778821231649,pass,310.0
4.534219982198227,87.86877645383453,834309.4901421242,751.5343358380571,-751.5343358380571,pass,311.0
8.249958071985215,237.05403996702103,405331.3189196227,824.5595727281376,-824.5595727281376,pass,312.0
0.16096206479837094,188.62554684772152,550573.3081055923,878.7237468167427,-878.7237468167427,pass,313.0
8.386901674446214,40.894297748908286,48446.52565765167,860.0058186724223,-860.0058186724223,pass,314.0
0.001,193.30370991228233,953846.9525420154,1343.1992806556755,-1343.1992806556755,pass,315.0
2.9225565059408765,104.46207285937955,707293.4811935128,707.2066530894634,-707.2066530894634,pass,316.0
6.580401250232413,177.4485308641288,445722.1983276525,958.5239319486302,-958.5239319486302,pass,317.0
6.676268349218379,228.01558370527948,194694.21785026224,580.2659260907943,-580.2659260907943,pass,318.0
4.950071347706895,149.1419763466879,878605.228353602,863.0553103130205,-863.0553103130205,pass,319.0
7.179773071250841,147.3659862897181,622963.4379327649,836.4507652127986,-836.4507652127986,pass,320.0
1.2884978026714178,112.48391748771823,501586.76228713506,865.0646896969201,-865.0646896969201,pass,321.0
2.2290851277268864,44.95824989150705,673773.0138236386,835.917319235791,-835.917319235791,pass,322.0
3.64941579606368,221.93743141053278,323140.8625772124,1128.4922020848408,-1128.4922020848408,pass,323.0
6.380303056061226,71.90975198877024,739010.8393408611,703.0463720450675,-703.0463720450675,pass,324.0
0.7989034304761166,133.21497644418739,239372.45378664465,723.6953067603229,-723.6953067603229,pass,325.0
2.5156012339815716,76.1015677553146,643953.9948653878,857.0504632046014,-857.0504632046014,pass,326.0
3.561245475366061,37.243983264605056,227705.15964222373,760.7097696375037,-760.7097696375037,pass,327.0
4.260295738838453,234.5200478589352,529727.6042764311,711.3699450599933,-711.3699450599933,pass,328.0
6.507889213139577,178.69565786586864,823779.4341809973,654.187011402814,-654.187011402814,pass,329.0
0.001,162.40027839359013,133005.85879514256,1207.261913257798,-1207.261913257798,pass,330.0
1.8482139855090303,222.13964660865958,111922.53607851281,716.871646246263,-716.871646246263,pass,331.0
5.508041146455876,160.45365625353838,285567.0495268969,970.5824164380982,-970.5824164380982,pass,332.0
2.3725234788071865,0.1,230300.32542387268,1288.1483339992105,-1288.1483339992105,pass,333.0
4.779055741576982,300.0,802076.7241498958,1210.2564808534755,-1210.2564808534755,pass,334.0
0.28100000840054484,176.2646976655294,285109.92244298704,737.427172700491,-737.427172700491,pass,335.0
4.218876504637865,178.6203897767333,1000000.0,862.0537161225606,-862.0537161225606,pass,336.0
4.038686520631298,135.81642846316183,300210.77648887946,1022.5120977356526,-1022.5120977356526,pass,337.0
4.11612369771788,69.11548729654479,537608.930838328,726.4406050199061,-726.4406050199061,pass,338.0
7.714672494858284,198.56575008380713,690878.9361919543,1193.4588621678745,-1193.4588621678745,pass,339.0
8.178194987951406,219.09439360987307,64534.22121100707,527.9840846454682,-527.9840846454682,pass,340.0
8.171376969078615,161.41121008799362,139313.2788833105,605.0658032773225,-605.0658032773225,pass,341.0
4.151964699109987,50.53785330540191,0.0,1237.4435872279632,-1237.4435872279632,pass,342.0
7.096024730233332,51.91710814200156,122931.77021230673,869.7000412354912,-869.7000412354912,pass,343.0
6.051334442859691,232.59376465148046,867945.4409381732,725.4314216842232,-725.4314216842232,pass,344.0
3.861159627549446,57.006790123966326,8033.3629087882255,824.4264317101048,-824.4264317101048,pass,345.0
2.156277529762997,194.41191155494508,941819.1430931907,669.1988580611586,-669.1988580611586,pass,346.0
2.1654840572104077,98.56087351855923,710959.0593185128,873.1034362174915,-873.1034362174915,pass,347.0
4.353009601496,239.07848806737024,497255.7453897124,730.1101925126376,-730.1101925126376,pass,348.0
0.001,96.15013429966089,62406.33215251162,1190.8761189724055,-1190.8761189724055,pass,349.0
5.128209752768935,179.77850640638502,809749.2200209391,690.6401375602161,-690.6401375602161,pass,350.0
6.826253361777156,199.90070668216197,827122.3409548977,699.9249913177475,-699.9249913177475,pass,351.0
0.001,137.3505480926868,166497.16738889256,1232.1724283375413,-1232.1724283375413,pass,352.0
6.472289970264167,250.58227973542122,667386.8279964922,1196.7711786874784,-1196.7711786874784,pass,353.0
2.957695161184267,41.22454649693023,42923.03515625,898.5224764951811,-898.5224764951811,pass,354.0
1.794750422473939,291.46736121012935,726859.274265992,875.6780116625522,-875.6780116625522,pass,355.0
1.057565924581513,112.0400921534077,516665.61189651006,863.1580327181161,-863.1580327181161,pass,356.0
2.117671767283244,54.27017645572551,795480.5056992972,898.4862258903311,-898.4862258903311,pass,357.0
8.39810868056372,92.9418846728806,235317.5041727436,698.7717177464694,-698.7717177464694,pass,358.0
5.986999368414611,190.707405620431,824959.5438168047,616.8254362167478,-616.8254362167478,pass,359.0
2.302407936595402,63.105911741825835,660806.7233810128,770.4416249411152,-770.4416249411152,pass,360.0
2.6874618138041884,158.97491384696866,356402.906124974,712.1838128654049,-712.1838128654049,pass,361.0
0.001,248.1689361253608,1000000.0,1343.20797289493,-1343.20797289493,pass,362.0
9.570867015382484,167.9004435115822,244482.38105835702,739.0329675206883,-739.0329675206883,pass,363.0
0.001,82.90740901741151,233084.0216175333,1268.4741104027912,-1268.4741104027912,pass,364.0
1.3433598100523638,23.75927381603897,706915.5939154149,1136.8020807917057,-1136.8020807917057,pass,365.0
0.001,63.037899671119575,572461.2226532588,1319.3199697291197,-1319.3199697291197,pass,366.0
8.202589392730228,88.6941504791995,896347.8711421126,715.1881603995653,-715.1881603995653,pass,367.0
9.045942081472115,195.4164518886574,191949.12324585702,596.318647937169,-596.318647937169,pass,368.0
0.9971280604291435,77.3596299289525,472888.1377115892,843.8744847346125,-843.8744847346125,pass,369.0
7.111305728642187,176.42102342748734,418057.48377272463,802.4773617633349,-802.4773617633349,pass,370.0
0.11446197038553674,138.64277292595065,447007.3428535413,826.7609647618319,-826.7609647618319,pass,371.0
0.001,158.40082751864904,909652.6425113608,1342.6126124658977,-1342.6126124658977,pass,372.0
9.2677311732976,196.99074693260272,265910.779495857,529.4182226079392,-529.4182226079392,pass,373.0
7.986989227708925,21.984595447882896,55061.61598968292,879.4328851456446,-879.4328851456446,pass,374.0
0.7745911740924074,264.0962505953948,292971.5846352666,816.0972214601396,-816.0972214601396,pass,375.0
0.7774253317002158,168.35419248981844,911562.6798833198,883.2958119664905,-883.2958119664905,pass,376.0
6.457100865308814,243.47366772531785,969185.04296875,549.9204316292884,-549.9204316292884,pass,377.0
3.5797900817230905,195.5179361797975,332288.1013374324,803.3450551649311,-803.3450551649311,pass,378.0
2.9394266374659392,178.55389527529562,351751.8951412232,889.7131353327346,-889.7131353327346,pass,379.0
4.568049511060447,204.62550120911507,873874.0779964922,735.9051129968065,-735.9051129968065,pass,380.0
3.043576893588499,11.26151282078277,45326.014404296875,768.4269693171605,-768.4269693171605,pass,381.0
8.520646496078209,221.3648733669289,199775.67402710702,562.9228996800094,-562.9228996800094,pass,382.0
6.751913528440034,80.01587914394281,1000000.0,708.5182169885545,-708.5182169885545,pass,383.0
0.001,0.1,68951.14063479524,1242.1825589408922,-1242.1825589408922,pass,384.0
6.5122990393916576,41.40031584463828,139551.02021230673,937.5572245278593,-937.5572245278593,pass,385.0
5.016660758365347,187.38198752344582,498655.32625734,833.1822873647952,-833.1822873647952,pass,386.0
4.678398905151467,145.84899805994473,793014.9187832895,712.308032215056,-712.308032215056,pass,387.0
3.3168127424794553,260.12098325606416,977214.2793084191,696.5248154726385,-696.5248154726385,pass,388.0
0.8451004157066345,105.04703265937928,281616.3028675333,728.6078320015595,-728.6078320015595,pass,389.0
8.332256960332586,205.72654133307483,663558.8426183277,1103.3636619439883,-1103.3636619439883,pass,390.0
8.001546603093216,101.90123177487447,419379.35740713915,715.1706899728001,-715.1706899728001,pass,391.0
4.76047954666776,76.07704113593255,464274.6559390983,904.5031069116686,-904.5031069116686,pass,392.0
3.949081991990999,96.55073744541656,36667.838744712426,695.7829866737749,-695.7829866737749,pass,393.0
0.001,118.23483289712928,259225.12566164465,1262.9665455799604,-1262.9665455799604,pass,394.0
8.409197179758355,202.28139465479876,418667.33738482196,842.160279518387,-842.160279518387,pass,395.0
6.550845407871386,57.67169948778861,147980.67646230673,806.1327629156569,-806.1327629156569,pass,396.0
1.7484240434728715,198.0785623734762,349013.94588048704,767.8290562736762,-767.8290562736762,pass,397.0
0.3207502492550711,186.07847189350497,915484.8085454291,927.9187791989842,-927.9187791989842,pass,398.0
0.7989625466668644,144.06805239179715,696507.4200654305,981.6462475471477,-981.6462475471477,pass,399.0
2.5101174038064236,11.220894852740589,199857.53245512268,1041.582092110237,-1041.582092110237,pass,400.0
8.682771224783012,14.81205697509586,272328.50206821057,797.3954418298327,-797.3954418298327,pass,401.0
0.7029023290243002,106.40618254051364,525154.8350410413,805.8721431169448,-805.8721431169448,pass,402.0
0.001,158.66880065616337,4308.077056861311,761.974357640289,-761.974357640289,pass,403.0
8.443777729080269,46.91337151977359,346274.8131033668,799.4560284091796,-799.4560284091796,pass,404.0
3.8008395058717666,154.22409382450903,663975.5909776131,914.4104848748996,-914.4104848748996,pass,405.0
5.7066500880243645,224.83138199542736,401461.47715484526,1025.9872393425126,-1025.9872393425126,pass,406.0
0.5140098839688774,109.86291629064684,494852.96803385485,954.0505681517151,-954.0505681517151,pass,407.0
0.6062165034616032,127.595165114194,541833.3263154305,908.9202304257409,-908.9202304257409,pass,408.0
0.001,147.57387269968055,306838.8053491446,1265.6966501104573,-1265.6966501104573,pass,409.0
2.2799306812248545,300.0,913812.7752425545,902.915547056319,-902.915547056319,pass,410.0
5.963109738741944,241.25716794860256,664702.2982121257,1067.9737884158712,-1067.9737884158712,pass,411.0
6.511152106673081,180.18534408908093,334782.86808139575,868.5201543684958,-868.5201543684958,pass,412.0
3.487575270996708,42.30815127568555,406189.4121718425,737.7017669189692,-737.7017669189692,pass,413.0
0.001,109.05773517933008,112307.87512126162,1220.8335748956547,-1220.8335748956547,pass,414.0
6.043160360474756,300.0,679907.471354153,945.2455894212515,-945.2455894212515,pass,415.0
4.286699193852459,246.8785287425197,505437.9929827325,713.5754089329339,-713.5754089329339,pass,416.0
4.9104620245502755,175.7475220904192,104817.17683509954,675.6835165131514,-675.6835165131514,pass,417.0
6.057724356518395,271.82790351171064,1000000.0,943.2270368764733,-943.2270368764733,pass,418.0
0.001,70.64054164208765,907062.4926697775,1349.60267197455,-1349.60267197455,pass,419.0
0.5254688169793026,144.53978315188485,70787.57601558353,731.1463460820472,-731.1463460820472,pass,420.0
9.459457435265609,147.43683384880245,303160.1367692135,737.7927325814204,-737.7927325814204,pass,421.0
8.618134249256203,7.771834807127107,426971.0240408668,1303.2287276245322,-1303.2287276245322,pass,422.0
8.361351341575016,59.956294450467084,600508.3312542777,856.7599394028158,-856.7599394028158,pass,423.0
0.7945268052177588,190.23664799823422,550458.1401368423,729.003676320678,-729.003676320678,pass,424.0
0.6375784649300089,48.57224209270838,235423.41022648822,834.8470575691298,-834.8470575691298,pass,425.0
4.5298359656526355,273.5560466599198,495639.842447903,1128.2544560408412,-1128.2544560408412,pass,426.0
4.30262358283339,147.34181653471433,807193.400228602,735.3652561766647,-735.3652561766647,pass,427.0
6.835542407338747,280.7420099848954,803034.1673611986,1024.8905169225782,-1024.8905169225782,pass,428.0
6.355252514410029,219.68964834150995,209733.26960807474,620.9702831582878,-620.9702831582878,pass,429.0
4.663100724300341,45.455371921124566,59563.629760337426,858.7768739099411,-858.7768739099411,pass,430.0
10.0,151.59281133636654,407602.3477067135,711.1641747641966,-711.1641747641966,pass,431.0
2.9976392753672454,145.67133645266378,380213.1138912232,839.1201147899595,-839.1201147899595,pass,432.0
5.167525933776292,64.91668528368531,221559.28494480584,842.4088388003917,-842.4088388003917,pass,433.0
0.9555490471416358,121.28868207744745,188230.30459256427,762.1222554829723,-762.1222554829723,pass,434.0
5.079215977087613,190.80944926308447,823518.0547950902,657.2872413919114,-657.2872413919114,pass,435.0
9.996988305451548,74.33512891707534,691872.5281910474,704.7942751138775,-704.7942751138775,pass,436.0
9.472336011614326,82.46842895794123,68855.89923069018,707.9231228991256,-707.9231228991256,pass,437.0
8.181800146066822,147.48059173393384,872172.1399011454,699.6655011856486,-699.6655011856486,pass,438.0
6.096112368643992,30.966451321785406,268581.3722056461,745.8177805975132,-745.8177805975132,pass,439.0
9.15229026763672,15.109352163773252,336899.71596890147,793.3818865192635,-793.3818865192635,pass,440.0
4.15679270244221,220.77131878203465,976023.1128131732,771.1934836128156,-771.1934836128156,pass,441.0
5.3822702614173705,59.28750997916988,815743.1079016696,789.977930742737,-789.977930742737,pass,442.0
0.001,0.1,53565.62305667024,1236.867259842379,-1236.867259842379,pass,443.0
0.035117355942726136,140.94309629434608,232269.63152101965,915.0116570756735,-915.0116570756735,pass,444.0
7.828048592164116,115.65677754672274,153966.44160235257,821.3854642431377,-821.3854642431377,pass,445.0
9.862835490705645,73.01275671897048,618054.5516285474,702.6917327428858,-702.6917327428858,pass,446.0
7.747735420741795,178.39593215402596,193059.85061027244,640.5117681393314,-640.5117681393314,pass,447.0
0.5416125014511639,172.76938361982042,655342.6007076167,954.4445734744623,-954.4445734744623,pass,448.0
0.001,142.228161110821,259182.21550539465,1256.4685385805672,-1256.4685385805672,pass,449.0
1.7397059424388543,181.66551787437257,951386.5044213157,715.2075382477865,-715.2075382477865,pass,450.0
4.595368769188097,296.163033242199,719379.600260403,1139.1788926906338,-1139.1788926906338,pass,451.0
0.2927043646264549,99.23305732000475,495793.00331217516,836.2242683362147,-836.2242683362147,pass,452.0
0.6329497023093835,169.46889359535035,1000000.0,1096.6709127549498,-1096.6709127549498,pass,453.0
4.866875980754845,16.989188638523164,643216.5188787065,1024.4599964481463,-1024.4599964481463,pass,454.0
7.643218757877296,0.1,546235.9753484611,1322.6160724467934,-1322.6160724467934,pass,455.0
5.329717382525709,284.2033856804334,326609.26306961325,764.2087761673253,-764.2087761673253,pass,456.0
0.001,14.785925699291859,185448.28462839898,1278.6284622678104,-1278.6284622678104,pass,457.0
0.001,279.5933066734014,514584.5550837881,1283.0297670266334,-1283.0297670266334,pass,458.0
4.856346162131775,133.09205569158172,876975.2811577492,704.9292537750066,-704.9292537750066,pass,459.0
3.6332761773997353,149.49746762724362,804865.1236172739,1078.737290345424,-1078.737290345424,pass,460.0
4.7717633593883075,53.82443386799346,0.0,1237.328072972387,-1237.328072972387,pass,461.0
7.428440662393516,0.1,543855.6511297111,1322.3955694570523,-1322.3955694570523,pass,462.0
0.03871591907368632,171.29885637219445,340495.66853673704,847.1664132060345,-847.1664132060345,pass,463.0
9.82966200317485,169.90281628593624,276031.3633317135,943.1115708479667,-943.1115708479667,pass,464.0
1.487577597514484,60.80766376327219,695227.2071830136,977.9800447975523,-977.9800447975523,pass,465.0
5.271385361812849,210.72165019867975,433828.8938272124,592.2044584783594,-592.2044584783594,pass,466.0
5.330351131812407,2.219024553848371,396613.0277338881,1232.4273103480305,-1232.4273103480305,pass,467.0
0.5213435702315339,131.048261423045,548049.4656565294,784.9865486922251,-784.9865486922251,pass,468.0
6.793209436619846,212.7929010303221,251535.21599035198,672.0927795442013,-672.0927795442013,pass,469.0
2.31694077410219,148.16342620205785,354907.646359349,722.869059227944,-722.869059227944,pass,470.0
4.241642398694372,295.7474978173911,453045.8236687742,1078.599394771033,-1078.599394771033,pass,471.0
0.001,171.48126387043368,934294.3554204291,1343.44994294452,-1343.44994294452,pass,472.0
4.705170627074753,257.85160127135885,481867.8172014825,1110.2872067261078,-1110.2872067261078,pass,473.0
6.162715111736827,226.8197010600499,946098.78125,1080.480556377066,-1080.480556377066,pass,474.0
8.276616979571683,16.486699353502942,600203.3912629558,804.3316234307202,-804.3316234307202,pass,475.0
8.277763706097671,112.54372025448873,337703.40623526415,989.4160675017572,-989.4160675017572,pass,476.0
2.59404582910602,218.59903735215718,353907.8965377341,756.5926810447869,-756.5926810447869,pass,477.0
1.6244985310900346,200.48916823448,942599.3940697532,682.4029280328535,-682.4029280328535,pass,478.0
1.045595147019803,119.74914417445129,355027.30293982825,797.1424254925246,-797.1424254925246,pass,479.0
4.342537548287269,208.44681973234876,363958.1101264949,1147.9730419535592,-1147.9730419535592,pass,480.0
7.345509382257408,12.07599697113037,471708.80347346107,1008.6607309769357,-1008.6607309769357,pass,481.0
8.95947804927331,44.73579618277528,72706.82903276624,822.0742249418921,-822.0742249418921,pass,482.0
6.363407167876331,177.0863351733885,149763.13981847698,625.5729448866014,-625.5729448866014,pass,483.0
8.843950636717954,145.4015675348134,10470.249160624895,1071.500145606899,-1071.500145606899,pass,484.0
8.81669239490265,9.3622584862525,315575.04214077647,974.0129007350629,-974.0129007350629,pass,485.0
0.6029059010610756,59.39263784698856,679087.3496063838,834.9154613348308,-834.9154613348308,pass,486.0
2.277117047537016,172.10018748338277,372811.3154830466,700.8379489746893,-700.8379489746893,pass,487.0
7.991662782082626,109.59964753110006,318058.2368016704,929.9273783330201,-929.9273783330201,pass,488.0
0.001,144.85635787662235,0.0,1238.4771207664385,-1238.4771207664385,pass,489.0
9.11858517379097,119.62728548414788,139089.02379357457,685.3350486766132,-685.3350486766132,pass,490.0
8.139203349628207,177.45511908945076,249972.50686027244,759.4040299903613,-759.4040299903613,pass,491.0
9.741484501019546,151.03630780204952,319814.4492692135,777.6743134333117,-777.6743134333117,pass,492.0
4.152070103147841,238.59770228516453,393845.2924187742,1125.9018263397509,-1125.9018263397509,pass,493.0
3.2638454903874283,147.71800340543365,968177.2596733742,713.8898064669816,-713.8898064669816,pass,494.0
7.491516143861817,279.21984028639116,603549.527504668,894.3276553353726,-894.3276553353726,pass,495.0
0.001,171.95540793294734,735775.7267914434,1324.6935378392652,-1324.6935378392652,pass,496.0
0.001,276.0038971179989,943047.1695991793,1335.2065981900023,-1335.2065981900023,pass,497.0
9.527831225390253,40.38048955740907,0.0,1237.1395414071335,-1237.1395414071335,pass,498.0
6.846312094658394,199.29703875530066,691566.7030376574,998.9525811353826,-998.9525811353826,pass,499.0
0.609806848526001,153.96990896696113,372532.0905053946,723.7472588563187,-723.7472588563187,pass,500.0
0.12362405755688344,186.80240718021054,675045.7182618423,815.9563338390076,-815.9563338390076,pass,501.0
7.819537045726722,14.54258254643332,509543.99097346107,925.5700249790409,-925.5700249790409,pass,502.0
1.4832048563965674,90.14366834369763,491201.6768650005,757.1495377543533,-757.1495377543533,pass,503.0
1.0814615302077302,108.80842234604917,547684.5945627794,854.5629946309552,-854.5629946309552,pass,504.0
4.224241537807716,264.48394059256566,68433.89675600792,567.2944057375923,-567.2944057375923,pass,505.0
0.001,195.1210148971912,98073.92666623631,1166.597851210911,-1166.597851210911,pass,506.0
6.687325755634068,195.993510202732,305358.56936027244,580.7375841353004,-580.7375841353004,pass,507.0
4.183983601929826,258.61932801321996,139681.12136538292,626.75675588939,-626.75675588939,pass,508.0
5.2287138188969635,185.887386273751,478482.8194214025,1065.0410872516318,-1065.0410872516318,pass,509.0
5.210754749326539,300.0,743079.5639936458,1181.9290167282315,-1181.9290167282315,pass,510.0
6.883925113165943,168.54040621831038,235633.17692785198,976.304916349057,-976.304916349057,pass,511.0
1.842915845421704,94.37781884506005,284598.6640047329,776.5573099821196,-776.5573099821196,pass,512.0
5.263649248296886,287.05025280724647,214811.55556782446,386.7414753526634,-386.7414753526634,pass,513.0
8.72894569492303,34.58179277035656,769716.5126592481,795.6927382488739,-795.6927382488739,pass,514.0
2.523354127427252,0.30745891273701353,705202.7863396981,1337.7703974695216,-1337.7703974695216,pass,515.0
5.750189145468015,197.7578898227032,397256.5774209624,913.5751986760339,-913.5751986760339,pass,516.0
6.908601576970486,165.1594808114417,104822.00612101957,626.1977406337437,-626.1977406337437,pass,517.0
1.8163670347867535,79.67856623039401,647850.0889472913,835.8239380498983,-835.8239380498983,pass,518.0
5.954574939672523,242.56597213386812,948683.248046875,930.9915164048093,-930.9915164048093,pass,519.0
0.001,66.59054501018885,391752.01960148825,1297.7753947636056,-1297.7753947636056,pass,520.0
0.17185112631320953,19.47655184370104,266702.39400339895,1282.1366398180335,-1282.1366398180335,pass,521.0
8.554090518915332,152.3587627010359,771635.4133386454,746.3301741669753,-746.3301741669753,pass,522.0
2.867681061109499,35.217754428448785,30691.044921875,827.0581717310105,-827.0581717310105,pass,523.0
6.635173809804428,245.7649852753285,457581.56414745795,876.907592984139,-876.907592984139,pass,524.0
7.153651416350045,27.852282509209452,397261.68761694373,784.9199255475685,-784.9199255475685,pass,525.0
6.181125019249145,25.86839098338044,532384.1920328457,787.2511804341377,-787.2511804341377,pass,526.0
8.26324986319358,29.536434249609105,335017.12975375744,742.1230031343327,-742.1230031343327,pass,527.0
9.17186864614693,75.58295668540114,732973.3641285474,861.1611308603397,-861.1611308603397,pass,528.0
6.315522835238008,113.87260355556042,919382.1536120322,835.3293666197056,-835.3293666197056,pass,529.0
1.0951574969045161,36.55268637899218,220250.71760883438,791.6986257785361,-791.6986257785361,pass,530.0
6.547818474785071,98.7666324580808,867629.6059168641,1088.3070339139674,-1088.3070339139674,pass,531.0
1.3786187968813035,211.77435647900597,389031.62556798704,720.3400507207551,-720.3400507207551,pass,532.0
0.1892958356785288,72.85064394436243,356781.2017303945,901.4850323830557,-901.4850323830557,pass,533.0
0.001,120.05677725785337,451431.6180002794,1296.2315137646397,-1296.2315137646397,pass,534.0
5.433811578238575,177.9436060698233,228882.37419347698,933.6599004068439,-933.6599004068439,pass,535.0
0.001,159.33375813121623,592183.9728851934,1309.1004900843318,-1309.1004900843318,pass,536.0
0.001,79.38724443760034,110093.69152751162,1232.2950232027529,-1232.2950232027529,pass,537.0
7.128567788877457,261.3399200558272,429448.5708727477,562.4415281630824,-562.4415281630824,pass,538.0
4.8862633477465565,62.501257406379324,462477.3084049186,734.9736312762975,-734.9736312762975,pass,539.0
4.574889918908805,188.55535083374886,758257.3865902422,672.6672381101524,-672.6672381101524,pass,540.0
10.0,66.02216257033461,642808.9422535474,816.1425108019848,-816.1425108019848,pass,541.0
9.832765252754745,94.29293201398009,132773.63803154774,878.4142359269388,-878.4142359269388,pass,542.0
0.08568511106650445,221.20855232952349,879064.8528786652,976.8924845178545,-976.8924845178545,pass,543.0
9.061736215160439,41.90830846282779,318741.5924002418,803.9535928593536,-803.9535928593536,pass,544.0
0.5528513232333356,171.77559817889863,635033.9893794917,989.3198735879096,-989.3198735879096,pass,545.0
7.8556841633414685,0.1,511471.59253596107,1319.4322600163227,-1319.4322600163227,pass,546.0
4.817248919118597,187.70081229151222,383540.9444214025,1112.0351124525437,-1112.0351124525437,pass,547.0
5.7796594210055945,93.17272569641484,996168.764937952,715.6462845003543,-715.6462845003543,pass,548.0
0.37026891960377795,91.99236948193914,708175.7170720235,1093.3039699625313,-1093.3039699625313,pass,549.0
8.319181524497436,183.4608768228667,853753.992436606,1224.3818669489585,-1224.3818669489585,pass,550.0
1.8442204031014149,38.4367531031884,80342.07943982827,744.4717833244293,-744.4717833244293,pass,551.0
2.711318333525637,166.12387542080785,406771.544796849,827.3228409285138,-827.3228409285138,pass,552.0
8.531189788543857,192.89311881828442,883404.4172448954,797.4731532978242,-797.4731532978242,pass,553.0
1.50985393275154,66.01286729699135,310140.90347013227,753.5167182202821,-753.5167182202821,pass,554.0
5.5316100477335866,230.7338632232578,894672.6606647357,767.1415151414587,-767.1415151414587,pass,555.0
0.001,93.36044089303172,515057.5769844007,1308.4546978544518,-1308.4546978544518,pass,556.0
1.873389446046576,109.11877275810397,413827.6514472913,711.886375406987,-711.886375406987,pass,557.0
2.4787446599745206,30.639392371813308,224452.91867542686,815.8733364965142,-815.8733364965142,pass,558.0
8.482086533676252,7.722643370032355,953549.0535515317,1217.2080814707026,-1217.2080814707026,pass,559.0
9.734200680257953,69.35565794882888,748130.4559254224,808.8650854288829,-808.8650854288829,pass,560.0
8.516063293922448,260.9398925139401,407735.97315073636,760.79333841552,-760.79333841552,pass,561.0
5.706950518572895,177.0686653168402,298808.436693477,820.0533120349662,-820.0533120349662,pass,562.0
6.122083614397059,238.14911909041132,97297.67097526224,827.5949726397566,-827.5949726397566,pass,563.0
1.6537871989273731,30.988456079415208,109505.57358045327,757.7438723711745,-757.7438723711745,pass,564.0
5.048314514814488,115.15450006457354,342283.4206206469,792.6139660448171,-792.6139660448171,pass,565.0
4.457093405859982,246.39420103880533,622261.2507952325,1216.4561154096498,-1216.4561154096498,pass,566.0
8.994292974540226,5.536040814282494,958805.0771968001,1397.4889711612677,-1397.4889711612677,pass,567.0
7.783633036193002,4.851403385504966,50139.53542327667,914.1283904227621,-914.1283904227621,pass,568.0
7.380947893510033,9.937752509147575,56332.347747210806,759.9326252085838,-759.9326252085838,pass,569.0
8.53048548165851,49.817435850041605,679829.2313176765,734.6111151060853,-734.6111151060853,pass,570.0
1.7049805634505026,208.40244978959615,471191.7402877341,893.4280838606683,-893.4280838606683,pass,571.0
1.1796689756993155,180.9197881166495,930496.3556645698,697.6821535960407,-697.6821535960407,pass,572.0
6.3167563996372635,233.08830570048406,803837.8432819232,1216.107935128122,-1216.107935128122,pass,573.0
6.444586732826158,162.69216674778696,601264.1908624524,1201.6176136951194,-1201.6176136951194,pass,574.0
4.995567681556743,215.35345350569798,910587.2964069232,626.029075519915,-626.029075519915,pass,575.0
6.513925277459176,94.27144686007543,533304.526633681,754.5703081508098,-754.5703081508098,pass,576.0
4.176483790369888,267.5218448893215,131074.51008741738,504.12271940138135,-504.12271940138135,pass,577.0
6.048148273268763,170.1196013758326,603981.2527855218,849.333347819208,-849.333347819208,pass,578.0
4.9880405761721,228.67598982547497,296996.37559234526,882.0953875184969,-882.0953875184969,pass,579.0
7.634008550360463,27.658057225052687,896148.2223286234,852.9568939771066,-852.9568939771066,pass,580.0
0.49409324113877623,175.21193534190482,643251.7389984747,810.9172433341698,-810.9172433341698,pass,581.0
0.001,114.89790755923954,90743.26455686131,1203.799179048634,-1203.799179048634,pass,582.0
10.0,15.319461410827088,108763.31919441956,759.2484568516666,-759.2484568516666,pass,583.0
0.34489301111788184,48.66619141623006,963409.9729945601,1095.1000330157633,-1095.1000330157633,pass,584.0
6.613410795615581,164.63367676862555,227113.17799601957,762.9990907637753,-762.9990907637753,pass,585.0
6.743201091933025,89.93492632778401,968812.298468079,836.6552585827143,-836.6552585827143,pass,586.0
0.001,133.11868144982418,440967.7937815294,1292.562232174189,-1292.562232174189,pass,587.0
4.392488857172269,263.78845830319483,547818.1555459624,872.3679516332968,-872.3679516332968,pass,588.0
5.29953203450556,169.1244000905845,617543.47469484,728.6826800443367,-728.6826800443367,pass,589.0
6.6188569646484785,40.76208918267961,264403.9483775211,815.8727371045322,-815.8727371045322,pass,590.0
2.3398465555452757,17.48843621794368,260639.22726917686,886.0216475522558,-886.0216475522558,pass,591.0
0.25415974036732253,169.2175313935631,599764.1179805659,837.7078426785895,-837.7078426785895,pass,592.0
0.385818893058618,154.79677994603938,664911.7873383184,859.9071661950263,-859.9071661950263,pass,593.0
1.7083758538045013,85.08474423721093,271917.8856844204,737.0155168476775,-737.0155168476775,pass,594.0
5.130901583447367,211.66508159025446,166487.9009666016,620.9143684007009,-620.9143684007009,pass,595.0
7.136882805096658,97.6260226132874,535698.8928446185,800.6467581663129,-800.6467581663129,pass,596.0
2.5943270896003607,54.85902210333644,42294.134149022604,836.6503917952487,-836.6503917952487,pass,597.0
4.082258268962842,73.75963980094723,837750.6840735446,809.0548629331926,-809.0548629331926,pass,598.0
0.001,75.60011513195398,363515.91706242575,1291.7318127919161,-1291.7318127919161,pass,599.0
8.858517408370972,143.38533185943783,320749.5898942135,890.5619677583086,-890.5619677583086,pass,600.0
1.478336621899584,144.0153601582041,449339.716671849,804.3095269411976,-804.3095269411976,pass,601.0
0.001,198.96597568987022,926648.3226592029,1340.503362617687,-1340.503362617687,pass,602.0
0.001,213.93535319461483,593658.5502930923,1303.0296356197775,-1303.0296356197775,pass,603.0
6.091308022426037,128.90666636952238,135248.79127726957,628.6970333974374,-628.6970333974374,pass,604.0
1.8329766916982173,45.91128318074999,255439.02620258438,750.3907718328326,-750.3907718328326,pass,605.0
8.880997159138747,131.70830677971065,331668.737355151,959.1380472205169,-959.1380472205169,pass,606.0
0.9954365089529399,112.52136430553583,139125.86318631427,757.8372150268634,-757.8372150268634,pass,607.0
6.45441455071849,8.39646977785981,641898.1666422207,1132.6823557229523,-1132.6823557229523,pass,608.0
1.5904796345698968,202.9872070032483,993670.4848900657,696.2887222435496,-696.2887222435496,pass,609.0
3.813293298689654,42.09898311079946,675809.5025189236,788.2371954433341,-788.2371954433341,pass,610.0
3.8316881686822537,39.26697345831691,0.0,1237.6316243518363,-1237.6316243518363,pass,611.0
3.0477294818353444,166.03016738247777,399069.009640599,715.4211364530988,-715.4211364530988,pass,612.0
7.59406422901492,293.51879620374956,643483.906410918,401.0597814879932,-401.0597814879932,pass,613.0
5.999168500076276,74.64089971916012,890859.2797766696,733.8797109210585,-733.8797109210585,pass,614.0
7.076355049886463,191.5126308959388,334721.23537589744,654.1958090396023,-654.1958090396023,pass,615.0
0.7314771412658205,43.776047539333135,241865.77985539447,913.4852417859823,-913.4852417859823,pass,616.0
0.15374979901361374,219.88159904465422,612252.9858777614,790.6928797732788,-790.6928797732788,pass,617.0
6.624359903822951,40.86251581500115,886601.4086557091,950.5594078058365,-950.5594078058365,pass,618.0
2.3701811361605163,189.78859529680201,755745.3724097072,678.9303783201169,-678.9303783201169,pass,619.0
2.490439422796116,222.31653699355977,115604.12341631523,873.539838401894,-873.539838401894,pass,620.0
0.9053325389756,62.72072347527504,296486.87222013227,790.1090863777456,-790.1090863777456,pass,621.0
6.264358578215651,38.15904415438714,929769.4125619591,893.5186668555381,-893.5186668555381,pass,622.0
6.1127314300185125,168.7055749805174,229895.71013097698,848.594338482475,-848.594338482475,pass,623.0
7.097728803841314,148.0923147788057,464087.11029860354,948.9488131404875,-948.9488131404875,pass,624.0
1.147103354216468,82.01705186573132,511178.8799900005,832.4766631626977,-832.4766631626977,pass,625.0
2.7651706554245803,175.03787593096578,359065.9752193482,816.3947273216289,-816.3947273216289,pass,626.0
5.572511384678112,215.27516146396374,336599.56699859526,909.8065368693823,-909.8065368693823,pass,627.0
6.5417778316719,158.31516270688456,204993.3000673819,1070.0621223610478,-1070.0621223610478,pass,628.0
8.114106329499347,0.1,321771.11966985423,1298.580264301964,-1298.580264301964,pass,629.0
8.073073782578536,118.10233544334591,307086.545948901,942.5090097300905,-942.5090097300905,pass,630.0
3.965275270693879,168.61082517118894,776869.072103602,686.2050868211377,-686.2050868211377,pass,631.0
0.001,126.9904635589954,68902.79971311131,1176.2035463063887,-1176.2035463063887,pass,632.0
7.354588081791,111.43548600466951,0.0,1236.339490444957,-1236.339490444957,pass,633.0
7.979737438846875,15.52451148639608,69640.02516937042,768.4705983544379,-768.4705983544379,pass,634.0
0.001,170.890918076585,696785.1174164434,1320.5921069367157,-1320.5921069367157,pass,635.0
0.001,202.87097064151425,671867.6401368423,1314.0934814603959,-1314.0934814603959,pass,636.0
0.001,157.6444069464405,90749.65609370853,1180.599024086791,-1180.599024086791,pass,637.0
0.12271419685433277,19.7763972090511,154196.47950198274,1188.037589394261,-1188.037589394261,pass,638.0
0.001,180.31202239850694,645540.0398555659,1313.447501551207,-1313.447501551207,pass,639.0
1.7327085359561578,194.36757618964967,985243.7505150657,702.4704582012793,-702.4704582012793,pass,640.0
4.957086233229102,178.6960898719612,800387.5051771891,906.4833754294194,-906.4833754294194,pass,641.0
5.039173407326577,176.9379239680448,366001.9987465494,1142.9106294426683,-1142.9106294426683,pass,642.0
2.344187176997647,134.9793618127712,420298.6724849732,874.0931401643189,-874.0931401643189,pass,643.0
0.8653587470020553,171.53353223978942,414556.49239295325,723.4125145447294,-723.4125145447294,pass,644.0
1.092377648501957,126.87127694896844,215356.26748318927,788.0745352855791,-788.0745352855791,pass,645.0
0.5978644440316433,106.21585191720985,236640.57317141027,798.6236116188828,-798.6236116188828,pass,646.0
3.0849554878019743,49.68414401594783,245294.7681016964,740.6900444950741,-740.6900444950741,pass,647.0
0.5507751264521741,300.0,909710.9837541813,850.6395508454963,-850.6395508454963,pass,648.0
6.25229244755462,79.08377138400121,477006.60475868103,856.2540734214801,-856.2540734214801,pass,649.0
2.142584923174352,27.142565557412034,103365.58774060952,748.2775132523647,-748.2775132523647,pass,650.0
7.314186340222527,0.1,62785.243255023306,1239.982854057312,-1239.982854057312,pass,651.0
1.894340906693881,15.622430558840286,280224.87961292686,961.0430056257453,-961.0430056257453,pass,652.0
7.991780474559158,192.08656874652354,713687.2042361477,917.1319826800205,-917.1319826800205,pass,653.0
2.0998184417618546,24.078010882196423,285393.53628263227,881.5224457520529,-881.5224457520529,pass,654.0
8.315782010899916,182.86959650919724,126043.70759424802,752.0071887362539,-752.0071887362539,pass,655.0
1.2258020274903627,128.10626627311862,427294.1543769788,723.7555899452899,-723.7555899452899,pass,656.0
8.446139317768367,73.81483427310033,182131.7776102436,898.6999278446436,-898.6999278446436,pass,657.0
0.6836243770681474,195.6051517670919,304850.55134923704,711.9765358094388,-711.9765358094388,pass,658.0
5.082974782618051,223.74351981492745,675444.1829933998,677.5219614351807,-677.5219614351807,pass,659.0
0.001,149.91234313601964,891174.7089176108,1341.8248121818312,-1341.8248121818312,pass,660.0
8.05908271239145,160.0330865661888,274929.9820083105,696.9487744989013,-696.9487744989013,pass,661.0
1.2629732339251176,185.51536852897462,973634.4839135032,722.0555411316778,-722.0555411316778,pass,662.0
8.277833032071783,218.4051824735358,469790.6316808277,632.5951123700827,-632.5951123700827,pass,663.0
4.902526298074817,179.37813057094536,318016.7867008535,734.816153272988,-734.816153272988,pass,664.0
5.912667616048876,152.8466826746607,597436.3318870843,991.4866274407747,-991.4866274407747,pass,665.0
0.5207026823032037,202.09423548759278,905923.5239525657,824.4880148164889,-824.4880148164889,pass,666.0
5.7271423440456495,215.7583357804748,318075.40242057474,875.9852982847135,-875.9852982847135,pass,667.0
0.001,168.69791251475638,593092.1213226934,1308.1781930058369,-1308.1781930058369,pass,668.0
5.6583813557333364,150.57020867689283,753684.9465834391,711.4512700225728,-711.4512700225728,pass,669.0
6.56960495269733,250.51388584017076,1000000.0,890.3222234638449,-890.3222234638449,pass,670.0
7.314337294945785,93.05233002621725,297459.0864110454,759.4559290651262,-759.4559290651262,pass,671.0
8.07055672119906,286.6617743803952,410742.29810190824,863.9141528123178,-863.9141528123178,pass,672.0
6.199082817432916,72.23184727596185,993817.5292484214,773.9249250672906,-773.9249250672906,pass,673.0
2.4379528679849214,238.00367995726683,0.0,1236.5832320078282,-1236.5832320078282,pass,674.0
1.1455888896647615,197.98713119728262,90977.24310976281,916.4056605498968,-916.4056605498968,pass,675.0
6.059130937614786,94.07773985371007,1000000.0,692.6983675331925,-692.6983675331925,pass,676.0
1.336954781490932,133.76090025349032,936259.7697270698,747.873227290219,-747.873227290219,pass,677.0
4.048868325518628,271.2423668162014,48674.26106397989,504.64225400089964,-504.64225400089964,pass,678.0
3.2866173944309915,187.649743507068,322294.6228218074,755.4817747843096,-755.4817747843096,pass,679.0
1.9407033960040874,24.840516515273684,463801.1508630175,952.1786070266866,-952.1786070266866,pass,680.0
0.6197957962974906,161.568830742779,341887.3795678946,789.6047079620785,-789.6047079620785,pass,681.0
6.3369311082754765,201.06083787180427,477953.8699730218,961.5278096496448,-961.5278096496448,pass,682.0
1.7382412777132266,234.3150913148647,501728.5176314841,844.88918080728,-844.88918080728,pass,683.0
4.570781340263624,180.46236272214014,598408.3860147124,649.6971860605539,-649.6971860605539,pass,684.0
5.671258930822365,0.1,649286.0423162065,1332.0890160380477,-1332.0890160380477,pass,685.0
7.679392465237187,270.81874012769975,743550.531410918,726.266869334292,-726.266869334292,pass,686.0
6.897402823294091,171.85798532142897,925697.5220840415,690.281441895536,-690.281441895536,pass,687.0
7.697497702473966,196.16152392937758,103140.35075597698,762.8606989577563,-762.8606989577563,pass,688.0
7.46708517092336,211.8924034823096,49020.09816413207,512.6534261462522,-512.6534261462522,pass,689.0
3.86948800282811,101.7441932095108,806349.5448296242,701.6193525311267,-701.6193525311267,pass,690.0
6.999399946153122,63.327615834595434,838586.4448096111,724.83938365161,-724.83938365161,pass,691.0
2.5047461286973745,134.60266379666234,461928.126828099,861.7023937691363,-861.7023937691363,pass,692.0
2.8845572527330425,63.9466388839623,707198.0415814236,878.880126757199,-878.880126757199,pass,693.0
4.152849254959206,131.2427606484457,821557.8894864145,796.2433142113393,-796.2433142113393,pass,694.0
5.418523044793701,196.1401032367321,417061.6128727285,1007.2723061304079,-1007.2723061304079,pass,695.0
2.555793409427599,8.806913440289605,87242.01171875,957.7509167043161,-957.7509167043161,pass,696.0
1.5954180517146253,281.946708044797,882778.0501604313,715.2102065065253,-715.2102065065253,pass,697.0
3.1188946001001585,93.44486216086362,567494.5959030571,717.1031688724559,-717.1031688724559,pass,698.0
4.852482804322423,187.61575331486955,262200.61285746645,878.267384397305,-878.267384397305,pass,699.0
4.6341926691314255,175.60025532772818,983060.896484375,709.9565917490089,-709.9565917490089,pass,700.0
6.591945165238306,174.60841602299448,611148.1264093274,1198.9642153158109,-1198.9642153158109,pass,701.0
0.9291765298680202,152.75366941287118,103195.24398433353,731.581438270371,-731.581438270371,pass,702.0
7.123669519079706,51.10697116814368,100605.60419668173,858.3400594387614,-858.3400594387614,pass,703.0
7.450115142044176,47.80226436267782,58620.03444671417,763.0583122751127,-763.0583122751127,pass,704.0
6.144931162190662,275.2736980507252,367145.87363922026,700.7557014168608,-700.7557014168608,pass,705.0
1.0259052547478382,0.1,179414.18149060954,1277.5141243142925,-1277.5141243142925,pass,706.0
3.8830420245442276,81.63977350125884,853792.3495171242,713.5095757402552,-713.5095757402552,pass,707.0
6.439941507229873,88.3747935386379,284332.1645360454,747.6479124154063,-747.6479124154063,pass,708.0
0.5076950359776815,148.59877997691459,676447.3869476934,852.6463390959785,-852.6463390959785,pass,709.0
2.2891528310737925,275.310606716416,903693.985203492,694.264457008894,-694.264457008894,pass,710.0
0.3910579531061784,182.66426212371644,929888.2807885032,899.9960354776662,-899.9960354776662,pass,711.0
0.7232237839936722,39.091104669588866,32143.662067122455,773.0291969867907,-773.0291969867907,pass,712.0
4.664419374969759,14.314666812481988,115098.85241658743,776.2882457541904,-776.2882457541904,pass,713.0
8.278914414912094,104.40978136987016,536206.0177777152,736.1543426735736,-736.1543426735736,pass,714.0
4.7096791134218305,34.40730494310914,290454.90213230584,737.3228275266736,-737.3228275266736,pass,715.0
7.694666084029644,262.1012802242842,358944.9771227477,889.7765282874836,-889.7765282874836,pass,716.0
8.071847009836324,173.513417123667,25250.37746100707,924.1476234201014,-924.1476234201014,pass,717.0
1.0388783298995348,143.14983583793796,444517.8067207288,814.1267123673819,-814.1267123673819,pass,718.0
6.306119740057626,44.537762627007304,453978.36730444373,785.139716299459,-785.139716299459,pass,719.0
6.457360998489584,73.46537649675074,838302.1261692463,748.3402265831754,-748.3402265831754,pass,720.0
2.4588903221605696,231.70516648367607,143130.09978495276,626.3550814198173,-626.3550814198173,pass,721.0
9.835631603004611,82.01960576949233,752025.8211597974,919.3341038724647,-919.3341038724647,pass,722.0
2.6261725160597242,180.2983833797332,172208.33415995276,842.9550535998203,-842.9550535998203,pass,723.0
4.468278601739561,152.65483707670145,515863.3436319358,729.7988303955979,-729.7988303955979,pass,724.0
9.499272842371143,154.8598920898451,809041.8117761454,1195.6607776288838,-1195.6607776288838,pass,725.0
6.81475033847308,173.29735656198494,305011.1882872744,890.8839719305241,-890.8839719305241,pass,726.0
1.5642643421355409,227.18166979057486,154528.7392035128,889.3548135828122,-889.3548135828122,pass,727.0
4.126337924266042,211.80922331609025,125573.64410746648,712.3813283823456,-712.3813283823456,pass,728.0
6.972421422923493,191.8858512081172,964067.9302871665,604.3082044782734,-604.3082044782734,pass,729.0
8.917668837486394,163.60659825693727,41215.29933600707,706.784079574585,-706.784079574585,pass,730.0
2.7289731653890925,266.36107230021724,909818.2478988045,882.6116024232459,-882.6116024232459,pass,731.0
8.729129679547182,148.01009704143826,923635.9205527499,690.9571431060701,-690.9571431060701,pass,732.0
0.3917170780763801,29.118597624820595,637516.1738251338,1217.8794444121045,-1217.8794444121045,pass,733.0
7.266941830603323,165.13979154729935,451749.19861647463,868.4405462495426,-868.4405462495426,pass,734.0
6.207117374277199,267.59246562960533,276864.6405420901,540.8829870058087,-540.8829870058087,pass,735.0
2.5611462741059596,184.5963001285736,524205.055557422,691.074667041495,-691.074667041495,pass,736.0
4.936016857396107,85.44617706672481,893483.5395422946,723.493202313478,-723.493202313478,pass,737.0
4.657397819512467,153.04555033655606,1000000.0,1046.5380264368985,-1046.5380264368985,pass,738.0
0.8986174696921814,34.28326384546167,55281.26753587245,748.4934051665032,-748.4934051665032,pass,739.0
0.001,72.41414976267423,108002.39454792332,1234.083809923145,-1234.083809923145,pass,740.0
0.001,127.28960086815914,533781.3953440294,1305.7437784997755,-1305.7437784997755,pass,741.0
8.986893826725161,81.13528288779372,797518.6258472974,834.6730186881074,-834.6730186881074,pass,742.0
0.9667106121245546,217.6364599059313,202762.2313910128,723.9032702583513,-723.9032702583513,pass,743.0
1.0476038086475725,159.24377117335266,467859.46895545325,727.4562405195433,-727.4562405195433,pass,744.0
0.6665931123556489,182.2089782732672,315314.23458045325,711.9936130105384,-711.9936130105384,pass,745.0
5.306093638023333,41.340686862530816,83852.42663533743,775.0033166646045,-775.0033166646045,pass,746.0
0.001,84.7220804437649,75733.42785563662,1209.4746784545516,-1209.4746784545516,pass,747.0
0.001,133.08017570193974,109480.79580686131,1207.8687023505781,-1207.8687023505781,pass,748.0
1.0017610142373319,95.20792402261756,197250.06535891027,731.2358491129651,-731.2358491129651,pass,749.0
1.435075841711773,184.01052767814454,979778.9419213157,844.2449564814955,-844.2449564814955,pass,750.0
3.058496068211456,278.7126584307339,66940.16829054238,653.3412214264002,-653.3412214264002,pass,751.0
5.989458874447374,112.88551243150265,952775.6028307822,730.6350333395168,-730.6350333395168,pass,752.0
4.478155362644972,212.81330170430437,214061.33941996648,742.6243942530735,-742.6243942530735,pass,753.0
1.6600732206765336,237.38200290901358,157637.7743597628,1002.4245743943836,-1002.4245743943836,pass,754.0
3.8642040190801437,75.86443382636837,884221.8207922946,864.7144035784922,-864.7144035784922,pass,755.0
2.2801205881190154,133.9007084771999,350394.3580318482,836.8943367177252,-836.8943367177252,pass,756.0
8.484012548630753,106.92152929670891,125960.49254357457,909.057323079011,-909.057323079011,pass,757.0
0.001,114.23561074250301,495817.0398752794,1302.8391951932972,-1302.8391951932972,pass,758.0
1.9143510046267216,35.69647867386711,150833.8919398283,793.3868879544015,-793.3868879544015,pass,759.0
7.6590896249499245,76.55689290321072,888079.8965327376,839.6231630592613,-839.6231630592613,pass,760.0
0.001,144.08208013878024,477304.0147285413,1295.906198378551,-1295.906198378551,pass,761.0
5.084654112224155,232.4724715793065,979773.6390692221,766.9082295762962,-766.9082295762962,pass,762.0
6.503108234135291,54.48376175127738,105336.94208730673,727.5131196220374,-727.5131196220374,pass,763.0
2.744929764821475,28.086295123735916,208545.45651722373,804.498319498239,-804.498319498239,pass,764.0
0.001,208.27292976364836,631630.6147840114,1308.5242515982607,-1308.5242515982607,pass,765.0
4.78553299907762,226.62035431660905,238187.22418559148,724.877665568775,-724.877665568775,pass,766.0
0.32861190535061313,108.6834832572367,295149.07317141024,911.7533472586362,-911.7533472586362,pass,767.0
4.227120771776181,52.14454466239742,856555.4301672946,794.4278600768506,-794.4278600768506,pass,768.0
7.35863053131442,284.0263674241475,676876.777504668,1103.5262566409324,-1103.5262566409324,pass,769.0
6.1826565142750844,219.15717573103632,39565.88581901224,682.4386370737316,-682.4386370737316,pass,770.0
6.3696998701139025,253.5961891257695,1000000.0,720.87452280997,-720.87452280997,pass,771.0
2.250072286866627,92.12043429431607,638567.3991622628,766.3756742157618,-766.3756742157618,pass,772.0
0.4881996138560907,200.65287143768128,1000000.0,961.3074353574651,-961.3074353574651,pass,773.0
3.5153546164019236,239.872631541052,180296.45144350792,755.8598985554557,-755.8598985554557,pass,774.0
0.001,218.79184373836264,400884.70917714696,1270.8995536795653,-1270.8995536795653,pass,775.0
7.279518721640819,0.1,268075.68983259925,1292.5477395377018,-1292.5477395377018,pass,776.0
3.0883256369666636,238.6127537497825,516316.25081583724,736.0794244372527,-736.0794244372527,pass,777.0
1.859944777034245,101.77909518298794,622907.3405685128,827.0722532846629,-827.0722532846629,pass,778.0
8.074525496471429,244.8657568528149,347468.04541636136,878.9782004229177,-878.9782004229177,pass,779.0
7.33944078612666,300.0,613568.222817168,842.2332385683549,-842.2332385683549,pass,780.0
7.156389660750459,252.02831853759182,556491.0560246257,926.8574930875615,-926.8574930875615,pass,781.0
4.565995177373618,197.88285403809456,815927.2029964922,977.2803620924317,-977.2803620924317,pass,782.0
0.001,239.27499334755217,932291.2203804293,1337.4083341441888,-1337.4083341441888,pass,783.0
6.1779172745241455,247.384618624442,868780.0609442221,787.1251306261039,-787.1251306261039,pass,784.0
6.788802529261974,159.69466376432257,140212.13893351957,584.48856343669,-584.48856343669,pass,785.0
2.559903971494412,31.031102219683948,215321.02073637268,743.4194870174651,-743.4194870174651,pass,786.0
9.273511700883933,136.57937287315548,257985.37895671348,619.7251438534047,-619.7251438534047,pass,787.0
1.1033482475745813,187.05216939033326,1000000.0,876.3782014845383,-876.3782014845383,pass,788.0
6.709543340473998,122.07134667367265,664733.573930059,690.6824530586114,-690.6824530586114,pass,789.0
7.189309465969173,159.58489131047347,298669.407396602,881.0702179294503,-881.0702179294503,pass,790.0
1.8338268302045915,220.0064598267843,387899.59334142454,744.997283015797,-744.997283015797,pass,791.0
7.325945604773862,33.82843519334669,609891.3092317058,824.9977214581764,-824.9977214581764,pass,792.0
0.9305959864127771,191.0514627176648,968691.2231713157,853.3324731331671,-853.3324731331671,pass,793.0
5.342570962483449,194.29892696605785,705489.9751966223,873.5690162773519,-873.5690162773519,pass,794.0
0.001,165.610772322213,602545.8801875971,1309.6682207603537,-1309.6682207603537,pass,795.0
4.123212193904651,279.38855748490346,165996.29909975792,685.9983304214759,-685.9983304214759,pass,796.0
3.706182434434876,159.1219969198116,312522.0562740357,789.9365916770087,-789.9365916770087,pass,797.0
6.599243395596374,120.58237997025773,665752.7581951957,845.5134535791474,-845.5134535791474,pass,798.0
10.0,132.4765393637103,385123.7852067135,790.4058839318175,-790.4058839318175,pass,799.0
6.049208266735205,47.44101147741398,108960.76084297901,913.8608502915134,-913.8608502915134,pass,800.0
2.876858961960272,0.1,76208.57885742188,1244.4276716704248,-1244.4276716704248,pass,801.0
2.942282888603059,234.0794199951049,142158.78252421058,692.4676077991561,-692.4676077991561,pass,802.0
0.7654680515494734,141.0320575649729,354941.654171849,737.8692473280084,-737.8692473280084,pass,803.0
3.705888946011012,57.09984874312068,248685.81198597373,793.1984204448923,-793.1984204448923,pass,804.0
8.157438446017606,33.373803954170896,679112.8873567058,888.4704789136464,-888.4704789136464,pass,805.0
0.10943574384728011,186.61149043897325,681052.2507930659,925.7877057190498,-925.7877057190498,pass,806.0
6.171728696519767,165.05150478049083,953123.1596402086,704.6789762879812,-704.6789762879812,pass,807.0
0.36011075076346355,61.14495402563219,445766.5634928392,968.2913555251588,-968.2913555251588,pass,808.0
6.548441765483965,23.46324840198446,109284.26882171417,782.7739809585164,-782.7739809585164,pass,809.0
0.5723029800537924,180.97610067768466,885879.9904301948,829.7546943449391,-829.7546943449391,pass,810.0
0.6054065673220292,184.7333555895215,1000000.0,1010.7917031405505,-1010.7917031405505,pass,811.0
6.393853836968205,41.46352101594624,870869.1881489359,831.4817432589873,-831.4817432589873,pass,812.0
9.631865799427032,7.608421390838075,63750.15903816956,763.3758858712766,-763.3758858712766,pass,813.0
3.155045673148089,193.39521515714569,449719.07557695324,773.7276731209265,-773.7276731209265,pass,814.0
6.69961734174016,82.80588444077999,995622.7707995322,802.1135475455649,-802.1135475455649,pass,815.0
0.2674632482520112,139.95353056901058,562441.7859690294,829.172723684545,-829.172723684545,pass,816.0
1.6809616985283213,269.50198817088375,917686.932469117,666.3107507386676,-666.3107507386676,pass,817.0
0.001,152.26783397763526,396935.1889610751,1282.1413946877246,-1282.1413946877246,pass,818.0
6.253671719683191,16.5015558239054,72938.93427480673,773.6222851064716,-773.6222851064716,pass,819.0
0.2902897499166581,168.69379722531335,413890.48103673704,799.014372565375,-799.014372565375,pass,820.0
6.251943986413514,74.27299307750604,1000000.0,703.7301278678957,-703.7301278678957,pass,821.0
6.176776842045339,74.43111006045385,466237.57155555603,879.3942493064053,-879.3942493064053,pass,822.0
1.4276677216281066,219.97164868780854,0.0,1237.0645834903905,-1237.0645834903905,pass,823.0
7.227224033507211,65.20344854478712,549427.2975129558,822.1460041181587,-822.1460041181587,pass,824.0
8.195620823906014,39.50720413181125,421645.05944125744,767.5669145036833,-767.5669145036833,pass,825.0
5.254611497005419,45.04232794529449,53898.368041587426,797.3869231765997,-797.3869231765997,pass,826.0
6.740396459327589,229.04635697975417,932689.9498184165,673.3910049194869,-673.3910049194869,pass,827.0
9.109028233548836,158.69405217704852,142654.81074585702,683.8191655124771,-683.8191655124771,pass,828.0
1.8999482127690022,10.815772363594895,155201.3782679533,980.8094657998286,-980.8094657998286,pass,829.0
8.338426444807023,270.0851279392448,411789.6919664977,590.6204128389,-590.6204128389,pass,830.0
7.46891770189685,33.19024366740143,519026.7975015957,803.1852345451783,-803.1852345451783,pass,831.0
0.001,165.02432119305627,398376.70369298704,1279.814152337724,-1279.814152337724,pass,832.0
1.4690899881386463,0.1,117100.88754529702,1256.0820868567573,-1256.0820868567573,pass,833.0
7.270952575474609,89.55081716508195,693873.3675701957,921.2369786711655,-921.2369786711655,pass,834.0
1.7250768582042522,6.0395388083645045,439341.85545286123,1270.6691950933719,-1270.6691950933719,pass,835.0
8.094482225412062,130.14178134472195,922631.5797324374,812.7959209338663,-812.7959209338663,pass,836.0
5.651182295582096,132.9976846444431,625700.0177813612,688.1617269843169,-688.1617269843169,pass,837.0
2.949315790262914,202.30156404968687,384129.7188937703,793.1244799382099,-793.1244799382099,pass,838.0
7.53906270691137,173.34953277735735,433638.59324419696,609.653030492691,-609.653030492691,pass,839.0
4.175265012138467,134.81574915857755,758336.1844082895,846.2281172369766,-846.2281172369766,pass,840.0
0.7696058604182595,168.25184593378967,366098.73458045325,740.237085229329,-740.237085229329,pass,841.0
6.343963268483249,191.0143890292845,215075.6455653184,788.6175096151505,-788.6175096151505,pass,842.0
5.519235614000432,166.37333923312212,196458.41866752188,708.0472698341442,-708.0472698341442,pass,843.0
2.8027594109091645,67.3629561794815,856487.1893608742,860.5093336610971,-860.5093336610971,pass,844.0
4.352683618436795,64.71020943061642,798665.443228818,835.228781877473,-835.228781877473,pass,845.0
5.801100881597797,133.7116967904392,688719.3537188612,781.6063202316359,-781.6063202316359,pass,846.0
7.523995792224007,94.59210889132723,170532.17011797757,699.778458329954,-699.778458329954,pass,847.0
8.605234069516603,13.766730241280271,369794.96987515147,912.1734264871403,-912.1734264871403,pass,848.0
0.11046526611465157,164.7488189715094,487700.24239295325,809.4680379243027,-809.4680379243027,pass,849.0
8.149284098551819,10.772346572607148,382854.14147250744,923.901142191926,-923.901142191926,pass,850.0
4.800300074815878,38.06759100050053,156528.8770539165,823.8936230572812,-823.8936230572812,pass,851.0
5.308105069056822,32.312176600051984,353663.4242182631,811.5285849785035,-811.5285849785035,pass,852.0
4.705490963254365,48.1082479362732,286462.31619480584,812.2749145586032,-812.2749145586032,pass,853.0
0.001,145.99423768036922,592936.4754221544,1310.7510255763264,-1310.7510255763264,pass,854.0
6.167738896964258,122.25484566739482,253522.5822939444,755.2208308836566,-755.2208308836566,pass,855.0
4.251119209528097,45.7328494080933,118721.68174141651,753.0966225120936,-753.0966225120936,pass,856.0
7.701594839372394,173.29048390802376,194074.00295402244,615.0677692186114,-615.0677692186114,pass,857.0
0.9431233177150985,160.35674104868835,536654.8048929533,712.590122458806,-712.590122458806,pass,858.0
8.281295680272134,97.73479286456151,551784.0193094623,792.9288696598278,-792.9288696598278,pass,859.0
4.2916710461270355,178.62595553339455,616137.08406984,680.3761287312077,-680.3761287312077,pass,860.0
9.112948004918845,116.53858534121557,366738.9679178608,855.639629195011,-855.639629195011,pass,861.0
1.1409741201069208,124.56815172538913,488927.2012519788,718.4653066747815,-718.4653066747815,pass,862.0
6.724634803879895,27.93838499486619,453673.51769506873,871.2318960713018,-871.2318960713018,pass,863.0
0.001,156.91658126767175,499703.77791173704,1297.084372619233,-1297.084372619233,pass,864.0
3.445680195086794,263.18164731292677,804642.3349004419,672.3934389745187,-672.3934389745187,pass,865.0
9.459487272193376,2.9798765702063577,332824.3382833546,1368.6878159236394,-1368.6878159236394,pass,866.0
0.001,97.60881751764421,521289.03651530016,1308.5423659492835,-1308.5423659492835,pass,867.0
5.2223580495456785,63.47678679277955,286799.06228855584,726.8618814700736,-726.8618814700736,pass,868.0
3.9187233225524274,94.98660588413462,535882.5877782346,721.5710493048971,-721.5710493048971,pass,869.0
7.5731993657915035,24.690383857525944,514505.9664469082,808.0399799505012,-808.0399799505012,pass,870.0
6.383781169113342,26.928936427868962,506327.6832437832,837.5676904116766,-837.5676904116766,pass,871.0
7.297478390095896,151.5698624139158,354693.20631738193,970.1550387451217,-970.1550387451217,pass,872.0
0.36850766122955025,150.04506001650756,474612.60567420325,829.3557081045894,-829.3557081045894,pass,873.0
1.6628813197292411,82.80205108955163,298524.9130281704,728.8782911883364,-728.8782911883364,pass,874.0
0.458313585385725,27.93859123567981,414323.74230798474,1020.238696924628,-1020.238696924628,pass,875.0
0.4818932217515446,37.03034147094431,721124.5841361386,1046.9619378913455,-1046.9619378913455,pass,876.0
7.179218322126112,180.29400497579667,411722.80213209963,1036.0971571883495,-1036.0971571883495,pass,877.0
2.2925903123032803,13.723005334002796,140135.81834379456,865.1329719229467,-865.1329719229467,pass,878.0
8.901463548302843,184.5952089356139,590138.6824620777,721.3848598489224,-721.3848598489224,pass,879.0
5.091804153801625,35.32124947180901,415336.7459049186,780.4549348101149,-780.4549348101149,pass,880.0
8.396141872214265,192.57665397395726,566343.2838365275,690.5329051264459,-690.5329051264459,pass,881.0
7.000312477672982,181.44622975960036,994471.8677871665,708.7078709481289,-708.7078709481289,pass,882.0
6.516141925842515,152.36297093294542,947420.0317528312,653.6762439221425,-653.6762439221425,pass,883.0
4.844659810146288,18.716505115094293,70752.87878377493,756.0046641139542,-756.0046641139542,pass,884.0
9.377877057233384,55.50462471379588,724462.7625676765,832.6710635173957,-832.6710635173957,pass,885.0
1.4393475554720117,62.470382993546764,290797.0548206583,791.0722079494599,-791.0722079494599,pass,886.0
7.625898473727258,115.35243634009404,488664.51784461853,717.1325309817773,-717.1325309817773,pass,887.0
7.04539074882023,152.86372065756555,716642.4135187024,924.266932101077,-924.266932101077,pass,888.0
6.671503253058284,195.12128344531504,783053.7667361477,711.0793559287141,-711.0793559287141,pass,889.0
1.980981287770069,61.13478990652858,105298.5872740226,767.7007534784773,-767.7007534784773,pass,890.0
4.749193789158258,61.06828087618409,295243.54471043084,821.381707074488,-821.381707074488,pass,891.0
6.481187761152673,184.29364890232344,978517.3013809165,893.1730955162893,-893.1730955162893,pass,892.0
5.124290948853225,234.54891067109017,809717.3680355547,818.0249079152294,-818.0249079152294,pass,893.0
4.1285705467684455,223.71598477719385,556937.1907022124,889.3843959462369,-889.3843959462369,pass,894.0
8.11886417644893,51.8261310161202,10123.06081390167,867.2439110221627,-867.2439110221627,pass,895.0
6.8758172938010675,206.88162703927986,218378.66408683494,953.3691115000024,-953.3691115000024,pass,896.0
0.10266564416799628,121.51411988251766,575074.9324534044,977.0290506695699,-977.0290506695699,pass,897.0
0.001,108.87968565934261,612568.1492502794,1317.704418681722,-1317.704418681722,pass,898.0
0.001,189.30819963856112,940150.2990239448,1342.3795601534916,-1342.3795601534916,pass,899.0
7.5289207951818256,153.85804727480698,276588.5963881933,768.0360684975797,-768.0360684975797,pass,900.0
1.3043607508076465,25.275371874628064,319113.89565763227,920.9044626422611,-920.9044626422611,pass,901.0
0.7027929353467464,33.719830677545644,297729.5144838344,994.1352952145008,-994.1352952145008,pass,902.0
6.1543695785135135,199.09706754622187,4137.311600262241,1235.846861072076,-1235.846861072076,pass,903.0
0.31780562580245686,96.63266239344543,471210.19356482825,770.2763391153394,-770.2763391153394,pass,904.0
3.1293315021042485,3.435497707311626,220629.14480208352,1347.7405008398468,-1347.7405008398468,pass,905.0
6.452855879540009,174.16891779171092,794702.0533216223,648.2262422868199,-648.2262422868199,pass,906.0
0.37809925772182884,99.65281595224403,297317.5436303946,818.3335072161221,-818.3335072161221,pass,907.0
7.360054873708295,277.8438827973775,696818.406410918,692.540254329101,-692.540254329101,pass,908.0
5.8020634410235585,203.33068137726693,866453.8328793047,656.6088560933166,-656.6088560933166,pass,909.0
6.054880061588213,148.34776109669443,530324.5072687024,831.6500364532216,-831.6500364532216,pass,910.0
0.001,72.40241205505741,717544.6230438838,1333.2183917480147,-1333.2183917480147,pass,911.0
5.8197425304118795,156.00940530179173,679923.0089922987,685.2442426988323,-685.2442426988323,pass,912.0
0.8719165482189508,114.94277597770846,524282.4160957288,752.7318677067564,-752.7318677067564,pass,913.0
7.104652896846223,177.7228806652095,844962.5689590415,929.1593494431952,-929.1593494431952,pass,914.0
10.0,77.47547878203505,642642.2820972974,743.6809914017077,-743.6809914017077,pass,915.0
1.9228376038152097,293.60314954634737,974896.938243966,832.3383663783709,-832.3383663783709,pass,916.0
0.001,172.81248912989562,388462.83614295325,1277.0811287108168,-1277.0811287108168,pass,917.0
2.257382693058055,233.82709823912694,884684.3862506732,698.093803074462,-698.093803074462,pass,918.0
6.22262313523349,196.28524731709578,281353.9893153184,729.7562735089607,-729.7562735089607,pass,919.0
0.7240033893593665,107.61244313922985,517719.0323337505,1049.8609389037715,-1049.8609389037715,pass,920.0
8.540672007380612,180.20932090174318,102179.95753913207,649.0777334159693,-649.0777334159693,pass,921.0
3.767669866772552,265.7793476835873,225084.72883741738,785.6189257554757,-785.6189257554757,pass,922.0
0.7575749539401384,101.2207377086655,568314.5059394788,839.3290747372105,-839.3290747372105,pass,923.0
7.884345532098344,51.47767578496287,677659.2571965827,729.500775779676,-729.500775779676,pass,924.0
5.590901399539379,115.16007766255217,198699.81471476957,947.783648581912,-947.783648581912,pass,925.0
0.6122002253454731,212.31240495662436,374476.74238027196,785.4941728946371,-785.4941728946371,pass,926.0
2.735747657359814,39.780481377703964,200212.68479887268,758.465350119131,-758.465350119131,pass,927.0
7.079962112323027,100.45100249897436,915472.4086512391,930.8405791130834,-930.8405791130834,pass,928.0
0.001,181.2286126989073,357552.17989295325,1269.3211314543346,-1269.3211314543346,pass,929.0
3.969235040348753,75.72133946567759,620394.8846532346,752.0007021807324,-752.0007021807324,pass,930.0
0.001,161.96184503491418,388167.14119298704,1278.6319573000524,-1278.6319573000524,pass,931.0
0.8559620042575633,38.30920728569984,322841.16128263227,884.2940109490312,-884.2940109490312,pass,932.0
6.744156097151745,229.8982119084004,448453.72039745795,878.4864471912776,-878.4864471912776,pass,933.0
4.1740507255808765,37.50459145178948,544612.3865299185,829.5764027630988,-829.5764027630988,pass,934.0
9.137454450198643,25.928347142102318,955957.2686030501,862.2145230704178,-862.2145230704178,pass,935.0
7.903168533124894,228.69915009733108,492597.6548571227,470.0118215775751,-470.0118215775751,pass,936.0
5.7349994577886925,264.6633766481755,301427.46934234526,679.8036436194164,-679.8036436194164,pass,937.0
0.001,168.22506509005493,599301.9611429533,1309.0322407467845,-1309.0322407467845,pass,938.0
1.0800144890512726,167.33273086726135,433882.94161170325,805.8107646356518,-805.8107646356518,pass,939.0
6.837951351792565,137.28396938703935,991247.0659325187,915.6950841121446,-915.6950841121446,pass,940.0
1.2458092920318795,86.10916573318605,301443.0704456583,817.5500640276865,-817.5500640276865,pass,941.0
5.423324539316675,0.1,150036.52021230673,1267.4657605307473,-1267.4657605307473,pass,942.0
7.313360833553454,53.87635036669486,200757.38349355673,762.3551482210426,-762.3551482210426,pass,943.0
4.174858975449385,210.81021036900773,307512.83160746645,922.2297263225445,-922.2297263225445,pass,944.0
4.658423943849569,206.01836541505563,763150.2142433998,648.7716023396631,-648.7716023396631,pass,945.0
5.582898631665861,156.0075125146287,555566.480838967,689.7762671844608,-689.7762671844608,pass,946.0
9.579564669730342,71.74102820334548,730536.7313160474,855.4915392503797,-855.4915392503797,pass,947.0
4.00504597630203,51.961874994757835,516286.6344683615,757.7193523536325,-757.7193523536325,pass,948.0
6.069086829948436,222.49575085577692,180888.02156119974,553.4748579443825,-553.4748579443825,pass,949.0
0.45281273201044836,117.41232356838373,164683.59365506427,736.7024552150162,-736.7024552150162,pass,950.0
7.923250559844941,239.24113952066568,439178.5747789977,823.1256382179644,-823.1256382179644,pass,951.0
6.5905893401762885,64.52115883939744,955133.1100350459,777.8345203108053,-777.8345203108053,pass,952.0
7.22927347504553,195.60151814534285,153592.17888097698,615.0417192066145,-615.0417192066145,pass,953.0
5.8778566420561456,64.65801523626024,461494.238886475,854.6360883167034,-854.6360883167034,pass,954.0
1.6352678685349757,189.8792467151825,532820.121963672,710.2967259747973,-710.2967259747973,pass,955.0
8.753255377173616,190.13041096198108,620912.2586339527,1026.2414449383982,-1026.2414449383982,pass,956.0
0.9726163673154353,36.68257109884081,232463.64729633438,805.1900510223064,-805.1900510223064,pass,957.0
1.9210561626440756,221.963564339233,506247.2871627341,906.8490530548661,-906.8490530548661,pass,958.0
2.273704439636262,267.31475853755245,833268.7596175545,703.1760349103229,-703.1760349103229,pass,959.0
6.748400912011552,197.54831105842848,891359.3834121665,944.0724512322691,-944.0724512322691,pass,960.0
3.8242957422716746,286.83871125296605,166804.86550600792,533.0089488733762,-533.0089488733762,pass,961.0
4.171444427034261,58.092290911200706,447330.5797808615,733.4264033909832,-733.4264033909832,pass,962.0
3.7259009628457362,201.94500458585662,500571.383682422,804.1772531217248,-804.1772531217248,pass,963.0
0.001,173.43905410944885,368011.7992777189,1272.845049150102,-1272.845049150102,pass,964.0
7.275702271042951,226.64742171656252,36001.89113288207,1197.572954984187,-1197.572954984187,pass,965.0
2.3377935925395255,170.68626291748473,442022.1563937703,708.5079917233232,-708.5079917233232,pass,966.0
1.67608768309494,75.77204093834855,230433.19972148933,728.9746255453372,-728.9746255453372,pass,967.0
5.593759173626466,158.20352854000194,890612.5845716223,861.0069174775479,-861.0069174775479,pass,968.0
4.552336705655517,159.3446265540901,819007.8333021891,887.250428111709,-887.250428111709,pass,969.0
9.46275784875495,132.1051044367236,194970.53911296348,831.7944207885462,-831.7944207885462,pass,970.0
5.641608999869625,138.03600804684788,719409.0275469862,704.2912408034397,-704.2912408034397,pass,971.0
5.729733073143145,37.08290144167655,269785.08661855676,746.883191462421,-746.883191462421,pass,972.0
9.30623921815448,54.228000987904764,722689.5125676765,761.0318514968569,-761.0318514968569,pass,973.0
3.8840028487396094,171.25213174074972,440956.8170162232,774.2543000699661,-774.2543000699661,pass,974.0
3.993227472512057,11.207127870931295,676014.654252322,1402.87531566975,-1402.87531566975,pass,975.0
2.6811257341773276,196.44546205994078,373163.5655734578,731.6988624638459,-731.6988624638459,pass,976.0
6.92614237005909,94.36308795304998,235188.38496172757,921.8711677593362,-921.8711677593362,pass,977.0
3.953029413585239,213.0467837893895,986752.2855535971,800.9334128180445,-800.9334128180445,pass,978.0
5.207342279881896,141.03296864851148,720380.5129896891,726.5610451343512,-726.5610451343512,pass,979.0
6.531061962955437,161.04793184351013,166713.2635593215,651.2229564852682,-651.2229564852682,pass,980.0
2.964082362306214,187.54654581543394,465136.0470187703,746.9029218470798,-746.9029218470798,pass,981.0
5.965625865191878,157.06411612852247,703488.2512709391,665.4438682751028,-665.4438682751028,pass,982.0
5.046271841523683,77.33872245715997,953671.796875,714.3537174257452,-714.3537174257452,pass,983.0
7.598458335207887,215.75726463069554,495530.3228990275,833.2528818407841,-833.2528818407841,pass,984.0
4.638108629027189,212.37471928395524,211653.14996684148,779.6435324725416,-779.6435324725416,pass,985.0
6.138007877048601,0.35130420337605983,10991.13600921417,1214.9887798560553,-1214.9887798560553,pass,986.0
0.001,88.04506359278625,444897.98458045325,1300.858361546408,-1300.858361546408,pass,987.0
9.918854527175426,155.5153028868121,431881.2617692135,935.0948554154818,-935.0948554154818,pass,988.0
6.614354028597592,143.00594154692217,346808.87330930727,663.7029767875017,-663.7029767875017,pass,989.0
0.001,206.9734619520162,453496.27363027196,1282.2435080875694,-1282.2435080875694,pass,990.0
1.4396110623541993,212.03075321418936,130905.41107851281,922.1597824586237,-922.1597824586237,pass,991.0
0.5678702683035235,119.98583101673495,915429.6369145698,794.8222935952155,-794.8222935952155,pass,992.0
0.17678666104397278,262.66424683271845,540462.1705830066,807.4132915214979,-807.4132915214979,pass,993.0
9.109834924974969,63.67490421666453,785625.0203801765,716.0595049575967,-716.0595049575967,pass,994.0
2.1476885002267116,18.051416436297718,172733.47190824768,805.5161501139578,-805.5161501139578,pass,995.0
5.555171433149449,120.40410619708086,324013.6647612719,990.0933829841572,-990.0933829841572,pass,996.0
5.035499490381902,45.96209763159905,559793.7146549185,742.2505201888495,-742.2505201888495,pass,997.0
1.905062790304572,230.72406813132383,164400.0287225615,872.6741389508145,-872.6741389508145,pass,998.0
0.4905711010092143,115.92083892635492,107025.11513943927,745.8599341776569,-745.8599341776569,pass,999.0
6.099868838553005,243.83532009958543,990213.326171875,714.3517653687317,-714.3517653687317,pass,1000.0
4.0326230392793745,24.592417896295174,272956.18338230584,798.8208005385673,-798.8208005385673,pass,1001.0
1.9960185330652647,36.018963809649,319438.79367542686,860.4686119285855,-860.4686119285855,pass,1002.0
1.9309223716534698,103.27890469863671,293471.4520906704,776.3927908284331,-776.3927908284331,pass,1003.0
0.4772080341832796,195.41925707950253,731610.1166993423,864.6081968415671,-864.6081968415671,pass,1004.0
4.259957720897932,184.62539811490137,535021.4328897124,888.6382945262569,-888.6382945262569,pass,1005.0
0.5168564020403739,104.27962320057019,498483.2940525005,852.6409047597216,-852.6409047597216,pass,1006.0
7.138843000257897,185.6630011238124,945478.8580215415,668.3937501216653,-668.3937501216653,pass,1007.0
0.001,215.58745797378714,258959.3798285128,1238.0580189857803,-1238.0580189857803,pass,1008.0
3.5830790003760047,240.1605188405331,489006.5315225249,1196.3156702674464,-1196.3156702674464,pass,1009.0
0.5067406646572206,163.5267234986593,283978.2775455261,734.2792381115323,-734.2792381115323,pass,1010.0
6.102144062841821,176.22047716751356,927780.9224746665,659.9205081246348,-659.9205081246348,pass,1011.0
6.558403653083226,56.33080693445914,141579.80146230673,941.9588471993551,-941.9588471993551,pass,1012.0
7.357182205046105,152.74417001381178,940935.991810604,664.2543817779099,-664.2543817779099,pass,1013.0
1.5437892947719458,57.062998734500994,54469.391961522604,789.0159321117173,-789.0159321117173,pass,1014.0
2.2935229450154777,100.48618823278551,557553.0302897142,714.8864116107584,-714.8864116107584,pass,1015.0
8.850769475170605,55.99124959266384,777777.2529780501,801.2233531824786,-801.2233531824786,pass,1016.0
1.9863936825263635,197.5290647226697,941522.1674157005,842.9758180782744,-842.9758180782744,pass,1017.0
4.213067550024393,68.59360221338576,467843.8610308615,737.1625766966821,-737.1625766966821,pass,1018.0
9.077531539455482,141.1429724596423,309865.0781754635,677.8482395015224,-677.8482395015224,pass,1019.0
4.214327056769901,239.80979953645982,943688.0453192221,636.8765610147595,-636.8765610147595,pass,1020.0
3.491883918539935,181.7558232580368,435407.58338945324,821.8041732183597,-821.8041732183597,pass,1021.0
6.697835480913848,169.34444099030404,898842.0965511797,945.6155685530712,-945.6155685530712,pass,1022.0
7.6212743601096165,11.668151527747398,75135.25807952667,747.9591088433299,-747.9591088433299,pass,1023.0
1.6704493847228008,259.72115015818844,916922.0871322029,703.861105967994,-703.861105967994,pass,1024.0
8.744661957660249,32.896104444401956,675192.2493840827,796.7932995516719,-796.7932995516719,pass,1025.0
8.968636556892283,164.15741497170092,28897.73585944457,1052.573040699668,-1052.573040699668,pass,1026.0
6.192899916824524,40.61834306124604,664937.9107828457,777.6887694657727,-777.6887694657727,pass,1027.0
6.500678778017449,160.1044119037654,956410.8541152915,906.5638140041292,-906.5638140041292,pass,1028.0
6.905871725911466,198.2104465873442,177599.63981847698,492.6997594392758,-492.6997594392758,pass,1029.0
2.0066654060091533,0.1,37443.492431640625,1232.3982812695317,-1232.3982812695317,pass,1030.0
2.7507576986917246,93.35835007208799,646564.5724655571,726.5283539232393,-726.5283539232393,pass,1031.0
4.284930971522286,184.23134083689186,578435.38094484,828.9528840431085,-828.9528840431085,pass,1032.0
0.023811202525235053,127.35410191529354,663209.6219065294,1358.7762446235338,-1358.7762446235338,pass,1033.0
6.981673933888364,175.01901418342848,848068.4048965415,733.6779797448352,-733.6779797448352,pass,1034.0
1.0735634269676524,300.0,1000000.0,853.7764037924252,-853.7764037924252,pass,1035.0
6.7937791150367985,15.26117600495921,372535.0033198256,928.5659655768992,-928.5659655768992,pass,1036.0
3.324580479814952,47.68570899550105,245167.5763902706,734.3161698286056,-734.3161698286056,pass,1037.0
2.084642549570665,197.03641664441125,438555.67537267454,700.0009698829234,-700.0009698829234,pass,1038.0
3.286523304489412,0.1,89627.08483846243,1247.808595486263,-1247.808595486263,pass,1039.0
5.974176194255856,266.86711987805,295530.59900711325,597.8519887703429,-597.8519887703429,pass,1040.0
4.647481545542982,281.9801693851911,280263.25916336325,721.3151828139141,-721.3151828139141,pass,1041.0
3.0470806118383025,84.32420287034013,231161.35206523933,735.3267125117998,-735.3267125117998,pass,1042.0
3.7899599664163444,190.61111954897726,430685.6549068482,808.1246710893867,-808.1246710893867,pass,1043.0
3.1613848584911057,257.69229464844716,250461.39480288292,904.4833122513917,-904.4833122513917,pass,1044.0
5.557181806385476,61.32663545739817,719719.4350439861,727.627496959522,-727.627496959522,pass,1045.0
9.979035282137072,66.99677599845046,656123.2860035474,851.1551478638434,-851.1551478638434,pass,1046.0
6.032522138053809,207.1541125075416,916402.0932339586,633.7734958504684,-633.7734958504684,pass,1047.0
5.33768427942726,225.9878545340052,953778.6688168047,648.1009304462086,-648.1009304462086,pass,1048.0
0.001,87.18348715152857,182112.59387126163,1255.8755328614275,-1255.8755328614275,pass,1049.0
5.402734155988777,249.0437805557528,245422.2245264651,730.1825984493269,-730.1825984493269,pass,1050.0
2.8380077351841813,72.48238290677642,837584.3758843117,853.3284781095159,-853.3284781095159,pass,1051.0
1.6935534976259423,27.365341489640514,217303.9532581583,778.8879226077617,-778.8879226077617,pass,1052.0
7.8073173739281785,45.16743364940572,105184.04616546417,786.748700438205,-786.748700438205,pass,1053.0
0.11670756044238806,148.30535246366523,325706.6373803946,791.5025828287266,-791.5025828287266,pass,1054.0
6.641809239957487,171.02714676145487,581505.142948342,783.700967388597,-783.700967388597,pass,1055.0
0.001,109.84982881359247,127642.44912381427,1228.4359048148797,-1228.4359048148797,pass,1056.0
3.6545760762692776,21.205393124523965,195861.0567414165,777.0277482842534,-777.0277482842534,pass,1057.0
3.4471046542722927,79.40217514749693,500420.770682078,738.9409389559842,-738.9409389559842,pass,1058.0
2.5168834816955976,28.793539043108474,235574.4113512081,769.1823866784854,-769.1823866784854,pass,1059.0
2.1946080828872114,171.44422988247777,351073.036984349,720.065479775985,-720.065479775985,pass,1060.0
2.894327539341961,242.84469905349383,452658.4070452325,777.1665125065789,-777.1665125065789,pass,1061.0
4.729994810702031,21.95677994361077,557736.8716373404,857.862938286294,-857.862938286294,pass,1062.0
0.95788448249953,145.50603780924743,442830.19356482825,779.8168407047508,-779.8168407047508,pass,1063.0
4.964697554479581,59.87649530307583,878728.4047766696,847.0094322955351,-847.0094322955351,pass,1064.0
4.4782987219545545,203.08160775265603,928102.7772152422,680.809447970411,-680.809447970411,pass,1065.0
0.8075619540773484,196.68431245739953,341240.98494298704,738.8389090718385,-738.8389090718385,pass,1066.0
7.895632309077448,150.3934870248167,243817.44337792878,746.3343750334714,-746.3343750334714,pass,1067.0
0.41880898648072873,207.39367834224362,661491.6518555923,848.5108148913667,-848.5108148913667,pass,1068.0
1.143358842367854,285.0594521377383,874118.8323869938,658.0137728202404,-658.0137728202404,pass,1069.0
0.8872879267301412,126.25889421806491,511017.9795722913,858.0048065965098,-858.0048065965098,pass,1070.0
4.10610400308844,178.98782742280312,1000000.0,908.763034139553,-908.763034139553,pass,1071.0
8.65374357402531,100.54113830504531,659791.1385426099,833.6913715570381,-833.6913715570381,pass,1072.0
1.2112588922936807,142.7469539240375,185919.30567486314,716.7129493042462,-716.7129493042462,pass,1073.0
2.85191836114714,100.83244438882994,601470.005057078,763.4225748897519,-763.4225748897519,pass,1074.0
9.279202491113178,45.29568246162136,1000000.0,822.127903199709,-822.127903199709,pass,1075.0
0.7211939252906685,118.64413175396112,199330.26260037677,793.8808034045637,-793.8808034045637,pass,1076.0
8.119531943826564,194.33993232142092,98770.13527350707,573.4654308146514,-573.4654308146514,pass,1077.0
7.741872571994115,41.704996258124595,175786.7907943704,789.428307313892,-789.428307313892,pass,1078.0
9.71337194050891,131.50584458336056,399136.5273942135,919.3275879324248,-919.3275879324248,pass,1079.0
4.130942216262549,213.85912115237622,753412.3455746172,668.7129927016002,-668.7129927016002,pass,1080.0
8.75885031616707,184.31061305868175,537584.4676183277,941.904946906185,-941.904946906185,pass,1081.0
3.6124061540408663,258.67617450594224,1000000.0,755.956343478478,-755.956343478478,pass,1082.0
1.0684523614906971,31.351384469918138,70415.49838514077,769.070151803431,-769.070151803431,pass,1083.0
0.001,133.18976415628455,74771.59441164465,1178.7362938432993,-1178.7362938432993,pass,1084.0
5.787775231332244,158.36127961500318,857626.9622084391,661.6463825674998,-661.6463825674998,pass,1085.0
6.3045031584434135,179.58468597482727,53714.091684321495,593.1771224494406,-593.1771224494406,pass,1086.0
2.2164240523942698,84.00307301062558,705014.4591843071,735.3190545667404,-735.3190545667404,pass,1087.0
6.996932446256398,165.9490794310622,339738.63112180727,872.7315767607671,-872.7315767607671,pass,1088.0
0.7048720650368575,116.75996837429193,356862.70303006424,872.1054211483585,-872.1054211483585,pass,1089.0
4.570873183175235,270.8322369408586,262083.81238584264,974.8101405370322,-974.8101405370322,pass,1090.0
1.211466661064672,104.2138746379674,500506.4917154955,772.4809165001426,-772.4809165001426,pass,1091.0
4.49030112300846,189.46644836029915,887476.3240902422,686.9639938203252,-686.9639938203252,pass,1092.0
1.4360867360796234,128.09571371256774,502210.93184607825,713.8069049448223,-713.8069049448223,pass,1093.0
4.7633320370846794,167.72455500574551,888735.7312832895,892.7137032924735,-892.7137032924735,pass,1094.0
2.8844559560382073,65.81013376419915,123540.15707654702,753.9679150027529,-753.9679150027529,pass,1095.0
5.875766146665123,243.21757611584297,333561.57947586325,783.23435308879,-783.23435308879,pass,1096.0
3.674303569199724,235.44673585013402,254349.58230288292,606.9678555644454,-606.9678555644454,pass,1097.0
4.762341305385571,21.651035369794883,769534.2485266696,844.4620604247983,-844.4620604247983,pass,1098.0
4.77025317158534,199.81390006898005,431676.00002838427,1151.9568405896644,-1151.9568405896644,pass,1099.0
7.99390835464207,87.59163583693618,609250.6385426099,697.7768716098158,-697.7768716098158,pass,1100.0
1.7505337708479636,210.2544462114101,347493.6289596091,751.3467856822533,-751.3467856822533,pass,1101.0
3.780494926571974,0.1,334300.4786164165,1299.9951755690365,-1299.9951755690365,pass,1102.0
7.643380554892777,167.6080579322242,172204.11428214744,865.5743707305274,-865.5743707305274,pass,1103.0
5.948265676264339,234.28981934427537,1000000.0,600.8463215565259,-600.8463215565259,pass,1104.0
3.436145676129441,142.97942267866574,789013.577962977,806.480840143212,-806.480840143212,pass,1105.0
0.82598696401492,81.06318929031151,290930.5849031704,784.8424002641736,-784.8424002641736,pass,1106.0
6.697852557659077,46.4930823318793,391138.84084248316,991.1312992126371,-991.1312992126371,pass,1107.0
5.943357662075005,164.80057495187805,137612.9412936965,653.0853179423098,-653.0853179423098,pass,1108.0
1.1376113031810489,147.9482387005987,751586.501254209,806.9145798866634,-806.9145798866634,pass,1109.0
1.4733028322148796,126.27669078100328,513402.3662272142,738.1016636125765,-738.1016636125765,pass,1110.0
0.4719040892854882,41.15063697609071,249678.3868519083,885.5448310389045,-885.5448310389045,pass,1111.0
9.06642455852051,188.1609991120055,518428.4871495777,769.1657986336888,-769.1657986336888,pass,1112.0
7.56464716123298,94.48929635310216,538275.4939188373,705.2946856137588,-705.2946856137588,pass,1113.0
5.475017966991466,227.6298307067783,834695.3823444232,946.8221683561114,-946.8221683561114,pass,1114.0
7.176897191289472,300.0,660298.457192168,947.1250465833936,-947.1250465833936,pass,1115.0
7.60939814973216,250.64957547010698,743876.4764182422,968.0797233008802,-968.0797233008802,pass,1116.0
1.5908607392970247,204.97475822670157,224140.4657660128,723.5401699794941,-723.5401699794941,pass,1117.0
3.2421690654755917,2.173240948620645,187674.84629219776,1328.4084476969251,-1328.4084476969251,pass,1118.0
2.3015178852564566,228.7963964372402,351056.2285689841,804.5132443090492,-804.5132443090492,pass,1119.0
3.84862025854138,181.95634428410003,188695.8568136144,830.4488417168853,-830.4488417168853,pass,1120.0
8.388540703235753,155.08032357584597,42117.651447823475,814.0289435721824,-814.0289435721824,pass,1121.0
7.351956219259309,251.798386810439,614608.402504668,1054.9664827087356,-1054.9664827087356,pass,1122.0
0.9406224281374316,149.53636145038973,1000000.0,903.9296072306469,-903.9296072306469,pass,1123.0
3.082157871683334,75.3020903658502,508664.391775828,747.1024963674237,-747.1024963674237,pass,1124.0
2.6207154449357604,74.04312453171708,263671.72120586433,789.7440890852921,-789.7440890852921,pass,1125.0
3.03541971275415,262.51892426172753,301991.1585249174,604.3616914386744,-604.3616914386744,pass,1126.0
3.3628944289685574,51.79696922391972,153033.7051789165,805.2745361448083,-805.2745361448083,pass,1127.0
4.150967407265486,238.65432610310808,301800.84918559145,889.6948540712978,-889.6948540712978,pass,1128.0
8.106495798268845,59.48817955388377,778305.1258489265,714.8299889310085,-714.8299889310085,pass,1129.0
2.7673493991458122,70.91828806107415,158515.34457654704,811.1469764417938,-811.1469764417938,pass,1130.0
4.5306753099353925,227.07151817478433,349309.16168559145,614.1813511062091,-614.1813511062091,pass,1131.0
5.454119936340295,151.12193840097473,91811.0741061965,769.5784902525191,-769.5784902525191,pass,1132.0
0.686755303617228,117.3973903254047,233974.36036236314,806.3616815647015,-806.3616815647015,pass,1133.0
3.8801561006843053,56.767742100498154,98575.44017555777,923.3726610690301,-923.3726610690301,pass,1134.0
2.5995044558209712,164.9769393240158,460680.813369922,816.3101663266772,-816.3101663266772,pass,1135.0
8.155041852398403,237.19396674524904,123933.40871100707,1204.3364891432843,-1204.3364891432843,pass,1136.0
1.711566557068804,147.4473953659525,416311.880734349,717.080101569179,-717.080101569179,pass,1137.0
7.066685521319172,46.97374535829243,874927.9093403422,859.1569654055709,-859.1569654055709,pass,1138.0
8.701740741797916,53.98494866645535,877719.7480952376,717.6925554946438,-717.6925554946438,pass,1139.0
4.75508462395503,222.33585365174372,507181.5891397124,761.01324867059,-761.01324867059,pass,1140.0
4.812369381269411,12.815906589093316,153588.6922603374,789.904257736165,-789.904257736165,pass,1141.0
1.8715245615982465,32.6623280007043,244576.5959215206,782.1272336451876,-782.1272336451876,pass,1142.0
0.001,145.31906262232857,151429.56039058353,1223.4958482075149,-1223.4958482075149,pass,1143.0
5.581626608027002,0.1,126503.25068105673,1259.2964858733128,-1259.2964858733128,pass,1144.0
5.15279016321582,25.565459585227135,511644.1510172207,790.9234960634861,-790.9234960634861,pass,1145.0
1.8543432800778266,81.89100949970349,544165.1260837505,737.4781335583547,-737.4781335583547,pass,1146.0
7.568492264333772,257.01668095411577,738406.5211570117,855.2208347480332,-855.2208347480332,pass,1147.0
5.373254751227636,185.32555110810358,439846.92263580614,883.5395194590827,-883.5395194590827,pass,1148.0
5.9853323701271295,201.14467317238112,935658.7720840415,766.8892358165185,-766.8892358165185,pass,1149.0
3.2246669827861125,179.32694399701995,504782.746963672,684.209804007885,-684.209804007885,pass,1150.0
0.8680150411687944,193.99140130932824,333270.44881017454,729.4170776567936,-729.4170776567936,pass,1151.0
8.010012824499286,148.98941036033764,784176.6555261454,749.2919122739165,-749.2919122739165,pass,1152.0
8.979784071445465,14.779432838744569,86415.17856941956,768.8263970872263,-768.8263970872263,pass,1153.0
1.2767246289718286,193.76930821718034,1000000.0,827.025219862241,-827.025219862241,pass,1154.0
7.722059451966262,193.78724664373942,71295.09280705314,666.2686303320987,-666.2686303320987,pass,1155.0
8.845990099181911,9.479997028249002,675466.0804387702,1016.7319659908977,-1016.7319659908977,pass,1156.0
8.277187817078994,161.2378419641631,804447.738530356,730.4491336565886,-730.4491336565886,pass,1157.0
5.544236404059595,97.83878045133036,244318.4865908194,886.4881418209345,-886.4881418209345,pass,1158.0
0.1012697586979171,153.47452078043884,437489.21114295325,765.5310873771072,-765.5310873771072,pass,1159.0
0.8223680058860059,65.0116197013285,175476.09856203527,751.7856787121738,-751.7856787121738,pass,1160.0
5.219760948891206,168.33102144466503,799895.4537122473,725.808756000867,-725.808756000867,pass,1161.0
3.7842696437769936,151.75481521101437,827359.447103602,1072.3970270777288,-1072.3970270777288,pass,1162.0
5.954686234188305,249.31023331378674,302507.79551422026,680.9788588309866,-680.9788588309866,pass,1163.0
0.8496655426584336,196.25140535290734,440553.96541173704,708.6286676720576,-708.6286676720576,pass,1164.0
2.164455286802029,0.1,224544.04417387268,1287.3334596755767,-1287.3334596755767,pass,1165.0
5.323803069358867,242.57312332457616,907580.0034381732,740.2211335333359,-740.2211335333359,pass,1166.0
6.0319497443370445,153.66631477426574,181720.0623874465,1086.37130218844,-1086.37130218844,pass,1167.0
3.205255378846698,233.57434879183091,1000000.0,719.8782840553989,-719.8782840553989,pass,1168.0
4.3151891142449434,261.9093447050642,654206.8079933998,1205.3448223015723,-1205.3448223015723,pass,1169.0
4.654642844293508,62.23295944979249,308145.89236668084,857.7364068483162,-857.7364068483162,pass,1170.0
8.641013682292886,200.06237222423192,543560.2623521525,945.1082906740438,-945.1082906740438,pass,1171.0
3.673696287050971,0.1,208550.807717979,1284.7240405956447,-1284.7240405956447,pass,1172.0
8.176249880754627,167.52501960563794,889516.5774011454,1206.3496978949129,-1206.3496978949129,pass,1173.0
7.7124380260726575,54.885348452902974,666715.0291676099,709.0180139792662,-709.0180139792662,pass,1174.0
3.4961508532882695,179.19479925629088,464825.7735507527,834.6171343433699,-834.6171343433699,pass,1175.0
5.747028672895233,126.6062371003452,699507.4689532362,709.4512159706277,-709.4512159706277,pass,1176.0
8.310972084953384,98.93940465243563,147165.97675860257,716.0093195994856,-716.0093195994856,pass,1177.0
4.775230731627348,76.50580743265456,596321.022163674,813.6810030156639,-813.6810030156639,pass,1178.0
0.8823996394563194,86.64034634817247,531525.3510904955,812.223359796577,-812.223359796577,pass,1179.0
5.650661381060643,171.28181280361278,774769.7349622473,1008.9422613937296,-1008.9422613937296,pass,1180.0
4.962044585233238,234.1952563221418,371384.90369461325,1045.698811749737,-1045.698811749737,pass,1181.0
3.661527996143297,94.22871524578582,38855.9088130718,726.3598536652597,-726.3598536652597,pass,1182.0
2.808707286074107,46.11729263846065,265046.2384996456,785.0332579060505,-785.0332579060505,pass,1183.0
4.096344625411762,259.4953493984128,188283.26492007042,828.6266744082086,-828.6266744082086,pass,1184.0
3.189028400571322,0.1,116262.43479887268,1255.7873662792872,-1255.7873662792872,pass,1185.0
6.1703856431396,149.11961237288043,427602.85768430727,784.5017170686223,-784.5017170686223,pass,1186.0
4.488474728828471,233.63666378325536,864184.0268756732,671.7535362734335,-671.7535362734335,pass,1187.0
0.641851207239999,143.66360917880135,99374.5474511304,733.5848805890495,-733.5848805890495,pass,1188.0
2.394773775332766,286.8643942001338,855297.9677129419,900.2928681695288,-900.2928681695288,pass,1189.0
8.604332456390049,75.12551914501398,92674.39923069018,874.2290084514559,-874.2290084514559,pass,1190.0
6.671903516497318,75.70467629545213,979724.8365975459,706.1894989638063,-706.1894989638063,pass,1191.0
5.669594060149668,177.1315373431911,74835.48452781812,633.9159480384903,-633.9159480384903,pass,1192.0
2.035950196199215,39.27938791373073,173869.3138365226,762.540291961876,-762.540291961876,pass,1193.0
7.2054710739394,107.91869084628328,229336.74824297757,825.1021101152097,-825.1021101152097,pass,1194.0
1.5431463739929612,257.6539987213047,879814.8047077045,692.2918753725977,-692.2918753725977,pass,1195.0
4.3654890892287765,179.3675957494048,1000000.0,741.8920668688385,-741.8920668688385,pass,1196.0
3.372799611446571,243.57790565367384,245343.03078474535,711.9676591860818,-711.9676591860818,pass,1197.0
8.164054224767444,167.26311297830574,167498.28225089744,559.2588088825555,-559.2588088825555,pass,1198.0
3.073836326496058,189.16372359144134,566539.848526172,691.5045253197527,-691.5045253197527,pass,1199.0
0.6781133434830124,254.34560738867833,962267.7968952045,864.7151385486121,-864.7151385486121,pass,1200.0
6.554166715989181,83.09205437619283,286090.5659032329,1191.7181791852788,-1191.7181791852788,pass,1201.0
8.956694172324813,89.18645895896071,704982.5643238599,729.3636453650722,-729.3636453650722,pass,1202.0
8.101192579077669,184.89708902110692,522624.3658677775,670.0010643049337,-670.0010643049337,pass,1203.0
8.312928928395943,192.4078740650185,214867.52363648202,641.0139247473612,-641.0139247473612,pass,1204.0
3.9809825038334328,255.2491960779812,173856.65852491738,626.135956595231,-626.135956595231,pass,1205.0
7.0609296199825025,65.69685937196431,907259.1100239359,773.384952923697,-773.384952923697,pass,1206.0
6.558812193886023,88.94865502964453,884447.4076746766,705.2925904012287,-705.2925904012287,pass,1207.0
1.8166441521459524,25.771115133217698,211729.3606898283,833.5141619598924,-833.5141619598924,pass,1208.0
6.485545702592116,87.39657141815619,959600.3842371766,770.8320244107007,-770.8320244107007,pass,1209.0
3.984682488577877,254.2581059024013,590449.6101702325,1206.8287131533618,-1206.8287131533618,pass,1210.0
0.4952824903316948,153.93223344738976,327520.8791080261,738.4093741994748,-738.4093741994748,pass,1211.0
8.637449724933342,162.15730042991717,241162.36738648202,623.0905736249575,-623.0905736249575,pass,1212.0
4.699697636778026,294.63425005684974,239035.56338032446,607.1488394713184,-607.1488394713184,pass,1213.0
0.5143802611696855,204.37115532935914,929136.3735619407,900.1385631787385,-900.1385631787385,pass,1214.0
2.2257786630019765,66.29165626582791,619355.2507247628,906.1624410500489,-906.1624410500489,pass,1215.0
0.43898470200531436,60.21936096185706,242689.86418703527,864.8154639101583,-864.8154639101583,pass,1216.0
4.785221567781931,232.5043049177717,804092.6751808998,671.741453979293,-671.741453979293,pass,1217.0
6.011662148647748,166.15827839921997,168510.1346530715,902.5985946041839,-902.5985946041839,pass,1218.0
7.478537850844415,104.25412050509496,635396.5510477435,840.2132242675794,-840.2132242675794,pass,1219.0
4.5670805558881815,195.99392369600045,717416.9603371498,828.5972913126025,-828.5972913126025,pass,1220.0
9.02797455404096,66.73657308949778,785907.2126104011,732.6986500927047,-732.6986500927047,pass,1221.0
7.0765194300064325,147.54991799965163,885514.913685604,656.256987056897,-656.256987056897,pass,1222.0
2.8611368982953365,175.69856369840545,381314.20057695324,685.383773334956,-685.383773334956,pass,1223.0
4.419250245949629,55.12430170488662,444862.4840777365,785.6560141975929,-785.6560141975929,pass,1224.0
6.090874698822074,264.4120310389928,938194.75,1215.811389290358,-1215.811389290358,pass,1225.0
0.2886567752320658,127.66646762643009,207186.67591412095,808.2015007892846,-808.2015007892846,pass,1226.0
2.3911950620674793,44.2858913630761,147048.06332654704,747.2023923522207,-747.2023923522207,pass,1227.0
1.04714900579688,1.3405755252159892,121704.55990857827,1253.0748706628838,-1253.0748706628838,pass,1228.0
5.571276436043011,236.4227894136784,329932.94395172026,678.656138745544,-678.656138745544,pass,1229.0
6.741576987654526,199.87785913448536,302682.956460302,823.8123789070135,-823.8123789070135,pass,1230.0
6.965021167785874,167.7132420387117,1000000.0,668.007910622426,-668.007910622426,pass,1231.0
0.7345733799883984,276.4662245128451,902034.4837541813,689.2086724787907,-689.2086724787907,pass,1232.0
2.4790099723562817,108.35710788783719,702533.4216232003,717.9367920198819,-717.9367920198819,pass,1233.0
9.044900333211196,14.083132661303441,232704.5455199898,796.8866807483075,-796.8866807483075,pass,1234.0
3.3511239549130227,38.08198073816604,562659.9821246115,838.1145069339653,-838.1145069339653,pass,1235.0
3.8737955575794008,76.66016105127639,488919.4528277365,771.4675366660701,-771.4675366660701,pass,1236.0
2.097779535030508,54.30158393148241,291834.0144838344,735.1269082561981,-735.1269082561981,pass,1237.0
6.383530603549282,124.93504254696995,679797.0744219862,782.5364173501707,-782.5364173501707,pass,1238.0
9.570276295468581,22.079689777811925,177921.9634887398,778.2114856526116,-778.2114856526116,pass,1239.0
4.022432548185781,70.93561369663726,146044.8856197124,1148.829153570209,-1148.829153570209,pass,1240.0
6.866213384354679,171.7185430438719,183422.26091222698,646.3123938297521,-646.3123938297521,pass,1241.0
8.10346142822911,284.12160836470883,319091.9526300976,519.0690982802281,-519.0690982802281,pass,1242.0
2.4687429232821088,95.0224194627731,721440.7136153878,821.2818489889997,-821.2818489889997,pass,1243.0
5.793646844392818,244.3269618636997,855576.4380084857,962.5801418970608,-962.5801418970608,pass,1244.0
7.451028823920719,72.75907948768338,872825.3848139876,737.6713207620403,-737.6713207620403,pass,1245.0
4.861148538356822,245.79624306029393,845298.3589069232,690.1421435845199,-690.1421435845199,pass,1246.0
7.820050865756407,183.30615076229859,178310.871656748,626.1355036670911,-626.1355036670911,pass,1247.0
9.412321935057832,194.01943998801258,601995.7137120777,627.4469847796514,-627.4469847796514,pass,1248.0
3.6699926611318205,81.82871684929826,292215.60987773933,802.4723580058201,-802.4723580058201,pass,1249.0
4.967119920770865,89.56657749549679,960601.1957922946,773.2065313533675,-773.2065313533675,pass,1250.0
0.13921921380238267,144.56632005627648,397292.4181705261,931.083943731135,-931.083943731135,pass,1251.0
6.219314928497974,86.13406338804246,956474.6412850459,731.475013671484,-731.475013671484,pass,1252.0
4.177215981522383,230.5241009215285,259479.50543559148,745.0462216450577,-745.0462216450577,pass,1253.0
7.598752520317404,201.78767787530043,142783.26872472698,549.5728856503132,-549.5728856503132,pass,1254.0
1.740203952444992,81.43324313065507,195584.77003398933,777.2936564076995,-777.2936564076995,pass,1255.0
0.3130603063167925,153.87596759974426,549580.0080179533,789.3786896810368,-789.3786896810368,pass,1256.0
6.962509858093238,180.90180920027177,1000000.0,841.0029539703339,-841.0029539703339,pass,1257.0
5.359074800978642,108.22994476692013,857123.1371985446,755.9759490900697,-755.9759490900697,pass,1258.0
6.921698834484127,282.0456791813337,284014.23181961325,315.6938235992329,-315.6938235992329,pass,1259.0
3.357921112306726,258.8657666575534,969675.8300896691,646.5954510565315,-646.5954510565315,pass,1260.0
0.4025566014313404,0.1,1838.3186976407742,1215.759998749027,-1215.759998749027,pass,1261.0
4.50999696349932,247.7123417766477,36951.06667788292,770.2558716683035,-770.2558716683035,pass,1262.0
5.941074721342723,147.76510255215794,629433.6300860487,691.6617879262641,-691.6617879262641,pass,1263.0
2.608894867047643,77.29016298320656,368236.2049896917,769.9450413023085,-769.9450413023085,pass,1264.0
4.47885476248597,128.23124088178253,814149.2831108742,767.3555371341345,-767.3555371341345,pass,1265.0
3.0297556092859272,176.27330572601744,535574.3673312704,709.5582194923271,-709.5582194923271,pass,1266.0
9.086168173133023,167.7260192621863,43756.72707038207,617.411822706791,-617.411822706791,pass,1267.0
6.768923412412961,172.71784116726124,381467.155679052,999.132409347306,-999.132409347306,pass,1268.0
6.940349751234013,55.30420694482493,849516.8891455486,812.0855084646855,-812.0855084646855,pass,1269.0
2.885536202186247,38.935583058139756,63568.123769307764,770.8231664366542,-770.8231664366542,pass,1270.0
6.48991961268401,207.6917309325599,338793.00002433494,890.0380734847104,-890.0380734847104,pass,1271.0
6.864935175277914,83.04125464006128,921704.5011692463,716.7548975944314,-716.7548975944314,pass,1272.0
1.2177026889381821,214.55204521483495,931514.0971881732,861.1652814608669,-861.1652814608669,pass,1273.0
0.7314085476881735,201.36060446794087,452563.8398971091,724.5209521566078,-724.5209521566078,pass,1274.0
5.625698822795026,181.58570819827105,177275.90108939688,696.1136132779156,-696.1136132779156,pass,1275.0
3.6964976107675778,61.56254120584654,596499.040213328,742.9109551330004,-742.9109551330004,pass,1276.0
6.044542633562911,161.28438225716874,696413.398148809,758.0295611595758,-758.0295611595758,pass,1277.0
6.824018051578598,116.06762521060213,97437.97871172757,652.8640336299819,-652.8640336299819,pass,1278.0
2.083935488737463,80.57545736807798,730662.0451218071,790.8813373776966,-790.8813373776966,pass,1279.0
6.107396797039236,83.25813257737818,900070.2296848713,711.2088602365133,-711.2088602365133,pass,1280.0
8.62331659410291,80.93804632558177,838819.5719854011,761.9175781823154,-761.9175781823154,pass,1281.0
7.875157906947575,146.17631336104867,827998.7801375194,696.9472846654843,-696.9472846654843,pass,1282.0
7.820624537812105,133.3078808930618,945209.4713339999,709.8123115106387,-709.8123115106387,pass,1283.0
4.297908284070177,246.2593169124509,262411.8928497579,559.2227343342046,-559.2227343342046,pass,1284.0
6.809725393811433,213.75930928303816,220700.74333410198,522.2478217860912,-522.2478217860912,pass,1285.0
2.0346828748859487,56.395177386548696,316884.7196687954,829.0861488198593,-829.0861488198593,pass,1286.0
4.868282313680733,230.73497127535728,330176.2557764651,913.1891896798735,-913.1891896798735,pass,1287.0
8.143886827484199,164.396594514696,306779.9368180416,1097.6742742161296,-1097.6742742161296,pass,1288.0
6.334214269414662,141.84645263052508,328706.06276243227,920.3323829907115,-920.3323829907115,pass,1289.0
1.7505107256436054,0.1,181339.18149060954,1278.0660543560894,-1278.0660543560894,pass,1290.0
4.759464511936706,262.9956925994785,814504.8862506732,702.5826726299266,-702.5826726299266,pass,1291.0
0.001,192.1387999003698,405438.33162267454,1276.2306164722274,-1276.2306164722274,pass,1292.0
6.466244912976591,191.65645288540938,241520.69841222698,1131.544092975626,-1131.544092975626,pass,1293.0
4.59354839503972,236.13559388236058,336126.2444122579,945.4333095850852,-945.4333095850852,pass,1294.0
1.4447184857263182,71.50034246346452,316906.76222148933,825.9186084011899,-825.9186084011899,pass,1295.0
5.116171137077837,106.81702192628414,940578.2688464072,699.1946760462656,-699.1946760462656,pass,1296.0
7.410659457125424,206.99504752573006,257554.82424308494,536.2808964216273,-536.2808964216273,pass,1297.0
0.9211431269921386,97.07909324004906,348321.9022859829,753.7681937864422,-753.7681937864422,pass,1298.0
4.516008721105594,184.9384145295437,595125.4441201811,820.2847393213569,-820.2847393213569,pass,1299.0
1.6177905681395237,30.719397851876145,177998.0560023283,790.4311707058267,-790.4311707058267,pass,1300.0
7.336016387070107,143.12315398826857,772752.569935604,829.3267637705949,-829.3267637705949,pass,1301.0
1.9549509747252087,114.7124054532974,694785.9475021065,733.0306203625654,-733.0306203625654,pass,1302.0
4.437321444414396,228.0054940736111,529974.1687295561,682.8676260377729,-682.8676260377729,pass,1303.0
4.220413476040962,61.171727451804344,513682.2829058615,724.0702697815746,-724.0702697815746,pass,1304.0
7.886102878319772,107.0544780852799,519393.9353250873,824.1898871397678,-824.1898871397678,pass,1305.0
4.4662811982652375,260.64645527915013,275982.4055450704,870.5502211536016,-870.5502211536016,pass,1306.0
0.8592925411634879,146.74737563922005,138720.28109370853,811.2583942463576,-811.2583942463576,pass,1307.0
8.444654763379624,39.69675194157908,640800.4422551765,798.4273078379927,-798.4273078379927,pass,1308.0
3.8147873488518895,206.8067946966639,829114.0545589922,828.0302412090576,-828.0302412090576,pass,1309.0
0.5820071122703965,244.87793098754003,911655.5717975482,930.2613071464666,-930.2613071464666,pass,1310.0
7.985696214614995,152.8320163477576,77357.38136725707,620.0946314219159,-620.0946314219159,pass,1311.0
5.677288346914431,9.717558347804477,249600.61786855676,951.817371986556,-951.817371986556,pass,1312.0
5.285843809012943,233.32170711397447,1000000.0,696.5175141311109,-696.5175141311109,pass,1313.0
6.438502233872482,80.65750695187643,313034.2573094829,797.0712491527103,-797.0712491527103,pass,1314.0
5.460069094662242,241.63607512354173,1000000.0,633.1180433971741,-633.1180433971741,pass,1315.0
6.652451346196888,150.8639606994056,335808.23562003806,905.4400297073208,-905.4400297073208,pass,1316.0
5.940336271307736,147.62786509273678,664190.0324297987,802.3570361266817,-802.3570361266817,pass,1317.0
5.743508042595188,125.69494836209446,645004.0968829237,734.2283778725636,-734.2283778725636,pass,1318.0
8.335328801218765,274.07972298873227,411175.0620050976,380.8283372220876,-380.8283372220876,pass,1319.0
7.753862921898881,116.15785217650017,122367.65855919957,869.705292489879,-869.705292489879,pass,1320.0
7.185940337144576,122.40775936197326,126156.627817134,670.1795265544093,-670.1795265544093,pass,1321.0
6.23289895511108,230.47077022432603,1000000.0,784.4023964882655,-784.4023964882655,pass,1322.0
3.3038652621370734,25.812308818867926,383831.8926405925,849.853132158308,-849.853132158308,pass,1323.0
3.7196084315164217,284.1267376454259,199706.70925600792,455.96972906471746,-455.96972906471746,pass,1324.0
3.8427567584237057,253.46112349192163,58996.80500929239,599.3982616669877,-599.3982616669877,pass,1325.0
2.3341052843556027,103.48042703685452,666345.1989669503,819.087069452749,-819.087069452749,pass,1326.0
5.998878854571454,172.60182529421832,225190.24483939688,660.3972234808999,-660.3972234808999,pass,1327.0
9.658105467265168,107.08304500944695,128635.1177877152,661.9734456578256,-661.9734456578256,pass,1328.0
3.3835565438468205,52.18390961404967,525883.630057078,732.7248813758043,-732.7248813758043,pass,1329.0
4.0673211431104885,58.12616892572569,485303.971853953,784.7671453734381,-784.7671453734381,pass,1330.0
6.609711802834837,206.79201757027724,99860.28532628948,536.4097703063364,-536.4097703063364,pass,1331.0
1.3750088923460715,225.10325163896138,410918.6426314841,733.0606268867892,-733.0606268867892,pass,1332.0
4.361846676500803,226.39715054841744,801795.7979836342,699.4804244257983,-699.4804244257983,pass,1333.0
4.360390196534057,281.70399286905786,174021.80305616738,407.18573349735254,-407.18573349735254,pass,1334.0
6.941262296949456,210.74634565245998,556181.1575871257,1064.0393190101604,-1064.0393190101604,pass,1335.0
8.653484509029916,31.02044235600779,720862.8094426765,734.8649212815945,-734.8649212815945,pass,1336.0
0.18667420219539688,290.6006820940469,334641.62828875415,791.849470601351,-791.849470601351,pass,1337.0
1.2206698360405284,283.062502620957,935972.137547242,654.9944600220871,-654.9944600220871,pass,1338.0
3.9248177791726135,170.6736821645591,666217.03719484,671.0313668377455,-671.0313668377455,pass,1339.0
8.96640237448828,173.12189519444874,735188.422124106,847.6817232368766,-847.6817232368766,pass,1340.0
7.55786299745936,169.81237675418492,623152.3109361369,885.557295718524,-885.557295718524,pass,1341.0
5.394077879749078,197.38771922944147,401864.0949990874,773.1914865269806,-773.1914865269806,pass,1342.0
5.553947004759876,181.902676573535,197378.24138097698,1046.7415592661755,-1046.7415592661755,pass,1343.0
5.017914305892466,158.45769395940204,155771.1564028181,850.9994907247236,-850.9994907247236,pass,1344.0
2.871682106514667,51.301108796560044,507646.057791453,902.506601338719,-902.506601338719,pass,1345.0
4.0643776080666,209.67948089903905,961728.5659381732,665.3199033863823,-665.3199033863823,pass,1346.0
0.8703271968829767,168.9980745989209,955867.9414330345,880.1445883329915,-880.1445883329915,pass,1347.0
3.893495684324039,275.6397524788688,197138.74929507042,751.4950291880361,-751.4950291880361,pass,1348.0
6.9523037980198445,70.58652410638499,725344.6235205486,807.5382717468938,-807.5382717468938,pass,1349.0
6.9631213196895105,214.1620449584388,309526.87990714744,725.435659066449,-725.435659066449,pass,1350.0
4.933176638386051,124.11743657467991,541366.5490313612,861.7890765144487,-861.7890765144487,pass,1351.0
3.6372417395919587,69.72293451738662,564872.5016558615,730.820183067845,-730.820183067845,pass,1352.0
1.1470095961102362,67.57633702961071,463769.6221775005,878.6845981946427,-878.6845981946427,pass,1353.0
4.720696574196547,235.29936366639046,979475.9871761797,624.8052727293089,-624.8052727293089,pass,1354.0
1.0525949745837373,197.9517346213549,276466.7040472628,852.6679182624404,-852.6679182624404,pass,1355.0
2.64465760148006,210.79342685579576,1000000.0,890.7975009316023,-890.7975009316023,pass,1356.0
3.8133329582215634,41.12134389967045,84523.98252266651,818.8803559247027,-818.8803559247027,pass,1357.0
7.092537344210587,169.95065372537658,164689.7674655715,578.5832080265,-578.5832080265,pass,1358.0
4.227917664982942,190.9335492425231,981526.091796875,681.2402038444365,-681.2402038444365,pass,1359.0
3.3486031164440995,74.71814741025543,930232.9510796242,835.4647364336753,-835.4647364336753,pass,1360.0
4.722323586605329,231.3388120686825,518947.09744049364,910.312157540181,-910.312157540181,pass,1361.0
3.096383947691324,75.44807079744643,556361.799507424,727.6965172438935,-727.6965172438935,pass,1362.0
2.2268210257258803,151.3027279491415,303417.394406224,724.1275918642078,-724.1275918642078,pass,1363.0
2.578379675642901,168.33755696165008,490106.352432422,886.7116161868659,-886.7116161868659,pass,1364.0
6.594130822234593,156.89381807397888,147693.7225436965,679.4253588379693,-679.4253588379693,pass,1365.0
8.44602399106224,105.78276173861727,211783.99824297757,708.9813992694377,-708.9813992694377,pass,1366.0
5.456688798302976,191.61352120949843,79532.23454503948,628.0812987432959,-628.0812987432959,pass,1367.0
7.50817642001149,260.5905948996153,418997.3228258727,705.4491452002509,-705.4491452002509,pass,1368.0
7.760802077629326,183.75892730173103,144288.17580558494,535.8497843715872,-535.8497843715872,pass,1369.0
5.328295461661021,135.38289372800023,671042.9582110487,674.3679843652477,-674.3679843652477,pass,1370.0
7.0790058458129375,22.331370794398715,232291.95868886923,790.5611542871633,-790.5611542871633,pass,1371.0
1.4819418786915253,255.2432930821081,665436.9088642566,682.7492756910651,-682.7492756910651,pass,1372.0
9.959976684302092,159.0097515486163,429683.3242692135,894.7964748467652,-894.7964748467652,pass,1373.0
8.8612182974836,48.253965749121846,642506.8055347974,713.4718820590316,-713.4718820590316,pass,1374.0
5.767270476547858,21.161374055964878,120070.26532949423,746.4643252629706,-746.4643252629706,pass,1375.0
2.3066373239123528,55.21495134537591,158503.27426404704,746.3683422526237,-746.3683422526237,pass,1376.0
1.2070273182449753,276.3965180999668,804261.0703327045,742.1267105782133,-742.1267105782133,pass,1377.0
5.724257077312553,262.68046449664024,264577.7528467776,417.85177733032765,-417.85177733032765,pass,1378.0
8.082947148343758,127.81096311149676,271717.162308357,716.2636697272142,-716.2636697272142,pass,1379.0
8.513359533252395,74.43486823020095,643346.5096363599,902.1583237228182,-902.1583237228182,pass,1380.0
7.616998573495941,137.93896500857576,141112.31855547757,691.2070763463283,-691.2070763463283,pass,1381.0
4.5083401955299,149.1969811255841,209760.3084811965,904.7984837823369,-904.7984837823369,pass,1382.0
0.9848018953766128,169.45843444048828,468340.10567420325,738.9500152544973,-738.9500152544973,pass,1383.0
7.824377341529564,220.3425856405266,177520.58808960702,415.33280070739573,-415.33280070739573,pass,1384.0
1.517507113035888,61.031393358162774,176134.56723279704,749.3850824889619,-749.3850824889619,pass,1385.0
8.68762062157161,95.77513123471334,438103.06053213915,1212.4966699401286,-1212.4966699401286,pass,1386.0
7.291186186848767,204.18282210718752,61520.58839850707,738.779028052265,-738.779028052265,pass,1387.0
6.9862613074929705,113.1774214873366,366332.40455930727,901.2722903973105,-901.2722903973105,pass,1388.0
5.609532393035172,173.5495893012752,185110.3439028181,654.4515181575637,-654.4515181575637,pass,1389.0
4.531372167511651,216.12090992130533,326669.97418559145,930.1724886945481,-930.1724886945481,pass,1390.0
0.001,269.97980343169286,848737.8906452045,1326.940671920022,-1326.940671920022,pass,1391.0
2.156999514840565,104.39870774266412,643844.8600997628,721.1292264284605,-721.1292264284605,pass,1392.0
0.001,276.89225103595834,874581.7220354313,1328.7405472299342,-1328.7405472299342,pass,1393.0
5.8622140596508565,54.083788014771216,786406.8588721111,815.3888930174113,-815.3888930174113,pass,1394.0
9.110729844734726,88.00746963452453,121163.53256279774,876.3676422667563,-876.3676422667563,pass,1395.0
6.792561004686366,242.38868350920404,226931.51081901224,946.4610746597401,-946.4610746597401,pass,1396.0
5.0790663310751,135.37269950040655,153410.57838664457,704.1173929978565,-704.1173929978565,pass,1397.0
0.18540477967838598,261.59130607909276,889458.2968952045,859.1427138768909,-859.1427138768909,pass,1398.0
2.5582476783091064,199.45239649003932,780405.1360815822,884.4027735490419,-884.4027735490419,pass,1399.0
0.001,145.68868360697692,498714.44161170325,1298.581971825965,-1298.581971825965,pass,1400.0
5.536335150194393,268.2432194540379,350364.67246734526,889.5312886481197,-889.5312886481197,pass,1401.0
0.22959603452178468,278.74236985185723,994877.9290666813,751.4901751193601,-751.4901751193601,pass,1402.0
9.72531583503197,205.80930341869785,671555.9910816599,670.4366557019189,-670.4366557019189,pass,1403.0
7.6569238014693575,91.43272200846715,502287.5212625873,750.8348606273408,-750.8348606273408,pass,1404.0
0.7794083974419053,255.65397011107518,870845.323262392,703.9525505551652,-703.9525505551652,pass,1405.0
3.7193140012826857,143.4248985348972,518736.8800401131,726.8581172039966,-726.8581172039966,pass,1406.0
0.001,144.312877907696,426880.1998803946,1288.5076584531987,-1288.5076584531987,pass,1407.0
0.001,0.315231008547606,81215.93355149745,1246.0667893566083,-1246.0667893566083,pass,1408.0
7.755314229671256,291.1180657626466,426440.5522394726,679.766138626071,-679.766138626071,pass,1409.0
7.138232358578252,264.9372479897908,789410.644692168,1194.5878085674656,-1194.5878085674656,pass,1410.0
4.345975862109841,202.39085306920305,361755.41754496645,1158.619036848922,-1158.619036848922,pass,1411.0
5.5758642459220304,148.11496175153883,806646.4583021891,691.4179379479443,-691.4179379479443,pass,1412.0
6.911452561939645,135.9142378009822,919134.335560604,706.6568255147884,-706.6568255147884,pass,1413.0
2.3888588918912546,161.57237965644654,893437.3677025657,686.7581020581634,-686.7581020581634,pass,1414.0
2.661257425499058,172.84749491211363,512404.7374484578,687.987036966749,-687.987036966749,pass,1415.0
1.9322778913496412,194.47531309202873,169144.35283671058,934.3149830558314,-934.3149830558314,pass,1416.0
7.6939385371844935,300.0,299367.3334894726,227.49346353596704,-227.49346353596704,pass,1417.0
4.986503447635732,61.190521991257214,280422.6196299287,846.8357657299575,-846.8357657299575,pass,1418.0
0.8985589557177298,192.29003447587544,558587.1895064841,708.2157196497874,-708.2157196497874,pass,1419.0
2.720407592637974,246.94802367776103,471412.42659708724,795.2769712327873,-795.2769712327873,pass,1420.0
5.114609818425654,154.52903785817523,134142.52896141185,933.3542289613554,-933.3542289613554,pass,1421.0
8.357750453606673,135.32362698539913,343492.5625504635,915.6481559637119,-915.6481559637119,pass,1422.0
5.676964200617498,51.427783952857595,540974.5115299185,727.074646123144,-727.074646123144,pass,1423.0
6.003566730546377,142.9031348797896,277374.4440581469,912.2786131629176,-912.2786131629176,pass,1424.0
5.117733777582604,60.40978280437159,722164.8937842204,759.7393522189175,-759.7393522189175,pass,1425.0
7.599722478666276,238.2242022648063,458246.0513414977,906.0739142506253,-906.0739142506253,pass,1426.0
6.269013618208874,232.93306393629348,379743.26336620795,906.8288779231158,-906.8288779231158,pass,1427.0
6.903517469620842,185.75709516182204,998710.2173965415,607.237646489801,-607.237646489801,pass,1428.0
3.5549830587286597,268.86608768570335,105035.89980906318,637.2722984009536,-637.2722984009536,pass,1429.0
5.139295474274187,103.98878296220333,1000000.0,703.9787693312929,-703.9787693312929,pass,1430.0
5.455473498218499,185.28771083902404,58160.562387446495,673.3889981542492,-673.3889981542492,pass,1431.0
6.956982416270441,158.76992039731425,334452.9043154288,843.6527283241738,-843.6527283241738,pass,1432.0
5.092926815126097,177.56429523710185,517401.3253213889,1194.8664859602777,-1194.8664859602777,pass,1433.0
6.3441019382967285,241.94639836191453,948175.5,620.1843832730467,-620.1843832730467,pass,1434.0
7.568461471228576,214.8529719702775,103362.91116642814,1018.9083662168446,-1018.9083662168446,pass,1435.0
8.755229329392684,23.3677372107114,226042.5162231148,743.782821093813,-743.782821093813,pass,1436.0
3.179261648394731,178.82602812578955,956464.78125,686.5789890560314,-686.5789890560314,pass,1437.0
2.2128814759216624,265.39636874034176,944908.203953492,688.1026192559136,-688.1026192559136,pass,1438.0
7.161947796869288,212.05551023421015,158614.36238151224,659.9480786532434,-659.9480786532434,pass,1439.0
4.489714244669479,270.25009571379735,785593.9428912982,814.4417899843439,-814.4417899843439,pass,1440.0
0.6929286344516412,220.69046933234986,972087.7719994407,992.3141789433577,-992.3141789433577,pass,1441.0
7.748283718616715,152.55092261694352,1000000.0,651.4588632810256,-651.4588632810256,pass,1442.0
6.898502174169381,185.2381954381963,336542.2738431145,876.6607374217214,-876.6607374217214,pass,1443.0
6.2215004931061255,174.89154448621173,213246.6778871931,867.2634713036454,-867.2634713036454,pass,1444.0
3.738376937907919,98.04970932155832,588744.1580907346,853.3705530176825,-853.3705530176825,pass,1445.0
3.676621049454811,75.88437393617934,551853.1539996115,783.1758297269354,-783.1758297269354,pass,1446.0
4.64856568194012,228.16410385436131,799538.2573444232,673.2351317344819,-673.2351317344819,pass,1447.0
3.582334992667631,91.3580449271823,0.0,1237.108920730115,-1237.108920730115,pass,1448.0
3.3579932665249306,256.58409586111566,217983.63508741738,774.6508529330639,-774.6508529330639,pass,1449.0
8.209106550024934,193.96152033080693,554547.642234965,616.1885241152912,-616.1885241152912,pass,1450.0
6.92765621716191,281.59208785308164,320052.7641535351,598.1577010813968,-598.1577010813968,pass,1451.0
5.4335017519209785,137.5499594974342,749400.0412188612,849.1330702587735,-849.1330702587735,pass,1452.0
4.9311014074063655,58.532469023932435,891218.515625,727.1775180287896,-727.1775180287896,pass,1453.0
2.398411230586491,96.10662604388882,679547.7897872628,724.4000924184032,-724.4000924184032,pass,1454.0
9.362524152353831,116.17645310386837,300034.6250504635,989.0796472188434,-989.0796472188434,pass,1455.0
8.798100965704444,77.88570486355036,16354.524230690178,926.8707838684302,-926.8707838684302,pass,1456.0
5.518629446948457,186.6562541164424,965686.7187393149,791.9133213492768,-791.9133213492768,pass,1457.0
1.1129523412179738,149.07036976170446,413338.091671849,706.6843441908378,-706.6843441908378,pass,1458.0
5.4371542630855245,146.13629071591527,651261.2785235487,676.9931166862045,-676.9931166862045,pass,1459.0
4.821104012211793,188.82122364628637,631354.1261338631,826.6945790683232,-826.6945790683232,pass,1460.0
4.233603161916112,79.28204745319252,490758.4628021917,1023.8034114003801,-1023.8034114003801,pass,1461.0
8.702112198510697,50.559731055634714,725399.7664739265,720.7225265236953,-720.7225265236953,pass,1462.0
5.148655802765238,109.55356420978917,980855.09765625,827.1769648990587,-827.1769648990587,pass,1463.0
1.3020810553993485,125.22255001246398,526817.2619242033,739.0717635246243,-739.0717635246243,pass,1464.0
0.8260697456266185,153.39651403605407,501931.95333045325,783.9126575012795,-783.9126575012795,pass,1465.0
5.531319916571069,185.8858318962123,929047.4929092368,930.2841189725996,-930.2841189725996,pass,1466.0
3.538225720616241,273.89978482882043,97865.45149366738,798.7274161035166,-798.7274161035166,pass,1467.0
2.206839714375234,177.50941498276183,451455.9825656453,889.0553259863656,-889.0553259863656,pass,1468.0
2.8298297132220656,135.5381138439169,346519.925656224,722.9173500108562,-722.9173500108562,pass,1469.0
6.5488359264664275,168.90087812494323,160259.7791843215,802.8253071627303,-802.8253071627303,pass,1470.0
9.519762621822036,77.48558939871901,678298.4588551099,898.7894449223247,-898.7894449223247,pass,1471.0
0.6906768828097505,209.93401296837027,227529.4159613253,837.2112654459672,-837.2112654459672,pass,1472.0
2.78674491567099,89.10145739096616,664879.1427780571,817.0020298987238,-817.0020298987238,pass,1473.0
5.755103663318597,162.20216720651672,79572.6795749465,804.249622928643,-804.249622928643,pass,1474.0
0.2569213109569708,199.55434409274716,504328.64404309227,985.5310865894347,-985.5310865894347,pass,1475.0
0.07646854780472678,142.98345771624642,111174.72835933353,769.7892271379973,-769.7892271379973,pass,1476.0
4.858989301815625,194.81437594460303,771504.6524513402,842.4790465089065,-842.4790465089065,pass,1477.0
0.4664459952000479,195.62239145679843,962037.0275395698,993.6183308786228,-993.6183308786228,pass,1478.0
1.0832776658799501,102.36910511360324,473414.5576972913,934.3464384921753,-934.3464384921753,pass,1479.0
6.349498214027683,109.7756363618198,693396.0255938612,873.8560991672944,-873.8560991672944,pass,1480.0
8.416600607887336,145.41501664146602,314307.83647624473,882.8695720947728,-882.8695720947728,pass,1481.0
4.436676183009328,165.4829675177504,193668.70660746648,779.4979192233382,-779.4979192233382,pass,1482.0
2.2732655013766676,155.1661713237753,385513.519406224,697.5676328783833,-697.5676328783833,pass,1483.0
5.085425721770328,259.52480160063817,794793.4253131732,677.562261991747,-677.562261991747,pass,1484.0
5.841157449711379,257.83918816026,184206.75816690718,392.5016518336237,-392.5016518336237,pass,1485.0
7.843683082042821,187.73908698450686,78471.48488288207,759.5831537634617,-759.5831537634617,pass,1486.0
6.091295301741759,151.0539795625034,698994.0519610487,720.0545772118826,-720.0545772118826,pass,1487.0
8.548979502568313,102.66419220883444,373977.18943838915,797.5242651094004,-797.5242651094004,pass,1488.0
4.603101741073167,61.01986717151544,966173.041015625,780.1461564805121,-780.1461564805121,pass,1489.0
0.6237576120383017,218.0506870179897,377935.4238814841,724.9065214065611,-724.9065214065611,pass,1490.0
2.6099478377568857,188.90747601569947,946127.9614525657,699.3744212223659,-699.3744212223659,pass,1491.0
6.072101933688582,165.17149413450392,853951.1228529704,610.8092754087245,-610.8092754087245,pass,1492.0
10.0,190.97208227306797,665350.3240894724,712.1449372675048,-712.1449372675048,pass,1493.0
3.5548538619859347,280.2480235160972,191586.99831850792,584.0000502081751,-584.0000502081751,pass,1494.0
9.046048034732857,117.85887968905053,261348.71129357457,865.7434268556609,-865.7434268556609,pass,1495.0
7.736316932698921,196.2376770549782,222543.09932007577,693.5722378592072,-693.5722378592072,pass,1496.0
3.861295908586436,199.09299433576507,488233.780166797,772.9540298532509,-772.9540298532509,pass,1497.0
0.9326447449289414,209.61537205632226,410052.74470861204,707.2373723106605,-707.2373723106605,pass,1498.0
1.1735955978598982,133.97662000012303,338597.6356171615,735.7762339739321,-735.7762339739321,pass,1499.0
3.186074247024793,264.010516837817,553722.5769326811,690.6895631986423,-690.6895631986423,pass,1500.0
7.7915752751387055,185.59429780002085,771538.6768923977,685.165529019938,-685.165529019938,pass,1501.0
5.093596438360439,239.17348941062664,262824.24082672026,719.4184462645126,-719.4184462645126,pass,1502.0
6.068359239641921,296.5349980474786,332855.1567316601,735.1743547237775,-735.1743547237775,pass,1503.0
6.729530485446019,155.38472761379344,865954.6685559973,686.8252758240459,-686.8252758240459,pass,1504.0
0.6595604769550416,196.91724721546666,312573.23103673704,812.4420007762969,-812.4420007762969,pass,1505.0
1.808270762654205,250.65332653681298,104378.08235304238,671.9265605239101,-671.9265605239101,pass,1506.0
5.445432524648188,180.21166195981402,86539.42251609937,830.7648397263442,-830.7648397263442,pass,1507.0
7.848024701430397,133.06558589728579,174126.3871589932,937.0553571826373,-937.0553571826373,pass,1508.0
7.894284464741635,171.26508289947768,789078.5338027915,881.059909214872,-881.059909214872,pass,1509.0
4.709865340102866,185.94114537180397,627476.644616715,676.2973298160905,-676.2973298160905,pass,1510.0
5.748435981156057,56.3541583882824,626565.5271549185,719.1848196445624,-719.1848196445624,pass,1511.0
0.517803812994885,57.41749967569373,195476.5470483634,783.5440899816441,-783.5440899816441,pass,1512.0
7.059735440426312,170.3751854236035,147214.8455905715,597.3830185557376,-597.3830185557376,pass,1513.0
5.579654017000293,169.83754505306206,319928.08418620506,910.9675041856045,-910.9675041856045,pass,1514.0
0.6696726529467241,198.92815882743653,1000000.0,1011.9527152924805,-1011.9527152924805,pass,1515.0
7.855949975327342,156.2909559344813,855954.6378298977,635.416731474232,-635.416731474232,pass,1516.0
2.4049372407911696,231.20757522658073,183311.21221171058,909.7752325576619,-909.7752325576619,pass,1517.0
3.337157437362159,273.3253290759316,96281.37832468818,671.0549151818706,-671.0549151818706,pass,1518.0
6.8688636154776495,209.24406527592757,253932.80192785198,615.694690554587,-615.694690554587,pass,1519.0
1.8096707625612836,93.52292382237603,671829.2702560128,774.1742444733845,-774.1742444733845,pass,1520.0
5.871551022642098,160.06586807321594,6966.7244968214945,1114.4552661226746,-1114.4552661226746,pass,1521.0
3.7066748526336566,220.15543951787248,89991.80426371648,626.9095933699031,-626.9095933699031,pass,1522.0
5.858896867149316,184.9351554746537,90110.9198093215,678.8742828859076,-678.8742828859076,pass,1523.0
9.171537092289165,143.28879304466327,160220.20137085702,698.8478953571986,-698.8478953571986,pass,1524.0
5.114583040164379,146.17755183705168,83508.55690226957,682.9509484346152,-682.9509484346152,pass,1525.0
1.5631867129305461,197.98325106578724,46279.399783502726,712.3298033753083,-712.3298033753083,pass,1526.0
4.249838256575731,164.45842965176382,996888.849609375,845.8028545361885,-845.8028545361885,pass,1527.0
0.8563990258461707,160.13327330644185,573419.8027877341,715.4796499323147,-715.4796499323147,pass,1528.0
2.818859327562463,246.8837033640964,978892.3632927941,929.5893997550496,-929.5893997550496,pass,1529.0
4.269432472160805,137.03257550130462,910627.5174858742,809.9949391281584,-809.9949391281584,pass,1530.0
1.0160136710364709,148.49993415627628,197054.80762798814,773.3255579660549,-773.3255579660549,pass,1531.0
6.174594803396956,284.1009079099969,241382.21727853513,567.7732460909448,-567.7732460909448,pass,1532.0
4.222434522679794,117.27917016873931,770570.5409233742,1143.8662499009506,-1143.8662499009506,pass,1533.0
8.280008562723367,245.7976041959479,500389.4832433277,606.047318040634,-606.047318040634,pass,1534.0
4.351588674189729,259.7660102756406,149470.44558413292,604.325255179823,-604.325255179823,pass,1535.0
2.3606749227568726,88.5191063981979,664004.6481857003,862.6092304526626,-862.6092304526626,pass,1536.0
0.6927206572131054,119.43362775637704,208491.85335933353,737.1852653430763,-737.1852653430763,pass,1537.0
4.867907620305387,189.4247347028456,20673.97282628948,994.206733925123,-994.206733925123,pass,1538.0
5.272360667560255,156.56742537502222,510617.488651467,678.7032332144495,-678.7032332144495,pass,1539.0
6.1919834711930735,185.00701518472664,319322.53518058494,950.9192228872926,-950.9192228872926,pass,1540.0
7.992199852405033,148.4856333340406,758049.6707625194,796.3508452897152,-796.3508452897152,pass,1541.0
7.199126400831746,277.9755780679158,716927.705239043,1039.0601811150218,-1039.0601811150218,pass,1542.0
4.1874375439343865,286.93186317748143,829571.5610553607,909.2192815345265,-909.2192815345265,pass,1543.0
8.121896267571977,28.991401304143167,750174.5125676765,780.1046584813602,-780.1046584813602,pass,1544.0
2.661017203070787,171.7897155456809,991609.41015625,689.4705051234367,-689.4705051234367,pass,1545.0
0.001,239.50632885633905,776441.7838642566,1322.190032080727,-1322.190032080727,pass,1546.0
7.264416035973273,114.12768238138244,80957.674692134,660.9865001737757,-660.9865001737757,pass,1547.0
8.506721033117012,154.57604833183368,178276.09199585702,535.6201819561038,-535.6201819561038,pass,1548.0
2.570079158336074,226.4689211510382,63890.833410061474,669.7211033095421,-669.7211033095421,pass,1549.0
6.638097911372899,164.35097876883074,284419.92018430727,680.9198457351193,-680.9198457351193,pass,1550.0
2.060705160108956,86.28200914695519,327170.6063875454,759.4536060068739,-759.4536060068739,pass,1551.0
2.8926012299724806,111.4170987941644,608348.7834030571,718.4129935350355,-718.4129935350355,pass,1552.0
2.3643400625289983,223.90978833663084,82367.91934756147,722.3203871427814,-722.3203871427814,pass,1553.0
0.20364310838215294,110.1891738318827,317894.2662866446,795.1316275261707,-795.1316275261707,pass,1554.0
4.782922187113942,216.9990364531447,207059.82379496648,676.5440068523258,-676.5440068523258,pass,1555.0
4.694477120703262,233.30592094725682,867103.9057819232,646.9744880651364,-646.9744880651364,pass,1556.0
5.720638657488583,226.27034612115852,305962.3657469912,998.1624936130625,-998.1624936130625,pass,1557.0
3.1744483730850632,208.73809020585134,961167.1661578998,1104.3639065045086,-1104.3639065045086,pass,1558.0
0.5033478341661546,187.62342798169152,430756.69295079954,724.6419998286482,-724.6419998286482,pass,1559.0
0.001,178.69131508960385,544092.5371094985,1300.2368267597396,-1300.2368267597396,pass,1560.0
7.112815476731151,173.56103411670176,852395.4737673977,835.8949006430142,-835.8949006430142,pass,1561.0
4.436680540416395,145.7208076763528,500422.8255655295,687.0437476761808,-687.0437476761808,pass,1562.0
8.09567556679455,92.0983630555641,609891.6849903638,694.1122302825233,-694.1122302825233,pass,1563.0
0.41915650450027986,196.96890234394442,848868.8166020698,822.124770932716,-822.124770932716,pass,1564.0
6.58178737327512,166.2311268041631,343910.956460302,1013.2162223130808,-1013.2162223130808,pass,1565.0
0.001,153.7288891702419,565273.1831588278,1306.340500382381,-1306.340500382381,pass,1566.0
0.001,173.04282436549133,321141.36348670325,1263.2736313323487,-1263.2736313323487,pass,1567.0
2.2178336880766008,184.8042188828756,493344.84334142454,844.8216528788813,-844.8216528788813,pass,1568.0
5.462159442959897,203.00243907900835,176813.95614310782,628.481925342702,-628.481925342702,pass,1569.0
7.467734737655357,186.45621438560565,229555.85273804452,1063.0068489122536,-1063.0068489122536,pass,1570.0
5.295182113413387,210.1550441825322,952833.33203125,654.1147742863305,-654.1147742863305,pass,1571.0
4.34144889686313,173.95889397194662,1000000.0,1027.1331462381972,-1027.1331462381972,pass,1572.0
1.447116961089524,63.30859138801354,319557.8290437954,746.1867163833804,-746.1867163833804,pass,1573.0
4.600627993999256,300.0,141079.84011538292,606.2630617345744,-606.2630617345744,pass,1574.0
1.838379400026894,178.7859249829907,523030.45619845786,877.2973905432224,-877.2973905432224,pass,1575.0
6.50310090490636,187.32146739079573,189166.48747472698,570.8478265444713,-570.8478265444713,pass,1576.0
1.8662205486459071,175.9323768650238,544778.827041797,692.8539592037336,-692.8539592037336,pass,1577.0
6.780264460473037,194.12708231731006,114094.03811955314,528.85855062975,-528.85855062975,pass,1578.0
3.6372723490319308,209.27393391938912,796781.7681984779,807.7586297808706,-807.7586297808706,pass,1579.0
2.7342500146760558,63.84695086380937,185986.87770000496,807.5009869436116,-807.5009869436116,pass,1580.0
8.688567264339165,187.05203385887225,344289.263870857,707.8507727134555,-707.8507727134555,pass,1581.0
5.6547513925894775,130.7096688760169,111494.60573039457,853.69186468042,-853.69186468042,pass,1582.0
0.8220561666953698,207.22896344245729,928469.9975853782,828.3203703271008,-828.3203703271008,pass,1583.0
5.001999095056211,155.08531320575648,524789.0013467795,763.1358365609962,-763.1358365609962,pass,1584.0
0.861971318668477,217.62379248002316,267945.3837347628,715.3331973536332,-715.3331973536332,pass,1585.0
4.680578619215643,169.36655468229227,496686.7186319358,832.7965717180881,-832.7965717180881,pass,1586.0
6.167257304971722,262.51422986340157,292759.94666336325,724.0015344305252,-724.0015344305252,pass,1587.0
6.072187011219967,247.87660307890212,441183.06024120795,748.3760812738071,-748.3760812738071,pass,1588.0
0.093288258547511,267.2599790904818,882932.4251604313,819.5946595913763,-819.5946595913763,pass,1589.0
0.6251577251440756,138.1405307679897,562751.2539596091,910.9117917665139,-910.9117917665139,pass,1590.0
4.665432303915959,79.96981579200558,914397.6313391696,710.6930933118562,-710.6930933118562,pass,1591.0
5.146625972868627,47.64883659949456,455289.3416080436,791.23483454052,-791.23483454052,pass,1592.0
4.083261349463643,200.83461489476457,235167.18707621648,887.7322762562368,-887.7322762562368,pass,1593.0
6.726512447708092,177.440488510838,129511.2088718215,612.4864265730669,-612.4864265730669,pass,1594.0
4.739195511324434,117.3993206819299,1000000.0,727.1545158658093,-727.1545158658093,pass,1595.0
7.761889890240617,179.4648666547739,447999.7408677775,1014.1021607104543,-1014.1021607104543,pass,1596.0
3.9615516573510225,233.3349190077375,767357.5111183998,688.6262278154944,-688.6262278154944,pass,1597.0
4.204515911420816,146.34277668583715,604495.4776963631,871.394866879568,-871.394866879568,pass,1598.0
8.02411695209977,238.09658147092728,574810.4048571227,727.0901586109973,-727.0901586109973,pass,1599.0
5.3003442086698875,244.39027388786053,329159.60020172026,885.4318245742214,-885.4318245742214,pass,1600.0
0.8937044589388505,213.70444685996827,909107.6050072532,881.8927183717666,-881.8927183717666,pass,1601.0
7.4562405782382655,270.6253791929559,250040.25731759763,820.3472277778638,-820.3472277778638,pass,1602.0
7.463266916350215,191.9984025096461,818251.6056033352,1213.7120114710733,-1213.7120114710733,pass,1603.0
5.045574385223424,51.69909976886652,952442.28515625,722.7147084079722,-722.7147084079722,pass,1604.0
2.776440332623382,252.7289881960537,334064.7210249174,717.6767223215171,-717.6767223215171,pass,1605.0
5.641885165934139,249.06564055322923,1000000.0,644.020487335607,-644.020487335607,pass,1606.0
6.911904037321496,177.91821056976576,1000000.0,774.2692149939094,-774.2692149939094,pass,1607.0
8.092779347302592,54.04427070794219,647047.6717457349,761.7161398375534,-761.7161398375534,pass,1608.0
4.053198300084108,168.20626869786108,619186.7179307381,818.4572363331703,-818.4572363331703,pass,1609.0
4.897909636092411,222.51528628562664,231547.12949859526,730.5734670397449,-730.5734670397449,pass,1610.0
0.27748591833178926,201.05595392282063,354055.8320846091,905.5110637308939,-905.5110637308939,pass,1611.0
4.611054237482583,36.78726219104669,939949.53125,956.9965237697377,-956.9965237697377,pass,1612.0
5.261961499977122,205.9820141309234,115865.71296744974,589.4595205603445,-589.4595205603445,pass,1613.0
1.0392518343887645,241.54329371287594,880852.032078492,738.4882737900379,-738.4882737900379,pass,1614.0
0.5374803564606125,245.80788933104589,809899.354512392,728.2142445538555,-728.2142445538555,pass,1615.0
4.443283469685887,159.10906330494353,135654.5999776769,945.4589901502479,-945.4589901502479,pass,1616.0
0.9581720429020086,193.70194355144162,611806.6440430923,699.812604100811,-699.812604100811,pass,1617.0
6.158612610599796,128.57698218701512,700621.5334063612,743.1474117464147,-743.1474117464147,pass,1618.0
4.504237070451718,79.82086779312424,943221.6176672946,831.613355436133,-831.613355436133,pass,1619.0
8.408924742004112,121.49421544609149,253858.01387085702,812.9571517164346,-812.9571517164346,pass,1620.0
6.375261392181423,278.37334737133614,251281.24744461325,399.45272509631786,-399.45272509631786,pass,1621.0
7.4699102514765245,191.5934710067176,190181.07033683494,637.7708986723651,-637.7708986723651,pass,1622.0
2.3911938850587573,157.66333955523393,773439.516879209,713.7079304613575,-713.7079304613575,pass,1623.0
4.651488030837444,148.5425660622962,189509.16823039457,757.604689614145,-757.604689614145,pass,1624.0
5.199624510990051,118.49137663968878,166123.90846476957,730.7141917288172,-730.7141917288172,pass,1625.0
0.3951574511444478,277.1221228384469,343326.02672625415,720.9638195508118,-720.9638195508118,pass,1626.0
9.229358234146169,53.14621673955271,791104.1820012702,800.8783555150214,-800.8783555150214,pass,1627.0
7.281982103862522,194.54203982767098,314941.67580558494,725.285179547211,-725.285179547211,pass,1628.0
4.4308747890403755,238.8283013856228,632598.1218545561,549.7032916998596,-549.7032916998596,pass,1629.0
7.919856368837795,94.60599323165414,713883.6863875194,916.4923247401498,-916.4923247401498,pass,1630.0
0.23289925985400606,209.90919417436177,430090.9824752341,796.8878271537247,-796.8878271537247,pass,1631.0
4.205381383560438,183.46228762028773,586040.5354287749,679.6132483187596,-679.6132483187596,pass,1632.0
2.3897756243911177,123.81168199729825,380257.952999974,720.5864658273003,-720.5864658273003,pass,1633.0
5.554770858785908,139.32517592785985,650460.4689532362,662.5512566123825,-662.5512566123825,pass,1634.0
4.389927169427604,201.9344974096766,962857.3553402422,936.1021536777575,-936.1021536777575,pass,1635.0
3.774544068837346,206.9762855986525,136764.32574809148,608.8454071242924,-608.8454071242924,pass,1636.0
3.1205493334382526,73.34371513393288,480405.6854584417,719.8778136621966,-719.8778136621966,pass,1637.0
0.9025064151246438,125.37877269539982,250626.88379986314,722.3502402562326,-722.3502402562326,pass,1638.0
7.351546327152012,173.28110738214485,194105.1462645693,822.8306728405493,-822.8306728405493,pass,1639.0
3.7632263082286546,271.3721718700315,124190.53835757042,483.4074670638067,-483.4074670638067,pass,1640.0
1.7337710036504403,159.9984420019513,895207.367824636,712.3445224891244,-712.3445224891244,pass,1641.0
6.054916986041508,166.00540464471862,140941.5682468215,648.0807650430442,-648.0807650430442,pass,1642.0
5.701770098979039,186.2950440810786,732550.0533216223,923.0826246148923,-923.0826246148923,pass,1643.0
5.574255807132186,174.44273055418165,632207.1887709391,877.6843578151413,-877.6843578151413,pass,1644.0
2.3462031720504384,80.74820471820523,729148.7975997628,788.8470194766091,-788.8470194766091,pass,1645.0
5.653782133822017,209.17470888733186,959033.2788085938,826.856933346058,-826.856933346058,pass,1646.0
5.1255573167691795,267.0493426936462,171153.71324503218,721.2851669614058,-721.2851669614058,pass,1647.0
6.698339317829362,149.94618748091142,1000000.0,702.157018909802,-702.157018909802,pass,1648.0
5.543747210015013,154.25291628778908,616433.9931274572,828.1435751351679,-828.1435751351679,pass,1649.0
6.051962669229591,266.6541973257342,303193.5526514651,694.927678123613,-694.927678123613,pass,1650.0
4.308746340613203,163.47465107296316,150968.63777259953,727.2199562425138,-727.2199562425138,pass,1651.0
6.977732203239767,177.5517083318434,250373.95622472698,770.1544737802178,-770.1544737802178,pass,1652.0
3.1456390145867816,85.39210099246864,490018.5721771917,788.6577613886002,-788.6577613886002,pass,1653.0
8.606562663124153,3.8469042346173445,342492.5316092262,1270.732643773414,-1270.732643773414,pass,1654.0
8.706847849665769,175.1107004870093,88264.42238288207,759.9546535606461,-759.9546535606461,pass,1655.0
7.247408742593197,166.66400814184027,162663.91627726957,694.5859867390392,-694.5859867390392,pass,1656.0
7.019739995279072,207.78106398996346,294676.43752433494,861.8655840230202,-861.8655840230202,pass,1657.0
3.6934750164639496,181.50227804125282,652585.54500734,687.1361811613219,-687.1361811613219,pass,1658.0
7.455633873619793,190.63891501840584,239057.81252433494,850.8737054222103,-850.8737054222103,pass,1659.0
8.077828301895812,297.80345959733665,280817.66554000764,352.1278864109528,-352.1278864109528,pass,1660.0
3.2117428014212654,165.02769767256223,782858.4856778207,832.1762300632867,-832.1762300632867,pass,1661.0
1.7349051459300653,189.9895787912732,955247.6802025657,774.8848288922673,-774.8848288922673,pass,1662.0
7.830478120722741,246.25566197629837,588062.0015368102,790.236348668829,-790.236348668829,pass,1663.0
3.979106077708686,274.7370807038537,141048.31191843818,533.6913559039544,-533.6913559039544,pass,1664.0
7.706855977453945,182.6626691382789,230149.48439933494,894.6071428757676,-894.6071428757676,pass,1665.0
4.91292090539667,229.158689075326,773925.1258480547,678.697864926618,-678.697864926618,pass,1666.0
6.669487677291721,200.23366108890025,708061.2432986477,697.4372048381829,-697.4372048381829,pass,1667.0
3.8575257546979307,278.2467962634189,863061.7207146691,681.3753655567016,-681.3753655567016,pass,1668.0
6.745375320638108,168.18627387657423,994756.5494277915,714.8416160030085,-714.8416160030085,pass,1669.0
5.9724588969654455,174.0702625594917,831032.4841810954,755.0848540288353,-755.0848540288353,pass,1670.0
6.803688349301381,165.61286176906688,988211.2935559973,691.5373246852148,-691.5373246852148,pass,1671.0
1.9266483558881418,193.49215150655564,982762.9243431907,678.1204905850615,-678.1204905850615,pass,1672.0
1.6660323817232707,199.61539599376576,60423.131228815226,775.7299731096987,-775.7299731096987,pass,1673.0
6.381041929448533,157.42892200126906,1000000.0,885.1619694441828,-885.1619694441828,pass,1674.0
7.608762547778078,175.39930071105596,498757.228172465,925.9911453956304,-925.9911453956304,pass,1675.0
3.2038894201484114,114.79422117423917,346546.3409451492,746.1088888765923,-746.1088888765923,pass,1676.0
3.0823326761109957,274.9750051410581,111538.3342560079,624.5888604395741,-624.5888604395741,pass,1677.0
4.408439862767042,237.9780342499186,419831.63043559145,1148.3435053466314,-1148.3435053466314,pass,1678.0
1.4493237093986577,210.35819002616026,56048.763097561474,789.5819131860701,-789.5819131860701,pass,1679.0
8.761214359065727,145.3607000881203,157932.49824585702,633.8992464287862,-633.8992464287862,pass,1680.0
5.062612682393196,56.053194317343895,494387.4196246115,726.4923091299788,-726.4923091299788,pass,1681.0
0.7722043507582419,179.55256003434712,500280.3340377341,826.3332128017529,-826.3332128017529,pass,1682.0
6.5888184014209985,132.8224511779811,924803.5650527915,833.8773184364751,-833.8773184364751,pass,1683.0
7.507967876851751,221.09013824927356,606027.8894933277,913.2368241216506,-913.2368241216506,pass,1684.0
5.827033724372891,264.6751707489454,315606.86463211325,373.8089625456389,-373.8089625456389,pass,1685.0
7.165530113826084,209.62500483169813,966878.5845840415,646.4303786309828,-646.4303786309828,pass,1686.0
4.301342015032344,213.92574106096544,937980.095703125,698.5393161390482,-698.5393161390482,pass,1687.0
8.362638413974278,72.50682404792508,900705.7007319564,846.0284882636428,-846.0284882636428,pass,1688.0
2.90431762289671,118.88090826225186,362034.202999974,843.6699640548435,-843.6699640548435,pass,1689.0
8.506784200070635,215.63340325889666,179391.51191773202,641.1472969652932,-641.1472969652932,pass,1690.0
10.0,114.16664455365294,132555.158051079,682.6129857592965,-682.6129857592965,pass,1691.0
6.626961974749851,184.8422060646083,965453.6282852134,679.4884117521078,-679.4884117521078,pass,1692.0
9.572500719091133,202.4617662006386,275640.9894567945,442.9942673914509,-442.9942673914509,pass,1693.0
6.692029034838408,204.85410743317513,724281.9422543047,1169.6477646066282,-1169.6477646066282,pass,1694.0
2.7790929905840147,86.33470419424985,635474.5412155571,817.2726314060313,-817.2726314060313,pass,1695.0
7.210204367429963,182.06101559065263,995131.1201171875,601.710575435689,-601.710575435689,pass,1696.0
7.719675660911607,284.89333653272905,784607.074379668,667.3186650136976,-667.3186650136976,pass,1697.0
4.219648799332147,223.27446082444894,803168.2689308998,620.3068194988001,-620.3068194988001,pass,1698.0
4.330221226558417,182.8689840521565,719964.3768246172,684.092946943751,-684.092946943751,pass,1699.0
6.8632438066578265,92.81228207515619,1000000.0,763.8359879037746,-763.8359879037746,pass,1700.0
4.10129561845991,198.7460994060984,897176.8690121172,666.4391320258816,-666.4391320258816,pass,1701.0
3.6232167275328284,258.6537028657189,159003.98379343818,700.7450354653733,-700.7450354653733,pass,1702.0
6.912065024064449,150.56515216955023,173771.21412883207,600.527510940538,-600.527510940538,pass,1703.0
7.83302367627827,111.21146310744399,637644.2396778638,696.9975156427226,-696.9975156427226,pass,1704.0
1.4353757406440169,135.5791824276438,297407.458859349,798.0868648061313,-798.0868648061313,pass,1705.0
0.1959963688992733,126.94694627756141,272856.8756616446,849.9952241485929,-849.9952241485929,pass,1706.0
3.424726586766851,289.32309545394014,976012.2089959191,601.4472096151535,-601.4472096151535,pass,1707.0
3.3730456324000007,279.4135428773156,193533.68691843818,681.8909819808091,-681.8909819808091,pass,1708.0
6.2215210937322025,284.08838008883384,260749.496743262,618.6729802146423,-618.6729802146423,pass,1709.0
8.408477987507418,155.69129374430466,78179.8452895605,923.6851870299857,-923.6851870299857,pass,1710.0
7.892252341317125,193.9874312168115,557945.0123521525,807.7480642645041,-807.7480642645041,pass,1711.0
1.6999931566979738,112.56596208915866,509689.5762519788,724.1591492245483,-724.1591492245483,pass,1712.0
0.3217036553505759,160.71060347004305,858752.7638676948,1012.2319492760707,-1012.2319492760707,pass,1713.0
2.6660841573986893,145.66889108548736,1000000.0,687.1083465855875,-687.1083465855875,pass,1714.0
7.938259225735733,85.1787510009487,434421.25975088915,698.5494218748031,-698.5494218748031,pass,1715.0
6.134065352693778,98.86946000706152,876209.5209559266,815.4409838781107,-815.4409838781107,pass,1716.0
7.349068239653993,155.22883826866408,978317.503529354,676.650419315091,-676.650419315091,pass,1717.0
8.100450848133317,152.14580748938005,1000000.0,713.5462997371416,-713.5462997371416,pass,1718.0
5.8921979092481,240.66915055011486,255124.74473297026,841.4578322807464,-841.4578322807464,pass,1719.0
4.635948819846572,204.01408494337232,868872.9270521891,856.5396361118263,-856.5396361118263,pass,1720.0
7.494999372247266,266.9782488328389,772104.828285918,1006.8358448527854,-1006.8358448527854,pass,1721.0
0.6693421163227411,100.77516008720553,551866.2246894788,996.7347706333627,-996.7347706333627,pass,1722.0
2.3497733220227945,93.33167174834226,492739.70527805714,724.5491636556507,-724.5491636556507,pass,1723.0
2.5329615370225698,170.8800161297312,375907.771359349,707.9177476173064,-707.9177476173064,pass,1724.0
3.115859538213664,187.5624284778778,541333.287979297,681.8220689442862,-681.8220689442862,pass,1725.0
4.6600074212153535,232.6756606421064,742402.8529152748,826.3539933811832,-826.3539933811832,pass,1726.0
2.473880757455402,231.56635485529222,1000000.0,684.144760979816,-684.144760979816,pass,1727.0
7.7680974343204205,253.1556044712272,440466.2017321227,404.39977090674665,-404.39977090674665,pass,1728.0
8.761349677878409,149.62748332557757,148201.29023804452,617.9297259364023,-617.9297259364023,pass,1729.0
4.141817329280953,136.2769460579916,871855.7625332895,804.1327498771835,-804.1327498771835,pass,1730.0
2.0896985306012765,168.24116189063844,924485.4028588157,685.5135351617378,-685.5135351617378,pass,1731.0
2.9910303838330625,263.442835463248,766095.7910271691,645.4779908067376,-645.4779908067376,pass,1732.0
3.817840107787802,174.47077984751198,646479.117272965,664.822273172426,-664.822273172426,pass,1733.0
6.439920879677623,213.11988965030162,807521.1612673977,752.2256407889449,-752.2256407889449,pass,1734.0
6.3124614361175775,180.53708678856154,905283.538685604,673.9475428411316,-673.9475428411316,pass,1735.0
5.91240724990579,79.33248102708521,857314.4874973713,715.9465797274407,-715.9465797274407,pass,1736.0
7.561212642733351,274.49353228820127,346919.9487238476,974.8019332222173,-974.8019332222173,pass,1737.0
5.286296836370794,186.7594548375807,120894.01188878948,700.2481179134289,-700.2481179134289,pass,1738.0
5.313175840110244,145.43186868055494,781742.7083021891,774.642681691247,-774.642681691247,pass,1739.0
6.504279256189752,130.14786225929518,887658.140248104,743.3563860149497,-743.3563860149497,pass,1740.0
6.188078977876149,200.14969938348816,252305.2635593215,849.4536919897737,-849.4536919897737,pass,1741.0
2.7658673225802715,178.108240131015,534830.9779207032,716.4518965386659,-716.4518965386659,pass,1742.0
1.787853645256508,135.11221708188629,1000000.0,837.5288655386184,-837.5288655386184,pass,1743.0
8.94744377430363,129.7474302822121,182295.58613648202,916.037334674253,-916.037334674253,pass,1744.0
7.587064976372478,171.80748839792244,222523.25490714744,967.0649393069856,-967.0649393069856,pass,1745.0
5.070238594774776,266.0868254744939,993830.6235351562,657.6443360119551,-657.6443360119551,pass,1746.0
1.1402657328995178,262.8327992314001,629438.6139423816,686.5467782645886,-686.5467782645886,pass,1747.0
5.8273505375147705,241.59291147234825,301146.6825342776,747.037853883568,-747.037853883568,pass,1748.0
8.203198402522341,204.29337735710223,231383.77754273202,435.47066690149853,-435.47066690149853,pass,1749.0
5.362301298194371,149.94610136102722,151680.5955905715,624.0310291181877,-624.0310291181877,pass,1750.0
5.424033075398604,159.05231921551854,648276.2687579237,693.070585911196,-693.070585911196,pass,1751.0
8.799916789339967,207.0388871597254,492131.165672465,907.5121463317255,-907.5121463317255,pass,1752.0
4.487666456433302,191.70770791383492,769184.783091056,700.7151708114906,-700.7151708114906,pass,1753.0
7.176040858353066,147.36692601814528,1000000.0,646.7618417591257,-646.7618417591257,pass,1754.0
3.7567875963899793,214.1577948864451,859968.7361996172,911.8010860485551,-911.8010860485551,pass,1755.0
7.511578176298112,258.50682746317057,423276.6509508727,776.3580557038092,-776.3580557038092,pass,1756.0
0.9102615485398016,193.4417838740181,845782.9622536652,966.9251283700931,-966.9251283700931,pass,1757.0
5.341338804111213,167.5682142462483,704718.5340511797,672.4471585333717,-672.4471585333717,pass,1758.0
4.58182929671387,254.9106038696201,753615.4057819232,724.1629046061486,-724.1629046061486,pass,1759.0
7.020663381401109,278.00078129591265,823575.250160918,1192.3880001520465,-1192.3880001520465,pass,1760.0
7.246601636098293,163.23597240575629,130430.61647258207,671.0114073126468,-671.0114073126468,pass,1761.0
2.951044599505325,240.58167889277001,442133.3694624174,738.8554737757247,-738.8554737757247,pass,1762.0
7.375801343598336,260.19996888633636,370373.4790758727,1132.7783984420578,-1132.7783984420578,pass,1763.0
4.697715171589762,186.8891588149859,180940.6148337891,781.445860655112,-781.445860655112,pass,1764.0
7.3326790526841155,277.03400146784105,668617.345864043,668.5887738135671,-668.5887738135671,pass,1765.0
5.115710819888125,211.2829608434173,81047.13484244974,629.5250129156483,-629.5250129156483,pass,1766.0
4.2373790441219015,128.78209416745335,671420.2101641737,813.7116408001572,-813.7116408001572,pass,1767.0
4.69718042788056,183.0307823791928,184420.8060323644,728.6061414278066,-728.6061414278066,pass,1768.0
3.6297816762858437,151.92887937040769,786824.8347989145,716.4894781207041,-716.4894781207041,pass,1769.0
2.3750657640062425,180.59592973645226,494784.61287267454,709.2820206527338,-709.2820206527338,pass,1770.0
5.395038000305389,73.18865938898253,495312.376150828,859.4546832004453,-859.4546832004453,pass,1771.0
0.901953906055482,254.90625071360836,906025.6756331795,906.1540059288161,-906.1540059288161,pass,1772.0
3.379539182814127,252.62658122392403,760905.6063332435,674.8489402842272,-674.8489402842272,pass,1773.0
1.4836135877835885,158.2322717386609,970117.6997338157,853.1711239941607,-853.1711239941607,pass,1774.0
0.975312248106988,263.3195006830908,856496.481297242,674.3277078045143,-674.3277078045143,pass,1775.0
6.5025452075664205,154.9038832652393,627696.7863360487,674.7989000757973,-674.7989000757973,pass,1776.0
8.606424504520572,47.52209098515624,646958.8939137036,759.0639163839076,-759.0639163839076,pass,1777.0
6.178347286545478,79.14629428934143,0.0,1236.851634196314,-1236.851634196314,pass,1778.0
1.6525101590448852,197.98064909166285,786907.6946753322,703.8484172528877,-703.8484172528877,pass,1779.0
5.501412126113348,240.12362478613176,955308.42578125,608.8200032568486,-608.8200032568486,pass,1780.0
6.798387646997857,209.45430595054884,1000000.0,678.1880115463092,-678.1880115463092,pass,1781.0
6.508954827551418,270.74814473032274,1000000.0,815.6949821132908,-815.6949821132908,pass,1782.0
8.31593359853907,144.82304235038836,112117.16230835702,655.2909645029923,-655.2909645029923,pass,1783.0
2.5322223655544374,171.04203855450646,536954.6831851746,809.4236375244827,-809.4236375244827,pass,1784.0
2.8788049051745066,263.73304413870824,228635.47097475792,885.5324621432997,-885.5324621432997,pass,1785.0
5.540325339857494,169.51119369749003,547397.705448342,710.1039537109655,-710.1039537109655,pass,1786.0
4.640895111605853,234.5040603216639,807848.8250668047,609.0033121204564,-609.0033121204564,pass,1787.0
5.243197218292199,181.18494161318824,117369.9725436965,660.7938544381446,-660.7938544381446,pass,1788.0
8.663549855755754,213.18287386169072,512676.677391215,900.5587280272648,-900.5587280272648,pass,1789.0
5.609126840595775,247.86440430521287,1000000.0,600.0754471353217,-600.0754471353217,pass,1790.0
9.058976663610176,162.72712035713275,147005.55488648202,534.9989192241891,-534.9989192241891,pass,1791.0
5.332705692165337,148.63593214105651,172618.0565280715,746.2736678283777,-746.2736678283777,pass,1792.0
8.847894683548443,46.976302178265655,884732.9067866439,779.0183643766769,-779.0183643766769,pass,1793.0
3.4189963443001705,257.279179598489,89664.82649366738,715.0923171577073,-715.0923171577073,pass,1794.0
4.181026774683775,212.49552177585855,403290.60699809145,872.7813674332144,-872.7813674332144,pass,1795.0
1.9774519542128806,185.768053841557,546568.4767062704,884.5329319853766,-884.5329319853766,pass,1796.0
5.382927379568313,59.473789889775986,575605.135916453,718.7515556947305,-718.7515556947305,pass,1797.0
10.0,189.20043946892216,684234.8240894724,1175.18005955754,-1175.18005955754,pass,1798.0
2.1725673410414137,201.65826215819084,166444.77666483558,741.6097557790704,-741.6097557790704,pass,1799.0
5.050276071741491,199.63326701505915,162063.45711894534,568.6608616924666,-568.6608616924666,pass,1800.0
3.447710066930705,197.20732176649017,631391.203994922,814.5029310856664,-814.5029310856664,pass,1801.0
2.1344609161837287,272.54384394047815,534569.3503701811,746.6865621170799,-746.6865621170799,pass,1802.0
0.9159328563678399,166.53056914390382,956083.0630150657,874.4352714329365,-874.4352714329365,pass,1803.0
4.147051086090345,214.20106788037378,522233.56228424364,1070.8784960715805,-1070.8784960715805,pass,1804.0
3.856943124199094,214.7651211241652,109262.80426371648,562.5450951846649,-562.5450951846649,pass,1805.0
5.989263115257682,141.30776084287794,843036.6179701579,802.0768224389954,-802.0768224389954,pass,1806.0
8.913401052194624,127.85077281532367,109690.51680054452,772.9114007394681,-772.9114007394681,pass,1807.0
7.373473629442892,147.78950601720902,460246.07318922854,1123.4268131557462,-1123.4268131557462,pass,1808.0
7.096647435898347,178.47825016246898,754231.2642591223,814.232981500443,-814.232981500443,pass,1809.0
6.255683238840187,284.71071373465446,238832.719399512,381.6900036277333,-381.6900036277333,pass,1810.0
7.641287727615074,201.2068857723244,243529.20918335702,575.0293616246184,-575.0293616246184,pass,1811.0
3.1714767237219696,88.1644755734024,795142.6776421242,710.4064106705484,-710.4064106705484,pass,1812.0
4.486666014822489,219.14249661775338,864688.4659523842,645.5223491960406,-645.5223491960406,pass,1813.0
8.82452594638077,111.19285596785659,675682.5294117505,689.938825801468,-689.938825801468,pass,1814.0
7.794685735731013,189.6547106493628,106135.71046881957,659.7420006222729,-659.7420006222729,pass,1815.0
2.017122172389302,271.1077996897651,759136.5622711822,875.1367187558224,-875.1367187558224,pass,1816.0
2.2085174172086055,182.75323212491912,382039.47737138683,699.1431702071726,-699.1431702071726,pass,1817.0
1.467080751609898,167.4797614335675,534866.8311984579,793.2977277099708,-793.2977277099708,pass,1818.0
10.0,72.65766347823256,712368.6160816724,869.4138930841115,-869.4138930841115,pass,1819.0
7.591965277583352,131.15800116918962,1000000.0,759.658949934912,-759.658949934912,pass,1820.0
6.582922260093699,230.4109944814178,163459.94734244974,489.8315543969783,-489.8315543969783,pass,1821.0
9.734528878728534,63.278469431879216,105924.48516819018,825.5448786664617,-825.5448786664617,pass,1822.0
7.013475719966858,260.54263019632367,416705.5779528258,661.3507777685501,-661.3507777685501,pass,1823.0
0.001,186.26284495486874,641862.2397462173,1312.2857659739157,-1312.2857659739157,pass,1824.0
6.3997042813682254,244.97624778818158,412138.7146715758,644.730653394101,-644.730653394101,pass,1825.0
7.749082267352573,86.92337206161221,853936.0898921126,927.3847882622382,-927.3847882622382,pass,1826.0
7.537854904808757,169.20464225229256,220015.26662589744,1052.1352702919567,-1052.1352702919567,pass,1827.0
2.7385613516759664,162.7476118023386,449867.669796849,774.7593931162306,-774.7593931162306,pass,1828.0
1.704421379473433,117.48361040458835,449874.9678535413,723.7034684490542,-723.7034684490542,pass,1829.0
4.027256527209462,210.37067618169084,196575.15387309148,972.2915354175198,-972.2915354175198,pass,1830.0
5.119450699058055,182.79325457923312,65340.91763328687,727.0473654242131,-727.0473654242131,pass,1831.0
9.617478235027031,204.4666058593758,273705.4319616773,527.2550013637774,-527.2550013637774,pass,1832.0
4.175314040950287,125.32245768437957,850349.7577202492,812.6164629032819,-812.6164629032819,pass,1833.0
7.663072062989906,119.13084931907733,329243.490433357,658.1611722456767,-658.1611722456767,pass,1834.0
0.21229504503724872,151.69011954617406,333995.091671849,865.5096669996868,-865.5096669996868,pass,1835.0
6.910435873354046,209.98569273068526,266196.5743887895,522.1069365804794,-522.1069365804794,pass,1836.0
7.552136141145794,208.56143449856856,346127.6759512895,522.9736429099917,-522.9736429099917,pass,1837.0
3.2286558530994642,70.96761873740171,604877.2326218071,743.0541363444936,-743.0541363444936,pass,1838.0
6.963993500074289,145.00320058965775,471808.30951735354,755.8265921088774,-755.8265921088774,pass,1839.0
4.309225211208862,287.0734265930088,730779.3784381732,859.7809163727487,-859.7809163727487,pass,1840.0
4.949109704056132,93.3333119939269,998996.7659301758,704.2800471603829,-704.2800471603829,pass,1841.0
8.07113593220917,108.7507068055641,578519.3295216138,711.8565915869269,-711.8565915869269,pass,1842.0
5.148309678593027,115.63944448933019,975275.75,858.3076413062086,-858.3076413062086,pass,1843.0
7.209692194914955,194.31057244911452,1000000.0,743.4897961317262,-743.4897961317262,pass,1844.0
4.517091402077855,221.18985380925432,151954.57574809148,542.7735451890975,-542.7735451890975,pass,1845.0
6.022866004905502,118.22497193692357,709357.7091876112,802.4796067241126,-802.4796067241126,pass,1846.0
1.2510708122414882,145.53013420450134,549924.940323047,774.3782377223871,-774.3782377223871,pass,1847.0
6.922533365474609,159.99543070920782,154515.70924601957,594.4722189482247,-594.4722189482247,pass,1848.0
7.215368840970964,224.48741065408854,407770.7798571227,890.9125176713912,-890.9125176713912,pass,1849.0
7.489284950578777,214.55724047734358,193810.58122472698,629.2426703486026,-629.2426703486026,pass,1850.0
0.8198863991383414,182.48868524475466,1000000.0,980.2880088878642,-980.2880088878642,pass,1851.0
8.540766731308885,189.38769532909032,567667.1882554728,794.2198767379202,-794.2198767379202,pass,1852.0
9.927624508738518,172.23052801281406,682744.0740894724,1184.7504610650408,-1184.7504610650408,pass,1853.0
5.305260226104414,171.47531360868388,598000.461307717,749.5304274523832,-749.5304274523832,pass,1854.0
2.4101323093142897,171.68489195060636,364033.58239450527,717.8027594483437,-717.8027594483437,pass,1855.0
6.073983773911881,168.336062494662,959947.8990371665,665.715123283411,-665.715123283411,pass,1856.0
8.223111434241966,208.57615895805438,214095.01142945077,492.2120053770289,-492.2120053770289,pass,1857.0
1.5342191858014065,205.3628297106411,143598.68391554238,915.6570767515611,-915.6570767515611,pass,1858.0
6.6614596950984355,67.48428439067743,973236.888671875,713.1530069071939,-713.1530069071939,pass,1859.0
7.003103629077363,158.29501229896803,937625.441029354,665.5234126132752,-665.5234126132752,pass,1860.0
4.515176038739717,93.21791290210626,1000000.0,707.4937377675462,-707.4937377675462,pass,1861.0
1.0242178811299936,156.60409361900147,842012.840480886,812.4286958889904,-812.4286958889904,pass,1862.0
1.9755445615243703,166.13993505042697,436472.779171849,710.1496776262485,-710.1496776262485,pass,1863.0
3.5026783070621903,235.4306930190952,843281.7065631732,682.7247256559567,-682.7247256559567,pass,1864.0
7.3302622295550925,156.33667438577697,146605.7401218215,626.3290530561977,-626.3290530561977,pass,1865.0
6.826957646096317,207.36871050908186,140713.96989660198,513.582536617201,-513.582536617201,pass,1866.0
8.984544205154899,71.39724479961603,46359.26055881518,798.9078453266768,-798.9078453266768,pass,1867.0
4.6181980565829805,224.45150028108873,1000000.0,672.5253034077471,-672.5253034077471,pass,1868.0
6.827357332492439,218.25716685368636,247022.67888097698,1011.6674744888787,-1011.6674744888787,pass,1869.0
3.56271615056305,230.91057486889918,674599.5945108061,702.5449564368851,-702.5449564368851,pass,1870.0
3.570867469653815,197.80054552218823,753069.0291683672,914.3833007909966,-914.3833007909966,pass,1871.0
0.04442502641173829,262.11912532785516,934147.6497698063,922.9818752881353,-922.9818752881353,pass,1872.0
0.30943673838695984,255.56466606794794,617190.9489033191,798.2068581796219,-798.2068581796219,pass,1873.0
4.4301310412236745,275.3108533741105,244982.4291029807,510.6580538966787,-510.6580538966787,pass,1874.0
4.324393711958086,150.41566622737818,505102.4315225608,777.9096712775842,-777.9096712775842,pass,1875.0
4.485784692496718,179.95573677940996,868657.8918959391,675.6823062428721,-675.6823062428721,pass,1876.0
2.454006205292602,247.3821683184292,332022.1096967924,782.0208416170622,-782.0208416170622,pass,1877.0
5.9583946175508125,152.46279829095886,92345.0448093215,639.7456448713511,-639.7456448713511,pass,1878.0
7.84718455249478,279.8810893179254,417786.6772394726,632.1302365495656,-632.1302365495656,pass,1879.0
0.9204506578407603,287.65697645976314,881135.463719117,719.4309989057787,-719.4309989057787,pass,1880.0
6.343481919950331,272.88850425722984,279327.272133887,540.4613822183837,-540.4613822183837,pass,1881.0
7.848707937466653,103.04271641993566,496952.4626688373,747.1190035248917,-747.1190035248917,pass,1882.0
9.13293859954758,146.2654499584206,135628.83223023202,620.4347495756749,-620.4347495756749,pass,1883.0
5.397945163891047,228.31925016007332,1000000.0,696.9160410171473,-696.9160410171473,pass,1884.0
6.922246416003457,155.71613787077348,1000000.0,690.2312122328229,-690.2312122328229,pass,1885.0
2.891401415525211,287.0342226089622,221860.74050600792,591.0685969776015,-591.0685969776015,pass,1886.0
6.193388766879408,178.59740125252821,142901.57829503948,728.8194725123515,-728.8194725123515,pass,1887.0
7.213272477844789,174.867623118618,304392.5991958105,910.4586103195172,-910.4586103195172,pass,1888.0
8.710681204503098,117.80413484938225,112825.5845845902,669.2265959257243,-669.2265959257243,pass,1889.0
7.758430768727041,196.3996190421159,131393.45608830312,660.1988973628156,-660.1988973628156,pass,1890.0
2.5509938394547467,160.3064258813519,489269.9308078328,838.8037491416941,-838.8037491416941,pass,1891.0
4.515358814263524,182.79008307255998,158634.58941996648,926.5113358899113,-926.5113358899113,pass,1892.0
7.76073778354582,210.83011828972914,116073.65544347698,611.8039896416395,-611.8039896416395,pass,1893.0
8.402291852413304,166.3273113955176,71912.73292975707,1098.5387367103947,-1098.5387367103947,pass,1894.0
2.950020296333564,265.36546230927956,296356.3030060079,646.0935795548344,-646.0935795548344,pass,1895.0
9.752889648079872,173.57206167370273,736445.7850269724,1049.9580385101106,-1049.9580385101106,pass,1896.0
3.870211281182451,267.4391605766202,136820.37820132042,485.05010168797213,-485.05010168797213,pass,1897.0
3.569550459150844,223.07212053179063,988674.501953125,914.9407955466789,-914.9407955466789,pass,1898.0
8.13878024961634,192.57998605308612,156026.34150757577,902.1403460072917,-902.1403460072917,pass,1899.0
1.1553182973134652,158.24049443782624,918470.242824636,840.3151584932908,-840.3151584932908,pass,1900.0
0.6543138113356548,290.5171325190283,887973.5832259529,708.3707730810962,-708.3707730810962,pass,1901.0
5.939879527435035,151.8276498999348,662244.0809261797,812.0547804848231,-812.0547804848231,pass,1902.0
8.212672543177673,67.26280213315084,460439.37889151415,812.2676883452169,-812.2676883452169,pass,1903.0
5.9305910140915445,250.81127439379014,1000000.0,839.2930133226422,-839.2930133226422,pass,1904.0
6.577658335495006,217.91531748709406,263195.03132682474,864.377180927473,-864.377180927473,pass,1905.0
1.3521077557075158,194.93647516549882,962129.7270775657,846.9767611429653,-846.9767611429653,pass,1906.0
7.345837373995028,118.86174505304382,82429.53260229024,801.6920205242484,-801.6920205242484,pass,1907.0
5.7114112258540315,157.13478523226763,224984.4292571215,851.5903877039867,-851.5903877039867,pass,1908.0
2.329294732244974,225.99128154130685,717100.8875832435,754.5822020002914,-754.5822020002914,pass,1909.0
0.35912231301920616,136.422021962995,593642.3634867033,957.9491672985417,-957.9491672985417,pass,1910.0
5.677537275285186,153.11308348997267,760560.5598646891,703.1338049607845,-703.1338049607845,pass,1911.0
6.114980786338567,146.96261969900652,284600.637362652,990.5682081113636,-990.5682081113636,pass,1912.0
7.629249675814407,266.96604977858823,442437.2631769726,670.1188392640632,-670.1188392640632,pass,1913.0
4.282067624686492,271.34529828146947,185124.63503725792,617.0725279729492,-617.0725279729492,pass,1914.0
0.2575131442881542,287.4318747503973,895811.3913314217,958.4917391795435,-958.4917391795435,pass,1915.0
6.805553100780338,222.67064562793223,762761.6456423977,733.0119237802153,-733.0119237802153,pass,1916.0
7.302174065389604,260.79236041452555,420670.9165758727,644.3741283076223,-644.3741283076223,pass,1917.0
2.925180377534378,87.69971953163719,803434.5594780617,828.9046718279526,-828.9046718279526,pass,1918.0
5.852536378235282,170.95985091550978,880582.5193373454,729.4743601165709,-729.4743601165709,pass,1919.0
8.367367061436369,213.53869258629825,483165.1687902027,753.41198696772,-753.41198696772,pass,1920.0
7.523724957052963,268.4548975111322,306723.9799738476,741.4894831329119,-741.4894831329119,pass,1921.0
5.184271218082706,139.90222518323094,611556.2257891737,673.4260409124086,-673.4260409124086,pass,1922.0
2.012622449722982,143.1791580438275,536261.6954562704,708.624132348032,-708.624132348032,pass,1923.0
4.4415862903638414,237.5781971061162,968967.962890625,701.9943367851923,-701.9943367851923,pass,1924.0
3.8572953474789706,87.82586360126719,616736.3729344846,770.8901674196956,-770.8901674196956,pass,1925.0
5.244504971236648,174.74316848142774,916642.6814467204,656.1498022936383,-656.1498022936383,pass,1926.0
0.001,246.90909420317723,939607.729512392,1337.4800401661264,-1337.4800401661264,pass,1927.0
3.5470773212262685,289.8893560291398,277627.3158217307,490.7204918459644,-490.7204918459644,pass,1928.0
4.746763005826628,138.53435671810084,519377.5345499045,759.5464098201727,-759.5464098201727,pass,1929.0
4.615355622931628,266.5688640427568,292366.06238584267,953.2722447091476,-953.2722447091476,pass,1930.0
3.589116251002837,212.53778739331324,610767.9499795561,674.3035113856507,-674.3035113856507,pass,1931.0
5.927246371091069,161.08114350660475,763203.1809584391,690.3425588526067,-690.3425588526067,pass,1932.0
5.380582282734142,246.37309058402752,318509.84336578276,604.5867853524344,-604.5867853524344,pass,1933.0
9.151021642944054,185.93449492988665,256219.31367554452,979.2138761960836,-979.2138761960836,pass,1934.0
8.474955263197614,211.6785174535468,467960.24825797614,904.2210094230118,-904.2210094230118,pass,1935.0
6.387698016888301,119.20493333218724,573947.2668047987,720.395858082029,-720.395858082029,pass,1936.0
5.6774222583161515,166.08158176871325,201208.18673392813,723.5068658442124,-723.5068658442124,pass,1937.0
4.9408075830994065,245.49506222075536,762325.2260944232,777.6341734992582,-777.6341734992582,pass,1938.0
6.697704117482212,271.8866206104719,307023.14783523825,632.8720712574353,-632.8720712574353,pass,1939.0
3.7171121937951046,251.6774368540432,139140.08235304238,589.2195812436767,-589.2195812436767,pass,1940.0
4.7764495810492225,230.81390304921229,497215.86208893114,1075.7534823169829,-1075.7534823169829,pass,1941.0
7.133562821327336,140.1938632715857,56628.18410163207,886.8986040745274,-886.8986040745274,pass,1942.0
3.7514111203869778,256.9959249750759,15821.621415542388,887.5210459877313,-887.5210459877313,pass,1943.0
3.6086879581532534,228.2430525145124,702312.0345558998,691.6247580650451,-691.6247580650451,pass,1944.0
5.462376211647563,217.9613119208745,1000000.0,854.1044879094843,-854.1044879094843,pass,1945.0
7.082182298231135,224.19573826727594,155250.52253776224,472.4577526100868,-472.4577526100868,pass,1946.0
2.119960293070727,177.29492473947448,556529.616104297,1028.6603505326893,-1028.6603505326893,pass,1947.0
6.630255371654916,131.03197795524855,993898.351185604,704.2144160009974,-704.2144160009974,pass,1948.0
5.335894769177169,206.03920560440926,1000000.0,723.9169386342259,-723.9169386342259,pass,1949.0
4.04760062097867,260.6965553882594,812748.9345098169,618.61081566783,-618.61081566783,pass,1950.0
2.529964386761338,215.25324007498838,105950.14591006147,799.667152864394,-799.667152864394,pass,1951.0
3.964778466269702,232.0530617769709,834019.0965511797,794.2074211161685,-794.2074211161685,pass,1952.0
6.337075988245235,273.5937622377751,395785.82871734526,684.9131404551487,-684.9131404551487,pass,1953.0
6.206761783108443,227.82647281250863,820197.7860043047,814.6172404510461,-814.6172404510461,pass,1954.0
7.496428324243263,232.303500252343,178722.7168737867,583.8749454715481,-583.8749454715481,pass,1955.0
4.716699265213285,169.83632007984588,177420.4915792394,724.9077360236311,-724.9077360236311,pass,1956.0
8.658364005432954,139.23332454235378,890541.3385214999,679.356732929276,-679.356732929276,pass,1957.0
1.032807038063731,257.5621890638171,984204.2532854313,814.7947492659588,-814.7947492659588,pass,1958.0
8.775501672224632,146.40741099388424,955273.1842246249,690.4274673364486,-690.4274673364486,pass,1959.0
0.4398028069025748,192.50576012129838,609719.8223189841,1129.198373920727,-1129.198373920727,pass,1960.0
5.983770690149153,270.0850870514193,318729.065102637,1108.8767791504843,-1108.8767791504843,pass,1961.0
0.001,254.82729165619924,861876.8984577045,1329.6016487576865,-1329.6016487576865,pass,1962.0
4.40370398974995,240.24693332976415,906769.6323444232,652.9498770506559,-652.9498770506559,pass,1963.0
7.578252377488373,154.80838294443123,183735.68752433494,659.8969653263688,-659.8969653263688,pass,1964.0
6.468465837226776,173.44434809812384,160868.96071086332,614.9632163086674,-614.9632163086674,pass,1965.0
6.492825988019077,185.98145138337233,237356.49528722698,673.3547756202348,-673.3547756202348,pass,1966.0
2.9759777279276496,271.8271318780175,142558.71816843818,746.3685638866908,-746.3685638866908,pass,1967.0
7.715072831472591,177.50308366355975,216652.41426148202,625.250817682452,-625.250817682452,pass,1968.0
4.950492064919947,181.39264836423297,93184.97036766187,644.145272600268,-644.145272600268,pass,1969.0
9.117269473202223,122.69326281912407,204546.66051232457,894.3079587979943,-894.3079587979943,pass,1970.0
6.318326174512624,168.80257359839007,334458.62721555727,1000.9842356104504,-1000.9842356104504,pass,1971.0
7.087287203185998,146.84910171579406,175250.6229343215,980.0118597533243,-980.0118597533243,pass,1972.0
2.729219340358052,251.2565311598731,838715.6140289947,699.0827192024313,-699.0827192024313,pass,1973.0
6.408300181581573,105.95585744174227,106525.02168047757,718.8194512177977,-718.8194512177977,pass,1974.0
0.001,259.2423545009525,820518.479512392,1324.940162095877,-1324.940162095877,pass,1975.0
6.020268406456021,274.10732731175057,320093.19275711325,777.212340881662,-777.212340881662,pass,1976.0
7.206715717254124,127.07183643233773,847745.9246687694,681.0660729907511,-681.0660729907511,pass,1977.0
2.8743257853506483,225.4127701766845,213613.43877421058,891.7417205359587,-891.7417205359587,pass,1978.0
6.097145627069484,203.32161588606562,210878.459549481,1031.229265918305,-1031.229265918305,pass,1979.0
6.847604319775987,142.57960588112135,981598.483998104,732.6263253762227,-732.6263253762227,pass,1980.0
4.541252337696237,264.9467987926389,266187.8283966329,720.4516152413834,-720.4516152413834,pass,1981.0
4.097994794510145,237.7834879910763,558274.3078897124,611.9635402282518,-611.9635402282518,pass,1982.0
6.406930744970727,198.5800753273036,892453.3814590415,669.1167834889678,-669.1167834889678,pass,1983.0
7.761926092985677,287.2829363328389,679246.691567168,871.36199749147,-871.36199749147,pass,1984.0
2.904835144968887,277.45554807344934,139824.65266554238,923.6683271480645,-923.6683271480645,pass,1985.0
2.1337649166520407,267.23889495162916,806991.7650762232,881.0098978432497,-881.0098978432497,pass,1986.0
8.650449110528664,164.41106792030413,118992.42402710702,590.7803155273953,-590.7803155273953,pass,1987.0
6.740097320869683,163.60495070314929,262077.45729368227,660.4804644757614,-660.4804644757614,pass,1988.0
8.898875026365952,180.89722486076434,208609.24629273202,497.5713451346744,-497.5713451346744,pass,1989.0
6.889685746990882,105.75891368936584,65179.046762446495,682.0431616803406,-682.0431616803406,pass,1990.0
0.882526717947735,213.19515759528932,1000000.0,826.6684523613868,-826.6684523613868,pass,1991.0
3.604928355214631,104.0112793342962,1000000.0,722.7591638983023,-722.7591638983023,pass,1992.0
9.627371454240954,63.543214215613546,610086.9598316724,904.1989769893395,-904.1989769893395,pass,1993.0
7.859270096533738,166.3634828860669,159401.4647311965,578.3318480534818,-578.3318480534818,pass,1994.0
8.97529598668526,210.8078929343839,643740.2235035349,1125.34205983895,-1125.34205983895,pass,1995.0
5.40789618689349,238.33883008312813,249172.39978836325,678.3016208306251,-678.3016208306251,pass,1996.0
3.1965919732016856,180.90862942087097,525828.4627839845,715.0786489691607,-715.0786489691607,pass,1997.0
6.192893784043824,60.06825875209711,1000000.0,808.7010933851087,-808.7010933851087,pass,1998.0
6.262912380753629,182.40370040865923,304903.5026518969,680.367340383297,-680.367340383297,pass,1999.0
2.446430926103571,152.96688823056127,441497.169796849,754.9575512686622,-754.9575512686622,pass,2000.0
5.988356970816482,147.28705647916124,728820.081742559,694.2645445245975,-694.2645445245975,pass,2001.0
7.829627842489289,266.4218208772115,776841.8351218555,680.4825860319787,-680.4825860319787,pass,2002.0
7.634766302341787,195.4884635122023,152099.33903722698,633.9949902710763,-633.9949902710763,pass,2003.0
3.248763864766646,229.24547095654566,624773.8640420561,664.2304736349072,-664.2304736349072,pass,2004.0
6.665374670500445,166.1276658214595,1000000.0,813.474711760742,-813.474711760742,pass,2005.0
6.891343749398557,182.95553206517317,262588.362474727,880.0471941604771,-880.0471941604771,pass,2006.0
8.720564851562168,84.67235504436701,49935.14727756518,817.6365372049297,-817.6365372049297,pass,2007.0
0.001,201.93483030255334,393113.61384923704,1272.3452156951248,-1272.3452156951248,pass,2008.0
4.921688403671292,270.457566350218,286923.09119461325,548.4607034357072,-548.4607034357072,pass,2009.0
2.175644401025621,228.8722597606536,159113.72478495276,682.5073540255497,-682.5073540255497,pass,2010.0
6.5875760062798365,211.34410173073073,907452.3306777915,909.95061641676,-909.95061641676,pass,2011.0
3.6639591959569158,197.34686166903882,795514.9549496172,716.9949711625903,-716.9949711625903,pass,2012.0
6.217048033362711,276.48392426016716,351849.086587012,595.082249969626,-595.082249969626,pass,2013.0
7.232969973363846,247.10417939420608,372890.3208727477,911.3536386770141,-911.3536386770141,pass,2014.0
8.000595591739504,176.515844736056,817567.4112673977,851.4184691798405,-851.4184691798405,pass,2015.0
3.593908347489519,263.55951928214085,197138.08620913292,745.2250459756879,-745.2250459756879,pass,2016.0
2.3490181794503067,261.09746305226815,906040.2077789947,717.2294514848729,-717.2294514848729,pass,2017.0
8.049940197130875,199.8046446615227,175955.18684448983,538.9544408140438,-538.9544408140438,pass,2018.0
5.367373572490017,135.3506161439243,677968.4455157362,678.2027866667615,-678.2027866667615,pass,2019.0
5.310002634716259,247.24779017661785,379136.06309234526,509.81810518514914,-509.81810518514914,pass,2020.0
7.27851232233522,211.43801256938525,160166.02640080312,652.9126370019706,-652.9126370019706,pass,2021.0
5.526823671949135,214.02681811546063,328830.31907379057,664.4747014806517,-664.4747014806517,pass,2022.0
2.0279595748376638,174.85989670109655,394810.777218724,711.0696085356149,-711.0696085356149,pass,2023.0
7.895068640016884,208.9201164364424,521881.7154039977,1085.3444222772366,-1085.3444222772366,pass,2024.0
6.33686781404208,238.93211741453445,387887.23602245795,903.6576593414112,-903.6576593414112,pass,2025.0
4.076847502101614,205.60783238352272,636920.554772965,679.6417774939662,-679.6417774939662,pass,2026.0
7.369862738335697,165.92587136342146,298362.674974727,686.0211167132397,-686.0211167132397,pass,2027.0
4.435256638789357,209.78822150029436,254968.73199809148,828.2745917867418,-828.2745917867418,pass,2028.0
6.877004812040089,173.9738411467933,292995.79787589744,726.2129529008503,-726.2129529008503,pass,2029.0
2.1140036222716843,148.69226528933325,1000000.0,708.6229457910722,-708.6229457910722,pass,2030.0
6.4547883372783765,244.2427279466125,299712.65925651224,593.2877549253369,-593.2877549253369,pass,2031.0
5.118115636397772,231.99235723852433,1000000.0,688.4817702576175,-688.4817702576175,pass,2032.0
6.49594092754361,263.20408248971967,417430.5462755797,723.5448367769184,-723.5448367769184,pass,2033.0
6.547356089307861,92.3348523834537,116703.64863360257,859.7314402138472,-859.7314402138472,pass,2034.0
5.4221002252704515,155.32233155592115,833340.4856459391,824.3558344499336,-824.3558344499336,pass,2035.0
9.878778317572749,72.27984388051146,575431.5125660474,827.0293082689114,-827.0293082689114,pass,2036.0
6.465849526549268,198.505924236026,840814.9673965415,853.7036154854011,-853.7036154854011,pass,2037.0
3.6331016550047526,272.5006094487096,264852.8576935079,735.7810499839386,-735.7810499839386,pass,2038.0
8.084866526900418,158.85483825098635,119374.38917975707,519.6798150975043,-519.6798150975043,pass,2039.0
4.205603271557225,253.43404721335423,158568.77956850792,671.4437011959235,-671.4437011959235,pass,2040.0
2.0898702380439316,138.9838645630149,1000000.0,805.3355667560218,-805.3355667560218,pass,2041.0
5.947882588689831,261.74851736378304,271015.30213211325,425.8287382557318,-425.8287382557318,pass,2042.0
1.9431203155679042,196.22299576150817,520252.37660234387,874.0905693111662,-874.0905693111662,pass,2043.0
6.687069363669246,216.2599729632899,853729.7979861477,823.3492062336362,-823.3492062336362,pass,2044.0
8.147327205499844,204.5523515516289,174737.01399292733,711.1152331567712,-711.1152331567712,pass,2045.0
2.5413295774621303,179.81856799470825,525996.754776172,795.2670978646499,-795.2670978646499,pass,2046.0
0.16935673345646363,257.80930498777826,681181.9420673816,872.5781245634519,-872.5781245634519,pass,2047.0
6.576278359020638,189.34236151352187,959618.0162246665,691.7116134856395,-691.7116134856395,pass,2048.0
7.315843238859065,192.60760021101595,165387.40089850707,921.2196739598046,-921.2196739598046,pass,2049.0
2.0584331187723555,245.17390217856132,184545.99431620276,896.9090548931731,-896.9090548931731,pass,2050.0
7.785142996231286,275.06372129189515,482512.6902745777,473.5679956505805,-473.5679956505805,pass,2051.0
5.641733403986004,273.45839008640877,360184.03260086325,988.9988348569127,-988.9988348569127,pass,2052.0
2.0489541942460665,270.29678249970925,251221.77370913292,1056.017575586966,-1056.017575586966,pass,2053.0
7.621456487719313,278.8130560995416,302220.7368097851,352.1447606483196,-352.1447606483196,pass,2054.0
5.686981966838569,180.46339971682934,736678.2293636797,683.5172735265594,-683.5172735265594,pass,2055.0
6.526621083297489,169.27623458322518,353710.91311027244,1006.6697817479123,-1006.6697817479123,pass,2056.0
8.009334015310003,209.30602055060413,552313.5691808277,966.9302469660962,-966.9302469660962,pass,2057.0
0.6341838537605713,254.5732548588415,641132.1891376941,890.2163923385398,-890.2163923385398,pass,2058.0
5.270877511017762,168.90476339410827,71998.5272311965,780.2264056037791,-780.2264056037791,pass,2059.0
9.782254615428126,74.33907855925673,641473.5496754224,745.6523800727682,-745.6523800727682,pass,2060.0
6.829071707362501,196.6461030156813,131739.94255285198,519.5297347793521,-519.5297347793521,pass,2061.0
6.655695274794984,156.74227458610792,851409.417591854,639.9279579073205,-639.9279579073205,pass,2062.0
5.222628397986621,228.99259638152031,1000000.0,883.0303014035266,-883.0303014035266,pass,2063.0
4.372459171459407,209.83468525967507,813540.2127621172,686.9871827579005,-686.9871827579005,pass,2064.0
7.4821240346791225,211.71317948292852,38506.64796881957,745.3369427390303,-745.3369427390303,pass,2065.0
5.567035976136295,180.21045874669173,182038.70219640667,837.3089810698497,-837.3089810698497,pass,2066.0
8.696937544604973,145.83000417289813,124194.74629273202,692.3498202394836,-692.3498202394836,pass,2067.0
7.497357031061249,114.62646024020418,163467.59199297757,858.3223574222585,-858.3223574222585,pass,2068.0
3.90783391263503,234.768240116017,96772.12457621648,634.6517293418914,-634.6517293418914,pass,2069.0
0.07891116239707086,219.77853104351274,824102.4583474152,965.3624228476033,-965.3624228476033,pass,2070.0
7.663355002794758,279.01340037895005,354109.4711847851,1178.9824394904658,-1178.9824394904658,pass,2071.0
3.9839753766708643,274.32187017750374,382960.30994461325,929.5915666345901,-929.5915666345901,pass,2072.0
4.166370817437082,219.70991095884577,134967.9361228516,561.5591502105189,-561.5591502105189,pass,2073.0
5.620407471847759,252.192819077718,341869.17832672026,963.143968572901,-963.143968572901,pass,2074.0
4.362594907544393,185.44807441590387,584626.2759072905,698.0499386704782,-698.0499386704782,pass,2075.0
6.1807315160684855,259.83288392376534,289551.81580398825,920.3952796542573,-920.3952796542573,pass,2076.0
4.457945814190639,268.109888067999,193206.70974428917,447.6651379984673,-447.6651379984673,pass,2077.0
9.172679245471954,116.90217397641295,88173.556488579,685.5346643228931,-685.5346643228931,pass,2078.0
2.5362211520059237,276.387665739813,133939.80105288292,699.9629524157796,-699.9629524157796,pass,2079.0
6.081537811408329,177.515740934756,995608.2864883384,750.8142831007132,-750.8142831007132,pass,2080.0
7.856364699580429,163.82105441507332,202964.37307120994,791.5269336370367,-791.5269336370367,pass,2081.0
4.920750156753503,179.2667806978135,202657.7147311965,880.1934810804519,-880.1934810804519,pass,2082.0
5.418252634632598,197.32084340986933,108295.23738151224,608.0535405603034,-608.0535405603034,pass,2083.0
7.210040950207687,186.9798020712907,94401.26272892814,580.0332808628208,-580.0332808628208,pass,2084.0
4.183873107491268,276.89133714751256,139678.25613100792,466.7392141910118,-466.7392141910118,pass,2085.0
4.57513794845177,269.1008572490598,245362.30691225792,469.4213372551778,-469.4213372551778,pass,2086.0
7.170707010510968,299.0541846734456,729727.304848418,772.6082055874415,-772.6082055874415,pass,2087.0
1.774933986693048,192.11941132730433,734925.2395972072,766.1984115141986,-766.1984115141986,pass,2088.0
7.515787790346156,231.58374853071894,182919.52058463724,474.07555661336,-474.07555661336,pass,2089.0
5.915370256031442,173.4552407897975,943397.4048965415,905.2493702667078,-905.2493702667078,pass,2090.0
6.869724348895989,178.94658344339416,60243.697153071495,706.5758321216243,-706.5758321216243,pass,2091.0
5.867647032735383,65.97132491039179,1000000.0,736.97344062688,-736.97344062688,pass,2092.0
4.954507981304698,243.476597889655,1000000.0,646.0278981429981,-646.0278981429981,pass,2093.0
3.270774369893802,249.24263196305287,259160.58816225792,964.9582663845272,-964.9582663845272,pass,2094.0
4.480166090771884,221.83604329190163,829913.4520199297,693.71039304108,-693.71039304108,pass,2095.0
1.2646136982163387,230.03416493097802,103168.98420851113,843.7611144407205,-843.7611144407205,pass,2096.0
7.022180423463273,153.19059545173903,1000000.0,698.7243415591211,-698.7243415591211,pass,2097.0
3.5138846764498757,175.26627170057736,803842.917806727,1105.2587323818702,-1105.2587323818702,pass,2098.0
7.390221067587106,259.672523133631,480159.7984288746,634.8619110357467,-634.8619110357467,pass,2099.0
5.960383270771256,151.3011443462221,1000000.0,831.3825282988821,-831.3825282988821,pass,2100.0
5.152848409316341,142.16960112927586,662316.4455157362,810.8109880494382,-810.8109880494382,pass,2101.0
9.283728523513512,141.3828379684456,138973.85762085702,718.8379174552963,-718.8379174552963,pass,2102.0
4.088949842185439,157.8641172878328,916247.9309584391,1099.4011942273462,-1099.4011942273462,pass,2103.0
5.003231454377678,248.02850064587227,239497.17322586325,828.3074888005091,-828.3074888005091,pass,2104.0
6.437454794615466,66.13015375268625,733058.3159033611,713.7231265778246,-713.7231265778246,pass,2105.0
7.8165579441437005,189.4694877304103,916322.7095840415,658.6712472432081,-658.6712472432081,pass,2106.0
6.104294102376011,263.53362569164864,407544.18689773825,650.2076417011219,-650.2076417011219,pass,2107.0
1.4959994258842784,266.3196336610533,870919.5994613045,741.1186291346849,-741.1186291346849,pass,2108.0
9.385936394885608,141.5100936792773,314022.1328629635,885.1768399788344,-885.1768399788344,pass,2109.0
5.965692689761847,149.89578039309887,717188.5926449297,778.4500884615696,-778.4500884615696,pass,2110.0
2.8869770466250713,159.2297582660858,572987.299698047,712.5518501377845,-712.5518501377845,pass,2111.0
1.9324700490535802,228.24572988974668,107970.65372256147,765.7730813306664,-765.7730813306664,pass,2112.0
7.9735459940229205,161.94554075405884,101380.4351333105,697.8477818575019,-697.8477818575019,pass,2113.0
4.335557332096828,263.36131100968373,229413.62722475792,893.1343150508416,-893.1343150508416,pass,2114.0
2.8605641663010886,265.3530118587489,745871.1122441919,674.9059974336241,-674.9059974336241,pass,2115.0
7.585741682593123,287.5136660815553,406223.6284113476,812.1229546948119,-812.1229546948119,pass,2116.0
9.77291464805603,99.10152862500304,104072.929535454,693.5173444095572,-693.5173444095572,pass,2117.0
5.671906829588853,174.7068200940995,155460.1424655715,687.2046976796237,-687.2046976796237,pass,2118.0
1.7890082702936239,201.16739412772276,81952.64200381147,829.1214732956179,-829.1214732956179,pass,2119.0
7.548106297283061,182.64349210154177,141371.37843756957,542.14552208157,-542.14552208157,pass,2120.0
6.313588666306404,172.65986371167975,136907.81617961332,567.8476349334085,-567.8476349334085,pass,2121.0
2.2262032735465445,232.34649934843742,207087.83025370276,998.6763261456791,-998.6763261456791,pass,2122.0
1.5758112444150583,171.6921482759839,968049.4106713157,720.9488501249326,-720.9488501249326,pass,2123.0
7.104896916691557,272.40709506285947,417425.92607980466,746.6947664874203,-746.6947664874203,pass,2124.0
3.961702833863159,290.09172251383325,220742.25227491738,577.3362222136701,-577.3362222136701,pass,2125.0
6.33791535649308,262.873141160039,368466.3299952151,513.6951550366955,-513.6951550366955,pass,2126.0
6.60213699125704,191.79269420220473,257108.46599035198,905.818938562152,-905.818938562152,pass,2127.0
4.535504584078365,234.9851704680852,1000000.0,794.0226240164434,-794.0226240164434,pass,2128.0
7.053870993936626,198.57891248776534,342367.4728262895,739.2008844014154,-739.2008844014154,pass,2129.0
7.6005885042711405,126.57912768394772,980772.0064902499,754.4170146375825,-754.4170146375825,pass,2130.0
5.140123295174507,159.1141483796485,213810.57399211332,852.9599067504396,-852.9599067504396,pass,2131.0
5.833246716275125,215.61686834676996,179730.5064353516,589.5472432327302,-589.5472432327302,pass,2132.0
7.020116739753293,273.8461186868123,686496.476723418,813.3232122906719,-813.3232122906719,pass,2133.0
7.952815099021629,139.59140201149066,142661.74043335702,608.4840277856431,-608.4840277856431,pass,2134.0
5.390594887791745,180.45731049510027,308337.9938628344,995.3090726024072,-995.3090726024072,pass,2135.0
3.6373889697512585,261.14527943293115,60818.64485304239,642.8678284438383,-642.8678284438383,pass,2136.0
7.157081829883812,167.8601150077247,123382.57814933494,663.6449584514348,-663.6449584514348,pass,2137.0
6.761300625378651,163.04304613338573,818631.3169934973,854.5316171941436,-854.5316171941436,pass,2138.0
6.791783335435401,248.9365584367248,242061.46394401224,503.6484336977423,-503.6484336977423,pass,2139.0
8.90993713592135,158.2676034119827,986712.3853964999,633.3894531871028,-633.3894531871028,pass,2140.0
4.058079706327881,210.76507532853432,977229.707519661,856.1306685933271,-856.1306685933271,pass,2141.0
5.815091724084286,115.57263335713225,194304.80690226957,775.9528310576969,-775.9528310576969,pass,2142.0
5.364295844797664,233.2472506606511,963204.19921875,653.2878298820052,-653.2878298820052,pass,2143.0
4.885566143723493,234.93530157418954,772452.1068215248,646.5234737475612,-646.5234737475612,pass,2144.0
6.522912393140803,237.41421289381708,108096.44245963724,572.2205904136163,-572.2205904136163,pass,2145.0
4.755647054346567,206.35998252244698,676079.0697121498,698.9055029718138,-698.9055029718138,pass,2146.0
5.378537813616024,263.3918711731312,307540.76914703276,712.2054479130699,-712.2054479130699,pass,2147.0
7.181901844966422,225.14391202864374,230251.11531119974,561.5529976754526,-561.5529976754526,pass,2148.0
7.654080778683114,202.52127224579115,858387.0963027915,1046.3592594110119,-1046.3592594110119,pass,2149.0
6.291713333958952,215.31790410592177,34340.48845128948,846.5434875594209,-846.5434875594209,pass,2150.0
5.3018337812914185,240.82415436147966,908519.70703125,630.8902829918707,-630.8902829918707,pass,2151.0
6.833550567555438,206.9703604691955,195642.41749625833,519.762898436095,-519.762898436095,pass,2152.0
8.059747100654649,296.6155235749654,781427.1337058399,483.54916742392214,-483.54916742392214,pass,2153.0
8.776504574677185,162.5873181098469,249023.93379273202,721.737332484748,-721.737332484748,pass,2154.0
7.700218520835727,216.9579357242152,751498.4757205227,1189.151859295955,-1189.151859295955,pass,2155.0
6.964525981197643,205.700498167422,973709.2852676352,1148.6573719147134,-1148.6573719147134,pass,2156.0
2.3216841773094243,225.35120698439695,137966.9584100615,707.4022570769974,-707.4022570769974,pass,2157.0
1.80101141676366,159.66781529781244,827426.231722959,854.9964316446478,-854.9964316446478,pass,2158.0
3.6268777651509243,250.23583986917993,105227.52766554238,570.5961341881182,-570.5961341881182,pass,2159.0
5.967397752488224,152.61953639103987,193157.98747472698,715.5266467824991,-715.5266467824991,pass,2160.0
3.725966456274824,163.91948482845632,139937.51667884953,838.2387946874294,-838.2387946874294,pass,2161.0
4.452322904829555,207.73982106088914,973571.76953125,890.0180499120139,-890.0180499120139,pass,2162.0
4.321910044297904,196.13481431565194,708280.6561214922,669.1373133878025,-669.1373133878025,pass,2163.0
7.479545845497801,291.80025858949364,352014.21241500764,337.00421076557484,-337.00421076557484,pass,2164.0
6.299574903920978,193.04799023623912,698165.2481814602,1206.5423084164856,-1206.5423084164856,pass,2165.0
5.425894491202037,166.274151014072,625251.1237383925,695.0534158027066,-695.0534158027066,pass,2166.0
5.463324413026261,137.8322725929286,967986.7232559165,710.3323585959987,-710.3323585959987,pass,2167.0
7.333442006387681,246.96712361719278,489839.0532946227,838.1096304614204,-838.1096304614204,pass,2168.0
7.61749507333918,215.06069477138598,165134.66523804452,542.2853436491057,-542.2853436491057,pass,2169.0
6.935826759522465,283.9857188160383,292925.20349930075,523.3178306155668,-523.3178306155668,pass,2170.0
3.4128167540154513,226.88241294236886,781622.9710793373,653.7992744545961,-653.7992744545961,pass,2171.0
5.82687637242167,185.8059499897029,892841.833607479,645.8920292591146,-645.8920292591146,pass,2172.0
4.435733558898967,233.4459448195131,822597.0893756732,650.6521091330562,-650.6521091330562,pass,2173.0
6.015978496258763,250.66128382038704,268303.36072586325,608.8294065029022,-608.8294065029022,pass,2174.0
7.037246172093592,192.71373813699768,185866.7381686965,587.0868874704967,-587.0868874704967,pass,2175.0
0.07343722962829102,291.7038973186312,875698.2318010563,835.3341841200878,-835.3341841200878,pass,2176.0
3.0764638836493976,192.69725318310816,603285.6062295561,800.291062445278,-800.291062445278,pass,2177.0
6.043260842389266,164.34744291184575,683709.1964922987,914.0128754971902,-914.0128754971902,pass,2178.0
5.8212984502054805,156.43469423536234,582559.558963967,675.1631306971047,-675.1631306971047,pass,2179.0
7.153862610316414,190.41413337364455,1000000.0,598.6793050326169,-598.6793050326169,pass,2180.0
4.046799948558539,179.84383661410718,717705.0164730547,711.5533709482042,-711.5533709482042,pass,2181.0
7.118100185655795,113.64090698312805,72788.666879634,657.7078707177793,-657.7078707177793,pass,2182.0
5.653695538962769,161.00789672508498,884054.142201229,657.1362193341357,-657.1362193341357,pass,2183.0
4.92869692866537,225.09897237381844,1000000.0,685.3241622284523,-685.3241622284523,pass,2184.0
1.4013690281206603,180.0553246516604,772139.8626440822,720.8419183354043,-720.8419183354043,pass,2185.0
8.873368143874197,137.83139892158587,94414.96601929452,580.4878992610171,-580.4878992610171,pass,2186.0
6.720476052126125,174.98986120758136,258583.79316773202,714.5390305815463,-714.5390305815463,pass,2187.0
4.714616140470237,218.9132047232142,773517.4422543047,623.3172094070751,-623.3172094070751,pass,2188.0
2.082348759782163,220.8405786998626,213175.18572245276,886.6631987192071,-886.6631987192071,pass,2189.0
5.202191862155371,248.44243048071183,938969.8896484375,697.1453810271415,-697.1453810271415,pass,2190.0
8.269231565342775,144.10448791057888,825057.3033652499,808.2876363763329,-808.2876363763329,pass,2191.0
7.2196552407026395,201.5663783067199,157389.51905875833,523.3162596091231,-523.3162596091231,pass,2192.0
6.035011413777439,214.12657832219222,154747.17106847698,470.0884575898208,-470.0884575898208,pass,2193.0
5.505308283299865,161.33231938703688,753981.4387709391,654.6638348179483,-654.6638348179483,pass,2194.0
7.534524335209624,295.7486020208673,439878.1440363476,431.94029862002026,-431.94029862002026,pass,2195.0
5.961381476109532,270.2466445858442,356848.89783523825,363.13971581049043,-363.13971581049043,pass,2196.0
3.555117351768745,277.1184077175046,93784.04519350792,644.5699034799142,-644.5699034799142,pass,2197.0
6.6763052146911726,190.45525426802362,202834.47706657083,936.4834521638185,-936.4834521638185,pass,2198.0
6.655960466003502,257.68303810599235,338167.6561670901,493.4644958823516,-493.4644958823516,pass,2199.0
6.940613597954202,183.93916017189284,942748.0884902915,862.6184925873134,-862.6184925873134,pass,2200.0
3.730050270280076,265.6835461171056,217916.35183413292,489.02814801744995,-489.02814801744995,pass,2201.0
7.5754665003259944,134.4642843464206,140128.19019854398,869.4989612949804,-869.4989612949804,pass,2202.0
6.044179084981052,167.25527416779616,208989.11247472698,861.0897362646896,-861.0897362646896,pass,2203.0
7.441716297893413,183.23026597391726,162762.37062506957,570.1516895779539,-570.1516895779539,pass,2204.0
4.102657887031012,229.5150329911641,949342.7109375,714.0934756441949,-714.0934756441949,pass,2205.0
7.971297408817895,146.89130771052004,144587.62550788207,608.0366526887145,-608.0366526887145,pass,2206.0
4.848960625296634,269.89953266448094,808830.4790241107,730.2866165637049,-730.2866165637049,pass,2207.0
7.208877834761707,212.4115577848158,67811.52458410198,1093.8650659724592,-1093.8650659724592,pass,2208.0
3.8111302450938753,234.2192224109105,1000000.0,647.6911606642891,-647.6911606642891,pass,2209.0
2.497965088518625,241.10162165971505,796777.3641457435,1100.9986531564132,-1100.9986531564132,pass,2210.0
3.6588801376172597,272.6210278392899,298948.4994154807,716.2215186182788,-716.2215186182788,pass,2211.0
7.938909588996665,280.66544185889524,367637.4565363476,1032.4035237760258,-1032.4035237760258,pass,2212.0
8.341294078489975,192.76934381065448,179643.30293335702,501.7658429089889,-501.7658429089889,pass,2213.0
7.548186698558009,98.31286539015883,666171.0873341138,708.6446356614143,-708.6446356614143,pass,2214.0
5.75369217004611,213.14875586388666,427281.0998818999,916.9340934329341,-916.9340934329341,pass,2215.0
5.689055177627675,197.59629779788042,197803.47762748282,624.022381807088,-624.022381807088,pass,2216.0
3.8664112001977022,215.42510989518868,806211.4459328529,658.0094138254044,-658.0094138254044,pass,2217.0
3.8462909332683513,271.08850001410497,175291.35085757042,949.2243297510631,-949.2243297510631,pass,2218.0
6.220300799355239,224.3524318274012,747554.4008724687,800.1449028326168,-800.1449028326168,pass,2219.0
7.506620193400143,181.51455111917488,187175.30178214744,640.6634445527568,-640.6634445527568,pass,2220.0
8.16925576176329,209.66884465751727,173313.38301148202,538.4088770099428,-538.4088770099428,pass,2221.0
5.901857260742157,253.29851341318158,460076.1677965758,911.7112826507661,-911.7112826507661,pass,2222.0
6.111060894316519,280.00564931872276,288067.194008887,541.6043323188773,-541.6043323188773,pass,2223.0
5.549841324281918,229.77517243121838,314834.65879547026,573.6889817167158,-573.6889817167158,pass,2224.0
6.4615659418949365,163.0453642047908,992612.9986465415,694.530207011793,-694.530207011793,pass,2225.0
5.281086655161182,133.5616847741428,700098.8117266737,720.4429783998454,-720.4429783998454,pass,2226.0
3.8628137798685676,284.011877785801,156791.03652781318,668.8094717086725,-668.8094717086725,pass,2227.0
7.055245119417278,170.48825024678328,190196.97331457073,994.6206856954881,-994.6206856954881,pass,2228.0
5.791347439622963,272.8937009477892,239398.39133554714,529.4253946954118,-529.4253946954118,pass,2229.0
6.061216759717548,300.0,284730.127602637,935.4223941056101,-935.4223941056101,pass,2230.0
4.079042022882236,253.3946747692014,276111.3303497579,614.3958400131688,-614.3958400131688,pass,2231.0
6.414271553317277,215.6356516988478,181484.28239660198,538.1502279767323,-538.1502279767323,pass,2232.0
6.4202069345363855,140.7738946117427,900830.937123104,892.7625111247454,-892.7625111247454,pass,2233.0
5.203038207706689,175.52582397572894,34922.14224266187,997.1349074106274,-997.1349074106274,pass,2234.0
5.3608505559417905,238.1221366461268,922915.8719418047,608.9190944622515,-608.9190944622515,pass,2235.0
6.823119564596908,257.7696252943353,508949.4819269726,772.1312807383221,-772.1312807383221,pass,2236.0
4.628093740091056,199.10109215340523,704471.1229183672,687.9106329578043,-687.9106329578043,pass,2237.0
6.9181373723754795,181.8216509666292,1000000.0,759.244476714612,-759.244476714612,pass,2238.0
1.880577638642245,162.85393143045349,509011.9627839845,844.719852028094,-844.719852028094,pass,2239.0
6.554280782626537,137.88433838018256,214787.31178508207,706.8701991602762,-706.8701991602762,pass,2240.0
5.238519026268539,228.04150253709105,201751.97301065718,882.2303175891609,-882.2303175891609,pass,2241.0
4.831818374682837,241.383926137679,961675.7216796875,714.9531006958415,-714.9531006958415,pass,2242.0
6.451621557402621,204.47441477713312,237304.77687125833,648.316777472346,-648.316777472346,pass,2243.0
5.260954125257498,202.55770257325875,695883.0111183998,576.3269150361498,-576.3269150361498,pass,2244.0
0.5695162782875738,214.33225342510454,862891.5853005402,901.2308465382885,-901.2308465382885,pass,2245.0
6.079497824239741,219.21295995650019,229972.86628776224,653.1727716853659,-653.1727716853659,pass,2246.0
7.87404837030042,215.62914168726564,11102.398945382069,1235.4429874742334,-1235.4429874742334,pass,2247.0
3.147083999877971,240.1209882385166,795599.4448444232,826.1132964882836,-826.1132964882836,pass,2248.0
3.6708840947339514,229.72063349799168,301548.2268341329,848.2898832980926,-848.2898832980926,pass,2249.0
4.297023316286344,221.0955910241421,468146.43826080614,1080.4269045847693,-1080.4269045847693,pass,2250.0
7.628666887559651,129.13105674203865,193510.42092277244,1010.8152812616418,-1010.8152812616418,pass,2251.0
6.923622968423377,215.5340172761413,219022.69441276224,422.4242886638344,-422.4242886638344,pass,2252.0
8.06199757825657,173.80862706255004,209123.1444186965,916.6459003555581,-916.6459003555581,pass,2253.0
2.931438779365111,246.069895700198,582942.0046670561,775.2033928794327,-775.2033928794327,pass,2254.0
6.175717079071975,187.1510429076726,163662.22561955312,577.4889721373945,-577.4889721373945,pass,2255.0
4.998458594057714,153.1127452302354,521918.484745217,787.2913149620823,-787.2913149620823,pass,2256.0
7.234027971417657,162.5762052383272,1000000.0,637.7527644734586,-637.7527644734586,pass,2257.0
1.744976173430831,202.73523661124327,183120.4740350615,736.6970658976754,-736.6970658976754,pass,2258.0
7.058592136240089,259.8057252073565,328067.0575342776,834.6705460485236,-834.6705460485236,pass,2259.0
7.20661679834026,128.03207453143594,902491.4754500194,736.9782970173039,-736.9782970173039,pass,2260.0
2.910678471418281,255.99173977533837,157573.19954054238,786.947739111849,-786.947739111849,pass,2261.0
6.743074486540226,139.77840232976752,164929.90358195707,803.9933824470126,-803.9933824470126,pass,2262.0
4.283357541056533,263.3996811167385,186501.95442335488,903.4175809280424,-903.4175809280424,pass,2263.0
5.855815202320504,186.03002244606276,883485.009388729,662.3656087206142,-662.3656087206142,pass,2264.0
6.611891778285069,188.04333891140087,868785.6724622473,751.9072342714123,-751.9072342714123,pass,2265.0
3.767487248810297,228.39964869828927,872157.4173683998,724.3921675179047,-724.3921675179047,pass,2266.0
7.938397029914615,172.61810918268196,188004.07326652244,690.9548279949199,-690.9548279949199,pass,2267.0
3.034743565696475,269.35174944559594,323559.4339155424,699.297047037098,-699.297047037098,pass,2268.0
6.085976842129795,175.184876790782,229795.35124425823,729.6816023576441,-729.6816023576441,pass,2269.0
7.4660051979964654,209.3800398023329,102844.25798253948,693.8721233101211,-693.8721233101211,pass,2270.0
6.447474272749226,116.1319775748077,649016.5756426894,708.8671998028665,-708.8671998028665,pass,2271.0
6.904932297105161,207.18790387227156,113319.64372472698,902.7070968298185,-902.7070968298185,pass,2272.0
6.705895203435985,176.75941406800368,250728.56169347698,627.1159709956314,-627.1159709956314,pass,2273.0
5.3504876575998885,157.115097218266,161274.9705905715,915.7926667059281,-915.7926667059281,pass,2274.0
7.301294624144403,178.2310671718321,178833.54216222698,538.4745237530966,-538.4745237530966,pass,2275.0
8.623067472880402,110.60645819075188,108917.73277794957,642.1116284753735,-642.1116284753735,pass,2276.0
7.954557629801987,140.99430365976326,197283.16213370994,667.6970624807368,-667.6970624807368,pass,2277.0
8.074045969506935,144.29697890815814,187298.36738648202,796.2746636151389,-796.2746636151389,pass,2278.0
6.997516187655936,237.80470247206415,281541.40535026224,1088.8019197331896,-1088.8019197331896,pass,2279.0
5.366513173547267,167.33405389897723,14976.328277818116,1105.7126412564758,-1105.7126412564758,pass,2280.0
5.059204126930321,268.90488885882286,246900.7372217776,501.9154747251538,-501.9154747251538,pass,2281.0
4.280378902735477,198.07234671922433,819152.6995949623,668.1483303490361,-668.1483303490361,pass,2282.0
6.941221060739426,159.84977793821173,200941.73024211332,747.3019374959555,-747.3019374959555,pass,2283.0
7.6217237682053955,142.4449362602083,956345.1875,859.0261982503848,-859.0261982503848,pass,2284.0
4.439376799509257,230.33023267350106,1000000.0,637.1637264787204,-637.1637264787204,pass,2285.0
2.7849391380531916,249.03744793550027,300221.3782013204,1014.1760072836723,-1014.1760072836723,pass,2286.0
7.08843828436061,94.19504421304748,92944.0819186965,713.4370660098247,-713.4370660098247,pass,2287.0
3.7980175319334695,261.5848891647245,206456.64382632042,519.2120960535838,-519.2120960535838,pass,2288.0
4.911438916687541,256.57107649683275,1000000.0,625.9539942984301,-625.9539942984301,pass,2289.0
2.8499806280246265,207.57761760113794,644963.9773233061,829.2383156131589,-829.2383156131589,pass,2290.0
4.1241700919114646,208.49746188505426,122697.44393535159,620.0548745262591,-620.0548745262591,pass,2291.0
4.188742002591819,175.36418777069954,907380.6365902422,883.6307884991645,-883.6307884991645,pass,2292.0
6.566995386161774,239.96372699808148,432538.0867418883,713.7743265760827,-713.7743265760827,pass,2293.0
8.95239035259767,160.74638791618426,190263.05098023202,562.1190645782117,-562.1190645782117,pass,2294.0
6.376309005866337,211.70009309425612,1000000.0,686.3319447972374,-686.3319447972374,pass,2295.0
6.070617765015761,135.9357082116428,750173.2238360487,705.8858607639518,-705.8858607639518,pass,2296.0
1.7760873393119878,225.60739275443174,26794.173253811474,707.7251224456185,-707.7251224456185,pass,2297.0
2.5538247654421458,284.89195441321385,99488.61794741417,659.6699024763606,-659.6699024763606,pass,2298.0
1.1200371755826608,194.47198206962403,1000000.0,764.9749732862449,-764.9749732862449,pass,2299.0
5.45860970292552,159.44385311458913,64219.01667884954,700.704394807864,-700.704394807864,pass,2300.0
4.356665594622821,234.3102100130072,775823.3856136797,838.6400018189718,-838.6400018189718,pass,2301.0
6.609886864700077,200.96153874811165,294976.82521964744,729.1986396426322,-729.1986396426322,pass,2302.0
8.587175502289488,286.6589312083596,263269.87843063264,316.59384874932687,-316.59384874932687,pass,2303.0
3.8676875758191773,257.07063697890294,219391.97976382042,761.4228205205576,-761.4228205205576,pass,2304.0
7.048484965591319,197.92041432749392,159316.69484381957,863.5027212439204,-863.5027212439204,pass,2305.0
5.60367155107348,179.77323562279005,881283.0806777915,666.1015397277,-666.1015397277,pass,2306.0
6.28915500569948,278.43132435324577,238783.89425379055,485.62956885863616,-485.62956885863616,pass,2307.0
6.133566985654841,232.22517080244745,296910.0711217466,526.8766192947355,-526.8766192947355,pass,2308.0
7.513171690363839,300.0,308482.51710250764,594.6801572934515,-594.6801572934515,pass,2309.0
5.5699341174244985,209.595708560321,49368.89363151224,970.6625571343222,-970.6625571343222,pass,2310.0
6.250789535970153,159.629384645063,821818.2283217204,738.7221776688976,-738.7221776688976,pass,2311.0
3.981023688871815,190.4375867360923,660293.9849487463,680.1426010473915,-680.1426010473915,pass,2312.0
6.508262964473633,145.30460810788946,159961.96949992582,675.2224061255437,-675.2224061255437,pass,2313.0
7.161839475246656,158.67678720131178,1000000.0,584.8093190448949,-584.8093190448949,pass,2314.0
7.56126209940596,202.41448445854266,238650.12324585702,873.0740767465968,-873.0740767465968,pass,2315.0
4.17341532835569,282.3046503321316,203891.78157179238,619.442654094581,-619.442654094581,pass,2316.0
6.52465374258971,208.36692853387825,305591.13381339744,847.4889803571056,-847.4889803571056,pass,2317.0
4.430545305667652,284.9209924252416,220776.11941225792,850.4754527765064,-850.4754527765064,pass,2318.0
3.401225918525057,246.4205706241603,783900.2860723169,777.7615376471158,-777.7615376471158,pass,2319.0
7.371842089379398,214.12151621892073,164414.65349035198,640.6869849218224,-640.6869849218224,pass,2320.0
6.467353045231188,285.21805869582084,337429.356118262,858.0173595142662,-858.0173595142662,pass,2321.0
8.116802990275412,150.81610401210864,206683.57539429452,801.51982816598,-801.51982816598,pass,2322.0
6.240588272738467,255.94561834273065,338800.23347526224,605.1178218292416,-605.1178218292416,pass,2323.0
7.74786807301979,284.0057958346776,791904.6324851367,1118.3352132991083,-1118.3352132991083,pass,2324.0
8.520560541073053,249.6495343373969,450888.1785558277,809.6450003043846,-809.6450003043846,pass,2325.0
0.26507897698500926,257.81517052485714,901957.332859742,1077.3161246568575,-1077.3161246568575,pass,2326.0
5.359693404132758,224.37311046286388,941875.4545620836,641.0322867561042,-641.0322867561042,pass,2327.0
2.2319610221108395,254.47062447229882,325832.7581342924,1192.6239717499755,-1192.6239717499755,pass,2328.0
4.906103164865881,205.14543399198786,211495.97274394534,777.2359771114346,-777.2359771114346,pass,2329.0
3.484393262375548,182.60985488832924,639587.02938234,836.9647964613495,-836.9647964613495,pass,2330.0
4.166985233686704,169.20180745480616,649556.2453897124,744.1995073161916,-744.1995073161916,pass,2331.0
5.679391320531872,258.9920659954511,311516.22498367575,668.8025520466068,-668.8025520466068,pass,2332.0
3.3509326977452236,227.42727854410668,188496.39875929238,704.1055714126063,-704.1055714126063,pass,2333.0
3.373876654321819,270.11666048775794,236899.9642592307,876.6542602477219,-876.6542602477219,pass,2334.0
7.466832970115947,267.5643883925847,665264.447426543,1019.9240397102736,-1019.9240397102736,pass,2335.0
8.419915430293909,165.99696733028713,1000000.0,655.8531881757592,-655.8531881757592,pass,2336.0
5.353784958315121,235.9118128011105,352002.10996734526,763.4574555708404,-763.4574555708404,pass,2337.0
3.203554877795661,274.3685605632058,165048.07070750068,543.9932384159549,-543.9932384159549,pass,2338.0
7.9347851449849145,195.15078603493717,482515.3797277027,654.8203023659122,-654.8203023659122,pass,2339.0
5.876195716941921,195.1649885089598,128668.92888097698,542.7150047237376,-542.7150047237376,pass,2340.0
6.074735179866242,170.6292250789668,904007.7966201743,687.4840861676151,-687.4840861676151,pass,2341.0
4.909663417155414,272.48603380929114,253633.28896626196,1070.8845692519233,-1070.8845692519233,pass,2342.0
6.458938740902386,144.4469148452191,120702.9920749465,589.6666334435253,-589.6666334435253,pass,2343.0
3.564701905593604,209.38255483767895,803162.8729183672,933.5684891198093,-933.5684891198093,pass,2344.0
0.29248042487594117,270.52739914396386,864758.1595354313,879.1640183394857,-879.1640183394857,pass,2345.0
5.768236956781233,249.92704223635582,308226.893227637,486.7436966371705,-486.7436966371705,pass,2346.0
1.6357284261453287,212.5898516255742,1000000.0,706.9980331442624,-706.9980331442624,pass,2347.0
8.374693888603337,151.57339751612307,167360.65675788207,586.3481957842464,-586.3481957842464,pass,2348.0
3.203561060840755,290.5948922158349,331215.7298842307,916.1421648085667,-916.1421648085667,pass,2349.0
4.9848192635425805,185.57460055127402,900136.091419979,667.1914048108849,-667.1914048108849,pass,2350.0
7.277849330930598,186.04857098948122,164671.88234381957,495.69224528496864,-495.69224528496864,pass,2351.0
5.133320498096953,198.62716300425257,109982.43025260599,558.7917630035469,-558.7917630035469,pass,2352.0
5.576060983230048,247.7513018691472,1000000.0,753.3254159040723,-753.3254159040723,pass,2353.0
4.258051837267643,208.1527424177717,774159.4622902748,672.7518771801011,-672.7518771801011,pass,2354.0
7.98315344597979,194.7368454509743,193049.84004273202,648.3984342594683,-648.3984342594683,pass,2355.0
3.3499695736190507,260.78121518210423,179477.21413882042,716.5364926768523,-716.5364926768523,pass,2356.0
6.724566368708897,205.3804560340907,968525.1762588462,656.6060960593179,-656.6060960593179,pass,2357.0
3.768326569648666,232.8251082809354,220094.13015444542,675.8539158202184,-675.8539158202184,pass,2358.0
8.114651892461747,276.8355903744307,416502.2525133727,632.7693975248625,-632.7693975248625,pass,2359.0
0.6467573939712952,250.36336067854364,714296.8561298816,721.9312996195836,-721.9312996195836,pass,2360.0
5.173632006829289,235.75564536404244,300742.30213211325,796.026707294338,-796.026707294338,pass,2361.0
6.5200751244656665,174.63916605066345,224451.1073093215,1012.2931047490536,-1012.2931047490536,pass,2362.0
4.652467532202929,216.3907504614344,792713.3270199297,628.9775922684628,-628.9775922684628,pass,2363.0
2.3638409430368075,296.4653406204368,279844.5217560079,747.3989471745203,-747.3989471745203,pass,2364.0
8.22515307656324,209.02714385328372,224804.53486695077,520.336288841078,-520.336288841078,pass,2365.0
5.325609857630955,243.4329212496159,308739.21152984526,993.9479065137036,-993.9479065137036,pass,2366.0
6.22121022712513,155.71582811426208,140061.2752780715,716.2717710110242,-716.2717710110242,pass,2367.0
4.491404493118196,268.71029747735145,232697.2259779807,802.9618926103486,-802.9618926103486,pass,2368.0
7.1453282111666185,189.32246776041023,171103.07228995994,622.7316515735399,-622.7316515735399,pass,2369.0
6.116667116808902,199.66945643362726,259614.89601188333,690.0024362078882,-690.0024362078882,pass,2370.0
4.675807386464278,144.43429903863102,641659.3214922987,677.6473549207509,-677.6473549207509,pass,2371.0
7.843513115579454,206.9213634641371,112399.33317785198,614.0203609894645,-614.0203609894645,pass,2372.0
7.4485344732092695,179.78000533472658,118111.92140631957,893.3772165322761,-893.3772165322761,pass,2373.0
6.830648271689701,223.36636072769423,971255.2994277915,814.5111067401265,-814.5111067401265,pass,2374.0
5.174894450740484,118.37179812916594,100865.72487101957,959.2590251539852,-959.2590251539852,pass,2375.0
6.495895486062077,267.78225192379585,411546.57752273825,1001.0545812467362,-1001.0545812467362,pass,2376.0
6.344101554984419,226.69186269356825,77090.16032628948,940.8058215278558,-940.8058215278558,pass,2377.0
3.6658051694523834,180.61743445337746,576663.132897965,692.1032860159127,-692.1032860159127,pass,2378.0
7.261046523976336,211.26548714575495,175449.41902213724,644.3396131546997,-644.3396131546997,pass,2379.0
3.584234280631274,229.05219321808724,773876.7371761797,689.398044396059,-689.398044396059,pass,2380.0
6.826857987528351,287.2659786636793,291195.5213703945,446.6276485089479,-446.6276485089479,pass,2381.0
7.221401477732418,203.72383399423592,146723.34768058494,650.8741254765548,-650.8741254765548,pass,2382.0
3.47453795199129,246.73885779938607,743782.6219418047,662.1218777396607,-662.1218777396607,pass,2383.0
7.661223380228714,210.43644471702655,175662.97041382577,597.9068928621031,-597.9068928621031,pass,2384.0
4.158823468793585,170.9187981599662,655151.50203859,684.3451718983159,-684.3451718983159,pass,2385.0
6.541300729239869,154.07296258583327,948739.2603652915,673.8463617282003,-673.8463617282003,pass,2386.0
8.037314798096254,154.09767582819748,126411.305250498,628.9248603046536,-628.9248603046536,pass,2387.0
8.845573260296538,293.2822231776589,260651.42725875767,480.0842043837327,-480.0842043837327,pass,2388.0
5.577784264874683,234.36071189140057,323977.44004547026,764.6270747457312,-764.6270747457312,pass,2389.0
2.1429005459490553,172.97695405067262,991010.7251244407,704.0843846190878,-704.0843846190878,pass,2390.0
3.9592450008435778,224.23820982813157,1000000.0,685.4239954564204,-685.4239954564204,pass,2391.0
3.3170769154961874,272.17488600044203,848191.4618535669,875.9641926113518,-875.9641926113518,pass,2392.0
4.997525702682017,192.61545887105365,80234.88931297437,582.8210221786017,-582.8210221786017,pass,2393.0
4.901146090859739,172.20796548440077,120390.47673253948,719.1882316603786,-719.1882316603786,pass,2394.0
3.2494363056201583,266.8517304764977,180548.22793406318,864.2546288595661,-864.2546288595661,pass,2395.0
8.587117137968733,200.9021642731383,619010.9598058277,707.5959591775801,-707.5959591775801,pass,2396.0
7.513377565229503,190.30097745968916,277577.368334102,645.6671773355511,-645.6671773355511,pass,2397.0
6.605709642494607,176.78986460342665,971884.3658340415,857.3567660126309,-857.3567660126309,pass,2398.0
7.3130970733802485,286.05959701538086,257344.91552072263,549.5634782782523,-549.5634782782523,pass,2399.0
6.486256787967907,235.17446919177746,376677.59238922026,797.4603108645076,-797.4603108645076,pass,2400.0
3.2158509326431455,241.9200087126246,759458.9149105547,666.5674051421028,-666.5674051421028,pass,2401.0
8.074760690676108,170.46549680636215,112815.96101221677,646.2658223651651,-646.2658223651651,pass,2402.0
6.736478193346755,270.68081914199155,266009.8676691601,504.83807470305294,-504.83807470305294,pass,2403.0
8.65325157191439,191.2045845561989,230330.47676148202,525.7972134292846,-525.7972134292846,pass,2404.0
5.1620774081296075,233.06680648489757,874908.5639370836,608.8661533822864,-608.8661533822864,pass,2405.0
5.26825609285854,230.34763701652264,331543.08457672026,489.5606850362352,-489.5606850362352,pass,2406.0
6.566285747347943,160.46679836245562,224452.6775786547,609.3705977202302,-609.3705977202302,pass,2407.0
6.42207629304453,179.67948835443542,175507.7674655715,630.3647281493264,-630.3647281493264,pass,2408.0
7.9281780006276446,208.44240271937014,123698.22121100707,854.9759136122021,-854.9759136122021,pass,2409.0
3.630227944286829,218.7134180388044,759871.1478371498,777.7755330696302,-777.7755330696302,pass,2410.0
6.241552832806675,207.87095355107405,211463.97380285198,631.4342527398478,-631.4342527398478,pass,2411.0
3.9470319237949267,210.98510470189348,139900.88312113835,641.891306706152,-641.891306706152,pass,2412.0
6.139841980571119,186.2286111028395,160677.16911535198,656.5816891731508,-656.5816891731508,pass,2413.0
7.01249796498349,283.47722563099495,370342.75525711325,820.5853969193114,-820.5853969193114,pass,2414.0
4.809553512349039,219.42740377767817,193460.2466697266,551.8170005316426,-551.8170005316426,pass,2415.0
0.8891376557312327,250.13608622386226,960648.354344117,701.0306191928631,-701.0306191928631,pass,2416.0
6.851042407133339,156.80751128610603,149017.77932120994,630.0965739950489,-630.0965739950489,pass,2417.0
6.590529534304706,195.40698718144515,208232.47966222698,644.9752022206054,-644.9752022206054,pass,2418.0
5.895127442442618,166.21157174657867,165571.4061374465,927.3885444297152,-927.3885444297152,pass,2419.0
6.450501265752326,234.8495347016784,217654.371658856,566.4057351195332,-566.4057351195332,pass,2420.0
5.471216593746715,256.3781782233647,1000000.0,715.0990642380301,-715.0990642380301,pass,2421.0
2.6065672988278994,272.03616238252175,265761.2678497579,863.1950971882547,-863.1950971882547,pass,2422.0
7.132811500093178,114.96142335472186,355530.715042732,1074.4871884409042,-1074.4871884409042,pass,2423.0
6.00279933196942,162.5324733722034,724967.8800860487,850.4564644896844,-850.4564644896844,pass,2424.0
5.3658736774629965,159.62968099935682,723557.7766615641,664.6513141436858,-664.6513141436858,pass,2425.0
2.350939656883628,229.68407865988829,37070.489660061474,804.2960591982336,-804.2960591982336,pass,2426.0
5.759061493688069,134.9004337127118,246803.2518405715,954.4177096649512,-954.4177096649512,pass,2427.0
5.3898941295359535,128.15801494000584,626751.4084063612,791.1317322631005,-791.1317322631005,pass,2428.0
7.140862027683018,168.3230466407203,127358.88186027244,548.6611923482161,-548.6611923482161,pass,2429.0
8.740922471842007,140.2156085544594,100157.88887085702,857.6371880033355,-857.6371880033355,pass,2430.0
7.476293581106423,182.43143196519844,151655.51857902244,614.3371759170425,-614.3371759170425,pass,2431.0
4.295409130221408,264.06027971571996,843109.8159381732,613.423518263027,-613.423518263027,pass,2432.0
3.501301849665409,233.20656207414376,807218.5990090248,679.9856722788757,-679.9856722788757,pass,2433.0
6.591265134836125,156.1357746757533,959250.181263729,684.6334126353701,-684.6334126353701,pass,2434.0
5.8810865317635805,257.46464547466866,360262.93494461325,776.3041991999886,-776.3041991999886,pass,2435.0
2.6146373338776945,250.73714889403414,756278.4736443566,673.85557001795,-673.85557001795,pass,2436.0
6.889423973197309,171.3695417554579,150092.38005285198,626.1997014016339,-626.1997014016339,pass,2437.0
3.3636684806723243,267.95519567596824,138190.26113718818,549.111292610924,-549.111292610924,pass,2438.0
7.125990814799635,211.85354446484664,178161.89372472698,469.2013577732909,-469.2013577732909,pass,2439.0
2.3197705251893,280.5429221645977,76346.65461866738,583.0784897210374,-583.0784897210374,pass,2440.0
6.093291223371911,191.56423455848952,957535.6607559165,715.47401788704,-715.47401788704,pass,2441.0
8.661604813147738,294.2556790835732,300114.15968063264,363.56131958590987,-363.56131958590987,pass,2442.0
5.122212544406342,162.9761239923503,827675.837513729,674.4366197559714,-674.4366197559714,pass,2443.0
4.188328836922222,247.88237772821702,1000000.0,620.0607733625876,-620.0607733625876,pass,2444.0
0.4891774954758006,281.9087403996206,887719.938328492,873.0428019173576,-873.0428019173576,pass,2445.0
7.347697513677834,175.89662785943977,193950.27883292869,572.2299191013448,-572.2299191013448,pass,2446.0
4.953991785165547,178.1096433650722,119376.35806297437,642.3458774246999,-642.3458774246999,pass,2447.0
0.35409781360247905,279.8593373282171,956277.832859742,890.4646459278187,-890.4646459278187,pass,2448.0
5.056652413508694,141.01537434933812,671713.9928790175,668.4238811753853,-668.4238811753853,pass,2449.0
2.937606790655451,283.1343553188319,731733.9530645044,663.2102765533549,-663.2102765533549,pass,2450.0
7.225391776147889,300.0,690644.894692168,574.6236329682129,-574.6236329682129,pass,2451.0
3.6525380713662106,239.96829798380395,127379.07063429238,716.6891977932593,-716.6891977932593,pass,2452.0
5.748910653649442,170.8025762412169,272931.6120268969,705.9539984657024,-705.9539984657024,pass,2453.0
4.267484159185797,184.19165095670954,215832.53133769534,853.8290221200823,-853.8290221200823,pass,2454.0
4.823673997883373,236.61942349314012,1000000.0,637.2036067410797,-637.2036067410797,pass,2455.0
4.22456506109814,223.6559504157932,818275.0659381732,662.3403334760515,-662.3403334760515,pass,2456.0
8.069290668480836,153.0009340579419,183144.5701999465,692.3348927608536,-692.3348927608536,pass,2457.0
5.699551359141755,162.96608525886793,1000000.0,900.933190021465,-900.933190021465,pass,2458.0
5.2563876667760905,197.59376177175776,257061.47274394534,709.1800950969522,-709.1800950969522,pass,2459.0
6.864831461254851,295.12096248877805,438758.0401545117,731.3879814685237,-731.3879814685237,pass,2460.0
2.469252591859389,219.7980393922146,591240.8757608061,900.8019082433137,-900.8019082433137,pass,2461.0
3.9809665874286226,212.2327254855565,1000000.0,706.858051858569,-706.858051858569,pass,2462.0
5.680541820114935,283.4211673641482,286729.6747217776,497.93832185999855,-497.93832185999855,pass,2463.0
2.353292912479432,255.58795523478756,839104.2776839607,741.4875752627141,-741.4875752627141,pass,2464.0
7.575342223826455,293.28640293897905,832992.734535918,933.5271167317187,-933.5271167317187,pass,2465.0
3.4648588353974947,240.56361245230687,308351.5354278829,895.8135983842064,-895.8135983842064,pass,2466.0
7.861440419553057,175.58355565605243,272927.129105232,749.093922616212,-749.093922616212,pass,2467.0
2.4906379990059255,278.41906179305147,965469.9306756066,832.6262378206658,-832.6262378206658,pass,2468.0
2.193264299624758,248.84173561363173,801848.3778691919,675.4433038095696,-675.4433038095696,pass,2469.0
5.402828421180752,264.0240486557447,310326.56580398825,718.3674317354825,-718.3674317354825,pass,2470.0
6.45156309040873,216.15408021583815,949210.7896621665,617.8172998111289,-617.8172998111289,pass,2471.0
4.995417990498982,145.84226673196838,125157.1307468215,752.9840323942235,-752.9840323942235,pass,2472.0
6.393240428799955,223.2785664708815,210316.50700597698,602.8901342208662,-602.8901342208662,pass,2473.0
7.012520320052473,191.84485911442854,183363.26872472698,593.373665119643,-593.373665119643,pass,2474.0
8.112267504014728,175.77729912218086,196551.84011222556,546.3764102406149,-546.3764102406149,pass,2475.0
5.733344802169895,194.4695060411068,357941.6558414785,999.1844002604586,-999.1844002604586,pass,2476.0
2.014717686899316,257.66021109934877,1000000.0,711.0606925977814,-711.0606925977814,pass,2477.0
7.0077771976201095,228.99906547603686,217165.15840210702,425.5766287728402,-425.5766287728402,pass,2478.0
3.6114810538742246,231.45326333603768,865039.7781918047,707.9697976029748,-707.9697976029748,pass,2479.0
6.894196794145547,146.01016014169738,118568.9901218215,689.2944106636567,-689.2944106636567,pass,2480.0
6.761972446742664,229.4282748216125,200810.17878776224,586.0263782191017,-586.0263782191017,pass,2481.0
7.743818758833813,272.33333039106645,740570.816567168,1036.3463500833143,-1036.3463500833143,pass,2482.0
5.348143399084496,162.31345731392165,968965.403919979,781.8947564469214,-781.8947564469214,pass,2483.0
8.614834597667889,150.48343606529315,100691.88105835702,613.7253428823097,-613.7253428823097,pass,2484.0
6.5602588826200945,168.9792327445411,189654.94680167869,931.3920975044342,-931.3920975044342,pass,2485.0
6.540170855159132,201.70349704339125,203945.80778722698,980.944854709003,-980.944854709003,pass,2486.0
6.392574351017979,284.8367253239118,281110.97986648825,679.754794113883,-679.754794113883,pass,2487.0
5.089497145002392,248.2897993023359,296105.34314773825,975.0118025328087,-975.0118025328087,pass,2488.0
5.112147807595013,185.70511856191058,75406.88150047437,812.1663265123016,-812.1663265123016,pass,2489.0
6.259706970041302,248.62372264217964,344533.46717117575,640.1648815700387,-640.1648815700387,pass,2490.0
3.6857098865529725,253.2293412597562,274208.0969513204,1008.0670011139711,-1008.0670011139711,pass,2491.0
3.335763739710849,268.21897589034154,831707.1235553607,916.6577837664472,-916.6577837664472,pass,2492.0
5.95400085601815,278.0910055542269,314681.0116358401,760.9009041797401,-760.9009041797401,pass,2493.0
8.56421941904065,259.8266945972648,367050.7622789977,443.5737575043693,-443.5737575043693,pass,2494.0
4.8622157619042925,225.75598107218065,967921.0385742188,643.858847901856,-643.858847901856,pass,2495.0
5.548072739726389,265.7699559831896,396879.699868262,739.6374275032873,-739.6374275032873,pass,2496.0
6.04974500436118,262.6157608921491,424139.90564773825,563.8823038217455,-563.8823038217455,pass,2497.0
7.299424127452813,172.62721031259582,140434.112192134,505.21893423371347,-505.21893423371347,pass,2498.0
6.359103652225403,168.31445479520636,185331.61549601957,913.0304746275417,-913.0304746275417,pass,2499.0
4.4557952935805805,246.06799788830835,626226.9289834624,1213.161542974447,-1213.161542974447,pass,2500.0
5.919453982000855,260.42764458012215,351139.04822586325,897.4635872319632,-897.4635872319632,pass,2501.0
4.484664687793542,247.35442157147486,648873.4265420561,1202.4956074691531,-1202.4956074691531,pass,2502.0
7.453391828457086,273.441366426821,523744.4598058277,923.301206834212,-923.301206834212,pass,2503.0
6.921174153118022,170.42173039805056,228330.20656256957,817.4180655427726,-817.4180655427726,pass,2504.0
7.331510491008131,194.18165897442915,225456.56559972698,593.1786749895883,-593.1786749895883,pass,2505.0
6.657370007867185,202.7015114934645,186177.78239660198,576.38590457467,-576.38590457467,pass,2506.0
7.567341327506094,126.57015986976702,96700.35664429452,717.7968263637698,-717.7968263637698,pass,2507.0
5.227208585255585,136.664844685307,126674.9784030715,886.3979897845413,-886.3979897845413,pass,2508.0
2.531683892246278,260.2815673334814,915405.039890992,685.7297432746302,-685.7297432746302,pass,2509.0
6.529967682935951,161.3258060973548,68800.34182120994,709.5400725938493,-709.5400725938493,pass,2510.0
6.067579730097548,297.0404068113641,252989.38329416013,508.155733625122,-508.155733625122,pass,2511.0
3.5450342978131317,155.75820584238502,675217.222741715,826.3756550346455,-826.3756550346455,pass,2512.0
6.166882040727149,236.27963347372736,272981.250565106,647.84456642713,-647.84456642713,pass,2513.0
5.499675554961623,162.50385678632887,736324.1926771891,828.2760054581804,-828.2760054581804,pass,2514.0
7.193715228546813,300.0,383729.52296188264,491.68708203685975,-491.68708203685975,pass,2515.0
6.968336622899082,275.4905546600782,329892.24549148825,311.2050181764392,-311.2050181764392,pass,2516.0
7.830659954210953,180.2608646923073,258322.56855835702,853.0771201071611,-853.0771201071611,pass,2517.0
6.610807771371273,115.59522342809515,172623.63063273832,726.4704630520689,-726.4704630520689,pass,2518.0
8.20724425105092,261.369704593679,402515.8247789977,612.5239796003576,-612.5239796003576,pass,2519.0
2.8859799818772918,268.0288069354287,114149.07168406318,595.7419514626489,-595.7419514626489,pass,2520.0
7.701611103989838,196.1429824393653,230349.72268058494,648.6701428834558,-648.6701428834558,pass,2521.0
6.767719658839713,227.25250191626276,228605.23140006693,814.6971927315954,-814.6971927315954,pass,2522.0
2.3287267492116994,222.28310343253233,149482.4271600615,976.2180068047916,-976.2180068047916,pass,2523.0
6.60159766911116,150.5849711907752,129974.73268351957,665.752471323717,-665.752471323717,pass,2524.0
4.42370161716062,208.86755012668863,331549.29840434145,936.9327022085819,-936.9327022085819,pass,2525.0
5.203127647972191,242.91492723467735,337228.5340967776,732.8326820796736,-732.8326820796736,pass,2526.0
6.709631695095793,269.1574469686822,408364.1215754101,464.12114790736564,-464.12114790736564,pass,2527.0
6.666935066083956,185.98333460464735,910338.7700088462,644.6862530258425,-644.6862530258425,pass,2528.0
8.209702505132393,164.02383418617327,142418.03389038827,615.8914694553167,-615.8914694553167,pass,2529.0
6.920198458094552,288.3217372894287,252158.65382125764,697.5883332170125,-697.5883332170125,pass,2530.0
7.128042700268982,156.04726441320412,239468.30861808494,697.6595856774817,-697.6595856774817,pass,2531.0
6.219723733650116,152.66840434202032,201291.85914836332,708.866969051132,-708.866969051132,pass,2532.0
4.580690727446847,225.01655648588456,1000000.0,650.7509733551866,-650.7509733551866,pass,2533.0
7.79979933014972,215.68645967376125,614588.6326847819,799.7771159385434,-799.7771159385434,pass,2534.0
8.303728240905889,180.32459914576174,48863.91261725707,734.4987139552434,-734.4987139552434,pass,2535.0
5.492189588773261,243.85018892225946,282881.254471356,866.1877763182988,-866.1877763182988,pass,2536.0
7.135010833420513,213.6231946509742,163753.81643058494,423.924974005271,-423.924974005271,pass,2537.0
8.501108199196844,141.87804027137835,95312.77681031014,691.0422581577715,-691.0422581577715,pass,2538.0
5.853393371439064,249.36783110144523,402881.0643702151,912.5472131405236,-912.5472131405236,pass,2539.0
5.509859780597697,197.8290485852691,145874.50007682474,561.1036782721706,-561.1036782721706,pass,2540.0
7.117195205154407,149.75926381721754,999016.1702270508,676.7308580089656,-676.7308580089656,pass,2541.0
6.596427667318471,216.6526049364722,60476.15089850707,611.828732258914,-611.828732258914,pass,2542.0
7.054464835012523,174.13164114071944,276357.6754630082,792.2864868115335,-792.2864868115335,pass,2543.0
6.349952728264771,163.1251169974713,152772.3748874465,878.0481975556045,-878.0481975556045,pass,2544.0
2.9041067464074093,277.5963821665432,278586.2132124174,936.0683567119536,-936.0683567119536,pass,2545.0
6.735286446796326,145.7097899926551,182350.84010539457,766.6613128934725,-766.6613128934725,pass,2546.0
5.850784560004441,213.6988601596556,255908.21208410198,510.7956665577091,-510.7956665577091,pass,2547.0
6.932659661516875,204.17459922394661,709865.3406918047,731.7209256932216,-731.7209256932216,pass,2548.0
5.071388259852815,175.5024464763667,872151.103138729,632.3963933779137,-632.3963933779137,pass,2549.0
3.7095832740684944,233.4406614557888,166875.22004835488,677.1896094668664,-677.1896094668664,pass,2550.0
3.559154545722736,268.8514199169065,228397.01003725792,930.3450376571685,-930.3450376571685,pass,2551.0
7.514391184561692,178.31407898019836,168182.77478979024,623.7589801584503,-623.7589801584503,pass,2552.0
2.833388490436805,275.1462345035459,111706.61550600792,664.4847256996794,-664.4847256996794,pass,2553.0
6.597627560424815,221.37768943247522,239890.46687369974,502.4686595576999,-502.4686595576999,pass,2554.0
6.527811500514118,205.4339778335295,183651.66130285198,538.0305438284303,-538.0305438284303,pass,2555.0
5.67298133977708,196.20160233094313,115697.33220128948,681.7361774574495,-681.7361774574495,pass,2556.0
3.570117505556148,212.86622916525914,945170.2280475482,697.7667927583063,-697.7667927583063,pass,2557.0
4.387811579520374,268.63687361489417,321012.4056654807,822.3792941803349,-822.3792941803349,pass,2558.0
2.8164283426184302,270.4297106372109,186277.42910593818,562.994614045591,-562.994614045591,pass,2559.0
6.048977556215195,138.8114106667884,158803.52955851957,972.0933269927156,-972.0933269927156,pass,2560.0
5.853460143988636,237.3432055408918,384265.66150711325,740.9951910649022,-740.9951910649022,pass,2561.0
6.189441528980308,237.05626736521043,882129.13671875,767.035966570381,-767.035966570381,pass,2562.0
6.888306250187147,126.2163913883235,1000000.0,708.1136903344741,-708.1136903344741,pass,2563.0
6.884348855131112,153.8493625457196,138712.9862155715,571.7173550925463,-571.7173550925463,pass,2564.0
6.190016125232926,167.97099216245095,1000000.0,654.1766599558024,-654.1766599558024,pass,2565.0
4.721171296471922,198.87169944359877,72472.94645910198,686.7571831831796,-686.7571831831796,pass,2566.0
2.362594673194373,274.8552754031411,183949.43252390693,645.0412908344468,-645.0412908344468,pass,2567.0
6.662867547102678,244.25975762015617,381474.28875683295,963.0122500131368,-963.0122500131368,pass,2568.0
6.912574312919943,180.9588538320265,186500.73356847698,697.7426167483617,-697.7426167483617,pass,2569.0
5.339587241733956,171.69578630104323,853396.056263729,725.3295224124046,-725.3295224124046,pass,2570.0
6.6393819722313765,242.58472032552993,363721.65008495795,444.9373827216731,-444.9373827216731,pass,2571.0
7.054070108417081,288.64977764906206,606608.140785918,715.6463384900411,-715.6463384900411,pass,2572.0
6.110507547146166,268.3878396654406,260642.32589441555,1015.9552968904627,-1015.9552968904627,pass,2573.0
5.206237673279523,189.7170127879848,74201.78897117749,672.9783347725091,-672.9783347725091,pass,2574.0
5.647572719468981,225.49437746389643,241989.4048728516,874.910990716614,-874.910990716614,pass,2575.0
4.320062799783712,196.7842073759626,678329.0892433998,674.7107358307532,-674.7107358307532,pass,2576.0
3.530284631975305,273.7153843772037,942322.0918084191,685.9735479420261,-685.9735479420261,pass,2577.0
7.785511958062841,218.8052581177905,462970.7957433277,703.4304923029581,-703.4304923029581,pass,2578.0
3.9115944937191065,215.50156262727486,750310.0911965248,683.2318732997562,-683.2318732997562,pass,2579.0
5.603075400703393,191.2556845481305,66618.116098384,602.7113245753363,-602.7113245753363,pass,2580.0
6.107812027263652,251.761724185321,296491.6109166685,988.605908501065,-988.605908501065,pass,2581.0
3.037377217568839,246.7610929118386,270281.2738325007,1085.3599442068485,-1085.3599442068485,pass,2582.0
6.510360665236543,220.2724081410159,677425.2200871257,871.2850337580778,-871.2850337580778,pass,2583.0
6.849083129444092,254.89167500730423,446135.5474352477,909.2826814291994,-909.2826814291994,pass,2584.0
5.998240209454862,224.46877287938216,200117.71403722698,899.3044567558799,-899.3044567558799,pass,2585.0
5.94316458489528,271.6545906956159,271209.65760086325,435.4344268974151,-435.4344268974151,pass,2586.0
2.56430439448191,256.14431000367654,310875.8586700704,737.397314549546,-737.397314549546,pass,2587.0
8.196645140486746,125.90625567970355,100230.90693726327,660.2587100417213,-660.2587100417213,pass,2588.0
5.794971033221567,282.10022293570427,372957.586587012,765.3084137328415,-765.3084137328415,pass,2589.0
6.753720218823818,153.5795190347083,217579.06178508207,725.0051334528922,-725.0051334528922,pass,2590.0
6.751221472496552,173.60784430967433,790036.4839856848,847.2816682277609,-847.2816682277609,pass,2591.0
3.3208527344485947,261.83940147475255,189445.30788882042,514.0318520674349,-514.0318520674349,pass,2592.0
5.392752690855757,289.13657485259336,277665.6118097851,522.0553717914153,-522.0553717914153,pass,2593.0
4.895662345700703,148.00560777734802,125553.7342624465,662.4630801255552,-662.4630801255552,pass,2594.0
7.420495493671135,185.66359849510272,222627.21113648202,966.2555287205687,-966.2555287205687,pass,2595.0
5.744908075516728,286.65412244152657,334175.94275711325,965.4908725734161,-965.4908725734161,pass,2596.0
2.7349195273298865,234.09056783783348,209505.57363718818,912.8380327113895,-912.8380327113895,pass,2597.0
7.46342723307824,179.0157236617469,189489.19533683494,584.1367231202036,-584.1367231202036,pass,2598.0
4.941971596176063,238.86753051443858,881720.7704800523,628.8271377339038,-628.8271377339038,pass,2599.0
4.307984345371395,299.44802988778235,240614.13576801977,795.6340991842084,-795.6340991842084,pass,2600.0
6.5215077198544025,157.02503115310927,986262.8403213462,684.3258891459488,-684.3258891459488,pass,2601.0
2.8147952983362803,270.3472623737241,189058.19607241417,720.7652925829967,-720.7652925829967,pass,2602.0
4.867869027667485,169.181836539021,171571.2205905715,800.264070481077,-800.264070481077,pass,2603.0
7.311514689950831,191.3997913588202,118095.44582038207,716.8694052243322,-716.8694052243322,pass,2604.0
8.22663329388781,177.14796777305682,200103.25410523202,605.8320108929792,-605.8320108929792,pass,2605.0
3.703341814046901,204.9425886756809,778116.5659381732,724.4535858037667,-724.4535858037667,pass,2606.0
5.133239612891584,175.55207118376032,187951.60165019534,679.8822075121944,-679.8822075121944,pass,2607.0
7.517334480761266,196.98938298149653,181967.20999455312,464.7013798651924,-464.7013798651924,pass,2608.0
4.674550029326849,244.73100899099626,927823.810546875,671.8921333650892,-671.8921333650892,pass,2609.0
5.33773806958335,227.22941647409715,1000000.0,839.1718856393253,-839.1718856393253,pass,2610.0
5.587775864415608,158.4285518462567,177121.1112155715,808.2552284972418,-808.2552284972418,pass,2611.0
7.388419851093181,194.66095387827517,176804.06984381957,708.264223444633,-708.264223444633,pass,2612.0
2.930603312162889,266.1832780899192,287127.8498810079,758.0816383574949,-758.0816383574949,pass,2613.0
3.835273785636157,230.67172842583565,779983.8211605547,685.2693231211952,-685.2693231211952,pass,2614.0
5.936442599409066,181.83466260980651,91751.9744968215,611.7184873642127,-611.7184873642127,pass,2615.0
7.382657299318073,158.75033755716316,242230.91506339744,746.7226548281184,-746.7226548281184,pass,2616.0
6.326688714648175,197.64787620678206,877501.429310604,606.7454413006741,-606.7454413006741,pass,2617.0
9.316879667893478,105.57238625511349,256405.24492351036,883.2616790571639,-883.2616790571639,pass,2618.0
3.901755335098308,247.32148300475194,943498.9878131732,631.3580236655756,-631.3580236655756,pass,2619.0
8.195602631530003,194.28211052951892,252781.17988648202,555.4313417916045,-555.4313417916045,pass,2620.0
6.479741583395015,190.0849558824035,182520.56745963724,897.7564804665718,-897.7564804665718,pass,2621.0
4.290987566413564,246.13064526633275,188184.85964663292,846.8660570725647,-846.8660570725647,pass,2622.0
8.441495864499762,279.574378443467,269550.47511032014,514.8727119749731,-514.8727119749731,pass,2623.0
3.514855844734443,256.3927044780637,109530.61550600792,638.6212575985354,-638.6212575985354,pass,2624.0
5.148552490700301,250.12931305344847,172411.16539346968,486.0770315751835,-486.0770315751835,pass,2625.0
6.465024842979772,184.33549894558055,849512.4400403723,736.632699534088,-736.632699534088,pass,2626.0
3.0134686620611792,277.730960856556,202781.83242625068,826.1384244699743,-826.1384244699743,pass,2627.0
4.826734347388476,239.04741268715767,944379.8660824297,761.1271537196958,-761.1271537196958,pass,2628.0
8.003244924009039,211.07489740120914,464099.0623448902,903.1846186032725,-903.1846186032725,pass,2629.0
3.894022920394124,209.6546451071669,38153.214419966476,615.5352436195512,-615.5352436195512,pass,2630.0
6.279871358219878,247.93681632293027,411747.6498957226,492.0750804083413,-492.0750804083413,pass,2631.0
4.603296546669966,213.25706175180184,785811.3421730873,729.9971339166219,-729.9971339166219,pass,2632.0
8.25193480994387,148.02659316597064,119728.99043335702,668.6062975807915,-668.6062975807915,pass,2633.0
6.709645930016605,205.2065641792021,187646.98942785198,587.5519948317304,-587.5519948317304,pass,2634.0
3.869632041306974,212.58833637036577,219694.13238871648,678.0418182450469,-678.0418182450469,pass,2635.0
7.675697444340424,229.12213559684832,212374.87129273202,778.4725108753903,-778.4725108753903,pass,2636.0
5.699428213567199,144.35244406088026,770022.4329115641,663.1496953401297,-663.1496953401297,pass,2637.0
7.639127744976775,298.944100487359,369681.0209894726,530.7116459820254,-530.7116459820254,pass,2638.0
5.447740825641166,162.1828391068908,125129.09480338724,630.9781817433715,-630.9781817433715,pass,2639.0
7.2597303935751,156.72266841062384,183675.63893351957,697.4282572147262,-697.4282572147262,pass,2640.0
6.807583521390526,195.75338696553328,242530.57536535198,765.9195105551803,-765.9195105551803,pass,2641.0
7.19946672328767,190.7847108752928,150841.59294347698,581.706882952012,-581.706882952012,pass,2642.0
6.306196313088444,265.33468612980477,414955.43299148825,576.0700365975714,-576.0700365975714,pass,2643.0
3.236620092548812,276.1944973574868,188463.03066843818,730.2751809943275,-730.2751809943275,pass,2644.0
3.630908300934566,252.57966112212193,111793.01784975792,642.0442201628997,-642.0442201628997,pass,2645.0
7.902626038375901,300.0,775267.1014792774,1119.1912953101332,-1119.1912953101332,pass,2646.0
7.4145537227003135,225.5392843061455,227667.4590612867,515.3112396867247,-515.3112396867247,pass,2647.0
3.922957604870528,228.830399342989,771513.4529964922,662.2264160096092,-662.2264160096092,pass,2648.0
7.000378943756908,158.68537393565623,887844.0069705227,651.4652723771723,-651.4652723771723,pass,2649.0
5.691147099065791,230.4761044496032,259840.34480338724,981.317932283801,-981.317932283801,pass,2650.0
3.9556855943443194,203.5762020567824,0.0,1236.2914771607095,-1236.2914771607095,pass,2651.0
7.488950325791137,282.4041996002197,297905.49376779294,389.3347184652845,-389.3347184652845,pass,2652.0
6.8797504671366205,134.44500044680163,226978.51588743227,766.604791438218,-766.604791438218,pass,2653.0
7.885342685839371,192.0690951519974,250806.13105835702,685.0551186094576,-685.0551186094576,pass,2654.0
3.379230493463958,253.63891960251243,180037.37637156318,861.9699403291514,-861.9699403291514,pass,2655.0
8.27282661647133,85.01374006636223,64466.53746544957,696.1226089494354,-696.1226089494354,pass,2656.0
3.8484271121939617,260.9832735315945,282421.5237592924,885.5775366612594,-885.5775366612594,pass,2657.0
2.2869337851388583,277.3982820423032,132248.31277163292,863.8634753744976,-863.8634753744976,pass,2658.0
6.856012076462197,177.79709679260512,996788.3189590415,762.11462073015,-762.11462073015,pass,2659.0
6.206535558033,227.72600336012567,172908.94636588724,492.10936275481885,-492.10936275481885,pass,2660.0
6.817777217143021,156.42336624216125,175319.0350436965,803.6329006808431,-803.6329006808431,pass,2661.0
5.613193641233455,235.5921248906585,336499.2390904966,886.3511496097419,-886.3511496097419,pass,2662.0
6.8463168691873655,227.28935213026728,177899.61238151224,478.1921469292316,-478.1921469292316,pass,2663.0
9.393011955877975,180.9278821521767,268310.5578161695,969.7230654074048,-969.7230654074048,pass,2664.0
7.481928361913399,204.10360808906634,152938.38447632577,575.5759599956743,-575.5759599956743,pass,2665.0
5.404041035715834,273.61795197737973,279212.2739191601,415.75735689529,-415.75735689529,pass,2666.0
2.039851475484979,274.5607715975864,745561.5117302941,940.1579162592874,-940.1579162592874,pass,2667.0
7.448178061166971,285.28948270546937,456629.5691808277,763.5127439297595,-763.5127439297595,pass,2668.0
4.018369205596132,246.569445124426,197098.99245913292,897.7021261210134,-897.7021261210134,pass,2669.0
7.673437742850021,228.47118099269946,200109.43769898202,401.448030615582,-401.448030615582,pass,2670.0
6.668506250493966,141.2561876113324,131360.63611791524,652.1049275751033,-652.1049275751033,pass,2671.0
7.143703612769214,211.79899930073836,174080.46989660198,687.6334467455281,-687.6334467455281,pass,2672.0
6.097206088984577,184.10018538548567,197071.20622472698,734.6170258155897,-734.6170258155897,pass,2673.0
6.080801274364498,218.58745059322945,406352.26404617575,909.7007391968609,-909.7007391968609,pass,2674.0
6.55717098269471,279.5814317369738,249425.820962012,485.78827185594406,-485.78827185594406,pass,2675.0
7.559075313984044,146.56964194666506,102736.45753913207,746.7150852822969,-746.7150852822969,pass,2676.0
3.00259173458649,262.7722811760093,187815.5859649923,887.8563511662753,-887.8563511662753,pass,2677.0
6.36111078345236,190.02679740502455,149648.86052160198,511.02182158210525,-511.02182158210525,pass,2678.0
3.694040711017509,270.8937464014675,222925.36164991738,639.4567043818371,-639.4567043818371,pass,2679.0
0.5527661600062512,282.1570385310946,931296.9730119938,714.6469680757116,-714.6469680757116,pass,2680.0
3.8773443532440366,210.15311675629525,808689.5799496172,669.7311810422389,-669.7311810422389,pass,2681.0
6.930283012616645,216.02151842055048,198923.12574821146,625.5350643211766,-625.5350643211766,pass,2682.0
7.23911354927039,183.09054894861214,225255.48342277244,871.5665468015411,-871.5665468015411,pass,2683.0
7.754027303212336,148.89695166014116,1000000.0,676.6738132447919,-676.6738132447919,pass,2684.0
6.4815147325755005,276.877113690404,261725.781899512,527.9150096542844,-527.9150096542844,pass,2685.0
5.404105733600138,189.1227940570583,122899.19937156812,725.9229120567157,-725.9229120567157,pass,2686.0
4.693437843056684,190.63865426393258,736074.9954933998,705.6745453652287,-705.6745453652287,pass,2687.0
7.63001172187794,185.7192562807715,143808.59621100707,605.5451458361716,-605.5451458361716,pass,2688.0
8.150625395238592,207.77180653082874,570095.1707433277,964.5685172591378,-964.5685172591378,pass,2689.0
2.4942543225068694,259.3104832278481,142642.97012156318,791.9107160736834,-791.9107160736834,pass,2690.0
5.522364716713932,272.30146583866707,326900.22596023825,707.8679287985462,-707.8679287985462,pass,2691.0
5.406251149079601,125.35129706738621,698038.2658282362,700.8698023305324,-700.8698023305324,pass,2692.0
6.906097403958558,169.48431710100695,246874.52369993227,848.8995109453268,-848.8995109453268,pass,2693.0
9.207307150921062,197.57677020368655,291639.904495857,591.2571316758933,-591.2571316758933,pass,2694.0
7.652200317343906,233.71159036693652,152025.80098023202,685.9368351342946,-685.9368351342946,pass,2695.0
6.621679146590839,236.17026777205194,216325.62800651224,598.8538471595714,-598.8538471595714,pass,2696.0
6.523064795618561,295.7835596497022,337094.4901203945,473.90958849990506,-473.90958849990506,pass,2697.0
6.6631626587391,245.07985479769434,323017.53816276224,647.063498707426,-647.063498707426,pass,2698.0
5.94826857731356,185.52323367073794,979277.7388809165,692.7977123606922,-692.7977123606922,pass,2699.0
7.234497680692561,177.2355111826575,95624.61671881957,679.0333983835567,-679.0333983835567,pass,2700.0
4.423269754110111,262.74578713492406,199381.03445132042,643.4328950588148,-643.4328950588148,pass,2701.0
4.844014545343656,169.21521611569483,655030.4211709624,1083.5195186550784,-1083.5195186550784,pass,2702.0
3.5626390951892564,237.8361163051511,285400.8147247579,870.6119578654424,-870.6119578654424,pass,2703.0
4.404207775275994,226.33669371960718,606488.7449014311,753.4820115146065,-753.4820115146065,pass,2704.0
8.000187251844377,251.24895225908426,376791.3931383727,824.4824099885585,-824.4824099885585,pass,2705.0
3.731838913923305,225.49679886168553,761017.2300006732,716.303919278629,-716.303919278629,pass,2706.0
9.191401268005563,179.19952707755115,670977.3855870777,1097.7956140089473,-1097.7956140089473,pass,2707.0
6.810765976586102,192.16053958353035,178689.64650870994,539.2109000218685,-539.2109000218685,pass,2708.0
5.176544879440837,252.54311858057298,1000000.0,588.6605037630545,-588.6605037630545,pass,2709.0
8.222678360397206,205.12989606199343,222798.1241003492,477.52298619117937,-477.52298619117937,pass,2710.0
6.880831722297638,253.0300941474345,392417.2732653258,820.2294075041716,-820.2294075041716,pass,2711.0
7.452734813438788,172.2915723602562,115848.34528956052,677.8904143605567,-677.8904143605567,pass,2712.0
6.136948946600464,278.7134359772169,402477.8651203945,1111.3334413278506,-1111.3334413278506,pass,2713.0
8.024663567947336,202.12108530273076,602916.798484965,931.4787863302078,-931.4787863302078,pass,2714.0
7.291691322802282,211.3003990642602,214167.73929142812,628.3015837365998,-628.3015837365998,pass,2715.0
5.266916673150538,178.0865539561977,112002.00454734937,695.8006365307598,-695.8006365307598,pass,2716.0
5.959365370500098,227.17727489409174,254620.582596356,702.8659473835888,-702.8659473835888,pass,2717.0
5.300179354137266,240.28559230807213,269616.326821387,815.7717745126879,-815.7717745126879,pass,2718.0
7.616002850011676,146.32362309451548,928569.3878298977,654.7389108957117,-654.7389108957117,pass,2719.0
5.050083854212671,196.0732339320971,257715.4380759766,864.7259352728627,-864.7259352728627,pass,2720.0
5.949953790067307,176.06793385478045,179218.50655814688,693.0432442847605,-693.0432442847605,pass,2721.0
4.924506194180334,282.7315157556811,340693.7762842776,533.6697282788082,-533.6697282788082,pass,2722.0
4.410045247370635,237.17021196051402,831323.7904995836,653.1266822726128,-653.1266822726128,pass,2723.0
6.451959087197081,274.905758488305,394123.3500910351,770.8977493044522,-770.8977493044522,pass,2724.0
6.8493877225897295,195.116192297306,211558.29494620994,530.1931934426673,-530.1931934426673,pass,2725.0
4.367528608188361,218.2423596914759,746595.1912777422,842.449523762709,-842.449523762709,pass,2726.0
6.7545237117788774,162.6108688872718,88388.71096183494,744.0372447668723,-744.0372447668723,pass,2727.0
3.9042176434228137,228.5482455710341,115572.70660746648,614.3938921251797,-614.3938921251797,pass,2728.0
8.04709640036936,265.53363270829857,276825.9433720389,304.66312532150073,-304.66312532150073,pass,2729.0
8.171492587902517,275.0694232105818,408656.00007196644,1147.6325973930195,-1147.6325973930195,pass,2730.0
6.3102506237666764,285.58502255690854,309117.6586847851,961.3635576462926,-961.3635576462926,pass,2731.0
5.877782451290902,254.71515923913267,245520.36754190718,687.6792269512512,-687.6792269512512,pass,2732.0
4.710835387764705,281.1671764762784,181637.82644350792,610.0981957821094,-610.0981957821094,pass,2733.0
6.168906878417042,269.0729669029676,430480.02185867575,916.0063491943209,-916.0063491943209,pass,2734.0
6.9626565321914775,94.13855712961242,93213.446176509,678.3494220669169,-678.3494220669169,pass,2735.0
3.784476472364945,256.0923006446744,249306.51492007042,876.9137987699248,-876.9137987699248,pass,2736.0
7.124273214616745,250.37214375730423,406697.7642321227,673.2953881231973,-673.2953881231973,pass,2737.0
7.339640131553844,226.9740541749962,246942.0039831617,908.6721578014922,-908.6721578014922,pass,2738.0
3.665862662552131,241.4877915294553,99465.05886538292,598.2363367968042,-598.2363367968042,pass,2739.0
5.8947385054111585,250.2729819529983,323268.88052421244,457.8720865216972,-457.8720865216972,pass,2740.0
4.748017122803462,295.94137048721313,133606.43972475792,550.9024959715432,-550.9024959715432,pass,2741.0
6.358435144378738,92.31708733828768,75637.98847735257,713.8344496344591,-713.8344496344591,pass,2742.0
7.4213209928857164,165.72015321146608,89624.75636725707,670.5046445490983,-670.5046445490983,pass,2743.0
5.246110959098071,224.47901397309212,932455.4344418047,564.6996553654352,-564.6996553654352,pass,2744.0
6.479310709296338,168.72984915705706,284615.3620268969,862.8437596470131,-862.8437596470131,pass,2745.0
4.642042272949399,207.727797172444,219576.81988871648,662.293196015984,-662.293196015984,pass,2746.0
2.033353038499699,208.58801123577015,89648.35779131523,748.3965295749899,-748.3965295749899,pass,2747.0
5.9654674928665266,237.46888799605097,204041.61433463724,624.1181577110701,-624.1181577110701,pass,2748.0
6.983212987709056,201.38262243208612,200193.13972526224,532.9760310397612,-532.9760310397612,pass,2749.0
3.37336419603663,230.3994266831807,959069.1015625,885.0952154047523,-885.0952154047523,pass,2750.0
5.194636213409911,201.00611872610773,139279.59968619974,617.4792929633523,-617.4792929633523,pass,2751.0
7.797312277732976,201.179921029917,112808.59230475707,656.7196656162979,-656.7196656162979,pass,2752.0
6.38030697437613,196.71891433372755,954949.9947402915,596.0539183503778,-596.0539183503778,pass,2753.0
6.320026616787994,282.3812397623339,281579.496743262,637.7900605651221,-637.7900605651221,pass,2754.0
6.737775902932194,266.95292243313423,310900.8502278164,638.8784098559968,-638.8784098559968,pass,2755.0
3.918769719368022,200.61547075575902,934968.8276569232,886.101582174325,-886.101582174325,pass,2756.0
8.411683272697896,259.22075091745523,400641.9976305602,843.332438115009,-843.332438115009,pass,2757.0
5.114468316998957,178.01772394292254,101230.59732078687,683.0817912641398,-683.0817912641398,pass,2758.0
7.2531766527092145,247.26692640053773,468049.3179601246,589.1591373297389,-589.1591373297389,pass,2759.0
7.557723157886075,281.653650520461,687896.863442168,1101.1330773758023,-1101.1330773758023,pass,2760.0
5.131413370693612,196.0089243091609,849676.880482479,676.8662567832185,-676.8662567832185,pass,2761.0
6.019626869503752,300.0,270432.8168879101,270.09878633141943,-270.09878633141943,pass,2762.0
5.977389686717897,223.08079990728632,181832.37630839847,568.027059718672,-568.027059718672,pass,2763.0
7.265641177572964,191.26412864145271,204112.99221183494,681.8167107709525,-681.8167107709525,pass,2764.0
7.742601601740555,204.57777591285785,224228.54707398202,964.6638417458279,-964.6638417458279,pass,2765.0
7.021071626488464,272.26109790802,293481.2061701367,547.5180435809323,-547.5180435809323,pass,2766.0
4.621567306085735,204.1555596290423,134197.2095603516,573.9560263973174,-573.9560263973174,pass,2767.0
5.663719642246334,206.98834990574935,149569.29020910198,598.5808273892442,-598.5808273892442,pass,2768.0
5.6543201765364755,202.99052446051402,965025.6987027086,623.7851909991267,-623.7851909991267,pass,2769.0
6.353296008941914,200.21290082869257,221930.30183463724,634.5565018182571,-634.5565018182571,pass,2770.0
5.9142408471584424,227.13527316984857,235224.285721356,729.3795200652747,-729.3795200652747,pass,2771.0
7.034469428040741,180.97953887399666,182889.87111808494,774.4868771676962,-774.4868771676962,pass,2772.0
5.313137895879029,172.37658980004687,260828.7501528181,968.1401240215547,-968.1401240215547,pass,2773.0
8.088381616732315,199.68351741371234,221181.98652710702,462.2867269276775,-462.2867269276775,pass,2774.0
7.689069866972952,123.43919034538348,143245.77412476327,634.2749102160635,-634.2749102160635,pass,2775.0
2.793549218930686,265.4368481742135,169503.60293406318,573.0916638390228,-573.0916638390228,pass,2776.0
7.660630295552966,179.74313064035408,207510.08791495994,934.983750101801,-934.983750101801,pass,2777.0
4.40326936122465,196.87044801823993,91565.95864891187,610.6759276207656,-610.6759276207656,pass,2778.0
3.649841418609351,198.4465365942469,820049.2576839922,803.2201520530444,-803.2201520530444,pass,2779.0
7.243642569296799,161.3389820392041,165692.9100436965,558.757690810734,-558.757690810734,pass,2780.0
7.169863271797268,204.79315017773726,325688.6329825395,826.806438238756,-826.806438238756,pass,2781.0
4.024737874956985,243.22829439798852,152392.74250929238,679.5298184581459,-679.5298184581459,pass,2782.0
6.742980063670121,160.17361038278625,120361.9354343215,753.5978897279938,-753.5978897279938,pass,2783.0
6.756543756239854,178.15064399789856,140097.5643405715,555.0070239278289,-555.0070239278289,pass,2784.0
8.462536409901567,198.56576265563604,585599.857078715,978.8870043892427,-978.8870043892427,pass,2785.0
5.968229087577728,179.09275508054571,140759.09938273832,572.2287052404856,-572.2287052404856,pass,2786.0
6.9183839097229995,232.55729989943583,164249.4258581617,543.309207061862,-543.309207061862,pass,2787.0
4.91711466467815,236.97122059702195,988410.5791015625,656.1585155730976,-656.1585155730976,pass,2788.0
6.686466374211751,137.75293176721618,180918.9022311965,671.0535464851799,-671.0535464851799,pass,2789.0
6.463198776578987,264.1980236673632,422209.9530420901,720.7995676502966,-720.7995676502966,pass,2790.0
3.8484268689735064,277.67542361334813,208231.15017397667,708.7174660723589,-708.7174660723589,pass,2791.0
6.502432565873173,270.2060725386106,272082.65174148825,551.6434073022958,-551.6434073022958,pass,2792.0
7.539214570202797,279.2493038296309,389884.37366815784,604.4410718249861,-604.4410718249861,pass,2793.0
6.11163763400241,161.9035355384259,156797.9178561965,928.1732649346591,-928.1732649346591,pass,2794.0
7.134223881541379,175.17825400721193,126657.12746100707,555.1683290814192,-555.1683290814192,pass,2795.0
6.305700796926586,170.39853929593184,219451.04411535198,633.9967404136398,-633.9967404136398,pass,2796.0
6.657151142883311,229.68482394156183,127344.47370963724,452.491917504662,-452.491917504662,pass,2797.0
6.797509995280481,202.938289134937,104088.76565861564,626.602750621319,-626.602750621319,pass,2798.0
6.406266193573979,277.12955006909004,334400.80408523825,719.0689997995667,-719.0689997995667,pass,2799.0
3.528485904427429,280.59456541697045,289766.2053999174,882.1432984038138,-882.1432984038138,pass,2800.0
3.7640379008294955,213.2070840815474,107534.89874613835,641.1894738812717,-641.1894738812717,pass,2801.0
6.207794788563816,208.26263307644942,207573.41911535198,1095.2574031719575,-1095.2574031719575,pass,2802.0
5.5541361339748745,231.72402214053062,359361.647133887,494.6858478027709,-494.6858478027709,pass,2803.0
5.178517500353085,242.16957970355725,354268.55723297026,547.3844217298196,-547.3844217298196,pass,2804.0
7.209164918391681,219.40515991969653,193089.41702580312,804.5126319950479,-804.5126319950479,pass,2805.0
4.303875994845539,205.13307532652155,167759.2837791016,760.2490333964486,-760.2490333964486,pass,2806.0
8.80922958101912,169.247791724778,195464.04316773202,574.3682489251613,-574.3682489251613,pass,2807.0
7.768068848792807,282.59107934249204,339876.6196222851,618.4623118701883,-618.4623118701883,pass,2808.0
7.93348757491453,161.7141624669819,172495.3413833105,646.8437295120574,-646.8437295120574,pass,2809.0
6.150698773885655,203.7561726011302,883176.9835098227,651.8667605332133,-651.8667605332133,pass,2810.0
6.6273641654199045,196.6039247424803,221259.73356847698,884.5427465741532,-884.5427465741532,pass,2811.0
6.418618092813252,171.01683087762825,363287.58303214744,925.0365063388434,-925.0365063388434,pass,2812.0
6.1799984479255095,160.2990762077156,833286.7087904704,668.2978407412949,-668.2978407412949,pass,2813.0
6.358820826523743,167.86208265375183,226798.2323093215,568.9230513785869,-568.9230513785869,pass,2814.0
6.842911028573481,170.18887125565627,183805.0471671098,693.281653107521,-693.281653107521,pass,2815.0
7.835294334375664,168.33591430811907,445678.79246294696,678.8358122325757,-678.8358122325757,pass,2816.0
5.750197383845417,196.4476098926268,187874.1381094926,747.5357840167551,-747.5357840167551,pass,2817.0
8.49481198083277,270.630804968583,287925.6933720389,284.89404429118264,-284.89404429118264,pass,2818.0
6.292083094644557,252.71782524523462,345394.37995963724,449.9410350824812,-449.9410350824812,pass,2819.0
5.088142189013968,204.8518928998443,159171.93171744974,623.3681494090642,-623.3681494090642,pass,2820.0
2.9851402155834554,285.3336590659244,1000000.0,930.8073341787139,-930.8073341787139,pass,2821.0
6.141175654708124,202.75924031360694,118210.13382267814,819.1796566982738,-819.1796566982738,pass,2822.0
4.396594924971789,243.86210685334115,1000000.0,894.2233589173464,-894.2233589173464,pass,2823.0
4.202710291490287,215.03937464318184,777388.1111996172,657.1254076146841,-657.1254076146841,pass,2824.0
6.587391813102375,223.3338882440063,159381.66316276224,603.8460089892496,-603.8460089892496,pass,2825.0
6.496770911841369,210.08027693553515,169879.24124455312,569.0867077800333,-569.0867077800333,pass,2826.0
5.456005019604063,178.73076404720268,324792.5386539785,723.1946183275066,-723.1946183275066,pass,2827.0
3.2525673014840084,280.0785599009182,142014.30696241738,611.6166004976593,-611.6166004976593,pass,2828.0
4.320858934678519,275.55884564983756,207702.91348093818,1097.141234211316,-1097.141234211316,pass,2829.0
7.239373533834174,254.58066983293236,306608.8711064139,676.3146458637832,-676.3146458637832,pass,2830.0
4.030344763064565,207.45239796437517,244768.39801371648,713.461856187227,-713.461856187227,pass,2831.0
7.272985207044453,243.12721835519937,456663.4126696227,539.2433336151375,-539.2433336151375,pass,2832.0
5.567581288930999,220.71107216571545,327616.77988922026,692.4184715308187,-692.4184715308187,pass,2833.0
7.277803035952805,180.73911090311043,288228.15627433494,714.7468376713197,-714.7468376713197,pass,2834.0
7.688876567742065,187.08171268043597,221221.03501953866,661.2468677753185,-661.2468677753185,pass,2835.0
6.039111266660701,233.31366605696405,67910.18074088724,546.9373184073673,-546.9373184073673,pass,2836.0
8.496521799227432,181.53929479656298,249128.10957398202,521.3491998684051,-521.3491998684051,pass,2837.0
5.660357055131965,244.87219904302873,997147.4921875,574.6144578951427,-574.6144578951427,pass,2838.0
8.899309530576668,184.3460447364815,240289.24629273202,885.2089507888111,-885.2089507888111,pass,2839.0
4.6680066421947535,228.78476289125192,612872.3704933998,1118.2482863887503,-1118.2482863887503,pass,2840.0
3.8987520617696942,231.20431297383217,1000000.0,644.5443253760437,-644.5443253760437,pass,2841.0
5.301632911675416,142.9256917769818,109835.3182468215,814.1805062597579,-814.1805062597579,pass,2842.0
1.645003269406219,272.45599951902886,69606.74299757363,641.0283313313853,-641.0283313313853,pass,2843.0
3.689926794203287,225.2043085417341,834088.3214211342,663.6377570377008,-663.6377570377008,pass,2844.0
4.53627297497372,212.40500294035985,887557.1577350482,648.4299046299305,-648.4299046299305,pass,2845.0
2.1633279377801546,259.79019070283425,211195.18972475792,922.6872243198704,-922.6872243198704,pass,2846.0
5.804012423500747,190.63999953976779,846932.7938168047,631.8421931358603,-631.8421931358603,pass,2847.0
6.879294945260719,185.64411063728411,174401.48408570077,515.773959290488,-515.773959290488,pass,2848.0
8.048116179682967,196.73967959102623,211319.93166495994,446.4852422822664,-446.4852422822664,pass,2849.0
7.179850920373766,200.65096496655562,167028.62224035198,501.77392399435377,-501.77392399435377,pass,2850.0
5.501506250088719,243.34169945072762,349502.42908523825,866.1082241128504,-866.1082241128504,pass,2851.0
5.844899236446703,241.48211406710533,337514.785805762,857.452940991566,-857.452940991566,pass,2852.0
7.861107993040443,206.37480058012088,202015.64619507577,867.2482561451272,-867.2482561451272,pass,2853.0
8.389436128913053,172.98096978556276,122252.97707038207,668.4535003178095,-668.4535003178095,pass,2854.0
6.856104480850707,247.18699796137537,262172.03035026224,480.0711403936466,-480.0711403936466,pass,2855.0
7.652350959236012,213.68641938505252,282289.5147253492,631.8026265644444,-631.8026265644444,pass,2856.0
5.885462130236636,231.70228911575998,308594.5691686216,688.2733645911693,-688.2733645911693,pass,2857.0
6.756536895909069,205.63101096567146,166799.0281005068,462.5482375699148,-462.5482375699148,pass,2858.0
3.50479603588788,237.77690624312413,344538.8635528829,1150.6628322794159,-1150.6628322794159,pass,2859.0
2.6819223267754513,277.2028665796902,202573.02961866738,801.8618630496735,-801.8618630496735,pass,2860.0
5.922458025203613,151.59244990476446,209640.05446086332,877.1186719582446,-877.1186719582446,pass,2861.0
3.927676360102554,247.59922554651757,90222.57649366738,563.0752089115407,-563.0752089115407,pass,2862.0
4.819771650064002,195.64868874487604,144570.49714713724,692.8566733254738,-692.8566733254738,pass,2863.0
6.767170188107002,247.66928596502578,423644.04461620795,680.7394336410302,-680.7394336410302,pass,2864.0
6.56176942078915,159.39781358965712,195244.27174601957,704.8674499313531,-704.8674499313531,pass,2865.0
7.888091722836927,147.11152120170672,169517.53535523202,611.0458139349836,-611.0458139349836,pass,2866.0
7.263025767440168,206.83865272118666,162735.34099035198,575.7108791664097,-575.7108791664097,pass,2867.0
6.5150800781886735,274.02517949355405,350928.3090754101,593.8775755105005,-593.8775755105005,pass,2868.0
4.971058117973815,187.11019749579157,224869.38484244974,848.9372115841352,-848.9372115841352,pass,2869.0
8.613102650603489,132.79352994499286,134033.28926148202,631.2292601350407,-631.2292601350407,pass,2870.0
6.28769782263379,299.69726568460464,696067.6319968555,825.0623855261837,-825.0623855261837,pass,2871.0
4.603729987931477,220.66042407249188,343686.28086578276,705.5225757433246,-705.5225757433246,pass,2872.0
5.732702444124232,247.12933320936884,234248.07136588724,942.4999458598489,-942.4999458598489,pass,2873.0
7.981121265176343,288.4584085923604,595924.660317168,391.63531663053806,-391.63531663053806,pass,2874.0
7.353649614712433,222.77714963493426,200958.36494507577,596.3389828991119,-596.3389828991119,pass,2875.0
6.010046877675496,168.67955511163757,191744.9159030715,867.5928506158278,-867.5928506158278,pass,2876.0
5.982858422482578,210.34751962735274,145306.17106847698,649.5106557214551,-649.5106557214551,pass,2877.0
6.662248569810955,207.68885754658797,174537.62614660198,472.11330367154454,-472.11330367154454,pass,2878.0
6.885409886517285,216.6000389617347,132898.58596183494,746.6220007382093,-746.6220007382093,pass,2879.0
4.1488575758209425,284.218201662698,113651.10872022988,651.2805580359998,-651.2805580359998,pass,2880.0
6.932866650903789,202.94341444089034,251999.25700597698,671.4756648278676,-671.4756648278676,pass,2881.0
7.520966815330742,216.82649035867684,246894.14650870994,500.00593763001973,-500.00593763001973,pass,2882.0
8.023285526909799,266.039267887136,355466.9068102477,627.8521776189035,-627.8521776189035,pass,2883.0
3.6515846083147654,261.5883989246274,102224.16628725792,703.5975923890421,-703.5975923890421,pass,2884.0
2.502365816362512,258.79477571513485,1000000.0,830.0671805840929,-830.0671805840929,pass,2885.0
3.153865082023872,268.9536175640012,133593.56863100792,671.034377987416,-671.034377987416,pass,2886.0
6.684844240707435,183.56616904239857,343106.216225927,786.9967047471123,-786.9967047471123,pass,2887.0
5.952720495849162,216.30194410665766,276867.68099589844,524.9625160526957,-524.9625160526957,pass,2888.0
7.721611513158516,229.7062798315056,222117.46699585702,394.8326251385079,-394.8326251385079,pass,2889.0
6.95337330269692,208.97402119560786,233669.87796330312,748.516083127808,-748.516083127808,pass,2890.0
6.924302591344551,199.4199509197243,124036.16767945077,535.1951301842507,-535.1951301842507,pass,2891.0
7.769503735505698,180.2779696744346,155943.21389152244,777.7222400080276,-777.7222400080276,pass,2892.0
7.929134652363196,158.09367087290573,117250.17634424802,683.8529097655781,-683.8529097655781,pass,2893.0
6.792359749603282,249.5986096375915,359020.55769401224,642.0806636435943,-642.0806636435943,pass,2894.0
7.694881565207807,191.29927562787154,243662.39763097698,1170.4665568703176,-1170.4665568703176,pass,2895.0
7.793399292408116,156.14606606852175,174421.44679694457,769.4527216499658,-769.4527216499658,pass,2896.0
7.35461990382357,135.75562091407855,172446.96504273202,975.701985882311,-975.701985882311,pass,2897.0
5.351818407368885,239.21703644489025,398361.20176422026,1015.5045877606312,-1015.5045877606312,pass,2898.0
6.1035373907566175,244.85627020535196,342097.10456901224,819.2468031667566,-819.2468031667566,pass,2899.0
6.540249539872841,184.98113484916766,194962.77705445077,638.7027055762991,-638.7027055762991,pass,2900.0
5.763121054285012,178.59892719339416,105934.2205905715,670.5569407261445,-670.5569407261445,pass,2901.0
4.6815440365814265,191.69446191175714,153593.68075175784,1011.1214908674581,-1011.1214908674581,pass,2902.0
8.422402421512363,172.58002658304207,211653.39772941306,935.1935975669797,-935.1935975669797,pass,2903.0
3.2152267301662096,248.767758122244,195049.84597475792,704.4141204432091,-704.4141204432091,pass,2904.0
4.213361226291929,166.40715727953383,166395.6771261144,760.4983767305561,-760.4983767305561,pass,2905.0
6.299158799732296,203.76631449772933,192363.72770910198,744.0262699239773,-744.0262699239773,pass,2906.0
7.7307050380577,181.14800908968735,145653.41023096675,539.348351452717,-539.348351452717,pass,2907.0
6.628527598955391,182.65306134637825,249804.91603995994,744.9373512666396,-744.9373512666396,pass,2908.0
9.82408659007235,192.79193873939593,260038.69014038827,449.7573868368888,-449.7573868368888,pass,2909.0
3.573902299068708,235.32066674588282,544431.5110147124,749.6436891142172,-749.6436891142172,pass,2910.0
4.763345216278606,254.21346484064378,996640.9162597656,922.872821482118,-922.872821482118,pass,2911.0
4.128506549611002,204.94511565550104,229869.7290916016,710.3133426620822,-710.3133426620822,pass,2912.0
6.489486790532438,197.4768210561476,223549.20427160198,561.7350671578531,-561.7350671578531,pass,2913.0
6.895204559677087,181.19931834291503,190090.9784030715,642.8441847550656,-642.8441847550656,pass,2914.0
3.296746196514171,277.0409616119297,958959.3676959857,728.8679531869587,-728.8679531869587,pass,2915.0
5.066393075915342,200.48868635507333,738449.3704933998,708.382196619261,-708.382196619261,pass,2916.0
4.161169834414681,259.351315523782,202772.80696241738,600.7125871657552,-600.7125871657552,pass,2917.0
6.377233178346134,207.31217381282397,182117.14456486562,565.3003142810998,-565.3003142810998,pass,2918.0
4.887223753024512,247.82491873144426,962807.1728515625,875.3074502216987,-875.3074502216987,pass,2919.0
6.78461270270562,190.29615040239327,214085.63088370994,642.1984646252847,-642.1984646252847,pass,2920.0
7.563028707016661,300.0,373005.46241500764,405.76353923842765,-405.76353923842765,pass,2921.0
8.386186625221804,160.58862778351593,182253.7984145605,800.8431996393231,-800.8431996393231,pass,2922.0
7.903670458280846,179.0419241729262,392703.47605669696,793.382558488208,-793.382558488208,pass,2923.0
5.234393374040037,201.5089965759112,250451.6665916016,1198.3535058088096,-1198.3535058088096,pass,2924.0
7.887164413361438,214.884661554209,90403.58937506957,766.4346935676153,-766.4346935676153,pass,2925.0
5.300872926477962,250.47635327219285,988388.2578125,592.9549757667901,-592.9549757667901,pass,2926.0
7.775965406407073,300.0,301713.42335250764,290.0926253473945,-290.0926253473945,pass,2927.0
1.5952456099709469,263.7342330471661,97072.89485304238,631.2273034998199,-631.2273034998199,pass,2928.0
7.6704528018443145,206.34608312187274,167198.98945679452,656.0494439528642,-656.0494439528642,pass,2929.0
4.341038637774249,267.1542663828518,182952.02473585488,661.1219148321978,-661.1219148321978,pass,2930.0
3.9404903538304685,265.50474990721773,901178.7402459191,609.2475591071217,-609.2475591071217,pass,2931.0
6.8461284495524986,183.9012800986676,99031.620004634,550.0939587873053,-550.0939587873053,pass,2932.0
7.90995550462064,206.36220931126692,224442.02458410198,556.0189514210003,-556.0189514210003,pass,2933.0
2.9030208093842464,245.66680672327539,357412.1116499174,837.072010613132,-837.072010613132,pass,2934.0
7.696530899532793,189.2794971030616,198812.82521964744,532.0125160128905,-532.0125160128905,pass,2935.0
6.609311009333996,154.1647403252967,130503.97877726957,615.1463226637558,-615.1463226637558,pass,2936.0
5.129631702665859,234.00123892664232,1000000.0,622.6842882838827,-622.6842882838827,pass,2937.0
5.083976099682079,240.96299870704388,408088.48301422026,761.9408050390151,-761.9408050390151,pass,2938.0
5.00325462675529,258.05483780741014,1000000.0,601.3347278949439,-601.3347278949439,pass,2939.0
8.11415313267205,182.63765227686525,48839.68996100707,692.7636537665979,-692.7636537665979,pass,2940.0
3.842939521165748,232.36123993555566,116817.99055616738,596.4159151740499,-596.4159151740499,pass,2941.0
7.451068320194452,280.1898013280585,443183.7762120777,788.9367014859426,-788.9367014859426,pass,2942.0
7.319634704534308,263.05464516890805,396472.1196222851,667.4211129883688,-667.4211129883688,pass,2943.0
5.680902786875653,184.12040275707503,876053.9274795493,689.4525596352489,-689.4525596352489,pass,2944.0
7.868559820911125,196.2916731410988,204434.29902710702,565.9643303123313,-565.9643303123313,pass,2945.0
4.140805667100681,264.9598271758939,174734.54128725792,691.1476400144217,-691.1476400144217,pass,2946.0
7.29026927039637,178.1349261440303,988427.509765625,678.7994194598709,-678.7994194598709,pass,2947.0
8.504825010328181,210.55515181910158,97993.28560309691,728.1080799091194,-728.1080799091194,pass,2948.0
5.925175924602161,203.15518684324945,212477.70613151224,948.6166895965476,-948.6166895965476,pass,2949.0
6.878463313692055,144.2220522696881,137800.5838718215,629.9183888069878,-629.9183888069878,pass,2950.0
5.31661495291927,199.11134393152918,214295.96882682474,761.1973761238937,-761.1973761238937,pass,2951.0
2.7563294226510653,272.3574223579551,217875.44558413292,1114.1187560392905,-1114.1187560392905,pass,2952.0
7.044392454006432,191.32884846743576,211225.26564933494,573.1510680633738,-573.1510680633738,pass,2953.0
3.91575987007636,206.41169490613237,120592.26886332585,653.2516555629047,-653.2516555629047,pass,2954.0
7.286611421367363,235.712737160302,198323.60273804452,582.0120085548383,-582.0120085548383,pass,2955.0
7.91240047510548,140.05958505210955,128522.41035523202,659.665698415672,-659.665698415672,pass,2956.0
5.331843898408852,182.86853521417663,115952.2264499465,572.39987902944,-572.39987902944,pass,2957.0
6.480331285633884,130.74755304407165,106614.153207759,614.7906908575808,-614.7906908575808,pass,2958.0
6.661196175301639,193.53963278843977,221450.41130285198,1017.0979737913088,-1017.0979737913088,pass,2959.0
7.32049096721938,275.14037331890694,282315.85681961325,267.80489865898335,-267.80489865898335,pass,2960.0
7.159762213506458,163.10221429285042,231527.89357902244,944.9005710134661,-944.9005710134661,pass,2961.0
3.7143496555540265,220.56076686940102,1000000.0,888.3057069709524,-888.3057069709524,pass,2962.0
7.382993537271587,200.10359477116683,147139.11491613323,704.88953569166,-704.88953569166,pass,2963.0
5.869636925685416,237.23443559941973,278217.01277213724,987.6764265136578,-987.6764265136578,pass,2964.0
7.2935166837560015,217.45685028921724,99508.90480475707,939.6750094538871,-939.6750094538871,pass,2965.0
5.693438034241703,265.59974124979607,374852.06189773825,721.3832709803534,-721.3832709803534,pass,2966.0
6.2089036279699785,143.16329665597908,170181.10353995994,678.8261434434185,-678.8261434434185,pass,2967.0
8.05624004014787,206.86790215088942,218064.44401769573,551.4798119932416,-551.4798119932416,pass,2968.0
2.6686275506599078,300.0,228883.26443178917,1001.332141010332,-1001.332141010332,pass,2969.0
4.485456542337121,197.0008756140639,271083.09723246645,857.016105729705,-857.016105729705,pass,2970.0
7.037787972351746,219.0146933370598,269619.5949255445,875.6079006994047,-875.6079006994047,pass,2971.0
6.942173852432921,297.55939960479736,394468.12257125764,1002.2035356012393,-1002.2035356012393,pass,2972.0
6.074012461340511,280.91448139193443,298021.117837012,404.4702029769516,-404.4702029769516,pass,2973.0
5.467960592096356,268.0467790062391,352991.14197586325,905.033287791897,-905.033287791897,pass,2974.0
7.139466269275383,125.14670463142474,181753.90449585702,826.5711100083815,-826.5711100083815,pass,2975.0
6.393151263523112,242.21133799490656,103487.48542838724,822.7644791861602,-822.7644791861602,pass,2976.0
3.213211087629527,234.6150531109324,995326.2358398438,1130.3907150595471,-1130.3907150595471,pass,2977.0
6.722481685259102,176.58869446929924,236182.80617667869,792.2386158894259,-792.2386158894259,pass,2978.0
6.139740041679228,240.36312412264732,374433.244790137,898.1660340895304,-898.1660340895304,pass,2979.0
6.428455785239625,195.51187616958876,982444.9732559165,877.0460285395362,-877.0460285395362,pass,2980.0
4.734448177859515,228.511960559701,894588.1922543047,644.1245823914659,-644.1245823914659,pass,2981.0
7.934285137929887,292.5148935436812,365846.4087633727,490.28653030238166,-490.28653030238166,pass,2982.0
7.162514346922008,198.78932308270552,301214.979662227,576.9545654583908,-576.9545654583908,pass,2983.0
5.959619237443642,221.41925247249682,201845.6231237867,518.1190381688058,-518.1190381688058,pass,2984.0
7.616726851424412,204.00711091098864,237129.17890991952,722.869139641656,-722.869139641656,pass,2985.0
6.0803518693924055,219.8504783624145,283028.31062369974,783.1432166518426,-783.1432166518426,pass,2986.0
7.674322394987778,201.24063344535907,216436.95625366952,462.65676314409313,-462.65676314409313,pass,2987.0
3.8114302547354346,270.0711436377755,242920.89394968818,721.7146265586812,-721.7146265586812,pass,2988.0
6.9210299098776655,168.87675988566042,144996.53273444457,628.7971481884217,-628.7971481884217,pass,2989.0
6.31597147952839,131.96529357980774,177161.8651218215,707.9231218792571,-707.9231218792571,pass,2990.0
5.3718687322020635,246.6584467404815,233878.668533856,980.8860900877892,-980.8860900877892,pass,2991.0
7.136777170925117,176.2374877326066,46092.50882267814,575.1887795334159,-575.1887795334159,pass,2992.0
8.26631183813925,286.56962733488024,237897.24757125764,687.3156094068713,-687.3156094068713,pass,2993.0
5.956732352080952,238.36728591856684,238860.74714713724,971.6717982802659,-971.6717982802659,pass,2994.0
6.032964217746822,161.24746202542403,254870.32536535198,852.9067569215381,-852.9067569215381,pass,2995.0
7.725303717771737,266.81113635766053,441092.3882726246,825.2554784297305,-825.2554784297305,pass,2996.0
8.246885814586847,283.60906278359437,463850.2547277027,1102.8250792030356,-1102.8250792030356,pass,2997.0
3.445966668727083,256.943130961218,161666.06570132042,865.0506022992859,-865.0506022992859,pass,2998.0
7.09621358178855,264.29618139204706,249574.51765494974,633.6256376734232,-633.6256376734232,pass,2999.0
5.4061520423770055,215.98054070410456,159507.87391715677,498.66470861373,-498.66470861373,pass,3000.0
5.4822144404083595,196.38267106947626,180358.69538932474,991.8366249838559,-991.8366249838559,pass,3001.0
6.546710170144407,178.90630816533186,212806.57731847698,639.0629335457943,-639.0629335457943,pass,3002.0
7.207152950145958,176.45961518701546,137454.27102042869,634.9628096828866,-634.9628096828866,pass,3003.0
8.135134419759945,196.3230394893654,208832.76973023202,469.3349010815883,-469.3349010815883,pass,3004.0
5.782732221175604,259.6705576026372,998492.6328125,760.7239235822592,-760.7239235822592,pass,3005.0
6.20726969625583,270.260816186186,291918.77283523825,717.1724036059471,-717.1724036059471,pass,3006.0
5.366210181974612,145.31236475061462,151029.23749730978,657.9306069295636,-657.9306069295636,pass,3007.0
5.165298956716625,188.02671622349837,98131.41911535198,751.3480174811174,-751.3480174811174,pass,3008.0
5.887861184066618,275.5419948005953,281034.7529688479,464.97350477933287,-464.97350477933287,pass,3009.0
9.601087445974542,187.61280804144886,632148.4578527027,697.3717637461291,-697.3717637461291,pass,3010.0
6.999664379617409,177.70492835578997,149656.02900757577,649.2149926328339,-649.2149926328339,pass,3011.0
7.128864840381585,186.98027484964416,185652.045785884,589.3620664610306,-589.3620664610306,pass,3012.0
6.294596219943432,158.87930846341925,139485.02858195707,632.0844767551473,-632.0844767551473,pass,3013.0
8.077827005049423,183.93705649910052,187678.51387085702,597.0917656803209,-597.0917656803209,pass,3014.0
7.177584425816504,181.06956767155745,211341.17888097698,957.0146729977694,-957.0146729977694,pass,3015.0
7.597925975757628,113.69239278373797,101244.02021851327,709.3617125169956,-709.3617125169956,pass,3016.0
7.505369807162044,159.8736567061805,186919.93166495994,633.2872804256161,-633.2872804256161,pass,3017.0
6.689477499311474,234.94331416439644,395434.38123367575,667.8291343743158,-667.8291343743158,pass,3018.0
6.940907045631297,188.0596088160193,182486.85890631957,563.0088099513476,-563.0088099513476,pass,3019.0
6.131385548373894,177.78702397880633,245803.47627320077,928.2349577251947,-928.2349577251947,pass,3020.0
8.049974395577209,265.90351544631284,477473.5854425976,293.20986001534607,-293.20986001534607,pass,3021.0
3.453116725178619,298.33831694284936,269079.3186811674,883.9005930166297,-883.9005930166297,pass,3022.0
4.22226167295906,230.92407899460702,979789.3056881425,620.8748300119147,-620.8748300119147,pass,3023.0
7.182545558326684,165.44544761728332,92483.2049655715,665.7940402796338,-665.7940402796338,pass,3024.0
9.397602392694191,187.00758405265887,292012.41865601327,1098.1787468844936,-1098.1787468844936,pass,3025.0
8.834036244413094,186.19793029365619,265049.4132849195,916.1393678433795,-916.1393678433795,pass,3026.0
5.070698770511161,218.0846673959228,164583.67713981302,523.0418975190452,-523.0418975190452,pass,3027.0
7.3302439400336725,174.77504356321327,162840.17531730369,512.6449179708494,-512.6449179708494,pass,3028.0
8.820168852852216,165.66246177227322,991261.4034629061,708.8154087311677,-708.8154087311677,pass,3029.0
8.051065015256597,222.3284994291022,460857.5760167652,607.4499676198996,-607.4499676198996,pass,3030.0
5.844352218592731,163.53081797673323,185070.15544347698,728.1960352357569,-728.1960352357569,pass,3031.0
8.886723568709126,168.04160930187527,1000000.0,942.0778166158351,-942.0778166158351,pass,3032.0
3.4269017232378918,248.9098997370388,197815.85969679238,922.7764060884143,-922.7764060884143,pass,3033.0
8.072744130520709,177.96287810694338,118641.13527350707,820.9922546526715,-820.9922546526715,pass,3034.0
7.386472378053636,268.4336652874556,475040.1157946227,392.87620196989815,-392.87620196989815,pass,3035.0
5.042925181676321,243.38205669760026,854729.125,729.8451481403166,-729.8451481403166,pass,3036.0
4.834134335112797,230.2068217286942,320053.79453765776,687.3846403454788,-687.3846403454788,pass,3037.0
3.146451741757078,253.5320746810819,252689.90554507042,976.5946087496676,-976.5946087496676,pass,3038.0
8.17421014922727,164.68525969874025,129844.92628913207,640.1600365107231,-640.1600365107231,pass,3039.0
6.44062673537579,148.56202721723395,170469.48658976957,725.54175048512,-725.54175048512,pass,3040.0
2.2616398648996,285.8369124041787,134989.25918406318,705.0348133062058,-705.0348133062058,pass,3041.0
7.95636713488677,141.69997640190203,144507.41450562264,615.767589653264,-615.767589653264,pass,3042.0
7.101248342671364,261.19904328580765,379376.32386347034,347.8503792737808,-347.8503792737808,pass,3043.0
6.550099950020817,257.6588643486463,445008.26502273825,793.9827542262136,-793.9827542262136,pass,3044.0
6.3759984679154975,128.9296027953534,91439.17341039571,661.2290600394207,-661.2290600394207,pass,3045.0
4.184344401417507,281.7824779065038,247781.77175600792,517.9532893201367,-517.9532893201367,pass,3046.0
3.16848353838755,244.7296414287473,161658.33425600792,715.061126175275,-715.061126175275,pass,3047.0
7.706421787252859,132.71894021568377,199739.53340210702,1001.1980037111712,-1001.1980037111712,pass,3048.0
5.666233892774666,272.9767676347771,273054.07883554714,854.8354545800826,-854.8354545800826,pass,3049.0
6.530843260575705,235.3927084052495,931642.349609375,898.5607523536048,-898.5607523536048,pass,3050.0
8.325398067512271,174.61208696779244,246115.19948722556,952.616491873626,-952.616491873626,pass,3051.0
8.902197963604262,141.97837115795437,966415.2838339999,761.7912434971086,-761.7912434971086,pass,3052.0
6.619899246154897,157.67779832812334,200042.8943755297,1106.774590603122,-1106.774590603122,pass,3053.0
4.582013225017322,260.5614056499387,257059.80300600792,755.8661016795108,-755.8661016795108,pass,3054.0
3.701897656379474,273.8265615613843,210641.91824038292,690.6794956642152,-690.6794956642152,pass,3055.0
9.10514800097628,208.6279885345467,221065.42414917733,450.8632906934213,-450.8632906934213,pass,3056.0
6.657052055709801,198.75399177621887,112845.7655124465,584.5522775077484,-584.5522775077484,pass,3057.0
8.081850598134753,194.6132095020675,213547.37502433494,587.1453378362834,-587.1453378362834,pass,3058.0
6.186517084765445,232.39327187475885,125119.74324088724,613.8007532772249,-613.8007532772249,pass,3059.0
3.8192144723314887,261.7114651309243,132200.07363718818,502.54167497959605,-502.54167497959605,pass,3060.0
6.196874174559681,149.9975135238371,263118.895677852,925.6888847672585,-925.6888847672585,pass,3061.0
7.179729117695587,272.5654239654541,332773.99767404294,604.0379528362238,-604.0379528362238,pass,3062.0
7.951699389923766,282.16354413102806,295760.03077438264,387.9046208160508,-387.9046208160508,pass,3063.0
5.73829696673682,276.16098603558174,318580.56385086325,1031.801304086381,-1031.801304086381,pass,3064.0
6.334780738466225,192.7684799964337,228914.182504634,839.5397600150746,-839.5397600150746,pass,3065.0
4.252267458701314,209.7991353491713,149217.61383402898,802.107339440387,-802.107339440387,pass,3066.0
4.315126172246595,236.92185118357202,209426.95539991738,693.2699818559294,-693.2699818559294,pass,3067.0
3.369476404949337,195.8252931533648,141346.3228416016,625.1065830946266,-625.1065830946266,pass,3068.0
8.248147177843586,203.5262817317017,220144.19648804452,451.9437073832622,-451.9437073832622,pass,3069.0
7.052194038914112,160.43968105443793,148014.88209758207,605.1746597500255,-605.1746597500255,pass,3070.0
3.7892661925794497,244.2090693930556,166405.92926371648,975.3268031260852,-975.3268031260852,pass,3071.0
6.435931908714782,250.88983709749903,339728.99128776224,692.9869988904973,-692.9869988904973,pass,3072.0
7.64415357854052,206.0747839981087,265877.58564820077,602.4330651838189,-602.4330651838189,pass,3073.0
5.0367822184453575,273.95848900254515,240975.47301065718,1157.7164546449487,-1157.7164546449487,pass,3074.0
4.9366042128152,225.39987247153087,875803.8689297594,702.9975319867389,-702.9975319867389,pass,3075.0
7.0914036506197435,179.54977078851692,147272.9626708193,617.1079058479235,-617.1079058479235,pass,3076.0
7.79006424437876,265.1753777987832,334173.5839970389,489.9528346215949,-489.9528346215949,pass,3077.0
7.453110976759688,253.45730696929257,326869.4360285351,977.3958715459265,-977.3958715459265,pass,3078.0
8.864681624427863,106.63004349693477,295546.5703629635,969.7207815582378,-969.7207815582378,pass,3079.0
7.718630223898776,196.48580586802126,137459.15456061644,575.5307060255121,-575.5307060255121,pass,3080.0
8.161578349415272,184.9694414417534,145932.0073989355,644.595704510207,-644.595704510207,pass,3081.0
7.461144662278901,225.45346279082025,246489.65730338724,809.4609037611049,-809.4609037611049,pass,3082.0
5.438688195532644,269.7170722389498,304700.055337012,453.5581179281996,-453.5581179281996,pass,3083.0
7.760342104975479,262.09678708327573,424881.7241144726,518.2960158515718,-518.2960158515718,pass,3084.0
5.4303397470854815,210.93423065527216,178029.38094707034,531.4798570237791,-531.4798570237791,pass,3085.0
7.731943821868137,208.1606221967705,175804.43379273202,574.1899075622184,-574.1899075622184,pass,3086.0
3.9713007164915997,238.7549858347561,140657.68489210488,671.4538059294165,-671.4538059294165,pass,3087.0
7.52125473556733,199.85986100253098,228149.31252433494,741.9814787746116,-741.9814787746116,pass,3088.0
6.565107746383385,230.95378645000537,220254.14375366952,689.1125828187387,-689.1125828187387,pass,3089.0
7.39014985276079,183.91138358530037,203011.70510245994,918.1912520824961,-918.1912520824961,pass,3090.0
6.2078382589281444,276.45416026356605,277700.8296290042,927.2997813687779,-927.2997813687779,pass,3091.0
8.272763609725027,119.52132125434954,58206.872269294516,844.4205190105051,-844.4205190105051,pass,3092.0
7.857479615751998,275.94988380683225,460730.6674738476,844.4849407781464,-844.4849407781464,pass,3093.0
7.869827217270091,255.7892989642495,344562.6211064139,1111.7822311016555,-1111.7822311016555,pass,3094.0
6.06713208860027,193.01736122103716,239375.70418998282,610.6409963352789,-610.6409963352789,pass,3095.0
5.190181869326703,220.65397411318804,179030.2342192797,768.9835179342124,-768.9835179342124,pass,3096.0
8.625465570351318,151.30360146102984,213082.06465210702,697.6379859521945,-697.6379859521945,pass,3097.0
6.3998777426414115,150.63355439256713,185543.2869968215,861.5145831748393,-861.5145831748393,pass,3098.0
6.97304428715041,276.8944431240522,395107.05213211325,634.3091288141354,-634.3091288141354,pass,3099.0
6.846060498981364,180.3747295130408,141535.26811652465,600.0336713684428,-600.0336713684428,pass,3100.0
1.8330569965561825,264.1808501736309,89699.18586866738,666.6768778463567,-666.6768778463567,pass,3101.0
7.377980370202035,262.1710492267814,358729.73664423206,667.9513619024998,-667.9513619024998,pass,3102.0
5.419307614898766,275.27836238387016,308944.25852304714,643.422869616838,-643.422869616838,pass,3103.0
6.367636221277724,244.17268521723474,280868.41902213724,764.86027868569,-764.86027868569,pass,3104.0
6.244835328156387,197.24845664664073,904834.4828823961,722.3293140116831,-722.3293140116831,pass,3105.0
6.446025871554582,245.71467541920686,433707.6148351246,921.9515712921732,-921.9515712921732,pass,3106.0
5.84625790202078,218.70897733285048,231395.95817785198,677.4478480000339,-677.4478480000339,pass,3107.0
7.041654161447851,220.4307776601515,213625.25505285198,536.9772479310263,-536.9772479310263,pass,3108.0
4.848292671854168,281.8867663265336,305983.36806782446,650.7794579003252,-650.7794579003252,pass,3109.0
8.457680317937024,150.67077708136202,171644.66554694457,563.8176209241276,-563.8176209241276,pass,3110.0
8.507212116230681,296.54862375329674,233441.91224410923,552.2019362252299,-552.2019362252299,pass,3111.0
7.151636805122402,270.5367382461988,380357.30017898825,1135.1361676166532,-1135.1361676166532,pass,3112.0
6.953332606041996,197.45126055791,171233.92009191448,522.0674504245761,-522.0674504245761,pass,3113.0
6.658849301970089,266.1284449005404,333922.758462012,519.7426813586416,-519.7426813586416,pass,3114.0
6.004289443826759,275.3292115831652,285502.953774512,856.7875674457547,-856.7875674457547,pass,3115.0
5.016480817143218,266.3080912710504,319062.5356379101,908.6911496626249,-908.6911496626249,pass,3116.0
7.813700992046483,194.9367035616553,100381.06105475707,776.8687305363427,-776.8687305363427,pass,3117.0
6.342679808664332,211.40642208990778,166420.30671744974,673.5751758607036,-673.5751758607036,pass,3118.0
6.88965889000353,204.40083228661635,231256.51872472698,708.6817459718476,-708.6817459718476,pass,3119.0
8.22396663702859,199.3466762476929,242763.28047241952,631.0437181393764,-631.0437181393764,pass,3120.0
6.8936102271920126,183.94732474400618,190201.14763097698,669.1906269016896,-669.1906269016896,pass,3121.0
5.110312196002869,174.76034999021368,169230.36305461332,1184.4911110915477,-1184.4911110915477,pass,3122.0
6.935450922434834,270.34002074551216,311431.76892898825,505.6260295128722,-505.6260295128722,pass,3123.0
8.128949459074624,141.34530341517092,186003.75050788207,854.8306598089646,-854.8306598089646,pass,3124.0
7.390473418751924,240.40803634392762,428341.4624913746,374.9957106898468,-374.9957106898468,pass,3125.0
3.7346294326504665,228.1954679743435,168732.84407179238,725.8582497628676,-725.8582497628676,pass,3126.0
4.3757383570714525,263.10341034769334,1000000.0,653.267835149343,-653.267835149343,pass,3127.0
2.315831580914939,258.1817393409005,155069.09219187568,849.6795316306774,-849.6795316306774,pass,3128.0
6.217931454159725,243.04653413301742,451908.45477245795,921.7144487857257,-921.7144487857257,pass,3129.0
3.545390071636241,254.20110594100072,957060.1411334857,648.7863505925864,-648.7863505925864,pass,3130.0
8.597715877042642,143.48903228313748,1000000.0,753.9671063205293,-753.9671063205293,pass,3131.0
3.6090235093815455,271.0402817638303,185897.59011538292,924.688625263801,-924.688625263801,pass,3132.0
8.51813732887847,107.91808938011349,249587.67583171348,794.6915138081545,-794.6915138081545,pass,3133.0
6.990459299916593,160.19114553048232,253178.57536535198,677.9546897739328,-677.9546897739328,pass,3134.0
3.283451659439338,281.01254843787206,198072.22488100792,732.2242730914766,-732.2242730914766,pass,3135.0
7.71668113711346,169.53598105799318,155712.12062506957,622.5452426801633,-622.5452426801633,pass,3136.0
3.9765984473082723,260.68807941040905,961940.8524105547,638.8020525915248,-638.8020525915248,pass,3137.0
4.916359446233595,242.79626916888145,334740.654946387,876.8434935911221,-876.8434935911221,pass,3138.0
6.954958109800117,273.7484996318817,318728.73400216794,784.8979999584819,-784.8979999584819,pass,3139.0
6.438759787341789,226.42302568492968,281866.345902107,706.8696253566882,-706.8696253566882,pass,3140.0
6.765497896252759,214.3115450133002,107148.26027350707,585.2021302100458,-585.2021302100458,pass,3141.0
7.737870349232452,268.0455165983514,309478.9809504101,806.5980291850614,-806.5980291850614,pass,3142.0
3.568748809697313,250.3102841289426,131360.63796694542,705.2707795187923,-705.2707795187923,pass,3143.0
3.6557509517094093,240.9307489649441,190821.01985304238,730.0516566329229,-730.0516566329229,pass,3144.0
7.167396354057549,175.5296227496528,158423.46633292869,570.9504106912442,-570.9504106912442,pass,3145.0
2.7635383994955665,257.773756276249,155147.00137156318,765.1474521728171,-765.1474521728171,pass,3146.0
6.194008628414539,153.33322954305487,107288.98366008207,734.3064342791264,-734.3064342791264,pass,3147.0
7.903717773616506,196.69319020974186,446719.3484777027,574.7988774009725,-574.7988774009725,pass,3148.0
5.764728363340405,259.2876304085218,305618.64197586325,630.3441480883486,-630.3441480883486,pass,3149.0
5.971553143090814,222.38247737272516,232663.25912089847,743.7904412826556,-743.7904412826556,pass,3150.0
6.6691691609011965,215.5316433895743,113727.48781256957,760.681651169418,-760.681651169418,pass,3151.0
7.30728946117377,164.1972240966224,174128.42873527244,709.1853503651913,-709.1853503651913,pass,3152.0
2.536700458981479,260.739679108738,118168.33340281318,734.2070647367984,-734.2070647367984,pass,3153.0
6.646107817568539,190.39443345483772,227528.18557120994,742.366131783389,-742.366131783389,pass,3154.0
7.455474807564514,263.63895951522153,450692.7885675976,858.1582227452237,-858.1582227452237,pass,3155.0
6.645831041816281,286.11621403517046,603882.238442168,1093.3833657091361,-1093.3833657091361,pass,3156.0
8.390325500963465,202.02125378189166,293772.234573982,732.2517550795664,-732.2517550795664,pass,3157.0
2.684341202469726,257.5168266550686,208606.04914991738,720.5807637953731,-720.5807637953731,pass,3158.0
3.437420080395599,237.60100891748925,109825.04914991738,654.3377944165122,-654.3377944165122,pass,3159.0
5.707796755517093,207.05552302910903,210881.02067785198,703.7102993299815,-703.7102993299815,pass,3160.0
4.460514684973491,272.9837012799169,270952.1916778829,627.1997005811677,-627.1997005811677,pass,3161.0
5.9304400959216625,251.34578451466194,304822.45447586325,796.0594549316181,-796.0594549316181,pass,3162.0
7.270833558673231,153.2903066785536,173535.67888097698,739.8464254835621,-739.8464254835621,pass,3163.0
4.976078685218726,203.60606186552806,1000000.0,625.5069124780065,-625.5069124780065,pass,3164.0
7.892867057431891,272.5366501338357,322067.5449345389,266.7999455524655,-266.7999455524655,pass,3165.0
4.750998313990115,188.33859624974627,138040.77212547435,741.7865961034042,-741.7865961034042,pass,3166.0
7.220113440965245,221.15670741927516,574332.6107121257,615.1520171328716,-615.1520171328716,pass,3167.0
5.998106797964038,158.02477181776197,833074.5095717204,829.0566118244341,-829.0566118244341,pass,3168.0
4.020354666972341,201.22775473393693,89848.98004496648,593.9030221927379,-593.9030221927379,pass,3169.0
6.688441827325709,183.4575046290076,194062.89406256957,595.5062080891737,-595.5062080891737,pass,3170.0
7.373137398306624,279.6280661703424,413256.8491144726,619.2969564787361,-619.2969564787361,pass,3171.0
6.972364942111729,179.03269668039314,282791.01076652244,626.421254515503,-626.421254515503,pass,3172.0
2.721118664203418,262.27384852484715,148317.04519350792,651.8255969305368,-651.8255969305368,pass,3173.0
6.702198508465854,185.04154299809554,185958.89860753948,1066.7900723676514,-1066.7900723676514,pass,3174.0
5.9337692626660745,199.1504129083357,208628.14958410198,785.0222895307055,-785.0222895307055,pass,3175.0
6.418786127868305,222.05631561217035,221921.82136588724,678.2963971692211,-678.2963971692211,pass,3176.0
7.283114284621611,189.94839367077637,200767.121656748,662.5905456135962,-662.5905456135962,pass,3177.0
3.6791109872314633,193.42126994690804,821782.9715511797,928.882124501473,-928.882124501473,pass,3178.0
4.799376881903494,270.2425516748705,365081.6786280276,694.0369415201523,-694.0369415201523,pass,3179.0
7.638891627444513,196.64613807093264,175065.06105475707,822.4214329366629,-822.4214329366629,pass,3180.0
5.65120918892723,229.79240471299437,213850.43980753218,745.1924506818988,-745.1924506818988,pass,3181.0
7.47474739026352,174.8421148593335,163490.35389135274,574.0299725419343,-574.0299725419343,pass,3182.0
3.418250056272548,232.8192781097324,981558.3471881732,907.5764976636464,-907.5764976636464,pass,3183.0
5.236395389892489,215.47433238587288,917458.6522152422,751.7660799697168,-751.7660799697168,pass,3184.0
5.695026393716839,273.8032885487043,337173.18494461325,483.1714656456516,-483.1714656456516,pass,3185.0
6.942858724257187,221.62564094600756,186907.15156616952,468.60798505047126,-468.60798505047126,pass,3186.0
7.9768642136237595,167.95400603231423,134882.52443839744,541.8291496751916,-541.8291496751916,pass,3187.0
5.719219627366928,179.0847661023684,154777.21364055082,848.3977945332928,-848.3977945332928,pass,3188.0
6.136792319643508,244.64357061323847,329169.08699088724,706.0843882059478,-706.0843882059478,pass,3189.0
8.271878091952042,155.16423459587176,173730.62715210702,633.5164386856777,-633.5164386856777,pass,3190.0
6.562249018494384,279.39489793777466,261178.16771798825,385.93652405350394,-385.93652405350394,pass,3191.0
6.477592947709571,242.70322008070673,265981.22566276224,764.246549916717,-764.246549916717,pass,3192.0
6.460122534396636,222.13347751274367,924893.5240371665,750.0217687735851,-750.0217687735851,pass,3193.0
6.462463983111821,143.31816595148132,196310.9686374465,707.6616053405961,-707.6616053405961,pass,3194.0
7.128504900595383,188.44461842117389,196839.34932007577,957.6927901482677,-957.6927901482677,pass,3195.0
6.460006897427547,243.61846886283195,352974.19305370795,859.0040817184407,-859.0040817184407,pass,3196.0
6.366994903200112,150.37084405969665,101039.7049655715,662.0838202389954,-662.0838202389954,pass,3197.0
5.684009267632262,226.6561614157037,428706.6030207226,677.027479497181,-677.027479497181,pass,3198.0
6.781705812328301,167.03417604517028,126610.606332759,710.1703503473146,-710.1703503473146,pass,3199.0
5.266622419285785,208.02340645727838,136000.65827994974,509.7118647786859,-509.7118647786859,pass,3200.0
4.919538895082699,257.02393038963055,398103.09238922026,1044.5195042587345,-1044.5195042587345,pass,3201.0
6.076125479573576,219.88956510140517,94589.70280675823,702.2402989503698,-702.2402989503698,pass,3202.0
8.579148574134544,148.50237556037982,157155.10957398202,669.8860990965762,-669.8860990965762,pass,3203.0
7.039954553174983,210.60247106489862,172881.06398063333,534.0681198031365,-534.0681198031365,pass,3204.0
6.106972890882998,200.63746294363276,349533.50130839844,921.388720078091,-921.388720078091,pass,3205.0
5.2879439790641944,204.3409910114012,279851.214037227,879.4159428437687,-879.4159428437687,pass,3206.0
7.307295010307996,225.4224511312201,463572.3218663746,703.0108740875412,-703.0108740875412,pass,3207.0
4.1225928113503985,257.74122868418016,1000000.0,841.4982413449211,-841.4982413449211,pass,3208.0
3.601903060285581,268.3443131508018,277621.3811310079,1049.2428172670382,-1049.2428172670382,pass,3209.0
8.295618681570724,219.38811250267108,161044.96308960702,424.99412696199266,-424.99412696199266,pass,3210.0
6.182482159918631,272.6354837620535,290587.793618262,568.8451085950943,-568.8451085950943,pass,3211.0
4.502865906650459,187.44391052885814,971271.71484375,780.0221268524123,-780.0221268524123,pass,3212.0
5.872782002019893,251.6048295014831,311525.97468619974,694.3723290523858,-694.3723290523858,pass,3213.0
6.467720312814425,238.06188745436395,302475.4449010435,676.7903906489786,-676.7903906489786,pass,3214.0
6.547717530407875,242.8664169430342,445971.35511347034,808.5104066154399,-808.5104066154399,pass,3215.0
6.755133418699936,205.11413581905444,206668.58125366952,693.4218835774271,-693.4218835774271,pass,3216.0
4.428833026567034,275.01277292977454,271174.7279311057,767.1800074626279,-767.1800074626279,pass,3217.0
7.358494027788011,186.70208667828658,245980.79411535198,495.89580116823623,-495.89580116823623,pass,3218.0
6.141187417565457,139.37706142397906,227120.02450248282,834.7252212064619,-834.7252212064619,pass,3219.0
7.643316731201544,170.76537951634216,116845.51740870114,801.9681067300402,-801.9681067300402,pass,3220.0
7.632732311763522,174.05927939828865,242568.60964347556,618.3452291568584,-618.3452291568584,pass,3221.0
7.0686471767358405,157.5799009139447,197199.2518405715,606.2557650224043,-606.2557650224043,pass,3222.0
5.741916659558384,185.67872141911604,157316.85466222698,627.195280877026,-627.195280877026,pass,3223.0
6.680364887046824,220.32224888739313,217777.36140494974,467.82050891922944,-467.82050891922944,pass,3224.0
6.3922015565078425,272.309020601213,313575.7217951367,912.4473930022892,-912.4473930022892,pass,3225.0
4.075529089317054,248.69480805954842,958015.4931881425,794.9865162943314,-794.9865162943314,pass,3226.0
6.6676184118634145,199.77398752286055,154250.74724035198,723.0347007178361,-723.0347007178361,pass,3227.0
7.253853655690519,203.57331966473677,226194.04216222698,738.0020073122711,-738.0020073122711,pass,3228.0
5.837146866499074,215.76921242367388,110017.21339850707,479.6428029615076,-479.6428029615076,pass,3229.0
6.6520468097210035,218.22805066046442,203359.53816276224,555.698476864158,-555.698476864158,pass,3230.0
6.247906500981716,154.68474316724615,152480.81813273832,892.9604248133141,-892.9604248133141,pass,3231.0
5.9297306340217695,244.98496038851465,292855.59870963724,721.1824962004061,-721.1824962004061,pass,3232.0
5.7443176500857716,241.10795806887535,387528.104165137,751.5055669306948,-751.5055669306948,pass,3233.0
7.562061596064106,184.23741378126223,215858.96748413827,845.4915202098489,-845.4915202098489,pass,3234.0
3.6452174456559714,212.25694736822382,179511.4244041016,867.7746971968764,-867.7746971968764,pass,3235.0
5.061816639489019,292.2234610224047,366780.6102686526,679.6002533925628,-679.6002533925628,pass,3236.0
6.069716254997264,258.6447979920837,202901.36433463724,706.856095139141,-706.856095139141,pass,3237.0
7.921193453847058,137.74535918127657,192677.40773444457,621.0646774256376,-621.0646774256376,pass,3238.0
5.723395149040233,236.46698160109247,322475.7371373716,896.0216387652441,-896.0216387652441,pass,3239.0
8.866338571867184,201.61139001188357,225008.58418335702,635.7700073674738,-635.7700073674738,pass,3240.0
3.344321228863878,261.41359948233617,157483.09695132042,868.9919392637128,-868.9919392637128,pass,3241.0
6.870385281080572,228.17046987130263,271581.278490352,649.8882254549899,-649.8882254549899,pass,3242.0
5.6571981970540035,208.9870349661903,976975.9086636461,694.3013997383874,-694.3013997383874,pass,3243.0
5.177811349558841,250.47473354277338,312600.11824088724,751.8150126132307,-751.8150126132307,pass,3244.0
7.624621990500577,189.7555512179053,45833.32838874144,577.0137808428814,-577.0137808428814,pass,3245.0
6.149998667466651,225.99933595595087,272750.481033856,652.8613276651495,-652.8613276651495,pass,3246.0
9.003403245020413,230.81560502786374,374272.87537241605,622.237476802172,-622.237476802172,pass,3247.0
6.525648678336637,278.57112115621567,347808.75365548825,1167.3839987398956,-1167.3839987398956,pass,3248.0
3.663655644402236,215.825033241128,986490.4697506425,684.393882998708,-684.393882998708,pass,3249.0
6.351927708125198,239.17295192721275,307594.6971827151,540.2835154845131,-540.2835154845131,pass,3250.0
3.28119569029643,233.8093225514706,598434.7649209624,809.2610123397841,-809.2610123397841,pass,3251.0
4.370631284302557,264.4925955438891,369322.4286280276,1031.9337041860906,-1031.9337041860906,pass,3252.0
6.185467846308778,214.9434434307803,592793.3704777507,760.7368021860481,-760.7368021860481,pass,3253.0
5.36431256197692,190.72718186316217,184271.31257682474,736.7048962067377,-736.7048962067377,pass,3254.0
7.636297021188707,223.4415278553572,564053.7017321227,949.9848154474166,-949.9848154474166,pass,3255.0
6.684389817096947,185.54301925119393,95534.36110831931,585.3118940732544,-585.3118940732544,pass,3256.0
5.816805239057625,271.2426293993273,296463.402993262,812.2399477451521,-812.2399477451521,pass,3257.0
4.494394217495494,244.63696919321336,934538.0546875,669.1276337363018,-669.1276337363018,pass,3258.0
5.729101463443125,269.9790241623202,331016.473305762,811.8739693633634,-811.8739693633634,pass,3259.0
4.448644029724608,207.78449912008966,177982.74421744974,728.1621208216123,-728.1621208216123,pass,3260.0
7.3003914492767015,270.2132311941461,321879.2407160351,929.3421381378577,-929.3421381378577,pass,3261.0
4.890762493722878,174.73174684595153,120763.1034030715,849.7950497518569,-849.7950497518569,pass,3262.0
3.569777348303975,214.72241797246232,35185.439517622726,862.4927805029705,-862.4927805029705,pass,3263.0
6.695121805547364,214.470083593241,28950.66457038207,902.9458769024711,-902.9458769024711,pass,3264.0
5.548923158063799,217.22933945043818,201825.89974589847,864.2713254579852,-864.2713254579852,pass,3265.0
8.220321453540214,206.7002018679297,29430.76027350707,1106.3349529750815,-1106.3349529750815,pass,3266.0
4.641741167273997,195.18643107526202,49428.64907859937,640.6109318464628,-640.6109318464628,pass,3267.0
5.350649523365508,193.64400572714533,160181.15827994974,581.3111266223584,-581.3111266223584,pass,3268.0
7.194386179550267,179.29615443869181,64796.30960392814,1211.1497996721125,-1211.1497996721125,pass,3269.0
4.3401626080663815,225.9822382847239,377686.15191996645,893.9606935027698,-893.9606935027698,pass,3270.0
7.134305346884697,268.1054697155562,389464.86722894886,734.3570272604363,-734.3570272604363,pass,3271.0
8.172181366790488,262.47846384118736,278260.61378219514,558.0090334685884,-558.0090334685884,pass,3272.0
3.5695057383833344,260.10393511122777,802598.8471881732,602.7587402673146,-602.7587402673146,pass,3273.0
4.895893608985675,290.72533321380615,199909.43972475792,440.6222261960671,-440.6222261960671,pass,3274.0
6.358847352946369,193.7281570346556,143053.25554113323,769.5538533162542,-769.5538533162542,pass,3275.0
5.826192555686143,280.34337148022286,284513.94763992575,533.35476040632,-533.35476040632,pass,3276.0
7.057855534637539,197.61743139340498,286995.8654044145,888.1913104569518,-888.1913104569518,pass,3277.0
4.705735123938406,265.3479250574389,417973.9012842776,918.9543142397035,-918.9543142397035,pass,3278.0
7.822682533540696,258.429733146688,422219.8111071227,952.8513020982775,-952.8513020982775,pass,3279.0
5.927830455601953,164.80783384393737,140483.2869968215,771.5132589828801,-771.5132589828801,pass,3280.0
7.673388264505752,167.5988858927405,178377.02882819457,635.3914774289326,-635.3914774289326,pass,3281.0
6.889184728973351,137.21914928506897,166124.2655124465,764.4998554366331,-764.4998554366331,pass,3282.0
5.270589698814593,183.9275960261731,170706.3280124465,831.1363266850967,-831.1363266850967,pass,3283.0
5.255597366768132,196.5639905446502,173135.51765494974,964.3389194265621,-964.3389194265621,pass,3284.0
8.116025645630494,168.6198375503807,128389.91364893552,683.2017143589535,-683.2017143589535,pass,3285.0
6.632109844117141,178.67369264288493,179378.59866642812,733.2264710183772,-733.2264710183772,pass,3286.0
6.053583129531229,267.6646550798693,208382.24386316555,386.4023009340649,-386.4023009340649,pass,3287.0
7.178114973717175,173.6663414771466,214186.537973384,572.3211773534713,-572.3211773534713,pass,3288.0
6.002788465207127,260.76241859745613,360489.72205398825,671.6018436891069,-671.6018436891069,pass,3289.0
6.2637098648494165,199.62394463135817,232248.94743566448,587.1862792243411,-587.1862792243411,pass,3290.0
3.702443101668538,192.72602047719255,77974.69098246648,694.6839977918065,-694.6839977918065,pass,3291.0
7.512771281777509,187.1812719095862,143006.81666999144,524.8633077688071,-524.8633077688071,pass,3292.0
5.586673928758339,227.81292017040332,217109.5713659742,646.9855046840647,-646.9855046840647,pass,3293.0
8.371948767580957,263.7301121845451,436061.9146227477,1022.3366306186997,-1022.3366306186997,pass,3294.0
5.706351175243227,211.48213528706648,171402.48942785198,566.1170930056717,-566.1170930056717,pass,3295.0
6.035905609522358,292.9888434410095,324318.9926691601,382.16097112187833,-382.16097112187833,pass,3296.0
2.632321991326494,274.7622158439542,191287.94460757042,795.2294629941281,-795.2294629941281,pass,3297.0
6.7878994971872215,280.19519852641014,288422.375649512,489.6616079483181,-489.6616079483181,pass,3298.0
6.160155307238606,264.7113285953962,378295.30799148825,1185.2639278844204,-1185.2639278844204,pass,3299.0
3.3930723918398815,243.9175377146389,146687.82844679238,741.3602150684254,-741.3602150684254,pass,3300.0
3.563678034806432,206.3845209101607,65024.300357466476,636.7682115620602,-636.7682115620602,pass,3301.0
6.575759106092892,117.85537736963317,110423.729379634,877.4296004643394,-877.4296004643394,pass,3302.0
3.359547697717815,278.3330549121964,273587.5870619651,934.0339123692365,-934.0339123692365,pass,3303.0
6.166140238571177,224.4337313884231,241209.81269889505,799.1932589906211,-799.1932589906211,pass,3304.0
6.229583563791183,184.18296599515753,128587.47047648832,663.9186084446322,-663.9186084446322,pass,3305.0
8.479801668187813,213.87676723537524,252465.55293335702,474.18369361641436,-474.18369361641436,pass,3306.0
7.208233438279882,295.44506645202637,358803.15186813264,535.5798639680346,-535.5798639680346,pass,3307.0
5.335345586100785,221.93383215977767,280553.385912227,850.8023748426796,-850.8023748426796,pass,3308.0
7.1801041997300565,231.24858589110102,278498.40046744974,569.7256231500611,-569.7256231500611,pass,3309.0
4.86541954518786,225.14670404775873,210876.8462791016,925.472468370964,-925.472468370964,pass,3310.0
7.534385901867128,210.80826115532466,205449.10257267812,478.90467109759345,-478.90467109759345,pass,3311.0
5.911275910828606,300.0,367545.8598566601,760.0320899109363,-760.0320899109363,pass,3312.0
7.077706033863781,206.73706399020188,162443.57033683494,511.97085439727647,-511.97085439727647,pass,3313.0
8.546543350776867,190.42747010526736,273312.258011482,1124.771112737875,-1124.771112737875,pass,3314.0
3.5231847567280727,256.86667826334497,169754.87727491738,716.1964991665457,-716.1964991665457,pass,3315.0
6.7520494492636995,211.1818526972449,99337.50636725707,748.8979374217826,-748.8979374217826,pass,3316.0
7.538664309641556,169.5315084033974,198309.06367554452,595.3406884999089,-595.3406884999089,pass,3317.0
9.01591922189875,187.58080287513812,283991.611527107,763.4349386969578,-763.4349386969578,pass,3318.0
7.845869019060023,158.35334479700686,162814.97218756957,580.0431374571994,-580.0431374571994,pass,3319.0
7.814515291560843,264.25162072251976,301952.8984501639,320.4730728803047,-320.4730728803047,pass,3320.0
6.415191992734502,216.38958801162136,591397.8333683757,1075.469038940417,-1075.469038940417,pass,3321.0
4.769892279867702,252.8925119483403,1000000.0,620.4955402408042,-620.4955402408042,pass,3322.0
6.464609487315849,202.80671353874286,103499.75752320077,649.2987245029211,-649.2987245029211,pass,3323.0
5.259183027558766,142.58183258127258,79073.2127780715,721.7865621485448,-721.7865621485448,pass,3324.0
7.006686533378033,158.53880202897864,127020.20631633207,607.8362299375699,-607.8362299375699,pass,3325.0
7.24377020196077,213.82883354141333,231446.41813878948,611.0977516177861,-611.0977516177861,pass,3326.0
7.287798801936862,178.19441600259773,218734.16042472556,967.4511791389937,-967.4511791389937,pass,3327.0
7.886490777539201,194.9235381649935,578988.376609965,1091.9994931558463,-1091.9994931558463,pass,3328.0
6.138018753116635,250.30595311474434,273586.47596023825,848.3121367434843,-848.3121367434843,pass,3329.0
7.4459847982607705,164.37875884126709,217029.97498510274,828.6639458820194,-828.6639458820194,pass,3330.0
7.82319797891248,173.01967322718264,29772.490498116444,756.0884691622699,-756.0884691622699,pass,3331.0
7.027222302319077,151.25642621644812,147968.43092570707,662.9328836716749,-662.9328836716749,pass,3332.0
2.5905116812963134,253.4708597766152,130858.59316843818,690.5816943903714,-690.5816943903714,pass,3333.0
5.512215806575781,206.175097259004,712377.5482277748,776.7099153024792,-776.7099153024792,pass,3334.0
3.8565994104368873,233.71628446934778,579446.3313272124,798.2092709704702,-798.2092709704702,pass,3335.0
4.041103561634006,196.49670853413835,128227.56598246648,795.1792032038067,-795.1792032038067,pass,3336.0
6.881696362971044,197.68981462641307,118866.09671330312,894.6127581147238,-894.6127581147238,pass,3337.0
3.9086233498298224,197.55572184904352,134485.3023337891,823.6594777778045,-823.6594777778045,pass,3338.0
5.800859689003313,272.7003420496264,228213.03780847805,532.1547351248323,-532.1547351248323,pass,3339.0
5.386021933740461,239.43401264193443,340082.785805762,665.4164085752475,-665.4164085752475,pass,3340.0
6.585909125484932,236.21206827169692,407810.87664745795,649.3976184915228,-649.3976184915228,pass,3341.0
6.659511885876028,231.5804301412306,215077.2152579301,572.3493374892032,-572.3493374892032,pass,3342.0
6.908655767233125,186.35912941358964,1000000.0,707.6898861976111,-707.6898861976111,pass,3343.0
7.750322310587601,179.7748982482918,201465.46699585702,557.2680999206966,-557.2680999206966,pass,3344.0
4.524031673435741,260.0498000228337,1000000.0,746.9451329535539,-746.9451329535539,pass,3345.0
5.199962058081537,211.4076583681895,202370.99227519534,842.9317490363352,-842.9317490363352,pass,3346.0
4.89847218003108,209.87090762017328,473835.8664834624,869.4351580115401,-869.4351580115401,pass,3347.0
3.0642807883938747,256.2762375132229,196456.55305616738,709.2173800382066,-709.2173800382066,pass,3348.0
6.107416133080021,297.0516662597656,280456.6332941601,478.63217669933977,-478.63217669933977,pass,3349.0
5.77071736354163,280.39443096470467,467406.65174148825,650.3217058149173,-650.3217058149173,pass,3350.0
8.243177417004674,215.68901669098952,243470.24479894573,466.8267389129697,-466.8267389129697,pass,3351.0
3.4470180066008216,253.2415697680703,150303.09902781318,1107.9578649803104,-1107.9578649803104,pass,3352.0
5.86434007737645,262.417624583272,290666.3876124026,833.5474051523154,-833.5474051523154,pass,3353.0
4.0450512895567545,261.02601288870824,278651.9631622579,565.9819101007106,-565.9819101007106,pass,3354.0
3.5427835371734515,187.6304890135695,134805.07037699773,728.7291588858493,-728.7291588858493,pass,3355.0
7.740518226652034,194.45766886215569,136811.44386725707,537.6945262114872,-537.6945262114872,pass,3356.0
4.6752486613037005,219.2530967215468,156414.59186137273,666.5966128822282,-666.5966128822282,pass,3357.0
3.5009705948850343,242.74085640028966,199059.11941225792,1035.3349770855073,-1035.3349770855073,pass,3358.0
6.6522417427465,142.03382659086066,144864.03444133207,873.0426983041946,-873.0426983041946,pass,3359.0
6.914621431508034,244.3358516811934,511119.8208727477,603.15522465524,-603.15522465524,pass,3360.0
6.174095592731802,178.99190436913588,196004.68474035198,647.9153582020921,-647.9153582020921,pass,3361.0
7.610622315937845,171.69396399571517,232798.50309972698,876.7090269929414,-876.7090269929414,pass,3362.0
6.367503349446498,178.19082420419738,163661.5174655715,662.9353043881823,-662.9353043881823,pass,3363.0
6.919946606087695,204.79955358442987,166405.11769157083,664.3783391259283,-664.3783391259283,pass,3364.0
5.669971326780544,243.77818592284893,374767.87070953276,865.1630198403193,-865.1630198403193,pass,3365.0
5.852648122851149,254.96045361769956,296474.9575129101,524.3249093406358,-524.3249093406358,pass,3366.0
7.773253331460712,185.31862236675255,167046.56252433494,574.4544706192036,-574.4544706192036,pass,3367.0
6.271036214465467,193.43624769761183,170352.50505285198,679.6124266398074,-679.6124266398074,pass,3368.0
6.741562892674184,184.63305899425097,147681.18265080312,627.6635398092894,-627.6635398092894,pass,3369.0
7.73112240373923,177.98834844169696,206724.11152710702,620.1507877507613,-620.1507877507613,pass,3370.0
5.792167972510365,265.4560633594953,361801.24353836325,1043.1265531070765,-1043.1265531070765,pass,3371.0
6.308478507435406,275.4672044420519,324298.203774512,852.7495166593918,-852.7495166593918,pass,3372.0
6.599875690915344,199.13544888910286,290675.95119620994,729.5634338722383,-729.5634338722383,pass,3373.0
6.4953670369369965,195.74737643315413,240067.04216222698,823.4855648321713,-823.4855648321713,pass,3374.0
4.812714258623348,224.63955517505383,394948.63535797026,764.1571681194735,-764.1571681194735,pass,3375.0
7.897158059655316,161.27508044134737,124980.02101569457,689.5518117069374,-689.5518117069374,pass,3376.0
5.176848663319167,242.48450809891966,194796.89000284468,547.9743589764847,-547.9743589764847,pass,3377.0
7.4987801411530945,186.11888738092415,176990.86330558494,518.1502689189742,-518.1502689189742,pass,3378.0
5.303971423250662,214.96624167655682,379378.81504547026,593.8172130026076,-593.8172130026076,pass,3379.0
6.342514219510566,233.36409826216425,337529.64363151224,831.8641906379576,-831.8641906379576,pass,3380.0
7.13272391106768,191.59267206726153,249931.62666382577,663.8536724564661,-663.8536724564661,pass,3381.0
3.4013737824203387,170.6206513861586,95393.98541606023,691.053309655308,-691.053309655308,pass,3382.0
6.2868523367589395,202.81117101623633,210566.59099035198,979.9143617443939,-979.9143617443939,pass,3383.0
7.971936921157596,171.1924211543464,175536.35573722556,627.7428903743397,-627.7428903743397,pass,3384.0
3.1774682206829983,250.35279514948388,339421.9280561674,1106.7771623673893,-1106.7771623673893,pass,3385.0
3.7389720732553133,267.05137490347875,191415.01394350792,1029.6487987795542,-1029.6487987795542,pass,3386.0
6.421292024481307,221.78591771063532,252204.38679557474,1138.2031119993328,-1138.2031119993328,pass,3387.0
5.8365186553478345,213.83993549284662,243655.69929557474,729.9179084207263,-729.9179084207263,pass,3388.0
6.693024541473473,255.8682386780062,216310.1796045901,565.4287789360519,-565.4287789360519,pass,3389.0
7.099821998421446,275.36652337325376,407732.4150324414,368.08027526221616,-368.08027526221616,pass,3390.0
5.750703417673021,205.61798509939447,251970.43563457034,567.5171440061196,-567.5171440061196,pass,3391.0
8.271551682461455,299.0140460729599,349064.54054000764,188.482430392259,-188.482430392259,pass,3392.0
5.24581680375942,218.2679550552645,395843.955727637,968.0331718994114,-968.0331718994114,pass,3393.0
7.9312924950925865,191.02462490139087,207785.59309448983,769.4350309840999,-769.4350309840999,pass,3394.0
8.53925149734898,205.94278182325442,308830.156448982,851.4890322226863,-851.4890322226863,pass,3395.0
6.747505680435143,201.78101723741577,161796.6834811965,562.1358542168149,-562.1358542168149,pass,3396.0
7.14208362843676,213.02577932415088,173769.83760132577,688.946777172952,-688.946777172952,pass,3397.0
9.533591969272331,195.64519949493487,278050.5286413648,545.6240958414668,-545.6240958414668,pass,3398.0
6.678400047446179,182.58398765697737,940101.230091854,709.7103232233235,-709.7103232233235,pass,3399.0
6.196057254956631,145.60864520200568,151013.89283976957,920.7215316842521,-920.7215316842521,pass,3400.0
7.477395954905637,150.2778910387671,102476.49074225707,621.0980968301778,-621.0980968301778,pass,3401.0
5.211730805103355,250.15923260092057,985740.88671875,614.4419725174909,-614.4419725174909,pass,3402.0
6.376818825307499,234.24045581755365,241280.97566276224,1048.4840234176252,-1048.4840234176252,pass,3403.0
8.715114711631491,281.24708027909935,314780.47804000764,290.0790036774469,-290.0790036774469,pass,3404.0
8.053330167545198,218.45759808289554,474905.6502355152,486.210800481328,-486.210800481328,pass,3405.0
2.2838032336611396,269.0161492930642,246428.34414500068,991.5407233141215,-991.5407233141215,pass,3406.0
5.7401451567750135,287.1434373855591,336970.7543879101,850.3702942328749,-850.3702942328749,pass,3407.0
8.018701209088997,143.2219380908974,110149.17598023202,559.5702002587999,-559.5702002587999,pass,3408.0
8.727988137265877,221.52374306557257,221839.71308960702,420.91172188582664,-420.91172188582664,pass,3409.0
8.547668947240547,159.83821483192523,116193.34639038827,705.4931290875708,-705.4931290875708,pass,3410.0
1.9703646691221839,274.83696890938194,219446.39590281318,801.8153306000064,-801.8153306000064,pass,3411.0
6.76054186335666,217.28970254790676,657780.4622746257,703.3127021317134,-703.3127021317134,pass,3412.0
6.33783128424226,200.85402101650496,899065.105091854,666.0917360622168,-666.0917360622168,pass,3413.0
4.856228369104873,189.48697991308893,195619.84968619974,620.1280754654738,-620.1280754654738,pass,3414.0
7.368189741053551,273.023618710002,407585.49085565784,662.7821867286223,-662.7821867286223,pass,3415.0
3.3577192209312017,300.0,286178.2074232932,711.4763122716791,-711.4763122716791,pass,3416.0
6.3572636276842,275.9924209022799,317914.305337012,522.3100349872085,-522.3100349872085,pass,3417.0
8.281101839950518,171.59384484825213,238932.49629273202,555.8580472464292,-555.8580472464292,pass,3418.0
7.4819624264132525,299.59260949492455,383374.82179000764,473.1546539783971,-473.1546539783971,pass,3419.0
3.4950708241839057,246.23640657532127,161598.41934031318,655.6053746973407,-655.6053746973407,pass,3420.0
7.676279451130517,136.92330634485842,138354.60304694457,671.0436080347199,-671.0436080347199,pass,3421.0
7.131307462730167,165.85771603998177,234990.38674308494,704.7438769872348,-704.7438769872348,pass,3422.0
5.364559533822547,195.5327931159469,180380.12019401224,686.723504757526,-686.723504757526,pass,3423.0
5.10469111871048,187.76966350626037,148104.8670749465,694.0545266807401,-694.0545266807401,pass,3424.0
4.297938684912582,240.31405022303124,97182.17561476113,600.8030297968935,-600.8030297968935,pass,3425.0
8.077948299104557,213.16705693540652,159066.7881628492,555.7099916120285,-555.7099916120285,pass,3426.0
7.173392160643294,298.22387778759,344215.04249313264,510.3385428702838,-510.3385428702838,pass,3427.0
6.081895492261732,273.52135803344635,331666.860024512,914.4709751756384,-914.4709751756384,pass,3428.0
7.997832536099688,200.8467702442177,217987.76777710702,511.7317655769225,-511.7317655769225,pass,3429.0
4.6799412925892145,275.9163690502607,415284.80213211325,1060.8048780715537,-1060.8048780715537,pass,3430.0
4.50684418600288,288.60837305794837,214373.89736469946,799.8119317416644,-799.8119317416644,pass,3431.0
5.549448354503349,222.93670757351,236380.1387487867,583.2189205579625,-583.2189205579625,pass,3432.0
9.199460132381157,202.9467141204842,316933.7708288648,538.1173641593028,-538.1173641593028,pass,3433.0
6.263331385837463,152.6264522088416,159680.29957805082,861.3383524621992,-861.3383524621992,pass,3434.0
5.71579749066242,270.2018202448168,234556.20284754055,656.5319589718048,-656.5319589718048,pass,3435.0
6.311372946238602,262.5027649307528,250079.2421045901,634.0270990551013,-634.0270990551013,pass,3436.0
7.263444389033328,214.7035316937896,200854.56550651224,582.1834053528371,-582.1834053528371,pass,3437.0
6.172682817762402,276.0721641476118,297662.93885086325,914.7714898576074,-914.7714898576074,pass,3438.0
3.021258456466926,291.0903463275815,196226.12136538292,726.2454357847957,-726.2454357847957,pass,3439.0
8.014963709632127,277.2505339311316,523475.8816808277,1141.1770850857195,-1141.1770850857195,pass,3440.0
7.087357766265241,202.34769033505538,170758.08488683635,688.2048412979183,-688.2048412979183,pass,3441.0
7.603814157225845,181.5346396129989,225946.19436027244,724.8219298797601,-724.8219298797601,pass,3442.0
7.848355656823353,198.62543948230822,229555.44941773202,578.3575834340617,-578.3575834340617,pass,3443.0
8.04702759479331,206.50553728755943,237654.90627433494,505.6806455512033,-505.6806455512033,pass,3444.0
7.133522762600676,300.0,416762.2084894726,771.9429941788603,-771.9429941788603,pass,3445.0
7.170554830376403,283.37987691164017,317464.20275216794,861.7138281338503,-861.7138281338503,pass,3446.0
3.663048602940721,264.2658233554746,177360.12038882042,797.4161905807072,-797.4161905807072,pass,3447.0
3.341349704491181,262.93880223349584,209548.36257632042,939.7065782247286,-939.7065782247286,pass,3448.0
5.592963440958754,272.6950126768426,265157.1235285351,809.2270852182293,-809.2270852182293,pass,3449.0
6.031460702742028,232.12903958931227,1000000.0,597.8919256432071,-597.8919256432071,pass,3450.0
3.4822522785903827,203.15444245137468,91947.60895121648,625.5074546615958,-625.5074546615958,pass,3451.0
8.218301939645992,201.84551139412005,205437.26045288827,588.3710695364105,-588.3710695364105,pass,3452.0
9.114089740773872,204.32474585113604,283383.9085241773,492.18560192928663,-492.18560192928663,pass,3453.0
5.571996129340017,268.3459172451773,306509.0074854495,736.0040909826618,-736.0040909826618,pass,3454.0
5.041393740717665,293.6178613783197,288838.2241144726,630.4778016128178,-630.4778016128178,pass,3455.0
7.947572512885765,208.21481080589373,210553.79805054452,690.249572254284,-690.249572254284,pass,3456.0
7.174109611787767,276.8155298351851,500969.4536852477,640.5475215305249,-640.5475215305249,pass,3457.0
3.5791647488458285,239.59381436423314,354229.7756622579,1023.1376057112036,-1023.1376057112036,pass,3458.0
7.180505171762839,167.08328988955307,130320.99030909175,634.2879904317139,-634.2879904317139,pass,3459.0
5.624209928596584,188.4938115985594,139374.18376378948,654.9707128962118,-654.9707128962118,pass,3460.0
7.990483778212564,268.344319450982,466687.6313410351,331.3526881383149,-331.3526881383149,pass,3461.0
4.236904492436183,291.55800580978394,181455.87331850792,473.8162685024096,-473.8162685024096,pass,3462.0
6.151019891062943,224.02030955865004,172116.71989660198,482.6210483961321,-482.6210483961321,pass,3463.0
6.674531326406441,193.50899761270568,142871.627817134,540.8991305332821,-540.8991305332821,pass,3464.0
9.009127980431751,198.44526453552325,283159.6702429273,552.2537857346981,-552.2537857346981,pass,3465.0
8.126862017771439,205.1820120388039,217393.84590210702,604.2909310226319,-604.2909310226319,pass,3466.0
5.846569276636923,224.61438774111656,399732.279946387,891.696793213539,-891.696793213539,pass,3467.0
7.772076323973074,173.54820087359238,162579.4214614355,693.7415396002547,-693.7415396002547,pass,3468.0
7.290503023971274,248.03681130479515,349641.8593876639,1188.815404514176,-1188.815404514176,pass,3469.0
5.434715622081667,192.1589911876513,265982.6885642578,874.6732947255687,-874.6732947255687,pass,3470.0
8.7983180231957,155.3036694103249,205806.21406616952,749.5633104264361,-749.5633104264361,pass,3471.0
6.300332772909291,218.77359568964602,37432.03566413207,719.657788528934,-719.657788528934,pass,3472.0
5.340175005090462,241.90912612174725,434906.39512359526,737.5087887722846,-737.5087887722846,pass,3473.0
4.697050337557369,239.6361166083745,1000000.0,645.7564871147747,-645.7564871147747,pass,3474.0
6.702309101252444,168.80153214823366,94362.87749152465,665.6838605603454,-665.6838605603454,pass,3475.0
7.173604279095499,175.1512195975981,240826.32292394573,713.9312653446525,-713.9312653446525,pass,3476.0
5.614755924528149,251.43289455723396,328790.56287430075,775.9972259193236,-775.9972259193236,pass,3477.0
7.008672350077606,168.37512868567057,99220.80960392814,607.664277007919,-607.664277007919,pass,3478.0
6.186787956385589,195.34685942454882,242388.76468205312,1060.3991429407115,-1060.3991429407115,pass,3479.0
6.52247918633437,205.66590515267484,188897.9148192568,952.0446946718906,-952.0446946718906,pass,3480.0
7.319544396633474,203.93354844166853,171361.41130285198,502.0959558590714,-502.0959558590714,pass,3481.0
7.302893443812087,285.9304894931191,353064.62061813264,399.0726033208305,-399.0726033208305,pass,3482.0
6.716306278981922,165.23125286516182,157266.35842277244,563.9974479853009,-563.9974479853009,pass,3483.0
4.117684710211892,234.8802189385708,562517.8972451811,1205.8528835252255,-1205.8528835252255,pass,3484.0
7.862631200660422,274.1660241610879,344284.09522750764,826.2445726072673,-826.2445726072673,pass,3485.0
7.740776019504503,170.3323717885979,249049.06465210702,671.2654820906148,-671.2654820906148,pass,3486.0
6.782753292598694,253.87412406202225,477021.0435289977,662.7637744467519,-662.7637744467519,pass,3487.0
7.225851288398937,227.5706132226952,244974.6270300367,588.0241785421701,-588.0241785421701,pass,3488.0
7.228603064352838,182.34260725094893,166533.42692785198,524.0119538665045,-524.0119538665045,pass,3489.0
7.78491338189526,194.9492455297478,221681.48652710702,956.6999567248236,-956.6999567248236,pass,3490.0
7.116439385673241,232.4479094320305,212925.67402710702,574.0541234419364,-574.0541234419364,pass,3491.0
6.139464783726804,144.36596828433062,196018.0115630297,815.9119636558172,-815.9119636558172,pass,3492.0
7.683354792176462,196.18319535179683,213629.20364689687,911.2888157650578,-911.2888157650578,pass,3493.0
4.257230614189678,260.1540919387273,976911.744140625,644.3894822962834,-644.3894822962834,pass,3494.0
6.602836364684818,206.8390800082586,125252.96110753948,678.7239670510628,-678.7239670510628,pass,3495.0
5.984723292028216,232.88673815083138,316687.48181961325,661.9066042927882,-661.9066042927882,pass,3496.0
3.8706956559999117,265.0976881893064,186326.95534975792,859.7039177389087,-859.7039177389087,pass,3497.0
7.033660110213726,242.70427323575882,369174.98694940784,388.7632176984693,-388.7632176984693,pass,3498.0
6.390789641682403,272.2687349319458,311118.64818673825,660.6577196298194,-660.6577196298194,pass,3499.0
7.739447175372794,285.02688260148705,313607.0449345389,342.11416200969586,-342.11416200969586,pass,3500.0
4.770589620783239,220.32554104908243,210843.4165916016,681.5489299848606,-681.5489299848606,pass,3501.0
7.398447899481491,205.07536085186084,171513.85627808358,525.1474905781532,-525.1474905781532,pass,3502.0
7.5104865714518585,187.01077182827075,221154.03059448983,559.2798365591468,-559.2798365591468,pass,3503.0
7.464467870652868,212.29183351265934,463379.07748160895,851.6812734713736,-851.6812734713736,pass,3504.0
7.06648222993727,293.633731931448,419605.29835250764,758.3706842686919,-758.3706842686919,pass,3505.0
6.061614688222912,256.25600346874825,302779.32556961325,636.799408835013,-636.799408835013,pass,3506.0
8.336877405075915,183.60131728541018,59421.95949225707,555.7102597661788,-555.7102597661788,pass,3507.0
3.614640423812354,256.1195356951943,181077.97207468818,592.5897128205141,-592.5897128205141,pass,3508.0
7.571638266124485,181.11651630815498,180399.92092277244,626.1981223919423,-626.1981223919423,pass,3509.0
6.603694244651683,187.52769195925356,135803.64699225707,607.9447805728706,-607.9447805728706,pass,3510.0
9.063467573242471,158.71112533149798,112197.09785523202,759.5405323999695,-759.5405323999695,pass,3511.0
6.581602263486469,278.2836495542803,329377.637368262,616.1044204906589,-616.1044204906589,pass,3512.0
5.350418875741969,230.99792761740412,39674.57917838724,692.8660225445371,-692.8660225445371,pass,3513.0
6.734385033408372,213.2635377259455,246913.54606847698,843.1437485263613,-843.1437485263613,pass,3514.0
7.1695307966661,292.1235890388489,326118.24171188264,473.44709728490926,-473.44709728490926,pass,3515.0
7.014998193567303,258.2141204769575,316323.5565266445,1065.6526200122385,-1065.6526200122385,pass,3516.0
6.654985331921554,216.05469033046313,215026.40140080312,548.1422640766706,-548.1422640766706,pass,3517.0
7.375049326696367,235.93315802957682,413759.6021227477,1162.4212191172383,-1162.4212191172383,pass,3518.0
6.133933531628517,164.23310589917975,138433.08412394926,566.7386472331539,-566.7386472331539,pass,3519.0
3.8940585637234744,206.2723365722491,204479.8267478516,629.5847145007432,-629.5847145007432,pass,3520.0
7.908814354483383,283.320475935936,254354.98595529294,477.63919933951814,-477.63919933951814,pass,3521.0
6.511050043961243,228.99233730373462,241519.38203491952,515.5472623146314,-515.5472623146314,pass,3522.0
6.928153658793835,152.432758690203,99579.94655070707,646.8332502898604,-646.8332502898604,pass,3523.0
3.538377929456842,265.53962572853993,905625.8169060753,707.4671697689197,-707.4671697689197,pass,3524.0
6.757096920289964,275.7457909702864,487994.6011461852,923.327309446227,-923.327309446227,pass,3525.0
7.64675557116081,282.6761646270752,352038.4428644726,278.59829679571016,-278.59829679571016,pass,3526.0
6.624975369303203,213.10229727550097,234924.51077580312,586.5737131429946,-586.5737131429946,pass,3527.0
4.334090271010309,240.4236637054278,128322.35506816409,561.4318152427207,-561.4318152427207,pass,3528.0
8.856814278623299,207.62801857528765,330693.5686804273,473.19859424767134,-473.19859424767134,pass,3529.0
6.090033740727878,190.52025410457202,217293.66800236562,990.8775603794536,-990.8775603794536,pass,3530.0
6.983047344713188,178.59503263159343,135876.55569767812,589.0137929172522,-589.0137929172522,pass,3531.0
7.877585767452018,300.0,300084.368401582,282.0223345339305,-282.0223345339305,pass,3532.0
7.710184393784241,208.40418835220416,211132.75801148202,475.1681404697165,-475.1681404697165,pass,3533.0
6.415344740080844,200.64847100910868,198335.81202750833,1062.7312716070642,-1062.7312716070642,pass,3534.0
7.623217672887849,279.2815296632222,836130.4813620899,1151.2879720677497,-1151.2879720677497,pass,3535.0
5.823990406904054,259.3837512428724,321373.96131180075,796.3800865289397,-796.3800865289397,pass,3536.0
9.428966885766224,178.89048834381182,322429.5169226148,1036.8329883193985,-1036.8329883193985,pass,3537.0
6.4057602684974775,218.4631411546203,202266.02839713724,448.64591130544204,-448.64591130544204,pass,3538.0
5.95481664989003,287.7753293419161,315200.738930762,773.4742416292197,-773.4742416292197,pass,3539.0
4.291904994511785,190.92592062749162,74877.24957621648,590.073769728513,-590.073769728513,pass,3540.0
8.248036072472303,242.35305988060978,513348.1824620777,921.0294468883845,-921.0294468883845,pass,3541.0
6.4391393370561225,165.8191346461682,255888.4041843215,887.9890685079711,-887.9890685079711,pass,3542.0
6.9365343287198105,231.24450893936236,237141.83613648202,768.1027147998099,-768.1027147998099,pass,3543.0
7.3477190093679585,214.98626847801287,201811.11073364998,552.0127881005405,-552.0127881005405,pass,3544.0
7.045378453368513,181.71419738843062,223023.3988516801,568.0157803193815,-568.0157803193815,pass,3545.0
8.22280910875316,300.0,319837.99561813264,256.88328551128853,-256.88328551128853,pass,3546.0
5.839759599154499,274.64617600988976,395584.71619461325,568.6866528648045,-568.6866528648045,pass,3547.0
5.855753092710272,296.50519804967206,309554.2817316601,544.9499857968365,-544.9499857968365,pass,3548.0
7.144742422514401,182.83977668832824,213995.7867221633,582.6307145773227,-582.6307145773227,pass,3549.0
6.301975929169632,188.95174500270434,171187.60061955312,676.7406488903539,-676.7406488903539,pass,3550.0
6.364028763835006,241.32769070505418,986800.62109375,625.8013773140502,-625.8013773140502,pass,3551.0
8.688821299335197,195.32649822769244,371862.4192663648,711.2824355698284,-711.2824355698284,pass,3552.0
7.037291630535014,187.28229510676027,206481.67531256957,805.7902230054366,-805.7902230054366,pass,3553.0
8.390875834141136,186.8578494959839,214980.92060913827,525.8797560613827,-525.8797560613827,pass,3554.0
6.338143872596977,169.11312027391426,155009.9001708193,694.7646839156564,-694.7646839156564,pass,3555.0
8.868037684222893,197.0521356375285,244703.83223023202,644.7549889907151,-644.7549889907151,pass,3556.0
6.9586749032498245,246.5155857706347,384505.2499170901,520.6641262060165,-520.6641262060165,pass,3557.0
5.449497206551062,205.7277029344914,425860.72129547026,645.7645678993224,-645.7645678993224,pass,3558.0
5.610768455350963,189.40962838246443,165209.64763097698,548.3463178806105,-548.3463178806105,pass,3559.0
3.473462794741822,243.70959668473256,358661.4612091329,1096.2373544715126,-1096.2373544715126,pass,3560.0
5.368023480957058,281.26898059200875,373813.05213211325,354.7102640918825,-354.7102640918825,pass,3561.0
6.250221326763938,251.02609367308344,321342.21980338724,856.504263282971,-856.504263282971,pass,3562.0
6.071301496857969,189.42909442498305,234969.01286535198,820.8269633654214,-820.8269633654214,pass,3563.0
8.250367654821114,211.84008355674823,217263.21113648202,676.5557227314748,-676.5557227314748,pass,3564.0
3.3846722299440035,273.85497141496194,269912.0217560079,1228.5335556733983,-1228.5335556733983,pass,3565.0
7.42651627833058,300.0,405494.9741144726,442.2805788312248,-442.2805788312248,pass,3566.0
7.903860979596345,278.52586590516114,449691.0183995777,909.8853439126395,-909.8853439126395,pass,3567.0
6.77475159106469,163.67930193361275,203551.44680167869,832.2558067174655,-832.2558067174655,pass,3568.0
6.210503857319859,266.5850497181379,303493.19373367575,716.126991598031,-716.126991598031,pass,3569.0
6.86069001518489,229.625005435321,228649.00300651224,597.9933884346374,-597.9933884346374,pass,3570.0
7.887037754837083,271.6292269212178,591567.076332793,928.966936784095,-928.966936784095,pass,3571.0
6.466089446845661,228.3589250558349,249121.48347526224,827.7893220425188,-827.7893220425188,pass,3572.0
5.586744907534206,282.00381075385,302174.7496729495,549.0033684283289,-549.0033684283289,pass,3573.0
4.845886508417355,232.77821655963635,323423.06504547026,1128.4051561113154,-1128.4051561113154,pass,3574.0
3.3113010272590646,264.47913830594075,181694.07839663292,833.1075616725954,-833.1075616725954,pass,3575.0
8.740996731778816,204.635055976487,259089.10273804452,463.3101194633194,-463.3101194633194,pass,3576.0
3.4910502088984448,241.80350496927758,132353.55891554238,580.2105404048774,-580.2105404048774,pass,3577.0
5.929198502246634,287.32902489913266,301866.0473566601,613.3828463298747,-613.3828463298747,pass,3578.0
7.590924564087955,191.59340190007308,218077.04558019573,794.8404358980433,-794.8404358980433,pass,3579.0
6.043139586973201,247.91771478590692,371284.64363151224,703.4293260494946,-703.4293260494946,pass,3580.0
6.779760838263474,143.90968745302246,176562.295785884,948.1995095011316,-948.1995095011316,pass,3581.0
4.469738009220196,283.46270274237645,167485.67849428917,517.9450264078076,-517.9450264078076,pass,3582.0
8.07511457647963,199.34639542040904,168078.06868042733,627.898894278089,-627.898894278089,pass,3583.0
7.950227040199772,184.8223270350464,244057.56562866952,617.9200203977541,-617.9200203977541,pass,3584.0
8.128668716956332,284.2709130771035,324687.12061813264,263.375044002832,-263.375044002832,pass,3585.0
8.919789662918285,174.70226235923846,190080.48344483163,546.7016948133809,-546.7016948133809,pass,3586.0
7.285770202555416,195.49851949628822,221001.50002433494,944.1479889103224,-944.1479889103224,pass,3587.0
7.4669861876165555,270.808256261225,441157.1043370777,681.8187390697937,-681.8187390697937,pass,3588.0
7.842327203014925,162.16120561764527,134711.71296534175,538.6908105590346,-538.6908105590346,pass,3589.0
3.3067068688222463,276.1204942585099,291058.2660170432,695.0108719873579,-695.0108719873579,pass,3590.0
8.155779665680662,149.2571335117607,115341.6773208105,569.07063893352,-569.07063893352,pass,3591.0
7.32520526522805,284.38376700878143,336628.70079904294,855.3163170523933,-855.3163170523933,pass,3592.0
6.583902041649902,261.98942421915916,395887.4979639651,717.0390169482145,-717.0390169482145,pass,3593.0
7.869413877405879,193.9166641991996,217837.50930167869,596.6739303480614,-596.6739303480614,pass,3594.0
5.806350003664997,282.68626269650093,234311.25525711328,594.7456253287442,-594.7456253287442,pass,3595.0
7.71826636638327,191.7086163335808,157672.80989136483,602.944731629005,-602.944731629005,pass,3596.0
7.254764034260466,294.1281862258911,424493.59522750764,297.71965103548416,-297.71965103548416,pass,3597.0
7.627558915723517,261.48946948121727,292637.9511845389,514.5144542929596,-514.5144542929596,pass,3598.0
7.265029041430191,168.7732202583321,164175.30195679452,856.4596440161841,-856.4596440161841,pass,3599.0
5.15389329456092,209.41744847235407,184809.01454215677,782.8980873721997,-782.8980873721997,pass,3600.0
5.783146883583153,264.621649971036,285942.1542139651,789.656578897075,-789.656578897075,pass,3601.0
5.707246121828132,241.5329818570546,961948.77734375,937.7344286442545,-937.7344286442545,pass,3602.0
7.535460485760467,264.93562829494476,265636.10802560544,623.8410471589548,-623.8410471589548,pass,3603.0
4.134074755313081,236.03875731543553,176078.11941225792,682.5387785612309,-682.5387785612309,pass,3604.0
5.7506236799419765,270.1830007934847,311460.5967188479,1000.7852704563483,-1000.7852704563483,pass,3605.0
6.54359767932227,261.4130218918287,343610.10291336325,489.24094729450917,-489.24094729450917,pass,3606.0
2.8265945704359656,261.71986318695457,179695.01504343818,679.2761621362747,-679.2761621362747,pass,3607.0
6.656702338697115,207.82060824944594,168154.33317785198,558.2131312133797,-558.2131312133797,pass,3608.0
4.519390268085731,265.67708229140294,190653.6133087423,676.9481958793215,-676.9481958793215,pass,3609.0
7.5840673155717475,146.5447515780835,207126.9764499465,773.99003365025,-773.99003365025,pass,3610.0
5.124147322330889,239.37208706315306,172825.2746158818,605.6921483263484,-605.6921483263484,pass,3611.0
7.248049788991182,218.78721343743348,452635.2300694996,894.5319545496947,-894.5319545496947,pass,3612.0
7.1466784911792445,289.60470962524414,295775.48607736325,281.10075968821036,-281.10075968821036,pass,3613.0
4.440272733869238,245.60763072089208,209095.52761538292,899.7029734031935,-899.7029734031935,pass,3614.0
6.89787890695986,189.3153595836363,198033.51481847698,584.6782660871407,-584.6782660871407,pass,3615.0
7.417285850399107,259.40605164762405,508327.2251696227,646.6861961853919,-646.6861961853919,pass,3616.0
5.245953443276893,217.11195011076654,177222.00477653177,799.2820981698874,-799.2820981698874,pass,3617.0
6.887019752888568,180.40494859110476,243846.26906256957,1076.0909121574618,-1076.0909121574618,pass,3618.0
6.762261271799493,182.7922003902461,930345.6959121665,656.7869485355383,-656.7869485355383,pass,3619.0
6.800193651263014,277.0621775270776,469915.8955011914,348.2693053424319,-348.2693053424319,pass,3620.0
7.665294639105169,204.4819661290846,289258.286302852,589.793469766847,-589.793469766847,pass,3621.0
5.716188305034548,216.48861822469965,220965.14974589847,708.7367225956668,-708.7367225956668,pass,3622.0
7.502155269064663,198.86700649675362,184566.48781730369,523.6093413597149,-523.6093413597149,pass,3623.0
4.260164415298236,266.2677168758298,259916.70730288292,848.1262919680568,-848.1262919680568,pass,3624.0
6.535179775012849,187.9144694717131,193456.40153722698,902.035748523922,-902.035748523922,pass,3625.0
7.54873633092104,202.71695389089663,231495.0547644117,615.6726504218658,-615.6726504218658,pass,3626.0
6.771992518836824,204.1964609534941,161353.06511144573,467.4933896089749,-467.4933896089749,pass,3627.0
6.664087130090431,238.27015237746318,190296.6680456617,495.54622946882114,-495.54622946882114,pass,3628.0
7.050327162926701,266.3783369953596,282637.09903763083,643.5829697170037,-643.5829697170037,pass,3629.0
7.107511687362758,191.97090529515364,175118.96306066448,599.6559544665678,-599.6559544665678,pass,3630.0
8.26781055224894,199.37672873077472,183869.26631226327,461.9487559024312,-461.9487559024312,pass,3631.0
7.732417906203029,169.81163080152504,142409.64162589744,645.1485219676375,-645.1485219676375,pass,3632.0
6.133735582941018,184.65236347269104,52533.30127904806,659.5060534321585,-659.5060534321585,pass,3633.0
7.012047449874888,215.68861318764414,252926.24910026224,921.553799396204,-921.553799396204,pass,3634.0
6.445103946505673,163.33359134089113,128830.52003913207,662.6483187697837,-662.6483187697837,pass,3635.0
7.3391711557196455,181.80489861857058,187001.55080085082,673.0967545728598,-673.0967545728598,pass,3636.0
6.174514639008056,261.5008474105331,243420.46199088724,455.33549729090794,-455.33549729090794,pass,3637.0
4.652562198994888,265.2178771407987,228484.61941225792,805.8480939845866,-805.8480939845866,pass,3638.0
6.256211342744986,280.5438932085314,259365.842446387,535.2372326640964,-535.2372326640964,pass,3639.0
6.875659345919458,172.21343754841902,187183.48161535198,638.7249704906691,-638.7249704906691,pass,3640.0
6.5015966326838415,192.36764477803328,283132.6310294145,733.6200919175701,-733.6200919175701,pass,3641.0
6.782558228557614,252.55560859989754,406722.11853836325,1226.5603864990082,-1226.5603864990082,pass,3642.0
4.0064707444777685,263.43364050547143,53768.21711866739,952.2958188265621,-952.2958188265621,pass,3643.0
8.086605682371394,173.01728721199115,164702.16035523202,683.4712611113016,-683.4712611113016,pass,3644.0
5.227088001434379,230.16716097235002,1000000.0,676.7516932917406,-676.7516932917406,pass,3645.0
4.1935650044821795,229.13650092466608,177243.2144431641,528.123757407813,-528.123757407813,pass,3646.0
3.6970966237804124,252.00581335143102,258592.83132632042,682.1518452021005,-682.1518452021005,pass,3647.0
7.4185182734934845,189.16132696209033,173624.87434448983,628.7795959363176,-628.7795959363176,pass,3648.0
8.307964159509377,157.52141471443255,157669.58027710702,652.6685174417357,-652.6685174417357,pass,3649.0
5.680338242068201,215.93025574072138,196834.7662009766,759.2194433003579,-759.2194433003579,pass,3650.0
6.745560303187507,193.32710320129652,959028.375,580.1804221332249,-580.1804221332249,pass,3651.0
2.8228690417189246,257.67887521850975,119795.14394968818,605.5979680109721,-605.5979680109721,pass,3652.0
8.925940437576012,196.57816620407183,252439.64485230233,626.2888960759424,-626.2888960759424,pass,3653.0
6.5485439771196825,157.2900647681617,99765.17800285056,609.2342784830669,-609.2342784830669,pass,3654.0
6.8724544446945295,206.15455288824762,205933.36628776224,607.8886350102327,-607.8886350102327,pass,3655.0
7.280439062377647,197.8564993911751,245238.11311402108,884.349371173492,-884.349371173492,pass,3656.0
6.708781675212823,194.96105163644836,160875.823129634,691.3833106164818,-691.3833106164818,pass,3657.0
7.54302671120508,162.23608223156023,181628.97077784175,694.830395026098,-694.830395026098,pass,3658.0
5.553519495739847,213.58594688757196,282176.8809470703,974.1217791926066,-974.1217791926066,pass,3659.0
8.173727388993559,166.68379475292198,139493.92873527244,591.8484933766991,-591.8484933766991,pass,3660.0
8.537144078275398,193.4691783958443,350326.3303991773,705.5881505881887,-705.5881505881887,pass,3661.0
7.729653936213092,222.54937608776171,200260.38301148202,530.7307637854764,-530.7307637854764,pass,3662.0
5.907886604595195,239.66103930411066,98894.07136588724,809.9799811647865,-809.9799811647865,pass,3663.0
8.008242546428397,283.0688032634133,279796.0777104178,665.8653923831878,-665.8653923831878,pass,3664.0
7.322612344651111,160.64844167124392,136542.93556647582,545.2254127121885,-545.2254127121885,pass,3665.0
5.874224196004878,240.96631879744257,177784.9624791685,835.8452929375112,-835.8452929375112,pass,3666.0
7.566696975507707,289.68095756765274,327718.6236071227,401.23469089038826,-401.23469089038826,pass,3667.0
8.010486221719935,293.36616749833763,334440.83936813264,852.2737303542248,-852.2737303542248,pass,3668.0
5.148124819455875,282.4093494415283,230996.06081850792,673.7715792650893,-673.7715792650893,pass,3669.0
8.190839886097796,173.9004143465674,64447.53468756957,609.628409550427,-609.628409550427,pass,3670.0
6.018288026785934,283.4841965341845,287140.555337012,515.1668693274231,-515.1668693274231,pass,3671.0
8.295969201585487,176.7635126882561,227526.59590210702,595.9122030198289,-595.9122030198289,pass,3672.0
7.437064939025449,288.5703222733907,660299.722817168,792.8157602463917,-792.8157602463917,pass,3673.0
3.729893142141784,270.4964844094506,160181.65957468818,533.8810239230594,-533.8810239230594,pass,3674.0
5.4247198727011785,184.63049931463922,181395.34382682474,779.1774687060407,-779.1774687060407,pass,3675.0
6.911800845373824,290.9267416000366,405551.53468063264,599.2368319775233,-599.2368319775233,pass,3676.0
8.605898572747009,274.14697125864785,471275.9291925976,629.417640490281,-629.417640490281,pass,3677.0
7.073201945830538,287.42558085918427,351089.3164189139,332.5394893149216,-332.5394893149216,pass,3678.0
5.615831520145443,282.820404618498,269960.63806961325,937.2407738805656,-937.2407738805656,pass,3679.0
7.334023444315628,205.89812226829608,210863.0901953199,745.2424049499257,-745.2424049499257,pass,3680.0
7.779973712617741,209.07235945997317,231807.1358190992,644.6249552658862,-644.6249552658862,pass,3681.0
5.813553101605261,285.9438149833956,329677.7959375979,519.2934505012954,-519.2934505012954,pass,3682.0
3.087455810763324,254.90741325485618,261662.49258250068,762.1827449790762,-762.1827449790762,pass,3683.0
3.537738571854492,239.70507528940698,67068.35872022988,692.366998744415,-692.366998744415,pass,3684.0
8.36833499757287,244.9832516803947,408627.8247789977,580.1344016894726,-580.1344016894726,pass,3685.0
6.790811730882362,228.17654998836596,223126.26191773202,548.3983504392763,-548.3983504392763,pass,3686.0
5.762776030642019,216.7745993921635,409522.97324859526,1021.37519092523,-1021.37519092523,pass,3687.0
6.851122110514529,191.09601485621096,136244.39796881957,661.9550077211228,-661.9550077211228,pass,3688.0
6.358221425077156,229.39409522948344,186995.0410925367,626.1974033133264,-626.1974033133264,pass,3689.0
5.9524168887084405,187.36963116242507,240364.85612707073,703.9456754396354,-703.9456754396354,pass,3690.0
7.466784874725352,224.3335692548486,191444.31550651224,602.7563945903348,-602.7563945903348,pass,3691.0
4.482764042204702,277.42905413153557,343783.50235849636,706.4972242030262,-706.4972242030262,pass,3692.0
5.306847884589998,209.55120550706008,158113.03923253948,610.3754988857322,-610.3754988857322,pass,3693.0
6.36267434321643,230.00889084872927,213398.96199088724,989.1823644343699,-989.1823644343699,pass,3694.0
7.949829630284972,280.36834640573204,330255.04249313264,423.0892368348818,-423.0892368348818,pass,3695.0
6.045895980993795,240.52084905281325,1000000.0,755.7109558576192,-755.7109558576192,pass,3696.0
7.574839925727085,198.36125929889758,280492.287308357,850.3196564717313,-850.3196564717313,pass,3697.0
6.569274008982621,175.78710764001892,211370.8768405715,840.4204000807428,-840.4204000807428,pass,3698.0
6.812267046755389,204.5418763929375,203936.58735718514,553.4200893287765,-553.4200893287765,pass,3699.0
6.8106042363589685,207.2254577787123,218434.01091222698,492.7119600694813,-492.7119600694813,pass,3700.0
7.153378478521673,179.43623947217085,209495.42204503948,695.0489531161261,-695.0489531161261,pass,3701.0
7.2814273857853395,175.04512114938728,168292.07033683494,586.0044569419157,-586.0044569419157,pass,3702.0
7.291866444829511,281.30479550184526,571511.984535918,408.74674244133814,-408.74674244133814,pass,3703.0
4.248160094931036,238.94174918516413,232794.3980369141,819.2403010300768,-819.2403010300768,pass,3704.0
5.003677141829639,193.49171647413507,238601.18368144534,669.7455157592833,-669.7455157592833,pass,3705.0
8.954811616203026,200.0996099287041,290029.4720007398,877.94353936305,-877.94353936305,pass,3706.0
8.596904410664337,266.7273627401666,391461.0561457226,821.198616209056,-821.198616209056,pass,3707.0
7.309464022861853,173.79677656100083,110063.70319971675,580.353452674101,-580.353452674101,pass,3708.0
6.962471694462739,161.71223967622802,183826.8924655715,844.0111643349122,-844.0111643349122,pass,3709.0
4.785907069635616,231.30352040027356,384334.28770172026,795.1084497449875,-795.1084497449875,pass,3710.0
6.892446710575774,294.7319145202637,413133.62452438264,1086.890950970808,-1086.890950970808,pass,3711.0
5.112517176315516,224.52181186637787,952242.4578793047,656.7293963745395,-656.7293963745395,pass,3712.0
3.2556450197680125,257.03038214758885,86788.91042788292,669.6001288180747,-669.6001288180747,pass,3713.0
6.53966772157481,278.73929473709694,336829.33142898825,828.4268407367135,-828.4268407367135,pass,3714.0
7.564931659361557,201.39776428279956,249286.48262085702,1149.6725370533306,-1149.6725370533306,pass,3715.0
6.031702406043379,191.41097199036696,276101.6388419145,803.4013694931302,-803.4013694931302,pass,3716.0
6.202560915975459,186.9369751204169,255979.28078131957,775.9740818371439,-775.9740818371439,pass,3717.0
5.789186465824215,209.6502065570555,193323.33122472698,598.0918340987344,-598.0918340987344,pass,3718.0
8.007584038554318,209.51810920130373,40378.72316413207,934.5681069342244,-934.5681069342244,pass,3719.0
5.30018246434928,179.1853104346725,184247.203690106,647.6393329772432,-647.6393329772432,pass,3720.0
6.9572177961079635,208.1679510646828,151816.93916382577,666.3386677891639,-666.3386677891639,pass,3721.0
7.742408054283098,216.4514609151848,200145.88546814705,764.759199606462,-764.759199606462,pass,3722.0
6.972500274457691,163.52983565744393,204664.29592277244,696.8351401555686,-696.8351401555686,pass,3723.0
6.900892971417145,205.1665914752849,182153.28498902108,462.0069395737177,-462.0069395737177,pass,3724.0
5.065407402790397,197.89901527746454,165235.27816386722,999.6713762921669,-999.6713762921669,pass,3725.0
8.508032728114099,247.66353713419107,363610.4419664977,597.939711894906,-597.939711894906,pass,3726.0
5.321931427959696,266.77256118071836,275640.1645441601,559.5337082091071,-559.5337082091071,pass,3727.0
6.200356629554801,238.7032061660222,939964.984375,781.1910033551555,-781.1910033551555,pass,3728.0
3.967674921246429,258.50938894907495,110810.03938429238,603.6972344286104,-603.6972344286104,pass,3729.0
6.861369067677959,223.16307039198603,249416.28230338724,897.8661654919673,-897.8661654919673,pass,3730.0
8.227507009018614,297.29944391320885,337274.47022750764,645.2115113379701,-645.2115113379701,pass,3731.0
7.425650522612689,206.6221081179046,224100.31252433494,661.8405344022672,-661.8405344022672,pass,3732.0
2.7394454644698745,259.50569368469627,142097.72012156318,687.0491181088183,-687.0491181088183,pass,3733.0
6.598099144923697,203.7756812089416,189398.16706901224,543.4459818404665,-543.4459818404665,pass,3734.0
4.256475923417343,257.8476614864255,223700.99831850792,552.064801989186,-552.064801989186,pass,3735.0
5.924626975542391,281.07241176607994,327404.0351954104,1026.2840881614022,-1026.2840881614022,pass,3736.0
6.857754549345211,229.06361444530566,258927.2637487867,594.7648236782402,-594.7648236782402,pass,3737.0
6.470603837033943,206.2001466327675,203169.30830445077,479.1693891098574,-479.1693891098574,pass,3738.0
7.160943402756407,295.2320533692837,375738.59815719514,698.2189126628508,-698.2189126628508,pass,3739.0
7.943068101434596,185.2554529894507,90474.23976569457,1120.5535442236624,-1120.5535442236624,pass,3740.0
7.43910427425994,175.68097951815415,165539.91218409175,541.9458735006685,-541.9458735006685,pass,3741.0
7.3106204369447205,196.73232318576805,208655.46389152244,828.6221758338346,-828.6221758338346,pass,3742.0
8.600641220646887,148.84911723671038,95511.02143921639,618.9973240331778,-618.9973240331778,pass,3743.0
6.947041119793489,170.61643919155884,124218.67487940425,713.648918387344,-713.648918387344,pass,3744.0
5.065169973913924,275.8374396444635,290151.0893488476,659.7761124100517,-659.7761124100517,pass,3745.0
7.7420964577579205,270.9697902693954,500449.4419664977,530.8493144167666,-530.8493144167666,pass,3746.0
8.040116815230087,208.60502632198413,160402.89668335702,532.4592281547557,-532.4592281547557,pass,3747.0
7.413909031411842,234.61973031101306,193244.5664831617,450.22685176349444,-450.22685176349444,pass,3748.0
3.3847998383661935,248.21917795256627,244179.37038882042,924.5294033035348,-924.5294033035348,pass,3749.0
6.762427981233681,243.9996307993212,421027.1014795901,909.3123584676086,-909.3123584676086,pass,3750.0
4.429771712815596,267.23758791998875,173332.78689272667,639.8473385005049,-639.8473385005049,pass,3751.0
8.203968806971266,288.92063922952354,237339.4823124686,318.35895267242194,-318.35895267242194,pass,3752.0
7.784492119563936,212.70147024857548,484252.1014073902,859.3718347074127,-859.3718347074127,pass,3753.0
7.582106637636409,195.41534705696185,235097.69990601327,534.1050706133399,-534.1050706133399,pass,3754.0
8.125550783622732,202.27407433208458,262880.66994620994,985.4622570385292,-985.4622570385292,pass,3755.0
5.553471091180354,208.5095828471972,322245.92318339844,906.2323271204442,-906.2323271204442,pass,3756.0
5.997636078540579,255.15664454115193,336043.3715754101,739.2538696299924,-739.2538696299924,pass,3757.0
5.74270351160177,274.13149153235344,371361.506508887,603.7361161340359,-603.7361161340359,pass,3758.0
7.910888655890181,294.2249824530953,331234.34913375764,483.0364906399874,-483.0364906399874,pass,3759.0
7.644182636250212,251.4676174647683,353746.0625126639,429.95343246507883,-429.95343246507883,pass,3760.0
7.785002735311375,231.02774228391726,206760.5147253492,439.9932121768196,-439.9932121768196,pass,3761.0
5.785362641143809,217.30718285975183,261204.34870963724,817.2392884882734,-817.2392884882734,pass,3762.0
7.629625632275298,288.956369591462,356154.26319625764,1054.4570548940826,-1054.4570548940826,pass,3763.0
7.8732133539306,129.71820533167482,111631.18703131957,596.4755150233245,-596.4755150233245,pass,3764.0
4.891185157711178,290.07285298119666,194455.16494282446,423.26533720893605,-423.26533720893605,pass,3765.0
5.950707665914861,202.43001615120986,287674.1388419145,589.2711247733914,-589.2711247733914,pass,3766.0
8.139670518094883,205.2831774526604,222508.27565064217,440.6124629447655,-440.6124629447655,pass,3767.0
3.5947151424069053,251.9558327304116,177256.71816843818,599.16546600247,-599.16546600247,pass,3768.0
7.293130187651352,157.75073786315997,180385.34394898202,909.2367584359869,-909.2367584359869,pass,3769.0
3.577780925893964,201.77346958913103,179821.06988871648,717.7355720538471,-717.7355720538471,pass,3770.0
6.653731306173313,225.58019204145705,408026.88348339545,675.3242180587046,-675.3242180587046,pass,3771.0
6.25870154673268,258.06657849562924,316951.6215754101,658.8734575839965,-658.8734575839965,pass,3772.0
6.914371940975693,291.20045933079354,402164.8612141445,1117.0543287583466,-1117.0543287583466,pass,3773.0
5.956965992975245,225.39705414709772,249479.56160026224,606.669689594228,-606.669689594228,pass,3774.0
9.111117108127312,186.0754923397072,264846.03682007577,631.3259299746524,-631.3259299746524,pass,3775.0
7.3893734892240746,196.1195611518287,289996.19533683494,814.544097994844,-814.544097994844,pass,3776.0
6.567875022568463,213.6742531445288,227046.92580558494,554.812167087063,-554.812167087063,pass,3777.0
8.042486088684038,158.17624135551532,226633.88887085702,618.8610537684488,-618.8610537684488,pass,3778.0
6.9115793656587705,227.60991830763544,211542.91706901224,755.9594906884025,-755.9594906884025,pass,3779.0
6.6471016623919885,187.78621589257338,194617.98552160198,549.4501794013265,-549.4501794013265,pass,3780.0
7.4888793962638545,289.9839382171631,320718.9116144726,563.0342452323687,-563.0342452323687,pass,3781.0
5.699742730443981,264.6371161858403,335141.39588211325,736.2007766931864,-736.2007766931864,pass,3782.0
6.426295085212425,237.36903293666919,221110.40303101327,690.712420064387,-690.712420064387,pass,3783.0
4.777738090124606,196.99455585591693,126860.53775047437,676.1762191869291,-676.1762191869291,pass,3784.0
7.038386824904569,171.3101700533545,83049.55495124144,699.8749782416726,-699.8749782416726,pass,3785.0
8.087269428534626,212.73486220109012,483575.3406652027,745.3230282600986,-745.3230282600986,pass,3786.0
6.604136655606983,185.23438735422127,175415.6989989443,608.9890126932977,-608.9890126932977,pass,3787.0
7.229553621595935,230.36540182170947,211749.68183960702,515.2321552764278,-515.2321552764278,pass,3788.0
6.199975871457964,192.87918505056635,342011.7715720703,871.6477031300248,-871.6477031300248,pass,3789.0
7.712004984297511,155.52759344991676,102761.13381339744,672.6070243943882,-672.6070243943882,pass,3790.0
6.267582384160245,288.0149172449389,270653.752602637,515.5424680710946,-515.5424680710946,pass,3791.0
5.957884433949558,196.54263578965285,186560.53630285198,906.4272514653604,-906.4272514653604,pass,3792.0
3.611647613646669,253.90580987051976,156061.32742007042,1004.6793255092019,-1004.6793255092019,pass,3793.0
5.525137098839716,201.21444805202563,259907.6914831617,859.3966023155219,-859.3966023155219,pass,3794.0
7.017588372025983,279.05415511131287,371561.6772394726,901.9010874559822,-901.9010874559822,pass,3795.0
4.0433439517600664,263.5150189311887,164020.97097475792,812.6360725417265,-812.6360725417265,pass,3796.0
6.052893842792595,267.51396738531975,397141.1405420901,617.4798088980383,-617.4798088980383,pass,3797.0
8.132487057555869,257.1287717349404,262342.5117314139,484.83982770456436,-484.83982770456436,pass,3798.0
6.607459741914837,210.9921767623625,244466.03923253948,684.4612406589356,-684.4612406589356,pass,3799.0
3.9312008748037943,266.6423928649808,73172.88015444542,658.054494700385,-658.054494700385,pass,3800.0
8.433319887479977,173.02600343761523,187404.5212866285,562.3305870749113,-562.3305870749113,pass,3801.0
7.433288740494011,191.9505884211921,193542.84133292869,538.6674406511299,-538.6674406511299,pass,3802.0
7.9769098707816575,174.10926969465248,190235.84890128806,607.4814739494326,-607.4814739494326,pass,3803.0
7.892284241352632,291.43961138795555,307909.79249313264,546.97982839287,-546.97982839287,pass,3804.0
8.991488254031376,197.9652266078957,283961.367386482,899.4715834262954,-899.4715834262954,pass,3805.0
6.817534234111813,277.7525654728376,303480.85877273825,561.7931321691708,-561.7931321691708,pass,3806.0
5.3426104148083,253.6307805473768,276450.39197586325,948.4105516369134,-948.4105516369134,pass,3807.0
6.1724013293191895,265.51254851755823,289921.01277213724,527.5518016333624,-527.5518016333624,pass,3808.0
7.8269986201416994,265.2241110331887,312832.96729782014,497.79665154893127,-497.79665154893127,pass,3809.0
4.675428007607036,238.37349806665696,946715.515625,614.8196120104989,-614.8196120104989,pass,3810.0
6.870872142293213,171.72837992128365,185700.03322745994,578.1060820809843,-578.1060820809843,pass,3811.0
5.73810521029235,180.57179326948847,199710.09675651224,921.5187491086571,-921.5187491086571,pass,3812.0
8.523254408348754,284.7469610698098,301700.84913375764,318.941909982331,-318.941909982331,pass,3813.0
7.172135017151205,205.59014379098036,262775.993334102,537.6346234904732,-537.6346234904732,pass,3814.0
5.445417223235276,264.0725828106367,359435.36853836325,609.6267481306968,-609.6267481306968,pass,3815.0
6.725957096331559,159.90693729471252,151632.868051509,672.6071288951844,-672.6071288951844,pass,3816.0
6.105085010862434,234.43333696368126,303984.84024912136,803.0235679999795,-803.0235679999795,pass,3817.0
6.636351250890302,279.14987802328386,613856.578285918,1015.5470556818613,-1015.5470556818613,pass,3818.0
7.061684566118477,214.51574607309334,220128.10939933494,674.1205094101012,-674.1205094101012,pass,3819.0
7.513096081892238,198.53950615463336,241202.38398804452,578.1538870381117,-578.1538870381117,pass,3820.0
5.511702161019352,269.0948487813436,406355.79138992575,858.6781407547242,-858.6781407547242,pass,3821.0
6.904176206105195,164.64648192476318,145491.6600436965,641.716755182827,-641.716755182827,pass,3822.0
7.19879946004267,256.09521002839745,301973.8086064139,361.8300705104659,-361.8300705104659,pass,3823.0
8.025772217000096,207.087482801219,268412.1178458207,832.0096202649163,-832.0096202649163,pass,3824.0
7.8403713056228135,157.97127707418434,132308.0954833193,750.7142488485322,-750.7142488485322,pass,3825.0
7.849519763269395,269.86534367944864,405248.2642321227,476.03308591163324,-476.03308591163324,pass,3826.0
7.062496306874512,174.04491873201363,207977.23049308494,655.9127911647015,-655.9127911647015,pass,3827.0
6.985498472387163,192.18382667615035,163997.99724035198,507.03391065480025,-507.03391065480025,pass,3828.0
6.045020245938278,205.3661184005315,186659.61429142812,805.283928810973,-805.283928810973,pass,3829.0
6.825639202107146,282.91813373565674,438578.73487594514,792.4978490465371,-792.4978490465371,pass,3830.0
4.430729560973148,258.96676958809974,219547.8958998557,668.6634649401497,-668.6634649401497,pass,3831.0
6.270955710893953,269.7949714565554,313594.604165137,741.0783702841064,-741.0783702841064,pass,3832.0
3.524552369274581,247.0453640328637,172058.32656687568,833.6171470080569,-833.6171470080569,pass,3833.0
5.8899015367389564,262.3384240770617,319094.15696054714,789.0315329408456,-789.0315329408456,pass,3834.0
7.982693448626096,278.8525516969136,597257.3873679492,683.1525597630118,-683.1525597630118,pass,3835.0
7.402655633666274,187.68290163692467,229748.57228995994,606.7498902875677,-606.7498902875677,pass,3836.0
4.865681211686218,266.84760354998497,264267.2977686526,684.9231620919703,-684.9231620919703,pass,3837.0
5.85058554882218,291.51053344023984,295949.4887629101,662.7609647478902,-662.7609647478902,pass,3838.0
5.453617822115925,272.2594562466108,374655.52478836325,653.3295599676015,-653.3295599676015,pass,3839.0
7.798203504046635,183.03841920433123,228382.21504273202,727.5154271109432,-727.5154271109432,pass,3840.0
6.099818225240791,281.96653234007744,298295.942055762,463.1821349295402,-463.1821349295402,pass,3841.0
6.042423743093578,186.65062474324324,172512.55388097698,668.560295987657,-668.560295987657,pass,3842.0
6.067376493160025,245.57424126876157,262839.3481379101,664.7860920335597,-664.7860920335597,pass,3843.0
5.894211252888349,274.3047715122663,330799.96326492575,746.8559357811881,-746.8559357811881,pass,3844.0
6.164636256921302,222.88304681715692,214229.13557487162,832.3965058173749,-832.3965058173749,pass,3845.0
7.825315042082565,259.810135233529,425235.25563913083,909.9538035741829,-909.9538035741829,pass,3846.0
4.721765776930583,246.1979350955869,259838.63161928917,755.7586116869296,-755.7586116869296,pass,3847.0
6.710787905879973,175.36775012430184,134952.4665770693,622.054412433378,-622.054412433378,pass,3848.0
6.765805327216356,247.58074726926827,449022.3121007496,693.4866787906715,-693.4866787906715,pass,3849.0
5.897081176972473,258.28095315935997,303458.3348780276,683.8541364590394,-683.8541364590394,pass,3850.0
7.644196155751316,181.4871215732298,243962.04411535198,912.3639350744364,-912.3639350744364,pass,3851.0
6.624215207332937,190.87701903893569,163422.69255285198,581.8383283468879,-581.8383283468879,pass,3852.0
5.302466455137814,274.7743567133227,315702.2535791995,726.5284679936009,-726.5284679936009,pass,3853.0
3.7320414271594897,194.4691518763472,70888.70636332585,689.6686120536223,-689.6686120536223,pass,3854.0
6.7269598801784785,281.6226619179212,337842.17127273825,759.6278676571727,-759.6278676571727,pass,3855.0
7.680985591222003,292.6062125689858,339551.99854782014,620.2613099315,-620.2613099315,pass,3856.0
6.713512264900647,181.17015951227233,242954.340707759,690.8021465584272,-690.8021465584272,pass,3857.0
7.128629280587868,209.98111684856494,196767.73164429452,557.8470067711673,-557.8470067711673,pass,3858.0
4.844528956672386,226.05608876285632,205513.4258581617,613.6144137934364,-613.6144137934364,pass,3859.0
6.324541979246579,174.69860427927063,247991.0796909133,828.8153805547603,-828.8153805547603,pass,3860.0
5.904963190351025,293.6528959274292,364372.6645441601,665.7939167182959,-665.7939167182959,pass,3861.0
7.030429754533738,259.8525705456343,466843.3814196227,915.2476978928948,-915.2476978928948,pass,3862.0
6.731077975863783,201.01793300225356,198548.67692785198,761.2233823623906,-761.2233823623906,pass,3863.0
6.710204055866436,226.65525846419413,255141.0860144117,696.1866711639932,-696.1866711639932,pass,3864.0
6.888913248755443,231.98123307234084,428185.65985058295,675.3666959015824,-675.3666959015824,pass,3865.0
5.405825457219378,260.32127438796323,279637.51439767575,712.9874806472192,-712.9874806472192,pass,3866.0
3.430878231086219,285.94269288647087,115812.56387156318,543.1946043249159,-543.1946043249159,pass,3867.0
4.152218928395046,269.22445010260594,268646.5061310079,1004.6317771197512,-1004.6317771197512,pass,3868.0
3.9213060418350825,272.35668992117894,298270.7795685079,702.9218945098645,-702.9218945098645,pass,3869.0
7.270707382668212,255.26134748529137,367706.5537236014,590.8330087200426,-590.8330087200426,pass,3870.0
6.922115402796028,167.99397964891426,201230.91018058494,1036.5880597425041,-1036.5880597425041,pass,3871.0
7.527398165132116,229.82115490374292,196493.43367057474,463.6553630235629,-463.6553630235629,pass,3872.0
5.095763581621657,171.67197234568323,107413.26448112162,642.4247377695991,-642.4247377695991,pass,3873.0
7.436328987004295,170.84608343050766,188294.03132471675,950.2231455555213,-950.2231455555213,pass,3874.0
6.58887534680841,189.00740763469287,141388.82913517812,494.0310760889444,-494.0310760889444,pass,3875.0
5.992813358497845,222.90092344974255,335256.40098297026,882.1348184855,-882.1348184855,pass,3876.0
3.9264616535682326,252.78238404858024,127181.69668406318,739.472598305982,-739.472598305982,pass,3877.0
7.947535562196956,197.37423415718158,192390.03877320077,617.7592240437591,-617.7592240437591,pass,3878.0
6.308512973415862,236.71965331968988,211395.56062369974,553.955220479616,-553.955220479616,pass,3879.0
7.242241112848953,238.17245681819995,236161.55879273202,389.57718680076243,-389.57718680076243,pass,3880.0
6.360208603775585,270.20908712389854,344523.5621729495,520.213720399798,-520.213720399798,pass,3881.0
6.3097341314316635,242.7662632370272,201102.8475733401,564.2949480289972,-564.2949480289972,pass,3882.0
7.12238306486067,200.08576463772872,219227.51677160198,937.9144104964915,-937.9144104964915,pass,3883.0
7.8661400292408015,279.88579888414085,306002.03077438264,361.0286865636082,-361.0286865636082,pass,3884.0
7.444321519097523,196.80074115333636,223430.39765991952,753.6759832791047,-753.6759832791047,pass,3885.0
7.157187567362754,196.66622470929244,179771.38151769573,524.2223443429053,-524.2223443429053,pass,3886.0
6.317218570372299,227.88243575630267,243066.0614782789,895.6977728202912,-895.6977728202912,pass,3887.0
7.032609093225086,248.58002768996147,431452.4921045901,775.0687286408787,-775.0687286408787,pass,3888.0
8.34490738700743,277.50543017457665,299564.0380986014,219.69922602502373,-219.69922602502373,pass,3889.0
7.589931188930228,264.63445307086647,294531.19190719514,381.03240294573544,-381.03240294573544,pass,3890.0
5.905933032560359,243.32074387011255,420995.05964713724,963.2793474428345,-963.2793474428345,pass,3891.0
6.610367656462632,176.67959611963317,142473.987192134,591.4626087634086,-591.4626087634086,pass,3892.0
6.986307650143472,167.2752966792784,162529.40934972698,588.8065564423316,-588.8065564423316,pass,3893.0
9.067983938714699,166.93472548065265,286605.3968054273,655.2507402498868,-655.2507402498868,pass,3894.0
6.910215109323767,276.3360447580778,353675.95056961325,798.0980038205427,-798.0980038205427,pass,3895.0
7.458113429500349,170.66954457651735,214572.44484381957,979.453143194992,-979.453143194992,pass,3896.0
5.913739857485974,279.9856575632372,328497.986977637,1022.6549643599832,-1022.6549643599832,pass,3897.0
5.245367345277839,231.95621488928117,998008.44921875,751.592158439132,-751.592158439132,pass,3898.0
6.256515697353326,194.3959852988629,132732.4764499465,644.5917733191895,-644.5917733191895,pass,3899.0
5.98119126893879,216.73523969588007,120608.23152213724,512.5381139559155,-512.5381139559155,pass,3900.0
3.8021806639077083,210.95789351262346,129306.77887309148,924.3281553203507,-924.3281553203507,pass,3901.0
5.928839313374428,166.18696761258917,137128.95387492582,583.4776573795756,-583.4776573795756,pass,3902.0
6.986655144799903,266.52276630471886,386001.5918095389,936.4327353932706,-936.4327353932706,pass,3903.0
7.197309980668781,196.60931278881066,151068.61623527244,652.7794891447004,-652.7794891447004,pass,3904.0
7.450213902512758,243.9273077176764,466884.8726476246,652.7203612224255,-652.7203612224255,pass,3905.0
7.17409694128689,182.0963380248747,274640.573412227,576.0600031520302,-576.0600031520302,pass,3906.0
5.839242199943928,165.45656490453558,145032.75709758207,896.269374411741,-896.269374411741,pass,3907.0
7.226895087245511,285.8769853097371,680647.324379668,1066.4589145099683,-1066.4589145099683,pass,3908.0
5.686844240611103,257.03580245327583,360423.5836262539,461.73653313978497,-461.73653313978497,pass,3909.0
7.5496934339015045,212.75854952869494,184803.85664429452,525.1229496227004,-525.1229496227004,pass,3910.0
5.629903535175334,219.09945965943064,227112.83308463724,835.3462762273251,-835.3462762273251,pass,3911.0
6.416992846613434,282.8101390297376,347356.2166828945,567.9464117471673,-567.9464117471673,pass,3912.0
6.405636914123978,216.5462185853454,247871.20027213724,660.3339617351064,-660.3339617351064,pass,3913.0
7.211467294356064,205.63554783401568,189572.86933960702,528.5634008759786,-528.5634008759786,pass,3914.0
5.441369383279578,300.0,362834.7309504101,785.2973587145635,-785.2973587145635,pass,3915.0
6.831433452004759,210.02096103741744,221704.12028722698,647.813954516047,-647.813954516047,pass,3916.0
8.901515901422338,148.0805258327492,208721.39555420663,796.8878242625453,-796.8878242625453,pass,3917.0
7.626843182985084,251.16049348128598,417624.7363215039,378.0652305641705,-378.0652305641705,pass,3918.0
8.593624635001854,214.77567096290667,224864.12519898202,646.7677259241667,-646.7677259241667,pass,3919.0
7.117766822505008,220.0303277486297,184355.38972526224,583.6760935830903,-583.6760935830903,pass,3920.0
7.080492156126259,174.97153867897026,222674.52102042869,718.079123769431,-718.079123769431,pass,3921.0
9.384538842698769,203.3020891719826,262745.4417273023,495.31914659306,-495.31914659306,pass,3922.0
7.422988726159767,191.88376994667132,235237.32051148202,1054.4158171505603,-1054.4158171505603,pass,3923.0
6.191354314320246,266.50512348654655,315335.377602637,987.857187442967,-987.857187442967,pass,3924.0
5.365353299638466,235.7077027135857,224916.1094519117,770.2614654302739,-770.2614654302739,pass,3925.0
3.44215008967408,251.1284811602822,145774.32559031318,663.0551075868143,-663.0551075868143,pass,3926.0
7.8511688547771135,270.6954671026544,349913.5424738476,819.4263086385951,-819.4263086385951,pass,3927.0
8.897074589839415,209.50416548786242,387245.3772741773,711.5331548439201,-711.5331548439201,pass,3928.0
6.3278828778212945,195.602624049922,166581.44523839885,547.838212280892,-547.838212280892,pass,3929.0
7.742084013797997,158.63041253503792,194929.69045402244,656.2849954850902,-656.2849954850902,pass,3930.0
6.264697956421135,169.2578324836158,56577.14626456931,729.941464075401,-729.941464075401,pass,3931.0
6.667317460959461,254.61177024197212,298893.77381180075,573.7190485840554,-573.7190485840554,pass,3932.0
8.124205692354934,277.39414988768857,419284.1166925976,750.9985747752264,-750.9985747752264,pass,3933.0
7.1356380315409975,191.02674043070436,154917.05690436644,675.6379746579636,-675.6379746579636,pass,3934.0
6.228458493286936,185.46288501336196,195382.78508214885,765.8616391762203,-765.8616391762203,pass,3935.0
6.201911132519749,271.277080147978,296126.55677078513,1044.9044504288738,-1044.9044504288738,pass,3936.0
6.880346613783791,292.73403638601303,271523.92139938264,619.9384370662317,-619.9384370662317,pass,3937.0
7.006131529146997,216.61947475983717,224574.62712316448,544.2454882871752,-544.2454882871752,pass,3938.0
6.952446295727446,261.6303448207253,304540.9494755545,621.9849553593288,-621.9849553593288,pass,3939.0
4.711103095043716,236.90681988175658,224637.08726846968,808.440790114358,-808.440790114358,pass,3940.0
7.0920384068381335,288.8940132856369,372800.3222782889,501.12778881047285,-501.12778881047285,pass,3941.0
7.466945234813661,241.90580474283365,467128.9634508727,907.0191720216234,-907.0191720216234,pass,3942.0
3.0761636288542396,254.13430811035545,173748.94863718818,748.629165987376,-748.629165987376,pass,3943.0
6.215558704797798,237.93859158396043,1000000.0,954.3543499028161,-954.3543499028161,pass,3944.0
3.646819095106979,281.4865198389675,254298.35774366738,513.0956095468567,-513.0956095468567,pass,3945.0
7.123008890411095,208.07139928875048,177069.70820679452,853.1106077452265,-853.1106077452265,pass,3946.0
7.131423666505702,182.36257547032,138284.85695319457,601.7440205851018,-601.7440205851018,pass,3947.0
5.724422204124938,230.5740382188293,242406.95124869974,448.6947495659727,-448.6947495659727,pass,3948.0
7.6754649775016075,188.52697777672358,211939.71780705312,559.0684837606816,-559.0684837606816,pass,3949.0
7.3283450145613696,291.42032527923584,450456.55616500764,860.0393788459226,-860.0393788459226,pass,3950.0
3.859951953383346,254.6004219309475,167860.18586866738,653.6671479773703,-653.6671479773703,pass,3951.0
8.337387485763267,202.71329918739875,274164.193558357,908.3546947493342,-908.3546947493342,pass,3952.0
6.511784239074425,186.416639047242,190529.55635132577,630.2391308070182,-630.2391308070182,pass,3953.0
6.969375534316734,233.2582305246361,255194.94355835702,849.0739009215379,-849.0739009215379,pass,3954.0
8.740232421418861,211.01794059810717,259603.65107788827,504.8269202489135,-504.8269202489135,pass,3955.0
6.763888134023384,242.7768786722191,220006.0274206617,597.3036884843874,-597.3036884843874,pass,3956.0
5.789002905416499,229.22196645674433,122680.24324088724,518.3474076675828,-518.3474076675828,pass,3957.0
5.874497460423494,272.5087110901156,359164.5185938479,805.1160232876332,-805.1160232876332,pass,3958.0
6.459908528587059,231.94435243544658,188446.6016394117,534.5165468477604,-534.5165468477604,pass,3959.0
5.86236089176374,241.41915164827623,1000000.0,660.7943704614511,-660.7943704614511,pass,3960.0
4.182129489092363,288.5947890281677,207781.47683413292,562.011171637826,-562.011171637826,pass,3961.0
2.7027451486963874,262.14647401440055,121549.69570750068,596.2701854041619,-596.2701854041619,pass,3962.0
6.263338103747505,199.39079863205214,1000000.0,645.6368783780767,-645.6368783780767,pass,3963.0
6.620068615636066,241.15528683600505,172002.4746862867,703.6041080416481,-703.6041080416481,pass,3964.0
7.994382690765828,274.8418169140425,339823.6997789977,368.3046638485614,-368.3046638485614,pass,3965.0
6.568676008526579,264.3048521162347,244725.79540353513,552.9364782822482,-552.9364782822482,pass,3966.0
6.289404558765899,242.65916032728876,234562.475174481,729.6756669710443,-729.6756669710443,pass,3967.0
5.3555060463588395,297.18139750076097,294340.7778254101,658.6802582952479,-658.6802582952479,pass,3968.0
7.790902345288947,244.09245295594872,308071.0156376639,787.8368776000809,-787.8368776000809,pass,3969.0
5.885693738985072,225.3767222875091,142675.02644401224,512.4637933863545,-512.4637933863545,pass,3970.0
6.167614328198591,285.70845734122184,264603.4860010745,524.9353891423472,-524.9353891423472,pass,3971.0
4.5050873661620745,282.2024550437927,233758.94753725792,761.9049230073332,-761.9049230073332,pass,3972.0
7.766135557238357,273.0492173315362,462246.8051691601,678.1338928662909,-678.1338928662909,pass,3973.0
6.772179749196605,205.22639216718753,206768.66328491952,656.5129696715446,-656.5129696715446,pass,3974.0
6.2227350574016675,236.64623255667414,144085.30769401224,503.4930635175713,-503.4930635175713,pass,3975.0
7.439354198553322,198.89543052133553,188843.91018058494,562.9201852893697,-562.9201852893697,pass,3976.0
6.0001389967839875,266.17023431075376,271406.1684504101,766.4905232145073,-766.4905232145073,pass,3977.0
9.375713410189585,205.2292109304436,281636.9846960523,434.20950773045263,-434.20950773045263,pass,3978.0
8.294341962123482,212.81580483033278,268323.6139395707,487.1085404884881,-487.1085404884881,pass,3979.0
5.036382062765127,208.7138777098249,712495.4779152748,858.5028401331859,-858.5028401331859,pass,3980.0
8.211793316861824,217.33596983788092,234048.84199585702,481.62587910509467,-481.62587910509467,pass,3981.0
6.9997790337448995,187.9657206447325,178316.23137121135,558.6181803585793,-558.6181803585793,pass,3982.0
6.919541111715792,173.31479056295387,189999.90822745994,975.0677223104659,-975.0677223104659,pass,3983.0
6.843096835872368,179.90708585319598,181425.74238648202,533.9164944031783,-533.9164944031783,pass,3984.0
6.109622011709224,227.8502523416015,190088.70906119974,569.0504903240313,-569.0504903240313,pass,3985.0
4.230954697190059,285.79403352737427,123385.74831850792,556.247089112384,-556.247089112384,pass,3986.0
7.3545397546481635,292.632429552781,352566.2140324393,720.4850942958606,-720.4850942958606,pass,3987.0
7.2906752475879175,201.6793994468116,164708.48830558494,448.16176096524435,-448.16176096524435,pass,3988.0
6.382974874561862,207.4193964773186,241165.26704468514,689.9989602861681,-689.9989602861681,pass,3989.0
6.716240836922423,268.47017251265805,460437.9228449414,659.4990661678742,-659.4990661678742,pass,3990.0
7.332175886592106,234.05259283123095,280539.418167732,651.9913642310808,-651.9913642310808,pass,3991.0
7.883003249181627,234.4690231012061,468668.11654410895,837.0447743676486,-837.0447743676486,pass,3992.0
6.5666624934321325,202.12638949467757,163195.66618566448,725.4202826687268,-725.4202826687268,pass,3993.0
6.526862948471872,202.24340831353285,135475.25407628948,529.1854206796278,-529.1854206796278,pass,3994.0
7.426690755745605,170.4308869415291,239284.27949585702,847.7401236033047,-847.7401236033047,pass,3995.0
6.478898483598797,201.34853242947676,359436.772630977,707.0049001921697,-707.0049001921697,pass,3996.0
7.2188678228205125,202.61437439038374,338329.229662227,1195.8760787068156,-1195.8760787068156,pass,3997.0
6.490933343107073,207.59780096127608,188713.05729894573,569.7543666934286,-569.7543666934286,pass,3998.0
8.232170835482016,180.79798933670807,145355.02714380855,519.2399426647797,-519.2399426647797,pass,3999.0
7.007215513250069,222.4017372900017,260588.89277710702,679.6523826388682,-679.6523826388682,pass,4000.0
5.347013737297142,254.00789200308708,292711.18039804714,734.1817202875848,-734.1817202875848,pass,4001.0
3.2262339646203646,280.9167745621587,212903.20925600792,818.5527501637583,-818.5527501637583,pass,4002.0
7.216456486527221,267.33980560302734,317389.24767404294,444.1039226444309,-444.1039226444309,pass,4003.0
7.194786912163929,232.57118185100634,255997.3106237867,503.6586168157523,-503.6586168157523,pass,4004.0
8.354745550860121,284.98647267888725,278056.91163375764,430.60116331262316,-430.60116331262316,pass,4005.0
7.233197587906011,212.75443905483843,53284.98781256957,924.0714975836952,-924.0714975836952,pass,4006.0
6.503695542492626,208.14026875909798,195049.2937255068,750.9406174672089,-750.9406174672089,pass,4007.0
3.596174296902676,275.5248012797024,75298.02278272988,635.5015580031967,-635.5015580031967,pass,4008.0
8.475659086216643,269.53137297700584,314917.1338017264,802.9915386485974,-802.9915386485974,pass,4009.0
8.317123031577305,161.4517769390114,245889.25605835702,753.1251779415197,-753.1251779415197,pass,4010.0
9.092342636395648,287.1483177668923,297677.95460250764,197.78330927371033,-197.78330927371033,pass,4011.0
5.123175292092572,210.70647115645136,150249.05506950052,645.04902954395,-645.04902954395,pass,4012.0
6.313795222584502,295.86905633223813,220982.64696603513,411.9178818755814,-411.9178818755814,pass,4013.0
7.284331003952037,215.99525899824823,157128.61164909037,494.2975890975961,-494.2975890975961,pass,4014.0
9.16963931765242,210.95713277397235,212884.92366089608,578.7900860051946,-578.7900860051946,pass,4015.0
3.3531035871882087,258.2587316142312,202237.99648875068,703.2343910477999,-703.2343910477999,pass,4016.0
7.063319190089003,288.5180606842041,410107.9072199414,371.3312581271377,-371.3312581271377,pass,4017.0
7.330870224777953,293.43498097670835,378836.9750910351,376.62664806907594,-376.62664806907594,pass,4018.0
6.367718305175808,271.6659856731855,363598.76502273825,702.485732948775,-702.485732948775,pass,4019.0
7.277700987512455,191.62267406520922,203583.16822876717,636.087086481556,-636.087086481556,pass,4020.0
7.104511055527814,192.60319459330202,156997.39186530394,513.7654717209373,-513.7654717209373,pass,4021.0
8.215639489570842,186.50179930267413,213563.99678101327,616.6186754970073,-616.6186754970073,pass,4022.0
6.162458094584952,196.13285942015375,211473.80574088724,678.0918136839862,-678.0918136839862,pass,4023.0
6.799335549402247,219.35621006426538,313922.01374869974,850.0763321443487,-850.0763321443487,pass,4024.0
4.116783314609708,207.21640791692033,121334.61774027898,594.9109866051232,-594.9109866051232,pass,4025.0
6.255643942077056,247.72274348450463,382772.2045832226,514.4882947215541,-514.4882947215541,pass,4026.0
6.395069389287726,258.53231107009213,317652.9438410351,799.8828235998017,-799.8828235998017,pass,4027.0
7.65381854664202,276.27497167657555,344295.0703251639,820.0693306793876,-820.0693306793876,pass,4028.0
7.284886606071798,193.35448737558357,224232.07033683494,641.7952788870493,-641.7952788870493,pass,4029.0
7.1213803663181245,237.3380977624389,296598.71687369974,972.0856714672955,-972.0856714672955,pass,4030.0
7.114627941359236,291.6492196023464,422079.48975875764,869.2560886019578,-869.2560886019578,pass,4031.0
6.385628415886656,257.5878659368829,406680.5903254101,412.44755301383435,-412.44755301383435,pass,4032.0
6.472510608661185,233.197382640216,303228.57331901224,574.8393927623213,-574.8393927623213,pass,4033.0
7.666363826355175,203.89891059932788,115970.40644898202,706.6943774940358,-706.6943774940358,pass,4034.0
8.046215369049804,274.8673856140451,491234.1948175976,509.14972614800536,-509.14972614800536,pass,4035.0
8.245359955689148,226.95348175106128,274663.771683357,606.9304891239752,-606.9304891239752,pass,4036.0
8.218717054310845,295.62619972051897,828248.3954245899,619.362136391996,-619.362136391996,pass,4037.0
5.253654229271422,217.15440566477503,177735.93055778177,687.9591197889168,-687.9591197889168,pass,4038.0
7.292072250191466,273.73134957564633,312182.3373957226,538.8954314122668,-538.8954314122668,pass,4039.0
7.64595213475693,196.50714690130116,140332.65431647582,682.9967918709307,-682.9967918709307,pass,4040.0
6.506454112756263,229.588731002185,165259.59089713724,515.3107735264134,-515.3107735264134,pass,4041.0
5.598598468387691,184.32320784642317,156429.38395910198,602.1273160369151,-602.1273160369151,pass,4042.0
7.066321402127115,187.29359745099165,149313.73552160198,638.1758613577528,-638.1758613577528,pass,4043.0
5.983045781646267,300.0,302516.4086847851,668.6647962714449,-668.6647962714449,pass,4044.0
6.138906105105177,293.77352987540525,283284.1059504101,574.6630148241109,-574.6630148241109,pass,4045.0
5.763484103342202,279.7006263430082,322947.17029617575,649.6991499709427,-649.6991499709427,pass,4046.0
7.757431669939711,279.35905511449516,290336.32374313264,563.804515061921,-563.804515061921,pass,4047.0
7.951444982234733,270.70420323622983,335122.9829035351,493.1004457289926,-493.1004457289926,pass,4048.0
7.521653241325572,300.0,385326.13331344514,255.40535443916653,-255.40535443916653,pass,4049.0
6.048994134402359,281.0677107477465,266868.40641123074,699.361475928596,-699.361475928596,pass,4050.0
5.277222789114798,274.2801210785189,329642.502602637,742.5587216606059,-742.5587216606059,pass,4051.0
7.118388830086426,210.2328844839104,210615.76643433358,451.3639372376654,-451.3639372376654,pass,4052.0
5.457077677583778,265.7267287874499,264406.47727304714,701.2223567079756,-701.2223567079756,pass,4053.0
7.091355515977577,241.5268741422661,283051.6914831617,569.5292991381323,-569.5292991381323,pass,4054.0
7.9672366672737756,184.1153149181374,255245.52363648202,654.4333868468902,-654.4333868468902,pass,4055.0
6.748200145541406,185.23220392985888,171089.60452580312,518.0558962973065,-518.0558962973065,pass,4056.0
7.566912848629922,263.37471209909586,469509.0864977477,806.3175720737801,-806.3175720737801,pass,4057.0
6.226766851952756,289.4253972673693,279937.270180762,464.44083028413627,-464.44083028413627,pass,4058.0
7.730851887572959,262.69794650148094,300204.4472782889,437.648378690106,-437.648378690106,pass,4059.0
7.501422090789513,197.79706521568377,175474.97090210702,705.6627224850645,-705.6627224850645,pass,4060.0
5.88370622926251,290.85499845984367,248110.0699854495,357.52218265429536,-357.52218265429536,pass,4061.0
5.781966812199438,262.4068450832644,314362.3797999026,676.5040596374452,-676.5040596374452,pass,4062.0
7.241694359442429,178.50291021404345,204772.1562048414,932.039569664712,-932.039569664712,pass,4063.0
6.4840694212263505,211.3829967887602,197165.56511144573,524.7119733945935,-524.7119733945935,pass,4064.0
6.373324867074993,262.52639505219094,356717.72791336325,823.8789965970434,-823.8789965970434,pass,4065.0
4.3422519238462645,262.58936884562036,114019.86262647988,701.7087262012495,-701.7087262012495,pass,4066.0
4.4344037760978825,241.72320313809473,638065.4343545561,712.1116715224503,-712.1116715224503,pass,4067.0
7.406298042121934,291.8717958909444,804991.0965964649,656.4002805361298,-656.4002805361298,pass,4068.0
7.931662006918685,256.0228730322198,422626.831292207,330.7633839005466,-330.7633839005466,pass,4069.0
4.732864725220214,201.60270006594385,89790.75447135599,646.1578351206346,-646.1578351206346,pass,4070.0
6.052105779981697,237.36577056887535,279569.4569483401,744.4351413131989,-744.4351413131989,pass,4071.0
6.0062439174300115,186.96639536931136,217621.57536535198,710.474403732408,-710.474403732408,pass,4072.0
8.135142190715507,204.99459310112078,197909.27168335702,433.2535901371368,-433.2535901371368,pass,4073.0
6.988837494785158,182.98151933266738,242831.2621329301,685.8348452187616,-685.8348452187616,pass,4074.0
7.490890337487892,215.95952828464587,182040.15547241952,591.9508030608481,-591.9508030608481,pass,4075.0
8.842045009469823,207.92933045563777,379548.9514929273,870.0170587422858,-870.0170587422858,pass,4076.0
6.121902749650918,201.6406132514386,147655.2596530715,862.2008227496033,-862.2008227496033,pass,4077.0
6.329612876105319,251.30939574179376,375449.89753776224,873.1615461284085,-873.1615461284085,pass,4078.0
7.49802251035382,256.7814441801385,427085.0991144726,608.8845909916262,-608.8845909916262,pass,4079.0
3.7202273535749146,246.17285274580968,176929.12038882042,935.4976084359118,-935.4976084359118,pass,4080.0
6.9434127591185195,163.2871567542462,252767.784067134,869.9709158133857,-869.9709158133857,pass,4081.0
6.091802290217546,156.38294243940192,224309.57631144926,853.5998982559724,-853.5998982559724,pass,4082.0
3.8313668992577323,286.10478924826634,206010.43240053917,749.7878893897174,-749.7878893897174,pass,4083.0
7.304572249331234,164.52236981805794,232501.78664542869,976.7538129467592,-976.7538129467592,pass,4084.0
8.583011715520575,269.97662491868675,276620.6513798514,327.1896548241271,-327.1896548241271,pass,4085.0
7.026950797565935,177.49166484292977,155434.24318839744,643.7097552536294,-643.7097552536294,pass,4086.0
7.686879484761908,259.49054331849754,279895.54371383577,362.084839506025,-362.084839506025,pass,4087.0
3.856409249661697,261.923421850958,209260.63503725792,639.0786680261158,-639.0786680261158,pass,4088.0
6.445226787859766,189.30708175017455,115233.76286535198,610.6873283048062,-610.6873283048062,pass,4089.0
5.922545809035805,271.3147554690801,306373.77869461325,812.5935760832631,-812.5935760832631,pass,4090.0
6.302263329959,273.50189482214836,271490.5055323245,604.3833194806685,-604.3833194806685,pass,4091.0
8.838861300012306,188.9642738872536,247774.45918335702,609.8019084976867,-609.8019084976867,pass,4092.0
6.2614655562585275,191.89841233803847,111511.71794347698,771.23792434019,-771.23792434019,pass,4093.0
7.429310797561362,256.4052994377488,294131.9421208182,475.0168436842378,-475.0168436842378,pass,4094.0
6.879857467821077,180.32524360952456,208667.97285523202,684.1977695363964,-684.1977695363964,pass,4095.0
6.006174812841426,232.90077991423334,134479.53230338724,851.0167729368502,-851.0167729368502,pass,4096.0
6.9166890182874186,213.86489641782276,196270.58205558494,509.23208369820156,-509.23208369820156,pass,4097.0
6.472971229216293,203.25376911697467,203144.07832398202,567.0703398172088,-567.0703398172088,pass,4098.0
8.47308957519997,182.17503511797548,82872.31886725707,1150.7305427930223,-1150.7305427930223,pass,4099.0
6.125116630141036,268.2465964437799,241297.31884103513,488.65083480539204,-488.65083480539204,pass,4100.0
4.489417873623056,229.96206044272435,291343.0686310079,579.1668488508794,-579.1668488508794,pass,4101.0
3.3876560705920884,259.39867519454015,217591.40945132042,717.5382383618788,-717.5382383618788,pass,4102.0
3.373655890880359,255.66885571793568,223601.83816225792,874.5633439497677,-874.5633439497677,pass,4103.0
5.56933341795613,285.68837128890317,278784.2598810742,722.706255075825,-722.706255075825,pass,4104.0
7.825645683666901,190.8541651540764,198105.28840698983,649.5288435450555,-649.5288435450555,pass,4105.0
6.824873599494068,186.45675449683287,165680.05583410198,534.1075202350934,-534.1075202350934,pass,4106.0
7.919025886236318,216.3797298659003,48523.17726569457,632.8173319795067,-632.8173319795067,pass,4107.0
5.454305642261415,196.3865006862475,298373.8028220703,705.9502296813866,-705.9502296813866,pass,4108.0
5.5629984762549505,226.40758485731806,268145.14656119974,800.4031221177038,-800.4031221177038,pass,4109.0
8.018250446105569,212.79090882143893,297571.5006583207,611.7146998806513,-611.7146998806513,pass,4110.0
7.732480226448365,193.93589170914055,143686.68263678832,612.3266004516818,-612.3266004516818,pass,4111.0
7.63383767831664,291.52816390814104,679377.547035918,415.30890394937825,-415.30890394937825,pass,4112.0
4.870025507842806,265.6671548778974,294586.47693680075,639.55830231149,-639.55830231149,pass,4113.0
3.8386209512336382,276.3151593208313,212474.94363100792,609.6252750461707,-609.6252750461707,pass,4114.0
6.075734897200363,270.92514753341675,256649.2131281445,464.17544397434375,-464.17544397434375,pass,4115.0
4.182288324294818,276.3211040408994,275652.0158966329,865.8827983451819,-865.8827983451819,pass,4116.0
6.339971813189994,243.3610070460769,316833.16316276224,489.55931479583114,-489.55931479583114,pass,4117.0
4.553753789251354,261.4124442036115,298376.66736648825,653.1399712456966,-653.1399712456966,pass,4118.0
7.625489023382054,216.19194324550708,294575.3303381422,601.4394750217434,-601.4394750217434,pass,4119.0
6.44083041427325,233.72624154096877,372881.63641308295,762.7289234765014,-762.7289234765014,pass,4120.0
6.426949762730575,191.34136220737048,102540.11819767812,522.7593823260783,-522.7593823260783,pass,4121.0
6.928698429176776,195.91447233273604,300124.4611075395,718.2840002233382,-718.2840002233382,pass,4122.0
7.148893064666941,289.90477454662323,348163.4404423514,678.1566774564238,-678.1566774564238,pass,4123.0
7.00189106237217,151.96134608339355,176701.344614009,857.2272553066153,-857.2272553066153,pass,4124.0
6.446325528003929,179.08466000970833,224882.38869620994,622.9936414223167,-622.9936414223167,pass,4125.0
7.240063396372307,248.76649732595718,382160.13445995795,569.6427974055647,-569.6427974055647,pass,4126.0
7.34763006713076,214.04721458492358,211805.23262085702,520.7466194183424,-520.7466194183424,pass,4127.0
7.981812006828097,163.30052931722634,123513.69045402244,535.3126073420414,-535.3126073420414,pass,4128.0
6.387838545477474,271.186910858182,348739.0875635745,990.8728661101472,-990.8728661101472,pass,4129.0
6.627202770943014,186.50609695031264,226712.83976964885,778.8364894990783,-778.8364894990783,pass,4130.0
7.4319013159752,232.7889343017074,153234.96589713724,413.29297704167044,-413.29297704167044,pass,4131.0
8.244973006928532,209.44380115582564,206273.82145910198,866.3301428600939,-866.3301428600939,pass,4132.0
7.433706777670143,211.05802078660957,186812.04812003806,795.1249933186376,-795.1249933186376,pass,4133.0
7.734991094876483,277.41117687295616,332948.71632125764,417.34866036595844,-417.34866036595844,pass,4134.0
5.804411825946057,269.4209421778002,260085.643227637,406.66775072419017,-406.66775072419017,pass,4135.0
7.397867058395124,200.23274755402156,175003.96145939687,483.4699545788632,-483.4699545788632,pass,4136.0
7.96680962886496,218.99900053677638,130271.38301148202,638.8927172521862,-638.8927172521862,pass,4137.0
5.786606620734242,241.0819238121473,267482.983284457,833.2387310928927,-833.2387310928927,pass,4138.0
7.643192625288265,255.71893559706967,478746.7827082226,448.81369262888757,-448.81369262888757,pass,4139.0
6.279090163387764,248.01940412527358,378925.17547558295,908.2132236285457,-908.2132236285457,pass,4140.0
7.863474829456047,196.3312456184395,232398.73066773202,543.7423423558332,-543.7423423558332,pass,4141.0
7.326695724238112,300.0,358804.05909469514,551.7565168221774,-551.7565168221774,pass,4142.0
7.7967318229716565,300.0,325371.90772750764,849.3786566430973,-849.3786566430973,pass,4143.0
5.966014123792021,195.01584111764052,100691.04442052776,627.9358246818625,-627.9358246818625,pass,4144.0
3.539272853150278,220.94572231157557,148124.7857322266,736.7228500965207,-736.7228500965207,pass,4145.0
6.331964996733177,253.08809156423843,354116.36004589545,716.6866851166427,-716.6866851166427,pass,4146.0
6.535954064959852,200.211501708766,114187.60563878948,759.4229024602237,-759.4229024602237,pass,4147.0
7.489823155883359,274.6685802918843,607646.3878562305,917.862885800949,-917.862885800949,pass,4148.0
7.679478688499168,204.6446880870827,221911.28144898202,964.4666171830863,-964.4666171830863,pass,4149.0
7.334463789491542,181.40463387858034,150172.54250006957,648.8241055975964,-648.8241055975964,pass,4150.0
5.3985556241154775,220.10751886305536,308469.33406119974,888.7151376709162,-888.7151376709162,pass,4151.0
3.3844608934393126,261.7078209177639,68716.47004835488,650.4471497848302,-650.4471497848302,pass,4152.0
6.994870557133452,266.30554639113706,299483.7114191601,461.2193362451116,-461.2193362451116,pass,4153.0
7.685937662011222,226.22868927059253,210001.32734741952,758.2736744797162,-758.2736744797162,pass,4154.0
6.723976037735311,221.79913198067763,227775.67692785198,616.9044509159885,-616.9044509159885,pass,4155.0
6.744862244241677,185.41862278532074,95390.762582759,743.7549491367997,-743.7549491367997,pass,4156.0
6.806871580087513,234.7796269550529,453000.00104852894,968.7574949233447,-968.7574949233447,pass,4157.0
6.215398723759411,204.38899929937355,203133.0749755068,637.9515917778358,-637.9515917778358,pass,4158.0
4.230382388292087,268.01532553748143,259807.16042788292,961.6808669948779,-961.6808669948779,pass,4159.0
5.904781218355206,255.19998559307686,418122.94959305075,726.1961364046606,-726.1961364046606,pass,4160.0
5.436477805304538,200.22953362402643,176642.92390494974,897.1690028889328,-897.1690028889328,pass,4161.0
6.339153017585781,283.477879017111,268368.66346023825,440.63696580183273,-440.63696580183273,pass,4162.0
7.1320527930151965,259.75035996507347,358917.0703251639,935.9393170174153,-935.9393170174153,pass,4163.0
6.049988712406242,255.91479038241295,304111.1522608401,1052.0037482490206,-1052.0037482490206,pass,4164.0
7.639402239917056,193.899140792466,227098.40156616952,703.5543371152836,-703.5543371152836,pass,4165.0
3.749525703789873,245.77778538183225,259408.21511538292,1021.2654355803548,-1021.2654355803548,pass,4166.0
6.884060057628165,230.1317008250686,172989.81843619974,594.4837520275768,-594.4837520275768,pass,4167.0
8.533210603853897,176.60038753089984,201810.40840210702,498.4830305801489,-498.4830305801489,pass,4168.0
7.000960802993015,218.0217526429661,225046.3203894117,520.9772053418322,-520.9772053418322,pass,4169.0
7.654305393675552,181.2423705631264,200893.86396851327,649.1281213793957,-649.1281213793957,pass,4170.0
5.1610084089081445,256.2972108007745,295737.4731379101,571.3903973555323,-571.3903973555323,pass,4171.0
8.17332775737925,184.41608853874286,259907.07832398202,1061.536812523508,-1061.536812523508,pass,4172.0
8.389260715652659,249.68740363191307,293841.13233688264,356.99217438707547,-356.99217438707547,pass,4173.0
5.991176002650238,184.80996772571154,132176.22171330312,602.2458246341085,-602.2458246341085,pass,4174.0
6.55780601847699,282.1128385956251,382936.9119953945,434.18578961557284,-434.18578961557284,pass,4175.0
6.895059905563424,210.2296582592715,576170.2630558757,674.2129670872796,-674.2129670872796,pass,4176.0
6.0856937875204355,249.15924009632698,311738.43494461325,811.4404616216073,-811.4404616216073,pass,4177.0
3.847542902289165,289.9231536388397,186098.30007632042,627.5923121406751,-627.5923121406751,pass,4178.0
3.5915019156117087,258.6158168421975,191112.22988718818,698.9766904101847,-698.9766904101847,pass,4179.0
7.094810678025917,244.46043615279277,173152.5283972242,622.2129977091241,-622.2129977091241,pass,4180.0
7.618662190025882,232.8482909971245,235023.19551148202,411.4998795738222,-411.4998795738222,pass,4181.0
8.1393753721921,181.8944849544533,261807.91621460702,977.7658039489007,-977.7658039489007,pass,4182.0
6.2495694559097394,209.1536722892257,303046.35749869974,1001.7819873120617,-1001.7819873120617,pass,4183.0
5.699861480538146,289.73986964238446,343545.9184504101,713.5386041137631,-713.5386041137631,pass,4184.0
7.605928082146614,254.06070710416702,424898.7505602477,714.7496202878466,-714.7496202878466,pass,4185.0
7.200843416862927,171.44846265863464,158765.594614009,618.3839718870425,-618.3839718870425,pass,4186.0
6.752212079741715,191.12584515031807,165861.27248527244,581.632241111284,-581.632241111284,pass,4187.0
6.454807146136061,265.2926583768205,270588.6743097851,667.5000626424127,-667.5000626424127,pass,4188.0
7.327165696897477,239.07561026956705,449013.8931383727,914.4112984095253,-914.4112984095253,pass,4189.0
6.342198486661995,252.02667855265526,202691.1737452151,694.7540770797143,-694.7540770797143,pass,4190.0
5.295525143671046,249.38584966597284,290714.60318046244,686.1505415636366,-686.1505415636366,pass,4191.0
5.758077326899079,273.05354151081673,393487.3260578945,415.0756732672629,-415.0756732672629,pass,4192.0
8.202116741201118,195.2898525768288,240941.99043335702,573.2516504654376,-573.2516504654376,pass,4193.0
3.4493971420248943,270.2709598795559,271817.3928999174,634.5021254442573,-634.5021254442573,pass,4194.0
7.362736119736388,287.30471897125244,302981.6045048514,694.3953934360335,-694.3953934360335,pass,4195.0
6.3936740988778835,189.63025709910937,166486.09280705312,617.6297256007439,-617.6297256007439,pass,4196.0
7.407299283230869,190.4350364120207,339370.4357169145,757.3033118599525,-757.3033118599525,pass,4197.0
6.32727664556189,234.4200349324711,197991.9649206617,432.5779309719571,-432.5779309719571,pass,4198.0
7.491746631318913,204.77960576353152,187737.4385534742,1113.370860865547,-1113.370860865547,pass,4199.0
4.913360579241332,222.3306956904724,235955.36265909468,746.8164855351193,-746.8164855351193,pass,4200.0
6.437956138493219,218.81904326989272,204263.82145910198,456.61620853123367,-456.61620853123367,pass,4201.0
5.672223535588468,280.6133330965319,339253.176430762,763.3868251529568,-763.3868251529568,pass,4202.0
4.233374721592749,279.3890396261492,382207.5575342776,1024.5112876731118,-1024.5112876731118,pass,4203.0
6.110896559887091,282.25501190665153,240465.203774512,506.0052122919457,-506.0052122919457,pass,4204.0
7.500053061951354,265.6711201197976,264283.92652633577,600.3889251298697,-600.3889251298697,pass,4205.0
7.9137872726267435,200.10827262935717,186167.17018189217,519.1259561776533,-519.1259561776533,pass,4206.0
7.300698837598995,211.14264114437182,198806.64729370858,508.03683986188776,-508.03683986188776,pass,4207.0
4.919086987900744,196.25904221472467,115850.45515494974,591.7834711008029,-591.7834711008029,pass,4208.0
7.056349503376244,199.04025794681542,209954.59377433494,787.7197879257398,-787.7197879257398,pass,4209.0
4.990786119047896,284.0684419752435,265253.1948175976,736.8439357723826,-736.8439357723826,pass,4210.0
5.5795792474637596,263.9064942019775,201498.31480753218,559.5484041455236,-559.5484041455236,pass,4211.0
7.225226356331603,269.75353299392026,427518.2255793164,305.4764667819771,-305.4764667819771,pass,4212.0
7.383590935131744,181.05179412899096,255782.62043823983,932.9166824861504,-932.9166824861504,pass,4213.0
7.966020253354893,215.5114916735657,220518.27473511483,533.4848477335684,-533.4848477335684,pass,4214.0
8.382093607295706,274.8936643130654,377441.72804000764,565.8434020102923,-565.8434020102923,pass,4215.0
6.410392875351666,212.55602689203255,191483.9128661318,555.297637171365,-555.297637171365,pass,4216.0
6.303877333927165,220.5676049703094,153699.40339713724,562.3437986736378,-562.3437986736378,pass,4217.0
8.148438780932315,174.77642810236574,65068.91701178832,629.4715208266445,-629.4715208266445,pass,4218.0
3.5014456639273295,254.23728894309056,234273.83034975792,872.0630570407895,-872.0630570407895,pass,4219.0
7.71195983778353,251.97184915612877,341470.86378219514,1048.775173317666,-1048.775173317666,pass,4220.0
7.519900384629338,209.60025774552443,206404.33464269573,444.3833769057517,-444.3833769057517,pass,4221.0
8.14071694794877,204.90868802604754,153858.10566773202,573.8106332248126,-573.8106332248126,pass,4222.0
7.230320606117752,281.94013795208565,321248.97400711325,797.211340768479,-797.211340768479,pass,4223.0
2.1270133049864417,272.14912975895317,195943.12441843818,869.5470165896461,-869.5470165896461,pass,4224.0
6.9624179911708515,190.9467599303923,224459.88151769573,619.7189297874723,-619.7189297874723,pass,4225.0
5.5901203885285415,209.93672378597338,265416.2949987867,724.4194249829582,-724.4194249829582,pass,4226.0
5.998592761222892,232.8882156455449,1000000.0,605.2495915531854,-605.2495915531854,pass,4227.0
7.460580347720878,271.86405693305295,342103.3266535351,946.2966619390107,-946.2966619390107,pass,4228.0
7.03698603684117,272.9899517179803,325121.2270441601,637.7001610996862,-637.7001610996862,pass,4229.0
6.876188127657608,210.47268408773024,262976.7898718336,678.8638270742128,-678.8638270742128,pass,4230.0
4.403993048682123,213.8012407718493,196746.7603416016,572.7647511423562,-572.7647511423562,pass,4231.0
8.513636349102692,192.69563873348315,168174.33613648202,549.3944375378351,-549.3944375378351,pass,4232.0
3.779336371293498,247.42797284440053,218999.58279116417,910.2640512261488,-910.2640512261488,pass,4233.0
8.425651735309856,274.89478509438794,391726.0639582226,658.1080269806077,-658.1080269806077,pass,4234.0
6.643855108281807,234.05802874503215,178372.2549597242,644.4900103743973,-644.4900103743973,pass,4235.0
6.3905379989093225,197.42215501381972,143974.11345128948,723.1798176331464,-723.1798176331464,pass,4236.0
6.7084319838664515,190.64128203805916,168846.47805167869,603.5567671360402,-603.5567671360402,pass,4237.0
4.368268897591365,245.2427086742307,245084.67019350792,828.288634805761,-828.288634805761,pass,4238.0
7.814912945159644,251.4021786346641,448639.88972040394,972.6450677772763,-972.6450677772763,pass,4239.0
7.268768833289115,200.5890822322569,212731.88151769573,628.8786923568099,-628.8786923568099,pass,4240.0
4.988398016209274,277.79354275475623,215901.00869282446,545.0400069108504,-545.0400069108504,pass,4241.0
4.771834564372211,219.8541958330466,223763.6646384766,724.7681502098787,-724.7681502098787,pass,4242.0
7.817696540018753,196.12325223026355,186660.95149292733,462.98116280504394,-462.98116280504394,pass,4243.0
8.12033478406882,166.9705913227462,170964.43068839744,572.7797472513353,-572.7797472513353,pass,4244.0
7.452116230847373,183.46674516604233,195036.00398096675,511.09066004387347,-511.09066004387347,pass,4245.0
7.751972657496319,212.09712423620303,247106.90559448983,556.446365314212,-556.446365314212,pass,4246.0
7.255213944575027,200.97237475452502,183131.5235144117,637.1941196856191,-637.1941196856191,pass,4247.0
5.731870091336976,214.4417457097503,124764.38142448099,746.9890933891327,-746.9890933891327,pass,4248.0
7.704276917835907,218.90134664115985,102388.57832398202,531.8344383634296,-531.8344383634296,pass,4249.0
3.5327032039148936,274.4622244747068,215971.38503725792,789.6262481937391,-789.6262481937391,pass,4250.0
6.248938987779628,232.94309396681513,177492.65144401224,908.0127048750701,-908.0127048750701,pass,4251.0
6.848351089617447,194.2365808063515,194259.54267945077,544.6137828030501,-544.6137828030501,pass,4252.0
7.268442450591086,208.5369729560279,148710.61037589744,497.1149826913203,-497.1149826913203,pass,4253.0
8.572612098265841,246.6227790839547,290337.02296188264,568.5642925155349,-568.5642925155349,pass,4254.0
5.6505499916713395,278.34109078658383,235790.83837228513,582.1057583351597,-582.1057583351597,pass,4255.0
7.696419774918445,176.5310636375463,143112.91554694457,603.7242711036046,-603.7242711036046,pass,4256.0
7.485817803848937,262.73177225660027,274444.0468876639,941.3981686569571,-941.3981686569571,pass,4257.0
5.512179325151454,249.14701516566004,325974.3607488218,682.187924930252,-682.187924930252,pass,4258.0
6.597420723197946,207.64686210093225,269592.06062369974,597.6613935187041,-597.6613935187041,pass,4259.0
7.155775977913635,277.07175159454346,338539.7143488476,667.831455813063,-667.831455813063,pass,4260.0
6.5821356132985,233.1444920206347,401775.1249170901,907.6773233697772,-907.6773233697772,pass,4261.0
7.347494829573601,258.89163161512283,458180.0396227477,601.0494850071793,-601.0494850071793,pass,4262.0
6.756117347755402,261.689361077508,467418.4419664977,664.7371616918712,-664.7371616918712,pass,4263.0
6.2004022111349375,292.0362000162565,278367.82556961325,666.9733128401975,-666.9733128401975,pass,4264.0
5.136172819221584,190.8912416608534,185451.27458410198,598.7611064873545,-598.7611064873545,pass,4265.0
4.719223529810577,269.4554757000077,251840.46963032446,1080.7665108066037,-1080.7665108066037,pass,4266.0
8.215794488204835,218.40639859827903,469484.50814567145,917.3736274459646,-917.3736274459646,pass,4267.0
7.691326386444615,293.9403119087219,357826.1147394726,266.897502462415,-266.897502462415,pass,4268.0
8.68446038510485,198.34422560272296,245761.63703980233,500.8948543012725,-500.8948543012725,pass,4269.0
6.48226426016374,194.03104587135394,210251.51289429452,636.2612212461179,-636.2612212461179,pass,4270.0
7.634009891036557,287.8213250619344,598676.9925925586,544.7485908023472,-544.7485908023472,pass,4271.0
6.930287627836899,222.7796235853203,239191.77583374764,764.6012849786697,-764.6012849786697,pass,4272.0
6.4481578718900785,233.5343949311706,203205.70027213724,637.1564735692014,-637.1564735692014,pass,4273.0
6.972093976881757,289.2290630340576,325369.33936813264,969.0432650983533,-969.0432650983533,pass,4274.0
7.763002110978798,126.98677726326068,124374.55586304452,829.0520671409058,-829.0520671409058,pass,4275.0
6.18641505651475,206.61255116400446,190205.04499869974,565.455652435853,-565.455652435853,pass,4276.0
6.393177582699071,244.86803383764948,335129.87800651224,746.8643161665449,-746.8643161665449,pass,4277.0
7.2235827320597155,171.35550101217262,155527.83303214744,586.6295429178226,-586.6295429178226,pass,4278.0
6.960214553734497,201.26665039596637,214321.08808960702,938.4217919609379,-938.4217919609379,pass,4279.0
4.4951799893521365,220.77328309400812,239370.3208884766,840.5945592076197,-840.5945592076197,pass,4280.0
7.018322888100712,203.6923891255162,235273.66130285198,1031.5467315301107,-1031.5467315301107,pass,4281.0
6.391302569453017,289.55389285087585,443089.2275324414,596.9472511012366,-596.9472511012366,pass,4282.0
4.135575287952333,243.03757628782526,168731.2378806641,635.9581839143418,-635.9581839143418,pass,4283.0
6.613426513308851,206.01605712487319,165305.47673253948,661.4091100827828,-661.4091100827828,pass,4284.0
8.466141535302834,193.6573900753029,282662.2355505445,651.6008422159535,-651.6008422159535,pass,4285.0
5.762199329960357,227.41658134398187,249454.26765494974,485.6087139799609,-485.6087139799609,pass,4286.0
7.10091896947308,211.02956466612895,223692.8300329664,817.2176268513897,-817.2176268513897,pass,4287.0
7.231294645330147,219.78243072567065,174017.49824585702,566.121679657614,-566.121679657614,pass,4288.0
7.929782787837741,161.77701266225807,98856.08693839744,635.9371454828096,-635.9371454828096,pass,4289.0
3.1311141939539557,283.3117097722283,141837.06582468818,899.2150919026338,-899.2150919026338,pass,4290.0
6.82034235529062,243.10860168206239,408559.3374913746,689.8903533220747,-689.8903533220747,pass,4291.0
8.123084603656485,288.1078840024346,300919.22218063264,559.4103488237781,-559.4103488237781,pass,4292.0
5.213770049147764,273.27375685217766,300379.1754541995,847.8950206324266,-847.8950206324266,pass,4293.0
7.355572639366821,198.1211593919762,214777.55891480233,515.7394388416513,-515.7394388416513,pass,4294.0
7.402172050709097,199.92131125046828,181392.54216222698,513.9203584267435,-513.9203584267435,pass,4295.0
7.335518448461249,297.3360455930233,379096.17530563264,492.9284797172678,-492.9284797172678,pass,4296.0
6.783294493832348,204.3758150350713,218238.39260245994,902.3531825133009,-902.3531825133009,pass,4297.0
9.44392830353065,183.94382043418963,289287.0081335523,894.3256868126987,-894.3256868126987,pass,4298.0
5.424894812738979,270.6714304590502,378447.7418604495,905.5472556087199,-905.5472556087199,pass,4299.0
8.199870331546501,191.1757385232814,244297.81758179452,564.7796068475176,-564.7796068475176,pass,4300.0
6.900372442191676,228.47697143492778,170497.1416784742,620.8640691614269,-620.8640691614269,pass,4301.0
7.241569446899651,174.39150042947762,108331.58986808494,658.9538239835501,-658.9538239835501,pass,4302.0
8.346819017881737,205.8633856349953,211513.2061315992,637.7745706097803,-637.7745706097803,pass,4303.0
6.063013407623852,286.81939529421714,272641.3505030276,898.3369435593268,-898.3369435593268,pass,4304.0
7.001966340800957,201.62527282772143,243611.92598023202,671.2941381689313,-671.2941381689313,pass,4305.0
6.777363634070591,233.2017741375931,285181.5176550367,802.8109969361203,-802.8109969361203,pass,4306.0
7.752369491717056,191.2176781469353,152667.80793823983,697.6321517257888,-697.6321517257888,pass,4307.0
7.72202931543526,284.7625341534224,375572.3716539977,608.3865079648713,-608.3865079648713,pass,4308.0
7.123014009405329,265.7311181552285,318706.7539189139,1017.5047534542596,-1017.5047534542596,pass,4309.0
7.369247955138073,223.92599405584414,227348.08723511483,690.8499605709843,-690.8499605709843,pass,4310.0
7.062368373203288,204.1780511849853,152460.55177360208,647.6206381735648,-647.6206381735648,pass,4311.0
5.991418867594088,283.51837002280143,321397.18331629055,362.77195972276553,-362.77195972276553,pass,4312.0
5.400169296492156,250.483333648999,257985.32262003218,609.2259909588768,-609.2259909588768,pass,4313.0
8.70543457459326,290.8843767173165,283835.26710250764,446.4224381403199,-446.4224381403199,pass,4314.0
7.196458934208588,206.7852148586281,113230.71797241952,608.9215084229445,-608.9215084229445,pass,4315.0
5.648802246189201,282.99637984278587,283111.330727637,504.8336606770512,-504.8336606770512,pass,4316.0
7.844816892091529,260.7540002943353,493049.3129816601,698.4391034902885,-698.4391034902885,pass,4317.0
5.395617313420084,268.9816003735029,332082.24744461325,852.9206133412786,-852.9206133412786,pass,4318.0
7.421670048345282,246.3468522555703,393933.7793095389,731.4961489652642,-731.4961489652642,pass,4319.0
7.167266546150879,208.34048743782122,214399.72932495858,724.2109401914825,-724.2109401914825,pass,4320.0
7.826441814074485,273.8231038974478,492041.9500402027,523.7274084665042,-523.7274084665042,pass,4321.0
6.2691600944876775,210.6724574082824,163665.61433463724,578.3536313540819,-578.3536313540819,pass,4322.0
7.764662744977233,192.3587944668197,202060.21096183494,553.3080525274897,-553.3080525274897,pass,4323.0
5.377653627340094,288.8379259587602,360406.6684504101,1197.4150220304343,-1197.4150220304343,pass,4324.0
5.842318507366339,268.01553379538444,258375.649087012,828.8849773833061,-828.8849773833061,pass,4325.0
5.672063622056134,212.28675335537554,175600.84621100707,613.335884606029,-613.335884606029,pass,4326.0
8.340734093297675,291.64495987962425,325100.61378219514,504.88947706626146,-504.88947706626146,pass,4327.0
6.624990886410908,233.6679394715794,201724.0508581617,609.1596202477713,-609.1596202477713,pass,4328.0
6.4405357416749105,199.33653516707147,196264.78230338724,678.643328057805,-678.643328057805,pass,4329.0
7.090358963569836,229.75986756620486,219275.75898804452,425.61814367212725,-425.61814367212725,pass,4330.0
8.732258720657066,219.89906747875293,285675.404495857,506.4436197221694,-506.4436197221694,pass,4331.0
7.118107429522286,222.1788107865783,173316.57722526224,565.2621005255187,-565.2621005255187,pass,4332.0
6.087020105952589,187.01849185540297,235418.56462316448,809.9237622953061,-809.9237622953061,pass,4333.0
5.9853532043986615,217.16777732952372,279907.8621482422,495.12134262307984,-495.12134262307984,pass,4334.0
7.751327729631617,262.38242526124657,375297.43433883577,598.7997604377947,-598.7997604377947,pass,4335.0
6.549945775156525,276.7554281647169,337437.4315266445,939.7159197068711,-939.7159197068711,pass,4336.0
4.09507002858429,239.40604968426783,711288.7937295561,622.9827350300545,-622.9827350300545,pass,4337.0
7.074901400912955,244.4725322253579,354454.2988407889,609.4500686480959,-609.4500686480959,pass,4338.0
6.317507623378532,255.51458597183228,286595.54271798825,897.7837403259068,-897.7837403259068,pass,4339.0
7.281067503949837,140.70399518547137,144907.35176148202,849.8024236573008,-849.8024236573008,pass,4340.0
5.313983108139122,268.0306901836672,287638.70133310574,662.0742340833197,-662.0742340833197,pass,4341.0
6.560956014935271,299.1571105600671,442985.33275705075,421.0972798625209,-421.0972798625209,pass,4342.0
4.470290936829729,229.120208254614,270016.40700991417,794.4485585324375,-794.4485585324375,pass,4343.0
6.756551865225342,287.3960747266971,336442.5409016445,503.8697855882742,-503.8697855882742,pass,4344.0
4.725896621537434,231.11759449933743,362682.02988922026,637.313790816196,-637.313790816196,pass,4345.0
7.612030180670974,209.45633246120445,208660.70852042869,521.4647542577648,-521.4647542577648,pass,4346.0
7.264125360790984,287.94214153289795,392610.1977472851,810.1390113155438,-810.1390113155438,pass,4347.0
7.263378767911689,246.23718272460263,460697.9550715039,918.1271024213058,-918.1271024213058,pass,4348.0
8.263122400602535,200.85668941078265,197918.84736695077,561.8076780424763,-561.8076780424763,pass,4349.0
3.4200384707827216,260.1834869490853,186213.95644968818,835.8923732717891,-835.8923732717891,pass,4350.0
