rho_s,r_s,MBH,chi2,reward,status,proposal_id
0.1,2.0,50000.0,,,todo,
53.28334919567342,2673.0123214476307,509553.035526467,13.919536912734099,-13.919536912734099,pass,1.0
71.35643182687298,1288.7097790110922,752693.6088721111,14.632454050063803,-14.632454050063803,pass,2.0
88.387929981036,778.7209172538112,670546.4383489265,18.11098090492324,-18.11098090492324,pass,3.0
64.3445515144713,3619.5177100394517,748725.2000668047,14.298254878278613,-14.298254878278613,pass,4.0
81.85475764066545,494.05307172724827,3553.9072081155477,41.03448331244849,-41.03448331244849,pass,5.0
23.08103846717029,66.21439091516702,353541.7110591318,1325.015154193426,-1325.015154193426,pass,6.0
18.528229188152086,3964.8781766274165,612172.0256531164,15.02419586440689,-15.02419586440689,pass,7.0
89.94292260274088,1580.2620583198322,406655.44253589946,13.818727368368194,-13.818727368368194,pass,8.0
98.02586234190385,2712.6155735945154,242294.61194293035,14.04570272440615,-14.04570272440615,pass,9.0
25.224242987395712,2827.9531531019466,133336.87991420375,15.225798916481313,-15.225798916481313,pass,10.0
87.62586826839475,2404.2576158757165,283325.86800975987,13.973487014305988,-13.973487014305988,pass,11.0
89.22108888801847,4139.021692663931,979970.4701516395,15.517711193702466,-15.517711193702466,pass,12.0
86.72331046708204,971.5607369725615,454490.673134089,14.771145420622869,-14.771145420622869,pass,13.0
80.51829764322488,3737.420926601065,919959.7184824316,15.079139937161033,-15.079139937161033,pass,14.0
22.047070924035616,4989.775724305444,602796.5202583806,13.893065285243908,-13.893065285243908,pass,15.0
3.5519421831708327,2779.827786929805,319642.5219249326,68.56364442032621,-68.56364442032621,pass,16.0
50.210512242943295,2667.9429761525544,662513.3897918408,14.033239986637088,-14.033239986637088,pass,17.0
45.82762235782085,553.8325327770599,729937.667518445,81.84496503620434,-81.84496503620434,pass,18.0
78.42037837087051,710.7420892427813,838686.941896812,24.31658959782034,-24.31658959782034,pass,19.0
40.27269177287153,2035.0861791595953,370666.3111862778,14.361153673047387,-14.361153673047387,pass,20.0
91.70157008626191,2455.9434368815982,965988.3696125202,14.76190103939644,-14.76190103939644,pass,21.0
6.9721900805515205,1813.4330142668643,45159.96385947485,263.2388218963282,-263.2388218963282,pass,22.0
33.57381481770324,2038.851373053759,233107.12527799016,15.97952422142139,-15.97952422142139,pass,23.0
20.37437188046259,4674.336989560324,577046.8267607731,13.968587972984036,-13.968587972984036,pass,24.0
62.42220909358569,4215.638515104945,176484.22862926027,14.026490138438398,-14.026490138438398,pass,25.0
85.07749495996505,1499.180823931249,834420.4911042664,14.261782523896887,-14.261782523896887,pass,26.0
95.77582675612436,578.0750431981874,116588.78098879555,25.408605699080205,-25.408605699080205,pass,27.0
4.575179774771857,2908.9716757027195,98027.46240337168,227.2171728614839,-227.2171728614839,pass,28.0
21.325592283073313,865.0721380064396,973148.6259011385,30.63324178121809,-30.63324178121809,pass,29.0
19.823724295247306,893.5473683331163,271988.94041032385,25.592465016430975,-25.592465016430975,pass,30.0
27.256879606956286,4027.4709773602794,173326.54755865896,13.598608565336288,-13.598608565336288,pass,31.0
30.781993512335525,2330.4757881815817,806967.1677227939,14.863604708949456,-14.863604708949456,pass,32.0
81.91546572775152,997.2239053678843,152537.47486775726,14.816152173648133,-14.816152173648133,pass,33.0
68.7020693328119,3564.1766122308027,167064.11463104674,13.853770523213589,-13.853770523213589,pass,34.0
24.894040681859405,4171.671631974397,813094.4686731682,14.156694079785883,-14.156694079785883,pass,35.0
46.614599461683824,2742.1469392568765,683412.8942924916,14.033218626410106,-14.033218626410106,pass,36.0
49.305716706807914,3544.763409402781,703609.8714755526,14.31854547066932,-14.31854547066932,pass,37.0
43.77976702636089,1020.5383553998621,423335.8897679711,30.63066670540883,-30.63066670540883,pass,38.0
80.37726411414803,4235.491811693818,127470.86402936914,14.453520593739219,-14.453520593739219,pass,39.0
43.14196536847575,4468.049834632983,550107.8596623684,14.254408781991875,-14.254408781991875,pass,40.0
24.764655872578967,2110.1645046000185,36656.65074761826,21.269763902850247,-21.269763902850247,pass,41.0
72.3982973288946,2668.399615223782,313386.34879795526,14.064445706955485,-14.064445706955485,pass,42.0
79.10825565612886,1688.4878194701998,833250.7012741071,14.286379240429037,-14.286379240429037,pass,43.0
68.15389519673293,799.829854173409,160509.74521787398,23.600617451772763,-23.600617451772763,pass,44.0
48.22927161163582,3206.0446848581537,510334.0322003012,14.022818019881626,-14.022818019881626,pass,45.0
32.63024705268643,868.1633934805328,652647.3426156915,57.81440030823765,-57.81440030823765,pass,46.0
72.45519642975357,3338.3287836608283,583274.5274088299,14.097826950796085,-14.097826950796085,pass,47.0
26.313288295430752,865.8224040286381,499284.8853116989,87.19316383421366,-87.19316383421366,pass,48.0
0.4501585693028398,3727.251739894525,150219.19839670806,79.75253158378435,-79.75253158378435,pass,49.0
51.24885579239072,4584.897946702512,519078.30063685944,13.994414595867909,-13.994414595867909,pass,50.0
63.68969099951979,1487.5568653331723,936953.8798370857,14.74305527186517,-14.74305527186517,pass,51.0
5.927814072575155,2130.529053966236,951258.5534386565,43.551009736850894,-43.551009736850894,pass,52.0
38.016376073558426,1425.1751207678851,268012.5841287333,21.680152315438335,-21.680152315438335,pass,53.0
6.620539168662376,3209.73989482788,725935.9344333045,57.00622382331343,-57.00622382331343,pass,54.0
71.5401302231754,4350.699701226633,342708.3169048486,14.403625963686405,-14.403625963686405,pass,55.0
97.35000009773182,4296.949354146928,186551.50792340792,14.770802803214483,-14.770802803214483,pass,56.0
44.88317187313802,129.05195577620438,432015.73270179285,1119.2974654133593,-1119.2974654133593,pass,57.0
28.727673380600333,1015.8743208966373,53343.28875303007,53.50678635366809,-53.50678635366809,pass,58.0
31.28796548537441,1130.0617335138063,421472.0888803648,40.55267243558463,-40.55267243558463,pass,59.0
24.525127204929454,3837.191516274717,357889.05954798864,13.77163052400958,-13.77163052400958,pass,60.0
37.36002112257799,3515.5485260995088,306917.9375576696,13.702234532429433,-13.702234532429433,pass,61.0
31.786494026320575,1797.4240397688382,84278.7650900243,19.43558753036043,-19.43558753036043,pass,62.0
86.17044138647184,523.0160173745729,475534.97833105596,19.69617404755049,-19.69617404755049,pass,63.0
9.221708170814088,3634.2603893567257,66322.55979712032,39.050569806768465,-39.050569806768465,pass,64.0
0.43390183951320227,1904.3511372465525,130956.79683601735,751.2486865958347,-751.2486865958347,pass,65.0
66.52515711313684,2090.803764564364,189232.287522466,13.71031581383467,-13.71031581383467,pass,66.0
26.870299759532454,952.9341140758938,710273.2776679917,67.1155508467609,-67.1155508467609,pass,67.0
64.79093682968971,506.4219209789446,229820.49161754758,53.837970023091536,-53.837970023091536,pass,68.0
83.0846106425227,1503.7492393068983,607574.976651433,13.92699792970285,-13.92699792970285,pass,69.0
98.65090458865049,4132.6706876488015,181918.37614385408,14.706436951070586,-14.706436951070586,pass,70.0
19.327807548204117,3977.11792012734,83908.94928959459,14.402428702804915,-14.402428702804915,pass,71.0
22.82877035278508,1150.2103550651955,497585.5888434708,61.2300808875248,-61.2300808875248,pass,72.0
61.129797766002774,1088.0174735703624,65979.3440260561,17.440479759804283,-17.440479759804283,pass,73.0
68.21334350751967,2933.6284180499333,238890.28802195168,14.015485151310443,-14.015485151310443,pass,74.0
79.65595854657889,92.09686581294456,805566.7554955393,446.0193387145383,-446.0193387145383,pass,75.0
12.31096045598142,104.89544350360914,801234.8734597921,1232.4661227670258,-1232.4661227670258,pass,76.0
30.20747649094953,2318.230762556626,850213.4627972908,16.17659720074909,-16.17659720074909,pass,77.0
78.40833853743314,4113.928015765656,691109.101681775,14.779086968322682,-14.779086968322682,pass,78.0
53.40392122979883,889.6652109935945,432113.49513638444,28.554668064311272,-28.554668064311272,pass,79.0
17.528939040372396,1140.5002307105838,671227.7414269906,108.48249972459118,-108.48249972459118,pass,80.0
60.52065820526388,3471.710666803617,313352.08949978324,13.996062740954894,-13.996062740954894,pass,81.0
59.05870243472888,3103.9014808063594,316794.9175048259,13.989406557015446,-13.989406557015446,pass,82.0
81.9286025248687,2253.2315184689533,371424.69527247414,14.025219409795332,-14.025219409795332,pass,83.0
20.38261851693106,919.0791745181816,932631.9316434558,46.57445478206956,-46.57445478206956,pass,84.0
35.189288106692814,3202.5576645811825,60055.41604974451,13.612306236964425,-13.612306236964425,pass,85.0
79.8334444226844,1770.0010568236876,89998.56192048184,13.709411649045897,-13.709411649045897,pass,86.0
73.15239624308194,3281.5653861264777,387871.4875523159,13.906956196973274,-13.906956196973274,pass,87.0
11.423223311101316,2192.55277178044,319613.0139094248,36.267974073257626,-36.267974073257626,pass,88.0
79.38674479719525,3598.368810201036,347063.8036350939,14.241332084205716,-14.241332084205716,pass,89.0
91.20238189743169,1506.4655808340183,185360.9779256927,13.687217066626086,-13.687217066626086,pass,90.0
0.7403462234468388,596.5700330744229,368264.17869011086,1019.0517030189784,-1019.0517030189784,pass,91.0
9.216861486639711,791.1046617737145,119822.40345653772,131.2999420103664,-131.2999420103664,pass,92.0
21.43374915933831,2699.7884060668757,626048.3328536483,18.80262305818838,-18.80262305818838,pass,93.0
25.42569932497328,918.0193997656971,836896.9487185756,78.38610930125714,-78.38610930125714,pass,94.0
34.57665454283299,1445.052989413264,987679.9372710697,24.815300771953975,-24.815300771953975,pass,95.0
57.733970377556425,4663.853787694611,296894.6859790632,14.12548914288291,-14.12548914288291,pass,96.0
18.637941729500458,4110.514804978605,602404.8282619247,14.638945528766655,-14.638945528766655,pass,97.0
27.58071370128243,4416.373426462186,621007.9002063549,13.94858569510042,-13.94858569510042,pass,98.0
11.071497817048412,2913.1693595760007,737893.8540906925,20.920430775270248,-20.920430775270248,pass,99.0
72.94747340913057,4629.834215823367,895712.6963120692,15.193219165169301,-15.193219165169301,pass,100.0
91.0665572745823,4621.117671081731,798315.2453673664,15.36435056924837,-15.36435056924837,pass,101.0
40.46660531307402,1003.5491941907117,533651.5210489054,32.02661693902559,-32.02661693902559,pass,102.0
59.638052177824264,2460.0569492860923,268023.5992661461,13.782695520202088,-13.782695520202088,pass,103.0
27.010982474131936,1959.8914140841684,590835.9607120052,21.535164315492896,-21.535164315492896,pass,104.0
78.70109000976518,4058.0063623067877,160292.7851727567,14.354307422607828,-14.354307422607828,pass,105.0
17.412630201300114,1519.1253858146317,185622.4261773346,58.00286792148807,-58.00286792148807,pass,106.0
74.23977515803674,2709.9502971189336,155322.57507562297,13.990270297021176,-13.990270297021176,pass,107.0
57.53833366434445,1752.1690636826581,814994.5119342287,14.346562503082474,-14.346562503082474,pass,108.0
26.133970105948894,1394.856340023229,943679.3081246329,38.995502981071965,-38.995502981071965,pass,109.0
23.558615822814023,1743.2072721809948,220589.21653221664,31.674489574459123,-31.674489574459123,pass,110.0
18.285992581686873,3782.595005388408,474061.4034938878,15.543744046064901,-15.543744046064901,pass,111.0
34.58344273580062,4848.469734096707,198539.7210192701,13.872321546714348,-13.872321546714348,pass,112.0
77.3073188999005,1839.1410482040885,331876.40095766215,13.777182857594111,-13.777182857594111,pass,113.0
40.04729885515458,2944.4362703466913,738970.3663788189,14.089192579958697,-14.089192579958697,pass,114.0
20.057607554492584,1605.8115448618075,245811.13839692215,43.855786462613295,-43.855786462613295,pass,115.0
16.58034378552113,1123.647133965537,743407.7737373086,24.481371651424805,-24.481371651424805,pass,116.0
19.889937553771233,4641.517584197452,88769.46203811675,13.780826853341575,-13.780826853341575,pass,117.0
81.54386702846203,2620.3483126811675,611375.5335121637,14.254718344461496,-14.254718344461496,pass,118.0
17.585681782885647,4037.209800923966,800957.7782257283,15.586709933493447,-15.586709933493447,pass,119.0
19.758166186402235,1651.5096614385527,692241.0090831016,27.65408137150991,-27.65408137150991,pass,120.0
30.760799563310773,11.611562097060622,180145.38515805156,1350.7032090199743,-1350.7032090199743,pass,121.0
15.34809397928858,2691.149267992973,373016.72852194356,29.48650151857218,-29.48650151857218,pass,122.0
97.76961182524647,1393.4906100901658,817729.0246722244,14.282677711975797,-14.282677711975797,pass,123.0
83.12625447830544,1864.1188023305756,122544.95468205617,13.808711154972602,-13.808711154972602,pass,124.0
45.73990692424838,1169.4876481920676,556566.6669929507,22.80866732721173,-22.80866732721173,pass,125.0
71.22962354563899,3891.1220348272436,503856.1241132383,14.318367707172698,-14.318367707172698,pass,126.0
75.31962001857684,4987.169362491641,862910.0198724587,15.325118693468756,-15.325118693468756,pass,127.0
53.71980630804373,1417.9358576606965,243850.45003692206,15.068672851634368,-15.068672851634368,pass,128.0
63.19927279118053,4183.8886361080185,977655.9146724213,14.944328343363038,-14.944328343363038,pass,129.0
85.84268099748591,1002.6563422281696,615857.5765315783,14.799849058943655,-14.799849058943655,pass,130.0
52.140499386885445,1513.8881626325644,848139.3106302998,15.348397650513622,-15.348397650513622,pass,131.0
6.387501769029922,4460.024680569622,658908.6691180827,48.401213398547604,-48.401213398547604,pass,132.0
79.61208370792448,3330.60928540467,731946.5416583051,14.499875771869927,-14.499875771869927,pass,133.0
13.770532770203719,2508.141739740245,936329.388263839,39.32251160322481,-39.32251160322481,pass,134.0
86.15698094748114,4155.344248807986,634983.3016053425,14.882846088107376,-14.882846088107376,pass,135.0
84.65230496420105,1362.4579710906178,213958.30248961013,13.6403899188214,-13.6403899188214,pass,136.0
56.60976754793081,2582.9278614194895,812788.2920391093,14.357314413145879,-14.357314413145879,pass,137.0
3.8142022997138456,4914.852441189532,286883.1437489742,27.125250467352142,-27.125250467352142,pass,138.0
60.97134903319157,3207.7953329681422,931400.6380620056,14.834695903763523,-14.834695903763523,pass,139.0
40.221108605486585,3021.5921504714893,720202.9074607744,14.077588922466605,-14.077588922466605,pass,140.0
89.02026341886439,1235.5405504115777,84650.21067482681,13.609822318376091,-13.609822318376091,pass,141.0
89.96217908091477,2504.521510679856,219068.81694107383,13.887140419342686,-13.887140419342686,pass,142.0
51.722321634996945,525.0143660942058,218412.49222052307,72.04312181318188,-72.04312181318188,pass,143.0
68.43033742877002,3989.31423225547,224455.47098184182,14.119941108958109,-14.119941108958109,pass,144.0
64.14517493525332,4962.1640021921085,566778.1511002536,14.61242634056575,-14.61242634056575,pass,145.0
1.1720592130135508,2584.8307384194227,401484.340226546,42.4649566056891,-42.4649566056891,pass,146.0
92.11821254721382,1237.994593123958,982106.2519956199,14.560309687310212,-14.560309687310212,pass,147.0
22.302355767454934,743.5871597788343,737129.7976711504,92.22206827636433,-92.22206827636433,pass,148.0
23.51123247450031,3114.0395372560483,651873.5245020294,15.253795146484075,-15.253795146484075,pass,149.0
71.56592902424335,1997.7671231601007,609172.3201174277,14.029712379790757,-14.029712379790757,pass,150.0
37.753697342284966,804.2262975107427,408882.5948595003,53.08407762545109,-53.08407762545109,pass,151.0
19.963872034305638,4279.022380010332,54588.90802949368,13.889162940856764,-13.889162940856764,pass,152.0
13.135137115737153,4351.39520577857,239466.93146078213,18.479398516456804,-18.479398516456804,pass,153.0
26.441999202945198,2067.7815432047464,495407.29722754407,20.558875819915304,-20.558875819915304,pass,154.0
71.88568757619828,3469.147241135518,461499.20717543224,14.035712243554363,-14.035712243554363,pass,155.0
96.85899903637979,4420.593266431605,385272.5044750652,14.920780774924427,-14.920780774924427,pass,156.0
55.97684712589127,4551.516193321695,486615.31473064754,14.129582326700938,-14.129582326700938,pass,157.0
27.576310349594586,618.0617718013015,102765.6212882907,186.75530458544821,-186.75530458544821,pass,158.0
36.37556432685942,2726.843228213165,200520.73045443208,13.653628922602701,-13.653628922602701,pass,159.0
25.59894645120603,4455.392817028014,833994.3730366568,14.261473278228632,-14.261473278228632,pass,160.0
55.30010323614915,1977.7407363154039,295682.45928538137,13.645169476537939,-13.645169476537939,pass,161.0
47.09514342183193,4729.475879227408,692620.6932227358,14.293293661581165,-14.293293661581165,pass,162.0
7.230062727916059,1473.2538581907843,474037.9106662048,22.425210644629438,-22.425210644629438,pass,163.0
38.172827431020615,2851.687948643475,938187.9361352287,14.415331298735179,-14.415331298735179,pass,164.0
91.19252079737741,1008.5521089025234,954874.7210798495,15.025438562094772,-15.025438562094772,pass,165.0
52.50623892398717,2505.202151330705,916649.6193808607,14.434388607809554,-14.434388607809554,pass,166.0
20.224544518373577,2887.402001336774,524729.9512632124,18.424739359738275,-18.424739359738275,pass,167.0
33.17578071556692,4694.672273873343,408944.67454533844,13.948927707458123,-13.948927707458123,pass,168.0
46.52852496602878,1363.5142503501797,713363.7173190833,14.526672872983324,-14.526672872983324,pass,169.0
60.86142079599686,1661.8928719412008,367196.39159507776,13.834437449812086,-13.834437449812086,pass,170.0
80.61395874293366,3733.146631359162,35682.21719773368,14.26950594831143,-14.26950594831143,pass,171.0
20.743062477508808,4201.718302518964,396432.3199944806,13.972543009840939,-13.972543009840939,pass,172.0
75.34817762340907,2785.155716286356,199015.99537165227,13.950027222960427,-13.950027222960427,pass,173.0
80.8789884163763,777.1242513924099,688826.3437917641,20.21389183021918,-20.21389183021918,pass,174.0
23.60804035668464,4480.599781461902,17377.931867318617,13.552432147324627,-13.552432147324627,pass,175.0
84.5917790102125,1981.6516318264148,889131.5700231051,14.59981256446335,-14.59981256446335,pass,176.0
74.63056232159256,1005.2812199693345,612557.5598688079,15.940469412852254,-15.940469412852254,pass,177.0
72.55991066930063,2585.054468710267,708130.2015828643,14.401345971379452,-14.401345971379452,pass,178.0
55.86563860480014,3937.826637361948,759369.5062703675,14.427922570529962,-14.427922570529962,pass,179.0
15.140405577966451,4152.503095709512,136579.8195478425,16.570081085541933,-16.570081085541933,pass,180.0
74.7412049398323,2533.5968958112107,156808.50409651792,13.988799473007756,-13.988799473007756,pass,181.0
34.39909191278876,2544.8237425047314,501011.45308359904,14.18976109571469,-14.18976109571469,pass,182.0
97.38970714695455,3025.433403394035,255882.28237055056,14.24802269591239,-14.24802269591239,pass,183.0
0.356823968495423,2498.0457640221925,312401.3383881047,35.247545612564814,-35.247545612564814,pass,184.0
27.082957301831147,4377.699249279841,25499.746729739203,13.604773760724733,-13.604773760724733,pass,185.0
50.16520614520741,2519.947426692385,858332.3185429743,14.312439252800381,-14.312439252800381,pass,186.0
0.42328021462486026,3365.349622214777,326809.89231200406,306.1882650367305,-306.1882650367305,pass,187.0
52.504483088311595,4238.208499460647,531538.418376268,14.106121327627234,-14.106121327627234,pass,188.0
40.561469853852955,1772.0958359730332,862275.2323651684,16.195170025290917,-16.195170025290917,pass,189.0
71.65626678448963,566.6535168171954,371500.8043476733,39.56935845532527,-39.56935845532527,pass,190.0
98.5602291611603,3760.6792162066145,671369.0034771203,14.985379640007977,-14.985379640007977,pass,191.0
12.855782788847552,4336.034263025262,401420.7864180922,19.150658800916016,-19.150658800916016,pass,192.0
92.09551009984712,796.2022352465619,442783.5797351064,16.650898563500895,-16.650898563500895,pass,193.0
29.37815921152668,2398.9101601933075,938516.2443945113,14.221802483969462,-14.221802483969462,pass,194.0
28.53997347869895,2653.9149977177663,961337.910284518,15.478715704356935,-15.478715704356935,pass,195.0
45.54373849942131,4425.877640730102,520704.86606345145,14.173298128880788,-14.173298128880788,pass,196.0
72.29029576760762,4103.699137225288,516316.5409628023,14.459068218372574,-14.459068218372574,pass,197.0
71.68996089907422,1666.889194179915,419131.77447134955,13.73034843328641,-13.73034843328641,pass,198.0
86.49044538854346,480.92076745009945,583555.624151598,40.404860328214674,-40.404860328214674,pass,199.0
16.44209444080058,826.2606962072838,125267.89295341523,260.0526424996499,-260.0526424996499,pass,200.0
54.611434943056004,4903.285825463617,506118.64222881367,14.266477143156404,-14.266477143156404,pass,201.0
38.11743912101294,2017.3341842279258,632668.7635720827,14.908802470941545,-14.908802470941545,pass,202.0
53.24285159179376,3173.1120130416034,985896.6113625854,14.811927470603038,-14.811927470603038,pass,203.0
75.93642268674525,3998.563053397996,250904.23526668458,14.313170921520447,-14.313170921520447,pass,204.0
94.5679215867879,1207.5518065237268,33333.12523259413,13.656500398459468,-13.656500398459468,pass,205.0
17.228068495582683,4448.729715466655,762955.4839089933,14.9530780533441,-14.9530780533441,pass,206.0
9.269326804251046,890.9860781320754,404085.0164632935,26.684606215291097,-26.684606215291097,pass,207.0
26.096798579960314,438.65065126977953,100133.67652699212,429.16571650508695,-429.16571650508695,pass,208.0
6.0866742609933855,3581.8381231972126,994849.0711881184,15.565993303934327,-15.565993303934327,pass,209.0
29.538931473462746,792.2183332836695,450376.39582516556,84.08837977559352,-84.08837977559352,pass,210.0
62.90441645372474,2471.295553849642,848808.9704212944,14.494490764502949,-14.494490764502949,pass,211.0
8.90041109034436,3332.0809382684683,309530.21440600825,45.587726447964755,-45.587726447964755,pass,212.0
58.03472322745705,2153.967833250067,117631.51198039457,13.624933069863893,-13.624933069863893,pass,213.0
1.5437210554966885,1056.4671669058312,263521.38833492476,76.47337027373372,-76.47337027373372,pass,214.0
63.87351642966175,853.0140417173639,466387.32521748316,23.50631802711037,-23.50631802711037,pass,215.0
36.4161912315117,311.0302282516231,184306.84792708352,79.28224490469405,-79.28224490469405,pass,216.0
82.87406096227544,4765.269648567186,371564.68861507985,14.75447914086402,-14.75447914086402,pass,217.0
98.45052663229225,3233.529053077259,778292.5620786304,14.884599202001525,-14.884599202001525,pass,218.0
88.3402046251326,4347.772858732574,837518.1615565144,15.292815882519589,-15.292815882519589,pass,219.0
25.31281467485871,4685.550289508634,172858.15753848333,13.606516692507407,-13.606516692507407,pass,220.0
84.03953390975236,492.209066290517,849024.4338051797,40.64297376875326,-40.64297376875326,pass,221.0
74.00495041502643,2328.9876969824313,218853.12265243716,13.900926494435696,-13.900926494435696,pass,222.0
94.52794252430738,1241.7859575549792,877945.319524239,14.335341307314186,-14.335341307314186,pass,223.0
47.57498114841659,3969.6968940189613,617581.060269645,14.32237939122276,-14.32237939122276,pass,224.0
11.702566282138203,4291.423101622835,872373.3944075402,12.726725022080766,-12.726725022080766,pass,225.0
22.058734841165304,1858.7852002707161,946528.210762336,31.79953551853553,-31.79953551853553,pass,226.0
11.333882457855912,2802.673994380073,791264.555779914,43.149781969135645,-43.149781969135645,pass,227.0
59.45991201474805,149.25451653357092,681749.5792537734,436.3278414172131,-436.3278414172131,pass,228.0
50.59489710041975,1690.6261420389492,380716.643878383,14.203535153367636,-14.203535153367636,pass,229.0
1.6198592981669746,4670.422740576139,588700.3722275869,246.81226708472528,-246.81226708472528,pass,230.0
40.074501670486704,4530.584283849045,746495.6353104627,14.426584715579763,-14.426584715579763,pass,231.0
57.400069323659096,2660.717846540932,81331.58399040885,13.800680503600802,-13.800680503600802,pass,232.0
72.43444542997206,1817.6302443014165,382705.89325169934,13.727653869331746,-13.727653869331746,pass,233.0
69.86692514686116,423.54306613642933,461261.07775548997,19.848667762567416,-19.848667762567416,pass,234.0
14.564855240134737,539.8700903852216,233375.33315157154,203.39725470556684,-203.39725470556684,pass,235.0
82.22091190188611,4805.184273376862,190707.4378804615,14.679106207687411,-14.679106207687411,pass,236.0
25.78914442161261,2456.4869695576754,850742.2861229572,17.640580968045818,-17.640580968045818,pass,237.0
8.539680309962888,4606.933384462087,641149.3818506565,31.14799180999485,-31.14799180999485,pass,238.0
2.6591389541067145,3047.56595149883,562871.7683421238,380.53876742862514,-380.53876742862514,pass,239.0
71.66795738846841,373.4527587921661,700396.0638174395,89.34302900153261,-89.34302900153261,pass,240.0
5.962457723611905,2104.8124158231517,907299.2281375456,34.77243508576074,-34.77243508576074,pass,241.0
69.4295198254041,4006.8578963834934,23881.924725129178,14.129821572104014,-14.129821572104014,pass,242.0
3.6178681947105384,1277.3692645479703,312080.5988022922,137.42856154845285,-137.42856154845285,pass,243.0
74.14033743242581,3610.6420171340483,649512.3408738755,14.412918014294295,-14.412918014294295,pass,244.0
39.397219488694496,959.2264088657821,575802.9870553889,28.717057327419216,-28.717057327419216,pass,245.0
8.824240801974229,3319.443044909272,423687.0468217513,44.39479084703723,-44.39479084703723,pass,246.0
20.12689935739488,3161.3215681582456,907560.8666520503,17.358059892255987,-17.358059892255987,pass,247.0
56.64751835788484,3828.234241382038,252714.80731299735,13.95386777638156,-13.95386777638156,pass,248.0
28.46876274031096,4174.91301886687,980391.5562506756,14.528022345676886,-14.528022345676886,pass,249.0
34.632755540239444,2971.7680612390964,974728.7344065334,14.515490095091877,-14.515490095091877,pass,250.0
31.85512405867138,939.6978890084526,963116.4596047722,19.437150274318302,-19.437150274318302,pass,251.0
64.97145624354982,2452.7187449641574,824222.2171122404,14.467745035887404,-14.467745035887404,pass,252.0
94.0404616464753,1155.0051164866716,844406.0169260886,14.306946008031932,-14.306946008031932,pass,253.0
0.009608997643268053,4509.747612027958,789512.9672790859,1269.7287974698645,-1269.7287974698645,pass,254.0
39.323290326462114,1044.2830290492166,424777.63584850717,25.157382606020747,-25.157382606020747,pass,255.0
46.69828454024034,97.88690273630095,996354.3492725388,775.2294165558206,-775.2294165558206,pass,256.0
61.553674643935295,1767.8711045055938,777787.2739816823,14.167626627977821,-14.167626627977821,pass,257.0
29.937497624135883,1334.9027226711669,130151.53748309615,33.52966939316434,-33.52966939316434,pass,258.0
9.43691220888436,25.9813560448621,936471.5239331123,1345.920028647597,-1345.920028647597,pass,259.0
90.84824001734056,104.40303625125773,390301.8994631915,324.4722470703883,-324.4722470703883,pass,260.0
22.707140957461984,1850.3547995749664,808942.667337238,30.600298883549346,-30.600298883549346,pass,261.0
59.20443810490767,4929.804850171396,584560.466272522,14.506446917694486,-14.506446917694486,pass,262.0
91.19339084246243,2310.1762689338957,443662.6859675825,14.07960424933341,-14.07960424933341,pass,263.0
29.865464255348893,638.5535053441171,938533.8812020742,25.219144004465278,-25.219144004465278,pass,264.0
12.993685905282321,1437.2674473447828,133231.48118038685,119.922370825728,-119.922370825728,pass,265.0
22.5887938990926,202.37190604349814,767593.7239282153,196.44565135783483,-196.44565135783483,pass,266.0
72.45437467829245,2919.0466692793493,34678.130973743726,13.93506583436786,-13.93506583436786,pass,267.0
33.6041728526125,2418.424001043482,904231.1966158918,15.133690587042999,-15.133690587042999,pass,268.0
58.21736065647478,1360.7679048839432,191131.76128841346,14.727635254668067,-14.727635254668067,pass,269.0
19.405521284560063,74.27931754277529,243768.518707561,1306.7467630728397,-1306.7467630728397,pass,270.0
52.3936805710977,2416.73145622106,532263.6045712046,13.850274771385061,-13.850274771385061,pass,271.0
54.097479562176744,4132.271366956547,850023.282729114,14.535486816865424,-14.535486816865424,pass,272.0
48.040205183389205,4249.607729548951,584286.45726825,14.233936228354851,-14.233936228354851,pass,273.0
51.54031336791248,2723.3547199578907,963751.7767254051,14.602701419545854,-14.602701419545854,pass,274.0
21.310496805711686,4138.395430370989,436209.64501661377,13.965939674476566,-13.965939674476566,pass,275.0
10.052735979944417,178.1209136964521,897919.1521413453,922.1727867836083,-922.1727867836083,pass,276.0
39.20484162319694,4636.839872898542,395594.9407293108,14.039762716738736,-14.039762716738736,pass,277.0
15.289265469270322,4872.837803624799,19773.83858553472,14.441032197933014,-14.441032197933014,pass,278.0
16.259858468236715,4673.514449397501,519892.7859393533,14.633171672710608,-14.633171672710608,pass,279.0
35.64346369456423,4214.808271292253,239441.8622089246,13.820195363074472,-13.820195363074472,pass,280.0
15.240499781848264,1606.3538653775745,263520.2450477674,65.57861506229969,-65.57861506229969,pass,281.0
51.78739713116348,1670.8567407546323,526241.5706949233,14.255278249218051,-14.255278249218051,pass,282.0
65.98505162740987,4175.560093139564,317419.06899245566,14.18283131115516,-14.18283131115516,pass,283.0
14.288981930260412,1879.475630751478,555560.3817504622,55.872401448543044,-55.872401448543044,pass,284.0
61.604850155713365,1892.7308859216316,715497.4197718808,14.066265450167334,-14.066265450167334,pass,285.0
35.27916467060687,4971.49852820157,289868.2714762784,13.928338800412384,-13.928338800412384,pass,286.0
14.370149197321826,444.53186823016495,899713.5343134829,78.929001372852,-78.929001372852,pass,287.0
41.93983991444346,220.31281389958733,750449.6867968001,91.02493550780926,-91.02493550780926,pass,288.0
74.70223732194485,1332.5968967491006,364415.0633349755,13.865298700811413,-13.865298700811413,pass,289.0
99.5035024084909,4928.018902086616,839881.384098418,15.724282533212675,-15.724282533212675,pass,290.0
98.06623786801708,3973.17346120259,884063.0551969637,15.38657039591001,-15.38657039591001,pass,291.0
68.60259181634522,3444.278059776583,527552.8673591871,14.007218576713715,-14.007218576713715,pass,292.0
55.945112296287796,2952.269401001388,880694.6202929898,14.584957060032874,-14.584957060032874,pass,293.0
49.62040558206972,1669.7305902893195,260017.75494553804,14.35248040177739,-14.35248040177739,pass,294.0
71.87948520829225,4300.790026230225,548192.2704532136,14.563658367237668,-14.563658367237668,pass,295.0
75.97669701491346,1670.312943651254,244582.58001697774,13.650784139161694,-13.650784139161694,pass,296.0
44.72365707091164,2111.5811322164864,99124.46855011059,13.819592040444634,-13.819592040444634,pass,297.0
97.47455262790311,1867.795146181825,251914.22855298463,13.927494908412056,-13.927494908412056,pass,298.0
33.97448231649227,4052.858272583764,182833.4149156049,13.71077927258854,-13.71077927258854,pass,299.0
62.46671524785916,2492.635889342093,48892.3206552706,13.819909866151265,-13.819909866151265,pass,300.0
0.36674144783420637,3347.1365062091913,599004.5893649171,22.953634936655067,-22.953634936655067,pass,301.0
64.7472369045037,4906.694849270537,666059.2034250122,14.7322144985136,-14.7322144985136,pass,302.0
36.006886550261726,1430.333844231218,892267.728807991,23.708208415903847,-23.708208415903847,pass,303.0
77.97044929380506,2057.1687895033115,932746.5303022555,14.66652294783297,-14.66652294783297,pass,304.0
88.4460542571797,2211.5191279616906,990999.6558870293,14.950228379613339,-14.950228379613339,pass,305.0
20.64386490213891,324.23544488041847,183731.89346945673,752.2334495670812,-752.2334495670812,pass,306.0
84.72143837685178,1889.8852955815846,232416.27101228957,13.85207873367185,-13.85207873367185,pass,307.0
9.643129771358065,4977.517501023749,997834.5868571623,23.91322677736834,-23.91322677736834,pass,308.0
14.462221491143467,503.373706311369,388839.7518920247,41.17273053216505,-41.17273053216505,pass,309.0
1.9150548520126776,4046.827173764527,35422.4631254475,562.8467977107043,-562.8467977107043,pass,310.0
92.1346430663624,3520.3172803728753,64428.10089223905,14.3630065412897,-14.3630065412897,pass,311.0
27.379274102589765,450.3510063278374,808066.6886585085,28.689333748088384,-28.689333748088384,pass,312.0
7.174628220221214,4653.235292559272,205659.19602366968,38.889593028361325,-38.889593028361325,pass,313.0
87.50072505021097,2906.310681614675,292680.6433279183,13.965268618161515,-13.965268618161515,pass,314.0
81.12535146038213,2355.0498990304745,111888.28258303196,13.99726266439734,-13.99726266439734,pass,315.0
52.496532095063394,4965.164703671245,917011.6654264627,14.798051709276127,-14.798051709276127,pass,316.0
11.852998677898048,3409.0498713434267,86127.31654983197,29.961550197010826,-29.961550197010826,pass,317.0
8.704282961474883,4463.631525243175,5494.1336278875315,31.32885415828874,-31.32885415828874,pass,318.0
49.76457840902875,3502.715691909764,410257.23126109916,13.99010970823317,-13.99010970823317,pass,319.0
58.652268700734,4993.763274671087,651167.283472993,14.59811480335479,-14.59811480335479,pass,320.0
72.54457565829527,4502.672951239906,499331.7960315812,14.572760869725121,-14.572760869725121,pass,321.0
22.793859825228306,4232.212897783495,106596.6515544804,13.640834752753815,-13.640834752753815,pass,322.0
7.784150593503386,2800.355243841651,990236.6517079219,68.55397036834381,-68.55397036834381,pass,323.0
61.66737377909656,4882.292560584608,671841.64076738,14.687232817089589,-14.687232817089589,pass,324.0
55.462981021056216,1963.9400968927177,764503.0214348555,14.100096871189391,-14.100096871189391,pass,325.0
16.80505287411137,2715.0212338800925,404261.3113559552,25.946158330815408,-25.946158330815408,pass,326.0
51.90371732204351,4853.177672551969,465540.03281551105,14.090189139723517,-14.090189139723517,pass,327.0
86.71090854526481,4492.164605030392,674062.4952495326,15.062853841036645,-15.062853841036645,pass,328.0
59.29705487769371,4122.233412798514,459727.903094441,14.004413366749557,-14.004413366749557,pass,329.0
95.2513850994053,2222.093874803194,784330.6978790949,14.49211196377022,-14.49211196377022,pass,330.0
53.56233091508666,4420.145774801799,631571.6814462381,14.144188607003978,-14.144188607003978,pass,331.0
76.73304044250955,4965.45985191669,56856.955914116545,14.649146798179624,-14.649146798179624,pass,332.0
78.10877011183089,3189.833821319354,369409.46625285654,13.961936561736902,-13.961936561736902,pass,333.0
3.9001137921726796,4473.128342091052,469827.6131232141,123.51833327335977,-123.51833327335977,pass,334.0
84.52013234181675,3630.6880759847572,829741.6567142186,14.943192729409857,-14.943192729409857,pass,335.0
84.72957632826174,2835.973995651966,442940.3708593274,13.949065968948215,-13.949065968948215,pass,336.0
19.357668394799763,1909.2057274965568,31234.445741386342,36.291734892858,-36.291734892858,pass,337.0
53.316771726080304,533.349555373557,258803.1944082392,65.41614421482326,-65.41614421482326,pass,338.0
32.096068809061904,1050.482229796177,89578.24335982966,43.72735459982452,-43.72735459982452,pass,339.0
74.40498426580199,643.3790470595588,958224.4856954924,31.30758725493371,-31.30758725493371,pass,340.0
93.68155343693249,3505.751662827577,139622.35583471795,14.373879429539448,-14.373879429539448,pass,341.0
57.33095292330263,937.3655312891332,744462.3937002775,23.63105841953647,-23.63105841953647,pass,342.0
52.33551117502455,586.9953326543904,217314.78680888272,56.08001861177333,-56.08001861177333,pass,343.0
87.79572412549206,2861.14542353799,743960.8013838525,14.38905023815105,-14.38905023815105,pass,344.0
86.67253692241208,542.8607691779633,837521.6612383317,33.2655665435283,-33.2655665435283,pass,345.0
16.51777236094726,4526.0780950615635,321779.12097595976,14.482326948191046,-14.482326948191046,pass,346.0
3.022170264881398,4440.028138240337,707436.7297957462,64.24017750952589,-64.24017750952589,pass,347.0
11.325175926047196,1906.52098950982,300984.97451837757,82.61601065751623,-82.61601065751623,pass,348.0
19.845977224825702,3369.4503811684076,794408.1459702582,16.28707591897119,-16.28707591897119,pass,349.0
99.89747075054113,697.8552570768073,736712.3962181322,18.50266354036642,-18.50266354036642,pass,350.0
57.566193017056484,2284.03109676973,291603.3199727646,13.676480141012473,-13.676480141012473,pass,351.0
12.135999171459964,2863.616220688649,321024.9583350532,38.09002233296154,-38.09002233296154,pass,352.0
62.99565246499307,4804.926928767764,210145.97689794956,14.316138099463279,-14.316138099463279,pass,353.0
63.73160684783109,4506.909218393995,309011.9005381682,14.239045777585916,-14.239045777585916,pass,354.0
67.81419525884792,2949.510863901716,638433.8861701443,14.338219377447645,-14.338219377447645,pass,355.0
72.71272148665552,762.0640307314385,294649.55303907534,23.7759554456311,-23.7759554456311,pass,356.0
32.3489594422065,4955.980066652444,293838.05805864336,13.90891970263824,-13.90891970263824,pass,357.0
10.795293711667862,114.35752436670452,587118.2710348438,1199.9564880403996,-1199.9564880403996,pass,358.0
71.79318734934888,1001.9744377466409,807399.2957846523,16.73042871151617,-16.73042871151617,pass,359.0
52.92508936456242,4693.187655659792,900372.7564390819,14.653976476839503,-14.653976476839503,pass,360.0
23.406285925494743,929.6750283355773,574405.9526412279,57.06169466182781,-57.06169466182781,pass,361.0
52.212701313844164,1382.2200403668749,603268.8283926119,16.02013750171264,-16.02013750171264,pass,362.0
96.67598899839993,2846.433533229499,466167.5429876139,14.266667553704524,-14.266667553704524,pass,363.0
23.284635883088963,526.1415457711724,467338.9604644509,200.70127547986726,-200.70127547986726,pass,364.0
66.1326940999976,2109.133480264252,79791.02142404148,13.703840449554336,-13.703840449554336,pass,365.0
58.22819388765524,1562.5967331383297,879772.1768237285,14.743818517746904,-14.743818517746904,pass,366.0
93.69575247402207,2217.778578477788,183894.98689631588,13.934984561230662,-13.934984561230662,pass,367.0
33.0467109218746,4397.870768293255,940669.4240458353,14.601387963559231,-14.601387963559231,pass,368.0
54.01265613058543,3685.8612351886654,491134.0981154274,14.183271222765194,-14.183271222765194,pass,369.0
52.299354656925274,4965.475392739455,486478.1539856341,14.175745048523568,-14.175745048523568,pass,370.0
46.364474610210486,4816.142595332043,199186.1440568009,13.870552650635794,-13.870552650635794,pass,371.0
36.048557082534664,1764.5599044850328,250192.77113013505,17.4795095480754,-17.4795095480754,pass,372.0
10.712718553104153,1341.8024710039654,111997.57358446615,214.47867480016652,-214.47867480016652,pass,373.0
51.097546161043915,3640.903733462645,331229.9449013334,14.032735584317534,-14.032735584317534,pass,374.0
28.64654252602295,2198.9261333381373,592727.1638574344,17.74434846576051,-17.74434846576051,pass,375.0
98.26158965730852,3036.1305785919976,840490.0198517317,14.915453611304807,-14.915453611304807,pass,376.0
10.520065671489593,2223.7065334193626,515337.37274687417,68.72986190179485,-68.72986190179485,pass,377.0
97.09494068810982,4482.039649147456,318232.13772856497,14.917847971461386,-14.917847971461386,pass,378.0
40.186159595052686,574.5265042370897,179456.18679500942,97.94739300821723,-97.94739300821723,pass,379.0
89.34549376615391,912.084933998219,334485.66745713324,15.013988235547949,-15.013988235547949,pass,380.0
90.45561391371426,4629.418383984293,376716.60405414784,14.863365065617664,-14.863365065617664,pass,381.0
9.44923494761758,2435.9936772172723,811336.1713050355,18.49477483807875,-18.49477483807875,pass,382.0
26.370819046132187,1853.4941740718461,461288.2785700538,24.37585497805536,-24.37585497805536,pass,383.0
18.72412392086198,4497.256618880663,348683.5853458916,13.98374014515891,-13.98374014515891,pass,384.0
89.84791299678567,3111.195623850985,281067.5356736899,14.165361430482326,-14.165361430482326,pass,385.0
71.93004097527476,3514.327929722346,127035.44465864536,13.923023643060432,-13.923023643060432,pass,386.0
85.67429860008252,3160.466965388552,305484.1981723437,14.126384981251828,-14.126384981251828,pass,387.0
69.80472000233324,2928.8698631902967,375217.3810959506,14.053543676848257,-14.053543676848257,pass,388.0
73.95675885283644,1672.5088242019942,569474.180578277,13.876243539309641,-13.876243539309641,pass,389.0
71.47547795208504,1073.0197175691544,671681.317788345,15.744887190974948,-15.744887190974948,pass,390.0
29.76407294356706,991.75893850366,208065.6201621207,52.749725111248466,-52.749725111248466,pass,391.0
47.77565791774752,4530.623821174405,437419.55424196186,14.062888392416264,-14.062888392416264,pass,392.0
75.9551088229418,376.5136706800614,70968.5585237918,77.34067667779068,-77.34067667779068,pass,393.0
45.237337848773585,292.33186148672695,730503.5427493211,172.3618653069242,-172.3618653069242,pass,394.0
92.14492067153601,2156.2603864115463,60374.158259494434,13.998878156562117,-13.998878156562117,pass,395.0
72.46539375283648,712.1005856441925,590271.9939349302,12.927573025864174,-12.927573025864174,pass,396.0
79.57581852123643,2322.733351822462,303800.3896077978,13.988393806048638,-13.988393806048638,pass,397.0
12.019185022861729,4129.076599483559,427784.08386168856,22.2492648920454,-22.2492648920454,pass,398.0
46.169700941985475,3169.125945840093,813888.7503777242,14.368068265664894,-14.368068265664894,pass,399.0
76.03505133674766,3506.7970599268924,764497.2886473458,14.56645425920864,-14.56645425920864,pass,400.0
3.4700639671958977,985.9606595268739,135093.9579065338,485.99612434295574,-485.99612434295574,pass,401.0
64.60715979591532,4999.4464841238005,800936.5450210704,14.942700952641504,-14.942700952641504,pass,402.0
1.7292503810883957,1699.9008298017463,535182.9312861896,31.11837562002732,-31.11837562002732,pass,403.0
42.17716774490025,525.1917350173596,143979.82248855857,112.23710987264266,-112.23710987264266,pass,404.0
51.857034124384725,86.91370071052933,183448.35738921905,1174.894272135365,-1174.894272135365,pass,405.0
16.39347589996059,899.4532037217971,582609.1257498162,61.167070976766844,-61.167070976766844,pass,406.0
18.800218593602995,1253.3068841488366,890381.2765494429,74.0999999188387,-74.0999999188387,pass,407.0
0.17699908703620656,398.66752817522405,634754.2154072528,1336.7011164315966,-1336.7011164315966,pass,408.0
81.24061402678672,547.7024631889875,772341.9906533702,13.01336438682688,-13.01336438682688,pass,409.0
1.5826500209212557,2662.8691167380207,823900.0147839078,94.99190618856741,-94.99190618856741,pass,410.0
6.443824510290943,2991.345065527523,271934.9660839311,101.3199524732341,-101.3199524732341,pass,411.0
81.33654698375432,3355.942609764015,607636.2715567949,14.404916852002987,-14.404916852002987,pass,412.0
45.65963408637851,4044.0700168524945,877899.535947376,14.677024736090774,-14.677024736090774,pass,413.0
1.1045113734500374,73.69055556815151,944873.1494066055,1344.9821141210778,-1344.9821141210778,pass,414.0
75.00040541389387,1265.4565380269055,547748.2460051684,14.197594470887307,-14.197594470887307,pass,415.0
65.4105824699066,562.8040884418283,21544.88002440158,44.788097366877196,-44.788097366877196,pass,416.0
76.35301723661084,4635.655586475001,596169.3372398943,14.805063909835017,-14.805063909835017,pass,417.0
30.105302722427705,813.4851105224341,684980.2149196872,72.49451281849072,-72.49451281849072,pass,418.0
49.188819926582944,4643.161107882066,413445.33382734674,13.948221895137765,-13.948221895137765,pass,419.0
48.34063319090381,3267.0567336210465,949692.4111793729,14.698681129579112,-14.698681129579112,pass,420.0
70.05893463646865,535.6647748682499,641362.8533814589,44.48261344594874,-44.48261344594874,pass,421.0
7.687841073747087,211.84141224720247,934839.6046675527,899.3023213143091,-899.3023213143091,pass,422.0
0.4167010456655344,964.4577159015527,927010.0666727232,inf,-1000000.0,numeric_fail,423.0
38.994465156520874,3285.3392036482423,652554.1218966636,13.998035855707222,-13.998035855707222,pass,424.0
30.216308566118478,3057.611884153229,442643.797744922,13.914137663171893,-13.914137663171893,pass,425.0
46.178327535955255,4641.200694410559,626208.3528074689,14.269105728506592,-14.269105728506592,pass,426.0
40.19245771256226,4601.1346085883015,37529.79914991739,13.962486003779455,-13.962486003779455,pass,427.0
43.41858477540672,4763.083763070863,223914.08193501196,13.961824952303497,-13.961824952303497,pass,428.0
61.57090011791156,4945.157927115682,735034.026939775,14.788115294754013,-14.788115294754013,pass,429.0
67.61733222218567,2824.269568519545,980140.9547232621,14.91859305487714,-14.91859305487714,pass,430.0
36.546181341791375,3682.7854594654636,743036.0222570734,14.169925384905067,-14.169925384905067,pass,431.0
60.005253201157615,2091.3308321358677,271850.0692214868,13.662273120189328,-13.662273120189328,pass,432.0
94.68147110154763,1705.4367398418337,715511.3395235187,14.29342135187998,-14.29342135187998,pass,433.0
37.41126570808284,3781.8979343116785,497884.0354548013,13.914311208960395,-13.914311208960395,pass,434.0
16.915012683064923,3009.4032431335636,735509.6091297996,22.345486719347015,-22.345486719347015,pass,435.0
94.44345453380605,1809.3753575591923,781885.651616881,14.41151815774067,-14.41151815774067,pass,436.0
2.28083994351448,1343.1928563178647,410588.5994556912,27.055073700445774,-27.055073700445774,pass,437.0
24.199572458547003,4489.863461406214,903012.0471917825,14.335484866236479,-14.335484866236479,pass,438.0
83.68854051299077,2827.2974473708887,224031.86064335078,13.812898972213242,-13.812898972213242,pass,439.0
18.392608917446793,4403.249706523495,532216.5875608085,14.37111429545013,-14.37111429545013,pass,440.0
93.54114749269836,554.8837031779691,402472.75659202883,28.742825822410715,-28.742825822410715,pass,441.0
73.3301179749835,1681.3925887672858,576171.6791231793,13.881097365397059,-13.881097365397059,pass,442.0
4.229706900019621,3112.990806691484,174961.03571741606,142.555339802847,-142.555339802847,pass,443.0
22.08642996914011,4356.680505726236,698214.9118051968,14.119101736990459,-14.119101736990459,pass,444.0
28.20204966049927,780.8944267970804,690086.2676509572,21.28984547438604,-21.28984547438604,pass,445.0
28.673669178773594,4333.962617405606,781962.1005785046,14.18456469991752,-14.18456469991752,pass,446.0
28.48761998778266,2540.967757781294,946488.1813271545,15.95682275641182,-15.95682275641182,pass,447.0
45.15329128594541,895.9255414957129,1777.1977064434675,35.50111486826142,-35.50111486826142,pass,448.0
99.81144531259802,4098.174953219497,52000.07906829152,14.704853692252144,-14.704853692252144,pass,449.0
56.44652259397827,304.24089387555193,617170.1461950955,34.28886113029484,-34.28886113029484,pass,450.0
67.72468184893712,1517.6268231223503,48656.35025537818,13.727511768251125,-13.727511768251125,pass,451.0
18.465547579373595,3681.0805179360273,906661.1691887738,16.186736929103212,-16.186736929103212,pass,452.0
53.59114470755519,4495.7633374739235,454195.5568993561,13.976091893696822,-13.976091893696822,pass,453.0
50.95081391249496,412.65478370372307,688891.6593616698,58.7815603615327,-58.7815603615327,pass,454.0
92.63238312786714,4349.525447360876,41065.99178052928,14.691156968600602,-14.691156968600602,pass,455.0
35.48929146224678,2806.421346760644,171414.41535602708,13.662556424846812,-13.662556424846812,pass,456.0
45.688064827369594,4176.3453891502595,859361.2562388763,14.696169083140463,-14.696169083140463,pass,457.0
23.90717484005788,3705.013727853449,65943.44496383886,13.831440488294358,-13.831440488294358,pass,458.0
8.284706145540326,3658.181932354243,526904.7855550816,44.64001013966906,-44.64001013966906,pass,459.0
48.22979017791971,4971.41357644298,463658.3517442906,13.971517684192857,-13.971517684192857,pass,460.0
29.83932286481353,3760.575363583478,906956.5899827746,14.403706535077363,-14.403706535077363,pass,461.0
19.875116952361388,3464.266328633114,155550.70943341064,15.550914261396937,-15.550914261396937,pass,462.0
22.64858011588386,822.3921952745256,783576.3066810025,20.916103120095666,-20.916103120095666,pass,463.0
62.884761652257446,3780.233369025496,754538.4570760153,14.317687142332645,-14.317687142332645,pass,464.0
84.31944655198879,206.44099792875403,29215.812707792167,320.42799667067095,-320.42799667067095,pass,465.0
87.3681388079383,4523.634013838761,636407.9259089273,15.014148218629058,-15.014148218629058,pass,466.0
66.76557713278324,1987.0348526377873,167319.4106610111,13.644240652674574,-13.644240652674574,pass,467.0
27.336219265512923,775.053928595902,333661.72004798154,101.31233304035648,-101.31233304035648,pass,468.0
43.58231342750802,990.3675842762304,498892.1828242638,31.715812253581014,-31.715812253581014,pass,469.0
45.15271179502251,2528.4063824389536,71914.3911365463,13.61919907391279,-13.61919907391279,pass,470.0
91.05565287715096,3792.040052642665,902714.1505412321,15.238781722258771,-15.238781722258771,pass,471.0
68.81952255493944,4708.229942347229,920567.0029901371,15.160398482040975,-15.160398482040975,pass,472.0
69.15321628502556,3731.7113897567756,527401.3031340751,14.185978774443218,-14.185978774443218,pass,473.0
62.01786040624658,4361.3124793670995,610800.9520229207,14.404807238761062,-14.404807238761062,pass,474.0
97.99632585657704,2500.1377654701887,976428.7705279205,14.747884965203097,-14.747884965203097,pass,475.0
92.85135951735586,3817.534498568582,825659.41830986,15.134384417404295,-15.134384417404295,pass,476.0
50.21659058423585,1358.6664653548398,871784.570439832,17.21235908231975,-17.21235908231975,pass,477.0
58.2658228984993,447.4813339132723,984186.2734672083,53.9204018258314,-53.9204018258314,pass,478.0
38.62809074084036,4838.700457837475,391844.21101595304,14.077133902412635,-14.077133902412635,pass,479.0
90.16477783518502,1166.197515054661,236834.16700410776,13.753680281506481,-13.753680281506481,pass,480.0
87.6335030328062,2462.700036888996,649507.5510850045,14.29792955553991,-14.29792955553991,pass,481.0
44.58390100605855,745.9808947158909,218138.86364610624,47.92048325850404,-47.92048325850404,pass,482.0
94.50349299885261,3842.183373246106,191261.11753934715,14.577782205157643,-14.577782205157643,pass,483.0
39.65358096933412,2312.6740746582864,751890.0162529448,14.328838122186218,-14.328838122186218,pass,484.0
46.52369066094876,459.3895673220431,49526.52445837413,130.61868309028966,-130.61868309028966,pass,485.0
90.16212883144716,3469.3140827702846,72340.73591457136,14.330702719386894,-14.330702719386894,pass,486.0
16.990247044713428,1780.9661954228347,283891.6772580453,47.11893352620138,-47.11893352620138,pass,487.0
23.433147369038952,4695.457784440601,604635.5775183932,13.898849731087344,-13.898849731087344,pass,488.0
22.175765480453617,3508.632575797326,684805.4623833125,14.848046976948943,-14.848046976948943,pass,489.0
80.11191197263757,3464.2750134399944,46552.747162011074,14.119093100797706,-14.119093100797706,pass,490.0
93.89251250760012,2080.0885320379116,859160.0226842352,14.689518619918866,-14.689518619918866,pass,491.0
24.527673888339386,1480.1325083865772,136205.137114519,38.165143257036924,-38.165143257036924,pass,492.0
78.67322574029686,4682.944711312267,106886.26992299533,14.59229579894607,-14.59229579894607,pass,493.0
80.8471499965311,3535.126299413833,143244.9713869629,14.170386567826865,-14.170386567826865,pass,494.0
52.54490920838615,2328.9090487130816,953807.4087333749,14.481864616439282,-14.481864616439282,pass,495.0
53.897272759375525,31.827972584228164,884376.4908958067,1329.9837602039834,-1329.9837602039834,pass,496.0
70.5303555146191,2186.520229084842,345432.8639114067,13.878781637679445,-13.878781637679445,pass,497.0
88.08024055840416,435.3659874173643,8529.639932576827,46.17253120493681,-46.17253120493681,pass,498.0
34.47046457762844,417.0735692385143,227025.27655956295,300.82989979905403,-300.82989979905403,pass,499.0
44.96261468798038,3522.100940729828,470189.38079599704,14.006343722949458,-14.006343722949458,pass,500.0
0.11691193152902672,1156.0819592939883,795705.1388715857,1247.4159999621982,-1247.4159999621982,pass,501.0
78.645108237914,654.296848698828,852721.5941728993,28.04820609852082,-28.04820609852082,pass,502.0
96.7652805600814,3520.443333710075,694743.1085255113,14.865337321821134,-14.865337321821134,pass,503.0
98.5875564143331,1901.8942980475654,963760.9293324891,14.838625172526097,-14.838625172526097,pass,504.0
97.12668131646004,4346.814513492021,709912.5133686075,15.23031637119047,-15.23031637119047,pass,505.0
16.86601508514841,3538.1518083938754,854681.4313618299,18.4176951617126,-18.4176951617126,pass,506.0
88.3411140258813,1427.103930334818,170866.4980144793,13.626126901837083,-13.626126901837083,pass,507.0
42.67580633050576,1070.446484499563,952159.3572771937,12.79707969704568,-12.79707969704568,pass,508.0
99.52665266819781,1457.6304545190865,911415.6559475863,14.504955033345661,-14.504955033345661,pass,509.0
37.14802815039135,1517.9005043159823,213688.59735232627,20.280033462327122,-20.280033462327122,pass,510.0
49.88972878011428,2246.847796348057,802491.486397999,14.19390874710184,-14.19390874710184,pass,511.0
45.992327004698964,1504.4937830661358,932005.4905005547,16.977264672210563,-16.977264672210563,pass,512.0
22.10205858768214,4641.848806169117,638776.2767371432,13.906525747411665,-13.906525747411665,pass,513.0
37.351070294270855,4369.462584080183,446315.2141668108,14.003676464003082,-14.003676464003082,pass,514.0
38.97387506086803,1546.996146405826,287441.02703982627,18.495526088842254,-18.495526088842254,pass,515.0
86.10082755456688,4758.287088021251,90415.77187612033,14.71937495444766,-14.71937495444766,pass,516.0
20.97986458310947,3590.039435869432,185811.7296794804,14.595116248765965,-14.595116248765965,pass,517.0
90.3527960379667,1710.2146659335672,255194.19239473276,13.837129624803806,-13.837129624803806,pass,518.0
91.75500387706785,2370.3674753422692,355248.59457225987,14.008605529999711,-14.008605529999711,pass,519.0
19.78479536723269,4195.910699728533,321616.8309589246,14.053779668187106,-14.053779668187106,pass,520.0
44.523169825150795,1836.6316212681259,565898.9274850764,14.54529160219827,-14.54529160219827,pass,521.0
65.01389696115778,2441.8123502091335,349748.46989170526,13.91398711599181,-13.91398711599181,pass,522.0
71.21263050348344,530.2637023956818,610715.4388174395,44.293767089643,-44.293767089643,pass,523.0
87.85089929264538,3629.500197983827,215950.35583471795,14.368460754583648,-14.368460754583648,pass,524.0
0.16824790929914446,4352.208069263904,412247.9295294641,16.15425853896048,-16.15425853896048,pass,525.0
13.666646289632084,387.15692469515807,512056.4550170247,512.1792620121317,-512.1792620121317,pass,526.0
12.483051636876851,4502.415725032267,444403.6140643533,19.014166926580184,-19.014166926580184,pass,527.0
14.88090618347556,3936.439799443926,144634.78302949367,17.861172278220955,-17.861172278220955,pass,528.0
98.11955102737097,1746.0044049662338,124833.47466574443,13.869470139224589,-13.869470139224589,pass,529.0
0.0001,549.4172544489346,421857.61619011086,1352.0188042511927,-1352.0188042511927,pass,530.0
39.34882939984666,102.87326108853716,170669.60280989602,1075.9799496872654,-1075.9799496872654,pass,531.0
0.0001,3631.4482369969487,64583.4572660725,1352.1155224699737,-1352.1155224699737,pass,532.0
41.15276393294837,1920.369744835836,667844.8963845827,14.966282478888589,-14.966282478888589,pass,533.0
68.24835914627238,4955.413422142599,838737.0762710704,15.092197769157368,-15.092197769157368,pass,534.0
81.74855048143367,1428.5144049723103,618311.3648616564,13.930647352199314,-13.930647352199314,pass,535.0
66.59122541974668,1391.9887496559577,649279.2806856793,14.336533814681493,-14.336533814681493,pass,536.0
42.51393949438406,1468.7719439338898,266535.16488067206,18.02037685129316,-18.02037685129316,pass,537.0
86.24237356268863,999.9328488905384,751669.3577815783,14.990840754688914,-14.990840754688914,pass,538.0
12.22521262252214,1091.408367824949,157655.5889121207,inf,-1000000.0,numeric_fail,539.0
43.06451480589552,3063.733618519585,741185.4894920244,14.133957182785636,-14.133957182785636,pass,540.0
75.09018320411596,1176.3719589977813,782093.6499582448,14.733793722904988,-14.733793722904988,pass,541.0
46.069853136033764,1611.2132468363125,432425.948565883,15.29309297416303,-15.29309297416303,pass,542.0
50.12216745256431,5000.0,490181.10076297785,14.100008614513612,-14.100008614513612,pass,543.0
16.159346763436616,1130.8772495908765,193118.11399288685,133.07622566489542,-133.07622566489542,pass,544.0
87.4751457390138,4635.028191223541,267398.3753804615,14.731270907422621,-14.731270907422621,pass,545.0
77.80559585455245,3136.8554849851253,405733.54437785654,13.941287751718445,-13.941287751718445,pass,546.0
83.25228580832663,304.86548809133126,816509.0492471202,115.3347828335009,-115.3347828335009,pass,547.0
12.650870452191423,766.3918633897658,496495.7429373162,146.30029242626003,-146.30029242626003,pass,548.0
47.332061383017,4310.176431647416,941575.512509876,14.806527137319216,-14.806527137319216,pass,549.0
81.71464882387191,1450.2379070611319,734269.9989167664,14.095293656827092,-14.095293656827092,pass,550.0
72.96555648505907,1875.5064653741463,710213.9725062558,14.124613609075466,-14.124613609075466,pass,551.0
40.188087180259195,168.4159556842553,742144.5129686751,131.96573400867192,-131.96573400867192,pass,552.0
74.84380477821828,71.03814577771766,49212.9452425418,1245.698523797381,-1245.698523797381,pass,553.0
60.10200841466356,2237.3467594667563,302302.3180161461,13.71019501821157,-13.71019501821157,pass,554.0
67.3652955992153,3537.390827326078,315489.48012478324,13.860484192107995,-13.860484192107995,pass,555.0
77.09017107854606,4274.923776253673,157072.57070424533,14.379074998556906,-14.379074998556906,pass,556.0
11.700452136279416,1639.2545115872913,310684.3856727674,110.7020802261601,-110.7020802261601,pass,557.0
20.119804175565267,1007.5394152808963,671201.6912179452,41.90619210883367,-41.90619210883367,pass,558.0
44.33444846926994,4627.43399078062,808694.6107389627,14.557688781601888,-14.557688781601888,pass,559.0
88.99840500928643,3398.853308177157,284213.7925096274,14.31267511626722,-14.31267511626722,pass,560.0
8.56522712900296,4309.475052994905,857916.1913294182,33.86533745602843,-33.86533745602843,pass,561.0
46.39665604165592,4185.165164204714,912405.3287047069,14.79912640080873,-14.79912640080873,pass,562.0
87.34670623770454,1314.260462264583,1000000.0,14.592403194725467,-14.592403194725467,pass,563.0
100.0,2529.8422573715534,851153.6588165949,14.570138134715034,-14.570138134715034,pass,564.0
56.37649316861768,332.2762755667741,704430.4601131484,28.437090446427312,-28.437090446427312,pass,565.0
63.90299078060385,1296.8936115489926,972532.0946808357,15.535240414488117,-15.535240414488117,pass,566.0
48.35311790866687,3182.9760733966914,260729.94094232592,13.842474841860254,-13.842474841860254,pass,567.0
20.70714572337733,3771.6490281765723,422595.74314173864,14.434224353836813,-14.434224353836813,pass,568.0
76.79712040306968,5.0,0.0,1352.0852913389892,-1352.0852913389892,pass,569.0
24.888839676432113,549.5206339181676,333106.5355387042,295.2585151983055,-295.2585151983055,pass,570.0
36.94462481160141,615.8930580269198,188035.11297732627,98.21242173366917,-98.21242173366917,pass,571.0
62.17579146350618,3319.9648016847723,273310.67645362235,13.980550989036042,-13.980550989036042,pass,572.0
59.709178016265106,1412.769397820107,314896.63768882776,14.464710952698685,-14.464710952698685,pass,573.0
76.47404876209507,3123.8793511716453,174023.5514650879,13.79940505503806,-13.79940505503806,pass,574.0
21.042619633491213,465.8676933986429,729035.1660884572,408.82886745235027,-408.82886745235027,pass,575.0
83.67112234699309,3651.175142338264,811250.0416583051,14.899216021567636,-14.899216021567636,pass,576.0
3.2961144204029997,767.7814369253624,221759.65786617476,571.0742077546583,-571.0742077546583,pass,577.0
52.436470619525046,2482.7589008482005,742438.8389141093,14.118272059076427,-14.118272059076427,pass,578.0
27.48155414483442,2537.353824690415,942795.5487347908,16.34226918921061,-16.34226918921061,pass,579.0
12.009353095685361,2020.9120552277054,325729.6379328623,64.72597653958586,-64.72597653958586,pass,580.0
45.15560835691041,1588.884528709332,883617.7901663946,16.26833286513815,-16.26833286513815,pass,581.0
84.19472195750375,3982.2195875547745,942755.4552287321,15.261268620471762,-15.261268620471762,pass,582.0
83.2758930587637,2721.86955312696,394557.8945501139,13.964502672978332,-13.964502672978332,pass,583.0
10.249901644776259,1607.3243396306914,679701.4436534141,58.28266506880033,-58.28266506880033,pass,584.0
61.57514639055053,4308.424316366741,642800.6931649881,14.387153710633202,-14.387153710633202,pass,585.0
84.72284985898719,282.6218477723651,602434.901495348,138.07526557306798,-138.07526557306798,pass,586.0
15.587870024737946,1320.5712189340732,257370.64816254715,77.60953142377198,-77.60953142377198,pass,587.0
5.496698239507467,4373.64305047172,469974.2292987283,62.22931779422964,-62.22931779422964,pass,588.0
85.04464884626428,3188.5800366333538,148511.11434951107,14.087298162164503,-14.087298162164503,pass,589.0
24.29988856319039,4136.428724313749,708698.7830188549,14.049390410413096,-14.049390410413096,pass,590.0
22.261203978053636,5000.0,540167.2546333806,13.833427625039048,-13.833427625039048,pass,591.0
44.59063881176193,3832.3044074466957,702924.154019645,14.303373946352181,-14.303373946352181,pass,592.0
49.06482411084165,4587.641355248773,582115.6734788136,14.13123366732183,-14.13123366732183,pass,593.0
36.67559255420036,5000.0,883696.6810514627,14.685248229563824,-14.685248229563824,pass,594.0
74.46331236646975,2773.7075009009895,393923.3396093274,14.042124215484886,-14.042124215484886,pass,595.0
14.640961010743808,4414.667031773281,812480.0986253796,16.7794624346984,-16.7794624346984,pass,596.0
81.27419962019232,513.6707132292124,120621.41041463226,39.3337522738507,-39.3337522738507,pass,597.0
28.0000314182127,801.672626627564,431653.1612657503,92.27010420444037,-92.27010420444037,pass,598.0
82.77517803507516,1161.1009211978494,266916.77442598273,13.93995510950385,-13.93995510950385,pass,599.0
77.90141336044655,2079.856351158701,120102.61044377492,13.849462664060825,-13.849462664060825,pass,600.0
93.102164150258,3661.22788846116,846322.45346611,15.111862203731247,-15.111862203731247,pass,601.0
54.75365495046655,4241.199983944736,577684.3934291707,14.061747706746726,-14.061747706746726,pass,602.0
19.479817422901256,3812.0188478176856,346545.73532923864,14.907040032966538,-14.907040032966538,pass,603.0
59.61548762601143,4238.997931536307,465716.2302428785,14.092733548858703,-14.092733548858703,pass,604.0
72.71559249304957,3753.0753581915014,493499.6866132383,14.285620317995077,-14.285620317995077,pass,605.0
47.04850357703042,2158.603761000666,131980.05448761059,13.68892797638694,-13.68892797638694,pass,606.0
58.11907481512109,4574.474817623935,689998.3973354207,14.459482307422522,-14.459482307422522,pass,607.0
35.40979106195194,1016.3898915317977,555682.9538522639,12.695394363336888,-12.695394363336888,pass,608.0
47.12141750903966,2590.111689599748,881809.1310996107,14.348777802004298,-14.348777802004298,pass,609.0
0.0001,3542.2126628254023,574554.1167086671,1350.6012069367189,-1350.6012069367189,pass,610.0
45.45052595292846,4777.153831442424,641998.1980478006,14.26940277530028,-14.26940277530028,pass,611.0
70.13947237268943,2583.1661455977087,47397.877067493726,13.912210264655304,-13.912210264655304,pass,612.0
51.59393775991001,5000.0,834374.0923765819,14.622072965008599,-14.622072965008599,pass,613.0
86.85585206026914,4099.417189571409,215554.79020635408,14.538724726156634,-14.538724726156634,pass,614.0
42.15856272680829,3797.6670468902325,305145.03594859916,13.903034252471844,-13.903034252471844,pass,615.0
18.923610447450578,4031.7676074950123,462405.20361036377,14.595239009957059,-14.595239009957059,pass,616.0
66.24684392493492,4029.8013907037875,446764.961688191,14.198592865259663,-14.198592865259663,pass,617.0
60.22587410572521,3687.963739867784,869354.7740474213,14.600780684988154,-14.600780684988154,pass,618.0
86.28781079097178,3035.588429054516,137364.40557973905,13.997121313915102,-13.997121313915102,pass,619.0
0.0001,2163.794239395985,457899.422257796,1351.3674473645556,-1351.3674473645556,pass,620.0
40.90856865051195,1573.707207748753,965335.2170630547,18.066458519012443,-18.066458519012443,pass,621.0
0.0001,3305.098894024165,657961.5980550816,1350.7445174104032,-1350.7445174104032,pass,622.0
15.942874033207005,3735.987467900957,114380.14631074367,17.698588589836042,-17.698588589836042,pass,623.0
41.77812117612602,4141.543192500611,583003.1457448124,14.156047320039947,-14.156047320039947,pass,624.0
81.34408149572114,980.1518049487104,458388.8629382314,15.150897249980884,-15.150897249980884,pass,625.0
66.12320459620017,2880.5358698713903,16104.863395618726,14.003103443998327,-14.003103443998327,pass,626.0
3.5864500686767613,3291.947763657399,341293.9759131782,107.60771681349804,-107.60771681349804,pass,627.0
47.200698921174755,2142.815503611215,338817.538409633,13.685986415640807,-13.685986415640807,pass,628.0
55.621211256216306,2733.0063086872187,290338.4956298259,13.846287016785382,-13.846287016785382,pass,629.0
72.58466862700223,3569.2108526797183,695145.0967989624,14.390503010665507,-14.390503010665507,pass,630.0
76.93593662989694,1352.126999039242,959231.0936384433,14.55463072444705,-14.55463072444705,pass,631.0
16.298250906847088,3159.7883233582584,588180.3692319624,21.54898105646285,-21.54898105646285,pass,632.0
28.642678686897238,1584.5747340020876,458079.4013803648,27.58241274935554,-27.58241274935554,pass,633.0
83.14007789971275,102.72887193884867,14494.843545858077,1021.6006441528082,-1021.6006441528082,pass,634.0
11.05228633312976,2207.327625262014,512599.08173124917,63.75303321858668,-63.75303321858668,pass,635.0
47.73143114958602,545.9932083863403,721593.2941272948,27.369980867542296,-27.369980867542296,pass,636.0
37.467659759650104,4732.063514614285,196013.4407458326,13.914902394966125,-13.914902394966125,pass,637.0
71.24157371701855,4355.553047412501,580457.2561852068,14.601005995214816,-14.601005995214816,pass,638.0
0.0001,2805.2042125405164,455276.320695296,1351.6706050279672,-1351.6706050279672,pass,639.0
65.86672956124879,3276.2981098254113,611488.6017341871,14.248968146370604,-14.248968146370604,pass,640.0
40.42784934778938,1029.6013902991351,261640.30971467082,33.269234247995854,-33.269234247995854,pass,641.0
7.020684685165531,4009.2887037270134,665440.5991020625,49.56714889325378,-49.56714889325378,pass,642.0
45.67236398658842,2590.3714874905086,252416.73045443208,13.633437929520854,-13.633437929520854,pass,643.0
12.675832313149485,526.23457198351,773893.881876315,194.4364566287232,-194.4364566287232,pass,644.0
14.689691059969036,2830.1629075562564,561984.2676694624,29.27824102580535,-29.27824102580535,pass,645.0
50.94988573137002,2060.4752146126743,257379.0272292993,13.653119807025321,-13.653119807025321,pass,646.0
33.87252782783598,2737.4882591885066,223007.41404818208,13.852733830423409,-13.852733830423409,pass,647.0
52.59124129248854,1280.1822315441098,1000000.0,17.839261195173265,-17.839261195173265,pass,648.0
100.0,2495.6547246648647,897747.2023717352,14.629546838923428,-14.629546838923428,pass,649.0
53.08751166719625,1414.5646744225094,1000000.0,16.166785723045102,-16.166785723045102,pass,650.0
44.89045728503532,4622.946258847026,1000000.0,14.920871066238082,-14.920871066238082,pass,651.0
51.64257721670456,1577.2019234548727,420002.44237632776,14.608088911434212,-14.608088911434212,pass,652.0
22.595162162917255,2267.7693461653225,118659.0814962743,21.965451943985272,-21.965451943985272,pass,653.0
54.7108832124846,2044.5062138124595,295943.6295395836,13.677414666965744,-13.677414666965744,pass,654.0
56.452191782392745,2293.9815403505454,249287.76723489608,13.649406615686768,-13.649406615686768,pass,655.0
0.0001,2600.960391097388,263897.0922943547,1352.4901368238393,-1352.4901368238393,pass,656.0
28.199539932152906,759.2347953903375,833674.4327991335,73.63880617117862,-73.63880617117862,pass,657.0
2.4837256450857232,4488.808503312288,858288.6041406975,inf,-1000000.0,numeric_fail,658.0
56.898791146673446,2432.046390204061,332260.6070786461,13.767145803432893,-13.767145803432893,pass,659.0
42.52727869871631,3256.336550248549,999160.0869606229,14.676820494890343,-14.676820494890343,pass,660.0
57.603637048992276,819.9816764512218,14422.465119806104,29.181280893922278,-29.181280893922278,pass,661.0
26.43809039242481,1399.7685022817552,964713.135057991,38.41321898007535,-38.41321898007535,pass,662.0
65.79953294059999,3255.706244799162,142361.00134979674,13.937475726514217,-13.937475726514217,pass,663.0
80.04349446035489,823.1638445230104,490130.67754980596,18.786712298307773,-18.786712298307773,pass,664.0
62.36375922989157,3461.6878549139687,381274.35512478324,14.027677341586154,-14.027677341586154,pass,665.0
88.28605183592536,545.4519905848956,1000000.0,32.68103583966527,-32.68103583966527,pass,666.0
5.250416773404357,3903.7173587563398,907643.6444695356,67.60005909738852,-67.60005909738852,pass,667.0
24.11298367598176,3025.1835165384828,344008.657119922,14.981056042747733,-14.981056042747733,pass,668.0
9.149540979618138,4430.555934087481,139206.86896699367,29.85675395376709,-29.85675395376709,pass,669.0
25.94273035539566,1621.439805139507,212223.746489519,30.70685704823182,-30.70685704823182,pass,670.0
77.17881878214547,1298.7177024325906,274611.70606660773,13.920137588971036,-13.920137588971036,pass,671.0
17.259551420491583,4516.013167293055,912686.15559022,15.100698371060963,-15.100698371060963,pass,672.0
61.27865887682309,1827.9853631211347,843856.4103717287,14.27206741677982,-14.27206741677982,pass,673.0
65.07426085051661,918.5241595156182,286272.33135938784,20.161428725984234,-20.161428725984234,pass,674.0
81.00004333936671,1595.5261237223103,645354.3492366564,13.981844625122536,-13.981844625122536,pass,675.0
82.18146070471504,1175.352228622005,983562.0078125,14.898935779973918,-14.898935779973918,pass,676.0
11.542522497844358,4632.555809541433,623916.9736475315,20.13283501840597,-20.13283501840597,pass,677.0
92.86452368619581,1935.7269526687219,1000000.0,14.865444347317624,-14.865444347317624,pass,678.0
80.7238619530787,4333.7155592344625,974557.6564006071,15.404910109784339,-15.404910109784339,pass,679.0
52.92277630459012,4570.766182290586,509056.05161342194,14.031318816590463,-14.031318816590463,pass,680.0
64.30878916180856,4840.836718806827,162417.66830419956,14.346495078692596,-14.346495078692596,pass,681.0
84.62699706041316,854.6367804605916,710818.3492366564,16.81597203977904,-16.81597203977904,pass,682.0
27.284645212554974,3577.1648250165294,197150.31513678396,13.696084222382623,-13.696084222382623,pass,683.0
93.60520884372475,2883.76471564786,228592.3872361899,14.083307437735124,-14.083307437735124,pass,684.0
87.13781852035027,529.3233037284206,666093.0179387702,34.199091392409926,-34.199091392409926,pass,685.0
36.68655781361011,3025.180481724414,558565.4968966636,13.850244059451441,-13.850244059451441,pass,686.0
30.14839026047089,3017.0160996397763,15250.724643494512,13.857087648970394,-13.857087648970394,pass,687.0
74.25927558399448,4211.355486425551,233053.5104494629,14.368224318048586,-14.368224318048586,pass,688.0
51.97450358504512,2863.2365793461145,889055.2775195523,14.523979646368733,-14.523979646368733,pass,689.0
65.8415071321184,4501.498878504455,959685.0693963871,15.138661495491512,-15.138661495491512,pass,690.0
25.58715433239133,5000.0,635232.7214302556,13.969646071668208,-13.969646071668208,pass,691.0
39.80715377041792,1883.921277536996,398169.714190883,15.291952528737264,-15.291952528737264,pass,692.0
43.336946533372426,2323.780283806141,72215.85353889005,13.648051094152398,-13.648051094152398,pass,693.0
31.126953536485573,2673.696369246079,797286.0760785408,14.609152627141533,-14.609152627141533,pass,694.0
50.14914335537021,1598.5684587389426,463990.2451179507,14.734799285061612,-14.734799285061612,pass,695.0
64.0036613142037,2444.6704330198963,517036.9603311545,14.041140192160412,-14.041140192160412,pass,696.0
90.9921078339229,3299.132991461691,125509.74763332136,14.270020398014873,-14.270020398014873,pass,697.0
76.2445684986873,3783.8534997579595,227733.0117352567,14.212358910473668,-14.212358910473668,pass,698.0
6.988697765870988,3884.454039379778,516106.18798536377,51.71696217006777,-51.71696217006777,pass,699.0
85.11101195463047,1093.842990638844,293795.56198838324,14.14509777895366,-14.14509777895366,pass,700.0
69.54676412076869,906.9914781459527,169508.8669248268,18.89839119244279,-18.89839119244279,pass,701.0
42.43490932212862,682.7107329066384,452177.24522350717,59.21885197510754,-59.21885197510754,pass,702.0
86.64072175848047,2903.7179150513225,108095.37216201107,13.90438460978674,-13.90438460978674,pass,703.0
76.93293211566308,3111.754160644324,110508.04382562297,13.788332845115011,-13.788332845115011,pass,704.0
69.72550748728938,3681.5775249395483,489491.6133710508,14.13501003829376,-14.13501003829376,pass,705.0
83.47298297532902,1061.8160893937268,200471.98386338324,14.232408284108203,-14.232408284108203,pass,706.0
50.4729815846569,4682.184570614604,920591.1458952127,14.600081831104882,-14.600081831104882,pass,707.0
69.5041478183008,3161.172408434416,195632.09900604674,13.935506116203252,-13.935506116203252,pass,708.0
92.559235084618,4409.08316736165,718090.7228412637,15.163150725818287,-15.163150725818287,pass,709.0
86.82107591804777,4059.444681555533,1000000.0,15.468347551773128,-15.468347551773128,pass,710.0
87.25124009447762,1114.309087320286,336141.70606660773,14.080929626017305,-14.080929626017305,pass,711.0
18.165651711498363,3564.0100587551856,361369.86521205114,16.413682283270457,-16.413682283270457,pass,712.0
65.02876320066113,4128.2148516117195,657771.9544273943,14.443631620048548,-14.443631620048548,pass,713.0
50.00052261892037,1929.1041971566196,259481.86389922118,13.77520280281995,-13.77520280281995,pass,714.0
82.06855626898476,1562.1373191318094,217666.22755098276,13.641245315418056,-13.641245315418056,pass,715.0
56.709303537640494,4286.6555962520615,992697.9918208588,14.793099354411387,-14.793099354411387,pass,716.0
41.945330797947165,1929.8178112936348,110303.04472198559,14.266675330129994,-14.266675330129994,pass,717.0
18.356818137776745,4466.958242204273,550517.5814246432,14.265137558369648,-14.265137558369648,pass,718.0
86.65290955173552,3568.2708530926584,819990.2711504926,14.94532111732208,-14.94532111732208,pass,719.0
17.614072575653584,3563.674128244074,96543.79066696386,16.612209938017447,-16.612209938017447,pass,720.0
20.32882412170798,4011.4436522881642,168428.33576386867,14.048316381263735,-14.048316381263735,pass,721.0
0.0001,4036.5981144299194,436503.6111700891,1351.9574895008755,-1351.9574895008755,pass,722.0
72.9066906168702,3377.99485269159,608788.8906900799,14.171595433965836,-14.171595433965836,pass,723.0
51.10923742256254,2936.140622011993,247131.07078646333,13.813151099105813,-13.813151099105813,pass,724.0
46.83024296828912,3464.9995252486347,1000000.0,14.817673139338002,-14.817673139338002,pass,725.0
26.485267601494453,4152.377437946134,162137.70441348333,13.58532070745871,-13.58532070745871,pass,726.0
57.03584077752359,4152.815051326358,260979.51205419956,13.83242501592512,-13.83242501592512,pass,727.0
58.55994487328911,2149.5552031688903,157413.57838664457,13.62727000911771,-13.62727000911771,pass,728.0
68.31267360972012,3428.859148333509,415402.1418491909,13.916024397663886,-13.916024397663886,pass,729.0
18.148725592605004,3972.0396517548998,378176.8465839246,15.030691241536303,-15.030691241536303,pass,730.0
32.579671899200314,1980.2254470875719,292518.20081763505,16.858912204166568,-16.858912204166568,pass,731.0
23.254423910428002,4002.406086393543,67030.44749231862,13.770868031737837,-13.770868031737837,pass,732.0
68.49537245081991,3010.9303665972966,184970.76458445168,13.94519082312237,-13.94519082312237,pass,733.0
74.24060950935106,1615.079402385865,659231.7342250058,13.980748084768956,-13.980748084768956,pass,734.0
70.1358453770596,1398.7460819297646,342912.3504443505,13.905146994572373,-13.905146994572373,pass,735.0
7.531125386048984,4221.940179356289,839037.9619066296,16.11648264967561,-16.11648264967561,pass,736.0
87.92974258526957,1991.2961159370197,382276.17495777446,13.968648788192503,-13.968648788192503,pass,737.0
50.75022060582136,2308.3911719461757,323182.376300258,13.666798062870166,-13.666798062870166,pass,738.0
100.0,3027.5542772417707,652880.6460552453,14.655382787076459,-14.655382787076459,pass,739.0
54.47921425186423,3582.162781924559,349455.0074013334,14.086474566324176,-14.086474566324176,pass,740.0
59.77968890821258,4550.6183776460375,569037.8337899881,14.36948934050022,-14.36948934050022,pass,741.0
93.52478268010232,4580.253437940394,351307.5122875652,14.901145414637902,-14.901145414637902,pass,742.0
25.736690713447942,2237.532818432466,482294.97456797404,19.379464416291178,-19.379464416291178,pass,743.0
28.536156173773882,4826.428751344827,259299.13618364336,13.739915570370519,-13.739915570370519,pass,744.0
45.4702698896204,1406.3140550376797,712137.8718600989,18.264927174143605,-18.264927174143605,pass,745.0
78.22937725825693,2757.231037697094,158473.14190786405,13.94070195358686,-13.94070195358686,pass,746.0
57.33663053666869,4041.3434447847094,646285.4392587381,14.165722950114363,-14.165722950114363,pass,747.0
55.07390805644824,2857.372061861047,320050.3176513103,13.896406470964568,-13.896406470964568,pass,748.0
13.114434517117203,4260.229030864315,466445.5563108085,19.08061601011896,-19.08061601011896,pass,749.0
95.82127237319946,2642.2254284530964,869311.0123322199,14.611354158268231,-14.611354158268231,pass,750.0
81.8157100475151,3137.82854398371,456050.20062785654,14.102857566704724,-14.102857566704724,pass,751.0
16.832158483980976,3201.1010617104,850459.0287827582,20.798029367452077,-20.798029367452077,pass,752.0
16.410040509178803,3883.766040940519,674669.6173244247,16.81935593922963,-16.81935593922963,pass,753.0
38.382093839180435,1467.165202735516,1000000.0,21.21668386609816,-21.21668386609816,pass,754.0
71.51789448629142,4515.199655159923,195994.41445424533,14.382763746894645,-14.382763746894645,pass,755.0
51.204882823335545,4689.88817630914,548128.0438009219,14.049960674072551,-14.049960674072551,pass,756.0
83.02471405772667,1043.1294255545924,697365.9246770515,14.78601915971835,-14.78601915971835,pass,757.0
27.252167206207538,4155.247351438642,360572.7145257306,13.68835561846107,-13.68835561846107,pass,758.0
71.80713698343484,3735.512262493742,925444.7463144629,14.873447692689167,-14.873447692689167,pass,759.0
51.40243670631259,4378.128824225541,962239.887509876,14.742032056319642,-14.742032056319642,pass,760.0
17.20840926981194,2516.7832180785945,674543.5594161483,28.18842714482822,-28.18842714482822,pass,761.0
79.6401129432867,1121.115517338033,562324.8499690783,14.507322011538157,-14.507322011538157,pass,762.0
38.32445785118439,2768.857560821417,30804.908237244512,13.601511991741704,-13.601511991741704,pass,763.0
48.92435472744186,3591.8117011478676,734738.345425895,14.370924393593308,-14.370924393593308,pass,764.0
34.633343168554184,2822.913675724774,806718.4673852287,14.261642438936276,-14.261642438936276,pass,765.0
78.68454591601575,5000.0,245352.7601460865,14.684381296031916,-14.684381296031916,pass,766.0
12.149599576044992,4616.799229093738,166636.2756173186,18.697235984157277,-18.697235984157277,pass,767.0
37.961382240062015,1806.7718825921836,622944.1327127077,12.976809170946186,-12.976809170946186,pass,768.0
47.52137934271518,3956.454504106943,730627.8871297425,14.467848493482279,-14.467848493482279,pass,769.0
68.74506489399425,4262.96755456505,930203.2076411713,15.053458190274238,-15.053458190274238,pass,770.0
77.47380908957221,649.0486397548175,1000000.0,18.354313018834418,-18.354313018834418,pass,771.0
66.06529323223583,4363.341486449815,934235.7974849213,15.03277707146366,-15.03277707146366,pass,772.0
25.890425919099748,4052.3464477507496,447053.37450880127,13.726317333815892,-13.726317333815892,pass,773.0
43.506346588645364,4706.673156738281,951234.5298765819,14.81382293158839,-14.81382293158839,pass,774.0
85.61384849594243,1208.3350571523777,224084.1732381927,13.860926035076634,-13.860926035076634,pass,775.0
44.951728048684615,3915.9686838336193,547863.2394948124,14.134330875653415,-14.134330875653415,pass,776.0
94.72404868089656,1587.8428656656697,602542.3040706408,14.066635150311608,-14.066635150311608,pass,777.0
92.75422997072955,756.5449400686487,157716.15648259415,17.52441559040461,-17.52441559040461,pass,778.0
40.15202999642887,4210.334403248903,888165.9927672069,14.60531869344454,-14.60531869344454,pass,779.0
54.643879884090815,4777.755228390537,739101.7488979207,14.497082490529543,-14.497082490529543,pass,780.0
23.76586917308436,3981.8350099270606,427133.52439173864,13.823547818275555,-13.823547818275555,pass,781.0
92.17206629114816,1714.6504588565408,137793.41895723276,13.82847221959033,-13.82847221959033,pass,782.0
53.34919443524606,4729.777652034366,209432.83236669956,13.93653751676144,-13.93653751676144,pass,783.0
79.54219677902469,3563.596617254409,201252.9791994629,14.165181144032285,-14.165181144032285,pass,784.0
39.90501793381459,3209.8264681005976,732990.5363006939,14.114746987628811,-14.114746987628811,pass,785.0
63.92452822469875,2946.743452431303,549575.1830451443,14.22446431715567,-14.22446431715567,pass,786.0
78.48170832677158,3731.0373191488197,841614.458472031,14.883597784705062,-14.883597784705062,pass,787.0
21.30917594949367,4181.3721721478705,487511.2926507306,13.95599790575502,-13.95599790575502,pass,788.0
17.12623272134915,4162.937221688448,734881.2733606682,15.485580730601546,-15.485580730601546,pass,789.0
56.65248603653219,3258.778522638578,331703.44301540824,14.005120482541818,-14.005120482541818,pass,790.0
83.50405319529244,1666.388234659153,161136.95411348276,13.694382313014698,-13.694382313014698,pass,791.0
79.02724034415886,2503.4660002804767,376674.0336513804,14.099923121841083,-14.099923121841083,pass,792.0
22.36272523919704,4260.284117490888,485331.8160882306,13.87385573803094,-13.87385573803094,pass,793.0
57.80197698251344,3468.351942833224,511811.3361091871,14.180005463181633,-14.180005463181633,pass,794.0
75.214122073567,1990.560016149535,965925.9762731051,14.661348742657022,-14.661348742657022,pass,795.0
97.12959621228487,3708.589971364085,622491.5269146203,14.863865578599944,-14.863865578599944,pass,796.0
32.08295452020063,2660.340010717942,820993.3085004158,14.635116804797624,-14.635116804797624,pass,797.0
69.32057259367312,2668.1225933692513,417667.7126562024,14.061354763945339,-14.061354763945339,pass,798.0
53.114000543791654,1474.339834016351,523650.86610507953,14.973052273776153,-14.973052273776153,pass,799.0
87.35437010569956,3040.837452492016,43607.59893911405,14.025671422950763,-14.025671422950763,pass,800.0
74.51881775722416,1969.6469842925721,28220.02923654148,13.742242270333914,-13.742242270333914,pass,801.0
81.2852788873121,3586.9633155170804,943891.9938730566,15.067246418838156,-15.067246418838156,pass,802.0
51.26271437963525,4577.922739376865,644123.9442104207,14.141063344629318,-14.141063344629318,pass,803.0
60.265318476068394,4521.838013040097,497043.43637904694,14.298613918130442,-14.298613918130442,pass,804.0
91.52812483884576,3341.3724694015223,251885.4350877524,14.328325567630099,-14.328325567630099,pass,805.0
66.4847467127662,781.8970063875138,622493.399819595,25.918544079590426,-25.918544079590426,pass,806.0
66.8602626218719,3899.978168288242,414044.0459882383,14.111477174172752,-14.111477174172752,pass,807.0
8.462575102638347,4302.037943005717,776879.8862527433,35.19433872111746,-35.19433872111746,pass,808.0
40.00348126759173,4864.517624576081,405961.6542887784,14.124279257607961,-14.124279257607961,pass,809.0
68.84463489289521,4854.182406130984,954971.2392808192,15.29358784682967,-15.29358784682967,pass,810.0
87.73630603788968,2887.7180905720284,437100.1875188639,14.054321121497841,-14.054321121497841,pass,811.0
57.12003183223661,2746.607707441763,570016.1866024546,14.089765252331162,-14.089765252331162,pass,812.0
94.67227471150386,4258.99108198634,257366.39097684715,14.715289821078184,-14.715289821078184,pass,813.0
55.25172604501587,4349.209506920328,507568.84793377254,14.01028535009303,-14.01028535009303,pass,814.0
32.23811840019316,2751.7588089626765,248804.82029818208,13.97901789204989,-13.97901789204989,pass,815.0
67.3604320544209,4302.157173389063,592248.8968102068,14.500792645091266,-14.500792645091266,pass,816.0
56.82646627063014,3137.0329660648645,806489.0734179898,14.490673804913461,-14.490673804913461,pass,817.0
72.76934489854679,962.3982579728283,173200.56784775824,16.747243666524337,-16.747243666524337,pass,818.0
66.71781624094504,2387.1974108564978,0.0,13.83284884205792,-13.83284884205792,pass,819.0
21.967365872337982,4023.4479867413,614214.3556056747,14.22677355955907,-14.22677355955907,pass,820.0
69.2743510972152,2716.2424886243657,182882.33874749797,13.982834815569499,-13.982834815569499,pass,821.0
51.4031551009304,4995.730045620708,974740.1693327127,14.877335279843727,-14.877335279843727,pass,822.0
47.39510210643949,4687.902023660215,404559.73130092194,13.996795523642472,-13.996795523642472,pass,823.0
51.79553584905507,2604.9364652955487,936031.3225058607,14.50359523126272,-14.50359523126272,pass,824.0
75.85057503663997,704.1470954019978,676502.5172054064,25.67223133764078,-25.67223133764078,pass,825.0
17.717338717671097,4350.254211680965,653343.0641233085,14.648453360012736,-14.648453360012736,pass,826.0
40.4813869751702,4349.935960810559,191512.8598771134,13.90004536968183,-13.90004536968183,pass,827.0
45.98351647610031,3092.5298765041557,822713.7972527242,14.346588550717083,-14.346588550717083,pass,828.0
97.700738321783,2779.34554441231,823324.6155548567,14.70379542084402,-14.70379542084402,pass,829.0
94.74014408928672,3586.548604095817,697699.3446094957,14.8679508618846,-14.8679508618846,pass,830.0
43.87897020660666,3523.342667788817,433067.3745888334,13.949618584724616,-13.949618584724616,pass,831.0
46.65206129319889,2222.262267020079,611909.9352975764,13.984533928316816,-13.984533928316816,pass,832.0
54.279346295540115,2894.606734680587,834389.9611133023,14.481980981972125,-14.481980981972125,pass,833.0
86.17069127148287,4442.4868273657585,25133.64021802928,14.63861112594264,-14.63861112594264,pass,834.0
100.0,3560.4507768755598,611112.0034771203,14.831259638653576,-14.831259638653576,pass,835.0
49.50771175086717,1883.169526516114,707495.6131312558,14.38770920504578,-14.38770920504578,pass,836.0
70.71511558817471,3393.857801745374,465537.9816929409,13.964458462606967,-13.964458462606967,pass,837.0
90.3789335546724,2690.337592790072,200949.86975543035,13.829812083150951,-13.829812083150951,pass,838.0
67.14851023427256,2055.0019488277576,874180.2965856051,14.408775085111007,-14.408775085111007,pass,839.0
55.96044369827451,4313.613975869687,550214.1412130313,14.05733018199335,-14.05733018199335,pass,840.0
91.74183360903943,4843.009346619049,275717.8675679615,14.915955400684538,-14.915955400684538,pass,841.0
68.91771313051541,3086.4767339309233,695980.7314988755,14.363371078091415,-14.363371078091415,pass,842.0
51.827000721636615,4335.0544009559235,795841.5838477358,14.445265004508196,-14.445265004508196,pass,843.0
53.84668989375734,2380.2539775081027,803028.9085184904,14.222897526909186,-14.222897526909186,pass,844.0
50.84939661299647,4484.515331606919,568985.3850243561,14.08264363710658,-14.08264363710658,pass,845.0
94.80576051378435,2458.966851785357,793003.0003204817,14.373997615940363,-14.373997615940363,pass,846.0
30.251857131724613,1878.4820190057578,517485.94521270774,20.014388571001987,-20.014388571001987,pass,847.0
41.81288812097723,5000.0,647194.5500730939,14.302072935742553,-14.302072935742553,pass,848.0
58.107575226734475,1611.8516371943101,403591.39678538137,13.987141142722768,-13.987141142722768,pass,849.0
45.81649453276851,3003.8508981937707,929184.7306445523,14.521823805652534,-14.521823805652534,pass,850.0
67.71569590710826,3818.955646315586,438361.2256757383,14.111025906993055,-14.111025906993055,pass,851.0
59.7443248085537,1950.5029112987731,149309.92701945707,13.611753352744456,-13.611753352744456,pass,852.0
26.743421493574083,3872.10897521657,433640.34911817627,13.69666778805412,-13.69666778805412,pass,853.0
37.14131072164084,1771.8951774225059,604686.1092752077,16.92873298012801,-16.92873298012801,pass,854.0
58.44427576265211,1750.0309358898025,130310.97222591346,13.721666547244874,-13.721666547244874,pass,855.0
48.594728818575774,3980.0456696495457,750572.403731305,14.516757633683875,-14.516757633683875,pass,856.0
86.03316161908418,3496.3928278093977,647402.3765239953,14.625057276457632,-14.625057276457632,pass,857.0
62.76515233123,1881.2126663650802,582138.202062652,13.887811500562723,-13.887811500562723,pass,858.0
50.18023718306517,2395.250920786508,316783.39729635173,13.665080851527488,-13.665080851527488,pass,859.0
58.889803104823045,3895.927079733103,0.0,13.810229221738428,-13.810229221738428,pass,860.0
61.1395971111707,3929.7695174772434,128363.51066262918,13.80544441352125,-13.80544441352125,pass,861.0
87.08476931112942,4364.767657665933,391358.31694477284,14.738579453277985,-14.738579453277985,pass,862.0
68.97512839208366,4466.2417236413685,138711.20937612033,14.331933639299022,-14.331933639299022,pass,863.0
68.39714073683065,4235.054683898841,338370.06117995566,14.276521174047007,-14.276521174047007,pass,864.0
75.9296192871085,1803.484081460541,74033.06439279148,13.676256641603686,-13.676256641603686,pass,865.0
8.414310883708726,3682.09686559226,641913.5100281164,43.44346369677625,-43.44346369677625,pass,866.0
81.56430976123121,847.2031534147593,70879.48268025726,17.348654819357776,-17.348654819357776,pass,867.0
51.0574430213159,2137.015117109732,548581.4336727671,13.82245950775305,-13.82245950775305,pass,868.0
54.455014792561684,2872.5558744950335,162717.50586540886,13.83226199210145,-13.83226199210145,pass,869.0
89.38178699488523,4174.151244136839,224135.72770635408,14.62987774122156,-14.62987774122156,pass,870.0
77.08548032329703,3405.1093920802127,738510.1109129708,14.483190301874442,-14.483190301874442,pass,871.0
69.94021149600741,3620.4658087648504,306492.78973487235,13.981984060091227,-13.981984060091227,pass,872.0
73.43810421438947,1901.7140232814775,444241.48345572455,13.844933499615625,-13.844933499615625,pass,873.0
54.886603900880566,2329.320203318246,401779.343097133,13.735694306187755,-13.735694306187755,pass,874.0
33.02689644911408,2973.757224119049,482673.090713672,13.855880351311669,-13.855880351311669,pass,875.0
76.6431808963063,3415.7614924010627,570097.3408853924,14.259685364557233,-14.259685364557233,pass,876.0
71.36817662861374,3040.0236994323127,539093.6211588299,14.158725382921354,-14.158725382921354,pass,877.0
83.46489728809318,4369.032296070431,720283.0421245326,15.025673986447083,-15.025673986447083,pass,878.0
82.75703093387368,2868.0523199798304,198177.7641893149,13.7974067691659,-13.7974067691659,pass,879.0
53.223292168731106,4536.876767497117,495669.7873681061,14.010996755511233,-14.010996755511233,pass,880.0
86.35142086787607,3509.007854065197,42219.45831411405,14.289671850252159,-14.289671850252159,pass,881.0
48.5819359504626,2885.353249954635,925366.4220508023,14.526687625929574,-14.526687625929574,pass,882.0
39.30032532416029,3007.995783589165,810919.8957420244,14.2103450444901,-14.2103450444901,pass,883.0
87.54929692610895,1851.9900704047932,397717.58999683696,13.948685409258323,-13.948685409258323,pass,884.0
44.550043216387664,3860.3479214653416,742114.2250203675,14.366207583683991,-14.366207583683991,pass,885.0
50.6322541040316,4132.623914542512,841249.7680806766,14.603028095584659,-14.603028095584659,pass,886.0
62.02126050989499,1580.442730064494,846894.9826373537,14.475073673094657,-14.475073673094657,pass,887.0
42.50123641181796,4708.312662116166,933719.965634876,14.810228205302979,-14.810228205302979,pass,888.0
20.76844962387247,3803.8280348860744,816391.6591722546,13.637487219138151,-13.637487219138151,pass,889.0
74.00931939558237,3409.620160609854,939005.1701425879,14.744357664679203,-14.744357664679203,pass,890.0
37.730071907554056,5000.0,912642.4400328319,14.790820417453418,-14.790820417453418,pass,891.0
51.736266129818354,4216.19610058292,713258.0496791707,14.373469622654284,-14.373469622654284,pass,892.0
93.72402651650229,3289.936986053825,640909.6163380113,14.668027611918134,-14.668027611918134,pass,893.0
37.42216037712187,2711.508557192657,267199.5976419321,13.648728619080961,-13.648728619080961,pass,894.0
42.7161866044458,3393.3567655422416,863336.2816277242,14.4421736290343,-14.4421736290343,pass,895.0
74.01891547438031,3624.503924870836,385667.6669163439,14.156686106932552,-14.156686106932552,pass,896.0
69.31259221996669,2989.535614357645,204840.02369196477,13.952092364666333,-13.952092364666333,pass,897.0
81.82076511033878,1202.4449040909924,249049.35495713324,13.911113008661449,-13.911113008661449,pass,898.0
64.37585724828013,2789.231760580384,741132.9164266143,14.391570314773972,-14.391570314773972,pass,899.0
30.884965392137765,3143.122855222565,549099.465713672,13.95149122751698,-13.95149122751698,pass,900.0
55.751755960690396,4527.309990273984,496660.19199428125,14.114865916251729,-14.114865916251729,pass,901.0
31.28100942573637,2524.04154669461,208619.03465365083,14.414474858084134,-14.414474858084134,pass,902.0
48.58713442916133,2831.329230713302,918631.0343554898,14.500109173796611,-14.500109173796611,pass,903.0
78.8939570097747,3546.3456439112674,774890.5288817208,14.67958375924038,-14.67958375924038,pass,904.0
65.85168149865396,4956.848513850772,240141.80306982456,14.395136912428267,-14.395136912428267,pass,905.0
82.74380095495422,927.8954710906178,175273.61889586013,15.573276275575717,-15.573276275575717,pass,906.0
68.76554510699609,3095.989819289954,127361.49304437297,13.934848861582644,-13.934848861582644,pass,907.0
81.27627510337334,1328.786774187405,665523.6512395515,14.022341019092286,-14.022341019092286,pass,908.0
44.59331127701029,4633.575380642199,416100.1564317906,14.069403783372376,-14.069403783372376,pass,909.0
16.677014643002465,3771.4006695234257,106415.86936731862,16.720255094107387,-16.720255094107387,pass,910.0
58.745230504219315,3078.573455261642,826321.9230273648,14.55261050699301,-14.55261050699301,pass,911.0
50.23507451019377,2988.8885887783504,260454.70262240083,13.81700930615489,-13.81700930615489,pass,912.0
23.142864089409137,4249.000481397748,445281.6715569806,13.740652349532452,-13.740652349532452,pass,913.0
43.143404278103716,2144.601217366113,158318.57160602708,13.86689361006087,-13.86689361006087,pass,914.0
76.12017309271987,1886.016819807463,577002.1117306207,13.992716549562171,-13.992716549562171,pass,915.0
86.8738311254503,2447.07476683228,179407.56697444088,13.946150208870495,-13.946150208870495,pass,916.0
17.233721411915482,4089.9166376758385,508166.8024045585,15.32436004471715,-15.32436004471715,pass,917.0
100.0,4445.524104830825,51844.12351714406,14.887034244623166,-14.887034244623166,pass,918.0
66.97696983283147,1378.1674420188347,0.0,13.960437344948064,-13.960437344948064,pass,919.0
74.93843289243738,3567.611279003959,92738.27059951107,14.051991059515094,-14.051991059515094,pass,920.0
38.22825385082756,4575.568731846296,540250.0657293107,14.120612653390541,-14.120612653390541,pass,921.0
51.64006080518903,4220.257108079465,543579.1346212344,14.155304647087881,-14.155304647087881,pass,922.0
22.162512911224407,3525.10553317693,158764.77998053396,14.277990290663743,-14.277990290663743,pass,923.0
71.59408799975598,4757.439590454102,240596.89637655526,14.47558599676628,-14.47558599676628,pass,924.0
84.30493257599116,1025.662768225443,147827.3144207293,14.42513188292844,-14.42513188292844,pass,925.0
22.057269507860084,2791.1445427690282,720188.7635785408,17.779294957032338,-17.779294957032338,pass,926.0
87.2665229507635,1457.0603491861775,694121.4915706408,14.041547115789424,-14.041547115789424,pass,927.0
48.18913216770035,4647.518649986734,438119.12332439754,14.008945067380512,-14.008945067380512,pass,928.0
51.557036707475014,1650.9533680942977,473027.81029757636,14.346816306242307,-14.346816306242307,pass,929.0
82.71088920007469,4784.651788338634,186947.23086049533,14.67747741523104,-14.67747741523104,pass,930.0
69.19379620467176,1386.3674480457853,223895.48822010274,13.99531610208126,-13.99531610208126,pass,931.0
16.35246699870814,5000.0,605970.1269568697,14.328787768686363,-14.328787768686363,pass,932.0
95.56903323764817,1951.7172381457567,182067.8102605737,13.948949427315979,-13.948949427315979,pass,933.0
62.23801906148363,2311.8105274721274,222298.72426614608,13.744250856483845,-13.744250856483845,pass,934.0
70.34995952423051,3514.431990968897,181839.7773602567,13.870127628774222,-13.870127628774222,pass,935.0
65.85733843843808,1581.3452653838224,919322.2560748537,14.456354842806723,-14.456354842806723,pass,936.0
46.28575085703555,3509.8664456352635,788547.5492391175,14.420120313530239,-14.420120313530239,pass,937.0
56.84444471759631,2850.133603227624,293161.1164794353,13.89733778072569,-13.89733778072569,pass,938.0
82.77001808925058,2876.4796186297112,21236.876282864047,13.786288422789292,-13.786288422789292,pass,939.0
16.07766760952097,4109.205987903971,708500.7067270718,16.307091704175537,-16.307091704175537,pass,940.0
81.22064715620404,3769.4385276082626,299326.7762913439,14.357410878626043,-14.357410878626043,pass,941.0
76.64590314493091,2171.653087808197,0.0,13.849023565481584,-13.849023565481584,pass,942.0
90.00609194236466,1525.6072745761453,233757.71192598276,13.693467226742795,-13.693467226742795,pass,943.0
31.595986237145368,1839.6037186306453,337669.9452981821,18.906145040592875,-18.906145040592875,pass,944.0
44.5790820932079,2854.7595430517695,741237.1036835064,14.118814054041065,-14.118814054041065,pass,945.0
62.26355547944475,2114.5269810243735,356955.6695786461,13.709582169923872,-13.709582169923872,pass,946.0
44.06168828317149,4199.300567054858,556356.7400334622,14.204320080650811,-14.204320080650811,pass,947.0
62.783065225695324,1610.1530214610916,133411.8477141947,13.768669722158288,-13.768669722158288,pass,948.0
41.41194780956449,4521.203979836972,388712.29282435944,14.08162798911158,-14.08162798911158,pass,949.0
45.21512705786298,3685.5336698150372,378336.33868297416,13.951762141353589,-13.951762141353589,pass,950.0
69.18754823795946,2726.0236107488904,444550.8342209506,14.119864896911468,-14.119864896911468,pass,951.0
57.025252731074495,1915.2898810413117,108648.4690927706,13.592257215409347,-13.592257215409347,pass,952.0
39.92166988675835,2875.211680290516,124207.1255115463,13.610812179466796,-13.610812179466796,pass,953.0
38.89385868494406,3946.2463138328767,877713.3226451263,14.545285023942391,-14.545285023942391,pass,954.0
55.51040943588014,3874.1851080812567,334535.54950049735,13.999869342726889,-13.999869342726889,pass,955.0
4.38585581003127,3962.8073179314288,904232.6248762902,44.321377608816476,-44.321377608816476,pass,956.0
29.131840214823338,3492.480498796678,151280.8624919804,13.61345294758723,-13.61345294758723,pass,957.0
91.3820039708974,993.6140929006799,35933.81151189101,14.171492213250447,-14.171492213250447,pass,958.0
33.70192837140455,2420.390105322434,885760.0428754158,14.536674169450933,-14.536674169450933,pass,959.0
82.80009189422563,3661.61545501919,211359.8125165067,14.298449636479647,-14.298449636479647,pass,960.0
55.254793795636196,2572.931243254105,266218.3512227646,13.752049784920446,-13.752049784920446,pass,961.0
80.1792425761636,3887.0390813430326,650764.0984422349,14.695516490621948,-14.695516490621948,pass,962.0
74.01907365467575,3156.6475168761604,523572.2871744549,14.011803183374184,-14.011803183374184,pass,963.0
20.8321873077393,3732.0773921552013,248656.42841803396,14.335803263873235,-14.335803263873235,pass,964.0
18.146452929441235,4548.561905288134,390417.9486271416,13.986509366404457,-13.986509366404457,pass,965.0
61.491280044120145,2771.048938520767,752566.3525926255,14.385936259171743,-14.385936259171743,pass,966.0
48.35162209803321,2517.785010742599,963427.2609179898,14.49593985740746,-14.49593985740746,pass,967.0
38.31530212892015,2764.421635606974,687391.6311088979,14.005637436527842,-14.005637436527842,pass,968.0
50.620179103066945,2248.0011090014536,120401.8286365463,13.611792336655693,-13.611792336655693,pass,969.0
27.83202647788155,4863.292246217874,376713.91743364336,13.782940299935955,-13.782940299935955,pass,970.0
19.96610828447785,4390.82378804379,154526.56769473333,13.908907909558794,-13.908907909558794,pass,971.0
51.273049267819424,2616.119750334183,278030.7672383896,13.699149726154193,-13.699149726154193,pass,972.0
20.414226170832222,3541.69990839168,249274.76545136867,14.921487544749244,-14.921487544749244,pass,973.0
59.22004304165103,3245.355025696212,790721.5597461148,14.581803305940385,-14.581803305940385,pass,974.0
70.3696255336221,3221.219592817642,716571.2627488755,14.299580454071574,-14.299580454071574,pass,975.0
51.38436069379987,4101.2780812850315,507197.8885274844,14.14186075180137,-14.14186075180137,pass,976.0
77.30178639270547,2414.784894442721,165906.4497361899,13.956047563016867,-13.956047563016867,pass,977.0
66.36832745543727,2329.052302831664,887558.2145543551,14.562084874807798,-14.562084874807798,pass,978.0
39.44666941535575,5000.0,286731.52686930087,14.050135217348114,-14.050135217348114,pass,979.0
73.57318585390928,3522.7039937706277,216028.78272954744,13.990135756605932,-13.990135756605932,pass,980.0
72.39714983533506,1674.6014815895514,616259.8353731793,13.921377696090985,-13.921377696090985,pass,981.0
57.9012699709123,2972.573481977896,620162.3194149546,14.200049570276406,-14.200049570276406,pass,982.0
52.3580843054684,4184.151355301627,680916.8455664858,14.312094550856092,-14.312094550856092,pass,983.0
34.638222011868365,1906.561697102441,175033.58137165208,16.4881745473031,-16.4881745473031,pass,984.0
32.084920200382335,3815.220080727842,410930.21970423864,13.744219538111928,-13.744219538111928,pass,985.0
73.95973835647325,1504.124537883912,713061.981539459,14.089188182236098,-14.089188182236098,pass,986.0
20.757243188892467,4102.690539712217,453637.83298548864,14.22280313427061,-14.22280313427061,pass,987.0
53.50628323709289,4113.385009726116,573284.3298837381,14.163734120862424,-14.163734120862424,pass,988.0
67.32870803617641,3065.0249694601116,588433.6322638943,14.22764039367269,-14.22764039367269,pass,989.0
37.21788180817161,4109.419462742292,426004.7981511858,13.938634311367858,-13.938634311367858,pass,990.0
79.53780271524714,2323.292498524563,359898.39957920526,14.017341054002166,-14.017341054002166,pass,991.0
83.40640422948704,867.5909154435315,255818.02683213324,16.576781955906057,-16.576781955906057,pass,992.0
72.02716961677507,3027.6266931173345,144919.6289227567,13.917736915392522,-13.917736915392522,pass,993.0
99.42466295935697,1169.0071635034615,963020.3786038363,14.509354471870475,-14.509354471870475,pass,994.0
50.82439743837396,3861.5046027801855,695358.2645229207,14.432900446328736,-14.432900446328736,pass,995.0
39.778258391563675,3080.1493219608606,1000000.0,14.585874699362407,-14.585874699362407,pass,996.0
70.30102851571698,4437.260116809473,678382.0764977068,14.735341187704334,-14.735341187704334,pass,997.0
16.86367519592673,4137.577784673418,230934.59552949367,15.109559827378177,-15.109559827378177,pass,998.0
93.94247171260598,3215.2437500716883,271269.2456346274,14.311277470943375,-14.311277470943375,pass,999.0
67.15951736561449,3197.924886383656,388020.4797287631,14.035274793394521,-14.035274793394521,pass,1000.0
69.48951773755873,1725.2888517843267,349406.50262669934,13.677449151840321,-13.677449151840321,pass,1001.0
25.820128367791938,2629.601383337839,999917.0881445113,16.736749138717542,-16.736749138717542,pass,1002.0
53.05884618591573,3223.9740563910195,348318.35317165824,13.949589622670414,-13.949589622670414,pass,1003.0
22.58213649312618,4032.032480985761,587769.4723382306,14.08591235925664,-14.08591235925664,pass,1004.0
19.959623275411023,4921.868596818531,550025.5814246432,13.815942015660209,-13.815942015660209,pass,1005.0
76.18638614939297,3520.6269324521613,432381.5324741909,14.192138338666352,-14.192138338666352,pass,1006.0
72.18994444819226,1742.1270634426103,404100.40923697455,13.736548581932192,-13.736548581932192,pass,1007.0
54.46590184530297,4105.41549145206,671803.3309291707,14.253115167205154,-14.253115167205154,pass,1008.0
83.09863244579459,3341.9881075953494,685157.3062254708,14.533101359574815,-14.533101359574815,pass,1009.0
59.818675469244255,3632.3175376151353,805204.3680355547,14.52290076127305,-14.52290076127305,pass,1010.0
87.0518325215116,1772.5219544810043,101538.57427511943,13.793285117874166,-13.793285117874166,pass,1011.0
37.96665506250039,1075.1861457162988,985811.9900896937,34.66289809449435,-34.66289809449435,pass,1012.0
29.640633674646615,3250.7891378763734,567759.627823047,13.984159452460279,-13.984159452460279,pass,1013.0
92.75701684438685,1879.3521124918416,614015.1487972033,14.190058307053167,-14.190058307053167,pass,1014.0
59.50148852955045,4481.022034036191,533503.8504415469,14.280567178765605,-14.280567178765605,pass,1015.0
88.90909153110982,2789.667107007316,210430.39565180056,13.872065393607457,-13.872065393607457,pass,1016.0
68.653595787885,1750.7776522027596,712141.2886683652,14.060548409265937,-14.060548409265937,pass,1017.0
45.179683098287335,2093.884068979867,258232.53401510173,13.778414112958409,-13.778414112958409,pass,1018.0
46.71113224183837,4869.945228537151,688803.4832040506,14.23639944548611,-14.23639944548611,pass,1019.0
37.94081074698041,3593.458443984959,303553.234312857,13.745524387320332,-13.745524387320332,pass,1020.0
67.87093820752759,4474.602195972071,594678.3968102068,14.600273398715997,-14.600273398715997,pass,1021.0
35.918375322892494,1714.8796452549423,589606.2282663264,18.261227559090376,-18.261227559090376,pass,1022.0
41.4085614299234,3513.476775918218,831282.1195183492,14.387099470849039,-14.387099470849039,pass,1023.0
33.152267812391536,4726.9224707674875,391978.0800700284,13.934641038041756,-13.934641038041756,pass,1024.0
66.9749504222793,3685.8776739034765,444459.5840741758,14.004911694900873,-14.004911694900873,pass,1025.0
88.00731547700921,3099.934330456596,112261.93368544857,14.092520484596273,-14.092520484596273,pass,1026.0
50.39061030495182,3152.845760969643,248722.57617790886,13.876263106740485,-13.876263106740485,pass,1027.0
75.6987937261029,842.920678610149,258576.40795836013,18.898830326950296,-18.898830326950296,pass,1028.0
67.24086497197868,4341.889711007091,190756.81875112033,14.236979347287749,-14.236979347287749,pass,1029.0
77.60164563801315,3142.6739985045783,490585.7393228924,14.013104518341875,-14.013104518341875,pass,1030.0
70.87008437688783,3654.391219484522,226120.9765790067,13.990460818732396,-13.990460818732396,pass,1031.0
54.50048565229455,4679.709871640049,701251.4774135457,14.37786505200974,-14.37786505200974,pass,1032.0
58.911939302637535,2351.1948318236073,537703.8958780295,13.928428963926303,-13.928428963926303,pass,1033.0
53.18210749395676,1046.1710396658102,381918.43456382776,21.655129433169026,-21.655129433169026,pass,1034.0
73.50577178771928,3571.6360696432134,236301.9492352567,14.025572853509408,-14.025572853509408,pass,1035.0
86.42345864402458,1887.141354284383,377186.40523341164,13.931324216512811,-13.931324216512811,pass,1036.0
18.482908111015583,3803.0719096966986,627267.4723382306,15.46972067724926,-15.46972067724926,pass,1037.0
60.353913690661145,2110.1253420177322,88855.19927669471,13.62926403723298,-13.62926403723298,pass,1038.0
42.20288418731779,2750.351128451202,238542.26707552583,13.638345574066594,-13.638345574066594,pass,1039.0
50.88672255643758,2684.538075652888,716947.9072734843,14.141207829887131,-14.141207829887131,pass,1040.0
56.397009302090005,2326.875746081029,244361.93194163137,13.662168214622406,-13.662168214622406,pass,1041.0
43.02950413596732,4454.547014277356,258448.5815568009,14.04479495014019,-14.04479495014019,pass,1042.0
15.608905043069623,4106.200466536913,382770.6205021416,16.533072571847725,-16.533072571847725,pass,1043.0
23.08364780316219,4176.496394640184,57473.6320232304,13.648839540598354,-13.648839540598354,pass,1044.0
78.96862057010809,2233.3997983224667,134449.45055178198,13.878345071155577,-13.878345071155577,pass,1045.0
69.20329671018446,2027.6827192770024,430904.22528294934,13.841228150730743,-13.841228150730743,pass,1046.0
82.74310812229703,1693.4608876226002,188361.48194978957,13.707688815753134,-13.707688815753134,pass,1047.0
54.628268728660245,1652.6225243760175,930519.5197467287,14.755222947734405,-14.755222947734405,pass,1048.0
17.577394091597924,3861.624963644548,428059.5106464246,15.66558028590821,-15.66558028590821,pass,1049.0
72.58950564967492,1959.798075439246,230467.52820062297,13.73883461450552,-13.73883461450552,pass,1050.0
59.77593945821801,4322.502451290928,648421.8836635457,14.332809874853643,-14.332809874853643,pass,1051.0
81.49125596858742,3407.39118049161,281726.0194993735,14.15469892932534,-14.15469892932534,pass,1052.0
27.154447522891545,2958.0120255430966,111679.55276849451,14.238319410192101,-14.238319410192101,pass,1053.0
75.84119518595406,1082.6117244205057,229459.19630098273,14.710410152154477,-14.710410152154477,pass,1054.0
31.12181930554854,4678.632575893582,219385.1819567701,13.782130398686158,-13.782130398686158,pass,1055.0
67.46504377118738,3283.6863991400037,394951.49877173186,13.989402913489409,-13.989402913489409,pass,1056.0
79.23557253676125,1475.142339273411,196889.04981660776,13.630680506246406,-13.630680506246406,pass,1057.0
93.19918633604235,2359.9234863068414,798955.315261888,14.503959902587532,-14.503959902587532,pass,1058.0
34.15604016401887,2922.6452093485414,543477.7752839845,13.83697098784306,-13.83697098784306,pass,1059.0
42.562527246309024,3838.376656875584,284707.335875357,13.913505028287302,-13.913505028287302,pass,1060.0
67.33253473774451,2099.1610339033728,24176.412109375,13.716262433435903,-13.716262433435903,pass,1061.0
97.20511121236781,1974.7414557535603,583871.1956722033,14.267349578432047,-14.267349578432047,pass,1062.0
59.96626387336653,1015.5961712056164,578881.9745207934,19.770814694740423,-19.770814694740423,pass,1063.0
22.251240175167347,4517.840250761152,513465.8102288556,13.769400648465911,-13.769400648465911,pass,1064.0
63.728015483248505,3597.971338481261,417434.9839638334,13.939565513143574,-13.939565513143574,pass,1065.0
28.071792494484065,5000.0,461599.08930864336,13.873353340227666,-13.873353340227666,pass,1066.0
79.71295912756165,1338.2346472685963,293287.27123961016,13.657781968056161,-13.657781968056161,pass,1067.0
58.00207148254137,1686.0477957116707,685834.6463343808,14.239610043073288,-14.239610043073288,pass,1068.0
49.49998717398484,1662.5640700556382,349875.78741038137,14.390600772468453,-14.390600772468453,pass,1069.0
22.728964494119452,2844.622898230417,947490.8098241988,17.264458079777835,-17.264458079777835,pass,1070.0
70.72120013691196,2772.303118261489,262844.8327150879,14.039709849410386,-14.039709849410386,pass,1071.0
36.842748593766096,4574.360847421449,228100.4408217307,13.887779946637512,-13.887779946637512,pass,1072.0
72.43748939211801,3023.13907371731,124446.7988446317,13.910056445567147,-13.910056445567147,pass,1073.0
48.98547178438973,2222.3297856283516,139461.99149932934,13.584486555399657,-13.584486555399657,pass,1074.0
76.40627310643913,3937.4253784265247,190501.08437612033,14.281421476347155,-14.281421476347155,pass,1075.0
69.137101452814,3619.321653674085,509735.7902866909,14.103093724048737,-14.103093724048737,pass,1076.0
85.3983029791067,1295.043839176412,715545.5071956408,14.1188130997231,-14.1188130997231,pass,1077.0
23.501287688828413,2542.4344357174373,266823.82762240083,18.118454135538983,-18.118454135538983,pass,1078.0
64.66600630651237,4063.9675689782825,199702.26748158908,14.030181874496154,-14.030181874496154,pass,1079.0
64.71769488377953,1919.9829451732849,196063.54030070707,13.631199841458253,-13.631199841458253,pass,1080.0
44.669618322256625,4492.6352118763825,505438.61551189754,14.16803950127356,-14.16803950127356,pass,1081.0
22.51048758891688,3696.7637208645606,370923.59665736364,14.098263695528553,-14.098263695528553,pass,1082.0
41.84490071901235,2723.4105732114817,652699.6592266093,13.985179805494361,-13.985179805494361,pass,1083.0
64.56513045572444,3497.096479775053,486117.4682013943,14.036220628235693,-14.036220628235693,pass,1084.0
71.00548137626232,1586.785983663163,425686.3191943505,13.741820185300131,-13.741820185300131,pass,1085.0
73.13270704201409,3535.9401647811897,557250.7992278251,14.217402385141927,-14.217402385141927,pass,1086.0
68.10993399016054,3887.723714508656,396582.4279709506,14.135240480239153,-14.135240480239153,pass,1087.0
36.988475726296926,2683.309809562977,59356.4731677963,13.609947116986813,-13.609947116986813,pass,1088.0
73.55149338613273,4294.998666390392,187103.24453237033,14.356764637556395,-14.356764637556395,pass,1089.0
85.32033616300946,3619.3957724813095,360765.7889866564,14.407698387293815,-14.407698387293815,pass,1090.0
72.45075379889732,4267.252867754569,446365.3064147535,14.468966964617058,-14.468966964617058,pass,1091.0
14.791248822260812,4250.157062956043,141548.0646798186,16.479740350181164,-16.479740350181164,pass,1092.0
59.972726554655324,132.50653046841126,605237.7781146177,260.73849809826163,-260.73849809826163,pass,1093.0
38.317409964586496,2480.283499753815,514840.520401172,13.926120627477728,-13.926120627477728,pass,1094.0
63.34204583310313,3292.005206862461,425687.2393476133,14.070486530825834,-14.070486530825834,pass,1095.0
28.506900190016047,4430.075066287507,291183.78478194244,13.677139410631403,-13.677139410631403,pass,1096.0
45.659433089601414,4872.265022622617,521409.9871602969,14.082534427437896,-14.082534427437896,pass,1097.0
82.14652166449527,932.6911017496541,621401.0626155627,15.896342577579674,-15.896342577579674,pass,1098.0
54.41805632999182,3355.790711554793,773041.2578572653,14.475442109693,-14.475442109693,pass,1099.0
73.94630351837114,3822.6977685567877,133847.5820477567,14.158777491850483,-14.158777491850483,pass,1100.0
58.672631073902444,1791.8582595087632,316487.29912913137,13.704113379716798,-13.704113379716798,pass,1101.0
49.49708915276909,1873.1509368114685,156328.6978934805,13.921943035620673,-13.921943035620673,pass,1102.0
76.71448714362785,2431.7282454586993,367819.6127529429,14.036822081534998,-14.036822081534998,pass,1103.0
42.66996326337995,3607.93948112634,581828.2713399844,14.1031988601032,-14.1031988601032,pass,1104.0
36.340946406131046,1499.4015517816367,636197.8797830202,21.669555127276915,-21.669555127276915,pass,1105.0
42.81597502601249,4985.544038813488,259620.4487443009,13.968652060907468,-13.968652060907468,pass,1106.0
40.88655562349022,4416.158012338441,275965.26162251196,13.96121598191139,-13.96121598191139,pass,1107.0
69.8242710846229,3071.649628984644,173991.5019696317,13.942760254159655,-13.942760254159655,pass,1108.0
88.76832327480332,2388.8370654162645,223538.55720881588,13.954728066968974,-13.954728066968974,pass,1109.0
70.58781684836926,957.5275760703896,303744.2293506005,17.530061640280547,-17.530061640280547,pass,1110.0
72.62045052807012,2421.1919202096738,114964.44493654759,13.880839655881086,-13.880839655881086,pass,1111.0
17.37589481738673,3618.616839761045,365037.01560267614,16.71177275494216,-16.71177275494216,pass,1112.0
81.45488246279427,843.967565103489,382873.42872285773,17.44821742756197,-17.44821742756197,pass,1113.0
37.99085775286075,3639.884304072113,493603.81048349704,13.888146709540825,-13.888146709540825,pass,1114.0
34.70694729385599,4274.611086208605,443728.7091661656,13.925444981802121,-13.925444981802121,pass,1115.0
12.054313208524487,4660.622543715868,374311.8910099541,18.796611176312112,-18.796611176312112,pass,1116.0
33.69250322211107,3417.7235596688447,274967.8809170446,13.651968649573709,-13.651968649573709,pass,1117.0
86.19483827398427,992.883488548862,304624.1185506927,14.528720417450595,-14.528720417450595,pass,1118.0
45.661760412561314,4473.253960000547,408480.95688685944,14.058367158290743,-14.058367158290743,pass,1119.0
31.500986889720984,4727.749572753906,420691.29249430087,13.912922193093301,-13.912922193093301,pass,1120.0
49.09236963745839,2763.1160875463984,758000.4142303814,14.19741160028046,-14.19741160028046,pass,1121.0
55.615045603865994,4224.851468424851,527051.5373681061,14.006918568763918,-14.006918568763918,pass,1122.0
61.297735165441765,3851.2237036917954,795402.2430355547,14.37550216652359,-14.37550216652359,pass,1123.0
83.38653133468867,1212.011904577982,215206.7831707293,13.819113452547134,-13.819113452547134,pass,1124.0
30.6569102989638,4622.636765201081,360344.2285075284,13.808311237006327,-13.808311237006327,pass,1125.0
75.56625389002986,3599.168612280857,496915.2637616758,14.289924106797688,-14.289924106797688,pass,1126.0
72.83200389143353,3749.14317657982,315728.8602757189,14.15898611803971,-14.15898611803971,pass,1127.0
91.51015278674844,3047.521749949618,307015.0971971274,14.18106758664639,-14.18106758664639,pass,1128.0
19.111404357564343,4575.243917253101,587640.1829871432,14.048849191110454,-14.048849191110454,pass,1129.0
83.94263699825242,3548.824050295069,212006.1772015653,14.271559132320471,-14.271559132320471,pass,1130.0
21.81117105109322,4765.0426276876005,307959.08247270586,13.634385296508125,-13.634385296508125,pass,1131.0
58.96246621381436,4805.993726049103,428581.5609790632,14.296185487581536,-14.296185487581536,pass,1132.0
75.19285615282723,1245.017468973118,298832.32325410773,14.012774100923362,-14.012774100923362,pass,1133.0
71.7489075203854,1606.1057735496377,429459.53354981926,13.751373084905012,-13.751373084905012,pass,1134.0
38.16396063106735,3779.2642768314613,680324.82003527,14.14581158162791,-14.14581158162791,pass,1135.0
64.14743641178289,2030.4393643625058,167966.30602053198,13.641528114257426,-13.641528114257426,pass,1136.0
83.78393476055273,1162.3930138479343,206542.0248006927,13.896711977616437,-13.896711977616437,pass,1137.0
63.60596792153069,3708.2271406417854,513244.60391532513,13.99412515153249,-13.99412515153249,pass,1138.0
18.08045109062357,3348.6546950423244,865685.4208910046,18.06322360249048,-18.06322360249048,pass,1139.0
63.762684208752916,1507.7221273767098,671528.9783656308,14.259310399288646,-14.259310399288646,pass,1140.0
44.15220325725753,3888.26046976359,706139.8617833168,14.316821611765617,-14.316821611765617,pass,1141.0
38.77980855399788,2648.9602566727535,263690.5559810271,13.623229011347977,-13.623229011347977,pass,1142.0
33.823191632843915,2649.0509842556453,246198.59764193208,13.893509927825672,-13.893509927825672,pass,1143.0
34.102421989060346,2435.283505312774,206868.23777865083,14.06937061474545,-14.06937061474545,pass,1144.0
91.93387515174553,2035.0303160763751,407253.36617091164,14.054336870199332,-14.054336870199332,pass,1145.0
19.25698588410976,3869.45107916081,509640.5719476056,14.68261994888247,-14.68261994888247,pass,1146.0
48.964404764535445,4188.3146921344005,505312.39965106244,14.144066678001902,-14.144066678001902,pass,1147.0
74.6556458895559,3532.4715711837775,634135.2211028251,14.357497813977918,-14.357497813977918,pass,1148.0
65.51949070834345,3588.4941823873633,399540.0918866758,13.901024052964726,-13.901024052964726,pass,1149.0
83.66647299128243,1336.1495566806375,262044.86036348276,13.638153463799012,-13.638153463799012,pass,1150.0
49.82557154355039,4864.304971429193,518660.10023662617,14.047743623548664,-14.047743623548664,pass,1151.0
30.02739733658438,4565.296953438773,479065.46360783844,13.874312811046853,-13.874312811046853,pass,1152.0
73.03186448412606,1282.4487967929422,376247.39356660773,14.147765713253106,-14.147765713253106,pass,1153.0
12.766986523040032,4294.940985076359,157500.96203811676,19.29943995035831,-19.29943995035831,pass,1154.0
59.51703404330439,3366.236293593418,389060.1641523008,14.082133979292136,-14.082133979292136,pass,1155.0
16.601587257866523,4682.259428617292,236025.34894473333,14.274590523012742,-14.274590523012742,pass,1156.0
44.019014425111514,3522.9255155181622,405032.33868297416,13.938562520580279,-13.938562520580279,pass,1157.0
45.58073321252157,2092.067260099808,317932.8336446396,13.797466668862953,-13.797466668862953,pass,1158.0
67.04561875227279,3228.034390472186,407912.41156535654,14.046669262650994,-14.046669262650994,pass,1159.0
16.50851619150144,4394.8617577628775,839770.4247944693,15.462040008045799,-15.462040008045799,pass,1160.0
19.63752269370186,4062.637720461038,330960.39887895586,14.324355105181464,-14.324355105181464,pass,1161.0
82.252522500114,3630.734969484522,270668.1498578153,14.29643751466796,-14.29643751466796,pass,1162.0
23.357704910312755,3477.617328042295,321118.05564173864,14.187881056178774,-14.187881056178774,pass,1163.0
68.12861482552239,3230.222727037049,653625.7914153251,14.267522458941611,-14.267522458941611,pass,1164.0
60.28784949819017,1982.277331976522,375004.9488755211,13.691448732580977,-13.691448732580977,pass,1165.0
16.27938063888712,3755.7516226851467,787129.8466722546,17.841137234839113,-17.841137234839113,pass,1166.0
54.70591583990018,1368.459863951468,148866.4808115206,15.245072389487168,-15.245072389487168,pass,1167.0
57.346104317133836,3645.521134908884,79548.90625,13.944014065509066,-13.944014065509066,pass,1168.0
19.787006748580975,3593.103541904957,226316.34248053396,14.955338811903474,-14.955338811903474,pass,1169.0
44.44000883256713,4326.368026693889,531036.4939462381,14.235559623856153,-14.235559623856153,pass,1170.0
23.228983398505328,4887.751016969827,316573.46430864336,13.665391751005927,-13.665391751005927,pass,1171.0
90.18053242542031,3336.9759735824305,287540.6304002524,14.312070884776,-14.312070884776,pass,1172.0
67.41334466849317,1159.4375011463712,237562.53118885274,15.10360408309978,-15.10360408309978,pass,1173.0
38.48977248283771,3141.7764595076173,479750.75470916356,13.781297096583838,-13.781297096583838,pass,1174.0
52.28341194687113,5000.0,415712.6212755406,14.129418029235879,-14.129418029235879,pass,1175.0
46.391450678954165,2457.863589324358,770098.612255168,14.148172872752113,-14.148172872752113,pass,1176.0
77.7381012229761,2965.964413132435,436486.0759374524,13.952224822161048,-13.952224822161048,pass,1177.0
28.350003288438344,2346.006363746937,3756.548851390049,16.129330831450353,-16.129330831450353,pass,1178.0
65.02739816435367,2002.8359924693302,219445.2231610111,13.647877535176525,-13.647877535176525,pass,1179.0
30.36605432922066,3000.272176838769,212309.45832477708,13.862734837025007,-13.862734837025007,pass,1180.0
81.75291833259347,2520.6578802825647,238937.9165330649,13.974942478868627,-13.974942478868627,pass,1181.0
77.089914758975,1532.0702300509988,262856.64942598273,13.643229815981343,-13.643229815981343,pass,1182.0
72.88946812298325,2837.497362762391,568082.1016275799,14.203463775521806,-14.203463775521806,pass,1183.0
66.88058965351608,3300.173273712098,518301.79645179864,14.105375381256753,-14.105375381256753,pass,1184.0
55.08607473573561,1866.62407553824,153742.7695891947,13.62374013988664,-13.62374013988664,pass,1185.0
51.726880713757915,4041.5234256081076,528352.4108079086,14.160878566167876,-14.160878566167876,pass,1186.0
58.701081420992566,2406.863348609529,139683.9414641947,13.72427192379262,-13.72427192379262,pass,1187.0
58.9167284866342,3158.2292107265926,272225.48582552583,14.000522729524665,-14.000522729524665,pass,1188.0
42.54289242325052,4958.965232212328,486023.0822130406,14.127311890104528,-14.127311890104528,pass,1189.0
42.48763894043608,2786.4942691543506,819238.5910545244,14.222623875538195,-14.222623875538195,pass,1190.0
70.16145296296658,1156.0329624229287,425770.8211474755,14.78546182622831,-14.78546182622831,pass,1191.0
40.625004417269295,2720.2760988379023,753787.4435272564,14.108479664747998,-14.108479664747998,pass,1192.0
66.04120244497584,2215.0072354630397,387141.44645420526,13.843311057095807,-13.843311057095807,pass,1193.0
78.61847741233512,1465.6008879757892,439052.31929591164,13.753210195521664,-13.753210195521664,pass,1194.0
50.677194417345795,3507.89030572827,317155.9898232084,13.956989298059224,-13.956989298059224,pass,1195.0
30.397147197244834,3844.2640800788813,292578.29772810487,13.650873429554158,-13.650873429554158,pass,1196.0
18.61780209544747,4165.8903122196325,664343.6775501049,14.718023711085042,-14.718023711085042,pass,1197.0
70.55642299797562,3460.548029571473,669685.7695963299,14.221674670380091,-14.221674670380091,pass,1198.0
78.55515442588728,1227.3823764973645,547101.7889128833,14.14521847591682,-14.14521847591682,pass,1199.0
72.15310018534544,3271.210936519651,227583.61280767244,13.819883767908715,-13.819883767908715,pass,1200.0
12.56246799052943,4454.920676019276,580693.9232215182,19.069946925256446,-19.069946925256446,pass,1201.0
48.938191407528315,3917.9867271087987,654067.4559291707,14.38120559949669,-14.38120559949669,pass,1202.0
39.35376129257075,3913.206131333163,482406.3928766763,14.001930960743318,-14.001930960743318,pass,1203.0
46.72049140295068,4565.669515957676,713992.8035854207,14.395378024268341,-14.395378024268341,pass,1204.0
69.32769829031353,3447.9367251638046,335499.9852757189,13.863638402485012,-13.863638402485012,pass,1205.0
70.02506505166043,1215.9940197010587,255933.34759510274,14.339028520115981,-14.339028520115981,pass,1206.0
26.35579370031223,3441.997172838426,212071.7726482304,13.850324576145795,-13.850324576145795,pass,1207.0
72.61933252193215,3075.2750000716883,192343.0273118735,13.889305109737942,-13.889305109737942,pass,1208.0
70.5420927124782,3615.825919496729,201398.3281415067,13.955616296106669,-13.955616296106669,pass,1209.0
49.8249178160304,4297.025105821164,425429.0525899844,14.06568505566785,-14.06568505566785,pass,1210.0
20.479078732018134,4077.1712611883213,224370.76300723333,14.130038366185266,-14.130038366185266,pass,1211.0
71.519958559433,3409.459338005343,606067.9064216871,14.135194054981914,-14.135194054981914,pass,1212.0
24.129530521417855,3279.617310560089,613678.952041797,14.560305184308701,-14.560305184308701,pass,1213.0
39.23382789595197,4148.85474525449,310935.706969107,13.921894857968901,-13.921894857968901,pass,1214.0
78.9382819946313,1400.033102850687,155706.6152019793,13.656885135855712,-13.656885135855712,pass,1215.0
31.388941475210068,2998.4025825851254,841466.9126977287,14.456383405497569,-14.456383405497569,pass,1216.0
33.601797749621106,2869.305422566216,748888.5109763994,14.213340241096846,-14.213340241096846,pass,1217.0
30.693574125940394,3929.093088476969,804749.21847277,14.205747432462891,-14.205747432462891,pass,1218.0
84.53426872688004,1347.3309531650125,208626.10450410776,13.636138276995476,-13.636138276995476,pass,1219.0
51.171074353563206,4597.222952233823,435616.26255092194,13.919241800256684,-13.919241800256684,pass,1220.0
16.564258914390827,4429.01313284123,652955.6871819806,15.039970113583134,-15.039970113583134,pass,1221.0
61.59045886001677,3261.5251778286433,204076.89988802583,13.982744448513373,-13.982744448513373,pass,1222.0
55.157297088507235,4877.249851158609,489951.63894939754,14.263276709840682,-14.263276709840682,pass,1223.0
53.28321733674879,2169.551306373201,77228.57915950721,13.621091948926104,-13.621091948926104,pass,1224.0
51.34207053338805,4664.155586203166,600950.8630868631,14.10755993395008,-14.10755993395008,pass,1225.0
76.56863114215615,2359.8260016204554,233613.9282518149,13.917747037862133,-13.917747037862133,pass,1226.0
57.4656759327672,1572.4670900689705,750630.723726959,14.481447662810426,-14.481447662810426,pass,1227.0
23.774958966871516,4343.541763980378,496277.8535075284,13.742549012077125,-13.742549012077125,pass,1228.0
50.29259212056566,2070.5140720888267,425428.7926255211,13.769628521535077,-13.769628521535077,pass,1229.0
54.16885819326581,4067.420293199094,460554.9158712344,14.051276626013673,-14.051276626013673,pass,1230.0
71.72540794074754,1531.2164778100594,744783.147555084,14.118702952362417,-14.118702952362417,pass,1231.0
59.470854940135624,1587.0101506008134,437364.11626822455,14.016551135637956,-14.016551135637956,pass,1232.0
67.68457494437914,2091.48824065796,760771.7205531308,14.23947525650722,-14.23947525650722,pass,1233.0
72.36161832721963,1894.390201259993,510687.58111197455,13.884363125569992,-13.884363125569992,pass,1234.0
95.3725411591697,2341.7176575423914,213676.9848924399,13.912416899943864,-13.912416899943864,pass,1235.0
29.827435372968928,4560.341522891511,382334.2724528409,13.790029262131853,-13.790029262131853,pass,1236.0
68.50950102137173,3350.4560492734504,458615.1438023159,13.970548967688677,-13.970548967688677,pass,1237.0
80.029656596935,494.01613147489866,25454.205066578506,42.349194610765075,-42.349194610765075,pass,1238.0
54.21302049679082,3659.712739523142,0.0,14.002655353140575,-14.002655353140575,pass,1239.0
12.11426552485598,4018.7119540009935,393239.1043964246,23.034319189805018,-23.034319189805018,pass,1240.0
27.24438991185431,3291.489165836842,286942.205761784,13.870292605392498,-13.870292605392498,pass,1241.0
32.39770385338166,2952.2917649229794,0.0,13.740203096627202,-13.740203096627202,pass,1242.0
31.33149193726225,2879.568968556206,765985.1144920244,14.33953208309818,-14.33953208309818,pass,1243.0
37.36011995388908,4751.061448103149,456629.54965720145,14.050943775858988,-14.050943775858988,pass,1244.0
63.95125483416743,3395.6289480123633,358891.0723554258,14.008298733204398,-14.008298733204398,pass,1245.0
37.489115453833264,3670.7980350196863,402971.8303766763,13.809592208666515,-13.809592208666515,pass,1246.0
53.102791923204975,3775.910871185902,364687.1369553256,14.058727017869254,-14.058727017869254,pass,1247.0
70.26818188155886,3739.958179370319,342629.82879737235,14.080595968413604,-14.080595968413604,pass,1248.0
84.93519315357224,2291.4731356677294,267494.5728338159,14.039917812124418,-14.039917812124418,pass,1249.0
66.4639503667586,695.7127854275177,643164.5720599302,31.806737201095263,-31.806737201095263,pass,1250.0
52.96518618771528,2276.4227309366543,383801.831378383,13.70407598533577,-13.70407598533577,pass,1251.0
44.31382942852964,4231.145230981195,551386.8297288136,14.224193923148304,-14.224193923148304,pass,1252.0
53.342832777611356,4549.181309972443,241455.66254156322,13.862445528637869,-13.862445528637869,pass,1253.0
42.721211244679395,2899.4633568447566,301992.63816927583,13.67392089322858,-13.67392089322858,pass,1254.0
9.579591717187665,4402.583675765429,391310.6712833916,28.361725115245484,-28.361725115245484,pass,1255.0
30.596744576209826,4022.0216236653637,189517.14912115896,13.63518835592549,-13.63518835592549,pass,1256.0
29.5813151880455,3033.244856870514,663397.120010547,13.703467303270221,-13.703467303270221,pass,1257.0
77.14996356451014,1566.7470614511922,750713.6148616564,14.109397530603752,-14.109397530603752,pass,1258.0
59.30014998675891,4373.780467619594,144214.30089488527,13.993933884019699,-13.993933884019699,pass,1259.0
38.36754887304945,2911.0115306594776,709947.5070701494,14.049901383397886,-14.049901383397886,pass,1260.0
64.21110770808556,2597.894130470069,163826.60632562297,13.859631599972296,-13.859631599972296,pass,1261.0
46.94647628001046,2347.896642012629,227232.35868682934,13.613615647103003,-13.613615647103003,pass,1262.0
89.83075498075404,1491.1904527553277,76162.77805763931,13.651043995807212,-13.651043995807212,pass,1263.0
70.17871851102448,3371.671408470431,620597.6329841871,14.106381216195876,-14.106381216195876,pass,1264.0
56.930934587671715,2400.9753646605213,473687.1966592795,13.852340322004197,-13.852340322004197,pass,1265.0
45.56342544447126,4100.625409471067,489214.7400899844,14.15281833991733,-14.15281833991733,pass,1266.0
42.43984149894804,2654.7403267544246,305013.4452981821,13.651213320267992,-13.651213320267992,pass,1267.0
61.56835182301195,3034.098272003773,395037.7150803256,14.069088850463748,-14.069088850463748,pass,1268.0
51.77474332375908,2117.0590254955505,151563.36110148832,13.585242071083377,-13.585242071083377,pass,1269.0
71.08754187353641,1818.4595352549748,135832.3696453861,13.626423806812236,-13.626423806812236,pass,1270.0
84.2229886972429,1690.3377215441942,146345.1540105737,13.718481249513754,-13.718481249513754,pass,1271.0
78.40387801455105,3662.4325812558723,471039.0168491909,14.34588106462556,-14.34588106462556,pass,1272.0
41.58450115669761,3981.1654649395578,464862.6536199358,14.02100196229056,-14.02100196229056,pass,1273.0
43.36382511819367,2596.756396331194,709926.190380168,14.060407372351417,-14.060407372351417,pass,1274.0
80.01482046381491,2857.7416079390173,100754.36534874373,13.828337029086475,-13.828337029086475,pass,1275.0
39.535988645007635,2764.6372479174693,33230.4223865463,13.59728843178651,-13.59728843178651,pass,1276.0
74.09632554824785,2964.378405916407,144088.77070742467,13.916973470558865,-13.916973470558865,pass,1277.0
45.21957177622388,3712.4207547759747,429092.52032359916,14.000908203944707,-14.000908203944707,pass,1278.0
54.51417153751315,4335.424062113816,587424.1897118561,14.080174691283906,-14.080174691283906,pass,1279.0
36.78529650671552,3816.0212110137677,286074.44024547416,13.760402592860029,-13.760402592860029,pass,1280.0
67.85098484317938,1778.833437848834,141141.53062990698,13.612444046362493,-13.612444046362493,pass,1281.0
75.91403307444055,1456.7916796034265,210917.795334966,13.622234565182943,-13.622234565182943,pass,1282.0
53.43145145765932,3853.1783424993787,388417.0822678256,14.042996554206503,-14.042996554206503,pass,1283.0
60.90635390460831,4332.42822640275,488181.4714689288,14.208765442187573,-14.208765442187573,pass,1284.0
49.82814954719633,2309.7254608791804,247997.84617708833,13.639190593149035,-13.639190593149035,pass,1285.0
66.09465232650915,2035.120095659045,154993.69176271948,13.673227454674693,-13.673227454674693,pass,1286.0
26.77162026984322,5000.0,355954.30024614336,13.751697968520793,-13.751697968520793,pass,1287.0
65.0283782822955,1768.2174636452155,626272.7953341168,13.950901263251497,-13.950901263251497,pass,1288.0
24.228240963050006,4732.229746217874,302639.67133989336,13.669105848153322,-13.669105848153322,pass,1289.0
55.96176524201799,2006.227168707479,328085.9547348961,13.68389355122928,-13.68389355122928,pass,1290.0
53.90333685028568,2501.951946882729,188337.82617790886,13.676869652909502,-13.676869652909502,pass,1291.0
30.41958339583976,4669.668895721436,396770.02100992587,13.832884381137422,-13.832884381137422,pass,1292.0
85.99055815800821,1463.8788567207112,494156.99722339946,13.80353120919835,-13.80353120919835,pass,1293.0
53.91496875177564,4552.270033227475,431107.97348842194,13.994456382547009,-13.994456382547009,pass,1294.0
58.290023123458866,2689.5213286571716,257340.67213664457,13.867359646576512,-13.867359646576512,pass,1295.0
49.65687456022443,3480.190312730344,594332.0916524844,14.172237704979553,-14.172237704979553,pass,1296.0
68.30038657642612,2688.4884133664696,249541.96455102542,13.962337469954296,-13.962337469954296,pass,1297.0
30.036755781570697,3776.918005735517,410077.8824944806,13.739649231902778,-13.739649231902778,pass,1298.0
27.96028788459403,4671.011260986328,281557.2802872696,13.68475055372283,-13.68475055372283,pass,1299.0
64.13108980261977,1613.9561661209395,620768.561437652,14.006030418893628,-14.006030418893628,pass,1300.0
44.433993064271824,4567.741658555539,461619.88266810944,14.119756235998336,-14.119756235998336,pass,1301.0
44.750940992239535,4804.616687706461,477841.08426189754,14.101103585817517,-14.101103585817517,pass,1302.0
22.716102085594795,4810.6665538518955,191054.56964785833,13.591017868760312,-13.591017868760312,pass,1303.0
27.409677157292705,4119.091036381208,515738.3997136858,13.819785042774827,-13.819785042774827,pass,1304.0
13.809679374788853,3920.373694902635,116828.6564372929,19.678591416807382,-19.678591416807382,pass,1305.0
69.82366382025904,3670.0598390493506,477918.0606366758,14.11961428379091,-14.11961428379091,pass,1306.0
50.16916321757512,2491.1627909066196,215974.60608672118,13.643418484053933,-13.643418484053933,pass,1307.0
68.77963285558546,2107.0917311178227,451066.66668919934,13.877423959347444,-13.877423959347444,pass,1308.0
34.507644643403,2570.4674767178035,309974.3437356821,14.02854810087484,-14.02854810087484,pass,1309.0
44.84417123948852,4143.721855124065,584005.0095712381,14.240165886110162,-14.240165886110162,pass,1310.0
43.4413689360803,1971.2290911087553,524154.35359464213,14.262829280050775,-14.262829280050775,pass,1311.0
66.58082206837328,2579.7343804022107,308997.5822678256,13.927156477780304,-13.927156477780304,pass,1312.0
63.018595390742234,3681.4695106107883,157962.2109375,13.808036486701226,-13.808036486701226,pass,1313.0
83.85804065095941,2909.0900006226116,75682.17977919857,13.825095225494573,-13.825095225494573,pass,1314.0
67.16293763973172,2983.157756269888,594509.8877743296,14.271821554468824,-14.271821554468824,pass,1315.0
59.6005901905417,3353.1222723878973,270932.6268930755,14.018919750422263,-14.018919750422263,pass,1316.0
59.88020876209417,1707.518984723834,232576.52477053198,13.740551881296907,-13.740551881296907,pass,1317.0
34.56619782396019,4503.753959604066,259063.86709126196,13.864793484211708,-13.864793484211708,pass,1318.0
52.170441437671975,1392.9347670771226,382120.32842600637,15.742953917774022,-15.742953917774022,pass,1319.0
41.70044315559934,4048.0774015044904,330386.816344107,13.934091940722496,-13.934091940722496,pass,1320.0
17.3290720374525,3895.769777351887,167915.45966803396,15.579369773046922,-15.579369773046922,pass,1321.0
41.77502223549112,4198.210115749621,418677.2511583531,14.01633072663607,-14.01633072663607,pass,1322.0
85.76553326315862,2434.383262800576,226966.9409656164,13.951261219678894,-13.951261219678894,pass,1323.0
50.872728060000206,3204.4791890661904,401984.27114040824,13.959949384060039,-13.959949384060039,pass,1324.0
58.50951404403951,3165.283001093168,383756.93129665824,14.048983996608786,-14.048983996608786,pass,1325.0
38.78838736517499,3591.67815528867,255730.09844859916,13.741225949212119,-13.741225949212119,pass,1326.0
76.66373765643075,3205.8425916311285,187243.5840008817,13.851740675360515,-13.851740675360515,pass,1327.0
60.956763153509144,1940.024539678595,209077.69655070707,13.619725857754226,-13.619725857754226,pass,1328.0
51.104170822011845,4312.3705323806125,424423.4640890078,14.027001365966923,-14.027001365966923,pass,1329.0
19.28179020885079,4611.227094675077,670026.1775501049,14.155106827466021,-14.155106827466021,pass,1330.0
52.34506823908033,3599.610020982297,532054.1111837344,14.210712575616142,-14.210712575616142,pass,1331.0
64.90429862133654,3375.165410675648,361805.6476975131,14.00545566610361,-14.00545566610361,pass,1332.0
85.51032410158187,1106.1732708306631,697377.0692292664,14.550807183863878,-14.550807183863878,pass,1333.0
14.115712641282975,4377.2288349120045,546870.9340791138,17.223827270536503,-17.223827270536503,pass,1334.0
89.05147490139024,2372.711943345952,187806.31599787838,13.944899990393983,-13.944899990393983,pass,1335.0
32.39426834352238,958.6397580173934,526268.8776803889,50.04539947686335,-50.04539947686335,pass,1336.0
37.67502575648744,2452.4216966421304,711870.2463432729,13.805732640685811,-13.805732640685811,pass,1337.0
67.43040730470942,2759.8378018692897,492234.10270420526,14.135986803118913,-14.135986803118913,pass,1338.0
46.58462838952782,2008.9950054858286,195006.90822639005,13.877465553907344,-13.877465553907344,pass,1339.0
71.07606012245246,1642.4056665038634,52171.366607981836,13.61796707103827,-13.61796707103827,pass,1340.0
35.352261671910625,4314.137949528181,407705.1086980608,13.920051115443568,-13.920051115443568,pass,1341.0
17.396191116400836,4854.28148114219,390829.14497270586,13.97053507920918,-13.97053507920918,pass,1342.0
52.45559234451559,3312.122631220121,304852.03871853324,13.937857482850434,-13.937857482850434,pass,1343.0
43.250266022515994,3606.426087722752,293185.92657359916,13.880473413168515,-13.880473413168515,pass,1344.0
62.26477925546951,1726.6274529348532,454528.32128257776,13.768183402379034,-13.768183402379034,pass,1345.0
10.151272852176731,4351.491343633379,33890.90998261868,26.243086804305296,-26.243086804305296,pass,1346.0
74.08487175746347,2527.282551368969,206710.74737661405,13.978199414805601,-13.978199414805601,pass,1347.0
33.45380625345826,3323.74907592569,536163.039932422,13.834341924333717,-13.834341924333717,pass,1348.0
75.32211558964279,3372.3023935851447,618246.0996744549,14.25214965769173,-14.25214965769173,pass,1349.0
82.73935292692103,1536.4806939967827,89218.24876076431,13.622386851095039,-13.622386851095039,pass,1350.0
76.35307796491821,1329.0238480513722,279787.39135679766,13.823730424777537,-13.823730424777537,pass,1351.0
88.13661503679754,2708.7840808842693,326049.62221430056,13.84888400809401,-13.84888400809401,pass,1352.0
80.26730477416213,1423.619831892424,612813.360265777,13.926201851342004,-13.926201851342004,pass,1353.0
60.52754855676079,2372.940838544867,244827.63307414457,13.756877624096344,-13.756877624096344,pass,1354.0
40.416146651626654,5000.0,329789.25343180087,14.040617684503067,-14.040617684503067,pass,1355.0
79.5058075836132,948.4861455252956,692672.7176458015,16.28897690313988,-16.28897690313988,pass,1356.0
56.37079305481222,3179.0560037176797,397997.35512478324,14.001105762123208,-14.001105762123208,pass,1357.0
20.148881908484576,4249.683044433594,324944.43891801836,13.951701074461011,-13.951701074461011,pass,1358.0
24.824802417276572,3592.912731201928,313014.85632185487,13.858654060379717,-13.858654060379717,pass,1359.0
73.84534962667664,1235.578637594524,126461.23998961013,14.003296219944026,-14.003296219944026,pass,1360.0
22.16296431137421,2808.7876297911434,25103.876010682012,17.19932953268662,-17.19932953268662,pass,1361.0
40.380512333983106,3479.4775546730066,627084.3010798013,14.046390706431628,-14.046390706431628,pass,1362.0
61.111631070808414,1400.9648472957824,192452.59498820707,14.24320276707142,-14.24320276707142,pass,1363.0
35.40907212807038,2915.4248825987606,159286.17386224453,13.592487291180232,-13.592487291180232,pass,1364.0
17.37145161490053,3856.446133419695,439856.71728223877,15.730789943144302,-15.730789943144302,pass,1365.0
74.25791963810514,1633.1919209477956,179023.79640291457,13.62284785345726,-13.62284785345726,pass,1366.0
41.27065416885712,2604.6357438048153,0.0,13.582653493357984,-13.582653493357984,pass,1367.0
38.065623050168995,1771.4465911083435,180204.7174247305,16.26866633366311,-16.26866633366311,pass,1368.0
25.580324307221602,4362.2173624097895,445403.28793845145,13.757062600324796,-13.757062600324796,pass,1369.0
66.13438722469094,3434.77399299161,146966.1601243735,13.85042489676301,-13.85042489676301,pass,1370.0
43.47716991727593,1919.5042523120005,79533.6645740463,14.265182429017738,-14.265182429017738,pass,1371.0
34.9401715717566,3035.8489675882875,480632.7010652345,13.753192543604861,-13.753192543604861,pass,1372.0
27.07705857229061,3935.6555672004633,199817.6492906049,13.5734018568456,-13.5734018568456,pass,1373.0
57.85097732744093,1410.655310279451,96562.28521419471,14.477843943798348,-14.477843943798348,pass,1374.0
60.31727982087517,2265.362888067267,170197.53248820707,13.68806135342607,-13.68806135342607,pass,1375.0
76.54260415013269,2900.779023515894,188324.63050967077,13.90390913292501,-13.90390913292501,pass,1376.0
71.09109061952954,3476.240979695665,373839.6298069689,13.94909287773381,-13.94909287773381,pass,1377.0
79.52499112464669,2293.7997259856897,215269.0864549399,13.930994897006036,-13.930994897006036,pass,1378.0
47.94628205190839,4485.74930320886,411016.5154806094,14.049841851705732,-14.049841851705732,pass,1379.0
77.71619519824998,2536.6001803454637,283025.0562322534,14.046080518376076,-14.046080518376076,pass,1380.0
34.289902015651734,3266.8053081556886,656872.1209201011,13.98070649501259,-13.98070649501259,pass,1381.0
19.631907402082383,3634.1518066374683,483354.39989942627,15.06723161836671,-15.06723161836671,pass,1382.0
43.23291080198378,2766.1834725063777,412529.7343606821,13.72170706557169,-13.72170706557169,pass,1383.0
7.036581959192059,4458.570221328173,341563.29481854785,42.19929547953742,-42.19929547953742,pass,1384.0
23.153587654949256,4472.703948974609,329030.3115372696,13.63606808157482,-13.63606808157482,pass,1385.0
74.67863520957711,2507.114420390292,281379.4399705649,14.003757029180752,-14.003757029180752,pass,1386.0
46.551860001439465,4685.859483103806,486035.2795556061,14.103098382688714,-14.103098382688714,pass,1387.0
79.34343227977769,2600.695784288335,216804.67634944088,13.954570857885361,-13.954570857885361,pass,1388.0
31.67822354040785,3234.3518626907276,807647.1398826494,14.211854446550923,-14.211854446550923,pass,1389.0
42.29839022529227,5000.0,304721.15577555087,13.99218839475277,-13.99218839475277,pass,1390.0
47.39461692395831,2747.2417737599762,755818.6163543408,14.154308078821938,-14.154308078821938,pass,1391.0
54.62205759639974,2199.0342483275135,484664.1888467795,13.784560997197378,-13.784560997197378,pass,1392.0
52.82863136691882,2390.8450538044062,313548.6831298259,13.681764134103776,-13.681764134103776,pass,1393.0
55.822476578153854,1981.0139118715415,351032.6334458336,13.676620179947893,-13.676620179947893,pass,1394.0
22.64750192681911,3772.2628238507514,388159.1481194806,14.05891110024028,-14.05891110024028,pass,1395.0
30.086876086840654,4028.4332187482123,472454.7340569806,13.78097575967115,-13.78097575967115,pass,1396.0
50.57100733245607,3879.807603732502,389443.72528174735,14.102457598049764,-14.102457598049764,pass,1397.0
64.59910055601294,1606.8998073067,604905.2440548395,14.006542570053856,-14.006542570053856,pass,1398.0
54.67294984988045,1618.333813948664,121202.15556182934,14.079211446008081,-14.079211446008081,pass,1399.0
74.72194156050864,673.5395603569563,854504.1703408702,27.909923920603553,-27.909923920603553,pass,1400.0
15.023210608474145,3773.001611593767,412930.7918964246,18.926586175818855,-18.926586175818855,pass,1401.0
56.8271535162108,2385.344012884725,293051.0523911461,13.721396370561184,-13.721396370561184,pass,1402.0
40.70050629268827,4766.172905313047,461539.00473842194,14.171170526775592,-14.171170526775592,pass,1403.0
13.314829701354924,4298.585402646261,640477.3267607731,18.726386419639933,-18.726386419639933,pass,1404.0
65.00242347917141,1316.3471370750283,330628.8016162255,14.277734525963751,-14.277734525963751,pass,1405.0
68.51737868392165,1773.5166748489669,626651.120031402,13.943577283061751,-13.943577283061751,pass,1406.0
70.2722165602012,3426.8660348531744,204653.47779970983,13.8174632442914,-13.8174632442914,pass,1407.0
72.27464176616253,1165.001372914872,426254.48447755363,14.565465307880512,-14.565465307880512,pass,1408.0
63.75778189475969,3853.1795724508306,224668.6914227567,13.872382019606036,-13.872382019606036,pass,1409.0
71.2786333970889,3293.0526755551887,504561.8234898159,13.99045905042642,-13.99045905042642,pass,1410.0
11.106609765283174,4897.395673646264,572184.8093208806,19.51830721450093,-19.51830721450093,pass,1411.0
73.15155925280054,1412.4551660841394,106692.93595996601,13.721839314064937,-13.721839314064937,pass,1412.0
72.4137370214363,2749.943163511406,191777.27362776792,14.00224346981819,-14.00224346981819,pass,1413.0
18.393146000389716,4142.265804645353,239572.45050723333,14.417728508451452,-14.417728508451452,pass,1414.0
90.4305933599294,1334.576374901401,153098.2240194427,13.611926360525862,-13.611926360525862,pass,1415.0
29.770437779051115,3947.8542044153355,487255.43626408844,13.77715610689547,-13.77715610689547,pass,1416.0
35.85849342452876,3409.430084580233,638260.4377985513,13.964873680844995,-13.964873680844995,pass,1417.0
38.257711350239035,1662.2285931539864,110110.63749542309,17.371903334449343,-17.371903334449343,pass,1418.0
34.10947326508301,4272.026667914473,80092.94368116738,13.758911756291266,-13.758911756291266,pass,1419.0
27.90370610200882,2737.559554136139,627339.592666797,14.906370982978274,-14.906370982978274,pass,1420.0
18.202272454017443,3806.20576673177,220725.00654303396,15.353337604010552,-15.353337604010552,pass,1421.0
72.94730898715737,2371.1562819244105,173743.91506822116,13.881668865066512,-13.881668865066512,pass,1422.0
70.41888120929876,1984.2510022409238,42204.11681154759,13.700243265852455,-13.700243265852455,pass,1423.0
51.920075323198986,1604.4156099620682,184058.5000579447,14.356981895580128,-14.356981895580128,pass,1424.0
63.00762880022958,2678.4312451955816,246116.2129071317,13.886699373116645,-13.886699373116645,pass,1425.0
43.459060727871176,2271.379163069758,185397.31181182934,13.696246454809346,-13.696246454809346,pass,1426.0
32.11129181585951,2892.493300221245,723883.0978904619,14.245418271036266,-14.245418271036266,pass,1427.0
19.266049597255297,4426.5789794921875,554453.9636177556,14.178129256187473,-14.178129256187473,pass,1428.0
22.97548004700043,3462.0161911925106,30709.218784119512,14.193275323459764,-14.193275323459764,pass,1429.0
80.53564533824937,2683.9730517443895,230580.40779475338,13.951748833949972,-13.951748833949972,pass,1430.0
51.288624889230626,4918.412069054925,501013.71937725117,14.125782214658646,-14.125782214658646,pass,1431.0
61.60593135119983,4099.821269621547,171620.68956676027,13.932517610567217,-13.932517610567217,pass,1432.0
59.33005129897292,2156.159169050627,690386.248937652,14.041243081173718,-14.041243081173718,pass,1433.0
69.76167438136437,1405.9300944822148,271524.430544373,13.847407961337995,-13.847407961337995,pass,1434.0
93.36092934246079,2190.0871264514208,204310.67244319088,13.970023156778806,-13.970023156778806,pass,1435.0
49.778828428437734,2021.7479351733286,138409.5630115463,13.71651998612542,-13.71651998612542,pass,1436.0
85.13455279665658,1103.3180442294656,125974.09864473276,14.039330516757602,-14.039330516757602,pass,1437.0
68.30813245885695,2081.329943703272,410940.30731419934,13.833127909437312,-13.833127909437312,pass,1438.0
59.079323058754966,1760.4986788155552,289193.5750808618,13.707055390469149,-13.707055390469149,pass,1439.0
53.91446677117636,2178.5705254806676,310967.3590352646,13.660785793007303,-13.660785793007303,pass,1440.0
65.66161784507516,2346.5860543014246,302028.0044236899,13.863746705904195,-13.863746705904195,pass,1441.0
31.241747188696735,4814.902915859402,216859.5159411451,13.813427797439473,-13.813427797439473,pass,1442.0
53.858903435833525,4213.46394659003,286406.6331479496,13.87265731292611,-13.87265731292611,pass,1443.0
66.440900719634,2804.928703389289,164526.33685007668,13.959927819875626,-13.959927819875626,pass,1444.0
61.13109197816725,1405.601095801912,96202.67144466346,14.22340381337116,-14.22340381337116,pass,1445.0
54.50899087470299,4212.291220720877,544685.7859069409,14.041209222764843,-14.041209222764843,pass,1446.0
18.63996052603334,3797.9018829314136,422236.70849317627,15.281894569716409,-15.281894569716409,pass,1447.0
28.39456078125336,2855.093873687628,17596.352084900762,14.194929356728789,-14.194929356728789,pass,1448.0
43.04741931481743,2123.459469526312,214354.8853934805,13.851732762002428,-13.851732762002428,pass,1449.0
84.22215898829171,1366.2826304874002,196420.00098848276,13.638461372988708,-13.638461372988708,pass,1450.0
26.0218241365139,4450.89467716809,471912.82114157645,13.771140899360566,-13.771140899360566,pass,1451.0
60.72942276920076,3767.980899707233,249416.66473487235,13.852220349617891,-13.852220349617891,pass,1452.0
75.63311216697605,1682.2009393706971,72242.41595529148,13.625042197227035,-13.625042197227035,pass,1453.0
42.01239901863364,3805.9436809724107,508394.6636513334,14.05329706301318,-14.05329706301318,pass,1454.0
31.16932059157213,3687.593554786032,291186.4834561071,13.65817591025403,-13.65817591025403,pass,1455.0
79.1112283293953,2280.18308937129,391046.2021077978,14.005811203586699,-14.005811203586699,pass,1456.0
68.15054324428716,2467.2820157296933,93260.88438967259,13.85861828713432,-13.85861828713432,pass,1457.0
70.69467319971521,1865.1562578504968,160772.428147466,13.646010574003085,-13.646010574003085,pass,1458.0
66.88799465727118,3668.336582330961,371651.43324978324,13.939815001442232,-13.939815001442232,pass,1459.0
40.975818217623505,3452.3548824494615,517647.1402138334,13.928476850830307,-13.928476850830307,pass,1460.0
58.10755058729346,1509.6638759102157,608455.9545040582,14.446463078429629,-14.446463078429629,pass,1461.0
32.60483858206391,3331.200456655365,561688.350479297,13.838230533267355,-13.838230533267355,pass,1462.0
15.46058553814084,4778.2858866589595,568356.7663521306,14.865291132113835,-14.865291132113835,pass,1463.0
47.8983341633478,3824.8918835302625,417547.0607834506,14.055581937301884,-14.055581937301884,pass,1464.0
66.38870748855355,3182.0538239242273,252574.9804368735,13.959586222934341,-13.959586222934341,pass,1465.0
29.668132184644953,4792.921143252839,392167.2167887784,13.833587055325138,-13.833587055325138,pass,1466.0
48.00752370183709,2457.496920463856,66753.38283576505,13.607659460030247,-13.607659460030247,pass,1467.0
43.983297315218294,4126.872415859484,534643.7120958532,14.154692374775959,-14.154692374775959,pass,1468.0
46.15232758295638,4710.177347224133,288875.40186930087,13.963356648185563,-13.963356648185563,pass,1469.0
50.6876798374584,3441.371608881254,390394.71059353324,13.978686625401037,-13.978686625401037,pass,1470.0
69.59112771145494,3141.3661705633435,404000.7053147006,14.033709750342325,-14.033709750342325,pass,1471.0
25.031943607458942,4025.683113002957,228974.5296130201,13.602150592626113,-13.602150592626113,pass,1472.0
41.438675711228676,2449.697615530821,614470.4443307795,13.940395606569714,-13.940395606569714,pass,1473.0
22.659430198321367,3956.4671695538764,466035.5983147931,13.970128522245014,-13.970128522245014,pass,1474.0
55.10490307580624,4545.511727843918,219179.03363531322,13.931656595699659,-13.931656595699659,pass,1475.0
55.374334271381635,2775.328765047082,333639.6089110759,13.877843469527328,-13.877843469527328,pass,1476.0
64.94469750952032,3786.5313302557656,496651.31606228324,14.047781433860605,-14.047781433860605,pass,1477.0
62.350954049755735,2471.1042616870636,80864.4065927706,13.812431330166207,-13.812431330166207,pass,1478.0
40.531873888803226,3691.3407300567364,394526.74688609916,13.89367597789048,-13.89367597789048,pass,1479.0
66.37501699463385,2090.2901842939978,0.0,13.698461024507017,-13.698461024507017,pass,1480.0
73.91259828637723,1788.1967574684577,565918.8002169293,13.899457932106609,-13.899457932106609,pass,1481.0
85.54306063289658,2221.7530352648973,154273.56502131588,13.9872327517854,-13.9872327517854,pass,1482.0
76.56154307956712,2278.02561827271,136975.78572444088,13.880313426477008,-13.880313426477008,pass,1483.0
45.77607126184166,4663.171264596742,244164.93349751196,13.963076289198671,-13.963076289198671,pass,1484.0
81.94138513846781,3138.79620798518,0.0,13.952513977091945,-13.952513977091945,pass,1485.0
31.519368442837603,2173.4155484208004,169916.13935505052,15.844865172986756,-15.844865172986756,pass,1486.0
30.826399572971667,3540.354724219626,337839.8301357946,13.645905881415459,-13.645905881415459,pass,1487.0
25.606858315092374,3604.227098702445,491811.36497502594,13.938671267806981,-13.938671267806981,pass,1488.0
80.25781687098214,1160.3443503818094,159772.079601764,13.966423150141773,-13.966423150141773,pass,1489.0
84.90214265450632,1723.1615715644612,468860.71402027446,13.89395739878809,-13.89395739878809,pass,1490.0
69.2132572459686,3714.067824337034,313474.29054204747,14.018637333742934,-14.018637333742934,pass,1491.0
25.745874466520597,3811.27307343389,517625.53977971344,13.854646115905357,-13.854646115905357,pass,1492.0
45.2940294009948,2370.3076199267466,72749.7085193588,13.603197166962529,-13.603197166962529,pass,1493.0
43.93366713893516,4896.334390681164,327621.27686930087,13.999715616818829,-13.999715616818829,pass,1494.0
64.55105844314531,3313.7158502218267,229924.0195477567,13.957544007997418,-13.957544007997418,pass,1495.0
23.042561527320025,4876.416687364725,413478.52680864336,13.724551747225885,-13.724551747225885,pass,1496.0
32.7649699436629,4926.548325259675,431374.0761637784,13.993297614803222,-13.993297614803222,pass,1497.0
40.60509324896654,3133.4461854012666,253443.2988857946,13.650384751638935,-13.650384751638935,pass,1498.0
86.56162986159507,633.4327717217024,776451.6908486827,25.56971102129443,-25.56971102129443,pass,1499.0
27.878792358303112,3215.064818913014,315651.885449284,13.92004257193955,-13.92004257193955,pass,1500.0
61.81215289662961,1361.5185195534186,638514.2279513043,14.723646696762083,-14.723646696762083,pass,1501.0
32.63143897879442,3546.6393464120088,291009.97025725455,13.656541218531643,-13.656541218531643,pass,1502.0
53.26434334243532,3669.03499211446,348838.31024268485,14.09190980822957,-14.09190980822957,pass,1503.0
46.525348828485036,2522.7616070483286,71285.7231677963,13.606554822918001,-13.606554822918001,pass,1504.0
11.551854286559319,4243.876928679874,93549.4537373355,22.319130778123217,-22.319130778123217,pass,1505.0
46.188144015137105,1253.285611086477,948048.2474139124,20.873784794296586,-20.873784794296586,pass,1506.0
77.15933424913386,1430.6836530764058,671187.3257991564,13.999691692166843,-13.999691692166843,pass,1507.0
49.3071488232324,2133.7218909403164,342578.15120260173,13.641899440544151,-13.641899440544151,pass,1508.0
44.01497889387926,3527.3346484215913,373834.3281826696,13.91419852922533,-13.91419852922533,pass,1509.0
43.24368692387138,3989.7030406612985,524420.5325261857,14.093813139074449,-14.093813139074449,pass,1510.0
78.8137818301569,1039.0780675431408,279831.02878525824,14.809915271330159,-14.809915271330159,pass,1511.0
48.26196629833486,3602.47469726016,359667.65395290824,13.9603404998352,-13.9603404998352,pass,1512.0
79.05357788844492,3079.638912758129,140022.31964223905,13.82994853405019,-13.82994853405019,pass,1513.0
50.31257053505124,4639.123219834836,550538.8338399844,14.032619087969945,-14.032619087969945,pass,1514.0
41.21149530610914,2120.0931650462967,46188.13189388221,13.958342287146612,-13.958342287146612,pass,1515.0
74.02404930109309,2237.808855946438,412718.36832920526,13.97187696430827,-13.97187696430827,pass,1516.0
75.18193165719728,1787.88433402649,681323.9002406308,14.057505153629863,-14.057505153629863,pass,1517.0
79.51590907180007,1994.4944809402755,524786.004797027,14.047683797121657,-14.047683797121657,pass,1518.0
84.62079634195764,1331.5122530287194,224316.3802959035,13.634841808174134,-13.634841808174134,pass,1519.0
67.1568736729789,2116.479718661471,210045.8872361899,13.731881988158989,-13.731881988158989,pass,1520.0
41.10014540039328,3161.0127727692857,352599.0542763334,13.71268013574769,-13.71268013574769,pass,1521.0
68.93244247696168,3041.645224901701,90543.86463104674,13.938480425788622,-13.938480425788622,pass,1522.0
66.27231611723231,2266.6801022843288,292305.86442295526,13.815044299826852,-13.815044299826852,pass,1523.0
20.46814477314593,4565.26882620572,292167.6347575284,13.693073930679649,-13.693073930679649,pass,1524.0
54.730562265728665,1617.349188453279,103455.08208919471,14.088766003192925,-14.088766003192925,pass,1525.0
29.437600182677507,3094.69039825235,630983.233291797,14.120567064795425,-14.120567064795425,pass,1526.0
14.86870574576485,4328.087877626565,432301.25044145586,16.419444450700837,-16.419444450700837,pass,1527.0
66.75751933878858,1902.999580604403,238967.924241216,13.647853891846307,-13.647853891846307,pass,1528.0
51.07336162570195,2324.172403943729,222298.35852812743,13.622813884460177,-13.622813884460177,pass,1529.0
9.434225503198213,4605.196744813256,633580.8952583806,26.781889985540893,-26.781889985540893,pass,1530.0
35.80761357841715,4402.162065822863,434496.2150255406,13.980695743175405,-13.980695743175405,pass,1531.0
64.92459142747597,2190.9402071358677,337720.1082839868,13.788676528554412,-13.788676528554412,pass,1532.0
87.85119876499192,1497.097456651616,213082.6969793237,13.646361960490129,-13.646361960490129,pass,1533.0
48.91436977218893,3183.2832070868203,411208.67739040824,13.944565301455347,-13.944565301455347,pass,1534.0
20.037752311626697,4706.323771268964,500702.3522210431,13.943201220552547,-13.943201220552547,pass,1535.0
66.13811481173471,2927.019013750269,230567.5410321317,14.033800486586948,-14.033800486586948,pass,1536.0
33.22383813870894,4834.351966762722,258154.9407458326,13.895694773155274,-13.895694773155274,pass,1537.0
48.94964737931657,1848.635600714315,368738.6109848961,13.97209793953049,-13.97209793953049,pass,1538.0
61.95612224067445,3672.1979330934637,278153.25262549735,13.877988520271154,-13.877988520271154,pass,1539.0
28.782878127672518,4337.877939541125,414820.8107286656,13.746989641233395,-13.746989641233395,pass,1540.0
53.84077164096667,2982.938223970422,329400.3237548259,13.908709032822143,-13.908709032822143,pass,1541.0
68.89433460347975,1863.8993139730474,473658.11200169934,13.788704187334723,-13.788704187334723,pass,1542.0
45.45939537448718,2148.2349463825312,324442.4809813884,13.795387506477173,-13.795387506477173,pass,1543.0
92.71577829875974,2589.404008697982,259763.43636913487,13.834108240866788,-13.834108240866788,pass,1544.0
31.04482042660357,4820.654198367585,409281.7382731534,13.906367247042462,-13.906367247042462,pass,1545.0
57.849067209739054,2101.416331709341,538568.5020321421,13.838402650844326,-13.838402650844326,pass,1546.0
33.70574123365949,3821.213601455662,393467.050719107,13.740376902403481,-13.740376902403481,pass,1547.0
63.621761698784425,1721.7118189161706,105994.75059619648,13.602654982901303,-13.602654982901303,pass,1548.0
42.42746764353585,2230.1235859823555,269390.34696807934,13.837044270614339,-13.837044270614339,pass,1549.0
29.443400415722735,2518.183004475488,292969.2630122771,14.885173209037765,-14.885173209037765,pass,1550.0
19.33320627010653,4697.033495299747,99417.57531936675,13.765202906384467,-13.765202906384467,pass,1551.0
26.749831243480713,3130.763169102344,607015.1648654136,14.349082481411116,-14.349082481411116,pass,1552.0
47.27526080467161,2059.657428205923,603031.5899227671,14.051023034752285,-14.051023034752285,pass,1553.0
28.251281319662034,3702.729367062273,501883.20068067627,13.76928241039333,-13.76928241039333,pass,1554.0
23.23979779291596,4572.730549213224,271839.1575384833,13.588724558999152,-13.588724558999152,pass,1555.0
28.176136099807152,4002.4064921174486,240376.4153705457,13.637861500740122,-13.637861500740122,pass,1556.0
64.31470479494531,2180.3659975355554,252116.271897466,13.736156076052861,-13.736156076052861,pass,1557.0
25.40972563841462,3256.704978025299,468742.571182422,14.352528726719246,-14.352528726719246,pass,1558.0
18.778654556671405,4129.913660795331,496246.6256585431,14.559834952555166,-14.559834952555166,pass,1559.0
43.86404130155266,2103.442598439111,243228.25129352708,13.810861828704255,-13.810861828704255,pass,1560.0
59.390949691961545,2609.593314302453,177215.87844232592,13.822027037268592,-13.822027037268592,pass,1561.0
88.95530590648667,2182.901007371831,157402.97908381588,14.009594389059894,-14.009594389059894,pass,1562.0
51.63910367380323,4406.080473290952,443044.10434779694,13.970715894862678,-13.970715894862678,pass,1563.0
76.94615495063076,3177.224562200698,234635.6920900879,13.852515081310525,-13.852515081310525,pass,1564.0
44.18968511450609,3291.226809790915,252147.96929595084,13.781222166486595,-13.781222166486595,pass,1565.0
75.62238393720747,1866.39620609433,58656.51751779148,13.708408420051946,-13.708408420051946,pass,1566.0
45.411773489777,1184.7241257959497,1000000.0,13.82355467205376,-13.82355467205376,pass,1567.0
68.04516744788125,3367.9412568685552,175460.49147158483,13.826834822979755,-13.826834822979755,pass,1568.0
14.816290851660845,4595.025629396585,290725.85591020586,15.340480543762025,-15.340480543762025,pass,1569.0
40.36008763833428,2151.5413634472106,183741.56617961332,14.023759216768527,-14.023759216768527,pass,1570.0
63.02987805183366,3512.2695459005377,246360.2187665067,13.917454599960289,-13.917454599960289,pass,1571.0
31.19518239128908,3150.674060157126,339767.2521328649,13.724751137859466,-13.724751137859466,pass,1572.0
58.824877117728306,1886.7610132232362,205600.45111154148,13.645057732157888,-13.645057732157888,pass,1573.0
51.0269619484889,2192.4705721202713,172834.3086516947,13.622044985934386,-13.622044985934386,pass,1574.0
66.94216686483746,3538.84727814232,355676.9657444689,13.878430270104001,-13.878430270104001,pass,1575.0
32.354367542395465,3976.2162856103787,228402.1907458326,13.65324989504646,-13.65324989504646,pass,1576.0
18.038513641754413,4067.848124296308,449469.7028069806,14.961756656649746,-14.961756656649746,pass,1577.0
17.414442401329303,4271.489630491376,454062.6647210431,14.73262579036614,-14.73262579036614,pass,1578.0
46.096810625245595,2086.444270012196,166151.23635139005,13.763909091221395,-13.763909091221395,pass,1579.0
61.153190408455174,1696.5654059975104,613311.6405489605,13.983052324952215,-13.983052324952215,pass,1580.0
22.2399429321775,3649.9201549970585,66954.81077356862,14.134078368752233,-14.134078368752233,pass,1581.0
98.26393041248338,1766.8188006457567,229591.5758855737,13.886557116047102,-13.886557116047102,pass,1582.0
71.95403197567144,1680.7980908639706,42921.16740969212,13.605679595904897,-13.605679595904897,pass,1583.0
50.36048776814436,2418.1125350138027,384933.6371645158,13.708490096646736,-13.708490096646736,pass,1584.0
28.07416637313468,4300.838268280029,397469.11494303134,13.721039726816075,-13.721039726816075,pass,1585.0
57.43379166864316,1687.1938269641632,71309.1097177706,13.808344778030651,-13.808344778030651,pass,1586.0
84.1896391578863,1287.72111578774,658218.9781429064,14.03357189762871,-14.03357189762871,pass,1587.0
54.5193394700361,4668.726401576602,235241.00228857456,13.96413512501418,-13.96413512501418,pass,1588.0
36.679014421576184,3333.543381089022,524851.9241266763,13.836771597612474,-13.836771597612474,pass,1589.0
40.5942981295147,1659.7600371532653,127930.08265910551,16.192687654937483,-16.192687654937483,pass,1590.0
34.37706987684014,2910.322592613514,145645.0766834213,13.611612910521929,-13.611612910521929,pass,1591.0
70.26785761796931,1559.0398413736775,657277.4859554064,13.986311635043215,-13.986311635043215,pass,1592.0
78.95130236941048,937.3338466128885,250899.32520723273,16.000185067336446,-16.000185067336446,pass,1593.0
34.52602872469544,3646.0641394022523,553874.139541797,13.869204440322774,-13.869204440322774,pass,1594.0
39.732780168130226,2250.9331044224227,569718.3544870295,14.17560276138043,-14.17560276138043,pass,1595.0
74.96687896742066,1064.4304947798878,306169.16088804766,14.928133997567484,-14.928133997567484,pass,1596.0
44.51175688705534,2713.685002199981,276200.7577981821,13.639152690708025,-13.639152690708025,pass,1597.0
23.433878418036578,4787.160505647806,345455.44087114336,13.681537503027839,-13.681537503027839,pass,1598.0
68.53872198076978,1466.9640995754228,454947.26275259955,13.895814497653511,-13.895814497653511,pass,1599.0
53.74694745366814,2239.6954687808116,75096.8520740463,13.60623981201505,-13.60623981201505,pass,1600.0
49.34060710234477,2414.3835746173945,390275.8159423259,13.702983695887408,-13.702983695887408,pass,1601.0
74.7052106968555,1059.8026767783974,322134.6531787255,14.999129936362976,-14.999129936362976,pass,1602.0
57.95876994888464,2063.124984193591,188309.96129396948,13.620177697080411,-13.620177697080411,pass,1603.0
59.26477860354609,3346.189952651035,460860.1114179258,14.153012757085879,-14.153012757085879,pass,1604.0
49.0681433184078,3294.3835526983926,288866.57192165824,13.900172832884747,-13.900172832884747,pass,1605.0
17.380398811918546,3427.3043692102574,551803.9821625259,17.923984343883323,-17.923984343883323,pass,1606.0
30.077919075562782,710.5124196079696,557100.3030954279,107.3808963528688,-107.3808963528688,pass,1607.0
34.9049678514726,3612.842643127415,260208.07745250541,13.660077243975225,-13.660077243975225,pass,1608.0
83.93212825676032,1653.2616387939024,59477.645904856836,13.685233866707225,-13.685233866707225,pass,1609.0
36.780820359803144,3012.3285645168758,259219.72166536958,13.635020711615999,-13.635020711615999,pass,1610.0
16.348081551079414,4359.194698688321,123601.16144473333,15.074700948519453,-15.074700948519453,pass,1611.0
84.67231520014474,1640.218879266697,212173.95020723276,13.70391041812811,-13.70391041812811,pass,1612.0
27.101240696531583,3545.2421438684605,466702.34642033844,13.888205642171432,-13.888205642171432,pass,1613.0
70.56040178236128,1872.6866185203248,75126.50189279148,13.64741662973406,-13.64741662973406,pass,1614.0
64.04079774181524,2383.275378156451,119843.27501467259,13.797434115105396,-13.797434115105396,pass,1615.0
38.31553546276825,4063.085414252364,199151.89289991738,13.835625271101481,-13.835625271101481,pass,1616.0
66.77424371973532,2573.0754053938513,15475.953239368726,13.874157536914936,-13.874157536914936,pass,1617.0
39.521850184322425,4346.779716532605,263250.98487711337,13.90551291954335,-13.90551291954335,pass,1618.0
41.74708135076225,4865.572654672425,240649.20498188696,13.979901593730673,-13.979901593730673,pass,1619.0
75.044667071305,1520.6455422973204,142298.40567048185,13.634153560767468,-13.634153560767468,pass,1620.0
99.09165546531693,1728.9507891711473,203383.5036199487,13.87396623270666,-13.87396623270666,pass,1621.0
65.38117158587411,3128.919518816187,165652.7783368192,13.963366954670212,-13.963366954670212,pass,1622.0
18.514237179840595,3481.498316476496,41949.22816696386,16.499573334825406,-16.499573334825406,pass,1623.0
26.320363330969684,4309.071418667019,282978.08039427013,13.658119284231722,-13.658119284231722,pass,1624.0
59.11807717771371,1715.1133864618882,289399.91241038137,13.747493809161291,-13.747493809161291,pass,1625.0
62.19670088330675,2036.2631260439048,368162.8883286461,13.710291327404594,-13.710291327404594,pass,1626.0
61.324367023576286,1680.0809428708867,184679.56726312297,13.627918337741542,-13.627918337741542,pass,1627.0
35.96917037976729,3899.5228652002224,238896.5823473951,13.73988786918076,-13.73988786918076,pass,1628.0
94.88632985927346,2053.928747630282,162511.7192674399,14.01015890670457,-14.01015890670457,pass,1629.0
52.45617986264901,1484.712973249149,321382.4188308618,14.908103525849924,-14.908103525849924,pass,1630.0
64.89103560669804,1495.8595320873474,197697.59095988676,13.87990378030459,-13.87990378030459,pass,1631.0
71.169470222549,3311.6611016866705,299626.0156415067,13.837971509355958,-13.837971509355958,pass,1632.0
70.07589216198329,3136.1902011496372,238128.94556696477,13.941040813994272,-13.941040813994272,pass,1633.0
19.62821614613177,4000.894127566804,336095.58165694244,14.276293049883236,-14.276293049883236,pass,1634.0
83.0034442053715,1109.6471901557697,414731.5455632432,14.228920153283307,-14.228920153283307,pass,1635.0
34.850598172595525,2612.1225994799693,80826.9809802963,13.855971817037569,-13.855971817037569,pass,1636.0
30.920665160537787,4837.557811737061,341322.16944742587,13.860385062326946,-13.860385062326946,pass,1637.0
23.534180043836848,4624.830872256745,382916.4941325284,13.667393675261648,-13.667393675261648,pass,1638.0
76.38519145116007,982.1418572089924,617568.0206608995,15.917044866791624,-15.917044866791624,pass,1639.0
65.1889565493799,2804.8445809808027,36297.657599796745,13.930540836964164,-13.930540836964164,pass,1640.0
38.84601171386344,5000.0,257891.0825333634,14.05006756471748,-14.05006756471748,pass,1641.0
12.712471140289349,3287.8503718915294,286084.541699284,28.955543966617753,-28.955543966617753,pass,1642.0
21.935648772708483,4912.968681335449,582894.8210396306,13.831808076959392,-13.831808076959392,pass,1643.0
26.405913639197223,4711.9082640649685,259543.7140612623,13.66292783792076,-13.66292783792076,pass,1644.0
64.84315583087685,2413.9436049224573,197798.3950486899,13.835706668696844,-13.835706668696844,pass,1645.0
94.26630806810857,2603.8006824467693,342684.89955805056,13.910044006377142,-13.910044006377142,pass,1646.0
79.93262036638924,972.422103448826,246948.53223848273,15.33172047194083,-15.33172047194083,pass,1647.0
50.80226485555413,1424.4229840014536,218223.9458240463,15.555725078381762,-15.555725078381762,pass,1648.0
31.687583776499032,2986.3599062326966,578147.012588672,14.09839103891167,-14.09839103891167,pass,1649.0
44.55435459439995,2274.8819683764536,59656.6753162338,13.626003341643106,-13.626003341643106,pass,1650.0
19.531183390254974,3015.777779615265,706684.537979297,18.555952373521247,-18.555952373521247,pass,1651.0
55.46159875913048,1818.7674824886535,137681.68092570707,13.670583179450835,-13.670583179450835,pass,1652.0
54.688786511854175,2213.4715115719055,142798.56569133207,13.614644438583857,-13.614644438583857,pass,1653.0
55.01959684650579,1350.297579694537,264635.171254907,15.280950409430787,-15.280950409430787,pass,1654.0
45.443792783128636,4295.8771270385105,450023.04477748444,14.158533959926418,-14.158533959926418,pass,1655.0
22.250168319769976,4954.643901824951,330678.93501176836,13.649493534788059,-13.649493534788059,pass,1656.0
32.973249720398336,1280.1396455103052,993573.6971209437,32.272506734356014,-32.272506734356014,pass,1657.0
22.04666499208812,3704.364654118092,283724.172558659,14.075342321622584,-14.075342321622584,pass,1658.0
76.10446657723399,3582.654689060725,160826.41340864537,14.10388866100047,-14.10388866100047,pass,1659.0
46.59243673606301,1848.543760984442,76612.00026164457,14.062507835760735,-14.062507835760735,pass,1660.0
16.213589031452244,4208.7782012383595,127073.84552949367,15.334121037988249,-15.334121037988249,pass,1661.0
40.805627412629825,3470.829362258885,454505.17071422416,13.873563345174787,-13.873563345174787,pass,1662.0
60.00586755038806,4025.5314518114883,111985.01378551027,13.818664506649714,-13.818664506649714,pass,1663.0
59.09692546329374,1607.4573732677322,97471.33160091346,13.828096846509661,-13.828096846509661,pass,1664.0
50.752659271471764,3235.4741403143594,301442.8438943145,13.909757763045608,-13.909757763045608,pass,1665.0
28.30567096672148,2417.827248446319,167175.52732943208,15.666811823691939,-15.666811823691939,pass,1666.0
23.839801796558703,3530.432849219626,346823.6709561071,14.18278271397833,-14.18278271397833,pass,1667.0
44.03191906145882,1803.5883305502266,150258.71122589184,14.425259483710382,-14.425259483710382,pass,1668.0
86.53668199973771,1467.6613021335183,296357.80176973273,13.665844073509534,-13.665844073509534,pass,1669.0
46.85616553732847,2294.1609473368007,359898.17464010173,13.6585176311651,-13.6585176311651,pass,1670.0
67.93902950399244,1770.5255957113286,622385.4401266994,13.938953844874359,-13.938953844874359,pass,1671.0
37.39789557210297,2590.451832644317,325981.9960794321,13.811282214795593,-13.811282214795593,pass,1672.0
33.76031300140717,2886.031633087042,117654.79495599451,13.69156157062599,-13.69156157062599,pass,1673.0
50.79492851657702,1734.1577979450312,298967.5278563884,14.079037023213067,-14.079037023213067,pass,1674.0
30.282595464700503,3585.774889046223,334044.992871159,13.642161086586162,-13.642161086586162,pass,1675.0
72.28954347843717,1079.2522694585377,170071.66944978957,15.273394528005436,-15.273394528005436,pass,1676.0
20.761467419151924,4849.52105366879,173881.98352725286,13.578614800999839,-13.578614800999839,pass,1677.0
39.50370697801354,1934.3987225268443,112534.10744514005,14.81442411751765,-14.81442411751765,pass,1678.0
34.8507159650376,1411.6710830316367,748980.1483377077,25.288091938113787,-25.288091938113787,pass,1679.0
24.71255578633551,3405.0871043744396,262560.410839909,13.99355916155424,-13.99355916155424,pass,1680.0
26.797221540113703,4272.797180850495,450559.8964762784,13.765162763629153,-13.765162763629153,pass,1681.0
51.2607198480742,2057.0704227968345,347590.1734848961,13.725125469818803,-13.725125469818803,pass,1682.0
76.31754148180917,3150.5084241506597,155492.5000165067,13.800268593648658,-13.800268593648658,pass,1683.0
36.07716279042708,4173.266273403347,272845.96418333263,13.832618486383849,-13.832618486383849,pass,1684.0
84.42985807703145,1206.866528404819,131724.9408163177,13.823446669034803,-13.823446669034803,pass,1685.0
30.401399741063457,3592.282743992292,475490.2044011858,13.740931174558073,-13.740931174558073,pass,1686.0
76.96013172465035,913.4065700015603,230199.58301973273,16.734517803111796,-16.734517803111796,pass,1687.0
70.90971028979257,3621.065696108057,274484.7981122098,13.99030246601937,-13.99030246601937,pass,1688.0
20.54477748631627,5000.0,535096.4533638493,13.798092568782831,-13.798092568782831,pass,1689.0
27.75254480664971,2650.4330357287486,206504.0415271713,14.861717630244456,-14.861717630244456,pass,1690.0
44.96217794250753,3424.946003107328,299183.24672634574,13.86299044223633,-13.86299044223633,pass,1691.0
49.02220551128622,2574.5809249632557,563769.2669717795,13.878752662877002,-13.878752662877002,pass,1692.0
67.99047183387438,2755.984480192923,89770.9456552706,13.961650381981425,-13.961650381981425,pass,1693.0
62.48449071372743,3562.0112799562567,208368.20770362235,13.889961224631914,-13.889961224631914,pass,1694.0
44.12201707189324,2783.5151928637583,113479.8169177963,13.622133690187482,-13.622133690187482,pass,1695.0
28.955215501913898,4704.61020078677,284972.43195677013,13.737649953280064,-13.737649953280064,pass,1696.0
11.87050340692165,4103.811018736005,450863.7731194806,23.053627207053424,-23.053627207053424,pass,1697.0
54.33727240421232,2000.5608629593412,635276.7442196421,13.923401979908116,-13.923401979908116,pass,1698.0
51.17910413568261,1748.534907219227,126407.53713264005,14.02072993542546,-14.02072993542546,pass,1699.0
85.24556918966333,2932.649942868095,82350.79013076107,13.880965301834015,-13.880965301834015,pass,1700.0
31.875495284800785,2173.424531517965,608305.1629861452,16.015320758102888,-16.015320758102888,pass,1701.0
63.05780367941697,1914.183580706273,352104.97491038137,13.685339707502925,-13.685339707502925,pass,1702.0
73.65616565222624,3337.447562191038,241827.37647954744,13.874850193786974,-13.874850193786974,pass,1703.0
56.164991369278,2487.593906772327,241826.31702422118,13.730615812711479,-13.730615812711479,pass,1704.0
81.77763458962033,1839.56159944511,264964.30616853957,13.802103112440363,-13.802103112440363,pass,1705.0
38.18216614549401,2458.319056389149,123585.91213264005,13.752788862984804,-13.752788862984804,pass,1706.0
49.36123081704296,4265.316930635972,381200.10335859674,14.035102462043827,-14.035102462043827,pass,1707.0
31.256205293212993,3855.024787301328,345886.52048548864,13.683820210087106,-13.683820210087106,pass,1708.0
19.997751841435772,4161.3469072003,541648.1926824357,14.2047929695205,-14.2047929695205,pass,1709.0
16.837937472959773,4452.40945120572,309424.0859294034,14.575098648659196,-14.575098648659196,pass,1710.0
41.81019445549192,4426.185751306089,420942.90317592194,14.08089208172614,-14.08089208172614,pass,1711.0
55.539200583651024,2379.5478152983387,495359.6771280295,13.840361176820704,-13.840361176820704,pass,1712.0
34.331787796999215,3315.075552976471,486639.061416797,13.792802756682025,-13.792802756682025,pass,1713.0
49.11846407813861,2581.560973299035,441612.1714110759,13.765701706840828,-13.765701706840828,pass,1714.0
47.996732429386206,4473.455583613293,278605.84718180087,13.974949034561401,-13.974949034561401,pass,1715.0
18.81639458187917,3618.1150233246403,70815.42738571386,15.40624523548326,-15.40624523548326,pass,1716.0
39.93009567119535,2341.161975325064,528125.0938290171,14.026499386328132,-14.026499386328132,pass,1717.0
65.10222465416022,1580.1238099669981,34131.290436106836,13.69828235028957,-13.69828235028957,pass,1718.0
72.1212264912887,2683.175523149683,157363.82582217077,14.015371671473835,-14.015371671473835,pass,1719.0
56.315027465850875,2726.352335584354,258516.33509062743,13.839208829781171,-13.839208829781171,pass,1720.0
44.51452039680571,2740.37565695462,309831.0976419321,13.666763511851157,-13.666763511851157,pass,1721.0
63.831883364146165,3964.0585647184544,185213.79581887918,13.935623369492486,-13.935623369492486,pass,1722.0
27.608321519876718,3279.9098348978578,454321.3866121095,13.953975540483173,-13.953975540483173,pass,1723.0
24.32700254036827,4312.86701298352,501402.34457907645,13.756911517042067,-13.756911517042067,pass,1724.0
80.70521802441138,2569.663666044486,166103.17394249374,13.937106639456704,-13.937106639456704,pass,1725.0
67.19373740679224,1434.5544435804773,90471.46525684101,13.808763586168137,-13.808763586168137,pass,1726.0
57.53663975955554,4143.423492064174,212106.99034801027,13.824568708458209,-13.824568708458209,pass,1727.0
51.486318757153455,3006.432400576446,251500.40477083833,13.844545819286859,-13.844545819286859,pass,1728.0
57.902079177297836,1816.5303074403892,371280.0367661461,13.677600245017876,-13.677600245017876,pass,1729.0
32.69131550409913,3195.3988409403382,556369.6620027345,13.842399247615328,-13.842399247615328,pass,1730.0
27.09943100023713,4506.527576801114,190823.02646548528,13.639712890170992,-13.639712890170992,pass,1731.0
38.95623489780261,2278.7501136188594,303325.3442626384,13.933046145909142,-13.933046145909142,pass,1732.0
44.644133971383596,1827.9494885180552,287627.21291389,14.34419528653776,-14.34419528653776,pass,1733.0
20.35492557148546,3581.2432220427418,459511.05419630127,14.895981075090742,-14.895981075090742,pass,1734.0
95.15522702987342,1586.6109876078353,20059.271540744434,13.766053262355245,-13.766053262355245,pass,1735.0
29.94327175488116,4731.72440596341,416899.7656169034,13.849869044016467,-13.849869044016467,pass,1736.0
23.10971976830406,4382.465775495727,433167.62192282645,13.76196329584078,-13.76196329584078,pass,1737.0
75.72207816137512,1402.0757880156666,299649.40698179766,13.751068772214055,-13.751068772214055,pass,1738.0
57.77020459397221,1318.543064802191,240197.80189738676,15.057184671274255,-15.057184671274255,pass,1739.0
33.932622133394496,4487.559937198152,445787.6738200284,13.953861600976918,-13.953861600976918,pass,1740.0
51.52443217280583,2552.0024608494755,259141.81507109618,13.676293964790531,-13.676293964790531,pass,1741.0
19.643187721063327,3180.9000563704494,858254.1904222546,17.63407978132377,-17.63407978132377,pass,1742.0
46.81735888390829,2906.449584318558,309596.4313008896,13.737350805710403,-13.737350805710403,pass,1743.0
38.72927545509428,2848.6002281826472,195762.11326693208,13.597117149437063,-13.597117149437063,pass,1744.0
26.919453515215814,3473.3424957243824,492147.16552442627,14.019814821458738,-14.019814821458738,pass,1745.0
42.15065543477776,2215.6221264575083,134999.6958240463,13.934430173064051,-13.934430173064051,pass,1746.0
72.72162062082027,2051.1255605057404,351621.8814895317,13.84051799356997,-13.84051799356997,pass,1747.0
21.081539917120807,4413.426025295437,322810.6710925123,13.789515281292996,-13.789515281292996,pass,1748.0
77.62740120291892,203.40390972219063,784427.4564736827,187.2089267731376,-187.2089267731376,pass,1749.0
11.349512038838757,4793.172963883961,509570.08533089317,19.624039919445302,-19.624039919445302,pass,1750.0
24.611334484020496,4773.74994924748,568147.6774163556,13.866127066730858,-13.866127066730858,pass,1751.0
24.961487530370967,4337.751626689424,497763.35619307525,13.761633128439033,-13.761633128439033,pass,1752.0
25.253294430260322,4237.007221576505,291755.5091009833,13.591081203917062,-13.591081203917062,pass,1753.0
78.44045635091821,2959.6854748657756,116604.26669326107,13.80950118626476,-13.80950118626476,pass,1754.0
60.69474133415057,2611.3096256380168,308896.2065673259,13.890860920638099,-13.890860920638099,pass,1755.0
71.14010444141636,3172.8239312497703,183356.4362307129,13.874997719051837,-13.874997719051837,pass,1756.0
42.49341015828597,4373.530509853543,275418.14606809826,14.002554360589007,-14.002554360589007,pass,1757.0
56.62913121671517,1703.0979340769395,282079.33330881887,13.790294211038159,-13.790294211038159,pass,1758.0
37.71874837888228,3829.6452406885037,222943.8030505201,13.765257262156808,-13.765257262156808,pass,1759.0
71.05458828682492,2254.7579495427663,273529.45655916457,13.880338564192417,-13.880338564192417,pass,1760.0
90.65470220642754,1768.0388999423562,199885.09864473276,13.842541663266767,-13.842541663266767,pass,1761.0
68.90677375993313,1335.1884382778023,280678.3367724755,13.990911207235321,-13.990911207235321,pass,1762.0
44.00596498451323,3164.2806824367976,253543.66844271333,13.734710625175323,-13.734710625175323,pass,1763.0
70.78381154643395,2667.8538939969853,172747.57898187297,13.987708128352612,-13.987708128352612,pass,1764.0
85.5187195439882,1485.4870410403787,229008.22364473273,13.638553068986724,-13.638553068986724,pass,1765.0
30.071057863069278,3163.4942487334943,462414.37090953666,13.881877977364988,-13.881877977364988,pass,1766.0
87.71299122507588,1409.146483140874,191566.8278386987,13.626822722544782,-13.626822722544782,pass,1767.0
56.06923940575845,4204.20987249335,280923.3069760746,13.8266662347649,-13.8266662347649,pass,1768.0
30.345044688080403,3953.414882189012,36947.3566326054,13.602503137823213,-13.602503137823213,pass,1769.0
56.61807840070814,3037.426218859527,267032.19188021333,13.909222100735773,-13.909222100735773,pass,1770.0
26.66465497443666,4331.037864697321,143951.2857922392,13.61791348022986,-13.61791348022986,pass,1771.0
57.098227943609494,2081.1105262165156,162524.53762201342,13.610624384515534,-13.610624384515534,pass,1772.0
81.07746179896066,1338.9118733844339,273800.56641817023,13.638808615875003,-13.638808615875003,pass,1773.0
64.62706926985169,2521.5606200390075,255768.90736613676,13.875588589309164,-13.875588589309164,pass,1774.0
74.02588013276966,2189.6863920226747,48313.72265625,13.837221046981881,-13.837221046981881,pass,1775.0
26.692010688910358,3596.2733229638943,297051.73273802013,13.70148098312923,-13.70148098312923,pass,1776.0
51.73152895013261,2004.0327374025474,355862.1236802086,13.700981554866685,-13.700981554866685,pass,1777.0
24.44508265027866,3539.9619479238754,199051.2658122929,13.913040921675966,-13.913040921675966,pass,1778.0
69.72465053628568,1876.1036559669928,598634.9740450543,13.93367936523557,-13.93367936523557,pass,1779.0
74.5271302479072,2914.563233720972,177947.1543133817,13.944377956295025,-13.944377956295025,pass,1780.0
55.70876181645775,1602.1369750194763,90020.77076945707,14.12003839775999,-14.12003839775999,pass,1781.0
64.44067949267163,1635.7257572902665,390378.16509634955,13.738993307209515,-13.738993307209515,pass,1782.0
20.805740687839098,4935.782241821289,557696.7326607243,13.800523601585796,-13.800523601585796,pass,1783.0
73.98151731665567,2795.604863512232,153355.7187665067,13.938762955624647,-13.938762955624647,pass,1784.0
27.296179523087446,2985.726315371368,168617.59373568208,14.190913367749063,-14.190913367749063,pass,1785.0
20.28009809006248,3265.1500535626046,458842.8743230608,16.08900628127714,-16.08900628127714,pass,1786.0
57.40306862792845,1258.6098390880447,103665.80376888221,15.784057204347768,-15.784057204347768,pass,1787.0
23.286781784125445,4262.8851932241,434165.02290239336,13.765965893589033,-13.765965893589033,pass,1788.0
81.72899875278489,1347.736616807866,143190.36128596432,13.614799526052273,-13.614799526052273,pass,1789.0
73.54599936800668,1207.3103919467508,299230.32130098273,14.24287348559368,-14.24287348559368,pass,1790.0
68.04625987074144,3739.06858000424,166966.86965118835,13.94299013633128,-13.94299013633128,pass,1791.0
24.347286697455523,4901.163244600442,230112.31196489336,13.629749152741184,-13.629749152741184,pass,1792.0
50.990758384893674,2300.0189124469844,283263.0981688884,13.647564719092642,-13.647564719092642,pass,1793.0
95.64552244002967,2081.5843915384994,138806.22661886943,13.991437642301811,-13.991437642301811,pass,1794.0
84.52339651214639,2935.811647885185,58079.357513573574,13.860176107499434,-13.860176107499434,pass,1795.0
50.61693283481433,2980.9804831867305,249686.00637201342,13.820555587774152,-13.820555587774152,pass,1796.0
59.7777487162726,2012.9627110048423,336811.9820786461,13.666053109638668,-13.666053109638668,pass,1797.0
23.161932639727617,3988.84703329289,410154.1168694806,13.85194855934176,-13.85194855934176,pass,1798.0
62.42246159888985,2296.2448754073816,252741.7778611899,13.75328639097153,-13.75328639097153,pass,1799.0
11.686712105561924,3669.533036717129,831218.9238206921,28.22940787449076,-28.22940787449076,pass,1800.0
20.272047754355548,4713.832592363504,363204.26118364336,13.800436417558481,-13.800436417558481,pass,1801.0
78.30684383707711,1720.2212081393777,121017.00880098276,13.656642785560537,-13.656642785560537,pass,1802.0
74.8583461840696,1746.6175589999734,200047.81739473276,13.649476595977571,-13.649476595977571,pass,1803.0
25.106314706930988,4292.533937359036,368956.15070677013,13.646777483090856,-13.646777483090856,pass,1804.0
60.89627711542435,1527.0034294973532,478785.97362632776,14.123018278718225,-14.123018278718225,pass,1805.0
20.63983392340767,4615.620630617288,420602.14399614336,13.813697244674255,-13.813697244674255,pass,1806.0
94.23188731334807,2482.5980228398357,292596.90346430056,13.838829809577543,-13.838829809577543,pass,1807.0
29.28073593689301,2770.0329911192684,184461.38870599453,14.230595351206308,-14.230595351206308,pass,1808.0
92.87249233322808,1540.707404657322,129185.80274629526,13.716623862289927,-13.716623862289927,pass,1809.0
50.006120195419356,2812.2771495701786,256577.22766875243,13.751493399756663,-13.751493399756663,pass,1810.0
44.093720979524356,3671.5344632720685,292072.98516734916,13.897499640338031,-13.897499640338031,pass,1811.0
70.20039600344434,1894.689258266829,444010.68853384955,13.799161305476659,-13.799161305476659,pass,1812.0
59.92738211675072,1939.4278685741638,188165.96412883207,13.62458585915944,-13.62458585915944,pass,1813.0
69.4078815923682,1587.8733026519471,80615.57611154148,13.589421629725544,-13.589421629725544,pass,1814.0
65.26547360959725,1849.9802843453404,335468.8797683618,13.671606866259495,-13.671606866259495,pass,1815.0
60.318567719076825,998.9842897716385,152257.21441341346,19.756442685647237,-19.756442685647237,pass,1816.0
71.13105683989507,2977.795570539834,212655.56181522578,13.95710688272771,-13.95710688272771,pass,1817.0
61.10199970737952,1912.042946134818,26710.921630859375,13.606833435344745,-13.606833435344745,pass,1818.0
69.19536402996019,3438.6349328634283,160603.3925946317,13.795289955749874,-13.795289955749874,pass,1819.0
51.39919335605212,3973.454085936244,210454.81212535402,13.973412701328286,-13.973412701328286,pass,1820.0
40.25635408363432,3066.0667694729304,304460.32859896333,13.674762941544193,-13.674762941544193,pass,1821.0
54.49774302965601,1425.7735559767175,94424.40977588398,14.813272357918125,-14.813272357918125,pass,1822.0
44.844063944650394,3658.6120847320294,306244.05255016166,13.904627806352648,-13.904627806352648,pass,1823.0
27.29878595763863,3091.944410420312,149301.18488727708,13.972127582208142,-13.972127582208142,pass,1824.0
80.51184579707864,2602.1898627044397,213642.0815721274,13.950258454432204,-13.950258454432204,pass,1825.0
21.30228003214968,3806.34039104323,249521.0540424207,14.23800671291444,-14.23800671291444,pass,1826.0
73.28839944333949,1378.9415552028374,58669.59837013931,13.81565178678906,-13.81565178678906,pass,1827.0
43.27000731928418,3507.5832227325177,443286.46563609916,13.940071913253018,-13.940071913253018,pass,1828.0
36.1243666311273,3032.594952456329,271787.80223177583,13.616237700536152,-13.616237700536152,pass,1829.0
80.33549126016656,2695.3839306763225,81982.99276747982,13.92945701645604,-13.92945701645604,pass,1830.0
19.89777399613304,3952.141381269653,437031.60629782645,14.340780433815015,-14.340780433815015,pass,1831.0
60.4387072745936,2114.941051153768,329329.9645005211,13.686978463352329,-13.686978463352329,pass,1832.0
65.16876197592276,2063.903984342826,17741.1953125,13.663278426832349,-13.663278426832349,pass,1833.0
34.66197551858527,5000.0,311092.35304117587,13.932124280569095,-13.932124280569095,pass,1834.0
65.81743474798867,1466.0603194675027,232670.24122285773,13.882456804774025,-13.882456804774025,pass,1835.0
30.90983309221096,3959.514423401635,344929.56335310487,13.693915814089276,-13.693915814089276,pass,1836.0
29.407399581124807,2670.5714634631236,183414.4087146713,14.36559156407608,-14.36559156407608,pass,1837.0
24.098093005205392,3021.10242370401,520837.239151172,15.240510209770616,-15.240510209770616,pass,1838.0
46.79364981851454,1794.5151277843338,176888.24102474158,14.211064662926768,-14.211064662926768,pass,1839.0
67.84161153863553,1684.7212936012702,555476.8256075543,13.864289871405019,-13.864289871405019,pass,1840.0
29.002050179956626,3833.387996704858,290776.87585310487,13.643277591151135,-13.643277591151135,pass,1841.0
53.33193952748274,2505.940030588754,399708.6402162736,13.762565156689814,-13.762565156689814,pass,1842.0
75.0166500707216,1522.8381877383767,194290.32130098273,13.632136386193148,-13.632136386193148,pass,1843.0
70.42482810492399,3284.705244991331,256644.44483892244,13.832744760046895,-13.832744760046895,pass,1844.0
89.73877392835549,2572.35046728386,242658.47319107383,13.842022997365518,-13.842022997365518,pass,1845.0
41.11932586631865,3005.607262484405,195049.37883089692,13.64016863713791,-13.64016863713791,pass,1846.0
79.12380550013879,2719.6665446775273,151166.64929437297,13.939262889133797,-13.939262889133797,pass,1847.0
70.29462069447473,2941.52383934231,224575.53675967077,13.961867720278871,-13.961867720278871,pass,1848.0
93.039270638299,2411.5187915776287,308782.08315180056,13.921589592567083,-13.921589592567083,pass,1849.0
72.53095870489958,2915.044890377073,209696.05616704744,13.954487911102685,-13.954487911102685,pass,1850.0
25.869803248449266,3548.9901855437183,522278.85888380127,14.008054315795494,-14.008054315795494,pass,1851.0
47.97796006035116,3177.6909677069375,302910.10610134574,13.85932257552942,-13.85932257552942,pass,1852.0
23.166634158016272,4100.852825164795,449096.75166178134,13.843666449581898,-13.843666449581898,pass,1853.0
15.760890480109332,4816.673403139261,345006.99653520586,14.416443593046484,-14.416443593046484,pass,1854.0
36.59033469980004,2523.8256100390513,165121.01369514005,13.795556683925364,-13.795556683925364,pass,1855.0
50.10834262143765,4416.304616246857,196429.81488531322,13.894745934897855,-13.894745934897855,pass,1856.0
59.86994916816779,1666.1371041869688,136641.28848298185,13.705320892953653,-13.705320892953653,pass,1857.0
21.146072145529864,4388.248758669046,335026.01899614336,13.8824572365358,-13.8824572365358,pass,1858.0
48.49164479903054,2227.5475857687325,219069.25761261059,13.591956884860256,-13.591956884860256,pass,1859.0
30.26954291829929,3512.0523581564194,229658.4640544804,13.589774304706177,-13.589774304706177,pass,1860.0
22.902324919199845,4329.042629492625,139196.50112427046,13.610897199093932,-13.610897199093932,pass,1861.0
38.614920675075766,2009.1720402670235,117440.69462432934,14.607907476919953,-14.607907476919953,pass,1862.0
82.32763183291391,3038.79878364773,176860.9355633817,13.89085636556131,-13.89085636556131,pass,1863.0
73.16486912497074,1599.8490768809513,176001.4048016361,13.63099028505314,-13.63099028505314,pass,1864.0
59.43064725919152,1814.4798085384582,215812.45533976957,13.629330697706692,-13.629330697706692,pass,1865.0
63.928634638243764,1458.9944149802604,59961.01236475318,13.896673149513498,-13.896673149513498,pass,1866.0
60.59043236697908,3533.9512595094793,353576.67450049735,14.013430936790314,-14.013430936790314,pass,1867.0
63.10974245161851,1762.79796821848,284814.63116038137,13.661663899984266,-13.661663899984266,pass,1868.0
67.45332884962991,3562.085379945948,231930.71998720983,13.837908747856979,-13.837908747856979,pass,1869.0
69.29903024645581,1396.6376683010087,364737.08306509955,13.963072725630953,-13.963072725630953,pass,1870.0
25.030211047054358,4276.4455909729,301574.31025553134,13.603552091344893,-13.603552091344893,pass,1871.0
54.325801143140545,1942.309216990121,434141.848956508,13.742272319043423,-13.742272319043423,pass,1872.0
88.3566819154741,1418.0941607531786,137603.2711980737,13.619921982663216,-13.619921982663216,pass,1873.0
29.617307457272418,2304.4711819657223,133785.57160602708,15.753587524426358,-15.753587524426358,pass,1874.0
67.78623908968702,1447.0432163967118,321651.00884634955,13.841982508355276,-13.841982508355276,pass,1875.0
73.32238837080666,1619.3337684115945,163330.84473848276,13.618816761155601,-13.618816761155601,pass,1876.0
31.31946267720465,3319.9210525098156,353996.674511784,13.638032676526729,-13.638032676526729,pass,1877.0
81.08020480471322,1531.1234145602762,179483.41505098276,13.620986301738112,-13.620986301738112,pass,1878.0
43.03341274148598,1191.0622076326501,1000000.0,25.002622762010418,-25.002622762010418,pass,1879.0
49.39026010939573,1970.1212744852382,254296.0435365861,13.765928513986811,-13.765928513986811,pass,1880.0
62.48993592352708,1958.376493761693,254002.06475413137,13.639166301536468,-13.639166301536468,pass,1881.0
39.321354091990266,3276.8857052033677,405249.6011513334,13.747334860766554,-13.747334860766554,pass,1882.0
50.39048117938714,1767.3337046029087,224461.41077422118,14.036003687020717,-14.036003687020717,pass,1883.0
65.92574173364376,2428.5687062576935,363542.5240676567,13.923556307817556,-13.923556307817556,pass,1884.0
53.17582190556908,1861.2972533397888,203370.93483195707,13.772620455953437,-13.772620455953437,pass,1885.0
54.457665530324135,2413.7150236649554,218725.22461540886,13.658506307287663,-13.658506307287663,pass,1886.0
83.84837717967272,1013.5737942264195,192845.8730144793,14.611448498872598,-14.611448498872598,pass,1887.0
76.33357521767209,2184.4319989202077,273789.38655184035,13.888116055265254,-13.888116055265254,pass,1888.0
39.8055366604966,2772.2829113968746,373541.6028560271,13.694574678722827,-13.694574678722827,pass,1889.0
19.90169326583507,3614.9229533978705,410795.1383538556,14.970027398630597,-14.970027398630597,pass,1890.0
49.72284590206236,2919.455925814483,294252.18699740083,13.789156931407096,-13.789156931407096,pass,1891.0
70.54632396897854,1286.6748958640908,338759.9852099755,14.139743852026548,-14.139743852026548,pass,1892.0
70.79068999205579,1439.2657787342619,255016.26751697774,13.77659498499495,-13.77659498499495,pass,1893.0
48.41600001761412,2166.793401255258,363494.02815572673,13.671618727139336,-13.671618727139336,pass,1894.0
53.344079804815536,2110.1179424806724,422618.1783677086,13.731270834432962,-13.731270834432962,pass,1895.0
52.731627377560635,2519.561683012406,252655.46352745208,13.680204132012658,-13.680204132012658,pass,1896.0
54.098686845704705,1973.7872919328488,207361.17027834448,13.618339235197036,-13.618339235197036,pass,1897.0
49.91064011909422,1978.6371263870756,588795.1367977671,13.980674026645833,-13.980674026645833,pass,1898.0
30.892366955354042,936.1748570469344,562630.3684030451,55.236274583000174,-55.236274583000174,pass,1899.0
47.41331727215742,2675.068437113412,341290.0629457658,13.698340957594459,-13.698340957594459,pass,1900.0
47.94396587772204,2821.9302665119258,252508.79372552905,13.699929801221149,-13.699929801221149,pass,1901.0
68.04795652838483,2064.852878261946,427412.44634634955,13.841241473937457,-13.841241473937457,pass,1902.0
21.692330631290538,3642.5195497219825,383484.25290736364,14.348266966193727,-14.348266966193727,pass,1903.0
21.421758894419572,4447.208351147517,106674.53188598921,13.747146821573576,-13.747146821573576,pass,1904.0
23.145607344393394,4155.291523334317,339158.6966009833,13.709736755238472,-13.709736755238472,pass,1905.0
27.082356332441584,4440.7622992586985,405493.1542887784,13.724986748098601,-13.724986748098601,pass,1906.0
58.96234930292624,2461.625274931205,0.0,13.742545881849109,-13.742545881849109,pass,1907.0
27.450604486594074,4627.7560347558865,291903.21906614513,13.675195903101848,-13.675195903101848,pass,1908.0
93.59009862699537,2265.737016510482,246268.33578319737,13.962705419462216,-13.962705419462216,pass,1909.0
59.236143422521835,1974.4516026064048,378325.69863138045,13.700523285007732,-13.700523285007732,pass,1910.0
15.606473802229182,4367.869629580964,431135.4472575284,15.643145120727414,-15.643145120727414,pass,1911.0
66.50467986078992,1330.5391728176103,489779.11236197455,14.21887539113562,-14.21887539113562,pass,1912.0
75.90170964832322,1424.3498141345262,156264.12788752682,13.624057814002123,-13.624057814002123,pass,1913.0
86.14199747271469,2142.5754047228247,226777.73100357383,13.942844292849259,-13.942844292849259,pass,1914.0
55.30221351547076,2183.710913789758,209584.02590326342,13.62310463839028,-13.62310463839028,pass,1915.0
24.92436969151141,4565.265915591706,452593.2363200284,13.762077257583577,-13.762077257583577,pass,1916.0
44.06356947622389,2756.385613314483,295264.5986184946,13.658840695511845,-13.658840695511845,pass,1917.0
38.38242668612073,3570.252614364598,340626.84454234916,13.767416481352367,-13.767416481352367,pass,1918.0
26.647838588782427,4478.94758069053,376311.5592488289,13.700682333288889,-13.700682333288889,pass,1919.0
78.90584095316598,1168.4067104301034,246860.64259004526,14.01944275704307,-14.01944275704307,pass,1920.0
76.93971331941644,2730.14748048101,80139.23349013607,13.938851300466395,-13.938851300466395,pass,1921.0
54.298581923673886,2195.5171319370356,242243.24660638842,13.633322092146576,-13.633322092146576,pass,1922.0
19.96060561759102,4311.762054796365,462766.66352739336,14.042632012324262,-14.042632012324262,pass,1923.0
28.222070079246784,4292.290604383588,471913.3336663556,13.780996355530073,-13.780996355530073,pass,1924.0
87.77753507095048,1006.1462264499246,251516.08301973273,14.302868635830313,-14.302868635830313,pass,1925.0
67.49355432601705,1603.4097477687822,303216.33306509955,13.635070457948089,-13.635070457948089,pass,1926.0
28.626186880413897,2813.104940510644,214304.96223102708,14.181141356189698,-14.181141356189698,pass,1927.0
65.51084876234964,3492.450972902491,158932.40748720983,13.831256434792547,-13.831256434792547,pass,1928.0
60.794352644612,2003.7465041187043,112576.9026865206,13.604402728933561,-13.604402728933561,pass,1929.0
74.79685214624317,2182.5516016021425,0.0,13.842354054645622,-13.842354054645622,pass,1930.0
53.67971610072331,2535.15636099596,415703.7432937524,13.801274306459938,-13.801274306459938,pass,1931.0
45.07472657165617,2521.7260903042293,346486.1952981821,13.690335693483794,-13.690335693483794,pass,1932.0
75.0438814364628,2594.552156918388,44014.094818261074,14.010085493924297,-14.010085493924297,pass,1933.0
34.14417885742277,2793.2300537746883,319420.41160677583,13.877302060932058,-13.877302060932058,pass,1934.0
15.405587211388777,3984.9398050367427,400105.14536032645,17.144252111616336,-17.144252111616336,pass,1935.0
69.765023464614,1095.1371380637565,37639.99185694068,15.433929852830659,-15.433929852830659,pass,1936.0
53.024487872185304,1628.001117927401,62653.32481494648,14.175003249468318,-14.175003249468318,pass,1937.0
70.53387878047326,2095.833506347449,276113.809450623,13.789710554545556,-13.789710554545556,pass,1938.0
30.257217324645694,3661.017817816817,224342.17414991738,13.611862797596126,-13.611862797596126,pass,1939.0
24.614805337020037,4064.1540378285918,438503.39301958086,13.766712194853989,-13.766712194853989,pass,1940.0
96.877031431865,2450.772403319016,210920.49272232383,13.809698779898426,-13.809698779898426,pass,1941.0
71.4714542986972,1361.185878906207,0.0,13.81144970941063,-13.81144970941063,pass,1942.0
21.716232076424788,4291.138543134887,482678.05649313895,13.89529957945121,-13.89529957945121,pass,1943.0
37.20320476004576,2210.8355345865566,425343.46565572673,14.395556520825028,-14.395556520825028,pass,1944.0
45.712205468929525,2059.288735671076,147650.90507354809,13.847556592283278,-13.847556592283278,pass,1945.0
30.665349949119758,4134.313701660913,330303.68835310487,13.69717312763107,-13.69717312763107,pass,1946.0
75.83402731048623,2883.8525872162395,41444.589935448574,13.918997184696057,-13.918997184696057,pass,1947.0
36.50820325813383,2446.3353966396785,235074.24217318208,13.877861216609745,-13.877861216609745,pass,1948.0
38.15409714806398,3230.96045236904,331508.2305264196,13.690317797312058,-13.690317797312058,pass,1949.0
76.81928509331951,3029.270174535903,152374.5905275879,13.809251154719272,-13.809251154719272,pass,1950.0
85.50756712752053,1439.1090846499978,198575.128429889,13.624280378687242,-13.624280378687242,pass,1951.0
85.66206701594064,1208.4137645206033,115852.41895723276,13.79693459247844,-13.79693459247844,pass,1952.0
46.980601131237265,2279.734650893244,288204.02079620434,13.62313580679314,-13.62313580679314,pass,1953.0
51.31734485458639,2930.8979684393594,286323.46352322074,13.829290015944093,-13.829290015944093,pass,1954.0
18.968372926806065,3953.085303789354,202244.4796794804,14.53006351389882,-14.53006351389882,pass,1955.0
20.070923943807315,4056.8246626936916,805958.6533128796,14.68892289797093,-14.68892289797093,pass,1956.0
29.642374832151603,4013.2177696540766,352693.71569685487,13.679964565225264,-13.679964565225264,pass,1957.0
64.6083532623806,1663.3276488476013,188292.73561320707,13.597656374770596,-13.597656374770596,pass,1958.0
62.031315000459344,1449.4789270646847,159385.50816896948,13.98551270661198,-13.98551270661198,pass,1959.0
28.119719623228328,4542.535607058991,461743.2480387784,13.78326586809031,-13.78326586809031,pass,1960.0
23.87030815703499,4726.208923339844,346608.48872270586,13.693905690047819,-13.693905690047819,pass,1961.0
71.89944108022888,1171.8832983916432,273923.23705992266,14.487009350785005,-14.487009350785005,pass,1962.0
79.84362679190617,2563.8779832595606,228671.75078006953,13.967650771171904,-13.967650771171904,pass,1963.0
69.80130499811902,2031.8230778469072,417920.05474478705,13.839975029978145,-13.839975029978145,pass,1964.0
51.11295969525743,1867.5005528017173,259955.92739114608,13.837470627371179,-13.837470627371179,pass,1965.0
84.52873135670816,1501.776271881844,406126.3849797471,13.732035831018084,-13.732035831018084,pass,1966.0
68.68839270492622,1878.0480348205137,42510.824615794336,13.626486763177482,-13.626486763177482,pass,1967.0
15.261665914050646,5000.0,551497.0393013493,14.602969155352744,-14.602969155352744,pass,1968.0
83.2301909528927,2739.4283184937053,44674.052826073574,13.842261117951864,-13.842261117951864,pass,1969.0
54.782788348593,1977.9985615297446,289496.8922348961,13.632902911079716,-13.632902911079716,pass,1970.0
42.75022805640196,2024.1863913675625,266025.3225893205,14.146477353159144,-14.146477353159144,pass,1971.0
78.26353579290897,1295.980577125092,232200.6860516361,13.877904930278087,-13.877904930278087,pass,1972.0
39.31527490448263,3430.3579474966714,286517.05434353324,13.721503023499213,-13.721503023499213,pass,1973.0
65.87974052541578,1957.208994911768,429891.71161107434,13.758996147222998,-13.758996147222998,pass,1974.0
58.83040842364119,1571.2976953521425,226661.21673654148,13.869667907164098,-13.869667907164098,pass,1975.0
42.13885016273763,3542.159366754789,294949.7286599395,13.825155283589842,-13.825155283589842,pass,1976.0
70.82114662653406,1430.8575975721765,191631.61052051288,13.738581162657603,-13.738581162657603,pass,1977.0
59.94968617482567,1721.3203551464294,256379.28248820707,13.693922472824408,-13.693922472824408,pass,1978.0
53.6406460122315,1769.9957269914426,151618.65074709448,13.82622427644282,-13.82622427644282,pass,1979.0
31.97273163808333,4430.505439663113,348189.75324583263,13.802398080758332,-13.802398080758332,pass,1980.0
68.85342659467982,2093.626254017727,356373.20426670526,13.807111345566124,-13.807111345566124,pass,1981.0
75.08605118590066,1020.9024405917703,233423.36622285776,15.512194873815965,-15.512194873815965,pass,1982.0
60.901978348349644,1401.5598718658143,23103.02533029148,14.359374699872788,-14.359374699872788,pass,1983.0
74.3427299334194,2881.1419604170446,69179.22472374373,13.931002092732555,-13.931002092732555,pass,1984.0
62.38265283147264,1904.90684094869,341802.1910630211,13.681506972286932,-13.681506972286932,pass,1985.0
54.4598564167964,2448.3885866466385,69943.59234310096,13.64766666387562,-13.64766666387562,pass,1986.0
80.35541733103463,1445.8257518252908,248026.73536348276,13.643820170894132,-13.643820170894132,pass,1987.0
17.189671751090167,4361.080108642578,389838.01606645586,14.722085697458308,-14.722085697458308,pass,1988.0
37.557348120042874,2637.5267381460367,714762.7919975697,14.121080795166957,-14.121080795166957,pass,1989.0
56.85553453074792,1395.408884765418,248739.18835687297,14.877066265525333,-14.877066265525333,pass,1990.0
72.33338256674477,1554.5095801791726,174422.03809785776,13.61906390655184,-13.61906390655184,pass,1991.0
59.484055073663384,2047.0770138986386,36784.22813967259,13.610700958968968,-13.610700958968968,pass,1992.0
35.70220773420424,2554.8865364712215,433393.3398294321,14.022338065255095,-14.022338065255095,pass,1993.0
60.9763542465725,2034.4665343456481,168214.63405070707,13.624490310698532,-13.624490310698532,pass,1994.0
22.421695041785114,3441.6591567041287,305956.60285520763,14.421960982293042,-14.421960982293042,pass,1995.0
54.06297866413092,1858.9944205423672,380859.571612758,13.775206822125776,-13.775206822125776,pass,1996.0
26.19589650501849,4286.2811133456125,383823.2714762784,13.706556883037823,-13.706556883037823,pass,1997.0
74.62129685984948,3048.988047363074,135758.27820062297,13.837851624018843,-13.837851624018843,pass,1998.0
24.401540629152915,3466.6739085882236,331845.3674994208,14.133947143172978,-14.133947143172978,pass,1999.0
58.30964331717332,1590.5355704523668,341096.01592600637,13.976290346793478,-13.976290346793478,pass,2000.0
72.21659675414995,3890.4785455343267,397155.7109540067,14.249630492114585,-14.249630492114585,pass,2001.0
51.68974120656419,1926.7198559328208,409643.3531723961,13.805964472977735,-13.805964472977735,pass,2002.0
29.96329552633832,3293.9171365356183,275021.8206165679,13.699104859927244,-13.699104859927244,pass,2003.0
53.6081436292378,1740.4064478166379,237047.40660646948,13.927188352683055,-13.927188352683055,pass,2004.0
35.09511844726947,3065.529400639209,590915.0691622886,13.864496095540474,-13.864496095540474,pass,2005.0
18.806461683993003,4285.629825946622,354710.5598822333,14.164934115266963,-14.164934115266963,pass,2006.0
21.432299275685978,3774.7643714034084,829774.5585863171,14.814390986449466,-14.814390986449466,pass,2007.0
50.807415852041,1791.2927222391445,359124.11799947673,13.952325273681687,-13.952325273681687,pass,2008.0
67.66566974540778,1376.4096337890196,94037.72988923184,13.963220595381607,-13.963220595381607,pass,2009.0
20.763145594234466,2879.740996396881,668151.5287019532,18.06994935165424,-18.06994935165424,pass,2010.0
33.27395126926295,3663.1608475387598,384516.5295954263,13.714051636138667,-13.714051636138667,pass,2011.0
56.47420643809514,2638.7789408089634,164775.28186797118,13.775594207182134,-13.775594207182134,pass,2012.0
35.460363495478504,3821.071601772488,302396.14191770763,13.732780423800772,-13.732780423800772,pass,2013.0
48.27948338696455,1991.6792960306484,397481.76643697673,13.891705151053879,-13.891705151053879,pass,2014.0
74.30773847018231,1775.8389675160001,194831.20892322774,13.6554120281948,-13.6554120281948,pass,2015.0
10.769311662741778,4424.459057207254,390423.90766801836,23.538534065335256,-23.538534065335256,pass,2016.0
32.19373781450016,787.4933461216415,565236.6276803889,71.3951372893285,-71.3951372893285,pass,2017.0
69.99989164395714,1447.8825490169738,197217.17799601957,13.77346417838979,-13.77346417838979,pass,2018.0
77.20337495207968,408.07308391652657,749200.4301064952,62.27616158934738,-62.27616158934738,pass,2019.0
55.370040339626556,2014.5526539369712,359862.2418442711,13.69468030810028,-13.69468030810028,pass,2020.0
27.498846171899736,4216.605694576921,423574.81786817627,13.732072197654144,-13.732072197654144,pass,2021.0
22.429876800604937,4520.497675295022,417776.56684770586,13.679245692203668,-13.679245692203668,pass,2022.0
54.106532340482715,2149.570022314093,97647.40944133207,13.613999226205397,-13.613999226205397,pass,2023.0
73.58667952644035,1068.1036040402423,426981.86714747414,15.320831917556285,-15.320831917556285,pass,2024.0
27.577364817977973,4233.787860870361,388449.79365396884,13.703868034475798,-13.703868034475798,pass,2025.0
34.2851760865544,3955.2967185022244,211095.0218005201,13.70131542789658,-13.70131542789658,pass,2026.0
35.987609683788534,1917.2989819479317,306395.91728057934,15.866220162338932,-15.866220162338932,pass,2027.0
45.08490561447233,2936.9778755825496,334966.4160013071,13.715443367793775,-13.715443367793775,pass,2028.0
72.81193444595249,1388.7056695953065,74466.6596381528,13.799417926524441,-13.799417926524441,pass,2029.0
40.86024688682646,2426.4415863674617,256806.05076693208,13.69221426851793,-13.69221426851793,pass,2030.0
44.507454623795454,3151.6758316677547,293849.11961458833,13.754995432617033,-13.754995432617033,pass,2031.0
20.276394723554866,4113.3628851961985,404793.8134684659,14.168949156473534,-14.168949156473534,pass,2032.0
66.80817359896436,2276.43077438011,408109.68951041205,13.902901705448235,-13.902901705448235,pass,2033.0
35.01933405506007,3390.2760928810144,452896.0803766763,13.746027133187564,-13.746027133187564,pass,2034.0
53.44934805793597,2265.0931083088008,366495.8745360759,13.692529009859852,-13.692529009859852,pass,2035.0
48.77143769151345,1188.6454901033533,961864.69921875,21.178083792239,-21.178083792239,pass,2036.0
25.02394084943282,3572.1854933740506,318546.84797239513,13.937641006232944,-13.937641006232944,pass,2037.0
56.849756188550174,1524.2549670088415,0.0,14.145988754987835,-14.145988754987835,pass,2038.0
83.94582115607926,1495.8663878879129,244779.80762910776,13.64724691899621,-13.64724691899621,pass,2039.0
59.99355520719813,2184.5202588395045,289214.20402256463,13.686531599409838,-13.686531599409838,pass,2040.0
57.584296311949444,1754.8648287120682,167434.08941341346,13.74269150666844,-13.74269150666844,pass,2041.0
97.21173138216754,1476.8271666311487,68266.41429509413,13.714489442456287,-13.714489442456287,pass,2042.0
35.64297621076348,2451.9611004565318,28390.2895740463,13.919258120309529,-13.919258120309529,pass,2043.0
42.953234689299016,964.4925431543481,995352.7361834437,35.07538134066902,-35.07538134066902,pass,2044.0
52.73659436472244,1372.2165718923727,391388.59276695276,15.789864596478342,-15.789864596478342,pass,2045.0
67.0762632833472,1672.496418191498,67709.87298654148,13.594901250037527,-13.594901250037527,pass,2046.0
27.458922504087703,4673.963827807893,466272.8281169034,13.797901221114895,-13.797901221114895,pass,2047.0
27.71346259939989,3348.309428504294,305921.4844326696,13.798669939039499,-13.798669939039499,pass,2048.0
88.04336940246293,1703.5329547366678,174475.21973848273,13.769284333988006,-13.769284333988006,pass,2049.0
43.74506120507958,2035.9963139269908,225092.57228889005,14.098366595983599,-14.098366595983599,pass,2050.0
81.13107364092816,1249.4564601917814,119313.76361072774,13.816274105541327,-13.816274105541327,pass,2051.0
52.161080664597236,1293.2375184630919,37033.85220368496,16.813619124474037,-16.813619124474037,pass,2052.0
62.83992857471961,1753.6458361494665,25326.971801757812,13.60612093316901,-13.60612093316901,pass,2053.0
40.9771737953195,2708.97265707669,354324.5097513071,13.67211430234831,-13.67211430234831,pass,2054.0
41.228094742944265,2217.5587567065318,132394.8598865463,13.89597200408464,-13.89597200408464,pass,2055.0
42.84927045307249,2909.698841921661,371943.3749856821,13.716570962819539,-13.716570962819539,pass,2056.0
37.898427078797646,908.3345631626571,612891.6647897639,35.76081768251996,-35.76081768251996,pass,2057.0
24.195331456934078,3776.9378389065528,396860.43845423864,13.943791569765867,-13.943791569765867,pass,2058.0
74.67939327316523,703.6945828006383,192644.7362957293,26.029121722458967,-26.029121722458967,pass,2059.0
24.209787893423908,4042.6654738428006,287786.61652708263,13.729023107755944,-13.729023107755944,pass,2060.0
77.11886378126809,1633.2260804614602,210246.33301973276,13.640326396376167,-13.640326396376167,pass,2061.0
10.483391281195757,4685.032999391702,419446.5142354012,22.39909864600106,-22.39909864600106,pass,2062.0
24.997073013303947,3606.7634239509516,369743.98132185487,13.873905492953853,-13.873905492953853,pass,2063.0
27.60790615094649,4336.104133510769,240599.0315661451,13.625757209125961,-13.625757209125961,pass,2064.0
54.12282777352715,1962.5118071727966,152227.73561320707,13.595986279455818,-13.595986279455818,pass,2065.0
43.91397123162987,1754.27363097411,61757.271263499424,14.79887656341687,-14.79887656341687,pass,2066.0
61.34596470157781,1655.0936154611386,15562.263295922588,13.75872411697907,-13.75872411697907,pass,2067.0
33.808363207462634,3393.282519629782,383119.5371670446,13.712675765073625,-13.712675765073625,pass,2068.0
91.96667155857102,1449.0895373400926,154609.5290105737,13.639364660060025,-13.639364660060025,pass,2069.0
45.50517954056504,2316.016981956776,51551.4331287338,13.593979404565495,-13.593979404565495,pass,2070.0
18.935112753623766,3617.665740543873,242159.12568365896,15.38818944638248,-15.38818944638248,pass,2071.0
16.527764872406575,3771.438807970262,77521.4093669804,16.83753796669543,-16.83753796669543,pass,2072.0
24.63705752412441,3990.8305290051703,524966.8434319806,13.83177145623454,-13.83177145623454,pass,2073.0
61.535153401293044,2210.566722540487,326977.3014145836,13.742272567114744,-13.742272567114744,pass,2074.0
55.65688962264443,2016.0587451153015,126515.88893351957,13.609766520202681,-13.609766520202681,pass,2075.0
66.70838328200051,1793.4804206332742,94147.13380098276,13.607195408347817,-13.607195408347817,pass,2076.0
30.69052736585381,2688.2383526537974,72129.6997302963,14.127731349252315,-14.127731349252315,pass,2077.0
11.595051161532066,3948.0390971868565,377491.0130072333,24.81324217374138,-24.81324217374138,pass,2078.0
57.290117809266796,2308.5770774027187,393204.632159633,13.741707341069018,-13.741707341069018,pass,2079.0
73.68284772333266,1418.2824975982362,110622.57611154148,13.685762563224845,-13.685762563224845,pass,2080.0
63.929205661446616,1840.2357851387974,251636.0867996118,13.636831623129186,-13.636831623129186,pass,2081.0
64.64937427799383,1202.6650418527402,312992.884145532,15.119497974658653,-15.119497974658653,pass,2082.0
14.036161895819781,4514.559053774026,432051.35298051836,16.473294758760478,-16.473294758760478,pass,2083.0
15.374620399956367,4300.94781148129,215778.56378848333,15.7469864469797,-15.7469864469797,pass,2084.0
24.31891877157758,3016.574027404759,286533.6008900054,14.877697513833978,-14.877697513833978,pass,2085.0
66.52320494181116,1795.8424150770593,101558.87345996601,13.607945814216638,-13.607945814216638,pass,2086.0
67.81449120157087,1810.2484121786138,495238.36004857434,13.79711294647975,-13.79711294647975,pass,2087.0
16.92094493339052,4239.983802807673,180468.3365734892,14.81880889907317,-14.81880889907317,pass,2088.0
28.968311308523433,4660.864712436189,408064.9199137784,13.801986347458042,-13.801986347458042,pass,2089.0
44.62185645623589,1959.482502668402,132112.59547648832,14.094534916883529,-14.094534916883529,pass,2090.0
36.727702415855106,4029.07286389836,200778.73909132363,13.79250267843646,-13.79250267843646,pass,2091.0
71.911670084081,1805.5663963694767,131157.51954772984,13.626665799896454,-13.626665799896454,pass,2092.0
40.41841911277861,2534.7801521938777,281893.6503763071,13.66105797507782,-13.66105797507782,pass,2093.0
33.25587756140302,3664.2234967803693,371793.54962047416,13.704398536097191,-13.704398536097191,pass,2094.0
29.84037141626122,2506.42206847411,94708.93557014005,14.759680370178636,-14.759680370178636,pass,2095.0
84.31481345492074,1043.7234416446267,107941.63966035776,14.308076644892846,-14.308076644892846,pass,2096.0
28.492661472388384,4566.06754529014,399390.65571489336,13.741916611794048,-13.741916611794048,pass,2097.0
23.350004733325072,3970.287139892578,383783.4365372696,13.807286813140845,-13.807286813140845,pass,2098.0
42.54889594142678,2068.0921581957896,127803.02541389005,13.969558077004809,-13.969558077004809,pass,2099.0
44.5819213849807,2780.2603253100474,14777.0630115463,13.627562990823828,-13.627562990823828,pass,2100.0
56.25441071368935,2325.3635115386683,181147.8501268149,13.639652580044258,-13.639652580044258,pass,2101.0
85.84437190490434,1369.1870913943826,154590.71583223273,13.614370339689774,-13.614370339689774,pass,2102.0
39.471333192040944,2741.8738812182505,52743.6391834213,13.575654908332265,-13.575654908332265,pass,2103.0
69.25589782730597,2101.3935921538,4903.2978515625,13.740033365261192,-13.740033365261192,pass,2104.0
86.03566705184647,1625.7405486545144,228736.63966035776,13.717123043041603,-13.717123043041603,pass,2105.0
57.878666181276635,1660.0357001520738,335522.18584788137,13.839619255238661,-13.839619255238661,pass,2106.0
14.4877853356086,4004.4540046407255,436767.93989458086,18.276947062992182,-18.276947062992182,pass,2107.0
44.81035641512942,1965.9283917379707,154458.89823761059,13.954831094174036,-13.954831094174036,pass,2108.0
78.05084901518804,2359.4817125076074,183182.66923710078,13.928745912346043,-13.928745912346043,pass,2109.0
52.434966636099105,2234.191852240194,399731.9156723961,13.708864677726424,-13.708864677726424,pass,2110.0
70.06058362742492,1162.043499145465,53436.95703125,14.690982575637705,-14.690982575637705,pass,2111.0
27.537486027876163,4016.669943601728,384126.5328851056,13.689094229948537,-13.689094229948537,pass,2112.0
70.90642795429142,1028.457988931244,82205.7045600278,16.117565058037215,-16.117565058037215,pass,2113.0
28.311914649737858,3031.1026322325497,73850.0625,13.94923321262558,-13.94923321262558,pass,2114.0
20.33933961262347,4686.956078250398,462438.4062419034,13.885597517471917,-13.885597517471917,pass,2115.0
88.5115650494642,910.3276877841531,242292.05567598276,15.188160028985854,-15.188160028985854,pass,2116.0
51.106244954159756,2242.6025384201207,310181.32925010833,13.66760505025625,-13.66760505025625,pass,2117.0
59.35698898548411,1574.1478833512233,288020.3890811584,13.924218856932777,-13.924218856932777,pass,2118.0
77.1719893834187,1514.7517124904618,370470.01275259955,13.704030534683099,-13.704030534683099,pass,2119.0
84.62845229106614,1539.2361159762918,323627.91114473273,13.687244840748482,-13.687244840748482,pass,2120.0
53.8366529846497,2657.0090679051395,289377.7779617212,13.772164226648247,-13.772164226648247,pass,2121.0
44.256421624935385,2072.47235230926,232070.43485870434,13.866930303200672,-13.866930303200672,pass,2122.0
47.03076596299577,2246.4855915590415,273248.5074692711,13.622604292908989,-13.622604292908989,pass,2123.0
16.900866542553803,4308.924972546442,109313.2467297392,14.717846432160442,-14.717846432160442,pass,2124.0
23.313902408574673,3896.376552110887,124411.2648357304,13.756357935636336,-13.756357935636336,pass,2125.0
46.11971872610881,2541.225035799035,358710.6323485759,13.691144212673905,-13.691144212673905,pass,2126.0
23.352647547221085,4132.6609573486885,171541.9947766142,13.691114191489449,-13.691114191489449,pass,2127.0
70.7399188005449,1146.7642428454637,148906.60152033932,14.65453385890874,-14.65453385890874,pass,2128.0
29.522927570471637,4814.547238433541,234502.4007067701,13.751700856763385,-13.751700856763385,pass,2129.0
22.52290643204246,3430.2274156231515,529349.9856511857,14.695997278199421,-14.695997278199421,pass,2130.0
60.26617254740198,2213.4529268568444,215328.783616216,13.675081302087186,-13.675081302087186,pass,2131.0
46.2305086345384,1960.7670569559414,305727.532550258,13.971828908662122,-13.971828908662122,pass,2132.0
41.14348046605828,2503.6905163500865,132933.4516834213,13.611718988699518,-13.611718988699518,pass,2133.0
75.64246947395011,1210.3285033322345,411993.82124903664,14.18034734924861,-14.18034734924861,pass,2134.0
90.08935780123493,1122.8101225637658,20905.97679509413,13.813247274088207,-13.813247274088207,pass,2135.0
81.2466785761825,1073.992561519976,120746.83567482681,14.298140496413529,-14.298140496413529,pass,2136.0
66.41557786331089,1140.5311090484315,74674.77642892429,15.362935907217585,-15.362935907217585,pass,2137.0
64.61271742145696,1786.5623716600217,97048.34410646948,13.61556845583777,-13.61556845583777,pass,2138.0
25.53708839041817,4591.62824475303,467752.43305864336,13.758538505965245,-13.758538505965245,pass,2139.0
36.520738371494616,3417.361056617087,248101.36968657584,13.651952806964422,-13.651952806964422,pass,2140.0
53.28822923226738,1896.7076308422302,157044.42164836332,13.70147814338933,-13.70147814338933,pass,2141.0
48.178607453919355,2846.551384798858,278021.5742044321,13.729071104307588,-13.729071104307588,pass,2142.0
87.13044874603764,1169.769530015874,174340.7985418237,13.81150044815882,-13.81150044815882,pass,2143.0
30.448297290439605,3085.98833373819,711678.424698047,14.181075430666954,-14.181075430666954,pass,2144.0
47.55992119138482,2759.65947043639,145837.4594959213,13.652067820466092,-13.652067820466092,pass,2145.0
38.70790378873589,2376.0671261523325,80119.7885974838,13.866654421278216,-13.866654421278216,pass,2146.0
22.655508946577335,3511.2073886700873,428409.5875726056,14.319717961199558,-14.319717961199558,pass,2147.0
46.497133638476086,2608.708075172029,118303.43609310096,13.611679898812971,-13.611679898812971,pass,2148.0
28.997407664872114,2810.4899109524226,204822.77635286958,14.184285355415357,-14.184285355415357,pass,2149.0
32.04177520735013,4402.349195385159,416042.48762083263,13.840579096991549,-13.840579096991549,pass,2150.0
53.90806526848768,2036.9565291544277,352603.384112758,13.676282931634717,-13.676282931634717,pass,2151.0
25.329445596762774,4464.787170410156,338345.03852739336,13.675177834982367,-13.675177834982367,pass,2152.0
41.124318351365034,2922.162796847198,182436.92576693208,13.610324503330492,-13.610324503330492,pass,2153.0
19.334922950664783,4249.006113798261,496465.7848382306,14.15346439543639,-14.15346439543639,pass,2154.0
38.56266982061933,3551.686066970799,351205.68633922416,13.769380884760674,-13.769380884760674,pass,2155.0
80.78524028258988,1025.4699302157937,259120.44825410776,14.784642749059689,-14.784642749059689,pass,2156.0
79.93768063058683,1712.3404962157774,61182.075592356836,13.67185513571994,-13.67185513571994,pass,2157.0
45.84631757562401,2002.4454869006236,193545.0864490463,13.891445894433772,-13.891445894433772,pass,2158.0
45.28665470085234,2430.1368263882136,227306.43553255708,13.600475382828057,-13.600475382828057,pass,2159.0
19.233010367275305,4224.692184448242,367507.0263810196,14.112038618457182,-14.112038618457182,pass,2160.0
52.310181052912874,2274.0933173206085,85503.8714365206,13.601303283101279,-13.601303283101279,pass,2161.0
41.5568464280461,3541.446784877957,219804.7971911451,13.783418603130434,-13.783418603130434,pass,2162.0
29.676199149290348,3688.9676730939154,436377.4547601056,13.717828253623404,-13.717828253623404,pass,2163.0
38.49441200577048,3397.309411258055,426166.8218544584,13.762395900059476,-13.762395900059476,pass,2164.0
27.542095009779832,4171.051673901423,216098.4342297392,13.6308641255883,-13.6308641255883,pass,2165.0
17.781849221111365,4278.38232421875,366880.9013810196,14.485033086823316,-14.485033086823316,pass,2166.0
24.530716080196974,4135.433754320291,462674.72700395586,13.737866748526491,-13.737866748526491,pass,2167.0
40.77158193414452,2443.7969158862193,38926.6001209213,13.636180206403042,-13.636180206403042,pass,2168.0
64.17261731155902,1277.363576545258,86052.37501647984,14.623659546326948,-14.623659546326948,pass,2169.0
40.44648229084105,2533.169819704864,422030.9413919321,13.745477448493029,-13.745477448493029,pass,2170.0
43.10527807556418,3180.578477114989,312990.6245888334,13.75071022478748,-13.75071022478748,pass,2171.0
54.67258466521669,1712.9448887392173,334584.8961411461,13.972789468300014,-13.972789468300014,pass,2172.0
34.00079851037636,1038.3338250452173,986844.5408709437,42.34766425960753,-42.34766425960753,pass,2173.0
62.45103467030907,1818.8869435482238,233703.00319133207,13.63629221762479,-13.63629221762479,pass,2174.0
63.32591731587816,1940.3959766908774,373488.3172837242,13.703671423661174,-13.703671423661174,pass,2175.0
54.3172863248961,2628.6697880312095,375357.6324692711,13.813243852642358,-13.813243852642358,pass,2176.0
54.87639072696844,1845.6403836496152,166376.04332521948,13.686560945321544,-13.686560945321544,pass,2177.0
17.626544151671624,4408.107122771671,125289.13391311675,14.353991832768248,-14.353991832768248,pass,2178.0
65.65599468509832,1758.2094926126279,154042.25230959448,13.629324166899742,-13.629324166899742,pass,2179.0
56.62353808207894,1860.7980487041687,143998.26198039457,13.626223621298255,-13.626223621298255,pass,2180.0
77.18306095024177,1334.8532830810118,24204.852936106836,13.711939739497515,-13.711939739497515,pass,2181.0
69.14627014097334,1850.100374414032,38106.34368966648,13.623635080070063,-13.623635080070063,pass,2182.0
32.20229298837406,574.5548085239852,638029.8991647639,62.94633320563439,-62.94633320563439,pass,2183.0
37.40593813858122,2295.9646462124324,319245.6777200571,13.98580327769034,-13.98580327769034,pass,2184.0
59.76923619370142,1511.3844479806698,249794.57555178198,14.028558461701257,-14.028558461701257,pass,2185.0
75.88842200236985,1591.995656534153,361432.36426973273,13.687519578371193,-13.687519578371193,pass,2186.0
13.629767510882921,4741.553375244141,607614.1564888493,16.479997008575346,-16.479997008575346,pass,2187.0
71.66453036899583,1553.6556231555223,137107.65669612057,13.616856969312371,-13.616856969312371,pass,2188.0
86.0177868710438,1305.78626638868,410565.54464771587,13.785789953719021,-13.785789953719021,pass,2189.0
21.252704582695625,4120.169391986661,250704.74347598333,13.950517258602831,-13.950517258602831,pass,2190.0
45.90812378130049,2542.3576134365535,254470.49754427583,13.641157778249692,-13.641157778249692,pass,2191.0
37.47409741704705,2389.2147701953013,196885.69338264005,14.003103134047986,-14.003103134047986,pass,2192.0
21.563983515621253,4338.094356536865,307080.5666031876,13.787238599241457,-13.787238599241457,pass,2193.0
64.40031913082281,1470.9265164621152,121290.23570803198,13.857066919961337,-13.857066919961337,pass,2194.0
49.93529622380974,2593.5670021746714,158621.6274646713,13.640470744667223,-13.640470744667223,pass,2195.0
63.2702196888485,1178.9972960643981,196119.89967570707,15.536754954510887,-15.536754954510887,pass,2196.0
83.45040443773286,1627.1336085376024,130812.0221746362,13.670429055449171,-13.670429055449171,pass,2197.0
49.96088832548928,1896.9333012533516,121634.86649932934,13.86152140051934,-13.86152140051934,pass,2198.0
34.71385859451384,2858.7565430325008,294973.76512240083,13.686360387931947,-13.686360387931947,pass,2199.0
35.22613828008416,2452.9252117846568,57684.6020740463,13.955710974644816,-13.955710974644816,pass,2200.0
