ra,dec,vlos,vlos_err,src,id,ruwe,parallax,parallax_err,pmra,pmra_err,pmdec,pmdec_err,x_pc,y_pc,r_pc,has_vlos,preprocess_mode
9.656437,48.147609,,,lamost,,,,,,,,,-613.3134437004521,-2054.8183653407805,2144.395461374945,False,dwarf
9.8786717,48.119494,,,lamost,,,,,,,,,985.2642414236626,-2359.0519432436686,2556.535095857257,False,dwarf
9.7141341,48.147673,,,lamost,,,,,,,,,-198.286912936465,-2054.125818693673,2063.6740486001722,False,dwarf
10.053445,48.22236,,,lamost,,,,,,,,,2242.442788857998,-1245.9347024626811,2565.327063768284,False,dwarf
9.9481995,48.142648,,,lamost,,,,,,,,,1485.3913123796108,-2108.501551539521,2579.1793547051725,False,dwarf
9.6584179,48.184744,,,lamost,,,,,,,,,-599.0644423677982,-1652.9789943493788,1758.185929266221,False,dwarf
9.719833333333334,48.39472222222222,,,simbad,,,,,,,,,-157.29121231463927,619.2040335130455,638.8694393929277,False,dwarf
9.7065,48.39041666666667,,,simbad,,,,,,,,,-253.2004881162519,572.6134387584602,626.0963483594974,False,dwarf
9.677166666666666,48.44161111111111,,,simbad,,,,,,,,,-464.20089487979516,1126.5906396150726,1218.4781245781564,False,dwarf
9.799233333333335,48.41088055555555,,,simbad,,,,,,,,,413.84852508396625,794.0540268598917,895.4286120549107,False,dwarf
9.800833333333333,48.38005555555556,,,simbad,,,,,,,,,425.35763818015016,460.4954268650974,626.8852833827444,False,dwarf
9.771983333333333,48.41685833333333,,,simbad,,,,,,,,,217.83394266440854,858.73980744827,885.937742436235,False,dwarf
9.719458333333334,48.42211111111111,,,simbad,,,,,,,,,-159.98866069655253,915.5803330489575,929.4534511300266,False,dwarf
9.724916666666665,48.421277777777775,,,simbad,,,,,,,,,-120.72580091527887,906.5627985802748,914.5659225973465,False,dwarf
9.686583333333333,48.432027777777776,,,simbad,,,,,,,,,-396.46496884491233,1022.8889932257035,1097.0352610483815,False,dwarf
9.78905,48.412530555555556,,,simbad,,,,,,,,,340.59781569047317,811.9087451078366,880.4559514454448,False,dwarf
9.7816125,48.40954166666667,,,simbad,,,,,,,,,287.0984227823835,779.5658548136819,830.7517236548588,False,dwarf
9.803429166666668,48.41802777777777,,,simbad,,,,,,,,,444.0299753127745,871.3944141525776,978.003498967451,False,dwarf
9.804045833333333,48.41927222222222,,,simbad,,,,,,,,,448.4657793185943,884.8605989591052,992.0180617358237,False,dwarf
9.789104166666666,48.40741666666667,,,simbad,,,,,,,,,340.9874471234173,756.5711419186649,829.8628391968506,False,dwarf
9.717208333333334,48.39244444444444,,,simbad,,,,,,,,,-176.17335098807797,594.5561059654781,620.1080653718361,False,dwarf
9.8064625,48.41518055555555,,,simbad,,,,,,,,,465.8493355576482,840.5845047181182,961.0400163425592,False,dwarf
9.800208333333332,48.41651111111111,,,simbad,,,,,,,,,420.86189087693845,854.982501419721,952.9532039541266,False,dwarf
9.613916666666665,48.42997222222222,,,simbad,,,,,,,,,-919.1705219637024,1000.64574153641,1358.7370417052657,False,dwarf
9.794908333333334,48.41824166666667,,,simbad,,,,,,,,,382.73795374581283,873.7089146662447,953.8635168643359,False,dwarf
9.793816666666668,48.411405555555554,,,simbad,,,,,,,,,374.88538178956037,799.7350735751563,883.2413245459958,False,dwarf
9.763279166666667,48.41761111111111,,,simbad,,,,,,,,,155.22316855518042,866.885646918305,880.6730136033908,False,dwarf
9.788149999999998,48.41763888888889,,,simbad,,,,,,,,,334.12393957385615,867.1862314005807,929.3281266200305,False,dwarf
9.619291666666667,48.408305555555565,,,simbad,,,,,,,,,-880.5070951561529,766.1898453519677,1167.1930533295676,False,dwarf
9.778875000000001,48.410866666666664,,,simbad,,,,,,,,,267.407049594372,793.9037346187882,837.7288761970822,False,dwarf
9.794095833333333,48.42384722222222,,,simbad,,,,,,,,,376.89348225165025,934.3668631919777,1007.5168147455362,False,dwarf
9.714041666666665,48.432138888888886,,,simbad,,,,,,,,,-198.95180399098126,1024.091331154875,1043.237688572374,False,dwarf
9.778608333333334,48.40483333333333,,,simbad,,,,,,,,,265.48886407834704,728.6167850658587,775.4784048761892,False,dwarf
9.787454166666668,48.41735555555555,,,simbad,,,,,,,,,329.1186742429852,864.1202696812588,924.6745060882082,False,dwarf
9.792991666666667,48.41715555555555,,,simbad,,,,,,,,,368.9509953493329,861.9560614087641,937.5996420480186,False,dwarf
9.702541666666665,48.39491666666667,,,simbad,,,,,,,,,-281.673554369861,621.3081248891128,682.1757671484502,False,dwarf
9.779599999999999,48.421658333333326,,,simbad,,,,,,,,,272.6221164660687,910.6808059875959,950.611565667416,False,dwarf
9.72325,48.42711111111111,,,simbad,,,,,,,,,-132.71446039047186,969.6855398607785,978.7252802558149,False,dwarf
9.625625,48.41997222222222,,,simbad,,,,,,,,,-834.9501891504036,892.4353279127683,1222.1221840998817,False,dwarf
9.688833333333333,48.39861111111111,,,simbad,,,,,,,,,-380.28027855338695,661.2858610333583,762.8316198606817,False,dwarf
9.765333333333334,48.39275,,,simbad,,,,,,,,,169.99919135836308,597.8625352706479,621.5620131111167,False,dwarf
9.662833333333333,48.39969444444444,,,simbad,,,,,,,,,-567.3033663665213,673.0086558425908,880.2123382058663,False,dwarf
9.758954166666667,48.42842222222222,,,simbad,,,,,,,,,124.112597217027,983.8731274247126,991.670443068886,False,dwarf
9.785795833333333,48.40628888888889,,,simbad,,,,,,,,,317.18995806513834,744.3674119377364,809.1305910990191,False,dwarf
9.810654166666668,48.41806666666667,,,simbad,,,,,,,,,496.00081413778344,871.8152324278461,1003.0346988606941,False,dwarf
9.78175,48.39680555555556,,,simbad,,,,,,,,,288.08748718909766,641.7478696847522,703.4449008414563,False,dwarf
9.7639375,48.427225,,,simbad,,,,,,,,,159.9586890478795,970.9179362381981,984.0063115198793,False,dwarf
9.767916666666666,48.41672222222222,,,simbad,,,,,,,,,188.5816135449225,857.266943485071,877.7639986690286,False,dwarf
9.713625,48.38638888888889,,,simbad,,,,,,,,,-201.94896885976237,529.0286888267004,566.263842766973,False,dwarf
9.574541666666665,48.44777777777777,,,simbad,,,,,,,,,-1202.402602065329,1193.3203946829528,1694.0441499027563,False,dwarf
9.785375,48.418549999999996,,,simbad,,,,,,,,,314.1628215476613,877.045402419594,931.6152190406376,False,dwarf
9.613874999999998,48.41052777777778,,,simbad,,,,,,,,,-919.4702384505817,790.2366039349151,1212.3940818046572,False,dwarf
9.659125,48.42966666666666,,,simbad,,,,,,,,,-593.9781336988549,997.3393122312402,1160.8168361262935,False,dwarf
9.682583333333334,48.41797222222222,,,simbad,,,,,,,,,-425.23775158538933,870.7932451880263,969.0758593827892,False,dwarf
9.795900000000001,48.417725,,,simbad,,,,,,,,,389.8712061335574,868.1180432956559,951.645151549417,False,dwarf
9.7724375,48.42615,,,simbad,,,,,,,,,221.10085237140729,959.2853167736415,984.4358312743744,False,dwarf
9.706708333333333,48.396611111111106,,,simbad,,,,,,,,,-251.70190568185564,639.6437783086162,687.3849085139998,False,dwarf
9.688333333333333,48.380833333333335,,,simbad,,,,,,,,,-383.8768763959494,468.9117923691599,606.003073634424,False,dwarf
9.777291666666667,48.41379166666666,,,simbad,,,,,,,,,256.01782309292605,825.555280603647,864.3417420637552,False,dwarf
9.771395833333333,48.42644722222222,,,simbad,,,,,,,,,213.60794019940306,962.5015707341356,985.9196852593573,False,dwarf
9.771675,48.424633333333325,,,simbad,,,,,,,,,215.61604066150434,942.8734040406472,967.2127651337843,False,dwarf
9.7741,48.414202777777774,,,simbad,,,,,,,,,233.05954019792722,830.0039309415607,862.103981347791,False,dwarf
9.789458333333332,48.369166666666665,,,simbad,,,,,,,,,343.5350372618853,342.66630980815285,485.2180146120524,False,dwarf
9.570375,48.45697222222223,,,simbad,,,,,,,,,-1232.3742507533227,1292.8138583203252,1786.0890140709391,False,dwarf
9.787458333333333,48.41874722222222,,,simbad,,,,,,,,,329.14864589165825,879.1795522439094,938.7734104543615,False,dwarf
9.809195833333336,48.41578611111111,,,simbad,,,,,,,,,485.51073709698676,847.1372464320303,976.4026782679889,False,dwarf
9.777225000000001,48.40730277777778,,,simbad,,,,,,,,,255.53827671392838,755.3387455413141,797.3935235389426,False,dwarf
9.758829166666667,48.424588888888884,,,simbad,,,,,,,,,123.21344775638926,942.3924688690199,950.4131307431853,False,dwarf
9.739125000000001,48.40711111111111,,,simbad,,,,,,,,,-18.522478889167584,753.2647126134262,753.4924083843097,False,dwarf
9.7806,48.414341666666665,,,simbad,,,,,,,,,279.8153121512051,831.5068533530078,877.3256271688961,False,dwarf
9.789570833333332,48.422324999999994,,,simbad,,,,,,,,,344.3442717764696,917.8948335624871,980.359068395847,False,dwarf
9.789958333333333,48.41808888888889,,,simbad,,,,,,,,,347.13163510445924,872.0557000136941,938.6061559656796,False,dwarf
9.722749999999998,48.39019444444445,,,simbad,,,,,,,,,-136.31105823305722,570.2087629001862,586.275308950306,False,dwarf
9.592541666666666,48.42749999999999,,,simbad,,,,,,,,,-1072.9250797331483,973.8937226127065,1449.0124946544863,False,dwarf
9.619708333333334,48.403305555555555,,,simbad,,,,,,,,,-877.5099302873604,712.0846385400781,1130.0832757800115,False,dwarf
9.769454166666666,48.419752777777774,,,simbad,,,,,,,,,199.64115191079324,890.0607105026736,912.1757823560065,False,dwarf
9.78545,48.42220277777778,,,simbad,,,,,,,,,314.7023112240508,916.5722618405292,969.093522765075,False,dwarf
9.797225000000001,48.415594444444444,,,simbad,,,,,,,,,399.40219041634737,845.0632135042113,934.6945728565242,False,dwarf
9.804279166666667,48.41464444444444,,,simbad,,,,,,,,,450.14419164513185,834.7832242099296,948.415955524882,False,dwarf
9.720833333333333,48.42833333333332,,,simbad,,,,,,,,,-150.09801662951432,982.9112570813203,994.3057647893304,False,dwarf
9.792866666666667,48.41679444444444,,,simbad,,,,,,,,,368.0518458886837,858.0484631390428,933.6537507863077,False,dwarf
9.797583333333334,48.40613888888889,,,simbad,,,,,,,,,401.9797522035112,742.7442557334341,844.5452922174211,False,dwarf
9.790249999999999,48.41411944444444,,,simbad,,,,,,,,,349.22965051261394,829.1021774946649,899.6509153685986,False,dwarf
9.769104166666665,48.413466666666665,,,simbad,,,,,,,,,197.12353342098694,822.0384421609461,845.3430592480015,False,dwarf
9.771358100820002,48.42521369095,,,simbad,,,,,,,,,213.3365228473231,949.1534778156363,972.8333857501519,False,dwarf
9.732458333333332,48.41577777777778,,,simbad,,,,,,,,,-66.47711678999678,847.0470710872858,849.6516625619349,False,dwarf
9.776195833333334,48.41181388888889,,,simbad,,,,,,,,,248.1352794879891,804.1536654648218,841.5665360546907,False,dwarf
9.800529166666667,48.41724444444444,,,simbad,,,,,,,,,423.16970782593046,862.9179317520874,961.0931060832678,False,dwarf
9.776475000000001,48.40873333333333,,,simbad,,,,,,,,,250.14337995009038,770.8188463790955,810.3908960903095,False,dwarf
9.794441666666668,48.42072777777778,,,simbad,,,,,,,,,379.3811290927606,900.6112258310517,977.2566813302468,False,dwarf
9.736458333333333,48.39744444444444,,,simbad,,,,,,,,,-37.70433404950842,648.66131277723,649.7561969692912,False,dwarf
9.672416666666667,48.403527777777775,,,simbad,,,,,,,,,-498.36857438412153,714.4893143983521,871.1292764699674,False,dwarf
9.781379166666666,48.40308888888889,,,simbad,,,,,,,,,285.42001045585744,709.7400795781627,764.980759841866,False,dwarf
9.604624999999999,48.397777777777776,,,simbad,,,,,,,,,-986.0072985379475,652.2683265647445,1182.2285576865725,False,dwarf
9.783166666666666,48.424166666666665,,,simbad,,,,,,,,,298.2778477430151,937.823584738251,984.1152120283015,False,dwarf
9.784749999999999,48.41547222222222,,,simbad,,,,,,,,,309.6670742444496,843.7406417821159,898.7724781422795,False,dwarf
9.786900000000001,48.42465277777777,,,simbad,,,,,,,,,325.13244496746717,943.083813178247,997.5561064167498,False,dwarf
9.795845833333335,48.40827222222222,,,simbad,,,,,,,,,389.4815747006132,765.8291439731269,859.1799431957671,False,dwarf
9.7946125,48.4148,,,simbad,,,,,,,,,380.6099666889507,836.4664973107972,918.9886549171094,False,dwarf
9.774237500000002,48.412825,,,simbad,,,,,,,,,234.0486046046299,815.0949406200825,848.0321406301947,False,dwarf
9.782037500000001,48.405100000000004,,,simbad,,,,,,,,,290.1555309485679,731.5023960958978,786.9472584831115,False,dwarf
9.745875,48.376250000000006,,,simbad,,,,,,,,,30.031591985385813,419.3153527916804,420.3894166174835,False,dwarf
9.779470833333333,48.42463055555555,,,simbad,,,,,,,,,271.6929953567464,942.8433455924678,981.2087739385124,False,dwarf
9.788092000000002,48.365154,,,simbad,,,,,,,,,333.70673422415103,299.24507783479993,448.22739884449686,False,dwarf
9.807916666666667,48.36250000000001,,,simbad,,,,,,,,,476.30944094976047,270.5260340592419,547.7727801211881,False,dwarf
9.77125,48.41277777777778,,,simbad,,,,,,,,,212.55893249531994,814.583947000207,841.8600278514155,False,dwarf
9.812250000000002,48.40452777777778,,,simbad,,,,,,,,,507.47995558529425,725.3103557607576,885.2180621150073,False,dwarf
9.869041666666668,48.35241666666667,,,simbad,,,,,,,,,915.9935272027687,161.4138669886356,930.1067564175601,False,dwarf
9.715625,48.374455555555556,,,simbad,,,,,,,,,-187.56257748952387,399.89759523586076,441.69877422281576,False,dwarf
9.787525,48.381661111111114,,,simbad,,,,,,,,,329.6281922706674,477.8692099413462,580.5288338658077,False,dwarf
9.794416666666667,48.42469444444444,,,simbad,,,,,,,,,379.20129920061936,943.534689901695,1016.8831478411496,False,dwarf
9.7464125,48.382225000000005,,,simbad,,,,,,,,,33.897934666131604,483.97107493181045,485.1567492525291,False,dwarf
9.753166666666667,48.39113888888889,,,simbad,,,,,,,,,82.48197718939237,580.4286352979715,586.2599058736125,False,dwarf
9.744637499999998,48.37928333333333,,,simbad,,,,,,,,,21.13001232502738,452.1391782574624,452.63264789030535,False,dwarf
9.797916666666667,48.388777777777776,,,simbad,,,,,,,,,404.3774840985567,554.8789543034394,686.594351545916,False,dwarf
9.7165,48.37513888888889,,,simbad,,,,,,,,,-181.2685312650367,407.2919735001035,445.8082907535397,False,dwarf
9.790045833333332,48.38556388888889,,,simbad,,,,,,,,,347.76103972690214,520.1013297027623,625.6541647831632,False,dwarf
9.72075,48.43294444444444,,,simbad,,,,,,,,,-150.69744960327282,1032.8082811412132,1043.7445410208372,False,dwarf
9.725916666666667,48.41763888888889,,,simbad,,,,,,,,,-113.53260523015392,867.1862314005807,874.586537960131,False,dwarf
9.808749999999998,48.386944444444445,,,simbad,,,,,,,,,482.3037706873455,535.0403784724889,720.3368196997955,False,dwarf
9.804291666666668,48.414861111111115,,,simbad,,,,,,,,,450.2341065911968,837.1277831718448,950.5228435425319,False,dwarf
9.769329166666667,48.42886111111111,,,simbad,,,,,,,,,198.7420024501555,988.622362244902,1008.4009910093246,False,dwarf
9.7771875,48.40521944444445,,,simbad,,,,,,,,,255.26853187573363,732.794909369745,775.9835066315554,False,dwarf
9.815,48.382777777777775,,,simbad,,,,,,,,,527.2612437193593,489.95270612928186,719.7625117855833,False,dwarf
9.727916666666667,48.39944444444444,,,simbad,,,,,,,,,-99.14621385990401,670.3033955019722,677.596202575123,False,dwarf
9.771416666666667,48.416555555555554,,,simbad,,,,,,,,,213.7577984428484,855.4634365913482,881.7653246413204,False,dwarf
9.57708333333333,48.448611111111106,,,simbad,,,,,,,,,-1184.11989636566,1202.3379291515669,1687.5296811746748,False,dwarf
9.666250000000002,48.414111111111104,,,simbad,,,,,,,,,-542.7266144423539,829.0120021499891,990.8648130460548,False,dwarf
9.779404166666666,48.42068333333333,,,simbad,,,,,,,,,271.21344897773736,900.1302906593555,940.1017365524306,False,dwarf
9.785333333333334,48.41394722222222,,,simbad,,,,,,,,,313.863105060782,827.2385537045146,884.7788839328912,False,dwarf
9.636874999999998,48.396361111111105,,,simbad,,,,,,,,,-754.0267376927993,636.9385179679977,987.0395112795206,False,dwarf
9.693041666666668,48.42019444444444,,,simbad,,,,,,,,,-350.0089133784909,894.8400037710425,960.8563221384096,False,dwarf
9.767829166666665,48.427797222222225,,,simbad,,,,,,,,,187.95220892245663,977.1099765733381,995.0225822351873,False,dwarf
9.790554166666666,48.424141666666664,,,simbad,,,,,,,,,351.4175808668451,937.5530587041548,1001.2492467052457,False,dwarf
9.625999999999998,48.40302777777778,,,simbad,,,,,,,,,-832.2527407684903,709.0787937171839,1093.3605810601005,False,dwarf
9.807104166666667,48.417852777777775,,,simbad,,,,,,,,,470.4649694555979,869.500731914179,988.6196489470304,False,dwarf
9.706916666666666,48.436583333333324,,,simbad,,,,,,,,,-250.20332324744794,1072.1848483208385,1100.9913950312448,False,dwarf
9.621875000000001,48.443305555555554,,,simbad,,,,,,,,,-861.9246729695935,1144.926293034645,1433.0981677316438,False,dwarf
9.807804166666667,48.41857777777778,,,simbad,,,,,,,,,475.5002064351762,877.3459869019384,997.9160420861224,False,dwarf
9.774000000000001,48.41941666666666,,,simbad,,,,,,,,,232.34022062940787,886.4236382669799,916.3671996533876,False,dwarf
9.741208333333333,48.41266666666667,,,simbad,,,,,,,,,-3.5366545451820497,813.3816090711043,813.3892978767736,False,dwarf
9.744166666666667,48.42683333333333,,,simbad,,,,,,,,,17.743216023302114,966.6796950378153,966.8425179486333,False,dwarf
9.797454166666668,48.41591111111111,,,simbad,,,,,,,,,401.050631094189,848.4898766022364,938.4970321729983,False,dwarf
9.751125000000002,48.39861111111111,,,simbad,,,,,,,,,67.79586933227465,661.2858610333583,664.7520364024084,False,dwarf
9.769795833333333,48.41811666666666,,,simbad,,,,,,,,,202.0988271032077,872.3562844959009,895.4604530720413,False,dwarf
9.8145,48.41994444444444,,,simbad,,,,,,,,,523.6646458768082,892.1347434304239,1034.4704257623566,False,dwarf
9.625166666666665,48.403305555555555,,,simbad,,,,,,,,,-838.2470705060867,712.0846385400781,1099.8739398934727,False,dwarf
9.775904166666667,48.41569166666667,,,simbad,,,,,,,,,246.0372640798229,846.1152591922105,881.1613740704855,False,dwarf
9.785633333333333,48.41291111111111,,,simbad,,,,,,,,,316.02106376630576,816.0267525151577,875.0822667409172,False,dwarf
9.793750000000001,48.393055555555556,,,simbad,,,,,,,,,374.4058354105513,601.1689645758178,708.2258492590013,False,dwarf
9.797775,48.421675,,,simbad,,,,,,,,,403.3584480431466,910.8611566770852,996.1757296536056,False,dwarf
9.729499999999998,48.40655555555554,,,simbad,,,,,,,,,-87.75698735848096,747.2530229675689,752.3884430029522,False,dwarf
9.780824999999998,48.413624999999996,,,simbad,,,,,,,,,281.43378118033934,823.7517737099931,870.5009809757959,False,dwarf
9.740791666666667,48.40461111111111,,,simbad,,,,,,,,,-6.53381941398602,726.2121092075846,726.2415014000944,False,dwarf
9.673791666666666,48.4105,,,simbad,,,,,,,,,-488.4779303170833,789.9360194526395,928.7677875742365,False,dwarf
9.761016666666666,48.42819444444444,,,simbad,,,,,,,,,138.94856331759007,981.4083346700108,991.1957539294579,False,dwarf
10.14306,48.35337,,,simbad,,,,,,,,,2887.0610201801032,171.72992642070506,2892.1639825348493,False,dwarf
9.728833333333334,48.38177777777778,,,simbad,,,,,,,,,-92.552451148549,479.1316647669452,487.98884044202174,False,dwarf
9.5338214791,48.49633003022,,,simbad,,,,,,,,,-1495.3108795671708,1718.7063265962443,2278.1365331414845,False,dwarf
9.578036893907084,48.557291543405825,,,simbad,,,,,,,,,-1177.2607485610304,2378.373382292456,2653.790273495578,False,dwarf
9.993541666666667,48.514694444444444,,,simbad,,,,,,,,,1811.5463900003106,1917.428412514608,2637.8460986648647,False,dwarf
9.916812499999999,48.43556944444444,,,simbad,,,,,,,,,1259.6184794107187,1061.2135147173985,1647.0618802861736,False,dwarf
9.824583333333333,48.416,,,simbad,,,,,,,,,596.1960357017706,849.4517469455598,1037.7947693910248,False,dwarf
9.973587499999999,48.441925,,,simbad,,,,,,,,,1668.0121644334554,1129.9872442649184,2014.7296972297313,False,dwarf
9.950629166666667,48.433141666666664,,,simbad,,,,,,,,,1502.8683801625637,1034.9424309654598,1824.751819701831,False,dwarf
9.932108333333332,48.416533333333334,,,simbad,,,,,,,,,1369.6444017443753,855.2229690055691,1614.7235410262674,False,dwarf
9.866791666666668,48.45830555555556,,,simbad,,,,,,,,,899.8088369112546,1307.2419134701763,1586.9900325196604,False,dwarf
9.845554166666666,48.435761111111105,,,simbad,,,,,,,,,747.0433435484887,1063.2875476452175,1299.4822684890648,False,dwarf
9.927875000000002,48.41545,,,simbad,,,,,,,,,1339.1932066773836,843.5001741963366,1582.697377479379,False,dwarf
9.924204166666668,48.42348055555556,,,simbad,,,,,,,,,1312.7881841832448,930.39914802576,1609.0541914982855,False,dwarf
9.8865,48.437666666666665,,,simbad,,,,,,,,,1041.574735205496,1083.9076431302085,1503.2410677780467,False,dwarf
9.966541666666666,48.434661111111105,,,simbad,,,,,,,,,1617.3301065020398,1051.3844021465645,1929.0323570316255,False,dwarf
9.971008333333332,48.41736111111111,,,simbad,,,,,,,,,1649.459713895569,864.1803865777553,1862.129181423816,False,dwarf
9.927279166666668,48.409908333333334,,,simbad,,,,,,,,,1334.9072609149978,783.5335699798995,1547.870230519674,False,dwarf
9.847625,48.471444444444444,,,simbad,,,,,,,,,761.9392529464322,1449.418373592275,1637.4874188485976,False,dwarf
9.831225000000002,48.44964722222222,,,simbad,,,,,,,,,643.9708437104584,1213.5497303409238,1373.8272801046312,False,dwarf
9.968666666666667,48.49655555555555,,,simbad,,,,,,,,,1632.6156473329274,1721.1467455805507,2372.2942422344736,False,dwarf
9.939887500000001,48.40819722222222,,,simbad,,,,,,,,,1425.6014698448907,765.0175658709069,1617.8972238417866,False,dwarf
9.834583333333333,48.43694444444444,,,simbad,,,,,,,,,668.1279925529743,1076.0924465906974,1266.6372677457505,False,dwarf
9.904437500000002,48.41476111111111,,,simbad,,,,,,,,,1170.6026828073634,836.0456790355975,1438.5002670941324,False,dwarf
9.927591666666668,48.417158333333326,,,simbad,,,,,,,,,1337.155134566598,861.9861198569434,1590.9129217917132,False,dwarf
9.964016666666668,48.417047222222216,,,simbad,,,,,,,,,1599.1672873971204,860.7837819278408,1816.1180392009383,False,dwarf
9.957516666666667,48.40946666666667,,,simbad,,,,,,,,,1552.4115154438311,778.7542767115308,1736.7900669853889,False,dwarf
9.9221625,48.41811111111111,,,simbad,,,,,,,,,1298.1020763261272,872.2961675994734,1563.95959173213,False,dwarf
9.974783333333333,48.43838888888889,,,simbad,,,,,,,,,1676.6140276069116,1091.722839669651,2000.7232082985981,False,dwarf
9.829287500000001,48.44405833333333,,,simbad,,,,,,,,,630.0340270705332,1153.072132504611,1313.970402263858,False,dwarf
9.830095833333333,48.440911111111106,,,simbad,,,,,,,,,635.8485269159885,1119.0159106613407,1287.0508760318926,False,dwarf
9.971791666666666,48.49219444444444,,,simbad,,,,,,,,,1655.0943838489286,1673.9549818613452,2354.031159680492,False,dwarf
9.826666666666666,48.38433333333333,,,simbad,,,,,,,,,611.1818600457675,506.785437137407,793.961425601746,False,dwarf
9.9168875,48.404605555555555,,,simbad,,,,,,,,,1260.1579690871085,726.151992311157,1454.4053159251064,False,dwarf
9.937741666666666,48.43324166666667,,,simbad,,,,,,,,,1410.1660707705578,1036.024535101776,1749.8329018752977,False,dwarf
9.972316666666666,48.42791388888889,,,simbad,,,,,,,,,1658.8708115836096,978.3724313989372,1925.8932950829678,False,dwarf
9.831641666666668,48.435649999999995,,,simbad,,,,,,,,,646.968008579251,1062.085209716046,1243.6207608521897,False,dwarf
9.965008333333333,48.43207777777777,,,simbad,,,,,,,,,1606.300539784865,1023.4300452938272,1904.628699175583,False,dwarf
9.832500000000001,48.44138888888888,,,simbad,,,,,,,,,653.1421682089888,1124.1859637566608,1300.1495194785218,False,dwarf
9.918129166666667,48.41925555555555,,,simbad,,,,,,,,,1269.0895203961284,884.6802482697535,1547.0123957027324,False,dwarf
9.932333333333334,48.431688888888885,,,simbad,,,,,,,,,1371.2628707735437,1019.2218625418303,1708.5593539135064,False,dwarf
9.850833333333334,48.45194444444445,,,simbad,,,,,,,,,785.0174224361919,1238.4080670262288,1466.256080636668,False,dwarf
9.883791666666665,48.50994444444444,,,simbad,,,,,,,,,1022.0931635582874,1866.0284660433367,2127.6129044252,False,dwarf
9.937208333333334,48.486555555555555,,,simbad,,,,,,,,,1406.329699738508,1612.936331956909,2139.9361755232817,False,dwarf
9.917458333333332,48.43642777777777,,,simbad,,,,,,,,,1264.264084957353,1070.5015752201086,1656.6041467598066,False,dwarf
9.882083333333334,48.44547222222222,,,simbad,,,,,,,,,1009.8047875962151,1168.3718826531097,1544.279302855092,False,dwarf
10.02644639731,48.3405760647,,,simbad,,,,,,,,,2048.2365564839893,33.28622335202258,2048.507008526559,False,dwarf
9.903974999999999,48.409463888888894,,,simbad,,,,,,,,,1167.2758298029728,778.7242182633514,1403.1907464603971,False,dwarf
9.916704166666667,48.427302777777776,,,simbad,,,,,,,,,1258.839216544842,971.7595727885287,1590.2807426418065,False,dwarf
9.951291666666666,48.43123055555555,,,simbad,,,,,,,,,1507.633872303947,1014.2622185840411,1817.0546884904745,False,dwarf
9.958833333333333,48.41889722222222,,,simbad,,,,,,,,,1561.8825564292292,880.8027084482118,1793.1231221775067,False,dwarf
9.857166666666666,48.45027777777778,,,simbad,,,,,,,,,830.5743284419528,1220.3729980889323,1476.1991632335287,False,dwarf
9.908000000000001,48.52975,,,simbad,,,,,,,,,1196.2284424356023,2080.3452019146216,2399.749704786125,False,dwarf
9.925595833333334,48.43076944444444,,,simbad,,,,,,,,,1322.798714845044,1009.2725161780036,1663.859204352333,False,dwarf
9.944970833333334,48.42122777777777,,,simbad,,,,,,,,,1462.1668812442626,906.0217465121511,1720.118424341912,False,dwarf
9.968158333333333,48.42572777777778,,,simbad,,,,,,,,,1628.9591061929846,954.7164326428725,1888.1184381302407,False,dwarf
9.837375,48.374722222222225,,,simbad,,,,,,,,,688.2089971739415,402.783206265831,797.4120233862449,False,dwarf
9.836979166666667,48.436449999999994,,,simbad,,,,,,,,,685.3616905485829,1070.7420428058879,1271.302154919804,False,dwarf
9.911037499999999,48.40909166666667,,,simbad,,,,,,,,,1218.0777743291492,774.6963862006373,1443.560859509214,False,dwarf
9.871583333333334,48.461444444444446,,,simbad,,,,,,,,,934.2762329024489,1341.2079599686333,1634.536898099769,False,dwarf
9.8360375,48.43961944444444,,,simbad,,,,,,,,,678.5880979450866,1105.0387322350064,1296.762278296327,False,dwarf
9.921191666666667,48.426544444444446,,,simbad,,,,,,,,,1291.1186821818164,963.5536164221347,1611.0316642447115,False,dwarf
9.921108333333335,48.431644444444444,,,simbad,,,,,,,,,1290.519249208058,1018.740927370203,1644.163315998636,False,dwarf
9.923991666666668,48.422149999999995,,,simbad,,,,,,,,,1311.259630100164,916.0011513240885,1599.5186547075575,False,dwarf
9.95555,48.41874166666667,,,simbad,,,,,,,,,1538.2648972630914,879.1194353474818,1771.7533337791422,False,dwarf
9.92385,48.42887777777778,,,simbad,,,,,,,,,1310.2405940447654,988.8027129343225,1641.4814100041024,False,dwarf
9.944791666666667,48.462,,,simbad,,,,,,,,,1460.8781003506692,1347.2196496144218,1987.2507663582332,False,dwarf
9.9103625,48.43089166666667,,,simbad,,,,,,,,,1213.2223672416892,1010.595087900168,1578.9904825753308,False,dwarf
9.94715,48.43936111111111,,,simbad,,,,,,,,,1477.842053508083,1102.2432965497808,1843.626160561277,False,dwarf
9.919533333333334,48.41929722222222,,,simbad,,,,,,,,,1279.1899660039924,885.1311249932014,1555.5655169606407,False,dwarf
9.834883333333334,48.44334444444444,,,simbad,,,,,,,,,670.285951258521,1145.3471113098446,1327.0656584511355,False,dwarf
9.939191666666666,48.40928333333333,,,simbad,,,,,,,,,1420.5962045139856,776.7704191283187,1619.0941480693227,False,dwarf
9.921375000000001,48.405236111111115,,,simbad,,,,,,,,,1292.4374347240944,732.9752600590966,1485.81535008052,False,dwarf
9.902729166666667,48.41398888888889,,,simbad,,,,,,,,,1158.3143068452796,827.6894304279625,1423.643855282853,False,dwarf
9.909575,48.411525,,,simbad,,,,,,,,,1207.557725639668,801.0275868490036,1449.082763559482,False,dwarf
9.910274999999999,48.42020555555555,,,simbad,,,,,,,,,1212.5929626192349,894.9602375638976,1507.0950599793368,False,dwarf
9.838270833333334,48.43638055555555,,,simbad,,,,,,,,,694.6529016418625,1069.990581600233,1275.7047066122568,False,dwarf
9.962004166666667,48.4277611111111,,,simbad,,,,,,,,,1584.6909810808056,976.7192167462491,1861.51173347907,False,dwarf
9.945166666666667,48.48005555555556,,,simbad,,,,,,,,,1463.5755487325941,1542.5995631015833,2126.421124549206,False,dwarf
9.913583333333335,48.482,,,simbad,,,,,,,,,1236.3904516775367,1563.640476861705,1993.3973236361294,False,dwarf
9.9666125,48.428022222222225,,,simbad,,,,,,,,,1617.839624529745,979.5447108798605,1891.2728230774258,False,dwarf
10.03,48.53,,,simbad,,,,,,,,,2073.798316020332,2083.0504622552403,2939.3432402206,False,dwarf
10.12592465279,48.36601094731,,,simbad,,,,,,,,,2763.803114566072,308.5181401217518,2780.9694530629613,False,dwarf
9.955666666666668,48.44772222222222,,,simbad,,,,,,,,,1539.1041034263603,1192.7192257184015,1947.1570539076101,False,dwarf
9.938236124999998,48.50889194444444,,,simbad,,,,,,,,,1413.7228063203524,1854.6393200094324,2332.016119248609,False,dwarf
9.841041666666667,48.43648611111111,,,simbad,,,,,,,,,714.5840480193845,1071.1328026329081,1287.6163413688096,False,dwarf
9.889166666666666,48.49272222222222,,,simbad,,,,,,,,,1060.756590365814,1679.6660870247892,1986.575623505351,False,dwarf
9.9540875,48.42051388888889,,,simbad,,,,,,,,,1527.7448485735988,898.2967253174534,1772.270106123564,False,dwarf
9.963208333333334,48.47363888888889,,,simbad,,,,,,,,,1593.3527875516425,1473.1645476930844,2170.0200206860673,False,dwarf
9.917854166666666,48.43277222222222,,,simbad,,,,,,,,,1267.111391582723,1030.9446573510627,1633.529358536113,False,dwarf
9.94905,48.433927777777775,,,simbad,,,,,,,,,1491.509125309802,1043.448971814198,1820.2706468167082,False,dwarf
9.9713,48.412752777777776,,,simbad,,,,,,,,,1651.5577293037352,814.3134209661796,1841.3987294414408,False,dwarf
9.86041666666667,48.51638888888889,,,simbad,,,,,,,,,853.9522144186145,1935.76406593418,2115.7544525470066,False,dwarf
9.920533333333333,48.41401111111111,,,simbad,,,,,,,,,1286.3831616891061,827.9298980138105,1529.7874214093995,False,dwarf
9.938949999999998,48.41634722222222,,,simbad,,,,,,,,,1418.857848890079,853.2090529742464,1655.633801126986,False,dwarf
9.956179166666667,48.420430555555555,,,simbad,,,,,,,,,1542.7906162149761,897.3949718705576,1784.8026840576929,False,dwarf
9.945833333333335,48.45616666666667,,,simbad,,,,,,,,,1468.3710125226735,1284.0969083339871,1950.6456111784544,False,dwarf
9.842625,48.42905555555555,,,simbad,,,,,,,,,725.9732745208189,990.7264536209004,1228.2410598993695,False,dwarf
9.948666666666668,48.42780555555556,,,simbad,,,,,,,,,1488.75173363052,977.2001519180141,1780.8149430236901,False,dwarf
9.914070833333334,48.407875,,,simbad,,,,,,,,,1239.8971345740229,761.5307858763854,1455.085578982342,False,dwarf
9.922804166666667,48.42470555555555,,,simbad,,,,,,,,,1302.7177102240767,943.6549236945501,1608.5888373181099,False,dwarf
9.902750000000001,48.44947222222222,,,simbad,,,,,,,,,1158.464165088725,1211.6560481025251,1676.3500829773432,False,dwarf
9.926841666666668,48.40522222222222,,,simbad,,,,,,,,,1331.76023780276,732.8249678179244,1520.0716313548535,False,dwarf
9.9503375,48.40846388888889,,,simbad,,,,,,,,,1500.7703647543974,767.9031769009459,1685.819378468409,False,dwarf
9.782704166666667,48.442305555555556,,,simbad,,,,,,,,,294.9509947386474,1134.1052516723082,1171.8322453184276,False,dwarf
9.788620833333333,48.42970833333333,,,simbad,,,,,,,,,337.51073587560427,997.7901889546881,1053.3274695010684,False,dwarf
9.782333333333334,48.46313888888889,,,simbad,,,,,,,,,292.2835180054186,1359.5436133882743,1390.6072384402682,False,dwarf
9.765575,48.454925,,,simbad,,,,,,,,,171.73754698225815,1270.6607819757076,1282.21394778508,False,dwarf
9.746129166666666,48.44883055555555,,,simbad,,,,,,,,,31.85986255534582,1204.7125465616614,1205.133756346211,False,dwarf
9.8165125,48.423725,,,simbad,,,,,,,,,538.1409521931002,933.0442914698822,1077.1106416110795,False,dwarf
9.820091666666668,48.455822222222224,,,simbad,,,,,,,,,563.8865984161116,1280.3696607536174,1399.0405869922524,False,dwarf
9.73920833333333,48.452111111111115,,,simbad,,,,,,,,,-17.923045915443396,1240.2115739199514,1240.3410755352297,False,dwarf
9.770554166666667,48.45999166666667,,,simbad,,,,,,,,,207.55366716442614,1325.487391545004,1341.639053508126,False,dwarf
9.772233333333332,48.447577777777774,,,simbad,,,,,,,,,219.63224158568406,1191.156186410458,1211.2354775054512,False,dwarf
9.778133333333335,48.43474444444444,,,simbad,,,,,,,,,262.0720961279144,1052.2861555934603,1084.4297749612665,False,dwarf
9.786508333333334,48.44869444444444,,,simbad,,,,,,,,,322.315109990793,1203.2396825984627,1245.6615767968547,False,dwarf
9.738054166666666,48.443597222222216,,,simbad,,,,,,,,,-26.22519260199756,1148.0824300985737,1148.381916884822,False,dwarf
9.771474999999999,48.44709722222222,,,simbad,,,,,,,,,214.17740152446564,1185.9560748668896,1205.1405606141766,False,dwarf
9.766791666666666,48.435088888888885,,,simbad,,,,,,,,,180.48926839915978,1056.01340317383,1071.3265999171485,False,dwarf
9.771795833333334,48.42937222222222,,,simbad,,,,,,,,,216.48521847345762,994.1531167189943,1017.4508682484825,False,dwarf
9.8110125,48.43663333333333,,,simbad,,,,,,,,,498.5783759249473,1072.7259003891,1182.929099441536,False,dwarf
9.813570833333333,48.42924722222222,,,simbad,,,,,,,,,516.9809682193769,992.8004865487194,1119.3400410922582,False,dwarf
9.791620833333333,48.456919444444445,,,simbad,,,,,,,,,359.0903229309677,1292.2427478039533,1341.2073587907942,False,dwarf
9.797483333333336,48.454350000000005,,,simbad,,,,,,,,,401.26043263501475,1264.4386831923882,1326.5802344192152,False,dwarf
9.779645833333333,48.43124722222222,,,simbad,,,,,,,,,272.95180460165534,1014.4425692733927,1050.5219721592225,False,dwarf
9.779429166666667,48.454377777777786,,,simbad,,,,,,,,,271.3932788698786,1264.7392676746638,1293.5299482478126,False,dwarf
9.743483333333332,48.44268611111111,,,simbad,,,,,,,,,12.827865638461775,1138.2232590795604,1138.295542311633,False,dwarf
9.77185,48.43071111111111,,,simbad,,,,,,,,,216.8748499064018,1008.641288765273,1031.693728741236,False,dwarf
9.775379166666669,48.43015833333333,,,simbad,,,,,,,,,242.26083634515345,1002.6596575677327,1031.511852447899,False,dwarf
9.822770833333333,48.43031666666666,,,simbad,,,,,,,,,583.158368522483,1004.3729891167796,1161.3951885750082,False,dwarf
9.794833333333335,48.43429722222222,,,simbad,,,,,,,,,382.19846406943475,1047.446745428664,1114.9979149963176,False,dwarf
9.769204166666666,48.42942222222222,,,simbad,,,,,,,,,197.84285298951775,994.694168787118,1014.1786252421846,False,dwarf
9.772375,48.43548611111111,,,simbad,,,,,,,,,220.65127764108266,1060.3117612705714,1083.027246847162,False,dwarf
9.586120000000001,48.47398,,,simbad,,,,,,,,,-1119.1173846910867,1476.8557251355285,1852.9777531269515,False,dwarf
9.787058333333333,48.42996944444444,,,simbad,,,,,,,,,326.2713676176037,1000.6156830881619,1052.4660329763856,False,dwarf
9.790833333333332,48.44166666666667,,,simbad,,,,,,,,,353.42568132892353,1127.1918085796929,1181.3005906846795,False,dwarf
9.810325,48.445975,,,simbad,,,,,,,,,493.6330538914225,1173.8124617824574,1273.3849721627646,False,dwarf
9.744095833333331,48.44146666666666,,,simbad,,,,,,,,,17.23369799558565,1125.0276003071292,1125.159589480275,False,dwarf
9.751779166666667,48.446483333333326,,,simbad,,,,,,,,,72.50141817628922,1179.3131578083016,1181.5396649361212,False,dwarf
9.751829166666667,48.43496111111111,,,simbad,,,,,,,,,72.86107796053746,1054.630714555307,1057.1445883912988,False,dwarf
9.764858333333335,48.44573333333333,,,simbad,,,,,,,,,166.5824234079304,1171.1973767865836,1182.9847840019895,False,dwarf
9.7650375,48.431977777777774,,,simbad,,,,,,,,,167.87120430151236,1022.3479411575797,1036.0386353909694,False,dwarf
9.791620833333333,48.44383055555556,,,simbad,,,,,,,,,359.0903229309677,1150.6073397499094,1205.3394170560548,False,dwarf
9.7519875,48.45110833333334,,,simbad,,,,,,,,,74.00000061068549,1229.3604741093666,1231.5856346161188,False,dwarf
9.7551625,48.44777222222222,,,simbad,,,,,,,,,96.83839691094636,1193.2602777865254,1197.183263188831,False,dwarf
9.800258333333334,48.457625,,,simbad,,,,,,,,,421.22155066120956,1299.8775936540442,1366.4220992157811,False,dwarf
9.759166666666667,48.45366666666667,,,simbad,,,,,,,,,125.6411513001192,1257.0443049280766,1263.307596530683,False,dwarf
9.768579166666665,48.441725,,,simbad,,,,,,,,,193.34710568630607,1127.8230359924235,1144.2761483979464,False,dwarf
9.805333333333333,48.44108333333333,,,simbad,,,,,,,,,457.72701876318956,1120.87953445156,1210.7373598176373,False,dwarf
9.7393625,48.442233333333334,,,simbad,,,,,,,,,-16.81409491396842,1133.3237320183364,1133.448452883388,False,dwarf
9.7453,48.44544722222222,,,simbad,,,,,,,,,25.895504466445256,1168.1013566190136,1168.3883585891942,False,dwarf
9.753470833333333,48.44051111111111,,,simbad,,,,,,,,,84.66990754361207,1114.6874941164197,1117.8985655161146,False,dwarf
9.765154166666669,48.43261111111111,,,simbad,,,,,,,,,168.71041046479255,1029.2012673537677,1042.9374148633274,False,dwarf
9.797600000000001,48.447925,,,simbad,,,,,,,,,402.0996387982607,1194.9134924390758,1260.754684280269,False,dwarf
9.820125,48.42228055555555,,,simbad,,,,,,,,,564.1263716056104,917.4138983908597,1076.9804195534966,False,dwarf
9.789375,48.45256388888889,,,simbad,,,,,,,,,342.9356042881382,1245.1111009811755,1291.4745380668662,False,dwarf
9.701625,48.44322222222222,,,simbad,,,,,,,,,-288.26731708121605,1144.0245395877491,1179.7839604250278,False,dwarf
9.701833333333333,48.44116666666666,,,simbad,,,,,,,,,-286.7687346468198,1121.7812878983868,1157.8555890308176,False,dwarf
9.773804166666666,48.45166666666667,,,simbad,,,,,,,,,230.93155314106508,1235.4022222033345,1256.8007132640726,False,dwarf
9.784391666666668,48.439161111111105,,,simbad,,,,,,,,,307.0895124572972,1100.0790882772171,1142.1374563186753,False,dwarf
9.815108333333335,48.43866111111111,,,simbad,,,,,,,,,528.0405065852591,1094.6685675961176,1215.3707456894595,False,dwarf
9.770533333333333,48.45326388888889,,,simbad,,,,,,,,,207.40380892098077,1252.6858299349076,1269.7393939209096,False,dwarf
9.816166666666668,48.45538611111111,,,simbad,,,,,,,,,535.6533053520127,1275.6504843816763,1383.5492842099054,False,dwarf
9.800125000000001,48.43778333333333,,,simbad,,,,,,,,,420.26245790319143,1085.1700979557388,1163.7072978288395,False,dwarf
9.728708333333332,48.452111111111115,,,simbad,,,,,,,,,-93.45160060919821,1240.2115739199514,1243.7274419025352,False,dwarf
9.798041666666666,48.46047777777778,,,simbad,,,,,,,,,405.276633559183,1330.7476199850687,1391.0925123100149,False,dwarf
9.738791666666668,48.46155555555555,,,simbad,,,,,,,,,-20.920210784213047,1342.410297897736,1342.573298975197,False,dwarf
9.801720833333333,48.42769166666666,,,simbad,,,,,,,,,431.7415993506908,975.9677555405256,1067.1990763042777,False,dwarf
9.807354166666666,48.42429166666666,,,simbad,,,,,,,,,472.2632683768734,939.1762149085258,1051.230021121882,False,dwarf
9.703999999999999,48.44658333333332,,,simbad,,,,,,,,,-271.18347732906426,1180.3952619444801,1211.1455126438198,False,dwarf
9.807300000000001,48.44179722222222,,,simbad,,,,,,,,,471.87363694394065,1128.6045556463953,1223.279596931339,False,dwarf
9.796579166666668,48.425155555555556,,,simbad,,,,,,,,,394.7565848697018,948.5243923077325,1027.3905217105826,False,dwarf
9.799404166666667,48.458530555555555,,,simbad,,,,,,,,,415.07736268016777,1309.6766477766298,1373.8785021758488,False,dwarf
9.808662500000002,48.42803333333333,,,simbad,,,,,,,,,481.67436606492544,979.6649446727157,1091.6746762404277,False,dwarf
9.758133333333333,48.437780555555555,,,simbad,,,,,,,,,118.20818242548398,1085.1400395075595,1091.5594714603526,False,dwarf
9.794770833333335,48.43620277777778,,,simbad,,,,,,,,,381.7488893391101,1068.0668409136551,1134.2393888288836,False,dwarf
9.812020833333333,48.42496666666667,,,simbad,,,,,,,,,505.83151490744126,946.4804178282304,1073.1685342041383,False,dwarf
9.814166666666665,48.43224722222222,,,simbad,,,,,,,,,521.2669139817514,1025.263610635867,1150.1672343212326,False,dwarf
9.772579166666667,48.429738888888885,,,simbad,,,,,,,,,222.11988842679443,998.1208318852119,1022.5372559853059,False,dwarf
9.789425,48.45365277777778,,,simbad,,,,,,,,,343.2952640723865,1256.8940126869732,1302.932921321313,False,dwarf
9.756975,48.44110833333333,,,simbad,,,,,,,,,109.87606409022246,1121.1500604856562,1126.5212859005148,False,dwarf
9.793120833333333,48.432961111111105,,,simbad,,,,,,,,,369.88011645865515,1032.9886318305648,1097.2132035491782,False,dwarf
9.793375,48.42762222222222,,,simbad,,,,,,,,,371.70838702861516,975.2162943348708,1043.6541312732165,False,dwarf
9.775087500000001,48.44429166666666,,,simbad,,,,,,,,,240.16282093698726,1155.5970421557404,1180.2892460746677,False,dwarf
9.78805,48.45818333333334,,,simbad,,,,,,,,,333.4046200053597,1305.9193417480808,1347.8070959127122,False,dwarf
9.823079166666666,48.43003611111111,,,simbad,,,,,,,,,585.3762705253986,1001.3370858456371,1159.88850222082,False,dwarf
9.800908333333332,48.43859166666667,,,simbad,,,,,,,,,425.89712785652824,1093.917106390394,1173.9007620620973,False,dwarf
9.809629166666667,48.43011388888889,,,simbad,,,,,,,,,488.62778856052864,1002.1787223961054,1114.9526031975722,False,dwarf
9.795520833333335,48.45375000000001,,,simbad,,,,,,,,,387.1437861029481,1257.9460583749724,1316.1719480748914,False,dwarf
9.818254166666668,48.43157222222222,,,simbad,,,,,,,,,550.6691013446941,1017.9594077162312,1157.3581187055947,False,dwarf
9.811395833333334,48.434725,,,simbad,,,,,,,,,501.335767604241,1052.0757464559294,1165.4187780193586,False,dwarf
9.814345833333334,48.436027777777774,,,simbad,,,,,,,,,522.5556948753448,1066.1731586751878,1187.3456356622032,False,dwarf
9.780358333333332,48.445391666666666,,,simbad,,,,,,,,,278.0769565272871,1167.5001876544623,1200.1597734987968,False,dwarf
9.800579166666667,48.424863888888886,,,simbad,,,,,,,,,423.5293676101787,945.368255243666,1035.9045628100744,False,dwarf
9.816875,48.43194444444444,,,simbad,,,,,,,,,540.74848562896,1021.9872397788076,1156.2295805681151,False,dwarf
9.796183333333335,48.45441944444445,,,simbad,,,,,,,,,391.90927824435465,1265.190144398043,1324.4995220293406,False,dwarf
9.744637499999998,48.44189166666666,,,simbad,,,,,,,,,21.13001232502738,1129.6265428861464,1129.8241472962784,False,dwarf
9.761133333333333,48.45580833333333,,,simbad,,,,,,,,,139.7877694808474,1280.2193685123764,1287.828502561835,False,dwarf
9.761320833333333,48.4364,,,simbad,,,,,,,,,141.13649367180977,1070.2009907378329,1079.4673086398734,False,dwarf
9.766120833333334,48.44968055555555,,,simbad,,,,,,,,,175.6638329603958,1213.910431719696,1226.5546536735476,False,dwarf
9.769504166666666,48.43245,,,simbad,,,,,,,,,200.0008116950415,1027.4578773565413,1046.7425731385367,False,dwarf
9.768424999999999,48.45983888888889,,,simbad,,,,,,,,,192.23815468485398,1323.8341768923844,1337.7191170140968,False,dwarf
9.7972375,48.43058055555555,,,simbad,,,,,,,,,399.4921053624008,1007.2285416985017,1083.560463222507,False,dwarf
9.786979166666669,48.43793611111111,,,simbad,,,,,,,,,325.7019062925526,1086.8233126083583,1134.577738452332,False,dwarf
9.794566666666668,48.43158611111111,,,simbad,,,,,,,,,380.2802785533984,1018.1096999573347,1086.8120589153693,False,dwarf
9.752416666666667,48.46130555555556,,,simbad,,,,,,,,,77.08708042555438,1339.705037557255,1341.9210131840182,False,dwarf
9.795620833333333,48.426322222222225,,,simbad,,,,,,,,,387.8631056714446,961.1489405638607,1036.457946415642,False,dwarf
9.757900000000001,48.443733333333334,,,simbad,,,,,,,,,116.52977009896932,1149.5552940619102,1155.4464770923332,False,dwarf
9.8217125,48.45558611111111,,,simbad,,,,,,,,,575.5455697557294,1277.8146926541024,1401.4503528945095,False,dwarf
9.802291666666667,48.44401388888888,,,simbad,,,,,,,,,435.8477152209469,1152.591197332915,1232.2457948934712,False,dwarf
9.7582,48.45334166666667,,,simbad,,,,,,,,,118.68772880450452,1253.5274664852382,1259.1337840760496,False,dwarf
9.741658333333334,48.44463611111111,,,simbad,,,,,,,,,-0.2997164868792531,1159.3242897361788,1159.3243284785617,False,dwarf
9.763391666666667,48.45434444444445,,,simbad,,,,,,,,,156.03240306975326,1264.3785662959606,1273.9698857180065,False,dwarf
9.798345833333334,48.45039166666667,,,simbad,,,,,,,,,407.4645639134141,1221.605394466283,1287.7682674434373,False,dwarf
9.818158333333335,48.457300000000004,,,simbad,,,,,,,,,549.9797534248708,1296.3607552113433,1408.2006024815519,False,dwarf
9.786129166666667,48.44309722222222,,,simbad,,,,,,,,,319.58768996018375,1142.6719094174741,1186.5223909163547,False,dwarf
9.753458333333333,48.45523888888889,,,simbad,,,,,,,,,84.57999259754715,1274.0573866255534,1276.8617777829108,False,dwarf
9.744208333333333,48.4496111111111,,,simbad,,,,,,,,,18.04293251018137,1213.1589705139033,1213.2931365304596,False,dwarf
9.7440125,48.442994444444444,,,simbad,,,,,,,,,16.634265021850023,1141.5597468330475,1141.6809336948518,False,dwarf
9.550291666666666,48.47225,,,simbad,,,,,,,,,-1376.8375974295002,1458.1353235786821,2005.4526650019309,False,dwarf
9.747995833333333,48.44657777777777,,,simbad,,,,,,,,,45.287161167566104,1180.3351450480525,1181.2036156405145,False,dwarf
9.781645833333332,48.45212222222223,,,simbad,,,,,,,,,287.3381959718823,1240.3318077128756,1273.1795757428195,False,dwarf
9.804187500000001,48.44486666666666,,,simbad,,,,,,,,,449.48481537400437,1161.8191409391975,1245.7368564446094,False,dwarf
9.8046125,48.45412777777778,,,simbad,,,,,,,,,452.5419235401659,1262.0340073340453,1340.717728766597,False,dwarf
9.7524875,48.443641666666664,,,simbad,,,,,,,,,77.59659845324796,1148.5633652703386,1151.1815826066015,False,dwarf
9.785,48.45944444444445,,,simbad,,,,,,,,,311.46537316573654,1319.5658772439601,1355.826236310499,False,dwarf
9.752533333333334,48.447308333333325,,,simbad,,,,,,,,,77.92628658881172,1188.2405169322396,1190.793026609124,False,dwarf
9.817879166666668,48.445072222222215,,,simbad,,,,,,,,,547.9716529627809,1164.0434661080512,1286.5730151995292,False,dwarf
9.754545833333335,48.44970833333333,,,simbad,,,,,,,,,92.40259290512654,1214.2110162019026,1217.7219021770313,False,dwarf
9.760745833333335,48.4364,,,simbad,,,,,,,,,137.00040615288066,1070.2009907378329,1078.9343223117398,False,dwarf
9.69225,48.44713888888889,,,simbad,,,,,,,,,-355.70352662921954,1186.4069515903375,1238.5824371588437,False,dwarf
9.773541666666667,48.451277777777776,,,simbad,,,,,,,,,229.04333927372463,1231.1940394512687,1252.3176969307713,False,dwarf
9.768624999999998,48.43488333333333,,,simbad,,,,,,,,,193.6767938218698,1053.7890780049074,1071.4392756416726,False,dwarf
9.758795833333332,48.45750833333334,,,simbad,,,,,,,,,122.97367456686754,1298.6151388285139,1304.4247020932555,False,dwarf
9.742124999999998,48.44183333333332,,,simbad,,,,,,,,,3.0571081661615183,1128.995315473278,1128.999454504273,False,dwarf
9.772866666666667,48.4622,,,simbad,,,,,,,,,224.18793218627613,1349.3838578869165,1367.880486323179,False,dwarf
9.769133333333333,48.434174999999996,,,simbad,,,,,,,,,197.3333349618127,1046.1241737065686,1064.5732628149187,False,dwarf
9.763970833333333,48.44014444444444,,,simbad,,,,,,,,,160.19846223737832,1110.719778950271,1122.2129809686571,False,dwarf
9.714875,48.44533333333333,,,simbad,,,,,,,,,-192.95747425337333,1166.8689602416625,1182.7154168462082,False,dwarf
9.761220833333335,48.44552777777778,,,simbad,,,,,,,,,140.41717410331327,1168.973051617661,1177.3763112070274,False,dwarf
9.781475,48.437108333333335,,,simbad,,,,,,,,,286.1093583756808,1077.8658950362408,1115.1921146746063,False,dwarf
9.817354166666666,48.42613333333333,,,simbad,,,,,,,,,544.1952252280771,959.104966084221,1102.7378560330883,False,dwarf
9.818608333333334,48.44058611111111,,,simbad,,,,,,,,,553.2166914831736,1115.4990722186399,1245.145328006428,False,dwarf
9.800445833333333,48.445022222222214,,,simbad,,,,,,,,,422.5702748521605,1163.5024140399275,1237.8624740516893,False,dwarf
9.7989875,48.45889444444445,,,simbad,,,,,,,,,412.0801978113638,1313.614304494668,1376.7325921911136,False,dwarf
9.748750000000001,48.43805555555555,,,simbad,,,,,,,,,50.71202958011147,1088.1158258822054,1089.2969110758775,False,dwarf
9.652083333333334,48.45244444444445,,,simbad,,,,,,,,,-644.6302199815746,1243.818587707466,1400.9399700344366,False,dwarf
9.802658333333333,48.431647222222225,,,simbad,,,,,,,,,438.48522030549117,1018.7709858184513,1109.1274092600247,False,dwarf
9.770908333333335,48.43696944444444,,,simbad,,,,,,,,,210.10125730291693,1076.3629726247937,1096.6767012925682,False,dwarf
9.799750000000001,48.42480833333333,,,simbad,,,,,,,,,417.5650095212781,944.7670862791147,1032.9304838627008,False,dwarf
9.7765625,48.4396,,,simbad,,,,,,,,,250.7727845725334,1104.8283230974066,1132.930983335035,False,dwarf
9.774524999999999,48.44869444444444,,,simbad,,,,,,,,,236.11664836408875,1203.2396825984627,1226.1879160285098,False,dwarf
9.796120833333335,48.44057222222222,,,simbad,,,,,,,,,391.45970351402997,1115.3487799775364,1182.0505913338359,False,dwarf
9.730416666666665,48.45461111111111,,,simbad,,,,,,,,,-81.16322464712594,1267.264177325862,1269.860608164736,False,dwarf
9.808262500000001,48.435313888888885,,,simbad,,,,,,,,,478.7970877908708,1058.4481374803522,1161.7052599573806,False,dwarf
9.73725,48.44545833333333,,,simbad,,,,,,,,,-32.00972079879117,1168.2215904118686,1168.6600474603606,False,dwarf
9.756420833333333,48.44653055555555,,,simbad,,,,,,,,,105.8898348147158,1179.8241514281772,1184.5664546197086,False,dwarf
9.786908333333335,48.43239166666667,,,simbad,,,,,,,,,325.1923882648475,1026.8266499437418,1077.090088349198,False,dwarf
9.680014821020832,48.540663645660274,,,simbad,,,,,,,,,-443.71356326885564,2198.4422130186454,2242.7728128838785,False,dwarf
9.83475,48.498555555555555,,,simbad,,,,,,,,,669.3268585004913,1742.7888283052928,1866.8988573503043,False,dwarf
9.808491666666667,48.47392777777778,,,simbad,,,,,,,,,480.445528468701,1476.2906263089026,1552.5018258131297,False,dwarf
9.813041666666667,48.46294166666667,,,simbad,,,,,,,,,513.1745688360002,1357.4094635640276,1451.1748998219325,False,dwarf
9.780366666666666,48.46718055555556,,,simbad,,,,,,,,,278.1368998246675,1403.2786555611376,1430.577198265634,False,dwarf
9.818212500000001,48.46111666666667,,,simbad,,,,,,,,,550.3693848578149,1337.6610630776843,1446.4589795299728,False,dwarf
9.730458333333331,48.4735,,,simbad,,,,,,,,,-80.8635081602467,1471.6616252816373,1473.8815577510197,False,dwarf
9.794733333333333,48.466966666666664,,,simbad,,,,,,,,,381.4791445009154,1400.9641550474705,1451.973450658456,False,dwarf
9.8005,48.465361111111115,,,simbad,,,,,,,,,422.9599062851047,1383.5903719712906,1446.7955625230397,False,dwarf
9.821291666666665,48.4705,,,simbad,,,,,,,,,572.518433238241,1439.1985011944896,1548.8930506132551,False,dwarf
9.786308333333334,48.464852777777786,,,simbad,,,,,,,,,320.87647085377716,1378.0896759454463,1414.9533082384733,False,dwarf
9.814783333333333,48.46832777777778,,,simbad,,,,,,,,,525.7027179875827,1415.6927946795972,1510.1488127357713,False,dwarf
9.7760125,48.46934722222222,,,simbad,,,,,,,,,246.81652694571125,1426.7242451795337,1447.9159056232006,False,dwarf
9.750041666666668,48.552055555555555,,,simbad,,,,,,,,,60.0032406733912,2321.7145411918173,2322.4897846218482,False,dwarf
9.773249999999999,48.48363888888889,,,simbad,,,,,,,,,226.94532386555844,1581.374961316726,1597.5765860527376,False,dwarf
9.782204166666666,48.46873611111111,,,simbad,,,,,,,,,291.35439689608495,1420.1113865692628,1449.6909101095846,False,dwarf
9.804791666666668,48.48458333333333,,,simbad,,,,,,,,,453.8307044337593,1591.5948337145114,1655.033662193481,False,dwarf
9.749459656962916,48.51119864436222,,,simbad,,,,,,,,,55.81673098366694,1879.600215230255,1880.4288012448978,False,dwarf
9.847708333333335,48.54827777777778,,,simbad,,,,,,,,,762.5386859202022,2280.835051600676,2404.9269802085814,False,dwarf
9.819833333333335,48.45930277777778,,,simbad,,,,,,,,,562.0283561974557,1318.0328963842646,1432.8595845794198,False,dwarf
9.826416666666667,48.47811111111111,,,simbad,,,,,,,,,609.3835611244921,1521.5586493413923,1639.051264590089,False,dwarf
9.802225,48.47821944444445,,,simbad,,,,,,,,,435.3681688419378,1522.7309288223844,1583.7471149249377,False,dwarf
9.826291666666668,48.48119444444445,,,simbad,,,,,,,,,608.4844116638543,1554.9235268753669,1669.7426309669513,False,dwarf
9.801683333333333,48.468525,,,simbad,,,,,,,,,431.4718545124961,1417.8269445038438,1482.026047611026,False,dwarf
9.787816666666666,48.465183333333336,,,simbad,,,,,,,,,331.7262076788221,1381.6666312846437,1420.9310176311967,False,dwarf
9.8034,48.469030555555555,,,simbad,,,,,,,,,443.8201737719602,1423.2975820815086,1490.8897859352453,False,dwarf
9.683640000000002,48.49303999999999,,,simbad,,,,,,,,,-417.6369414780935,1683.1047735021687,1734.1459838989804,False,dwarf
9.853333333333335,48.433055555555555,,,simbad,,,,,,,,,803.0004116490043,1034.0106190703846,1309.1935003882315,False,dwarf
9.9652875,48.406413888888885,,,simbad,,,,,,,,,1608.3086402469548,745.7200421080113,1772.7817303589811,False,dwarf
9.938833333333333,48.440347222222215,,,simbad,,,,,,,,,1418.0186427268216,1112.9140456708765,1802.5966116056957,False,dwarf
9.990916666666669,48.54183333333333,,,simbad,,,,,,,,,1792.6642513268832,2211.0994517098325,2846.507667886545,False,dwarf
9.960083333333333,48.400130555555556,,,simbad,,,,,,,,,1570.874051035641,677.7278322145319,1710.8361402470239,False,dwarf
9.866166666666667,48.39988888888889,,,simbad,,,,,,,,,895.313089608043,675.112747218658,1121.321876126843,False,dwarf
9.825504166666667,48.43579166666667,,,simbad,,,,,,,,,602.8197700618215,1063.6181905757414,1222.5691516233353,False,dwarf
9.900333333333334,48.405166666666666,,,simbad,,,,,,,,,1141.0806088496713,732.2237988533043,1355.808484816311,False,dwarf
9.927908333333335,48.42690833333333,,,simbad,,,,,,,,,1339.4329798668825,967.4912731400353,1652.3074989714241,False,dwarf
9.966358333333334,48.43365277777777,,,simbad,,,,,,,,,1616.0113539597733,1040.4731854395523,1921.9982168944978,False,dwarf
9.821791666666666,48.42766666666666,,,simbad,,,,,,,,,576.1150310808034,975.697229506498,1133.090293270528,False,dwarf
9.825291666666667,48.45037222222222,,,simbad,,,,,,,,,601.2912159787293,1221.394985328683,1361.3804892825638,False,dwarf
9.943129166666667,48.415124999999996,,,simbad,,,,,,,,,1448.9194125241606,839.9833357534981,1674.7953511796397,False,dwarf
9.941825,48.40210277777778,,,simbad,,,,,,,,,1439.5382864848048,699.0693304569984,1600.302598586031,False,dwarf
9.967233333333334,48.40561944444444,,,simbad,,,,,,,,,1622.3054001842604,737.1233259145971,1781.916274428855,False,dwarf
9.830954166666668,48.43130833333333,,,simbad,,,,,,,,,642.0226865457377,1015.1038551344404,1201.0949033062332,False,dwarf
9.909583333333334,48.52638888888889,,,simbad,,,,,,,,,1207.617668937037,2043.974479557753,2374.0623638422626,False,dwarf
9.925583333333336,48.429649999999995,,,simbad,,,,,,,,,1322.7087998989905,997.1589615418885,1656.4674955801352,False,dwarf
9.823254166666665,48.441941666666665,,,simbad,,,,,,,,,586.6350797702846,1130.16759495427,1273.3497200305214,False,dwarf
9.825029166666667,48.43913055555555,,,simbad,,,,,,,,,599.4030021113888,1099.7484453466932,1252.4897612286554,False,dwarf
9.822641666666666,48.42661944444444,,,simbad,,,,,,,,,582.2292474131493,964.3651945242859,1126.4950621077512,False,dwarf
9.886958333333332,48.403083333333335,,,simbad,,,,,,,,,1044.8716165611677,709.6799626817352,1263.0923737110825,False,dwarf
9.950579166666667,48.408047222222216,,,simbad,,,,,,,,,1502.5087203783037,763.3944096665357,1685.3199932128516,False,dwarf
9.820000000000002,48.394999999999996,,,simbad,,,,,,,,,563.2272221449841,622.2098783359397,839.2675595207885,False,dwarf
9.919583333333334,48.29944444444444,,,simbad,,,,,,,,,1279.5496257882521,-411.8007407345137,1344.182686588527,False,dwarf
9.798333333333334,48.31505,,,simbad,,,,,,,,,407.37464896734923,-242.93237858513893,474.31028366071115,False,dwarf
9.799312500000001,48.328675000000004,,,simbad,,,,,,,,,414.41798640902886,-95.49569002283764,425.278372683413,False,dwarf
9.812875000000002,48.32241666666667,,,simbad,,,,,,,,,511.97570288849454,-163.21737388235834,537.3630350938009,False,dwarf
9.908704166666668,48.41133055555556,,,simbad,,,,,,,,,1201.2936510638767,798.9234954730739,1442.7006576921262,False,dwarf
9.923479166666668,48.41703333333333,,,simbad,,,,,,,,,1307.5731173115366,860.6334896866686,1565.387319702719,False,dwarf
9.934437500000001,48.435113888888885,,,simbad,,,,,,,,,1386.398553360986,1056.2839292079263,1742.9390947088111,False,dwarf
9.907291666666667,48.42861111111111,,,simbad,,,,,,,,,1191.1332621586437,985.9171019043522,1546.2312181715156,False,dwarf
9.701458333333331,48.38891666666667,,,simbad,,,,,,,,,-289.4661830287445,556.3818767148865,627.1773783021912,False,dwarf
9.7792,48.41940555555555,,,simbad,,,,,,,,,269.74483819202555,886.3034044740559,926.442660132587,False,dwarf
9.776758333333333,48.40470555555555,,,simbad,,,,,,,,,252.18145206086476,727.2340964473356,769.7174259422083,False,dwarf
9.80285,48.453133333333334,,,simbad,,,,,,,,,439.8639161451381,1251.2730828681363,1326.3350227739847,False,dwarf
9.739916666666666,48.348944444444456,,,simbad,,,,,,,,,-12.827865638473213,123.840806702733,124.50341176699698,False,dwarf
9.639083333333334,48.39216666666666,,,simbad,,,,,,,,,-738.1417638881417,591.550261142515,945.9307453792137,False,dwarf
9.758025000000002,48.43091388888889,,,simbad,,,,,,,,,117.42891955961852,1010.835555486016,1017.6335643951912,False,dwarf
9.797716666666668,48.453672222222224,,,simbad,,,,,,,,,402.93884496152947,1257.1044218245042,1320.1027384827487,False,dwarf
9.766504166666667,48.45589722222223,,,simbad,,,,,,,,,178.4212246396895,1281.1812388557687,1293.5453220501897,False,dwarf
9.785254166666666,48.35613611111111,,,simbad,,,,,,,,,313.2936437356966,201.66212916697734,372.5862605429087,False,dwarf
9.631333333333332,48.33275000000001,,,simbad,,,,,,,,,-793.889030447843,-51.39994647113344,795.5512222117766,False,dwarf
9.572041666666665,48.22588888888889,,,simbad,,,,,,,,,-1220.3855912781296,-1207.7484498328727,1716.9732989982624,False,dwarf
9.717083333333333,48.33416666666667,,,simbad,,,,,,,,,-177.07250044872714,-36.07013787452429,180.70895180220504,False,dwarf
9.7743125,48.410238888888884,,,simbad,,,,,,,,,234.58809428100798,787.110525319028,821.3248766757229,False,dwarf
9.772716666666668,48.43141111111111,,,simbad,,,,,,,,,223.10895283350854,1016.2160177189361,1040.41943441239,False,dwarf
9.760468000000001,48.31681400000001,,,simbad,,,,,,,,,135.0018966183593,-223.84406162182512,261.40328233193554,False,dwarf
9.75125,48.37166666666667,,,simbad,,,,,,,,,68.6950187929124,369.7189132141321,376.0466465682117,False,dwarf
9.782995833333333,48.410124999999994,,,simbad,,,,,,,,,297.0490101468022,785.8781289416772,840.1443613915804,False,dwarf
9.775433333333334,48.41659722222222,,,simbad,,,,,,,,,242.6504677780862,855.9143133147961,889.645188403817,False,dwarf
9.784291666666666,48.40663055555555,,,simbad,,,,,,,,,306.37019288877786,748.0646010698578,808.3707951580836,False,dwarf
9.761770833333333,48.45646388888889,,,simbad,,,,,,,,,144.37343173011257,1287.3131622944811,1295.3836750577593,False,dwarf
9.655208333333334,48.24863888888889,,,simbad,,,,,,,,,-622.1514834655619,-961.5697588389916,1145.2898626514057,False,dwarf
9.680081436259998,48.18879550877,,,simbad,,,,,,,,,-443.2343868179194,-1609.1374503692912,1669.065623586694,False,dwarf
9.813354166666667,48.429183333333334,,,simbad,,,,,,,,,515.4224424876002,992.1091422394923,1118.0075332192823,False,dwarf
9.567291666666668,48.375861111111114,,,simbad,,,,,,,,,-1254.5532707824332,415.10717003961474,1321.4453722531246,False,dwarf
9.774791666666665,48.454527777777784,,,simbad,,,,,,,,,238.03483388011364,1266.362423879035,1288.5396271566965,False,dwarf
9.743733333333333,48.443225,,,simbad,,,,,,,,,14.626164559748732,1144.0545980359973,1144.148088307207,False,dwarf
9.774979166666668,48.40957777777778,,,simbad,,,,,,,,,239.3835580710989,779.9566146406333,815.8656804869638,False,dwarf
9.76275,48.44432499999999,,,simbad,,,,,,,,,151.41676917180362,1155.9577435345125,1165.8324677344635,False,dwarf
9.812979166666667,48.4389111111111,,,simbad,,,,,,,,,512.7249941056755,1097.3738279365984,1211.2457379990603,False,dwarf
9.781875,48.52008333333333,,,simbad,,,,,,,,,288.98663664972395,1975.7418020784257,1996.7646192383881,False,dwarf
9.768470833333334,48.44530555555556,,,simbad,,,,,,,,,192.56784282042915,1166.568375759387,1182.3553397394573,False,dwarf
9.768825,48.45486388888889,,,simbad,,,,,,,,,195.11543295890854,1269.99949611466,1284.900288859113,False,dwarf
9.748983333333333,48.43178888888889,,,simbad,,,,,,,,,52.39044190663757,1020.3039666780778,1021.6481502073955,False,dwarf
9.789379166666667,48.42979722222222,,,simbad,,,,,,,,,342.9655759368227,998.7520592980114,1055.9976620379873,False,dwarf
9.81246666666667,48.44000277777778,,,simbad,,,,,,,,,509.038481317071,1109.1867980906445,1220.4161292445156,False,dwarf
9.792916666666667,48.45320277777778,,,simbad,,,,,,,,,368.41150567294335,1252.0245440738597,1305.1024850468875,False,dwarf
9.683625,48.37225,,,simbad,,,,,,,,,-417.74483941339656,376.0311873421962,562.0588979017291,False,dwarf
9.762066666666666,48.31276944444445,,,simbad,,,,,,,,,146.50141878695183,-267.61036458088586,305.0868285221512,False,dwarf
9.7655,48.45188888888889,,,simbad,,,,,,,,,171.19805730586862,1237.8068980616085,1249.5898093831452,False,dwarf
9.747833333333332,48.39494444444444,,,simbad,,,,,,,,,44.118266868733585,621.6087093713196,623.1723750598854,False,dwarf
9.777199,48.364457,,,simbad,,,,,,,,,255.35125362610785,291.70281200528336,387.6787242810915,False,dwarf
9.7795,48.444716666666665,,,simbad,,,,,,,,,271.9027968975722,1160.1959847348264,1191.6315932181121,False,dwarf
9.810987500000001,48.43686666666666,,,simbad,,,,,,,,,498.3985460328175,1075.2508100402292,1185.1436263929345,False,dwarf
9.747998,48.333365,,,simbad,,,,,,,,,45.302746424903546,-44.745006033397594,63.674597749557066,False,dwarf
9.754166666666668,48.38383333333333,,,simbad,,,,,,,,,89.67517287451733,501.37491645616984,509.3313690334671,False,dwarf
9.660083333333333,48.33180555555556,,,simbad,,,,,,,,,-587.0846545006092,-61.61981886898759,590.309574399354,False,dwarf
9.757999,48.339039,,,simbad,,,,,,,,,117.24189647178655,16.653582656653843,118.41876584225625,False,dwarf
9.781258333333334,48.44934444444444,,,simbad,,,,,,,,,284.55083264390413,1210.273359484002,1243.2742179563731,False,dwarf
9.765600000000001,48.461075,,,simbad,,,,,,,,,171.91737687439945,1337.2101863542364,1348.2161054374428,False,dwarf
9.783241666666667,48.403869444444446,,,simbad,,,,,,,,,298.8173374194046,718.1865035305424,777.871232914451,False,dwarf
9.815366666666668,48.452983333333336,,,simbad,,,,,,,,,529.898748803915,1249.649926663765,1357.3568518244226,False,dwarf
9.748750000000003,48.31888888888889,,,simbad,,,,,,,,,50.71202958012291,-201.39160313288107,207.67832760441598,False,dwarf
9.717833333333333,48.290305555555555,,,simbad,,,,,,,,,-171.67760368487774,-510.69303540719704,538.776926028202,False,dwarf
9.790733333333332,48.432177777777774,,,simbad,,,,,,,,,352.7063617604156,1024.5121494300747,1083.525229035347,False,dwarf
9.771154166666667,48.41361388888889,,,simbad,,,,,,,,,211.86958457550796,823.6315399170691,850.4455505288747,False,dwarf
9.782004166666667,48.41650833333333,,,simbad,,,,,,,,,289.91575775905767,854.9524429714728,902.770638833529,False,dwarf
9.796766666666667,48.454994444444445,,,simbad,,,,,,,,,396.1053090606527,1271.4122431814312,1331.686339938078,False,dwarf
9.778120833333334,48.46574166666667,,,simbad,,,,,,,,,261.9821811818495,1387.7083793786803,1412.221374096357,False,dwarf
9.784995833333333,48.455647222222225,,,simbad,,,,,,,,,311.43540151705207,1278.475978515219,1315.8620128868124,False,dwarf
9.765220833333334,48.435294444444445,,,simbad,,,,,,,,,169.1899568437902,1058.2377283428214,1071.6773447194723,False,dwarf
9.632916666666668,48.25277777777778,,,simbad,,,,,,,,,-782.4998039463741,-916.7826709781291,1205.3200442131154,False,dwarf
9.786850000000001,48.42647222222222,,,simbad,,,,,,,,,324.77278518321884,962.772096768163,1016.0745407257433,False,dwarf
9.803708333333333,48.42211388888889,,,simbad,,,,,,,,,446.03807577486435,915.6103914972058,1018.475504888856,False,dwarf
9.45009170537375,48.44217882368471,,,simbad,,,,,,,,,-2097.5955266509864,1132.7338808559828,2383.9029003433184,False,dwarf
9.738754166666666,48.34306666666667,,,simbad,,,,,,,,,-21.189955622419244,60.23713025053334,63.85550939503823,False,dwarf
9.773333333333333,48.36666666666667,,,simbad,,,,,,,,,227.54475683932836,315.6137064023112,389.08691578370167,False,dwarf
9.622499999999999,48.37638888888889,,,simbad,,,,,,,,,-857.4289256664048,420.8182752030587,955.1295112780896,False,dwarf
9.777116666666668,48.43852777777778,,,simbad,,,,,,,,,254.75901384804004,1093.225762081167,1122.5171366241025,False,dwarf
9.806275000000001,48.455133333333336,,,simbad,,,,,,,,,464.50061136668586,1272.9151655928783,1355.0180208234758,False,dwarf
9.793420833333334,48.44560555555555,,,simbad,,,,,,,,,372.03807516419033,1169.8146881680605,1227.5498906462467,False,dwarf
9.809600000000001,48.456877777777784,,,simbad,,,,,,,,,488.4179870197143,1291.7918710805743,1381.0424932760907,False,dwarf
9.747979166666667,48.43709444444444,,,simbad,,,,,,,,,45.16727457282813,1077.7156027949998,1078.661672258789,False,dwarf
9.791375,48.40672222222222,,,simbad,,,,,,,,,357.3219956583881,749.0565298614293,829.9184860631432,False,dwarf
9.556916666666666,48.24941666666667,,,simbad,,,,,,,,,-1329.182676015573,-953.153393334929,1635.61241663354,False,dwarf
9.7685625,48.42123055555555,,,simbad,,,,,,,,,193.22721909155666,906.0518049603994,926.4268084796845,False,dwarf
9.794941666666666,48.422075,,,simbad,,,,,,,,,382.9777269353117,915.1895732220061,992.0906683679752,False,dwarf
9.81025,48.453138888888894,,,simbad,,,,,,,,,493.0935642150329,1251.3331997646326,1344.9817990974743,False,dwarf
9.7683125,48.41260833333333,,,simbad,,,,,,,,,191.42892017028112,812.7503816582359,834.9899486599633,False,dwarf
9.788333333333334,48.39416666666666,,,simbad,,,,,,,,,335.4426921161455,613.1923438673259,698.9468150522127,False,dwarf
9.7339125,48.323658333333334,,,simbad,,,,,,,,,-56.017011397873105,-149.78124752407896,159.91350060522987,False,dwarf
9.72185,48.31430833333333,,,simbad,,,,,,,,,-142.78493434965137,-250.95798426225002,288.73421574556414,False,dwarf
9.736570833333332,48.31399166666666,,,simbad,,,,,,,,,-36.895099534947015,-254.38464736034393,257.04629385062174,False,dwarf
9.787141,48.355055,,,simbad,,,,,,,,,326.86600512758366,189.96338111631593,378.0574975757104,False,dwarf
9.736541666666666,48.32277777777778,,,simbad,,,,,,,,,-37.10490107574991,-159.30977561256833,163.5737701759303,False,dwarf
9.728908333333333,48.33785833333334,,,simbad,,,,,,,,,-92.01296147217093,3.87753982154182,92.09462738915259,False,dwarf
9.798183333333334,48.456050000000005,,,simbad,,,,,,,,,406.29566961458164,1282.834453508388,1345.6375463904556,False,dwarf
9.707624999999998,48.37272222222222,,,simbad,,,,,,,,,-245.10814297050064,381.14112354108886,453.1518043709094,False,dwarf
9.56225,48.36586111111112,,,simbad,,,,,,,,,-1290.8189656949257,306.89675641604185,1326.8003697981114,False,dwarf
9.78405,48.409572222222224,,,simbad,,,,,,,,,304.6318372648713,779.8964977442058,837.2807793500631,False,dwarf
9.7911,48.435297222222225,,,simbad,,,,,,,,,355.34386684497133,1058.2677867910695,1116.3332711444218,False,dwarf
9.818241666666667,48.44723333333333,,,simbad,,,,,,,,,550.5791863986293,1187.4289388300886,1308.863982721859,False,dwarf
9.747749999999998,48.44638888888888,,,simbad,,,,,,,,,43.51883389497508,1178.2911705685506,1179.0945558111036,False,dwarf
9.7705875,48.457030555555555,,,simbad,,,,,,,,,207.79344035392495,1293.4450857331249,1310.029886552704,False,dwarf
9.731666666666666,48.39388888888889,,,simbad,,,,,,,,,-72.17173004071402,610.1864990444317,614.4398442753936,False,dwarf
9.706083333333332,48.44075,,,simbad,,,,,,,,,-256.19765298505587,1117.272520664183,1146.270091569325,False,dwarf
9.765825000000001,48.44616111111111,,,simbad,,,,,,,,,173.53584590355655,1175.826377813849,1188.563149595468,False,dwarf
9.495416666666666,48.16583333333333,,,simbad,,,,,,,,,-1771.5642106505175,-1857.6121005393431,2566.936397445013,False,dwarf
9.671416666666667,48.369194444444446,,,simbad,,,,,,,,,-505.561770069235,342.9668942904973,610.9165196119739,False,dwarf
9.680874999999999,48.40325000000001,,,simbad,,,,,,,,,-437.52612754748446,711.4834695755268,835.2471728571892,False,dwarf
9.798058333333334,48.423855555555555,,,simbad,,,,,,,,,405.39652015394387,934.4570385366535,1018.6050733349111,False,dwarf
9.649,48.290305555555555,,,simbad,,,,,,,,,-666.8092400107079,-510.69303540719704,839.9059107882706,False,dwarf
9.726645833333334,48.33358055555556,,,simbad,,,,,,,,,-108.28756670974983,-42.41247045083662,116.29709692705836,False,dwarf
9.764875000000002,48.42641944444444,,,simbad,,,,,,,,,166.70231000269126,962.200986251791,976.5348934391196,False,dwarf
9.737583333333333,48.35477777777778,,,simbad,,,,,,,,,-29.6119889037457,186.96354798303005,189.2940521021153,False,dwarf
9.726333333333333,48.34502777777778,,,simbad,,,,,,,,,-110.53544036136138,81.45839470000693,137.30824317200404,False,dwarf
9.738458333333334,48.33330555555556,,,simbad,,,,,,,,,-23.31794267925851,-45.388256825413805,51.02764259147103,False,dwarf
9.745970833333333,48.36168055555555,,,simbad,,,,,,,,,30.7209399051978,261.6587918315938,263.4560674788647,False,dwarf
9.584375,48.32441666666667,,,simbad,,,,,,,,,-1131.6695111616307,-141.5752911575474,1140.4908792091012,False,dwarf
9.668874999999998,48.27344444444444,,,simbad,,,,,,,,,-523.8444757689381,-693.1478161559545,868.830783199699,False,dwarf
9.6772625,48.31035,,,simbad,,,,,,,,,-463.5115469599717,-293.7912729882175,548.7770642522001,False,dwarf
9.762504166666668,48.31079166666667,,,simbad,,,,,,,,,149.64844189921257,-289.0119797198487,325.45749428219995,False,dwarf
9.733062499999999,48.34410555555556,,,simbad,,,,,,,,,-62.131227730230464,71.47898988806966,94.70763144902593,False,dwarf
9.619208333333333,48.306888888888885,,,simbad,,,,,,,,,-881.1065281299229,-331.2440994813337,941.3136392055341,False,dwarf
9.744291666666665,48.34225000000001,,,simbad,,,,,,,,,18.642365483928433,51.39994647127111,54.6762497624508,False,dwarf
9.733458333333333,48.351305555555555,,,simbad,,,,,,,,,-59.28392110487183,149.39048769705866,160.72367938774207,False,dwarf
9.698445833333334,48.34330277777778,,,simbad,,,,,,,,,-311.1356850301499,62.792098349979675,317.4086673586185,False,dwarf
9.59775,48.18552777777778,,,simbad,,,,,,,,,-1035.4605188731387,-1644.4977025971607,1943.3350663208773,False,dwarf
9.7915625,48.41208888888889,,,simbad,,,,,,,,,358.67071984933904,807.1294518394678,883.2341916524308,False,dwarf
9.646624999999998,48.45077777777778,,,simbad,,,,,,,,,-683.8930797628711,1225.7835187701005,1403.6577144859618,False,dwarf
9.762791666666667,48.44752777777778,,,simbad,,,,,,,,,151.71648565867142,1190.6151343424033,1200.2425963719988,False,dwarf
9.391672714709998,48.40644737547,,,simbad,,,,,,,,,-2517.8147582225984,746.0824017873713,2626.0293423684993,False,dwarf
9.784725000000002,48.35236388888889,,,simbad,,,,,,,,,309.48724435234266,160.84275647226366,348.787538089311,False,dwarf
9.770124999999998,48.33844444444445,,,simbad,,,,,,,,,204.46658734954582,10.219872397785323,204.7218384398608,False,dwarf
9.80085,48.43010833333333,,,simbad,,,,,,,,,425.47752477489956,1002.118605499609,1088.7023576612003,False,dwarf
9.814379166666667,48.45301111111112,,,simbad,,,,,,,,,522.7954680648436,1249.9505111461096,1354.8768880394853,False,dwarf
9.708749999999998,48.35305555555556,,,simbad,,,,,,,,,-237.01579782473792,168.32731008125103,290.7070204478844,False,dwarf
9.638750000000002,48.33916666666667,,,simbad,,,,,,,,,-740.5394957831758,18.03506893729656,740.7590758987521,False,dwarf
9.47959724822,48.312299556960006,,,simbad,,,,,,,,,-1885.356383162195,-272.6950364857128,1904.975399960424,False,dwarf
9.763625000000001,48.31644444444444,,,simbad,,,,,,,,,157.71081539627937,-227.84303757424018,277.10133717471655,False,dwarf
9.7651125,48.44416388888889,,,simbad,,,,,,,,,168.41069397790187,1154.214353537355,1166.4359972830798,False,dwarf
9.797554166666668,48.44969166666666,,,simbad,,,,,,,,,401.7699506626969,1214.030665512551,1278.7844032753735,False,dwarf
9.787687499999999,48.43176388888889,,,simbad,,,,,,,,,330.79708656948844,1020.0334406439815,1072.3315403898464,False,dwarf
9.938429166666666,48.415822222222225,,,simbad,,,,,,,,,1415.1113928040827,847.5280062589818,1649.4980980398964,False,dwarf
9.923137500000001,48.421755555555556,,,simbad,,,,,,,,,1305.1154421191222,911.7328516756639,1592.037408505978,False,dwarf
9.924854166666666,48.42409166666667,,,simbad,,,,,,,,,1317.4637613785635,937.0120066360998,1616.694857765671,False,dwarf
9.9687625,48.427575,,,simbad,,,,,,,,,1633.3049952527508,974.7053007149952,1902.034602934315,False,dwarf
9.945270833333334,48.421927777777775,,,simbad,,,,,,,,,1464.3248399497863,913.5964754658144,1725.9506820525103,False,dwarf
10.09845107202,48.41082026124,,,simbad,,,,,,,,,2566.180271916489,793.4015795774196,2686.031878896699,False,dwarf
9.940208333333333,48.44258333333333,,,simbad,,,,,,,,,1427.90928679386,1137.1110964951336,1825.3620400031646,False,dwarf
9.997541666666667,48.50116666666666,,,simbad,,,,,,,,,1840.3191727407875,1771.0437696403058,2554.089014020279,False,dwarf
9.961895833333333,48.412908333333334,,,simbad,,,,,,,,,1583.911718214917,815.9966940669783,1781.7482807138524,False,dwarf
9.92935,48.43861944444444,,,simbad,,,,,,,,,1349.8031703129184,1094.2176908726697,1737.6078250300102,False,dwarf
9.964866666666667,48.41998888888889,,,simbad,,,,,,,,,1605.2815037294777,892.6156786021888,1836.7611319663804,False,dwarf
9.968779166666668,48.40902222222222,,,simbad,,,,,,,,,1633.4248818475116,773.9449249948449,1807.5031373593336,False,dwarf
9.912366666666667,48.410736111111106,,,simbad,,,,,,,,,1227.6387302606236,792.4909875520169,1461.2114211800724,False,dwarf
10.017,48.50527777777778,,,simbad,,,,,,,,,1980.2867721137648,1815.5302730189615,2686.575119377282,False,dwarf
9.914637500000001,48.437219444444445,,,simbad,,,,,,,,,1243.9732787955943,1079.0682329653434,1646.7719240236063,False,dwarf
9.9494,48.42992777777777,,,simbad,,,,,,,,,1494.0267437996085,1000.164806364714,1797.9003173365945,False,dwarf
9.964833333333335,48.400191666666665,,,simbad,,,,,,,,,1605.041730539979,678.3891180755796,1742.5185084521006,False,dwarf
9.960483333333334,48.41345555555556,,,simbad,,,,,,,,,1573.7513293096956,821.918208368091,1775.4556563741733,False,dwarf
9.9311625,48.42314999999999,,,simbad,,,,,,,,,1362.840837492206,926.8221926864251,1648.1306153313608,False,dwarf
9.721632,48.335607,,,simbad,,,,,,,,,-144.35305100900803,-20.484231298933953,145.7992011895727,False,dwarf
9.793508333333333,48.42946111111111,,,simbad,,,,,,,,,372.66747978663335,995.1149870623177,1062.6075888899709,False,dwarf
9.602625000000003,48.43972222222222,,,simbad,,,,,,,,,-1000.3936899081516,1106.1508948195021,1491.4279523054515,False,dwarf
9.798124999999999,48.35344444444444,,,simbad,,,,,,,,,405.87606653294154,172.53549283324787,441.02593764025323,False,dwarf
9.785833333333333,48.39277777777779,,,simbad,,,,,,,,,317.4597029033331,598.1631197530612,677.1851894424357,False,dwarf
9.788620833333333,48.43558611111111,,,simbad,,,,,,,,,337.51073587560427,1061.3938654068188,1113.764083796259,False,dwarf
9.751095833333334,48.32972777777778,,,simbad,,,,,,,,,67.58606779146032,-84.10353814419791,107.89477136490176,False,dwarf
9.706125,48.46741666666667,,,simbad,,,,,,,,,-255.8979364981652,1405.833623660584,1428.9338442764476,False,dwarf
9.740891666666668,48.449125,,,simbad,,,,,,,,,-5.814499845455223,1207.898742073976,1207.912736712527,False,dwarf
9.746812499999999,48.44849722222222,,,simbad,,,,,,,,,36.775212940174725,1201.1055327742847,1201.6683890107927,False,dwarf
9.768329166666666,48.43356111111111,,,simbad,,,,,,,,,191.54880676503052,1039.4812566480493,1056.9826054839857,False,dwarf
9.769141666666666,48.4136,,,simbad,,,,,,,,,197.39327825919315,823.4812476759656,846.8089935610487,False,dwarf
9.800575,48.42046944444444,,,simbad,,,,,,,,,423.49939596149426,897.8157901457573,992.6857163346318,False,dwarf
9.734583333333335,48.452111111111115,,,simbad,,,,,,,,,-51.191575959097676,1240.2115739199514,1241.2676284887878,False,dwarf
9.769283333333334,48.44225,,,simbad,,,,,,,,,198.41231431459173,1133.5040827076882,1150.7384376941052,False,dwarf
9.768270833333334,48.446547222222215,,,simbad,,,,,,,,,191.1292036834019,1180.0045021175288,1195.3832011193265,False,dwarf
9.678749999999999,48.36250000000001,,,simbad,,,,,,,,,-452.8116683783607,270.5260340592419,527.4682380233113,False,dwarf
9.64175,48.37836111111111,,,simbad,,,,,,,,,-718.9599087278237,442.15977344552516,844.043017630807,False,dwarf
9.56620833333333,48.45669444444445,,,simbad,,,,,,,,,-1262.3458994413509,1289.8080134974998,1804.7498113363968,False,dwarf
9.792979166666667,48.425261111111105,,,simbad,,,,,,,,,368.861080403268,949.6666133403386,1018.7861272757763,False,dwarf
9.812083333333334,48.419444444444444,,,simbad,,,,,,,,,506.2810896377544,886.7242227493244,1021.0780523227328,False,dwarf
9.756241666666668,48.42565277777778,,,simbad,,,,,,,,,104.60105392114531,953.9048545406525,959.6227654644495,False,dwarf
9.752616666666668,48.42915277777777,,,simbad,,,,,,,,,78.52571956258166,991.7784993088997,994.8823449655915,False,dwarf
9.847333333333333,48.404888888888884,,,simbad,,,,,,,,,759.841237538266,729.21795403041,1053.1464906384015,False,dwarf
9.7868125,48.46670833333334,,,simbad,,,,,,,,,324.5030403450127,1398.168719362245,1435.3320142030614,False,dwarf
9.739183333333333,48.44255555555555,,,simbad,,,,,,,,,-18.102875807550355,1136.810512012789,1136.9546404036016,False,dwarf
9.861333333333334,48.49291666666667,,,simbad,,,,,,,,,860.5459771299695,1681.7701784009253,1889.1506852851242,False,dwarf
9.550916666666666,48.35252777777779,,,simbad,,,,,,,,,-1372.3418501263,162.61620491787588,1381.942901754616,False,dwarf
9.854166666666668,48.420277777777784,,,simbad,,,,,,,,,808.9947413866008,895.7417572180071,1206.9903840607747,False,dwarf
9.765375,48.36888888888889,,,simbad,,,,,,,,,170.29890784524233,339.66046498532745,379.96177371852974,False,dwarf
9.59925,48.436388888888885,,,simbad,,,,,,,,,-1024.6707253454626,1070.080756944909,1481.5609747032977,False,dwarf
9.780783333333334,48.44857777777778,,,simbad,,,,,,,,,281.1340646934829,1201.9772277728634,1234.4171168675593,False,dwarf
9.769666666666666,48.41717499999999,,,simbad,,,,,,,,,201.169705993874,862.1664705463638,885.3249536435962,False,dwarf
9.748541666666666,48.34777777777778,,,simbad,,,,,,,,,49.21344714570377,111.21625844653593,121.61833547129994,False,dwarf
9.754583333333334,48.36055555555555,,,simbad,,,,,,,,,92.6723377433213,249.48512029891344,266.14091649608395,False,dwarf
9.779408333333333,48.42019444444444,,,simbad,,,,,,,,,271.2434206264333,894.8400037710425,935.0463226932062,False,dwarf
9.842916666666666,48.498333333333335,,,simbad,,,,,,,,,728.0712899289737,1740.3841524470188,1886.537781574376,False,dwarf
9.906458333333335,48.508805555555554,,,simbad,,,,,,,,,1185.1389324210472,1853.7045022695531,2200.176054518027,False,dwarf
9.732185,48.34934,,,simbad,,,,,,,,,-68.44325694392148,128.12112973037415,145.2566807567866,False,dwarf
9.793716666666667,48.42345833333333,,,simbad,,,,,,,,,374.16606222104105,930.158680439912,1002.5943411548453,False,dwarf
9.820304166666668,48.45036666666667,,,simbad,,,,,,,,,565.4151524992037,1221.3348684322557,1345.8652070412302,False,dwarf
9.7953625,48.416063888888885,,,simbad,,,,,,,,,386.0048634528001,850.1430912548558,933.6718000548035,False,dwarf
9.717129706639998,48.46472529918001,,,simbad,,,,,,,,,-176.7389281793181,1376.7102247661,1388.0085344512474,False,dwarf
9.781883333333333,48.406025,,,simbad,,,,,,,,,289.0465799471044,741.5118593560144,795.8566221027073,False,dwarf
9.614749999999999,48.43886111111111,,,simbad,,,,,,,,,-913.1761922260945,1096.8327758685436,1427.2115807644093,False,dwarf
9.807500000000001,48.37416666666667,,,simbad,,,,,,,,,473.3122760809565,396.7715166200425,617.6181239972676,False,dwarf
9.582958333333334,48.46861111111112,,,simbad,,,,,,,,,-1141.859871715548,1418.7587563990567,1821.186529571654,False,dwarf
9.795216666666667,48.40838333333333,,,simbad,,,,,,,,,384.95585574871706,767.0314819022983,858.2122727533456,False,dwarf
9.696291666666667,48.352833333333336,,,simbad,,,,,,,,,-326.6310274018519,165.92263422297694,366.3579514751674,False,dwarf
9.740875,48.45905555555556,,,simbad,,,,,,,,,-5.934386440216075,1315.3576944918943,1315.371081254812,False,dwarf
9.685291666666666,48.34388888888889,,,simbad,,,,,,,,,-405.7561799381921,69.13443092622317,411.60375010138966,False,dwarf
9.738754166666666,48.34306666666667,,,simbad,,,,,,,,,-21.189955622419244,60.23713025053334,63.85550939503823,False,dwarf
9.681208333333332,48.32497222222223,,,simbad,,,,,,,,,-435.128395652439,-135.56360151175895,455.75674515897674,False,dwarf
9.718041666666668,48.36258333333334,,,simbad,,,,,,,,,-170.17902125047002,271.4277875060689,320.36532756246834,False,dwarf
9.770416666666666,48.345555555555556,,,simbad,,,,,,,,,206.564602757712,87.16949986351975,224.20405174507337,False,dwarf
9.730816999999998,48.34323599999999,,,simbad,,,,,,,,,-78.28354864118212,62.069493254417466,99.9046344306234,False,dwarf
9.558583333333335,48.42530555555555,,,simbad,,,,,,,,,-1317.194016540357,950.1475485120347,1624.1245152860504,False,dwarf
9.837458333333334,48.43666666666666,,,simbad,,,,,,,,,688.8084301476999,1073.0866017677342,1275.1360352276,False,dwarf
9.800291666666666,48.45594722222223,,,simbad,,,,,,,,,421.4613238507084,1281.7222909239613,1349.2374433558236,False,dwarf
9.836,48.40152777777778,,,simbad,,,,,,,,,678.3183531069033,692.847231673679,969.6149104668008,False,dwarf
9.680583333333331,48.379805555555556,,,simbad,,,,,,,,,-439.62414295565065,457.79016652447876,634.6977419496625,False,dwarf
9.7872125,48.40764166666666,,,simbad,,,,,,,,,327.3803186190672,759.0058762251872,826.6001410376641,False,dwarf
9.799554166666667,48.42419722222222,,,simbad,,,,,,,,,416.15634203293536,938.1542276687749,1026.3135270993114,False,dwarf
9.7740875,48.407691666666665,,,simbad,,,,,,,,,232.96962525185086,759.5469282933109,794.4723925787426,False,dwarf
9.602416666666667,48.33416666666667,,,simbad,,,,,,,,,-1001.8922723425708,-36.07013787452429,1002.5413608555247,False,dwarf
9.777291666666667,48.40484444444444,,,simbad,,,,,,,,,256.01782309292605,728.7370188587827,772.4006527679961,False,dwarf
9.777537500000001,48.404297222222226,,,simbad,,,,,,,,,257.7861503655285,722.8155045577389,767.4085958271106,False,dwarf
9.687504166666665,48.34826944444445,,,simbad,,,,,,,,,-389.84123448487287,116.53660378302844,406.8869230215837,False,dwarf
9.80055,48.43603055555555,,,simbad,,,,,,,,,423.3195660693644,1066.203217123367,1147.1655308722331,False,dwarf
9.598416666666669,48.42861111111111,,,simbad,,,,,,,,,-1030.6650550830477,985.9171019043522,1426.2899381250709,False,dwarf
9.846541666666667,48.49955555555555,,,simbad,,,,,,,,,754.1466242875487,1753.6098696676295,1908.8962009287004,False,dwarf
9.8298375,48.45080277777778,,,simbad,,,,,,,,,633.9902846973438,1226.0540448041968,1380.2725100034959,False,dwarf
9.647291666666666,48.40672222222222,,,simbad,,,,,,,,,-679.0976159727801,749.0565298614293,1011.068374022232,False,dwarf
9.659583333333334,48.354722222222215,,,simbad,,,,,,,,,-590.6812523431603,186.3623790184099,619.3829818319887,False,dwarf
9.808541666666667,48.44975833333333,,,simbad,,,,,,,,,480.8051882529492,1214.7520682700952,1306.444111478722,False,dwarf
9.817845833333333,48.464966666666676,,,simbad,,,,,,,,,547.7318797732593,1379.322072322866,1484.0955465592483,False,dwarf
9.787758333333333,48.41701388888888,,,simbad,,,,,,,,,331.3066045971934,860.4230805490687,922.0043079027723,False,dwarf
9.776225,48.41374722222222,,,simbad,,,,,,,,,248.34508102880343,825.0743454320198,861.6396896390502,False,dwarf
9.7914,48.41864722222222,,,simbad,,,,,,,,,357.50182555050657,878.097448107662,948.0836902115409,False,dwarf
9.784620833333333,48.409213888888885,,,simbad,,,,,,,,,308.7379531351274,776.018957922664,835.1793500568878,False,dwarf
9.788725,48.42003888888888,,,simbad,,,,,,,,,338.2600270928081,893.1567306702437,955.0648100890251,False,dwarf
9.578333333333333,48.4475,,,simbad,,,,,,,,,-1175.1284017592366,1190.3145498601275,1672.6552209675297,False,dwarf
9.812083333333334,48.44222222222222,,,simbad,,,,,,,,,506.2810896377544,1133.2034982254124,1241.157004619119,False,dwarf
9.831491666666668,48.43268055555555,,,simbad,,,,,,,,,645.8890292264834,1029.9527285594222,1215.7200587068257,False,dwarf
9.800749999999999,48.423966666666665,,,simbad,,,,,,,,,424.7582052063802,935.6593764657562,1027.5592448411103,False,dwarf
9.823733333333333,48.427875,,,simbad,,,,,,,,,590.0818193694132,977.9516131237376,1142.1847097390323,False,dwarf
9.766497,48.33446500000001,,,simbad,,,,,,,,,178.3696734039444,-32.84186053467586,181.3679359578448,False,dwarf
9.781908333333332,48.414425,,,simbad,,,,,,,,,289.2264098392228,832.4086067999037,881.2241512935531,False,dwarf
9.754958333333335,48.50211111111111,,,simbad,,,,,,,,,95.36978612523457,1781.26364203816,1783.8148890937712,False,dwarf
9.772549999999999,48.43680277777777,,,simbad,,,,,,,,,221.91008688596867,1074.559465731002,1097.233854770183,False,dwarf
9.770199999999999,48.41120277777778,,,simbad,,,,,,,,,205.00607702593533,797.5408068545509,823.467564762433,False,dwarf
9.776108333333335,48.34836111111112,,,simbad,,,,,,,,,247.5058748655461,117.52853257460005,273.9929087806803,False,dwarf
9.736904000000001,48.33052,,,simbad,,,,,,,,,-34.498566505834745,-75.53086870935476,83.03651738209695,False,dwarf
9.7793,48.41324444444444,,,simbad,,,,,,,,,270.46415776054494,819.6337663026032,863.105075582638,False,dwarf
9.792925,48.44685833333333,,,simbad,,,,,,,,,368.4714489703238,1183.3710483192638,1239.4104431972983,False,dwarf
9.783333333333333,48.33833333333334,,,simbad,,,,,,,,,299.4767136905321,9.017534468682697,299.61244628815876,False,dwarf
9.775,48.337222222222216,,,simbad,,,,,,,,,239.53341631453281,-3.0058448229630663,239.55227536888694,False,dwarf
9.603958333333333,48.36508333333334,,,simbad,,,,,,,,,-990.8027623280155,298.4803909119105,1034.7853195691139,False,dwarf
9.780970833333333,48.414750000000005,,,simbad,,,,,,,,,282.4827888844339,835.9254452427423,882.3649335848544,False,dwarf
9.720791666666667,48.348222222222226,,,simbad,,,,,,,,,-150.39773311639357,116.02561016315293,189.95109986594414,False,dwarf
9.624749999999999,48.40997222222222,,,simbad,,,,,,,,,-841.2442353748906,784.2249142891267,1150.087205277614,False,dwarf
9.761000000000001,48.43622222222222,,,simbad,,,,,,,,,138.82867672284064,1068.2772500511862,1077.2602677429163,False,dwarf
9.749374999999999,48.37211111111111,,,simbad,,,,,,,,,55.20777688330027,374.5282649306803,378.57538200519866,False,dwarf
9.750925,48.31975277777778,,,simbad,,,,,,,,,66.35723019524737,-192.04342573374333,203.18454509813694,False,dwarf
9.665041666666667,48.33419444444445,,,simbad,,,,,,,,,-551.4183925618752,-35.76955339224863,552.5773290729571,False,dwarf
9.721908333333333,48.3405,,,simbad,,,,,,,,,-142.36533126801126,32.46312408707874,146.01966296545015,False,dwarf
9.806979166666668,48.35655,,,simbad,,,,,,,,,469.56581999496007,206.14083795300164,512.8217081788805,False,dwarf
9.734458333333333,48.33997222222222,,,simbad,,,,,,,,,-52.09072541975832,26.75201892363477,58.55863891218074,False,dwarf
9.768374999999999,48.399388888888886,,,simbad,,,,,,,,,191.8784949005943,669.7022265374209,696.6479950696021,False,dwarf
9.734041666666666,48.335416666666674,,,simbad,,,,,,,,,-55.08789028855085,-22.543836171500242,59.52226647037945,False,dwarf
9.7065,48.39186111111111,,,simbad,,,,,,,,,-253.2004881162519,588.243831837414,640.4227454401288,False,dwarf
9.766158333333335,48.44978888888889,,,simbad,,,,,,,,,175.93357779859056,1215.082711200619,1227.7534845626217,False,dwarf
9.698125,48.436583333333324,,,simbad,,,,,,,,,-313.4435019791419,1072.1848483208385,1117.0618505265174,False,dwarf
9.755708333333335,48.42809444444444,,,simbad,,,,,,,,,100.764682889084,980.3262305337635,985.4912681451192,False,dwarf
9.868178399280426,48.425615703305915,,,simbad,,,,,,,,,909.7838759649478,953.5036701471578,1317.9058957110342,False,dwarf
9.768208333333334,48.42400555555555,,,simbad,,,,,,,,,190.67962895308872,936.0801947409558,955.3035391350506,False,dwarf
9.814083333333334,48.46040000000001,,,simbad,,,,,,,,,520.6674810080043,1329.9059834346695,1428.1962577161992,False,dwarf
9.804129166666668,48.415816666666665,,,simbad,,,,,,,,,449.06521229236427,847.4678893624854,959.0940456449993,False,dwarf
9.741666666666665,48.334722222222226,,,simbad,,,,,,,,,-0.23977318951026597,-30.058448228735823,30.05940453671695,False,dwarf
9.735583333333333,48.34327777777778,,,simbad,,,,,,,,,-43.99838027399561,62.521572315883404,76.4513209276685,False,dwarf
9.768479166666667,48.32270555555556,,,simbad,,,,,,,,,192.6277861178096,-160.0912952665401,250.46893381169474,False,dwarf
9.779779166666668,48.422152777777775,,,simbad,,,,,,,,,273.91089735967347,916.0312097723366,956.1068752861012,False,dwarf
9.799487500000001,48.43631388888889,,,simbad,,,,,,,,,415.67679565393775,1069.2691788427578,1147.2243787804507,False,dwarf
9.829225000000001,48.4262,,,simbad,,,,,,,,,629.5844523402086,959.8263688417652,1147.8864233679606,False,dwarf
9.749316666666665,48.44783888888888,,,simbad,,,,,,,,,54.78817380166016,1193.9816805439318,1195.2380505418294,False,dwarf
9.762108333333334,48.438375,,,simbad,,,,,,,,,146.80113527384253,1091.5725474285475,1101.3996548107946,False,dwarf
9.77511666666667,48.40996111111111,,,simbad,,,,,,,,,240.37262247781302,784.1046804962026,820.1214224813989,False,dwarf
9.804570833333333,48.47148611111111,,,simbad,,,,,,,,,452.2422070532867,1449.8692503157229,1518.7639240025107,False,dwarf
9.819775000000002,48.441583333333334,,,simbad,,,,,,,,,561.608753115827,1126.290055132797,1258.5442701261459,False,dwarf
9.76,48.40416666666667,,,simbad,,,,,,,,,131.63548103771572,721.4027574909676,733.3142834989665,False,dwarf
9.7754,48.40798888888889,,,simbad,,,,,,,,,242.41069458857592,762.763182253805,800.3565562003395,False,dwarf
9.818670833333334,48.458777777777776,,,simbad,,,,,,,,,553.6662662134981,1312.351849669,1424.364318449617,False,dwarf
9.494583333333335,48.19,,,simbad,,,,,,,,,-1777.5585403880912,-1596.1036009488528,2388.9874569508597,False,dwarf
9.663208333333333,48.23997222222222,,,simbad,,,,,,,,,-564.605917984608,-1055.35211731292,1196.8909449653736,False,dwarf
9.664875,48.23233333333334,,,simbad,,,,,,,,,-552.6172585094035,-1138.0128499420293,1265.0925187651806,False,dwarf
9.47668677819,48.31137159592,,,simbad,,,,,,,,,-1906.2919636236522,-282.73654128226246,1927.1452987131968,False,dwarf
9.479476132050001,48.29311160315,,,simbad,,,,,,,,,-1886.2275954736235,-480.3286783228766,1946.424974445614,False,dwarf
9.53125,48.207777777777785,,,simbad,,,,,,,,,-1513.8080319336734,-1403.729532284448,2064.4784710319495,False,dwarf
9.676666666666666,48.290555555555564,,,simbad,,,,,,,,,-467.7974927223576,-507.9877750665096,690.569383780042,False,dwarf
9.605583333333332,48.207416666666674,,,simbad,,,,,,,,,-979.1138193397018,-1407.637130554238,1714.6737772932047,False,dwarf
9.700999999999999,48.288472222222225,,,simbad,,,,,,,,,-292.7630643844277,-530.5316112381475,605.9488446978883,False,dwarf
9.623875,48.24605555555556,,,simbad,,,,,,,,,-847.5382815993551,-989.5241156917978,1302.8734068634687,False,dwarf
9.685393198097083,48.16270670503667,,,simbad,,,,,,,,,-405.02584449101334,-1891.4454746622832,1934.3246672485177,False,dwarf
9.495083333333334,48.19811111111111,,,simbad,,,,,,,,,-1773.9619425455398,-1508.3329321207816,2328.520819687902,False,dwarf
9.676416666666666,48.257083333333334,,,simbad,,,,,,,,,-469.59579164363316,-870.1920762235437,988.8146727530151,False,dwarf
9.620416666666666,48.21011111111111,,,simbad,,,,,,,,,-872.4147500104132,-1378.4804357723979,1631.3539799329242,False,dwarf
9.630541666666668,48.361916666666666,,,simbad,,,,,,,,,-799.5836436985488,264.2137599310401,842.1062368888769,False,dwarf
10.059805400365002,48.22595768907889,,,simbad,,,,,,,,,2288.19439331917,-1207.0039601311055,2587.0237999271394,False,dwarf
9.625541666666667,48.370805555555556,,,simbad,,,,,,,,,-835.5496221241506,360.40079426317374,909.9625835919504,False,dwarf
9.706041666666668,48.358250000000005,,,simbad,,,,,,,,,-256.49736947192366,224.53660826913912,340.8923422416898,False,dwarf
9.709583333333333,48.33638888888889,,,simbad,,,,,,,,,-231.02146808712996,-12.023379291508096,231.33413143485825,False,dwarf
9.725999999999999,48.299527777777776,,,simbad,,,,,,,,,-112.93317225639542,-410.89898728761784,426.1359866872107,False,dwarf
9.75825,48.36697222222222,,,simbad,,,,,,,,,119.04738858875275,318.9201357074811,340.4149433991987,False,dwarf
9.745833333333334,48.36749999999999,,,simbad,,,,,,,,,29.731875498506557,324.6312408708563,325.9899185097763,False,dwarf
9.799583333333334,48.31944444444445,,,simbad,,,,,,,,,416.3661435737497,-195.3799134870926,459.928338014413,False,dwarf
9.689291666666666,48.34919444444445,,,simbad,,,,,,,,,-376.98339719771514,126.54606704328275,397.6561188349216,False,dwarf
9.762137500000001,48.36013888888889,,,simbad,,,,,,,,,147.0109368146683,244.97635306464093,285.701993524683,False,dwarf
9.673874999999999,48.254694444444446,,,simbad,,,,,,,,,-487.8784973433248,-896.0423417002827,1020.2535500010313,False,dwarf
9.801919999999999,48.33210900000001,,,simbad,,,,,,,,,433.17424415797205,-58.336233984439545,437.0847080341723,False,dwarf
9.7975,48.33388888888889,,,simbad,,,,,,,,,401.38031922974125,-39.075982697418524,403.2779352862464,False,dwarf
9.617583333333332,48.38858333333334,,,simbad,,,,,,,,,-892.7954711182481,552.7748629275097,1050.0684750690223,False,dwarf
9.99675874364,48.23053133739,,,simbad,,,,,,,,,1834.687454203581,-1157.5123225796901,2169.311603144151,False,dwarf
9.805583333333333,48.35933333333333,,,simbad,,,,,,,,,459.5253176844651,236.25940307830274,516.703031862524,False,dwarf
9.554791666666667,48.41002777777778,,,simbad,,,,,,,,,-1344.4682168464608,784.8260832537468,1556.7744753385825,False,dwarf
9.699541666666667,48.25713888888889,,,simbad,,,,,,,,,-303.253141425213,-869.5909072589236,920.9510376625122,False,dwarf
9.768833333333331,48.35216666666667,,,simbad,,,,,,,,,195.17537625626608,158.708606648017,251.55883868576356,False,dwarf
9.796666666666669,48.348888888888894,,,simbad,,,,,,,,,395.3859894921562,123.23963773811286,414.14742423020425,False,dwarf
9.750875,48.369166666666665,,,simbad,,,,,,,,,65.99757041098769,342.66630980815285,348.96400842735954,False,dwarf
9.662083333333332,48.33250000000001,,,simbad,,,,,,,,,-572.6982631303822,-54.10520681175201,575.2483585345541,False,dwarf
9.901438729179999,48.35940157935,,,simbad,,,,,,,,,1149.0319374842504,236.99789604743282,1173.2188185030618,False,dwarf
10.089755108770001,48.34219399216,,,simbad,,,,,,,,,2503.6285065886304,50.7938833179189,2504.1437094515422,False,dwarf
9.54399047158,48.420462926430005,,,simbad,,,,,,,,,-1422.1633267380118,897.7452584419087,1681.8130327041288,False,dwarf
9.818333333333333,48.342777777777776,,,simbad,,,,,,,,,551.2385626697568,57.111051634646245,554.1891601186679,False,dwarf
9.832291666666668,48.36197222222223,,,simbad,,,,,,,,,651.6435857745811,264.8149288957291,703.3962677233964,False,dwarf
9.719833333333334,48.25691666666667,,,simbad,,,,,,,,,-157.29121231463927,-871.9955831171977,886.0681816019073,False,dwarf
9.812625,48.3376388888889,,,simbad,,,,,,,,,510.17740396719614,1.50292241151595,510.1796176784042,False,dwarf
9.667791666666666,48.393055555555556,,,simbad,,,,,,,,,-531.6371044278101,601.1689645758178,802.5223578029132,False,dwarf
9.793958333333334,48.362861111111116,,,simbad,,,,,,,,,375.90441784494755,274.4336323288943,465.42233499111285,False,dwarf
9.540541666666668,48.38975,,,simbad,,,,,,,,,-1446.971255359417,565.3994111835692,1553.5128927701676,False,dwarf
9.710416666666665,48.35277777777779,,,simbad,,,,,,,,,-225.0271383495335,165.3214652584256,279.228221834708,False,dwarf
9.6998375,48.32546111111111,,,simbad,,,,,,,,,-301.1251543683737,-130.2733146235835,328.09677702835194,False,dwarf
9.677625,48.29805555555556,,,simbad,,,,,,,,,-460.9040135241119,-426.82996484884717,628.184947746683,False,dwarf
9.6275,48.379,,,simbad,,,,,,,,,-821.4629472408029,449.07321653807173,936.1987649540006,False,dwarf
9.689775000000001,48.32140799999999,,,simbad,,,,,,,,,-373.5066859498907,-174.13219760328724,412.1034660026782,False,dwarf
9.727229999999999,48.34004999999999,,,simbad,,,,,,,,,-104.08554156370566,27.593655473896472,107.68105583166425,False,dwarf
9.630833333333332,48.260555555555555,,,simbad,,,,,,,,,-797.4856282904054,-832.6190159375035,1152.9257361298166,False,dwarf
9.735566666666665,48.36385277777778,,,simbad,,,,,,,,,-44.118266868745025,285.1644983465551,288.5571218818628,False,dwarf
9.717625,48.34080555555556,,,simbad,,,,,,,,,-173.17618611928543,35.76955339231746,176.83170640105027,False,dwarf
9.748625,48.32975555555556,,,simbad,,,,,,,,,49.81288011947371,-83.80295366185342,97.48978443020485,False,dwarf
9.732416666666666,48.39541666666667,,,simbad,,,,,,,,,-66.77683327687605,626.7186455702811,630.266139157051,False,dwarf
9.636458333333332,48.38275,,,simbad,,,,,,,,,-757.0239025616032,489.6521216470062,901.578831430183,False,dwarf
9.718083333333333,48.35958333333334,,,simbad,,,,,,,,,-169.8793047636022,238.9646634189213,293.1946257179404,False,dwarf
9.717791666666667,48.34145,,,simbad,,,,,,,,,-171.977320171757,42.7431133813605,177.20940267093857,False,dwarf
9.575250000000002,48.3725,,,simbad,,,,,,,,,-1197.3074217883473,378.7364476828148,1255.7811748361482,False,dwarf
9.672249999999998,48.253638888888894,,,simbad,,,,,,,,,-499.56744033165,-907.4645520271707,1035.8858723939575,False,dwarf
9.683625,48.254777777777775,,,simbad,,,,,,,,,-417.74483941339656,-895.1405882534558,987.8195298713563,False,dwarf
9.61083333333333,48.36108333333333,,,simbad,,,,,,,,,-941.3495419928358,255.19622546242627,975.3276750407482,False,dwarf
9.793218,48.358244000000006,,,simbad,,,,,,,,,370.57905530605854,224.47168202098356,433.26247502046647,False,dwarf
9.705416666666665,48.28972222222222,,,simbad,,,,,,,,,-260.9931167751468,-517.0053095352612,579.1475607232207,False,dwarf
9.584458333333336,48.36,,,simbad,,,,,,,,,-1131.070078187849,243.47343065319382,1156.9783201105813,False,dwarf
9.751041666666667,48.3316388888889,,,simbad,,,,,,,,,67.19643635851614,-63.42332576271037,92.40064561509833,False,dwarf
9.754166666666668,48.30386111111111,,,simbad,,,,,,,,,89.67517287451733,-364.0078080506881,374.89107878414654,False,dwarf
9.773315,48.352993000000005,,,simbad,,,,,,,,,227.41288158509826,167.65039382713897,282.53012805935003,False,dwarf
9.624583333333335,48.343333333333334,,,simbad,,,,,,,,,-842.4431013223849,63.12274128043471,844.8046279658006,False,dwarf
9.583999999999998,48.338055555555556,,,simbad,,,,,,,,,-1134.3669595435667,6.011689645719631,1134.3828892029853,False,dwarf
9.746977000000001,48.347131,,,simbad,,,,,,,,,37.95849363038861,104.21744936090383,110.91494033709257,False,dwarf
9.78425,48.38375,,,simbad,,,,,,,,,306.07047640189853,500.47316300934284,586.6451426692813,False,dwarf
9.744124999999999,48.36452777777778,,,simbad,,,,,,,,,17.443499536411423,292.468701266122,292.9884245091756,False,dwarf
9.631416666666667,48.391083333333334,,,simbad,,,,,,,,,-793.2895974740729,579.8274663333514,982.6028069241052,False,dwarf
9.667499999999999,48.29402777777778,,,simbad,,,,,,,,,-533.7351198359763,-470.414714780607,711.4514614704533,False,dwarf
9.747077000000003,48.340531000000006,,,simbad,,,,,,,,,38.67781319891941,32.79857636939943,50.712127205529754,False,dwarf
9.672916666666667,48.340833333333336,,,simbad,,,,,,,,,-494.77197654154764,36.07013787459312,496.08503667931967,False,dwarf
9.626708333333331,48.33441666666667,,,simbad,,,,,,,,,-827.1575604915316,-33.36487753397455,827.8302029590119,False,dwarf
9.65875,48.35305555555556,,,simbad,,,,,,,,,-596.6755820807682,168.32731008125103,619.9643808886227,False,dwarf
9.636375,48.34941666666668,,,simbad,,,,,,,,,-757.6233355353503,128.95074290162566,768.5189735085212,False,dwarf
9.7387875,48.33612777777778,,,simbad,,,,,,,,,-20.95018243290898,-14.848873424981868,25.67876916760811,False,dwarf
9.4799692,48.311744399999995,,,simbad,,,,,,,,,-1882.6808612232264,-278.7024129125948,1903.1979035769066,False,dwarf
9.597458333333334,48.37027777777778,,,simbad,,,,,,,,,-1037.5585342812933,354.6896890997298,1096.5092282391465,False,dwarf
9.84875,48.31252777777778,,,simbad,,,,,,,,,770.0315980921948,-270.22544957682857,816.070129130713,False,dwarf
9.630166666666662,48.39663888888888,,,simbad,,,,,,,,,-802.2810920805077,639.944362790823,1026.2474059298004,False,dwarf
9.715875,48.28772222222222,,,simbad,,,,,,,,,-185.76427856823693,-538.6473922599345,569.7801158169748,False,dwarf
9.722576,48.297823,,,simbad,,,,,,,,,-137.56267428225254,-429.3464581345385,450.8457280138719,False,dwarf
9.719916666666666,48.33441666666667,,,simbad,,,,,,,,,-156.69177934088074,-33.36487753397455,160.20464651772238,False,dwarf
9.678749999999999,48.366944444444435,,,simbad,,,,,,,,,-452.8116683783607,318.6195512250678,553.6757403412743,False,dwarf
9.698208333333334,48.372972222222224,,,simbad,,,,,,,,,-312.844069005372,383.8463838816386,495.1862860892335,False,dwarf
9.742124999999998,48.33836111111112,,,simbad,,,,,,,,,3.0571081661615183,9.318118951027188,9.806796170263938,False,dwarf
9.727441666666666,48.31860277777778,,,simbad,,,,,,,,,-102.56298181034808,-204.48762330051994,228.76702848296372,False,dwarf
9.739666666666666,48.33119444444445,,,simbad,,,,,,,,,-14.626164559748732,-68.23267747932738,69.78268385299292,False,dwarf
9.752916666666668,48.337250000000004,,,simbad,,,,,,,,,80.68367826811685,-2.705260340549742,80.72901815569878,False,dwarf
9.757166666666667,48.31877777777778,,,simbad,,,,,,,,,111.25475992986931,-202.59394106198368,231.13183805369474,False,dwarf
9.691374999999999,48.362625,,,simbad,,,,,,,,,-361.9975728537068,271.87866422944796,452.7253591474236,False,dwarf
9.78055,48.32925833333334,,,simbad,,,,,,,,,279.4556523669454,-89.1834158947047,293.3413426547354,False,dwarf
9.744822000000001,48.337222,,,simbad,,,,,,,,,22.457156928952003,-3.0082494987926367,22.657746189296127,False,dwarf
9.729167,48.359826,,,simbad,,,,,,,,,-90.15232152161427,241.59056945613156,257.8632279443396,False,dwarf
9.595749999999999,48.354722222222215,,,simbad,,,,,,,,,-1049.8469102433885,186.3623790184099,1066.2595703021807,False,dwarf
9.768414,48.303483,,,simbad,,,,,,,,,192.15902953232506,-368.09936402360853,415.23756384194104,False,dwarf
9.628416666666666,48.33830555555556,,,simbad,,,,,,,,,-814.8691845294364,8.716949986338207,814.9158073768928,False,dwarf
9.55433333333333,48.39030555555555,,,simbad,,,,,,,,,-1347.7650982021555,571.41110082922,1463.8925527793108,False,dwarf
9.58825,48.37138888888888,,,simbad,,,,,,,,,-1103.79587788178,366.71306839116903,1163.1181429922221,False,dwarf
9.702583333333333,48.37119444444445,,,simbad,,,,,,,,,-281.37383788297035,364.6089770152394,460.5550377154629,False,dwarf
9.729615,48.335879000000006,,,simbad,,,,,,,,,-86.9297698546814,-17.540908048365722,88.68183772424372,False,dwarf
9.623750000000003,48.35166666666667,,,simbad,,,,,,,,,-848.4374310599815,153.29808596684867,862.1753751904308,False,dwarf
9.820666666666668,48.32688888888889,,,simbad,,,,,,,,,568.0226859350521,-114.82327223398147,579.5119977907186,False,dwarf
9.733133,48.341405,,,simbad,,,,,,,,,-61.624107434426136,42.25616652005604,74.72023973503029,False,dwarf
9.725793,48.345316999999994,,,simbad,,,,,,,,,-114.42216376322317,84.58808032953513,142.29397349885815,False,dwarf
9.780291666666667,48.32394444444445,,,simbad,,,,,,,,,277.59741014828944,-146.68522735644007,313.9695495516216,False,dwarf
9.538458333333331,48.406972222222215,,,simbad,,,,,,,,,-1461.9570797034482,751.7617902019791,1643.917361701226,False,dwarf
9.630583333333332,48.275499999999994,,,simbad,,,,,,,,,-799.283927211681,-670.90456446673,1043.5361665611883,False,dwarf
9.555208333333333,48.399750000000004,,,simbad,,,,,,,,,-1341.4710519776568,673.6098248072797,1501.0978580262297,False,dwarf
9.728958333333333,48.344833333333334,,,simbad,,,,,,,,,-91.65330168791125,79.3543033240085,121.23297062405929,False,dwarf
9.675833333333333,48.26713888888889,,,simbad,,,,,,,,,-473.7918224599542,-761.3804936352819,896.7602506345999,False,dwarf
9.710958333333332,48.3835,,,simbad,,,,,,,,,-221.13082402009175,497.7679026687243,544.675799222827,False,dwarf
9.654,48.305527777777776,,,simbad,,,,,,,,,-630.8432615850946,-345.9727391133915,719.4861756121121,False,dwarf
9.753366,48.363515,,,simbad,,,,,,,,,83.91582086261822,281.50939104189865,293.75057827318,False,dwarf
9.592791666666667,48.34388888888889,,,simbad,,,,,,,,,-1071.1267808118612,69.13443092622317,1073.3555562402767,False,dwarf
9.783083333333334,48.33997222222222,,,simbad,,,,,,,,,297.6784147692566,26.75201892363477,298.87808406778186,False,dwarf
9.747499999999999,48.333333333333336,,,simbad,,,,,,,,,41.72053497369956,-45.08767234320699,61.42883065646033,False,dwarf
9.738054166666666,48.34181388888889,,,simbad,,,,,,,,,-26.22519260199756,46.68077009932992,53.54302031150616,False,dwarf
9.727091666666666,48.326097222222224,,,simbad,,,,,,,,,-105.08060030014296,-123.38992997921628,162.07099487482114,False,dwarf
9.716779166666667,48.33616944444445,,,simbad,,,,,,,,,-179.26043080294684,-14.397996701533966,179.83771673560437,False,dwarf
9.743041666666667,48.35041666666667,,,simbad,,,,,,,,,9.650870877539404,139.77178426389347,140.1045716063802,False,dwarf
9.727820833333332,48.337947222222226,,,simbad,,,,,,,,,-99.83556177973888,4.839410164865221,99.95278528695366,False,dwarf
9.7807875,48.34083888888889,,,simbad,,,,,,,,,281.16403634216744,36.13025477102072,283.4759436743064,False,dwarf
9.744075,48.32523611111112,,,simbad,,,,,,,,,17.083839752163183,-132.70804893003697,133.8031532942878,False,dwarf
9.698758333333332,48.2954,,,simbad,,,,,,,,,-308.8878113785727,-455.56584135555636,550.4106792461795,False,dwarf
9.753270833333334,48.32245,,,simbad,,,,,,,,,83.23126840658479,-162.85667250358625,182.89270029038695,False,dwarf
9.838875000000002,48.30105555555555,,,simbad,,,,,,,,,698.998790701629,-394.36684076183724,802.5736816609501,False,dwarf
9.750470833333333,48.32781944444445,,,simbad,,,,,,,,,63.09032048824865,-104.75369207729956,122.28542244738586,False,dwarf
9.725416666666666,48.28241666666667,,,simbad,,,,,,,,,-117.12920307271638,-596.0590283769252,607.4583241030563,False,dwarf
9.688858333333332,48.343222222222224,,,simbad,,,,,,,,,-380.10044866126856,61.920403351332084,385.11100662495915,False,dwarf
9.697129166666667,48.33905277777778,,,simbad,,,,,,,,,-320.606726015571,16.802672559876886,321.0467295762065,False,dwarf
9.707374999999999,48.33663333333334,,,simbad,,,,,,,,,-246.90644189177615,-9.378235847317118,247.08448424630984,False,dwarf
9.720233333333333,48.30308055555555,,,simbad,,,,,,,,,-154.41393404059613,-372.4542320029989,403.1945162856723,False,dwarf
9.7465,48.296866666666666,,,simbad,,,,,,,,,34.5273392885746,-439.6949806907546,441.04853837530334,False,dwarf
9.771229166666666,48.34051111111111,,,simbad,,,,,,,,,212.4090742518746,32.58335788000277,214.89367146399337,False,dwarf
9.7807125,48.36391944444444,,,simbad,,,,,,,,,280.6245466657779,285.8859011039616,400.6006548189824,False,dwarf
9.730099999999998,48.32753888888889,,,simbad,,,,,,,,,-83.44106994741055,-107.78959534844202,136.31217487572243,False,dwarf
9.6880625,48.34641944444444,,,simbad,,,,,,,,,-385.8250335606703,96.51767726258865,397.7142423226224,False,dwarf
9.756083333333333,48.33108333333334,,,simbad,,,,,,,,,103.46213127098585,-69.43501540843,124.6019019594148,False,dwarf
9.813699999999999,48.36463888888889,,,simbad,,,,,,,,,517.9100893286991,293.6710391952935,595.3768049651453,False,dwarf
9.745695833333333,48.35419166666667,,,simbad,,,,,,,,,28.74281109179244,180.62121540685538,182.89388356232178,False,dwarf
9.744458333333332,48.28241666666667,,,simbad,,,,,,,,,19.841231431456887,-596.0590283769252,596.38916805586,False,dwarf
9.76685,48.35422777777778,,,simbad,,,,,,,,,180.90887148078846,181.01197523380685,255.91669534928107,False,dwarf
9.768879166666666,48.320030555555554,,,simbad,,,,,,,,,195.5050643918527,-189.03758091091794,271.951166939056,False,dwarf
9.729258333333332,48.36167777777778,,,simbad,,,,,,,,,-89.49534298238747,261.62873338341444,276.5122249509864,False,dwarf
9.62975,48.29591666666667,,,simbad,,,,,,,,,-805.2782569492774,-449.9749699849676,922.4698069466767,False,dwarf
9.718908333333333,48.29678055555556,,,simbad,,,,,,,,,-163.94491832337468,-440.62679258582983,470.13817818651347,False,dwarf
9.745925,48.30778055555555,,,simbad,,,,,,,,,30.39125176963405,-321.59533759985146,323.028155661527,False,dwarf
9.672041666666665,48.28961111111111,,,simbad,,,,,,,,,-501.0660227660462,-518.2076474644326,720.837238952876,False,dwarf
9.678687499999999,48.33719166666667,,,simbad,,,,,,,,,-453.2612431086853,-3.336487753349271,453.27352300234674,False,dwarf
9.679916666666665,48.26786111111111,,,simbad,,,,,,,,,-444.41960674571874,-753.5652970958395,874.8539557247027,False,dwarf
9.802791666666666,48.29422222222222,,,simbad,,,,,,,,,439.4443130635094,-468.3106234046086,642.2041297574103,False,dwarf
9.744829166666666,48.373019444444445,,,simbad,,,,,,,,,22.50870816468567,384.3573775015141,385.0158900397287,False,dwarf
9.777862500000001,48.38498888888889,,,simbad,,,,,,,,,260.12393896319355,513.8792309194429,575.9655611163616,False,dwarf
9.69225,48.30813888888889,,,simbad,,,,,,,,,-355.70352662921954,-317.71779777830966,476.9377295638947,False,dwarf
9.751600000000002,48.33490277777778,,,simbad,,,,,,,,,71.21263728270729,-28.10464909390964,76.55789318842459,False,dwarf
9.745695833333333,48.29510277777777,,,simbad,,,,,,,,,28.74281109179244,-458.78209531611924,459.68158563521683,False,dwarf
9.764991666666667,48.37218055555556,,,simbad,,,,,,,,,167.5415161659486,375.2797261364726,410.98057434415404,False,dwarf
9.774943149769998,48.38232523627,,,simbad,,,,,,,,,239.1244814853771,485.0557357554108,540.7953258256522,False,dwarf
9.776966666666667,48.35595555555556,,,simbad,,,,,,,,,253.68003449526103,199.70833003215117,322.85751808769675,False,dwarf
9.700208333333332,48.33636111111112,,,simbad,,,,,,,,,-298.45767763514493,-12.323963773783753,298.71201084399274,False,dwarf
9.727558333333333,48.31363888888889,,,simbad,,,,,,,,,-101.72377564709075,-258.2020702853205,277.51763120840667,False,dwarf
9.738354166666667,48.36560555555556,,,simbad,,,,,,,,,-24.067233896462362,304.13137917892686,305.08216524192824,False,dwarf
9.673108333333333,48.32511111111111,,,simbad,,,,,,,,,-493.3932807019122,-134.06067910038067,511.2819135493169,False,dwarf
9.744024999999999,48.31629166666666,,,simbad,,,,,,,,,16.724179967903503,-229.4962522269284,230.1048195536216,False,dwarf
9.830208333333335,48.29347222222222,,,simbad,,,,,,,,,636.6577614305841,-476.4264044263955,795.1825098834015,False,dwarf
9.7142625,48.30406944444444,,,simbad,,,,,,,,,-197.3633066104972,-361.75342443358625,412.0895714352106,False,dwarf
9.753,48.34675000000001,,,simbad,,,,,,,,,81.28311124186392,100.09463260192364,128.94138066916804,False,dwarf
9.650833333333333,48.26997222222222,,,simbad,,,,,,,,,-653.6217145879749,-730.720876441926,980.3949944022463,False,dwarf
9.586958333333333,48.351944444444456,,,simbad,,,,,,,,,-1113.087088975071,156.30393078981174,1124.007912082181,False,dwarf
9.711875,48.34991666666667,,,simbad,,,,,,,,,-214.53706130873675,134.36126358272514,253.13849929739098,False,dwarf
9.657083333333334,48.29777777777778,,,simbad,,,,,,,,,-608.6642415559612,-429.83580967167256,745.1382302801245,False,dwarf
9.669583333333334,48.354722222222215,,,simbad,,,,,,,,,-518.7492954919564,186.3623790184099,551.2093684679195,False,dwarf
9.757805,48.335785,,,simbad,,,,,,,,,115.84641650886907,-18.55808593645758,117.32346215302086,False,dwarf
9.752443,48.337177000000004,,,simbad,,,,,,,,,77.27650124525273,-3.495196360028263,77.35550427928644,False,dwarf
9.628418855167913,48.31185024466666,,,simbad,,,,,,,,,-814.8534422117077,-277.55706339663845,860.8275412216052,False,dwarf
9.763041666666668,48.35177777777778,,,simbad,,,,,,,,,153.5147845799698,154.50042389595131,217.80075773206846,False,dwarf
9.766791666666666,48.38805555555555,,,simbad,,,,,,,,,180.48926839915978,547.0637577639282,576.0686860662137,False,dwarf
9.33732197919625,48.29442420851555,,,simbad,,,,,,,,,-2908.770234403222,-466.12492136981933,2945.881314457898,False,dwarf
9.979908226129584,48.34394385795972,,,simbad,,,,,,,,,1713.4783843556174,69.72925351533377,1714.8965981801184,False,dwarf
9.7375,48.34027777777778,,,simbad,,,,,,,,,-30.21142187750421,30.058448228804657,42.61737112709171,False,dwarf
9.743749999999999,48.340833333333336,,,simbad,,,,,,,,,14.746051154486707,36.07013787459312,38.967946711918195,False,dwarf
9.741083333333334,48.33408333333334,,,simbad,,,,,,,,,-4.43580400581981,-36.97189132135126,37.23703942388352,False,dwarf
9.759916666666667,48.32211111111111,,,simbad,,,,,,,,,131.0360480639572,-166.52380318752824,211.89767087030086,False,dwarf
9.785000000000002,48.33916666666667,,,simbad,,,,,,,,,311.46537316574796,18.03506893729656,311.98708690080696,False,dwarf
9.64958333333333,48.340833333333336,,,simbad,,,,,,,,,-662.6132091943983,36.07013787459312,663.5942433785812,False,dwarf
9.685416666666667,48.25555555555555,,,simbad,,,,,,,,,-404.8570304775429,-886.7242227493932,974.7764165887527,False,dwarf
9.565958333333333,48.33363888888889,,,simbad,,,,,,,,,-1264.144198362615,-41.78124303796827,1264.8344660561936,False,dwarf
9.706072,48.347074,,,simbad,,,,,,,,,-256.27917586947405,103.60065000328822,276.4274057785165,False,dwarf
9.735000000000001,48.33888888888889,,,simbad,,,,,,,,,-48.19441109029371,15.029224114402329,50.48345112827725,False,dwarf
9.73275,48.31166666666666,,,simbad,,,,,,,,,-64.37910138183058,-279.54356852785577,286.8610733439098,False,dwarf
9.762916666666667,48.32916666666667,,,simbad,,,,,,,,,152.61563511932064,-90.17534468634514,177.26569005922937,False,dwarf
9.714262500000002,48.334802777777774,,,simbad,,,,,,,,,-197.36330661048578,-29.186753230225904,199.50975254444762,False,dwarf
9.560666666666668,48.40613888888889,,,simbad,,,,,,,,,-1302.2081921963602,742.7442557334341,1499.1381541566893,False,dwarf
9.598333333333334,48.38194444444444,,,simbad,,,,,,,,,-1031.2644880568062,480.93517166059917,1137.8950231314295,False,dwarf
9.776704166666667,48.469522222222224,,,simbad,,,,,,,,,251.79182062792054,1428.617927418001,1450.6372060150766,False,dwarf
9.794287500000001,48.452975,,,simbad,,,,,,,,,378.2721780912971,1249.5597513190892,1305.5609571500513,False,dwarf
9.810979166666668,48.43933888888889,,,simbad,,,,,,,,,498.3386027354485,1102.0028289639326,1209.4426807504478,False,dwarf
9.787737499999999,48.466547222222225,,,simbad,,,,,,,,,331.15674635374813,1396.4253293649497,1435.1545182131465,False,dwarf
9.809966666666668,48.46948888888889,,,simbad,,,,,,,,,491.0554921042586,1428.257226039229,1510.3159272347718,False,dwarf
9.802683333333333,48.47200277777778,,,simbad,,,,,,,,,438.66505019762104,1455.4601216863116,1520.1286761600197,False,dwarf
9.657541666666667,48.46661111111111,,,simbad,,,,,,,,,-605.3673602002895,1397.1166736742457,1522.6308287482084,False,dwarf
9.807383333333334,48.47065277777778,,,simbad,,,,,,,,,472.47306991769915,1440.851715847109,1516.3391668281254,False,dwarf
9.803329166666666,48.43908055555555,,,simbad,,,,,,,,,443.3106557442552,1099.2073932785695,1185.2346733599509,False,dwarf
9.748454166666667,48.44794722222222,,,simbad,,,,,,,,,48.58404252326076,1195.153960024924,1196.1410440876775,False,dwarf
9.811041666666668,48.457166666666666,,,simbad,,,,,,,,,498.78817746576163,1294.9179496963236,1387.6606726521245,False,dwarf
9.786733333333334,48.46558055555556,,,simbad,,,,,,,,,323.9335790199501,1385.9649893813853,1423.317222339285,False,dwarf
9.790920833333333,48.44896388888889,,,simbad,,,,,,,,,354.0550859513894,1206.155352076681,1257.0464339996627,False,dwarf
9.769745833333333,48.44401944444444,,,simbad,,,,,,,,,201.73916731895946,1152.6513142294116,1170.172527375915,False,dwarf
9.778241666666666,48.44168333333333,,,simbad,,,,,,,,,262.85135899379134,1127.3721592689756,1157.6090974157362,False,dwarf
9.809254166666667,48.471825,,,simbad,,,,,,,,,485.9303401786039,1453.536380999665,1532.610944237218,False,dwarf
9.771166666666668,48.507777777777775,,,simbad,,,,,,,,,211.9594995215729,1842.582876424872,1854.7340741819542,False,dwarf
9.769404166666666,48.463705555555556,,,simbad,,,,,,,,,199.28149212653358,1365.675536826918,1380.1386832458788,False,dwarf
9.689375000000002,48.466305555555564,,,simbad,,,,,,,,,-376.3839642239338,1393.8102443691446,1443.7353932882916,False,dwarf
9.759191666666668,48.451347222222225,,,simbad,,,,,,,,,125.82098119224904,1231.9455006569924,1238.354002657232,False,dwarf
9.761320833333333,48.443305555555554,,,simbad,,,,,,,,,141.13649367180977,1144.926293034645,1153.5925304577984,False,dwarf
9.810066666666668,48.46029444444445,,,simbad,,,,,,,,,491.7748116727665,1328.7637624019944,1416.847063612897,False,dwarf
9.798566666666668,48.474786111111115,,,simbad,,,,,,,,,409.05306129388674,1485.578686811544,1540.8661335958461,False,dwarf
9.791108333333334,48.438224999999996,,,simbad,,,,,,,,,355.40381014235174,1089.9493912241076,1146.4299122464938,False,dwarf
9.796504166666667,48.46647222222223,,,simbad,,,,,,,,,394.2170951933123,1395.6137512628675,1450.2223487647216,False,dwarf
9.741054166666666,48.445875,,,simbad,,,,,,,,,-4.645605546634143,1172.730357646279,1172.7395590650399,False,dwarf
9.760929166666667,48.459163888888895,,,simbad,,,,,,,,,138.31915869514708,1316.5299739728864,1323.7761752015265,False,dwarf
9.752783333333333,48.45034166666667,,,simbad,,,,,,,,,79.72458551008724,1221.0643423981594,1223.6642259259706,False,dwarf
9.785904166666667,48.44810555555556,,,simbad,,,,,,,,,317.96922093102665,1196.8672915740397,1238.3843260875283,False,dwarf
9.766333333333334,48.46136111111112,,,simbad,,,,,,,,,177.19238704348803,1340.306206521875,1351.968146543116,False,dwarf
9.815999999999999,48.528083333333335,,,simbad,,,,,,,,,534.4544394044729,2062.310132977394,2130.4376621671863,False,dwarf
9.770470833333333,48.457725,,,simbad,,,,,,,,,206.9542341906562,1300.9596977903605,1317.3178015665874,False,dwarf
9.790583333333332,48.49091666666667,,,simbad,,,,,,,,,351.627382407648,1660.1280956761832,1696.958193389656,False,dwarf
9.767133333333332,48.44860277777777,,,simbad,,,,,,,,,182.94694359156279,1202.247753806891,1216.08768010502,False,dwarf
9.784320833333334,48.46553333333333,,,simbad,,,,,,,,,306.5799944295922,1385.4539957614409,1418.9693680117944,False,dwarf
9.804991666666668,48.44363333333333,,,simbad,,,,,,,,,455.26934357078653,1148.473189925594,1235.4192985271213,False,dwarf
9.815491666666667,48.466636111111114,,,simbad,,,,,,,,,530.7978982645413,1397.387199708273,1494.8034635732497,False,dwarf
9.821583333333333,48.52286111111111,,,simbad,,,,,,,,,574.6164486464072,2005.8002503072303,2086.484772814687,False,dwarf
9.773095833333333,48.44473055555555,,,simbad,,,,,,,,,225.83637286410632,1160.3462769759988,1182.1190929007437,False,dwarf
9.665083333333335,48.46300000000001,,,simbad,,,,,,,,,-551.1186760749958,1358.0406909768271,1465.6078307198943,False,dwarf
9.8125,48.441002777777776,,,simbad,,,,,,,,,509.2782545065584,1120.007839452981,1230.3584440923635,False,dwarf
9.757675,48.449802777777776,,,simbad,,,,,,,,,114.91130106981221,1215.2330034417912,1220.6538656669684,False,dwarf
9.778954166666667,48.44826666666667,,,simbad,,,,,,,,,267.97651091944596,1198.610681571266,1228.201521079214,False,dwarf
9.800491666666666,48.44727222222222,,,simbad,,,,,,,,,422.8999629877243,1187.849757105288,1260.8851748474603,False,dwarf
9.779695833333333,48.46711111111111,,,simbad,,,,,,,,,273.31146438590355,1402.5271943553453,1428.909264953882,False,dwarf
9.814733333333333,48.441491666666664,,,simbad,,,,,,,,,525.3430582033229,1125.2981263412255,1241.886146935174,False,dwarf
9.801091666666666,48.48091111111111,,,simbad,,,,,,,,,427.2158803988061,1551.8575651560452,1609.5885533256553,False,dwarf
9.812529166666668,48.46609166666667,,,simbad,,,,,,,,,509.4880560473842,1391.4957438554775,1481.8361867706062,False,dwarf
9.773379166666667,48.44169722222222,,,simbad,,,,,,,,,227.8744449748921,1127.522451510148,1150.318930267632,False,dwarf
9.792887499999999,48.45496111111111,,,simbad,,,,,,,,,368.2017041321176,1271.0515418026591,1323.308171532509,False,dwarf
9.767470833333332,48.46123611111111,,,simbad,,,,,,,,,185.37464713529278,1338.9535763515314,1351.7249866097359,False,dwarf
9.8136375,48.43727499999999,,,simbad,,,,,,,,,517.460514598386,1079.6694019298259,1197.268308121423,False,dwarf
9.778041666666667,48.44529166666666,,,simbad,,,,,,,,,261.412719856764,1166.4180835182146,1195.3525654221082,False,dwarf
9.788266666666667,48.43824166666666,,,simbad,,,,,,,,,334.96314573713636,1090.129741913528,1140.4311304092735,False,dwarf
9.7885625,48.439497222222215,,,simbad,,,,,,,,,337.09113279397565,1103.7161605129108,1154.0449708679846,False,dwarf
9.788804166666667,48.465158333333335,,,simbad,,,,,,,,,338.82948841788215,1381.3961052505474,1422.3433558121278,False,dwarf
9.817187500000001,48.44710833333333,,,simbad,,,,,,,,,542.9963592805716,1186.0763086598824,1304.4623628745323,False,dwarf
9.77575,48.466658333333335,,,simbad,,,,,,,,,244.92831307837082,1397.6276672941212,1418.9266982241977,False,dwarf
9.801249999999998,48.455555555555556,,,simbad,,,,,,,,,428.3548030489313,1277.4840497236473,1347.3875962741452,False,dwarf
9.787958333333332,48.45411111111111,,,simbad,,,,,,,,,332.7452437342093,1261.8536566446248,1304.9881409480888,False,dwarf
9.783833333333334,48.46636111111111,,,simbad,,,,,,,,,303.07331153309457,1394.4114133336273,1426.9676316576772,False,dwarf
9.765341666666668,48.45651111111111,,,simbad,,,,,,,,,170.05913465574346,1287.8241559143567,1299.003912941137,False,dwarf
9.783804166666666,48.47257777777778,,,simbad,,,,,,,,,302.8635099922688,1461.6822204696311,1492.7294528218663,False,dwarf
9.795775,48.43855,,,simbad,,,,,,,,,388.9720566729196,1093.4662296669462,1160.589357307057,False,dwarf
9.7945875,48.452025000000006,,,simbad,,,,,,,,,380.4301367968323,1239.2797620248764,1296.3569792104684,False,dwarf
9.807891666666666,48.44125833333333,,,simbad,,,,,,,,,476.12961105761923,1122.7732166899584,1219.5569288238232,False,dwarf
9.787529166666666,48.447575,,,simbad,,,,,,,,,329.6581639193404,1191.1261279622786,1235.9028917164492,False,dwarf
9.806762500000001,48.45991111111111,,,simbad,,,,,,,,,468.0072942631834,1324.6156965463563,1404.8621181527155,False,dwarf
9.751120833333335,48.454005555555554,,,simbad,,,,,,,,,67.76589768359017,1260.7114356119498,1262.5314018952583,False,dwarf
9.815675,48.460638888888894,,,simbad,,,,,,,,,532.1166508068192,1332.491009982364,1434.8102389339458,False,dwarf
9.805725,48.44407777777777,,,simbad,,,,,,,,,460.5443537398637,1153.2825416421422,1241.838042024091,False,dwarf
9.72717102682,48.46750896485,,,simbad,,,,,,,,,-104.50974718760231,1406.8323861200204,1410.7089174926791,False,dwarf
9.7843125,48.444288888888885,,,simbad,,,,,,,,,306.52005113221173,1155.5669837075611,1195.5290024006463,False,dwarf
9.8175,48.468361111111115,,,simbad,,,,,,,,,545.2442329321717,1416.0534960583693,1517.3986876378015,False,dwarf
9.778866666666667,48.45613055555556,,,simbad,,,,,,,,,267.347106297003,1283.7061485070356,1311.2497668103313,False,dwarf
9.763504166666667,48.45053611111111,,,simbad,,,,,,,,,156.84163758432612,1223.1684337742265,1233.1830020973478,False,dwarf
9.8015125,48.45303888888889,,,simbad,,,,,,,,,430.2430169162831,1250.2510956283163,1322.209081698137,False,dwarf
9.784675000000002,48.45361944444445,,,simbad,,,,,,,,,309.127584568083,1256.533311308201,1293.999932754268,False,dwarf
9.794,48.44337777777777,,,simbad,,,,,,,,,376.2041343318269,1145.707812688479,1205.8921770804295,False,dwarf
9.809937500000002,48.454008333333334,,,simbad,,,,,,,,,490.84569056344424,1260.741494060198,1352.9222471339012,False,dwarf
9.815304166666667,48.43796666666666,,,simbad,,,,,,,,,529.4491740735905,1087.1539555388133,1209.2229533758011,False,dwarf
9.815416666666668,48.464444444444446,,,simbad,,,,,,,,,530.2584085881633,1373.671084055781,1472.462640289877,False,dwarf
9.665481790132084,48.49375355365389,,,simbad,,,,,,,,,-548.2524983495225,1690.8261671052148,1777.4909083633045,False,dwarf
9.637345988754165,48.53115655320222,,,simbad,,,,,,,,,-750.6388234185902,2095.5655722942247,2225.9500692980664,False,dwarf
9.967166666666667,48.53861111111111,,,simbad,,,,,,,,,1621.8258538052514,2176.23165176448,2714.093458636362,False,dwarf
9.942262500000002,48.44217499999999,,,simbad,,,,,,,,,1442.6853095970655,1132.692504605468,1834.2118777601972,False,dwarf
9.828308333333334,48.43303055555555,,,simbad,,,,,,,,,622.9906896288535,1033.7400930362196,1206.9531802496592,False,dwarf
9.9646375,48.432719444444444,,,simbad,,,,,,,,,1603.6330630516247,1030.3735468346908,1906.1239851932605,False,dwarf
9.932374999999999,48.405325,,,simbad,,,,,,,,,1371.5625872604116,733.9371304023512,1555.585948173778,False,dwarf
9.815133333333334,48.42389166666667,,,simbad,,,,,,,,,528.2203364773775,934.8477983636739,1073.7584132260301,False,dwarf
9.835208333333334,48.39797222222222,,,simbad,,,,,,,,,672.623739856186,654.3724179407428,938.4167287403483,False,dwarf
9.880583333333334,48.44197222222222,,,simbad,,,,,,,,,999.0149940685391,1130.498237884794,1508.6607386136843,False,dwarf
9.841875,48.427499999999995,,,simbad,,,,,,,,,720.5783777569809,973.8937226127753,1211.487590293624,False,dwarf
9.929604166666666,48.42140277777777,,,simbad,,,,,,,,,1351.6314408828898,907.9154287505497,1628.25611552558,False,dwarf
9.934266666666666,48.413377777777775,,,simbad,,,,,,,,,1385.1697157647618,821.0765718176227,1610.2365907715582,False,dwarf
9.941629166666667,48.42449444444444,,,simbad,,,,,,,,,1438.1296189964733,941.370481629269,1718.835415250065,False,dwarf
9.815999999999999,48.38511111111111,,,simbad,,,,,,,,,534.4544394044729,515.2018026414695,742.3438861095099,False,dwarf
9.861208333333334,48.47616666666667,,,simbad,,,,,,,,,859.6468276693204,1500.5177355812705,1729.3195607278228,False,dwarf
9.873333333333335,48.44333333333333,,,simbad,,,,,,,,,946.8643253514232,1145.2268775168518,1485.96657149823,False,dwarf
9.872333333333334,48.39819444444445,,,simbad,,,,,,,,,939.6711296662869,656.7770937991546,1146.445804592428,False,dwarf
9.817258333333335,48.4230611111111,,,simbad,,,,,,,,,543.5058773082651,925.8603223431016,1073.5995413364794,False,dwarf
9.8196,48.427575,,,simbad,,,,,,,,,560.3499438709066,974.7053007149952,1124.296439040006,False,dwarf
9.957270833333334,48.41593888888889,,,simbad,,,,,,,,,1550.64318817124,848.7904610845809,1767.7498533022263,False,dwarf
9.831012500000002,48.438716666666664,,,simbad,,,,,,,,,642.4422896273662,1095.269736560669,1269.782615776153,False,dwarf
9.909541666666666,48.45461111111111,,,simbad,,,,,,,,,1207.3179524501463,1267.264177325862,1750.30715402806,False,dwarf
9.850000000000003,48.43694444444444,,,simbad,,,,,,,,,779.0230926986068,1076.0924465906974,1328.477298476438,False,dwarf
9.8146125,48.422488888888886,,,simbad,,,,,,,,,524.4738803913812,919.6682820080304,1058.7079862475748,False,dwarf
9.965,48.47416666666667,,,simbad,,,,,,,,,1606.2405964874845,1478.8756528565284,2183.3648459238993,False,dwarf
9.945783333333335,48.413688888888885,,,simbad,,,,,,,,,1468.0113527384253,824.4431180192203,1683.675677385094,False,dwarf
9.966370833333334,48.400299999999994,,,simbad,,,,,,,,,1616.1012689058382,679.561397556434,1753.1648537453384,False,dwarf
9.826291666666668,48.46566666666667,,,simbad,,,,,,,,,608.4844116638543,1386.8968012764603,1514.5085066214665,False,dwarf
9.828433333333333,48.42974444444444,,,simbad,,,,,,,,,623.8898390894798,998.1809487816396,1177.1167052717037,False,dwarf
9.879291666666669,48.466833333333334,,,simbad,,,,,,,,,989.7237829752709,1399.52134953252,1714.1216918247685,False,dwarf
9.982874999999998,48.51683333333333,,,simbad,,,,,,,,,1734.8189693590043,1940.5734176507283,2602.9640884461824,False,dwarf
9.827695833333333,48.438063888888884,,,simbad,,,,,,,,,618.5848572717068,1088.2060012268812,1251.7346071560285,False,dwarf
9.957291666666668,48.49147222222223,,,simbad,,,,,,,,,1550.7930464146855,1666.1397853219717,2276.1768070694525,False,dwarf
9.833866666666667,48.44499999999999,,,simbad,,,,,,,,,662.9728689786466,1163.2619464541483,1338.9217232796216,False,dwarf
9.962291666666665,48.54588888888889,,,simbad,,,,,,,,,1586.759024840276,2254.984786123937,2757.3103903192473,False,dwarf
9.853875000000002,48.41011111111111,,,simbad,,,,,,,,,806.896725978446,785.7278367005738,1126.2551042108084,False,dwarf
9.929833333333333,48.51183333333333,,,simbad,,,,,,,,,1353.2798815607314,1886.4682108388386,2321.6650810016754,False,dwarf
9.82775,48.45344444444444,,,simbad,,,,,,,,,618.974488704651,1254.6396290697337,1399.017518296116,False,dwarf
9.924554166666667,48.418847222222226,,,simbad,,,,,,,,,1315.3058026730396,880.2616563801569,1582.6844089200179,False,dwarf
9.970679166666667,48.424755555555556,,,simbad,,,,,,,,,1647.0919536492308,944.1959757628116,1898.5304697114366,False,dwarf
9.8144125,48.421030555555554,,,simbad,,,,,,,,,523.0352412543424,903.8875966879733,1044.3077377096986,False,dwarf
9.837675,48.44449722222222,,,simbad,,,,,,,,,690.3669558794767,1157.8213673247317,1348.0196038648721,False,dwarf
9.9433,48.41942222222222,,,simbad,,,,,,,,,1450.1482501203623,886.4837551634075,1699.6421374794652,False,dwarf
9.928383333333334,48.408677777777775,,,simbad,,,,,,,,,1342.8497478173151,770.2176774144754,1548.0570776992608,False,dwarf
9.809166666666668,48.39666666666667,,,simbad,,,,,,,,,485.3009355561609,640.2449472732363,803.3869494587238,False,dwarf
9.956537500000001,48.414825,,,simbad,,,,,,,,,1545.368178002163,836.7370233448246,1757.3535932810114,False,dwarf
9.915929166666668,48.41123888888889,,,simbad,,,,,,,,,1253.264489888874,797.9315666815023,1485.720924912622,False,dwarf
9.873375000000001,48.48791666666667,,,simbad,,,,,,,,,947.164041838291,1627.6649715891044,1883.1922317940907,False,dwarf
9.930129166666667,48.44317777777778,,,simbad,,,,,,,,,1355.4078686175822,1143.5436044161218,1773.3647299727918,False,dwarf
9.820833333333335,48.38611111111112,,,simbad,,,,,,,,,569.2215518825692,526.0228440039439,775.0569060021321,False,dwarf
9.831383333333333,48.42894999999999,,,simbad,,,,,,,,,645.1097663605836,989.5842325881565,1181.2889418092839,False,dwarf
9.818333333333332,48.38333333333333,,,simbad,,,,,,,,,551.2385626697453,495.96439577507033,741.5150941489575,False,dwarf
9.91375,48.41111111111111,,,simbad,,,,,,,,,1237.5893176250424,796.5488780629793,1471.7735675853842,False,dwarf
9.820087500000001,48.438425,,,simbad,,,,,,,,,563.8566267674271,1092.1135994966712,1229.0835650008169,False,dwarf
9.822258333333332,48.45563888888889,,,simbad,,,,,,,,,579.4718557338556,1278.385803170543,1403.587508257192,False,dwarf
9.9488375,48.403480555555554,,,simbad,,,,,,,,,1489.9805712267212,713.9783207784767,1652.2128026300848,False,dwarf
9.920220833333333,48.41469166666666,,,simbad,,,,,,,,,1284.135288037506,835.2942178298051,1531.9007370985478,False,dwarf
9.866208333333333,48.38627777777778,,,simbad,,,,,,,,,895.6128060949222,527.826350897529,1039.5782583062337,False,dwarf
9.884833333333333,48.425694444444446,,,simbad,,,,,,,,,1029.5860757302917,954.3557312641004,1403.8669271459949,False,dwarf
9.821133333333334,48.45014444444445,,,simbad,,,,,,,,,571.3795105881044,1218.9301925739815,1346.204055664796,False,dwarf
9.954983333333335,48.43172222222222,,,simbad,,,,,,,,,1534.1887530415313,1019.5825639205336,1842.0867880232727,False,dwarf
9.945787500000002,48.42185833333333,,,simbad,,,,,,,,,1468.0413243871096,912.8450142601596,1728.708000261435,False,dwarf
9.947329166666668,48.41201111111111,,,simbad,,,,,,,,,1479.130834401665,806.2878152890685,1684.6151092642451,False,dwarf
9.872916666666669,48.44741666666666,,,simbad,,,,,,,,,943.8671604826192,1189.4127964132317,1518.4162857757638,False,dwarf
9.90985,48.41319444444444,,,simbad,,,,,,,,,1209.5358544530732,819.0927142345483,1460.7839873573523,False,dwarf
9.817233333333334,48.42700833333333,,,simbad,,,,,,,,,543.3260474161353,968.5733772763516,1110.5573289881788,False,dwarf
9.835291666666667,48.445813888888885,,,simbad,,,,,,,,,673.2231728299331,1172.069071785231,1351.6565205223903,False,dwarf
9.847125,48.418277777777774,,,simbad,,,,,,,,,758.3426551038697,874.0996744931962,1157.209498534772,False,dwarf
9.849166666666667,48.44416666666665,,,simbad,,,,,,,,,773.0287629609874,1154.2444119853967,1389.1917185775721,False,dwarf
9.919654166666666,48.444174999999994,,,simbad,,,,,,,,,1280.0591438159342,1154.3345873302103,1723.6704299759829,False,dwarf
9.821166666666667,48.42652222222222,,,simbad,,,,,,,,,571.6192837776032,963.3131488362179,1120.1432177660004,False,dwarf
9.8268125,48.43068888888888,,,simbad,,,,,,,,,612.2308677498506,1008.4008211793561,1179.702865801781,False,dwarf
9.862916666666665,48.445277777777775,,,simbad,,,,,,,,,871.9352036313926,1166.2677912770425,1456.1770360440207,False,dwarf
9.943583333333333,48.526472222222225,,,simbad,,,,,,,,,1452.1863222311365,2044.8762330046488,2508.0597925054494,False,dwarf
9.957179166666666,48.40252777777778,,,simbad,,,,,,,,,1549.9838119001013,703.6682730360155,1702.2334903384603,False,dwarf
9.921054166666666,48.41036388888889,,,simbad,,,,,,,,,1290.1296177751024,788.4631554893717,1511.9882864046233,False,dwarf
9.924841666666667,48.439474999999995,,,simbad,,,,,,,,,1317.37384643251,1103.475692927063,1718.4680550261178,False,dwarf
9.920345833333334,48.43991666666666,,,simbad,,,,,,,,,1285.0344374981548,1108.2549861954317,1696.9215126172558,False,dwarf
9.926566666666668,48.42411388888889,,,simbad,,,,,,,,,1329.7821089893432,937.2524742219479,1626.8874139974494,False,dwarf
9.879999999999999,48.47222222222222,,,simbad,,,,,,,,,994.8189632522067,1457.8347390963374,1764.9212152847736,False,dwarf
9.853958333333333,48.49213888888889,,,simbad,,,,,,,,,807.496158952193,1673.353812896794,1857.9997389286102,False,dwarf
9.822916666666666,48.407222222222224,,,simbad,,,,,,,,,584.2073762265661,754.4670505426665,954.2110818849669,False,dwarf
9.82875,48.404722222222226,,,simbad,,,,,,,,,626.1676843897645,727.414447136756,959.8008891834348,False,dwarf
9.950804166666668,48.44485555555555,,,simbad,,,,,,,,,1504.127189407461,1161.6989071462046,1900.5112345838618,False,dwarf
9.912520833333334,48.42654722222222,,,simbad,,,,,,,,,1228.7476812620873,963.5836748703141,1561.5102826057648,False,dwarf
9.9172,48.41370833333333,,,simbad,,,,,,,,,1262.4058427387083,824.6535271568889,1507.8865844728264,False,dwarf
9.909045833333334,48.41003333333333,,,simbad,,,,,,,,,1203.7513262562911,784.8862001501744,1437.032916341849,False,dwarf
9.973020833333333,48.44054444444444,,,simbad,,,,,,,,,1663.9360202118837,1115.0481954951917,2003.0016369528123,False,dwarf
9.949766666666669,48.42813888888889,,,simbad,,,,,,,,,1496.6642488841528,980.8071657054595,1789.4095590968386,False,dwarf
9.949975000000002,48.40518888888889,,,simbad,,,,,,,,,1498.1628313185604,732.4642664391523,1667.6317851236497,False,dwarf
9.93105,48.409058333333334,,,simbad,,,,,,,,,1362.0316029776332,774.3356848218652,1566.7564712801948,False,dwarf
9.825833333333334,48.43277777777778,,,simbad,,,,,,,,,605.1875303081711,1031.0047742475592,1195.501062886087,False,dwarf
9.947016666666666,48.41555833333334,,,simbad,,,,,,,,,1476.8829607500536,844.6724536772598,1701.3685179158003,False,dwarf
9.953445833333333,48.433302777777776,,,simbad,,,,,,,,,1523.129214675649,1036.6858209627549,1842.4549101629816,False,dwarf
9.902012233319999,48.46351011947,,,simbad,,,,,,,,,1153.1572649895024,1363.5607148614315,1785.7966012151237,False,dwarf
9.841666666666667,48.419444444444444,,,simbad,,,,,,,,,719.0797953225846,886.7242227493244,1141.6460043514205,False,dwarf
9.835204166666667,48.438291666666665,,,simbad,,,,,,,,,672.59376820749,1090.6707939816517,1281.3840789849535,False,dwarf
9.979133333333333,48.43719166666666,,,simbad,,,,,,,,,1707.9044288371947,1078.7676484830677,2020.0686071159544,False,dwarf
9.900312576545835,48.46686336846361,,,simbad,,,,,,,,,1140.931301215399,1399.8463609196056,1805.9053320351336,False,dwarf
9.836870833333332,48.43257777777777,,,simbad,,,,,,,,,684.5824276826831,1028.8405659749956,1235.7855843501595,False,dwarf
9.943241666666667,48.409416666666665,,,simbad,,,,,,,,,1449.7286470387335,778.213224643407,1645.396296657631,False,dwarf
9.915633333333334,48.418547222222216,,,simbad,,,,,,,,,1251.1365028320236,877.0153439713457,1527.9065620252843,False,dwarf
9.824208333333333,48.43979722222222,,,simbad,,,,,,,,,593.4985873198458,1106.9624729216532,1256.0280608360126,False,dwarf
9.940420833333334,48.41889444444444,,,simbad,,,,,,,,,1429.4378408769635,880.7726499999635,1679.003574123341,False,dwarf
9.943629166666666,48.40464166666666,,,simbad,,,,,,,,,1452.516010366712,726.5427521380396,1624.0896314723357,False,dwarf
9.917916666666667,48.464444444444446,,,simbad,,,,,,,,,1267.5609663130476,1373.671084055781,1869.1396551599487,False,dwarf
9.976650000000001,48.43943888888889,,,simbad,,,,,,,,,1690.0413262191432,1103.0849331001803,2018.1764179479428,False,dwarf
9.83275,48.48008333333334,,,simbad,,,,,,,,,654.9404671302643,1542.9001475839277,1676.1527021424135,False,dwarf
9.916958333333334,48.31875000000001,,,simbad,,,,,,,,,1260.667487114802,-202.89452554425935,1276.8902464832988,False,dwarf
10.12220420483,48.26629215513,,,simbad,,,,,,,,,2737.041204353492,-770.5430346631159,2843.4364987804206,False,dwarf
10.02936567742,48.23007068729611,,,simbad,,,,,,,,,2069.2355095749,-1162.4970362992326,2373.4226242896975,False,dwarf
9.7821,48.41620277777778,,,simbad,,,,,,,,,290.60510567888105,851.6460136663029,899.8623561636181,False,dwarf
9.770241666666667,48.41135555555556,,,simbad,,,,,,,,,205.305793512826,799.1940215071014,825.1433529167065,False,dwarf
9.7856,48.41144722222222,,,simbad,,,,,,,,,315.78129057680695,800.1859502986042,860.2414652489347,False,dwarf
9.789004166666667,48.42451111111111,,,simbad,,,,,,,,,340.2681275549094,941.5508323186206,1001.1495235326296,False,dwarf
9.805575,48.43029444444444,,,simbad,,,,,,,,,459.4653743870961,1004.1325215309316,1104.2601826819355,False,dwarf
9.7604,48.42991944444444,,,simbad,,,,,,,,,134.51275931177028,1000.0746310200382,1009.0802495478404,False,dwarf
9.759416666666667,48.41386111111111,,,simbad,,,,,,,,,127.43945022139472,826.3067418094395,836.0763392373109,False,dwarf
9.7794875,48.42839166666666,,,simbad,,,,,,,,,271.8128819515073,983.5424844941887,1020.4107318133151,False,dwarf
9.628166666666667,48.43552777777778,,,simbad,,,,,,,,,-816.6674834507119,1060.7626379940193,1338.7169800558106,False,dwarf
9.7953875,48.40836111111111,,,simbad,,,,,,,,,386.18469334493,766.7910143164503,858.5494027779463,False,dwarf
9.592083333333333,48.42111111111111,,,simbad,,,,,,,,,-1076.2219610888314,904.7592916865522,1406.0025197072166,False,dwarf
9.775720833333335,48.421863888888886,,,simbad,,,,,,,,,244.71851153755648,912.9051311565872,945.13646019037,False,dwarf
9.762375,48.42924444444444,,,simbad,,,,,,,,,148.7193207898789,992.7704281004712,1003.8478765664626,False,dwarf
9.810154166666669,48.415930555555555,,,simbad,,,,,,,,,492.4042162952209,848.7002857399051,981.2003298207289,False,dwarf
9.781391666666666,48.422441666666664,,,simbad,,,,,,,,,285.5099254019223,919.1572883881549,962.4791105785503,False,dwarf
9.799970833333335,48.42657222222222,,,simbad,,,,,,,,,419.1535069017393,963.8542009044104,1051.0492771269603,False,dwarf
9.769837500000001,48.416997222222214,,,simbad,,,,,,,,,202.3985435900984,860.2427298596482,883.7322698214502,False,dwarf
9.786258333333333,48.42955833333333,,,simbad,,,,,,,,,320.516811069506,996.1670327503169,1046.4605980717747,False,dwarf
9.653749999999999,48.45494444444445,,,simbad,,,,,,,,,-632.6415605063816,1270.8711911133764,1419.629856153315,False,dwarf
9.8118625,48.43104722222222,,,simbad,,,,,,,,,504.6925922572932,1012.2783610009667,1131.1154197650167,False,dwarf
9.684666666666667,48.40991666666667,,,simbad,,,,,,,,,-410.2519272413923,783.6237453245753,884.5184102333832,False,dwarf
9.7661125,48.426066666666664,,,simbad,,,,,,,,,175.6038896630154,958.3835633267457,974.3386374970721,False,dwarf
9.770570833333334,48.43535,,,simbad,,,,,,,,,207.67355375918697,1058.8388973073725,1079.012564978769,False,dwarf
9.752041666666667,48.39252777777778,,,simbad,,,,,,,,,74.38963204362966,595.4578594123739,600.0865601657423,False,dwarf
9.743374999999999,48.442944444444436,,,simbad,,,,,,,,,12.048602772573428,1141.018694764786,1141.082306685853,False,dwarf
9.756183333333334,48.42426666666667,,,simbad,,,,,,,,,104.1814508395052,938.9056888744984,944.6680196237833,False,dwarf
9.771425,48.415480555555554,,,simbad,,,,,,,,,213.81774174022883,843.8308171268604,870.4989802497623,False,dwarf
9.756666666666668,48.41361111111111,,,simbad,,,,,,,,,107.65816208731826,823.6014814688208,830.6080183465939,False,dwarf
9.761229166666666,48.43814722222222,,,simbad,,,,,,,,,140.47711740067083,1089.107754673777,1098.1300113391665,False,dwarf
9.7665375,48.424141666666664,,,simbad,,,,,,,,,178.66099782918835,937.5530587041548,954.4241667261142,False,dwarf
9.775091666666668,48.40844722222222,,,simbad,,,,,,,,,240.19279258567173,767.7228262115254,804.4196140673819,False,dwarf
9.780608333333333,48.401199999999996,,,simbad,,,,,,,,,279.8752554485741,689.3003347825921,743.9523574421942,False,dwarf
9.785137500000001,48.402791666666666,,,simbad,,,,,,,,,312.4544375724507,706.5238256177375,772.5307060073662,False,dwarf
9.792108333333333,48.411674999999995,,,simbad,,,,,,,,,362.59700582746524,802.6507430533746,880.7524078645356,False,dwarf
9.80715,48.41814166666666,,,simbad,,,,,,,,,470.7946575911616,872.6268105299972,991.5266814726343,False,dwarf
9.809445833333335,48.42460555555555,,,simbad,,,,,,,,,487.30903601826225,942.5728195583715,1061.0907674441742,False,dwarf
9.812025,48.425238888888885,,,simbad,,,,,,,,,505.8614865561258,949.4261457545595,1075.7815065444895,False,dwarf
9.6575,48.44272222222222,,,simbad,,,,,,,,,-605.6670766871687,1138.6140189065807,1289.679995903393,False,dwarf
9.732416666666666,48.41172222222222,,,simbad,,,,,,,,,-66.77683327687605,803.1617366732502,805.9329505104497,False,dwarf
9.792375,48.43065555555555,,,simbad,,,,,,,,,364.5151913435016,1008.0401198007216,1071.9217358781577,False,dwarf
9.783933333333334,48.41662222222222,,,simbad,,,,,,,,,303.7926311016025,856.1848393488924,908.4835947019203,False,dwarf
9.7934125,48.42679722222222,,,simbad,,,,,,,,,371.97813186682134,966.2889352109328,1035.413944709172,False,dwarf
9.786358333333334,48.434799999999996,,,simbad,,,,,,,,,321.23613063802543,1052.8873245580116,1100.8016941494132,False,dwarf
9.770241666666667,48.43309444444444,,,simbad,,,,,,,,,205.305793512826,1034.4314373455843,1054.6083952912486,False,dwarf
9.791258333333332,48.41396944444444,,,simbad,,,,,,,,,356.4827894951079,827.4790212903627,901.0002829532684,False,dwarf
9.78599007683,48.38923646916,,,simbad,,,,,,,,,318.5871895472285,559.8424727229934,644.1439215021728,False,dwarf
9.7512875,48.43406944444444,,,simbad,,,,,,,,,68.96476363109574,1044.9819526738934,1047.2551838195102,False,dwarf
9.795929166666667,48.41054444444445,,,simbad,,,,,,,,,390.08100767437173,790.4169546243356,881.4318775185421,False,dwarf
9.697666666666667,48.41766666666666,,,simbad,,,,,,,,,-316.7403833348137,867.4868158828564,923.5030298627404,False,dwarf
9.781849999999999,48.42144722222222,,,simbad,,,,,,,,,288.80680675759413,908.3963639222459,953.2016185554218,False,dwarf
9.790133333333333,48.419347222222214,,,simbad,,,,,,,,,348.3904443493567,885.6721770612563,951.7305852678937,False,dwarf
9.790995833333332,48.427722222222215,,,simbad,,,,,,,,,354.59457562775606,976.2983984710494,1038.6991267550793,False,dwarf
9.779824999999999,48.43299999999999,,,simbad,,,,,,,,,274.2405854952258,1033.4094501057646,1069.1786521908596,False,dwarf
9.7065,48.44241666666667,,,simbad,,,,,,,,,-253.2004881162519,1135.3075896014109,1163.1998152462345,False,dwarf
9.631541666666665,48.44858333333333,,,simbad,,,,,,,,,-792.3904480134466,1202.03734466936,1439.7139994049917,False,dwarf
9.657458333333333,48.43133333333332,,,simbad,,,,,,,,,-605.9667931740594,1015.374381168399,1182.446991777121,False,dwarf
9.676333333333334,48.4355,,,simbad,,,,,,,,,-470.19522461739166,1060.4620535117438,1160.027291140749,False,dwarf
9.762783333333335,48.426455555555556,,,simbad,,,,,,,,,151.65654236131388,962.5917460788114,974.4652771956751,False,dwarf
9.802554166666667,48.41822777777778,,,simbad,,,,,,,,,437.7359290882988,873.5586224251413,977.0964181840535,False,dwarf
9.791345833333333,48.42438333333333,,,simbad,,,,,,,,,357.11219411756235,940.1681437000975,1005.7063476064704,False,dwarf
9.615166666666667,48.427194444444446,,,simbad,,,,,,,,,-910.1790273572791,970.5872933076743,1330.588424634515,False,dwarf
9.782470833333333,48.40549166666666,,,simbad,,,,,,,,,293.27258241210984,735.7406372960739,792.0373052852377,False,dwarf
9.800879166666668,48.41935833333333,,,simbad,,,,,,,,,425.68732631572533,885.7924108541804,982.7705199652114,False,dwarf
9.765516666666667,48.42718055555556,,,simbad,,,,,,,,,171.3179439006295,970.4370010665708,985.4429516422647,False,dwarf
9.77375,48.423611111111114,,,simbad,,,,,,,,,230.5419217081209,931.8118950925314,959.9078005208667,False,dwarf
9.801516666666666,48.419438888888884,,,simbad,,,,,,,,,430.2729885649791,886.6641058528279,985.5496341110545,False,dwarf
9.732041666666666,48.433416666666666,,,simbad,,,,,,,,,-69.47428165880075,1037.9182173401746,1040.2407902493596,False,dwarf
9.795,48.41222222222221,,,simbad,,,,,,,,,383.3973300169404,808.5722573543496,894.8645752443368,False,dwarf
9.791479166666665,48.41715555555555,,,simbad,,,,,,,,,358.07128687556906,861.9560614087641,933.3720042319864,False,dwarf
9.799479166666668,48.42440277777778,,,simbad,,,,,,,,,415.6168523565573,940.3785528376974,1028.1289756639944,False,dwarf
9.770900000000001,48.43134444444444,,,simbad,,,,,,,,,210.04131400553652,1015.4946149614608,1036.989231672585,False,dwarf
9.799770833333335,48.413152777777775,,,simbad,,,,,,,,,417.71486776472346,818.6418375111004,919.0539531905902,False,dwarf
9.739279166666666,48.44328888888889,,,simbad,,,,,,,,,-17.41352788772693,1144.7459423452244,1144.878379335269,False,dwarf
9.792670833333334,48.41248611111111,,,simbad,,,,,,,,,366.6431784003523,811.4278099361405,890.4169309965271,False,dwarf
9.753608333333334,48.43931944444444,,,simbad,,,,,,,,,85.65897195032619,1101.792419826333,1105.1171864840185,False,dwarf
9.786208333333335,48.42725,,,simbad,,,,,,,,,320.15715128526926,971.1884622722256,1022.5984699625699,False,dwarf
9.80875,48.41027777777777,,,simbad,,,,,,,,,482.3037706873569,787.5313435942277,923.4839166778012,False,dwarf
9.778954166666667,48.414297222222224,,,simbad,,,,,,,,,267.97651091944596,831.0259181813806,873.1640665383377,False,dwarf
9.80501404768,48.41660574025,,,simbad,,,,,,,,,455.4303345793194,856.0064872457307,969.6204906363139,False,dwarf
9.703291666666665,48.44799999999999,,,simbad,,,,,,,,,-276.27865760602305,1195.725070541227,1227.2279091388887,False,dwarf
9.790495833333333,48.42018055555555,,,simbad,,,,,,,,,350.99797778520497,894.6897115298702,961.077135471813,False,dwarf
9.766570833333335,48.43261666666666,,,simbad,,,,,,,,,178.9007710186986,1029.2613842501953,1044.693487574089,False,dwarf
9.806483333333334,48.41441666666667,,,simbad,,,,,,,,,465.99919380108213,832.3184314552279,953.8916185622712,False,dwarf
9.772541666666667,48.42936111111111,,,simbad,,,,,,,,,221.85014358861113,994.0328829261391,1018.4885166504033,False,dwarf
9.767445833333333,48.41548611111111,,,simbad,,,,,,,,,185.19481724317436,843.8909340232881,863.972817199957,False,dwarf
9.747708333333334,48.40936111111111,,,simbad,,,,,,,,,43.219117408107266,777.6120556787869,778.8121732783358,False,dwarf
9.780129166666667,48.40535555555555,,,simbad,,,,,,,,,276.42851584945697,734.2677733328751,784.5775215553604,False,dwarf
9.787225000000001,48.422347222222214,,,simbad,,,,,,,,,327.47023356513216,918.1353011483351,974.7867382591672,False,dwarf
9.771470833333332,48.41652222222222,,,simbad,,,,,,,,,214.14742987578114,855.102735212645,881.5099599497158,False,dwarf
9.787120833333333,48.40521666666667,,,simbad,,,,,,,,,326.7209423479283,732.7648509214968,802.3034967608714,False,dwarf
9.785120833333334,48.40271944444444,,,simbad,,,,,,,,,312.3345509776898,705.7423059637657,771.7675000681802,False,dwarf
9.8043125,48.42015555555555,,,simbad,,,,,,,,,450.38396483463066,894.4191854958427,1001.4146968979477,False,dwarf
9.8089875,48.41966388888889,,,simbad,,,,,,,,,484.01215466257895,889.0988401594191,1012.306531359912,False,dwarf
9.67,48.414388888888894,,,simbad,,,,,,,,,-515.7521306231639,832.0178469729523,978.9044682316248,False,dwarf
9.810770833333335,48.43254444444444,,,simbad,,,,,,,,,496.8400203010408,1028.4798645962235,1142.1999989724238,False,dwarf
9.614375,48.461916666666674,,,simbad,,,,,,,,,-915.8736406079963,1346.3178961675949,1628.3109049262318,False,dwarf
9.770995833333332,48.41995277777777,,,simbad,,,,,,,,,210.7306619253485,892.2249187751685,916.7729912900203,False,dwarf
9.7792,48.40831111111111,,,simbad,,,,,,,,,269.74483819202555,766.2499622483265,812.3430816944302,False,dwarf
9.623583333333332,48.44719444444445,,,simbad,,,,,,,,,-849.6362970075213,1187.0081205550264,1459.7500181388007,False,dwarf
9.804583333333333,48.41542777777777,,,simbad,,,,,,,,,452.33212199935156,843.2597066104197,956.9175938319493,False,dwarf
9.7539625,48.43953888888888,,,simbad,,,,,,,,,88.20656208879412,1104.1670372363587,1107.6846318852865,False,dwarf
9.774437500000001,48.42925555555556,,,simbad,,,,,,,,,235.48724374165715,992.8906618934641,1020.4342744343135,False,dwarf
9.7879875,48.41258611111111,,,simbad,,,,,,,,,332.95504527503505,812.5099140724568,878.083949654093,False,dwarf
9.811670833333334,48.427327777777776,,,simbad,,,,,,,,,503.3138964176464,972.030098822625,1094.6083278251795,False,dwarf
9.624791666666665,48.42636111111111,,,simbad,,,,,,,,,-840.9445188880115,961.5697588390603,1277.420872289786,False,dwarf
9.659541666666666,48.42161111111111,,,simbad,,,,,,,,,-590.980968830051,910.1698123677893,1085.203940678858,False,dwarf
9.765770833333335,48.426002777777775,,,simbad,,,,,,,,,173.14621447061236,957.6922190174497,973.2183711542185,False,dwarf
9.776054166666668,48.42093888888889,,,simbad,,,,,,,,,247.11624343260192,902.8956678964706,936.1020376403711,False,dwarf
9.768004166666667,48.41654166666667,,,simbad,,,,,,,,,189.21101816737695,855.3131443502449,875.9916576624679,False,dwarf
9.76905,48.41188611111111,,,simbad,,,,,,,,,196.73390198805419,804.9351851187936,828.6283125947796,False,dwarf
9.799150000000001,48.413044444444445,,,simbad,,,,,,,,,413.2490921101963,817.4695580301772,915.9865121473977,False,dwarf
9.793725,48.42598333333333,,,simbad,,,,,,,,,374.22600551841003,957.4818098798498,1028.0158167348682,False,dwarf
9.770058333333333,48.43026666666667,,,simbad,,,,,,,,,203.98704097054815,1003.8319370487247,1024.3482175134172,False,dwarf
9.792775,48.41746388888889,,,simbad,,,,,,,,,367.39246961755623,865.2925491621821,940.0576697029147,False,dwarf
9.764045833333334,48.42485833333333,,,simbad,,,,,,,,,160.73795191376783,945.3081383472384,958.8765121802464,False,dwarf
9.790133333333333,48.414905555555556,,,simbad,,,,,,,,,348.3904443493567,837.6087183434722,907.1737798012773,False,dwarf
9.792754166666667,48.42085,,,simbad,,,,,,,,,367.2426113741109,901.9337975530783,973.8335128641822,False,dwarf
9.770408333333332,48.42511111111111,,,simbad,,,,,,,,,206.50465946034302,948.0434571360363,970.273451660551,False,dwarf
9.782829166666668,48.417674999999996,,,simbad,,,,,,,,,295.8501441992966,867.5769912275322,916.6335928440338,False,dwarf
9.789420833333333,48.43261111111111,,,simbad,,,,,,,,,343.26529242370196,1029.2012673537677,1084.9360855392963,False,dwarf
9.745833333333332,48.39416666666666,,,simbad,,,,,,,,,29.731875498495118,613.1923438673259,613.9127258806116,False,dwarf
9.612250000000001,48.44525,,,simbad,,,,,,,,,-931.159181438884,1165.9672067948356,1492.1584863877174,False,dwarf
9.786758333333335,48.42121944444444,,,simbad,,,,,,,,,324.11340891207993,905.9315711674753,962.1650136408929,False,dwarf
9.787595833333334,48.415216666666666,,,simbad,,,,,,,,,330.1377102983724,840.9752645450696,903.4546492977397,False,dwarf
9.792491666666667,48.418213888888886,,,simbad,,,,,,,,,365.3543975067704,873.408330183969,946.7449218307348,False,dwarf
9.7809875,48.431713888888886,,,simbad,,,,,,,,,282.6026754791833,1019.4923885758578,1057.9361996604996,False,dwarf
9.804495833333334,48.42585833333333,,,simbad,,,,,,,,,451.7027173769086,956.129179709575,1057.4584404021693,False,dwarf
9.791845833333333,48.4122,,,simbad,,,,,,,,,360.70879196012487,808.3317897686393,885.1616321033714,False,dwarf
9.776387500000002,48.40603333333333,,,simbad,,,,,,,,,249.5139753276474,741.6020347006902,782.4517887742411,False,dwarf
9.778583333333334,48.41898333333333,,,simbad,,,,,,,,,265.3090341862172,881.7345203432869,920.7848000406119,False,dwarf
9.769416666666666,48.42830555555555,,,simbad,,,,,,,,,199.3714070725985,982.6106725991823,1002.632879903669,False,dwarf
9.814533333333333,48.43075277777777,,,simbad,,,,,,,,,523.9044190663071,1009.092165488652,1136.9884954421402,False,dwarf
9.791833333333333,48.42063888888889,,,simbad,,,,,,,,,360.6188770140599,899.6493554877283,969.2342014644172,False,dwarf
9.7591375,48.42476111111111,,,simbad,,,,,,,,,125.43134975929343,944.2560926592391,952.5505718997453,False,dwarf
9.770920833333335,48.416580555555555,,,simbad,,,,,,,,,210.19117224898187,855.7339626254445,881.1702126615759,False,dwarf
9.781229166666666,48.4265,,,simbad,,,,,,,,,284.3410311030898,963.0726812504387,1004.1707082661181,False,dwarf
9.781370833333332,48.420786111111106,,,simbad,,,,,,,,,285.36006715847697,901.2424532437824,945.3403236176704,False,dwarf
9.769741666666667,48.41236388888888,,,simbad,,,,,,,,,201.70919567026354,810.1052382141138,834.8395633892123,False,dwarf
9.551958333333332,48.45919444444445,,,simbad,,,,,,,,,-1364.848937954307,1316.8606169034103,1896.5585959274315,False,dwarf
9.664625000000001,48.44161111111111,,,simbad,,,,,,,,,-554.4155574306792,1126.5906396150726,1255.6205953987333,False,dwarf
9.648249999999997,48.43716666666667,,,simbad,,,,,,,,,-672.2041367745574,1078.4971224490403,1270.8321858639274,False,dwarf
9.773958333333335,48.41656944444444,,,simbad,,,,,,,,,232.04050414254002,855.6137288325206,886.5199651047991,False,dwarf
9.753766666666667,48.436897222222214,,,simbad,,,,,,,,,86.79789460046277,1075.581452970753,1079.0780029644516,False,dwarf
9.739504166666666,48.44173333333333,,,simbad,,,,,,,,,-15.79505885858125,1127.9132113370993,1128.023801252932,False,dwarf
9.719041666666667,48.42933333333333,,,simbad,,,,,,,,,-162.9858255653565,993.7322984437947,1007.0095631649224,False,dwarf
9.746170833333334,48.4409,,,simbad,,,,,,,,,32.159579042236516,1118.8956768684855,1119.3577507835287,False,dwarf
9.7926125,48.433386111111105,,,simbad,,,,,,,,,366.22357531872365,1037.587574409582,1100.3216264749087,False,dwarf
9.726999999999999,48.42849999999999,,,simbad,,,,,,,,,-105.7399765712819,984.714763975112,990.3757413405559,False,dwarf
9.7759625,48.40754166666667,,,simbad,,,,,,,,,246.456867161463,757.9237720889398,796.9877236623976,False,dwarf
9.804566666666666,48.419108333333334,,,simbad,,,,,,,,,452.21223540459073,883.0871505136306,992.1385091064153,False,dwarf
9.792183333333334,48.417138888888886,,,simbad,,,,,,,,,363.1364955038548,861.7757107194124,935.1606760085507,False,dwarf
9.585833333333332,48.47277777777778,,,simbad,,,,,,,,,-1121.1794341208451,1463.846428742126,1843.8789793358496,False,dwarf
9.783083333333334,48.402861111111115,,,simbad,,,,,,,,,297.6784147692566,707.2752868234611,767.3661251128739,False,dwarf
9.810666666666668,48.40541666666667,,,simbad,,,,,,,,,496.0907290838484,734.9290591939229,886.6942728644461,False,dwarf
9.803333333333333,48.41055555555555,,,simbad,,,,,,,,,443.34062739295115,790.5371884171219,906.3663487617044,False,dwarf
9.780266666666668,48.42677777777777,,,simbad,,,,,,,,,277.41758025617105,966.078526073264,1005.1210038473374,False,dwarf
9.69225,48.43602777777777,,,simbad,,,,,,,,,-355.70352662921954,1066.1731586751189,1123.9440391477433,False,dwarf
9.66375,48.434388888888876,,,simbad,,,,,,,,,-560.7096036551663,1048.438674220098,1188.9570695494142,False,dwarf
9.773570833333332,48.439074999999995,,,simbad,,,,,,,,,229.25314081453897,1099.1472763821419,1122.8008450974783,False,dwarf
9.806404166666667,48.42915277777777,,,simbad,,,,,,,,,465.4297324760081,991.7784993088997,1095.558956681064,False,dwarf
9.685541666666666,48.428805555555556,,,simbad,,,,,,,,,-403.9578810169166,988.0211932803506,1067.4117518590497,False,dwarf
9.734499999999999,48.40452777777778,,,simbad,,,,,,,,,-51.791008932879066,725.3103557607576,727.1570812280399,False,dwarf
9.788720833333333,48.43754166666667,,,simbad,,,,,,,,,338.2300554441122,1082.5550129599337,1134.1626543359685,False,dwarf
9.609749999999998,48.44275,,,simbad,,,,,,,,,-949.1421706517079,1138.9146033888564,1482.5644451159053,False,dwarf
9.763341666666667,48.436275,,,simbad,,,,,,,,,155.6727432854936,1068.848360567627,1080.1253727647245,False,dwarf
9.773412500000001,48.44376111111111,,,simbad,,,,,,,,,228.1142181644024,1149.855878544117,1172.264747380565,False,dwarf
9.786595833333333,48.407916666666665,,,simbad,,,,,,,,,322.944514613236,761.9816625998333,827.5924200095025,False,dwarf
9.816966666666668,48.43716111111111,,,simbad,,,,,,,,,541.407861900099,1078.437005552544,1206.7099269801233,False,dwarf
9.759458333333335,48.43597222222222,,,simbad,,,,,,,,,127.73916670828541,1065.5719897105675,1073.2012672220737,False,dwarf
9.787899999999999,48.40660833333333,,,simbad,,,,,,,,,332.32564065258066,747.8241334840785,818.3405562822614,False,dwarf
9.8138625,48.43726944444444,,,simbad,,,,,,,,,519.0789836275432,1079.6092850333982,1197.9145209797437,False,dwarf
9.7638125,48.434658333333324,,,simbad,,,,,,,,,159.05953958724172,1051.3543436983164,1063.318340454552,False,dwarf
9.767570833333332,48.43199166666666,,,simbad,,,,,,,,,186.09396670381213,1022.4982333987521,1039.2947617240877,False,dwarf
9.7794875,48.406,,,simbad,,,,,,,,,271.8128819515073,741.241333321987,789.5067808573534,False,dwarf
9.744166666666667,48.42822222222221,,,simbad,,,,,,,,,17.743216023302114,981.7089191521488,981.8692497770413,False,dwarf
9.796366666666668,48.44298055555556,,,simbad,,,,,,,,,393.22803078660957,1141.4094545918751,1207.2463821557042,False,dwarf
9.751833333333334,48.40852777777778,,,simbad,,,,,,,,,72.89104960923339,768.5945212101731,772.0431614537046,False,dwarf
9.792266666666668,48.42888333333333,,,simbad,,,,,,,,,363.7359284776247,988.86282983075,1053.6382310292079,False,dwarf
9.798933333333334,48.43083055555555,,,simbad,,,,,,,,,411.6905663784196,1009.9338020391202,1090.621569081676,False,dwarf
9.703999999999999,48.445472222222214,,,simbad,,,,,,,,,-271.18347732906426,1168.371882653041,1199.4304208875537,False,dwarf
9.800175,48.42871944444444,,,simbad,,,,,,,,,420.62211768743964,987.0893813852066,1072.9717669777226,False,dwarf
9.5755,48.26013888888889,,,simbad,,,,,,,,,-1195.509122867083,-837.1277831718448,1459.4605127294913,False,dwarf
9.604583333333332,48.214444444444446,,,simbad,,,,,,,,,-986.3070150248153,-1331.5892565354682,1657.0852349857691,False,dwarf
9.51875,48.20250000000001,,,simbad,,,,,,,,,-1603.7229779976783,-1460.840583919163,2169.3276842798605,False,dwarf
9.654833333333332,48.250750000000004,,,simbad,,,,,,,,,-624.8489318474981,-938.7253381851468,1127.6708066549286,False,dwarf
9.728583333333333,48.282250000000005,,,simbad,,,,,,,,,-94.35075006983595,-597.8625352706479,605.2616583916309,False,dwarf
9.47,48.18249999999999,,,simbad,,,,,,,,,-1954.3912676473194,-1677.2614111666528,2575.4322100270565,False,dwarf
9.615583333333332,48.17983333333333,,,simbad,,,,,,,,,-907.181862488498,-1706.117521466286,1932.308445534088,False,dwarf
9.599166666666667,48.24888888888889,,,simbad,,,,,,,,,-1025.270158319221,-958.8644984984418,1403.7806181952324,False,dwarf
9.701128957180002,48.24020649563,,,simbad,,,,,,,,,-291.8354501536557,-1052.817035077236,1092.516196362877,False,dwarf
9.70113133213,48.14974612188,,,simbad,,,,,,,,,-291.8183666735752,-2031.6924810809267,2052.542885498085,False,dwarf
9.728,48.29633333333333,,,simbad,,,,,,,,,-98.54678088615694,-445.4662027507639,456.2363486354511,False,dwarf
9.712541666666667,48.27597222222222,,,simbad,,,,,,,,,-209.74159751864582,-665.7946282677685,698.0501592005331,False,dwarf
9.660291666666666,48.21925,,,simbad,,,,,,,,,-585.586072066213,-1279.5881410996458,1407.2159957308554,False,dwarf
9.653125,48.24333333333333,,,simbad,,,,,,,,,-637.1373078095818,-1018.9813949560511,1201.7766149619576,False,dwarf
9.620208333333332,48.21475000000001,,,simbad,,,,,,,,,-873.9133324448094,-1328.2828272302295,1589.9873526979777,False,dwarf
9.552125,48.21922222222222,,,simbad,,,,,,,,,-1363.6500720067786,-1279.8887255819213,1870.2023069058082,False,dwarf
9.646958333333334,48.29711111111111,,,simbad,,,,,,,,,-681.4953478678142,-437.0498372467013,809.5977207248309,False,dwarf
9.636583333333332,48.224555555555554,,,simbad,,,,,,,,,-756.1247531009541,-1222.176504982655,1437.163891692105,False,dwarf
9.664708333333333,48.27172222222222,,,simbad,,,,,,,,,-553.8161244569206,-711.7840540578025,901.8585472896756,False,dwarf
9.522375,48.16288888888889,,,simbad,,,,,,,,,-1577.6476436391144,-1889.4740556618706,2461.5207280255368,False,dwarf
9.717166666666667,48.29441666666666,,,simbad,,,,,,,,,-176.4730674749572,-466.2065320286102,498.48899090166907,False,dwarf
9.608375,48.211333333333336,,,simbad,,,,,,,,,-959.0328147187231,-1365.2547185517183,1668.431714585601,False,dwarf
9.62125,48.24575,,,simbad,,,,,,,,,-866.4204202728052,-992.8305449969677,1317.7241121512045,False,dwarf
9.594666666666665,48.166694444444445,,,simbad,,,,,,,,,-1057.639538902272,-1848.2939815883847,2129.505115425942,False,dwarf
9.643916666666666,48.28172222222222,,,simbad,,,,,,,,,-703.3746514100683,-603.5736404341608,926.8425107175332,False,dwarf
9.652375000000001,48.29025,,,simbad,,,,,,,,,-642.5322045734084,-511.2942043717483,821.1390852578529,False,dwarf
9.54791666666667,48.14472222222222,,,simbad,,,,,,,,,-1393.9214371816406,-2086.0563070781345,2508.9136871034434,False,dwarf
9.685833333333333,48.27891666666667,,,simbad,,,,,,,,,-401.85986560875034,-633.9326731452411,750.5744371267609,False,dwarf
9.4796008,48.312315799999986,,,simbad,,,,,,,,,-1885.33083451362,-272.5192698782375,1904.9249612577369,False,dwarf
9.555,48.20138888888889,,,simbad,,,,,,,,,-1342.9696344120532,-1472.86396321074,1993.212405409341,False,dwarf
9.577083333333333,48.15638888888889,,,simbad,,,,,,,,,-1184.119896365637,-1959.8108245171964,2289.759462664963,False,dwarf
9.4955,48.20941666666667,,,simbad,,,,,,,,,-1770.9647776767476,-1385.9950478295646,2248.843817693823,False,dwarf
9.691666666666665,48.26,,,simbad,,,,,,,,,-359.899557445552,-838.630705583292,912.5947357927473,False,dwarf
9.597333333333333,48.23225000000001,,,simbad,,,,,,,,,-1038.4576837419427,-1138.9146033888564,1541.272472580717,False,dwarf
9.595333333333333,48.26311111111111,,,simbad,,,,,,,,,-1052.8440751121925,-804.9652435670419,1325.3111671791628,False,dwarf
9.564583333333333,48.20027777777778,,,simbad,,,,,,,,,-1274.034842429653,-1484.8873425023169,1956.541642707444,False,dwarf
9.728041666666666,48.24980555555556,,,simbad,,,,,,,,,-98.24706439927768,-948.9452105828633,954.0175566263079,False,dwarf
9.822916666666666,48.20472222222222,,,simbad,,,,,,,,,584.2073762265661,-1436.7938253362156,1551.0237764011886,False,dwarf
9.720750000000002,48.299,,,simbad,,,,,,,,,-150.69744960326136,-416.61009245106186,443.0278664474841,False,dwarf
9.571583333333333,48.24633333333333,,,simbad,,,,,,,,,-1223.6824726338016,-986.5182708689724,1571.8196755956078,False,dwarf
9.700416666666666,48.30416666666667,,,simbad,,,,,,,,,-296.95909520073724,-360.70137874551824,467.2153559669869,False,dwarf
9.7170375,48.302411111111105,,,simbad,,,,,,,,,-177.4021885842909,-379.69831802613817,419.09706420634194,False,dwarf
9.696858333333333,48.29131944444444,,,simbad,,,,,,,,,-322.5548831802918,-499.7217018036881,594.7801542730102,False,dwarf
9.7746875,48.29834722222222,,,simbad,,,,,,,,,237.2855426629327,-423.67382778484955,485.5964797099633,False,dwarf
9.78555,48.292541666666665,,,simbad,,,,,,,,,315.42163079255874,-486.4959845830086,579.8009556625689,False,dwarf
9.701833333333333,48.287388888888884,,,simbad,,,,,,,,,-286.7687346468198,-542.2544060474488,613.4135212471352,False,dwarf
9.709541666666665,48.238,,,simbad,,,,,,,,,-231.3211845740207,-1076.6936155553176,1101.2622903787772,False,dwarf
9.782683333333333,48.293708333333335,,,simbad,,,,,,,,,294.80113649520206,-473.8714363268803,558.0876707519736,False,dwarf
9.749583333333332,48.294,,,simbad,,,,,,,,,56.70635931769653,-470.71529926295153,474.1186604082123,False,dwarf
9.660499999999999,48.27330555555555,,,simbad,,,,,,,,,-584.0874896318167,-694.6507385674016,907.5780099455,False,dwarf
9.67625,48.309194444444444,,,simbad,,,,,,,,,-470.7946575911616,-306.29558745142174,561.6623509801868,False,dwarf
9.684791666666666,48.22222222222222,,,simbad,,,,,,,,,-409.3527777807546,-1247.4256014948426,1312.8748333110775,False,dwarf
9.615333333333332,48.31663888888889,,,simbad,,,,,,,,,-908.9801614097735,-225.73894619824176,936.5911624968659,False,dwarf
9.645708333333333,48.30936111111111,,,simbad,,,,,,,,,-690.4868424742147,-304.49208055769896,754.6439602569991,False,dwarf
9.746916666666667,48.29533333333333,,,simbad,,,,,,,,,37.52450415739001,-456.2872441131005,457.82762864705546,False,dwarf
9.597624999999999,48.31169444444444,,,simbad,,,,,,,,,-1036.3596683337878,-279.24298404551126,1073.3210173510813,False,dwarf
9.529708333333332,48.26269444444445,,,simbad,,,,,,,,,-1524.8975419482515,-809.4740108013143,1726.430041328807,False,dwarf
9.688125,48.282222222222224,,,simbad,,,,,,,,,-385.3754588303457,-598.1631197529235,711.5569984908094,False,dwarf
9.720583333333334,48.30466666666666,,,simbad,,,,,,,,,-151.8963155507898,-355.2908580643499,386.3988671075617,False,dwarf
9.748425,48.29378055555556,,,simbad,,,,,,,,,48.37424098243499,-473.08991667290854,475.5566595561524,False,dwarf
9.758241666666668,48.29408333333333,,,simbad,,,,,,,,,118.9874452913952,-469.8135458160557,484.647067430752,False,dwarf
9.615666666666666,48.19036111111111,,,simbad,,,,,,,,,-906.5824295147281,-1592.1960026791314,1832.2062690789571,False,dwarf
9.638666666666666,48.218444444444444,,,simbad,,,,,,,,,-741.1389287569571,-1288.3050910859838,1486.2761921786525,False,dwarf
9.663,48.24808333333334,,,simbad,,,,,,,,,-566.1045004190044,-967.5814484847111,1121.0210367546285,False,dwarf
9.615166666666667,48.223916666666675,,,simbad,,,,,,,,,-910.1790273572791,-1229.0899480752016,1529.4077161766068,False,dwarf
9.578375,48.236250000000005,,,simbad,,,,,,,,,-1174.8286852723575,-1095.6304379393723,1606.4334708533675,False,dwarf
9.512833333333333,48.16941666666666,,,simbad,,,,,,,,,-1646.2827191346466,-1818.8367023242004,2453.2455525370747,False,dwarf
9.6525,48.29194444444445,,,simbad,,,,,,,,,-641.6330551127706,-492.9585509521761,809.1360271117687,False,dwarf
9.693375,48.26283333333333,,,simbad,,,,,,,,,-347.61118148346833,-807.9710883899361,879.5742226590946,False,dwarf
9.611625,48.33580555555556,,,simbad,,,,,,,,,-935.6549287420843,-18.335653419503384,935.8345697107342,False,dwarf
9.550541666666668,48.36141666666668,,,simbad,,,,,,,,,-1375.039298508213,258.8032392500095,1399.1826861022316,False,dwarf
9.75474166666667,48.35333611111111,,,simbad,,,,,,,,,93.81126039346931,171.36321335232464,195.36095686458344,False,dwarf
9.744321999999999,48.35119699999999,,,simbad,,,,,,,,,18.86055908637809,148.215803540237,149.41099393327417,False,dwarf
9.668291666666667,48.35741666666667,,,simbad,,,,,,,,,-528.0405065852362,215.51907380045643,570.3290697190522,False,dwarf
9.752065,48.34078100000001,,,simbad,,,,,,,,,74.55747327627883,35.50383670994917,82.5792906391776,False,dwarf
9.810130439449999,48.32690490892,,,simbad,,,,,,,,,492.2335417826567,-114.64991881473985,505.40920405165247,False,dwarf
9.742083333333332,48.34305555555556,,,simbad,,,,,,,,,2.757391679282265,60.116896457609315,60.180100104335935,False,dwarf
9.63058333333333,48.380805555555554,,,simbad,,,,,,,,,-799.2839272116923,468.6112078868154,926.5264488702338,False,dwarf
9.709583333333335,48.37416666666667,,,simbad,,,,,,,,,-231.02146808711854,396.7715166200425,459.12803782615606,False,dwarf
9.584083333333332,48.375,,,simbad,,,,,,,,,-1133.767526569797,405.7890510886564,1204.198305217055,False,dwarf
9.756666666666668,48.33972222222222,,,simbad,,,,,,,,,107.65816208731826,24.046758583016192,110.31104415410614,False,dwarf
9.763041666666668,48.36622222222222,,,simbad,,,,,,,,,153.5147845799698,310.80435468569425,346.64987520007185,False,dwarf
9.737857,48.333335,,,simbad,,,,,,,,,-27.6434510179203,-45.06963727431312,52.8718506222197,False,dwarf
9.621708333333332,48.35469444444444,,,simbad,,,,,,,,,-863.123538917122,186.06179453613424,882.9503014433051,False,dwarf
9.836500000000001,48.35563888888889,,,simbad,,,,,,,,,681.9149509494657,196.28166693398842,709.6016439544073,False,dwarf
9.7397,48.337811111111115,,,simbad,,,,,,,,,-14.386391370249905,3.3665462016663206,14.77504280826133,False,dwarf
9.680187499999999,48.34113333333333,,,simbad,,,,,,,,,-442.47144958099784,39.316450283197746,444.21477570785584,False,dwarf
9.816166666666668,48.33561111111111,,,simbad,,,,,,,,,535.6533053520127,-20.439744795570647,536.0431388441089,False,dwarf
9.6945,48.36402777777778,,,simbad,,,,,,,,,-339.5188363377056,287.0581805849537,444.6070616497826,False,dwarf
9.765833333333335,48.332638888888894,,,simbad,,,,,,,,,173.59578920092554,-52.60228440037373,181.39045827283744,False,dwarf
9.751758,48.324229,,,simbad,,,,,,,,,72.34916220095461,-143.60603991995237,160.80141781921884,False,dwarf
9.578541666666666,48.33694444444445,,,simbad,,,,,,,,,-1173.6298193248404,-6.011689645719631,1173.6452160771814,False,dwarf
9.784166666666668,48.34777777777777,,,simbad,,,,,,,,,305.4710434281401,111.2162584464671,325.0870875871695,False,dwarf
9.73875,48.359611111111114,,,simbad,,,,,,,,,-21.219927271103742,239.26524790119697,240.20437999048264,False,dwarf
9.700375,48.34580555555556,,,simbad,,,,,,,,,-297.2588116876165,89.87476020406947,310.5483434952968,False,dwarf
9.762958333333334,48.352000000000004,,,simbad,,,,,,,,,152.91535160619986,156.90509975429424,219.09430637456728,False,dwarf
9.743372,48.326313999999996,,,simbad,,,,,,,,,12.027023185535693,-121.04416867948942,121.64020740698406,False,dwarf
9.605791666666667,48.33361111111111,,,simbad,,,,,,,,,-977.6152369052942,-42.08182752031276,978.5205320466423,False,dwarf
9.614208333333332,48.36441666666667,,,simbad,,,,,,,,,-917.0725065555363,291.26636333701936,962.2151925071786,False,dwarf
9.624291666666668,48.37136111111111,,,simbad,,,,,,,,,-844.5411167305512,366.4124839089622,920.6018717191606,False,dwarf
9.753891666666668,48.36355833333334,,,simbad,,,,,,,,,87.69704406111195,281.97830283430926,295.3007531422398,False,dwarf
9.723458333333332,48.33363888888889,,,simbad,,,,,,,,,-131.21587795608704,-41.78124303796827,137.70722166097354,False,dwarf
9.556833333333334,48.36641666666667,,,simbad,,,,,,,,,-1329.7821089893316,312.9084460617615,1366.101077155311,False,dwarf
9.728916666666667,48.33477777777778,,,simbad,,,,,,,,,-91.95301817479049,-29.45727926418451,96.55614352852699,False,dwarf
9.73492706281,48.3225757728,,,simbad,,,,,,,,,-48.71906257069685,-161.49567983254622,168.68432547911425,False,dwarf
9.697916666666668,48.36749999999999,,,simbad,,,,,,,,,-314.94208441352674,324.6312408708563,452.29852872200337,False,dwarf
9.635499999999999,48.33247222222223,,,simbad,,,,,,,,,-763.9173817598376,-54.40579129402767,765.8523070939557,False,dwarf
9.7361,48.324562,,,simbad,,,,,,,,,-40.281895836672284,-140.00263314628558,145.68242316796469,False,dwarf
9.659958333333334,48.348555555555556,,,simbad,,,,,,,,,-587.983803961247,119.63262395059849,600.0307645729871,False,dwarf
9.670583333333333,48.35805555555556,,,simbad,,,,,,,,,-511.556099806843,222.43251689307186,557.8224339527547,False,dwarf
9.591625,48.380833333333335,,,simbad,,,,,,,,,-1079.5188424445032,468.9117923691599,1176.9618516398814,False,dwarf
9.587791666666666,48.36055555555556,,,simbad,,,,,,,,,-1107.0927592374746,249.48512029898228,1134.8555867627574,False,dwarf
9.535041666666666,48.365611111111114,,,simbad,,,,,,,,,-1486.533831627593,304.1914960754233,1517.3382282332495,False,dwarf
9.78728,48.33623200000001,,,simbad,,,,,,,,,327.86585932781094,-13.72108044742193,328.1528451216118,False,dwarf
9.726083333333333,48.33316111111112,,,simbad,,,,,,,,,-112.33373928263691,-46.95129613328852,121.75094738775218,False,dwarf
9.789583333333335,48.354722222222215,,,simbad,,,,,,,,,344.4341867225459,186.3623790184099,391.61951598027275,False,dwarf
9.551749999999998,48.34808333333334,,,simbad,,,,,,,,,-1366.3475203887035,114.52268775177465,1371.1385752294511,False,dwarf
9.736879166666666,48.336925,,,simbad,,,,,,,,,-34.67719753201995,-6.222098783388308,35.23098837593083,False,dwarf
9.649166666666666,48.34305555555556,,,simbad,,,,,,,,,-665.6103740631794,60.116896457609315,668.3196924378486,False,dwarf
9.763041666666668,48.33008333333334,,,simbad,,,,,,,,,153.5147845799698,-80.25605677076663,173.22766445642293,False,dwarf
9.748337000000001,48.361482,,,simbad,,,,,,,,,47.74123976215809,259.51021395223205,263.86507370161956,False,dwarf
9.75275,48.32636111111112,,,simbad,,,,,,,,,79.48481232058839,-120.53437739735662,144.38272585114728,False,dwarf
9.758333333333333,48.33591666666667,,,simbad,,,,,,,,,119.64682156251126,-17.133315490400758,120.8673339232111,False,dwarf
9.766791666666666,48.3455,,,simbad,,,,,,,,,180.48926839915978,86.56833089889959,200.17605231866602,False,dwarf
9.7184375,48.3306,,,simbad,,,,,,,,,-167.33171462512283,-74.66518540038436,183.23425615931458,False,dwarf
9.735104166666666,48.330597222222224,,,simbad,,,,,,,,,-47.44511987311274,-74.69524384856373,88.48965393406415,False,dwarf
9.749841666666667,48.34150833333334,,,simbad,,,,,,,,,58.56460153636392,43.37434079416003,72.87760967842601,False,dwarf
9.568541666666667,48.373361111111116,,,simbad,,,,,,,,,-1245.561776176044,388.0545666337043,1304.6112390118728,False,dwarf
9.773412500000001,48.32578055555556,,,simbad,,,,,,,,,228.1142181644024,-126.81659307724135,260.99529652557953,False,dwarf
9.715520833333333,48.35214166666667,,,simbad,,,,,,,,,-188.31186870672772,158.43808061398957,246.09751173968607,False,dwarf
9.777083333333335,48.3436388888889,,,simbad,,,,,,,,,254.5192406585412,66.42917058567343,263.0453926038259,False,dwarf
9.808333333333334,48.33583333333333,,,simbad,,,,,,,,,479.306605818553,-18.03506893729656,479.6457923227043,False,dwarf
9.644375,48.378861111111114,,,simbad,,,,,,,,,-700.077770054385,447.57029412669345,830.9200035556825,False,dwarf
9.620458333333332,48.34941666666668,,,simbad,,,,,,,,,-872.115033523534,128.95074290162566,881.5968045499235,False,dwarf
9.749625,48.33519444444445,,,simbad,,,,,,,,,57.00607580458722,-24.948512029911996,62.226368455382385,False,dwarf
9.60120833333333,48.34777777777777,,,simbad,,,,,,,,,-1010.5840504621149,111.2162584464671,1016.6853885009097,False,dwarf
9.737083333333333,48.33916666666667,,,simbad,,,,,,,,,-33.20858674630818,18.03506893729656,37.789865642260686,False,dwarf
9.742083333333332,48.33888888888889,,,simbad,,,,,,,,,2.757391679282265,15.029224114402329,15.280078087297444,False,dwarf
9.754583333333334,48.355555555555554,,,simbad,,,,,,,,,92.6723377433213,195.3799134870926,216.24401211833822,False,dwarf
9.703708333333331,48.35908333333334,,,simbad,,,,,,,,,-273.2814927372305,233.55414273775298,359.4861775682838,False,dwarf
9.7467,48.34925833333334,,,simbad,,,,,,,,,35.96597842561332,127.23741135250988,132.2229573553681,False,dwarf
9.729708333333333,48.35955555555556,,,simbad,,,,,,,,,-86.25840492407325,238.66407893664564,253.77362943127642,False,dwarf
9.7195,48.347611111111114,,,simbad,,,,,,,,,-159.68894420968473,109.41275155281316,193.57610675174098,False,dwarf
9.707991666666667,48.31563333333333,,,simbad,,,,,,,,,-242.4706378859449,-236.62010445707483,338.79357147102724,False,dwarf
9.737666666666666,48.3305,,,simbad,,,,,,,,,-29.012555929987197,-75.74728953656296,81.11337912901013,False,dwarf
9.726833333333333,48.33294444444444,,,simbad,,,,,,,,,-106.93884251878747,-49.29585509527268,117.75396965211894,False,dwarf
9.741429166666668,48.31921111111111,,,simbad,,,,,,,,,-1.9481571647094256,-197.90482313842838,197.91441164753775,False,dwarf
9.788924999999999,48.34745,,,simbad,,,,,,,,,339.69866622982397,107.66936155551798,356.35358179214955,False,dwarf
9.790808333333333,48.361016666666664,,,simbad,,,,,,,,,353.24585143680514,254.4748227048821,435.36199529586247,False,dwarf
9.821004166666667,48.337830555555556,,,simbad,,,,,,,,,570.4503894787706,3.5769553391973297,570.4616038490055,False,dwarf
9.750370833333335,48.31930555555556,,,simbad,,,,,,,,,62.37100091975216,-196.88283589853972,206.52601005002504,False,dwarf
9.793345833333333,48.35458888888889,,,simbad,,,,,,,,,371.4985854878008,184.91957350352806,414.97764721026067,False,dwarf
9.799575,48.35545277777778,,,simbad,,,,,,,,,416.30620027638076,194.2677509026658,459.4026680694598,False,dwarf
9.700283333333333,48.35605277777778,,,simbad,,,,,,,,,-297.9181879587554,200.76037572015036,359.2491825682061,False,dwarf
9.7266,48.33774166666667,,,simbad,,,,,,,,,-108.61725484532502,2.6150849959427624,108.64873087003956,False,dwarf
9.728041666666666,48.34699166666667,,,simbad,,,,,,,,,-98.24706439927768,102.70971759779756,142.13293690097007,False,dwarf
9.73415,48.325325,,,simbad,,,,,,,,,-54.30862742266251,-131.74617858678238,142.50081608451907,False,dwarf
9.741829166666665,48.316652777777776,,,simbad,,,,,,,,,0.9291211093222528,-225.58865395713835,225.59056731217575,False,dwarf
9.768145833333332,48.313155555555554,,,simbad,,,,,,,,,190.23005422275267,-263.43224027713717,324.93694580183205,False,dwarf
9.779395833333332,48.339974999999995,,,simbad,,,,,,,,,271.1535056803569,26.78207737181415,272.47294051170877,False,dwarf
9.735645833333333,48.34193888888889,,,simbad,,,,,,,,,-43.548805543671016,48.03340026960478,64.83599313452783,False,dwarf
9.712241666666666,48.353455555555556,,,simbad,,,,,,,,,-211.89955622419245,172.6557266261719,273.3339017846508,False,dwarf
9.7305,48.34430555555556,,,simbad,,,,,,,,,-80.563791673356,73.64319816056452,109.15056190466487,False,dwarf
9.7909,48.3378,,,simbad,,,,,,,,,353.9052277079555,3.246312408742291,353.9201163303309,False,dwarf
9.713999999999999,48.33830555555556,,,simbad,,,,,,,,,-199.25152047784908,8.716949986338207,199.4421059600982,False,dwarf
9.7351125,48.364763888888895,,,simbad,,,,,,,,,-47.38517657573232,295.02366936563715,298.8048199830085,False,dwarf
9.790695833333332,48.303105555555554,,,simbad,,,,,,,,,352.43661692223225,-372.1837059689026,512.574170180604,False,dwarf
9.811579166666668,48.349691666666665,,,simbad,,,,,,,,,502.6545201465189,131.92652927613403,519.6789160150465,False,dwarf
9.705387499999999,48.34336388888889,,,simbad,,,,,,,,,-261.20291831596114,63.45338421095859,268.7997330813373,False,dwarf
9.748570833333332,48.34046388888889,,,simbad,,,,,,,,,49.42324868650666,32.07236426012727,58.91768885455854,False,dwarf
9.823625,48.29644444444444,,,simbad,,,,,,,,,589.3025565035249,-444.2638648215924,738.0026318976161,False,dwarf
9.7573875,48.31358611111111,,,simbad,,,,,,,,,112.84325731034194,-258.77318080169243,282.3068540128515,False,dwarf
9.723541666666666,48.319861111111116,,,simbad,,,,,,,,,-130.6164449823171,-190.87114625275126,231.2843491714427,False,dwarf
9.7876125,48.331072222222225,,,simbad,,,,,,,,,330.2575968931103,-69.55524920142287,337.5026118374259,False,dwarf
9.794875,48.34747222222222,,,simbad,,,,,,,,,382.4981805563026,107.90982914136605,397.42847073932774,False,dwarf
9.754620833333334,48.36780833333333,,,simbad,,,,,,,,,92.94208258150461,327.96772862427434,340.88276831420046,False,dwarf
9.685833333333333,48.34661111111111,,,simbad,,,,,,,,,-401.85986560875034,98.5917101904077,413.7773276840482,False,dwarf
9.690875,48.345055555555554,,,simbad,,,,,,,,,-365.5941706962578,81.75897918228259,374.62464991510285,False,dwarf
9.785520833333333,48.31415277777777,,,simbad,,,,,,,,,315.211829251733,-252.64125736304877,403.9629961050961,False,dwarf
9.8211375,48.321125,,,simbad,,,,,,,,,571.4094822367889,-177.19455230869264,598.2530449216227,False,dwarf
9.757670833333334,48.356030555555556,,,simbad,,,,,,,,,114.8813294211277,200.51990813423348,231.09728126424832,False,dwarf
9.756583333333333,48.33186111111112,,,simbad,,,,,,,,,107.05872911354832,-61.01864990436745,123.22681167489436,False,dwarf
9.84125,48.352138888888895,,,simbad,,,,,,,,,716.0826304537807,158.40802216581017,733.3944607945233,False,dwarf
9.689320833333333,48.33980277777778,,,simbad,,,,,,,,,-376.77359565688937,24.91845358166378,377.5967051142299,False,dwarf
9.753808333333334,48.35917777777778,,,simbad,,,,,,,,,87.09761108734203,234.576129977504,250.22380904371337,False,dwarf
9.772187500000001,48.32049166666667,,,simbad,,,,,,,,,219.30255345013174,-184.04787850488046,286.29919932108635,False,dwarf
9.724708333333332,48.33916666666667,,,simbad,,,,,,,,,-122.22438334968656,18.03506893729656,123.54781906931493,False,dwarf
9.779250000000001,48.35022222222222,,,simbad,,,,,,,,,270.10449797629667,137.6676928878262,303.1646969752317,False,dwarf
9.649666666666667,48.35897222222223,,,simbad,,,,,,,,,-662.013776220617,232.35180480858153,701.6050178723684,False,dwarf
9.695366666666665,48.339725,,,simbad,,,,,,,,,-333.2847334106103,24.076817031264408,334.15326819131747,False,dwarf
9.724358333333333,48.344030555555555,,,simbad,,,,,,,,,-124.74200183947002,70.66741178584968,143.36823257412777,False,dwarf
9.803070833333333,48.31778611111111,,,simbad,,,,,,,,,441.45241352559924,-213.32480707971337,490.293490394451,False,dwarf
9.761041666666666,48.35622222222222,,,simbad,,,,,,,,,139.12839320970846,202.59394106205252,245.7661790242296,False,dwarf
9.737124999999999,48.35497222222222,,,simbad,,,,,,,,,-32.90887025942893,189.0676393590973,191.91030716085473,False,dwarf
9.68030749267,48.32302053672,,,simbad,,,,,,,,,-441.60831882490464,-156.68287105774505,468.58022721648916,False,dwarf
9.788229166666666,48.333222222222226,,,simbad,,,,,,,,,334.6934008989302,-46.290010272309615,337.87932410300357,False,dwarf
9.779250000000001,48.34288888888889,,,simbad,,,,,,,,,270.10449797629667,58.313389563886545,276.3275071893076,False,dwarf
9.767708333333333,48.35005555555556,,,simbad,,,,,,,,,187.0830311105148,135.86418599410342,231.21232139602375,False,dwarf
9.715424999999998,48.350033333333336,,,simbad,,,,,,,,,-189.0012166265626,135.6237184083242,232.62685331066416,False,dwarf
9.718558333333334,48.33837777777778,,,simbad,,,,,,,,,-166.46253681315812,9.498469640309981,166.73331127216275,False,dwarf
9.746079166666666,48.32054444444445,,,simbad,,,,,,,,,31.500202771086144,-183.47676798850853,186.16118598174145,False,dwarf
9.756145833333335,48.35321388888889,,,simbad,,,,,,,,,103.91170600132187,170.04064163022915,199.27735056981555,False,dwarf
9.583583333333333,48.344277777777776,,,simbad,,,,,,,,,-1137.3641244123478,73.34261367822003,1139.7264103640923,False,dwarf
9.830958333333335,48.33330555555556,,,simbad,,,,,,,,,642.0526581944222,-45.388256825413805,643.6549617241936,False,dwarf
9.759445833333334,48.33958888888889,,,simbad,,,,,,,,,127.64925176222049,22.603953068065508,129.63514249522797,False,dwarf
9.768708333333333,48.344527777777785,,,simbad,,,,,,,,,194.27622679563976,76.04787401890745,208.6301307116172,False,dwarf
9.73532621081,48.33953019481,,,simbad,,,,,,,,,-45.847912899380276,21.96882201270789,50.83955406821739,False,dwarf
9.670833333333333,48.351638888888886,,,simbad,,,,,,,,,-509.75780088556746,152.9975014845042,532.2229335759506,False,dwarf
9.794166666666666,48.31888888888889,,,simbad,,,,,,,,,377.4030002793324,-201.39160313288107,427.77517743818845,False,dwarf
9.729541666666666,48.348250000000014,,,simbad,,,,,,,,,-87.45727087159027,116.32619464556626,145.53541764472618,False,dwarf
9.633749999999997,48.36547222222222,,,simbad,,,,,,,,,-776.5054742088118,302.68857366390733,833.4153370936621,False,dwarf
9.63470833333333,48.341638888888895,,,simbad,,,,,,,,,-769.6119950105661,44.78708786093133,770.9140718025625,False,dwarf
9.745833333333334,48.338055555555556,,,simbad,,,,,,,,,29.731875498506557,6.011689645719631,30.333559518380746,False,dwarf
9.745833333333334,48.33777777777778,,,simbad,,,,,,,,,29.731875498506557,3.0058448228942325,29.8834322620079,False,dwarf
9.741666666666665,48.337500000000006,,,simbad,,,,,,,,,-0.23977318951026597,6.88338275267597e-11,0.23977318951026597,False,dwarf
9.7425,48.33583333333333,,,simbad,,,,,,,,,5.754556548097675,-18.03506893729656,18.930890962611695,False,dwarf
9.731416666666664,48.33652777777778,,,simbad,,,,,,,,,-73.970028962001,-10.52045688006098,74.71442429413807,False,dwarf
9.748708333333333,48.33347222222223,,,simbad,,,,,,,,,50.412313093220774,-43.584749931691036,66.64106645317855,False,dwarf
9.764041666666667,48.32916666666667,,,simbad,,,,,,,,,160.70798026508334,-90.17534468634514,184.27872289058107,False,dwarf
9.747095833333333,48.33321944444445,,,simbad,,,,,,,,,38.81328505096051,-46.32006872048899,60.43194405873385,False,dwarf
9.7595,48.31941666666667,,,simbad,,,,,,,,,128.03888319515323,-195.68049796943708,233.8478413315568,False,dwarf
9.730991666666666,48.349694444444445,,,simbad,,,,,,,,,-77.02713712817395,131.95658772438225,152.79306560844017,False,dwarf
9.738583333333334,48.33069444444445,,,simbad,,,,,,,,,-22.418793218620753,-73.6431981604957,76.98001639831803,False,dwarf
9.743583333333332,48.33580555555556,,,simbad,,,,,,,,,13.547185206969694,-18.335653419503384,22.797421199602482,False,dwarf
9.745958333333334,48.32622222222223,,,simbad,,,,,,,,,30.631024959144316,-122.03729980887258,125.8227413255981,False,dwarf
9.518166666666666,48.36069444444445,,,simbad,,,,,,,,,-1607.9190088140106,250.9880427104294,1627.3900996654252,False,dwarf
9.750399999999999,48.343186111111116,,,simbad,,,,,,,,,62.58080246054362,61.52964352438062,87.76248554389818,False,dwarf
9.766874999999999,48.321444444444445,,,simbad,,,,,,,,,181.08870137290685,-173.73783076241932,250.9540826584754,False,dwarf
9.768,48.35025,,,simbad,,,,,,,,,189.18104651868103,137.9682773701707,234.14677858641514,False,dwarf
9.742083333333332,48.336111111111116,,,simbad,,,,,,,,,2.757391679282265,-15.029224114333495,15.280078087229741,False,dwarf
9.594958333333334,48.378055555555555,,,simbad,,,,,,,,,-1055.5415234940945,438.85334414035526,1143.136109780199,False,dwarf
9.609166666666667,48.355277777777786,,,simbad,,,,,,,,,-953.338201468006,192.37406866433605,972.554116063843,False,dwarf
9.789166666666665,48.349166666666676,,,simbad,,,,,,,,,341.4370218537191,126.2454825610071,364.0290671902432,False,dwarf
9.620875000000002,48.33802777777778,,,simbad,,,,,,,,,-869.1178686547071,5.7111051635128085,869.1366327207071,False,dwarf
9.627999999999997,48.35413888888889,,,simbad,,,,,,,,,-817.8663493982632,180.05010489048345,837.4505392852261,False,dwarf
9.752041666666667,48.35852777777778,,,simbad,,,,,,,,,74.38963204362966,227.54245309196452,239.39378712634854,False,dwarf
9.721366666666666,48.335461111111115,,,simbad,,,,,,,,,-146.261645597453,-22.06290099987296,147.91632963741745,False,dwarf
9.653333333333332,48.342777777777776,,,simbad,,,,,,,,,-635.6387253751856,57.111051634646245,638.1992333240505,False,dwarf
9.583625,48.35944444444444,,,simbad,,,,,,,,,-1137.0644079254685,237.46174100740535,1161.5952592074248,False,dwarf
9.735972,48.344813,,,simbad,,,,,,,,,-41.20262488437065,79.13427548295272,89.21821480826665,False,dwarf
9.754073,48.36794600000001,,,simbad,,,,,,,,,89.00141021200847,329.45742531869325,341.2674114493626,False,dwarf
9.556375,48.36363888888889,,,simbad,,,,,,,,,-1333.0789903450147,282.84999783295683,1362.7559267063884,False,dwarf
9.689583333333333,48.34111111111112,,,simbad,,,,,,,,,-374.88538178954894,39.075982697487355,376.9164123559363,False,dwarf
9.745416666666666,48.31105555555555,,,simbad,,,,,,,,,26.73471062969115,-286.15642713819557,287.4025844437568,False,dwarf
9.772916666666667,48.322388888888895,,,simbad,,,,,,,,,224.54759197052437,-163.51795836456517,277.77642766706606,False,dwarf
9.756666666666668,48.345555555555556,,,simbad,,,,,,,,,107.65816208731826,87.16949986351975,138.52364985978193,False,dwarf
9.744166666666665,48.33222222222223,,,simbad,,,,,,,,,17.743216023290675,-57.111051634646245,59.80379531153845,False,dwarf
9.650208333333333,48.36238888888889,,,simbad,,,,,,,,,-658.1174618911753,269.3236961299328,711.0934164673239,False,dwarf
9.705124999999999,48.35280555555557,,,simbad,,,,,,,,,-263.09113218330157,165.6220497407701,310.88198274236737,False,dwarf
9.733999999999998,48.35113888888889,,,simbad,,,,,,,,,-55.38760677544155,147.58698080333588,157.63788848800016,False,dwarf
9.768208333333334,48.36611111111111,,,simbad,,,,,,,,,190.67962895308872,309.60201675652274,363.6098591586782,False,dwarf
9.742594,48.350547000000006,,,simbad,,,,,,,,,6.430716942507244,141.1821266548352,141.32850741155013,False,dwarf
9.65875,48.350833333333334,,,simbad,,,,,,,,,-596.6755820807682,144.28055149816598,613.8718333594061,False,dwarf
9.741416677510001,48.337509965180004,,,simbad,,,,,,,,,-2.037994112557604,0.107833624976017,2.04084494597089,False,dwarf
9.824033333333333,48.432294444444445,,,simbad,,,,,,,,,592.2397780749484,1025.7746042557426,1184.466754902935,False,dwarf
9.892958333333334,48.41716666666666,,,simbad,,,,,,,,,1088.030790671906,862.0762952016192,1388.1594073443734,False,dwarf
9.822262499999999,48.43730833333333,,,simbad,,,,,,,,,579.5018273825401,1080.030103308598,1225.6783395297823,False,dwarf
9.951083333333333,48.508583333333334,,,simbad,,,,,,,,,1506.1352898695507,1851.299826411279,2386.5780017968964,False,dwarf
9.903791666666667,48.424,,,simbad,,,,,,,,,1165.9570772607178,936.0200778445283,1495.188781439465,False,dwarf
9.783708333333335,48.48338888888889,,,simbad,,,,,,,,,302.1741620724683,1578.6697009761074,1607.3292285665034,False,dwarf
9.790249999999999,48.431805555555556,,,simbad,,,,,,,,,349.22965051261394,1020.4843173674294,1078.5868489788065,False,dwarf
9.8338125,48.43993055555555,,,simbad,,,,,,,,,662.5832375457024,1108.4052784366038,1291.347671211231,False,dwarf
9.907050000000002,48.41506388888889,,,simbad,,,,,,,,,1189.3949065347485,839.3220498925191,1455.7203533393986,False,dwarf
9.824320833333333,48.42581944444444,,,simbad,,,,,,,,,594.3078218344187,955.7083614343753,1125.4244795672207,False,dwarf
9.909070833333333,48.42393888888889,,,simbad,,,,,,,,,1203.9311561484096,935.3587919835493,1524.5806959573413,False,dwarf
9.953966666666666,48.432624999999994,,,simbad,,,,,,,,,1526.8756707616453,1029.351559594871,1841.4434412178448,False,dwarf
9.7634,48.43793333333333,,,simbad,,,,,,,,,156.0923463671337,1086.7932541601788,1097.9455350255166,False,dwarf
9.772291666666666,48.45402777777778,,,simbad,,,,,,,,,220.05184466732416,1260.9519031977977,1280.0087954852656,False,dwarf
9.791191666666666,48.45026111111111,,,simbad,,,,,,,,,356.0032431161103,1220.1926473995118,1271.0658542644505,False,dwarf
9.874166666666667,48.452222222222225,,,simbad,,,,,,,,,952.8586550890083,1241.413911849123,1564.9434868743906,False,dwarf
9.807358333333333,48.43859722222222,,,simbad,,,,,,,,,472.2932400255579,1093.9772232868218,1191.57335890166,False,dwarf
9.7976375,48.462027777777784,,,simbad,,,,,,,,,402.3693836364554,1347.5202340967662,1406.3114527686193,False,dwarf
9.863541666666666,48.442722222222216,,,simbad,,,,,,,,,876.4309509345928,1138.614018906512,1436.8622396759383,False,dwarf
9.915008333333335,48.41204166666667,,,simbad,,,,,,,,,1246.640755528823,806.6184582195923,1484.8388836793126,False,dwarf
9.850416666666668,48.44888888888889,,,simbad,,,,,,,,,782.0202575673993,1205.3437739745298,1436.8052396566989,False,dwarf
9.821770833333332,48.45721944444445,,,simbad,,,,,,,,,575.9651728373581,1295.4890602126957,1417.7544870154145,False,dwarf
9.797770833333333,48.46475000000001,,,simbad,,,,,,,,,403.32847639446214,1376.9775133610196,1434.8313253384788,False,dwarf
9.733458333333333,48.44477777777777,,,simbad,,,,,,,,,-59.28392110487183,1160.857270595874,1162.370072737969,False,dwarf
9.801033333333333,48.449299999999994,,,simbad,,,,,,,,,426.796277317166,1209.792424312306,1282.8689614513391,False,dwarf
9.930791666666668,48.48555555555556,,,simbad,,,,,,,,,1360.1733607589886,1602.1152905945723,2101.629124197543,False,dwarf
9.808662500000002,48.448477777777775,,,simbad,,,,,,,,,481.67436606492544,1200.895123636616,1293.8930763004535,False,dwarf
9.940675,48.41350277777778,,,simbad,,,,,,,,,1431.2661114469236,822.4292019879664,1650.73089086591,False,dwarf
9.740458333333335,48.44683333333333,,,simbad,,,,,,,,,-8.931551309008606,1183.1005222851677,1183.13423517377,False,dwarf
9.603916666666667,48.46388888888888,,,simbad,,,,,,,,,-991.1024788148949,1367.6593944099236,1689.0163831741681,False,dwarf
9.908216666666668,48.411175,,,simbad,,,,,,,,,1197.7869681673792,797.2402223722064,1438.8487040963298,False,dwarf
9.804445833333334,48.45224166666667,,,simbad,,,,,,,,,451.3430575926489,1241.6243209867228,1321.113738518687,False,dwarf
9.873666666666669,48.433305555555556,,,simbad,,,,,,,,,949.2620572464573,1036.7158794110032,1405.6593712385325,False,dwarf
9.93375,48.429722222222225,,,simbad,,,,,,,,,1381.4532313274613,997.9404811958603,1704.2001743793214,False,dwarf
9.972541666666666,48.42146388888889,,,simbad,,,,,,,,,1660.4892806127666,908.5767146116664,1892.811743772854,False,dwarf
9.835416666666667,48.48916666666667,,,simbad,,,,,,,,,674.1223222905822,1641.191273291991,1774.2462345853335,False,dwarf
9.728708333333332,48.4535,,,simbad,,,,,,,,,-93.45160060919821,1255.240798034285,1258.7146867762249,False,dwarf
9.931249999999999,48.45666666666667,,,simbad,,,,,,,,,1363.470242114649,1289.5074290151554,1876.667394776564,False,dwarf
9.8189875,48.43228888888889,,,simbad,,,,,,,,,555.9441115137828,1025.714487359315,1166.689360843593,False,dwarf
9.833483333333334,48.441925,,,simbad,,,,,,,,,660.2154772993415,1129.9872442649184,1308.7229075197781,False,dwarf
9.814875,48.443522222222214,,,simbad,,,,,,,,,526.3620942587215,1147.2708519964226,1262.2549117008912,False,dwarf
9.796791666666667,48.451683333333335,,,simbad,,,,,,,,,396.285138952794,1235.5825728926861,1297.577051966836,False,dwarf
9.781425,48.46001666666667,,,simbad,,,,,,,,,285.7496985914326,1325.7579175791002,1356.2031360636086,False,dwarf
9.893625,48.456722222222226,,,simbad,,,,,,,,,1092.8262544619856,1290.1085979797756,1690.7540971480018,False,dwarf
9.73925,48.47433333333334,,,simbad,,,,,,,,,-17.623329428541265,1480.67915975032,1480.7840341721208,False,dwarf
9.912554166666668,48.43524444444444,,,simbad,,,,,,,,,1228.9874544515974,1057.6966762746974,1621.4599662655748,False,dwarf
9.816620833333333,48.45140555555556,,,simbad,,,,,,,,,538.9202150589886,1232.5767280698608,1345.2436168882684,False,dwarf
9.794420833333334,48.46913333333334,,,simbad,,,,,,,,,379.2312708493153,1424.4097446660041,1474.0283163797967,False,dwarf
9.799691666666668,48.45116111111111,,,simbad,,,,,,,,,417.145406439638,1229.9315846256698,1298.7463158652276,False,dwarf
9.827433333333333,48.44620833333333,,,simbad,,,,,,,,,616.6966434043663,1176.3373714337245,1328.188375727561,False,dwarf
9.829658333333334,48.43076666666666,,,simbad,,,,,,,,,632.701503803762,1009.2424577298242,1191.168137334137,False,dwarf
9.757375,48.43482777777778,,,simbad,,,,,,,,,112.75334236426556,1053.187909040356,1059.206348150874,False,dwarf
9.774275,48.44079722222222,,,simbad,,,,,,,,,234.3183494428132,1117.7835142840586,1142.0792764474909,False,dwarf
9.946150000000001,48.41908333333333,,,simbad,,,,,,,,,1470.6488578229694,882.8166244796032,1715.2764370426025,False,dwarf
9.746616666666666,48.44732222222222,,,simbad,,,,,,,,,35.36654545184338,1188.390809173412,1188.9169474210696,False,dwarf
9.942708333333334,48.43388888888889,,,simbad,,,,,,,,,1445.8922760066723,1043.0281535389984,1782.8382436134602,False,dwarf
9.817158333333333,48.43923888888889,,,simbad,,,,,,,,,542.7865577397458,1100.9207248276853,1227.4541497009484,False,dwarf
9.812208333333334,48.43088888888889,,,simbad,,,,,,,,,507.1802390984036,1010.5650294519197,1130.6960129420609,False,dwarf
9.797466666666669,48.45873611111111,,,simbad,,,,,,,,,401.14054604025387,1311.9009729455522,1371.859285966662,False,dwarf
9.826887500000002,48.45300277777778,,,simbad,,,,,,,,,612.7703574262401,1249.8603358014338,1391.9907937734197,False,dwarf
9.7723375,48.43225277777778,,,simbad,,,,,,,,,220.38153280289933,1025.3237275322947,1048.7405619319177,False,dwarf
9.9175,48.526111111111106,,,simbad,,,,,,,,,1264.5638014442438,2040.9686347348588,2400.9736724701065,False,dwarf
9.764566666666667,48.437580555555556,,,simbad,,,,,,,,,164.4844079997642,1082.9758312351335,1095.3957145773672,False,dwarf
9.783445833333335,48.445205555555546,,,simbad,,,,,,,,,300.28594820512785,1165.4862716230018,1203.5488772921265,False,dwarf
9.9218625,48.442186111111106,,,simbad,,,,,,,,,1295.9441176205805,1132.8127383983922,1721.2599618515064,False,dwarf
9.741333333333332,48.46488888888889,,,simbad,,,,,,,,,-2.63750508455573,1378.4804357723979,1378.4829589952612,False,dwarf
9.790458333333332,48.430699999999995,,,simbad,,,,,,,,,350.7282329470102,1008.5210549723489,1067.7663656946083,False,dwarf
9.9785,48.54222222222222,,,simbad,,,,,,,,,1703.3487382366143,2215.3076344618985,2794.4560900750325,False,dwarf
9.815904166666668,48.447941666666665,,,simbad,,,,,,,,,533.7650914846608,1195.0938431284962,1308.8752678430697,False,dwarf
9.746254166666667,48.43843888888889,,,simbad,,,,,,,,,32.75901201599502,1092.2638917377747,1092.755032961374,False,dwarf
9.743966666666665,48.43681944444444,,,simbad,,,,,,,,,16.304576886263398,1074.7398164203537,1074.8634853909102,False,dwarf
9.786866666666667,48.46091944444444,,,simbad,,,,,,,,,324.8926717779568,1335.5269132533688,1374.4771312026587,False,dwarf
9.918125,48.49277777777778,,,simbad,,,,,,,,,1269.059548747444,1680.2672559894781,2105.661461350679,False,dwarf
9.805908333333333,48.44210277777777,,,simbad,,,,,,,,,461.86310628213016,1131.9109849514964,1222.51380638357,False,dwarf
9.848291666666666,48.43886111111111,,,simbad,,,,,,,,,766.7347167365003,1096.8327758685436,1338.2541851488813,False,dwarf
9.923558333333332,48.41596388888889,,,simbad,,,,,,,,,1308.1425786365992,849.0609871186772,1559.532483114396,False,dwarf
9.824320833333333,48.45075277777778,,,simbad,,,,,,,,,594.3078218344187,1225.512992736073,1362.0146410587874,False,dwarf
9.815208333333333,48.51222222222222,,,simbad,,,,,,,,,528.7598261537556,1890.6763935909044,1963.2229061000837,False,dwarf
9.774320833333332,48.44898055555556,,,simbad,,,,,,,,,234.64803757837694,1206.3357027661016,1228.9448845686968,False,dwarf
9.957008333333334,48.43801944444444,,,simbad,,,,,,,,,1548.7549743038996,1087.725066055254,1892.5611719984058,False,dwarf
9.83074005078,48.50968536219,,,simbad,,,,,,,,,640.4825090736283,1863.2249262517564,1970.2347500323694,False,dwarf
9.748208333333334,48.437261111111106,,,simbad,,,,,,,,,46.81571525066974,1079.5191096887224,1080.5337659590114,False,dwarf
9.819545833333335,48.45160277777778,,,simbad,,,,,,,,,559.9603124379854,1234.7108778940385,1355.7531130318357,False,dwarf
9.801570833333333,48.43763055555556,,,simbad,,,,,,,,,430.66261999792323,1083.5168833032571,1165.9670358404992,False,dwarf
9.940900000000001,48.41526388888889,,,simbad,,,,,,,,,1432.8845804760806,841.486258165014,1661.703145464517,False,dwarf
9.876666666666665,48.50491666666667,,,simbad,,,,,,,,,970.8416443017978,1811.6226747492403,2055.3613341639493,False,dwarf
9.837941666666667,48.43914166666666,,,simbad,,,,,,,,,692.285141395513,1099.8686791396174,1299.603719735109,False,dwarf
9.957095833333334,48.43716944444444,,,simbad,,,,,,,,,1549.3843789263426,1078.5271808972198,1887.8063548984765,False,dwarf
9.810591666666667,48.45876388888889,,,simbad,,,,,,,,,495.55123940745887,1312.2015574278967,1402.6560370220727,False,dwarf
9.946666666666667,48.48222222222222,,,simbad,,,,,,,,,1474.36534226027,1566.0451527199793,2150.8720517073966,False,dwarf
9.812833333333334,48.461536111111116,,,simbad,,,,,,,,,511.67598640160384,1342.1998887602738,1436.4236340467758,False,dwarf
9.806441666666666,48.437577777777776,,,simbad,,,,,,,,,465.69947731420285,1082.9457727868853,1178.8331306710488,False,dwarf
9.783183333333334,48.452825000000004,,,simbad,,,,,,,,,298.3977343377645,1247.936595114787,1283.1161106012967,False,dwarf
9.780041666666667,48.44325,,,simbad,,,,,,,,,275.79911122701395,1144.3251240700247,1177.0918143167457,False,dwarf
9.796375000000001,48.4538,,,simbad,,,,,,,,,393.28797408399004,1258.4871104430274,1318.5087173433212,False,dwarf
9.92495,48.44076666666667,,,simbad,,,,,,,,,1318.1531092983985,1117.4528713535349,1728.0707564360018,False,dwarf
9.777883333333335,48.448277777777776,,,simbad,,,,,,,,,260.2737972066389,1198.73091536419,1226.6614271926185,False,dwarf
9.880833333333333,48.495,,,simbad,,,,,,,,,1000.8132929898146,1704.3140145724255,1976.4396038566658,False,dwarf
9.820795833333335,48.444066666666664,,,simbad,,,,,,,,,568.9518070443858,1153.162307849287,1285.8808136772884,False,dwarf
9.959741666666666,48.42680277777777,,,simbad,,,,,,,,,1568.4163758432153,966.3490521073603,1842.2161704105085,False,dwarf
9.932675,48.4374111111111,,,simbad,,,,,,,,,1373.7205459659467,1081.1422658930935,1748.1352171698366,False,dwarf
9.838695833333334,48.43651944444444,,,simbad,,,,,,,,,697.710009808047,1071.4935040116802,1278.6311379461918,False,dwarf
9.786045833333333,48.43146111111111,,,simbad,,,,,,,,,318.98825698641383,1016.7570697870598,1065.621155503774,False,dwarf
9.907333333333336,48.49669444444445,,,simbad,,,,,,,,,1191.4329786455344,1722.6496679920667,2094.5248676579013,False,dwarf
9.895916666666666,48.47516666666667,,,simbad,,,,,,,,,1109.3106612403903,1489.6966942188649,1857.3546736981082,False,dwarf
9.774791666666665,48.463838888888894,,,simbad,,,,,,,,,238.03483388011364,1367.1183423419375,1387.6862556457422,False,dwarf
9.9525,48.437675,,,simbad,,,,,,,,,1516.3256504234798,1083.9978184748843,1863.946015471075,False,dwarf
9.777679166666667,48.465763888888894,,,simbad,,,,,,,,,258.8051864209157,1387.9488469644596,1411.871851942781,False,dwarf
9.929225,48.43563611111111,,,simbad,,,,,,,,,1348.904020852292,1061.9349174749427,1716.755028075932,False,dwarf
9.788233333333332,48.463552777777785,,,simbad,,,,,,,,,334.72337254761464,1364.0223221743674,1404.4915918294432,False,dwarf
9.789166666666663,48.33111111111111,,,simbad,,,,,,,,,341.4370218537077,-69.13443092622317,348.36591313132516,False,dwarf
9.751429166666666,48.43165555555556,,,simbad,,,,,,,,,69.9837996864829,1018.8611611631271,1021.2618655101313,False,dwarf
9.735041666666666,48.33983333333333,,,simbad,,,,,,,,,-47.894694603437344,25.24909651211882,54.14257701508879,False,dwarf
9.786491666666668,48.42610833333333,,,simbad,,,,,,,,,322.195223396055,958.8344400501936,1011.5202644562303,False,dwarf
9.677916666666668,48.31122222222222,,,simbad,,,,,,,,,-458.8059981159457,-284.35292024440395,539.7772940377258,False,dwarf
9.726822,48.31785300000001,,,simbad,,,,,,,,,-107.02036540321707,-212.6009996463396,238.017948192276,False,dwarf
9.653291666666666,48.439388888888885,,,simbad,,,,,,,,,-635.9384418620533,1102.5438810319877,1272.8003423314333,False,dwarf
9.7673875,48.41840277777777,,,simbad,,,,,,,,,184.7752141615457,875.4523046634711,894.7394131863355,False,dwarf
9.768925,48.42626388888889,,,simbad,,,,,,,,,195.83475252741644,960.5177131509923,980.2782908818732,False,dwarf
9.705416666666666,48.38444444444444,,,simbad,,,,,,,,,-260.9931167751354,507.9877750665096,571.1120613513798,False,dwarf
9.569958333333336,48.44975000000001,,,simbad,,,,,,,,,-1235.3714156221038,1214.6618929255571,1732.497055888309,False,dwarf
9.800845833333334,48.41842777777777,,,simbad,,,,,,,,,425.4475531262151,875.7228306974985,973.5995566278382,False,dwarf
9.804208333333333,48.40808333333334,,,simbad,,,,,,,,,449.63467361742687,763.7851694936248,886.3064508720757,False,dwarf
9.768675,48.42913055555555,,,simbad,,,,,,,,,194.03645360614095,991.5380317231204,1010.3453932598534,False,dwarf
9.368876871010002,48.38222731913,,,simbad,,,,,,,,,-2681.7897227640956,483.99617033340724,2725.1143847590197,False,dwarf
9.548541666666669,48.425027777777785,,,simbad,,,,,,,,,-1389.4256898784402,947.1417036892782,1681.541303257701,False,dwarf
9.712958333333333,48.36066666666667,,,simbad,,,,,,,,,-206.74443264985328,250.68745822808492,324.94224432130636,False,dwarf
9.717694,48.362973,,,simbad,,,,,,,,,-172.6798556170057,275.64438662350364,325.2662915411886,False,dwarf
9.692083333333333,48.343611111111116,,,simbad,,,,,,,,,-356.902392576748,66.12858610339778,362.9770071602906,False,dwarf
9.782195833333333,48.40245,,,simbad,,,,,,,,,291.2944535987045,702.8266364856162,760.800722693566,False,dwarf
9.634166666666665,48.34388888888889,,,simbad,,,,,,,,,-773.5083093399965,69.13443092622317,776.5917036368032,False,dwarf
9.762582,48.351956,,,simbad,,,,,,,,,150.2083122966952,156.42897393432608,216.86991716042036,False,dwarf
9.830000000000004,48.41416666666667,,,simbad,,,,,,,,,635.1591789961993,829.6131711146093,1044.8374018716806,False,dwarf
9.778754166666667,48.42390555555556,,,simbad,,,,,,,,,266.53787178241873,934.9980906047772,972.2468135863857,False,dwarf
9.615499999999999,48.376361111111116,,,simbad,,,,,,,,,-907.7812954622566,420.5176907208519,1000.4509026435684,False,dwarf
9.718143000000001,48.33067200000001,,,simbad,,,,,,,,,-169.45011075438214,-73.88607042217332,184.85803049124678,False,dwarf
9.763,48.38619444444445,,,simbad,,,,,,,,,153.21506809307914,526.9245974507708,548.7480191211844,False,dwarf
9.817916666666667,48.36047222222223,,,simbad,,,,,,,,,548.2413978009643,248.5833668521553,601.9653815115188,False,dwarf
9.589208333333335,48.449444444444445,,,simbad,,,,,,,,,-1096.9023986835343,1211.3554636202496,1634.1899924673144,False,dwarf
9.69375,48.354722222222215,,,simbad,,,,,,,,,-344.9137331015435,186.3623790184099,392.0413493439745,False,dwarf
9.784283333333333,48.422488888888886,,,simbad,,,,,,,,,306.3102495913974,919.6682820080304,969.3377728822633,False,dwarf
9.724458333333333,48.405444444444434,,,simbad,,,,,,,,,-124.0226822709621,735.2296436761296,745.616694192004,False,dwarf
9.925225000000001,48.40358888888888,,,simbad,,,,,,,,,1320.131238111815,715.1506002593311,1501.3949736461473,False,dwarf
9.636041666666666,48.39275,,,simbad,,,,,,,,,-760.0210674303959,597.8625352706479,966.9910206502876,False,dwarf
9.804166666666667,48.368611111111115,,,simbad,,,,,,,,,449.3349571305591,336.65462016250206,561.4608062690395,False,dwarf
9.801791666666666,48.35441666666667,,,simbad,,,,,,,,,432.2511173783844,183.0559497133777,469.4150713391385,False,dwarf
9.733202,48.332305000000005,,,simbad,,,,,,,,,-61.12777693214641,-56.21530987742762,83.04677102260787,False,dwarf
9.68425,48.41380555555556,,,simbad,,,,,,,,,-413.24909211018485,825.7055728449569,923.3441964712349,False,dwarf
9.717875,48.27675,,,simbad,,,,,,,,,-171.37788719800992,-657.378262763706,679.350101622633,False,dwarf
9.786679166666667,48.41545,,,simbad,,,,,,,,,323.5439475870059,843.5001741963366,903.4230625180173,False,dwarf
9.863125,48.397888888888886,,,simbad,,,,,,,,,873.4337860658003,653.470664493847,1090.8301829319118,False,dwarf
9.7923375,48.413405555555556,,,simbad,,,,,,,,,364.24544650530686,821.3771562999672,898.5183237927155,False,dwarf
9.770579166666668,48.43003611111111,,,simbad,,,,,,,,,207.73349705656742,1001.3370858456371,1022.6578925961427,False,dwarf
9.732176000000003,48.321031,,,simbad,,,,,,,,,-68.507995705069,-178.21173019685332,190.92607536761918,False,dwarf
9.88811682945,48.34173622195,,,simbad,,,,,,,,,1053.204905828821,45.84033294106726,1054.2020251289805,False,dwarf
9.686041666666666,48.289138888888886,,,simbad,,,,,,,,,-400.36128317435407,-523.3175836633253,658.9009412925716,False,dwarf
9.781058333333334,48.41518055555555,,,simbad,,,,,,,,,283.11219350688833,840.5845047181182,886.9807346749341,False,dwarf
9.613416666666664,48.380250000000004,,,simbad,,,,,,,,,-922.7671198062649,462.5995182410958,1032.2293697005737,False,dwarf
9.7933375,48.40765277777778,,,simbad,,,,,,,,,371.4386421904318,759.1261100181113,845.12668625686,False,dwarf
9.7686625,48.42823055555555,,,simbad,,,,,,,,,193.94653866006456,981.7990944969623,1000.7720628661029,False,dwarf
9.646624999999997,48.44716666666666,,,simbad,,,,,,,,,-683.8930797628825,1186.707536072613,1369.6658427219,False,dwarf
9.609666666666667,48.40913888888889,,,simbad,,,,,,,,,-949.7416036254435,775.2073798205128,1225.9508943612766,False,dwarf
9.8,48.38138888888889,,,simbad,,,,,,,,,419.36330844255366,474.9234820149484,633.57548740232,False,dwarf
9.618874999999997,48.40441666666667,,,simbad,,,,,,,,,-883.5042600249798,724.1080178315862,1142.3275357664613,False,dwarf
9.789254166666666,48.412813888888884,,,simbad,,,,,,,,,342.066426476185,814.9747068271585,883.8513522590777,False,dwarf
9.557166666666665,48.33225000000001,,,simbad,,,,,,,,,-1327.3843770942976,-56.810467152301754,1328.599530984442,False,dwarf
9.7838375,48.413516666666666,,,simbad,,,,,,,,,303.1032831817906,822.5794942290698,876.6462368605327,False,dwarf
9.721124999999997,48.423777777777765,,,simbad,,,,,,,,,-148.0000012213824,933.6154019861165,945.273356858865,False,dwarf
9.745458333333332,48.392583333333334,,,simbad,,,,,,,,,27.034427116570402,596.0590283769252,596.6717904838181,False,dwarf
9.713104166666668,48.33012222222223,,,simbad,,,,,,,,,-205.69542494575873,-79.83523849563579,220.64512944833228,False,dwarf
9.747933333333334,48.34531944444445,,,simbad,,,,,,,,,44.837586437264385,84.6145317640734,95.76026390509031,False,dwarf
9.722608333333332,48.34801388888889,,,simbad,,,,,,,,,-137.3300942884444,113.77122654598226,178.33520905040106,False,dwarf
9.678048624239999,48.31113532767999,,,simbad,,,,,,,,,-457.85680146883885,-285.2932096800176,539.4673911746679,False,dwarf
9.7614,48.3732,,,simbad,,,,,,,,,141.70595499688378,386.31117663640913,411.4813517959055,False,dwarf
9.794175,48.415594444444444,,,simbad,,,,,,,,,377.4629435767128,845.0632135042113,925.5323379502528,False,dwarf
9.725875,48.30266666666666,,,simbad,,,,,,,,,-113.83232171703317,-376.93294078916085,393.74641499251163,False,dwarf
9.771862500000001,48.43026666666667,,,simbad,,,,,,,,,216.9647648524667,1003.8319370487247,1027.0113276037812,False,dwarf
9.702916666666667,48.34666666666667,,,simbad,,,,,,,,,-278.9761059879363,99.19287915502784,296.0859587809868,False,dwarf
9.633499999999998,48.384972222222224,,,simbad,,,,,,,,,-778.3037731300875,513.6988802300224,932.5466759460942,False,dwarf
9.785075,48.427638888888886,,,simbad,,,,,,,,,312.0048628421261,975.3966450242224,1024.0828333497457,False,dwarf
9.834583333333333,48.40888888888889,,,simbad,,,,,,,,,668.1279925529743,772.5021194798942,1021.3493716813048,False,dwarf
9.776679166666668,48.320638888888894,,,simbad,,,,,,,,,251.61199073580218,-182.45478074875754,310.8027363137438,False,dwarf
9.74475,48.35113888888889,,,simbad,,,,,,,,,21.9392468396231,147.58698080333588,149.2087378625466,False,dwarf
9.702504166666666,48.34780555555556,,,simbad,,,,,,,,,-281.9432992080558,111.51684292888042,303.19635589028417,False,dwarf
9.821983333333332,48.325672222222224,,,simbad,,,,,,,,,577.4937269204388,-127.9888725581646,591.5066830824217,False,dwarf
9.75005,48.323997222222225,,,simbad,,,,,,,,,60.06318397076018,-146.11411684013697,157.9775971733922,False,dwarf
9.694916666666666,48.32710555555556,,,simbad,,,,,,,,,-336.52167146890156,-112.47871327206616,354.82149921835764,False,dwarf
9.737779166666666,48.325858333333336,,,simbad,,,,,,,,,-28.203321415414358,-125.97495652684199,129.09344294270295,False,dwarf
9.686508333333334,48.353033333333336,,,simbad,,,,,,,,,-397.00445852127905,168.08684249540295,431.12147557950345,False,dwarf
9.970083333333335,48.38938888888889,,,simbad,,,,,,,,,1642.8060078868564,561.4918129137791,1736.1119305846476,False,dwarf
9.908875,48.3545,,,simbad,,,,,,,,,1202.5224886600781,183.95770316020466,1216.5117230364883,False,dwarf
9.747770833333332,48.33872777777778,,,simbad,,,,,,,,,43.668692138420425,13.285834117107154,45.64502230547632,False,dwarf
9.779795833333335,48.337022222222224,,,simbad,,,,,,,,,274.03078395443436,-5.1700530953202595,274.0795505025691,False,dwarf
9.728220833333333,48.34648611111111,,,simbad,,,,,,,,,-96.95828350568432,97.23908002013282,137.3184161849038,False,dwarf
9.665291666666667,48.30686111111111,,,simbad,,,,,,,,,-549.6200936405996,-331.5446839636094,641.8754745260417,False,dwarf
9.726704166666666,48.33708333333334,,,simbad,,,,,,,,,-107.86796362812115,-4.508767234272515,107.96215336519792,False,dwarf
9.578249999999999,48.40555555555555,,,simbad,,,,,,,,,-1175.7278347330066,736.4319816053011,1387.3240446619077,False,dwarf
9.632624999999999,48.34830555555556,,,simbad,,,,,,,,,-784.5978193545518,116.92736361004874,793.2627222406927,False,dwarf
9.901483333333333,48.40668888888889,,,simbad,,,,,,,,,1149.3527838875523,748.6958284827261,1371.6986787984824,False,dwarf
9.770958333333335,48.420944444444444,,,simbad,,,,,,,,,210.4609170871766,902.9557847928982,927.158533861461,False,dwarf
9.684410463469998,48.33259046381,,,simbad,,,,,,,,,-412.0948469701834,-53.12629418205095,415.5051937496049,False,dwarf
9.687499999999998,48.298055555555564,,,simbad,,,,,,,,,-389.8712061335574,-426.82996484877833,578.0859592351678,False,dwarf
9.62002714585958,48.43440615558777,,,simbad,,,,,,,,,-875.2166493991979,1048.625517883046,1365.8768832296141,False,dwarf
9.739583333333334,48.336111111111116,,,simbad,,,,,,,,,-15.225597533495797,-15.029224114333495,21.393840181950896,False,dwarf
9.426956985546248,48.46236092677445,,,simbad,,,,,,,,,-2264.00809349065,1351.1252531695118,2636.526521228934,False,dwarf
9.838083333333335,48.414138888888886,,,simbad,,,,,,,,,693.3041774509118,829.3125866323337,1080.9394288384976,False,dwarf
9.809608333333335,48.42653055555555,,,simbad,,,,,,,,,488.4779303170947,963.4033241809625,1080.1651047177006,False,dwarf
9.558458333333334,48.334472222222225,,,simbad,,,,,,,,,-1318.0931660010065,-32.7637085693544,1318.5003052171714,False,dwarf
9.7687875,48.413580555555555,,,simbad,,,,,,,,,194.84568812071376,823.2708385383658,846.0140162945873,False,dwarf
9.737799,48.338234,,,simbad,,,,,,,,,-28.060656367648257,7.942644359992812,29.16309371813224,False,dwarf
9.786416666666668,48.41206944444444,,,simbad,,,,,,,,,321.65573371966553,806.919042701868,868.666076527474,False,dwarf
9.907241666666668,48.41989722222222,,,simbad,,,,,,,,,1190.773602374384,891.6237498105484,1487.593588093835,False,dwarf
9.839375,48.36558333333334,,,simbad,,,,,,,,,702.59538854418,303.8909115931476,765.499814599887,False,dwarf
9.8222875,48.440666666666665,,,simbad,,,,,,,,,579.6816572746814,1116.3707672172873,1257.9008361862375,False,dwarf
9.718399999999997,48.31483055555555,,,simbad,,,,,,,,,-167.60145946332904,-245.30699599523365,297.0955595400973,False,dwarf
9.812233333333335,48.45107222222222,,,simbad,,,,,,,,,507.3600689905335,1228.9697142823463,1329.579180879917,False,dwarf
9.8094875,48.426452777777776,,,simbad,,,,,,,,,487.60875250513004,962.5616876305631,1079.0214539173014,False,dwarf
9.555124999999999,48.24711111111111,,,simbad,,,,,,,,,-1342.0704849514266,-978.1019053649098,1660.6735151306004,False,dwarf
9.618208333333333,48.224555555555554,,,simbad,,,,,,,,,-888.2997238150364,-1222.176504982655,1510.8910644588138,False,dwarf
9.6,48.23461111111111,,,simbad,,,,,,,,,-1019.2758285816246,-1113.364922394462,1509.4716509922218,False,dwarf
9.622666666666667,48.24302777777778,,,simbad,,,,,,,,,-856.2300597188763,-1022.2878242611522,1333.492523713122,False,dwarf
9.62838120326,48.24021923182999,,,simbad,,,,,,,,,-815.1242797532464,-1052.6792161303167,1331.3756507898088,False,dwarf
9.538791666666665,48.19263888888889,,,simbad,,,,,,,,,-1459.559347808403,-1567.5480751314951,2141.849774756238,False,dwarf
9.611625,48.244166666666665,,,simbad,,,,,,,,,-935.6549287420843,-1009.9638604874373,1376.7632858156999,False,dwarf
9.522041666666667,48.20536111111112,,,simbad,,,,,,,,,-1580.04537553416,-1429.8803822435314,2130.9859915709894,False,dwarf
9.541666666666666,48.204,,,simbad,,,,,,,,,-1438.8789102136657,-1444.6090218757267,2038.9378961465231,False,dwarf
9.616041666666666,48.20583333333334,,,simbad,,,,,,,,,-903.8849811328148,-1424.7704460446387,1687.299286741895,False,dwarf
9.609291666666666,48.23869444444445,,,simbad,,,,,,,,,-952.4390520073796,-1069.179003498082,1431.8812413429641,False,dwarf
9.627083333333333,48.22636111111112,,,simbad,,,,,,,,,-824.4601121095953,-1202.6385136339113,1458.106261880577,False,dwarf
9.627083333333333,48.19086111111111,,,simbad,,,,,,,,,-824.4601121095953,-1586.7854819978943,1788.1897668701317,False,dwarf
9.538249999999998,48.22933333333334,,,simbad,,,,,,,,,-1463.4556621378445,-1170.475974029108,1873.957438370121,False,dwarf
9.606374999999998,48.23286111111111,,,simbad,,,,,,,,,-973.4192060889845,-1132.3017447785855,1493.201993037626,False,dwarf
9.578583333333333,48.20188888888889,,,simbad,,,,,,,,,-1173.330102837961,-1467.4534425296404,1878.8621919177128,False,dwarf
9.573208333333334,48.255583333333334,,,simbad,,,,,,,,,-1211.9935296454762,-886.4236382670488,1501.5575854362335,False,dwarf
9.656166666666667,48.231388888888894,,,simbad,,,,,,,,,-615.2580042673276,-1148.2327223398147,1302.6821548124917,False,dwarf
9.522416666666667,48.22244444444444,,,simbad,,,,,,,,,-1577.3479271522465,-1245.0209256365686,2009.503318873703,False,dwarf
9.6,48.250083333333336,,,simbad,,,,,,,,,-1019.2758285816246,-945.9393657600378,1390.5842291732133,False,dwarf
9.593708333333332,48.16322222222222,,,simbad,,,,,,,,,-1064.5330181005177,-1885.867041874425,2165.577300918716,False,dwarf
9.562999999999999,48.21730555555556,,,simbad,,,,,,,,,-1285.424068931099,-1300.6290548597676,1828.6473075289273,False,dwarf
9.53125,48.22194444444444,,,simbad,,,,,,,,,-1513.8080319336734,-1250.4314463178057,1963.4646825159195,False,dwarf
9.57760038423,48.22466829856,,,simbad,,,,,,,,,-1180.4006480867486,-1220.956508268287,1698.2580737586097,False,dwarf
9.660874999999999,48.212500000000006,,,simbad,,,,,,,,,-581.390041249892,-1352.63017029559,1472.2848765298202,False,dwarf
9.605416666666667,48.225,,,simbad,,,,,,,,,-980.3126852872074,-1217.367153266038,1563.0085562101292,False,dwarf
9.588333333333333,48.250416666666666,,,simbad,,,,,,,,,-1103.1964449080328,-942.3323519725924,1450.8730673742346,False,dwarf
9.580416666666668,48.17638888888889,,,simbad,,,,,,,,,-1160.1425774152283,-1743.389997269913,2094.1202168243435,False,dwarf
9.591874999999998,48.20911111111111,,,simbad,,,,,,,,,-1077.7205435232393,-1389.3014771347346,1758.3060496684818,False,dwarf
10.06385481334,48.17445546924,,,simbad,,,,,,,,,2317.3226132581967,-1764.3116112613511,2912.5211682577387,False,dwarf
9.72871469966,48.32303420131,,,simbad,,,,,,,,,-93.40580637568777,-156.5350059641002,182.28508649056664,False,dwarf
9.805416666666668,48.424933333333335,,,simbad,,,,,,,,,458.3264517369595,946.1197164494583,1051.2876172657009,False,dwarf
9.62475,48.36652777777778,,,simbad,,,,,,,,,-841.2442353748678,314.11078399093293,897.9740798992166,False,dwarf
9.791599999999999,48.41754444444444,,,simbad,,,,,,,,,358.94046468752236,866.1642441607609,937.5919981808061,False,dwarf
9.782029166666668,48.427522222222215,,,simbad,,,,,,,,,290.0955876511989,974.1341901985545,1016.4117622737784,False,dwarf
9.7830125,48.41018055555555,,,simbad,,,,,,,,,297.1688967415516,786.4792979062285,840.7490940974394,False,dwarf
9.932575,48.4275361111111,,,simbad,,,,,,,,,1373.0012263974388,974.2844824397267,1683.5565391194075,False,dwarf
9.950858333333334,48.41464166666666,,,simbad,,,,,,,,,1504.5168208404052,834.7531657616813,1720.5765638125113,False,dwarf
9.630041666666667,48.215,,,simbad,,,,,,,,,-803.1802415411112,-1325.5775668896797,1549.9207677307897,False,dwarf
9.633041666666669,48.34719444444445,,,simbad,,,,,,,,,-781.6006544857364,104.90398431847181,788.609173810717,False,dwarf
9.764750000000001,48.367361111111116,,,simbad,,,,,,,,,165.8031605420421,323.1283184595468,363.1839729892062,False,dwarf
9.526541666666667,48.20080555555556,,,simbad,,,,,,,,,-1547.6759949511206,-1479.176237338735,2140.855746297615,False,dwarf
9.535958333333333,48.23538888888889,,,simbad,,,,,,,,,-1479.9400689162264,-1104.9485568903306,1846.9255320553098,False,dwarf
9.60925,48.41052777777778,,,simbad,,,,,,,,,-952.7387684942589,790.2366039349151,1237.8146271516366,False,dwarf
9.778804166666667,48.40254444444444,,,simbad,,,,,,,,,266.89753156667837,703.8486237252984,752.7530654048396,False,dwarf
9.667916666666665,48.42105555555556,,,simbad,,,,,,,,,-530.7379549671724,904.1581227220696,1048.4200912454098,False,dwarf
9.933058333333333,48.4275361111111,,,simbad,,,,,,,,,1376.4779376452518,974.2844824397267,1686.3931230727228,False,dwarf
9.575999999999999,48.27008333333333,,,simbad,,,,,,,,,-1191.912525024532,-729.5185385128233,1397.4450849118334,False,dwarf
9.940325,48.41364722222222,,,simbad,,,,,,,,,1428.7484929571285,823.9922412957723,1649.3287937348623,False,dwarf
9.722375,48.33538888888889,,,simbad,,,,,,,,,-139.00850661495906,-22.844420653844733,140.87310767613144,False,dwarf
9.64875,48.39613888888889,,,simbad,,,,,,,,,-668.6075389319834,634.5338421097923,921.7750473403468,False,dwarf
9.664125,48.38538888888889,,,simbad,,,,,,,,,-558.0121552732415,518.2076474643637,761.5226400595313,False,dwarf
9.700870833333333,48.304449999999996,,,simbad,,,,,,,,,-293.69218549374995,-357.63541702619636,462.7722888544609,False,dwarf
9.766053,48.321146999999996,,,simbad,,,,,,,,,175.1758945197514,-176.9564893988118,248.99837983638943,False,dwarf
9.712041666666664,48.28805555555555,,,simbad,,,,,,,,,-213.33819536121973,-535.0403784725577,576.0046807067107,False,dwarf
9.840666666666667,48.425916666666666,,,simbad,,,,,,,,,711.8865996374711,956.7604071223745,1192.5489538716527,False,dwarf
9.783208333333334,48.302777777777784,,,simbad,,,,,,,,,298.5775642299058,-375.73060285985173,479.9187929086453,False,dwarf
9.697083333333333,48.35416666666668,,,simbad,,,,,,,,,-320.93641415113467,180.35068937282796,368.1393120619461,False,dwarf
9.614064274909163,48.3474550211725,,,simbad,,,,,,,,,-918.1087469906724,107.72369587084496,924.4068725149424,False,dwarf
9.779904166666666,48.42720277777778,,,simbad,,,,,,,,,274.8100468202998,970.6774686523501,1008.8286821768646,False,dwarf
9.914479166666666,48.41985555555555,,,simbad,,,,,,,,,1242.8343561454349,891.1728730871005,1529.322178790903,False,dwarf
9.726833333333333,48.42088888888889,,,simbad,,,,,,,,,-106.93884251878747,902.354615828278,908.6692295581805,False,dwarf
9.612416666666666,48.23130555555556,,,simbad,,,,,,,,,-929.960315491367,-1149.1344757867105,1478.2882776476315,False,dwarf
9.523458333333334,48.229055555555554,,,simbad,,,,,,,,,-1569.855014980231,-1173.4818188520712,1959.9755986325306,False,dwarf
9.766308333333335,48.41701111111111,,,simbad,,,,,,,,,177.01255715135818,860.3930221008893,878.4131134433071,False,dwarf
9.619291666666665,48.391083333333334,,,simbad,,,,,,,,,-880.5070951561758,579.8274663333514,1054.2735106863495,False,dwarf
9.735000000000001,48.37638888888889,,,simbad,,,,,,,,,-48.19441109029371,420.8182752030587,423.5690286189696,False,dwarf
9.81022916666667,48.42123888888889,,,simbad,,,,,,,,,492.9437059716105,906.1419803050752,1031.545823377822,False,dwarf
9.787554166666666,48.41052222222223,,,simbad,,,,,,,,,329.8379938114817,790.1764870384875,856.2546249977678,False,dwarf
9.591666666666665,48.402499999999996,,,simbad,,,,,,,,,-1079.2191259576355,703.3676885536711,1288.192542725697,False,dwarf
9.738625,48.32336111111112,,,simbad,,,,,,,,,-22.1190767317415,-152.9975014845042,154.58812702133864,False,dwarf
9.72875,48.316750000000006,,,simbad,,,,,,,,,-93.15188412230751,-224.53660826900145,243.09249673423244,False,dwarf
9.724595833333332,48.32834166666667,,,simbad,,,,,,,,,-123.03361786425941,-99.10270381035203,157.98296435784135,False,dwarf
9.812129166666669,48.330311111111115,,,simbad,,,,,,,,,506.610777773341,-77.79126401606496,512.5484961575115,False,dwarf
9.70235,48.34486388888889,,,simbad,,,,,,,,,-283.05225020950786,79.68494625453238,294.0548707439711,False,dwarf
9.7147875,48.310916666666664,,,simbad,,,,,,,,,-193.58687887581632,-287.65934954957385,346.7330112004969,False,dwarf
9.827625000000001,48.39838888888889,,,simbad,,,,,,,,,618.0753392440132,658.8811851750842,903.4055242023516,False,dwarf
9.7769625,48.371563888888886,,,simbad,,,,,,,,,253.6500628465765,368.60675062963645,447.44752875818995,False,dwarf
9.753479166666667,48.31551666666666,,,simbad,,,,,,,,,84.72985084099248,-237.8825592827427,252.5218003152291,False,dwarf
9.721341666666666,48.311302777777776,,,simbad,,,,,,,,,-146.4414754895943,-283.4812252457564,319.0716389941367,False,dwarf
9.786362500000001,48.33635,,,simbad,,,,,,,,,321.2661022867213,-12.444197566707782,321.50702407813947,False,dwarf
9.628541666666665,48.423305555555544,,,simbad,,,,,,,,,-813.97003506881,928.5054657872238,1234.7751285099118,False,dwarf
9.715833333333332,48.29333333333333,,,simbad,,,,,,,,,-186.06399505512763,-477.9293268378426,512.8705993791689,False,dwarf
9.684249999999999,48.41797222222222,,,simbad,,,,,,,,,-413.2490921101963,870.7932451880263,963.8753487847874,False,dwarf
9.71992413057,48.34499003466,,,simbad,,,,,,,,,-156.63809002362356,81.04997486137799,176.36493322448996,False,dwarf
9.610083333333332,48.39691666666667,,,simbad,,,,,,,,,-946.7444387566624,642.9502076138549,1144.4256209065607,False,dwarf
9.672958333333332,48.41911111111111,,,simbad,,,,,,,,,-494.4722600546912,883.11720896181,1012.125891738815,False,dwarf
9.578333333333333,48.367777777777775,,,simbad,,,,,,,,,-1175.1284017592366,327.6370856937505,1219.9478761582857,False,dwarf
9.718851,48.339905,,,simbad,,,,,,,,,-164.3573282093127,26.02460447648225,166.4049619881002,False,dwarf
9.745833333333334,48.336111111111116,,,simbad,,,,,,,,,29.731875498506557,-15.029224114333495,33.314591369812085,False,dwarf
9.751516666666667,48.32404722222223,,,simbad,,,,,,,,,70.61320430894878,-145.57306477201325,161.79537017447103,False,dwarf
9.824250000000001,48.202916666666674,,,simbad,,,,,,,,,593.7983038067366,-1456.3318166848903,1572.73608272096,False,dwarf
9.805833333333332,48.38469444444444,,,simbad,,,,,,,,,461.3236166057406,510.6930354071282,688.2055329998057,False,dwarf
9.744088,48.346762,,,simbad,,,,,,,,,17.177351296073443,100.22448509816596,101.6858338744449,False,dwarf
9.668874999999998,48.37252777777778,,,simbad,,,,,,,,,-523.8444757689381,379.0370321650904,646.5926898335252,False,dwarf
9.9402625,48.407888888888884,,,simbad,,,,,,,,,1428.2989182268038,761.6810781174887,1618.7019072609007,False,dwarf
9.751541666666666,48.342444444444446,,,simbad,,,,,,,,,70.79303420106717,53.50403784726954,88.73745408425643,False,dwarf
9.725999999999999,48.30452777777778,,,simbad,,,,,,,,,-112.93317225639542,-356.79378047572817,374.2401677827419,False,dwarf
