ra,dec,vlos,vlos_err,src,id,ruwe,parallax,parallax_err,pmra,pmra_err,pmdec,pmdec_err,x_pc,y_pc,r_pc,has_vlos,preprocess_mode
14.367361,-33.553711,130.237,0.068167,apogee,,,,,,,,,-838.8685106299879,233.38637005448203,870.7293355881503,True,dwarf
14.386381,-33.568707,111.625,0.079906,apogee,,,,,,,,,-815.1198460359659,210.877626636369,841.955899568074,True,dwarf
14.398098,-33.689445,103.473999,0.202532,apogee,,,,,,,,,-800.4898195875908,29.65192226091218,801.0388178840903,True,dwarf
14.39983,-33.944843,27.755199,0.009276,apogee,,,,,,,,,-798.3272177433817,-353.69617399781595,873.1708481680902,True,dwarf
14.458607,-33.667973,110.708,0.062672,apogee,,,,,,,,,-724.9373513478614,61.88103260188771,727.573656460381,True,dwarf
14.479523,-33.994732,109.343002,0.081586,apogee,,,,,,,,,-698.8213119867421,-428.57872270318165,819.7749371874955,True,dwarf
14.512205,-33.818558,112.685997,0.080291,apogee,,,,,,,,,-658.0140640234489,-164.1445160520607,678.1783914300283,True,dwarf
14.516967,-33.844891,415.506989,9.01292,apogee,,,,,,,,,-652.068157567263,-203.66990551782416,683.135647237651,True,dwarf
14.523023,-33.921246,1145.910034,0.052989,apogee,,,,,,,,,-644.5065428048318,-318.27747444881237,718.8109866020072,True,dwarf
14.565574,-33.454548,126.223999,0.093837,apogee,,,,,,,,,-591.3767096218587,382.2283628238119,704.1483750106562,True,dwarf
14.566667,-33.700556,49.1689,0.079225,apogee,,,,,,,,,-590.0119730076987,12.974498406645774,590.1546118614523,True,dwarf
14.56902,-33.421314,-4.24948,0.035127,apogee,,,,,,,,,-587.0739810103447,432.11203705409116,728.9558777775037,True,dwarf
14.572218,-33.638035,9.50912,0.105777,apogee,,,,,,,,,-583.0809090139381,106.81746634762668,592.7843769647162,True,dwarf
14.574061,-33.72015,21.309401,0.062119,apogee,,,,,,,,,-580.7797108621573,-16.435765566024997,581.0122261526623,True,dwarf
14.593333,-33.373611,526.030029,0.369025,apogee,,,,,,,,,-556.7163951914981,503.71343657887957,750.7731820364398,True,dwarf
14.632982,-33.371162,49.3064,0.050881,apogee,,,,,,,,,-507.2100438514182,507.389344329668,717.4301187732838,True,dwarf
14.636915,-33.686241,101.665001,0.050952,apogee,,,,,,,,,-502.2992395481418,34.46107229502338,503.4799812846231,True,dwarf
14.639167,-33.63,31.828699,0.270748,apogee,,,,,,,,,-499.48735770451896,118.87786601183726,513.438961838864,True,dwarf
14.640036,-33.827724,103.697998,0.247379,apogee,,,,,,,,,-498.40231093626295,-177.90252766650673,529.2014483131537,True,dwarf
14.640742,-33.721886,107.191002,0.122858,apogee,,,,,,,,,-497.52078847551877,-19.04147232608322,497.885039576052,True,dwarf
14.650625,-33.67384,107.538002,0.011027,apogee,,,,,,,,,-485.18072264046435,53.07476442145087,488.0750600474436,True,dwarf
14.661698,-33.584042,119.959999,0.175119,apogee,,,,,,,,,-471.35480449905674,187.86004992816086,507.41181508056656,True,dwarf
14.665274,-33.926319,119.332001,0.259219,apogee,,,,,,,,,-466.88975588769034,-325.89196200283135,569.3782706171021,True,dwarf
14.672128,-33.863758,121.209,0.068438,apogee,,,,,,,,,-458.33174604923204,-231.98895473557357,513.6991965692001,True,dwarf
14.677491,-33.809265,121.976997,0.089765,apogee,,,,,,,,,-451.6354217475669,-150.19587957670288,475.9552042145585,True,dwarf
14.681129,-33.84193,22.633699,0.072081,apogee,,,,,,,,,-447.0929589824197,-199.22549439079518,489.47207436881666,True,dwarf
14.685477,-33.51947,57.462601,0.039034,apogee,,,,,,,,,-441.66397929499834,284.78153432356333,525.5165010714464,True,dwarf
14.686276,-33.698925,119.901001,0.104338,apogee,,,,,,,,,-440.66633560358696,15.42260193524636,440.9361359479921,True,dwarf
14.694639,-33.893539,139.220001,0.153787,apogee,,,,,,,,,-430.2241651514431,-276.6897341257026,511.5173909563664,True,dwarf
14.695696,-33.648228,435.317993,0.297001,apogee,,,,,,,,,-428.9043786910917,91.51794503123068,438.55957442875507,True,dwarf
14.707917,-33.834722,200.511002,0.048424,apogee,,,,,,,,,-413.6450500894345,-188.40640779719809,454.5318492279005,True,dwarf
14.722743,-33.77306,472.441986,0.187748,apogee,,,,,,,,,-395.13307841377815,-95.85278438782541,406.5930470773546,True,dwarf
14.723116,-33.863453,17.1987,0.045301,apogee,,,,,,,,,-394.6673448757368,-231.5311548727794,457.56856184400027,True,dwarf
14.731044,-33.692291,31.495701,0.051982,apogee,,,,,,,,,-384.7683221154112,25.3801241969005,385.604476643826,True,dwarf
14.736975,-33.62244,153.968002,0.053742,apogee,,,,,,,,,-377.36278427591805,130.22529867660572,399.2008258657342,True,dwarf
14.745422,-33.65073,161.871994,0.461878,apogee,,,,,,,,,-366.8157301315592,87.76248517312735,377.16844204640483,True,dwarf
14.751188,-33.72076,642.794006,0.041474,apogee,,,,,,,,,-359.6162138303427,-17.351365291622844,360.0345693501585,True,dwarf
14.755442,-33.90871,836.661011,0.271902,apogee,,,,,,,,,-354.3046039889691,-299.4611495962292,463.9059522416967,True,dwarf
14.75625,-33.892778,189.593002,0.114366,apogee,,,,,,,,,-353.2957227591055,-275.5474859434517,448.0449583798879,True,dwarf
14.761822,-33.794029,27.7297,0.052078,apogee,,,,,,,,,-346.3384378422872,-127.32690020098603,369.0019688861127,True,dwarf
14.765176,-34.04063,-1.83462,0.004519,apogee,,,,,,,,,-342.15058184605596,-497.47084763008996,603.7750118209553,True,dwarf
14.766923,-33.67548,309.200012,0.135976,apogee,,,,,,,,,-339.96925077109586,50.61315204443417,343.7161367025605,True,dwarf
14.768024,-33.734959,111.170998,0.078774,apogee,,,,,,,,,-338.59452523386807,-38.663825133830045,340.79487069544916,True,dwarf
14.770056,-33.645615,108.072998,0.052524,apogee,,,,,,,,,-336.0573387746154,95.44001401972935,349.347006886223,True,dwarf
14.770171,-33.715233,91.947502,0.053283,apogee,,,,,,,,,-335.91374800551387,-9.055431384462853,336.0357822266411,True,dwarf
14.780473,-33.440243,23.150801,0.117596,apogee,,,,,,,,,-323.0505123247767,403.69992688062985,517.0447412717072,True,dwarf
14.782917,-34.019167,-534.008972,1.1673,apogee,,,,,,,,,-319.9988963275206,-465.255246137521,564.6784374396782,True,dwarf
14.789261,-33.8484,113.193001,0.141592,apogee,,,,,,,,,-312.07768033464737,-208.93685541473906,375.5623624827892,True,dwarf
14.789857,-33.65173,57.2103,0.424697,apogee,,,,,,,,,-311.3335055660863,86.26150201641613,323.06283973585766,True,dwarf
14.792181,-33.671806,-111.193001,0.228437,apogee,,,,,,,,,-308.4317234148499,56.127764162212436,313.4971354231222,True,dwarf
14.66649495134,-33.8027299336,110.41999816894531,1.5700000524520874,Walker+2023 (m2fshi),,,,,,,,,-465.3652572620706,-140.3868549822853,486.0795117245844,True,dwarf
14.65056513816,-33.79134228993,112.33999633789062,1.1399999856948853,Walker+2023 (m2fshi),,,,,,,,,-485.25546705477444,-123.29419363893889,500.67387238762865,True,dwarf
14.67452513077,-33.77536813851,32.52000045776367,0.5799999833106995,Walker+2023 (m2fshi),,,,,,,,,-455.3386516935713,-99.31726141469932,466.04421050050087,True,dwarf
14.67975431287,-33.72648160821,123.29000091552734,0.7799999713897705,Walker+2023 (m2fshi),,,,,,,,,-448.80941448042796,-25.93940284416263,449.558386804402,True,dwarf
14.66348456773,-33.72076159932,108.87999725341797,0.8999999761581421,Walker+2023 (m2fshi),,,,,,,,,-469.124068547727,-17.35376584400683,469.4449327447694,True,dwarf
14.65848014137,-33.71772171989,101.13999938964844,1.3899999856948853,Walker+2023 (m2fshi),,,,,,,,,-475.3726722863792,-12.79095802113539,475.54472572387107,True,dwarf
14.76431839093,-33.76392142878,103.94999694824219,0.7400000095367432,Walker+2023 (m2fshi),,,,,,,,,-343.2214057238785,-82.13594291017223,352.9125195637274,True,dwarf
14.74600830113,-33.75298607074,118.91999816894531,0.5799999833106995,Walker+2023 (m2fshi),,,,,,,,,-366.0836655212803,-65.72215467947883,371.93635447104384,True,dwarf
14.74598081545,-33.7465380933,83.19999694824219,0.75,Walker+2023 (m2fshi),,,,,,,,,-366.117984564156,-56.043849147167315,370.38262870786747,True,dwarf
14.75116637925,-33.72074436561,108.37000274658203,0.44999998807907104,Walker+2023 (m2fshi),,,,,,,,,-359.6432098313985,-17.327898335571135,360.06040387490435,True,dwarf
14.75986006275,-33.70693266096,109.58999633789062,0.6800000071525574,Walker+2023 (m2fshi),,,,,,,,,-348.78814287408426,3.403237709601381,348.8047457195224,True,dwarf
14.74117485276,-33.69733292513,118.12000274658203,1.0299999713897705,Walker+2023 (m2fshi),,,,,,,,,-372.11878351137926,17.812279499345827,372.54485145140785,True,dwarf
14.7691110115,-33.8440812429,119.08999633789062,0.9399999976158142,Walker+2023 (m2fshi),,,,,,,,,-337.2372659529359,-202.45447374970493,393.34054900134714,True,dwarf
14.73325631972,-33.8794915115,110.16000366210938,1.399999976158142,Walker+2023 (m2fshi),,,,,,,,,-382.00598567981416,-255.60469049305757,459.6328218233095,True,dwarf
14.75560568391,-33.90873819471,109.70999908447266,0.699999988079071,Walker+2023 (m2fshi),,,,,,,,,-354.10022574091323,-299.50346938104457,463.7772073324087,True,dwarf
14.71864233494,-33.96912648955,118.11000061035156,0.800000011920929,Walker+2023 (m2fshi),,,,,,,,,-400.25323189024505,-390.14528279863936,558.9418496843983,True,dwarf
14.71213841255,-33.80821297741,101.22000122070312,0.8600000143051147,Walker+2023 (m2fshi),,,,,,,,,-408.374129439437,-148.61681138862372,434.57609946100325,True,dwarf
14.70276396447,-33.83783109683,114.58999633789062,0.8600000143051147,Walker+2023 (m2fshi),,,,,,,,,-420.07920952387286,-193.07310977162385,462.32431040459835,True,dwarf
14.68138582651,-33.84188879717,110.16000366210938,0.6700000166893005,Walker+2023 (m2fshi),,,,,,,,,-446.7722814511462,-199.16364963695753,489.15399498498937,True,dwarf
14.69470578494,-33.8935680429,139.60000610351562,0.6000000238418579,Walker+2023 (m2fshi),,,,,,,,,-430.1407764479744,-276.7333270294283,511.47084164402065,True,dwarf
14.67976104174,-34.05131696586,105.1500015258789,0.46000000834465027,Walker+2023 (m2fshi),,,,,,,,,-448.80101270982976,-513.511803382352,681.9946636318822,True,dwarf
14.82410712158,-33.76715336882,107.87000274658203,0.4300000071525574,Walker+2023 (m2fshi),,,,,,,,,-268.5682768748207,-86.9870304737137,282.30420261509596,True,dwarf
14.83166985551,-33.74007231748,115.61000061035156,0.800000011920929,Walker+2023 (m2fshi),,,,,,,,,-259.12533094856593,-46.33882854624538,263.2360616827454,True,dwarf
14.8367112673,-33.73471320194,108.6500015258789,0.4099999964237213,Walker+2023 (m2fshi),,,,,,,,,-252.83054663305083,-38.2948863858088,255.71426169470737,True,dwarf
14.82815671285,-33.72116661733,106.68000030517578,0.44999998807907104,Walker+2023 (m2fshi),,,,,,,,,-263.51189491824385,-17.961691055179195,264.1233444982955,True,dwarf
14.84226379101,-33.70514018137,,,Walker+2023 (m2fshi),,,,,,,,,-245.897580111543,6.093719382947338,245.9730743813859,False,dwarf
14.8285491448,-33.70490681155,116.13999938964844,0.6100000143051147,Walker+2023 (m2fshi),,,,,,,,,-263.0218983485,6.444003552052324,263.1008251462308,True,dwarf
14.834323457,-33.68165599,115.98999786376953,0.5799999833106995,Walker+2023 (m2fshi),,,,,,,,,-255.81200330649278,41.34309507838574,259.1313036789294,True,dwarf
14.84397521692,-33.67897246707,102.58999633789062,0.9599999785423279,Walker+2023 (m2fshi),,,,,,,,,-243.7606673926076,45.37101779698305,247.94715611118352,True,dwarf
14.88333218838,-33.78832659305,108.81999969482422,1.3799999952316284,Walker+2023 (m2fshi),,,,,,,,,-194.6189473799881,-118.76768341630806,227.9962659855879,True,dwarf
14.85997782357,-33.77426447619,108.8499984741211,1.1799999475479126,Walker+2023 (m2fshi),,,,,,,,,-223.7795665534435,-97.66068286167507,244.16163372621776,True,dwarf
14.86401503376,-33.758692922,111.9800033569336,1.0299999713897705,Walker+2023 (m2fshi),,,,,,,,,-218.7386438038194,-74.28804229861984,231.00932345188085,True,dwarf
14.85157526642,-33.75799993984,93.61000061035156,0.6700000166893005,Walker+2023 (m2fshi),,,,,,,,,-234.2711286716092,-73.24788774854608,245.4551176665365,True,dwarf
14.85341290249,-33.75369446614,107.83999633789062,0.8799999952316284,Walker+2023 (m2fshi),,,,,,,,,-231.97662800534502,-66.78544424316412,241.39894677377325,True,dwarf
14.86306674026,-33.7284222934,110.94000244140625,0.6100000143051147,Walker+2023 (m2fshi),,,,,,,,,-219.92269765598576,-28.852338626836893,221.80723700664905,True,dwarf
14.86015087903,-33.70596668383,119.62999725341797,0.9800000190734863,Walker+2023 (m2fshi),,,,,,,,,-223.56348684389002,4.853153111506137,223.61615716428432,True,dwarf
14.87760292618,-33.70192887411,131.13999938964844,0.9200000166893005,Walker+2023 (m2fshi),,,,,,,,,-201.7725922989705,10.913837491240086,202.06754032212044,True,dwarf
14.91382860736,-33.82233432691,109.7300033569336,0.7699999809265137,Walker+2023 (m2fshi),,,,,,,,,-156.54064950014276,-169.81271913822016,230.95743011871818,True,dwarf
14.92243651083,-33.83263783358,105.0,1.059999942779541,Walker+2023 (m2fshi),,,,,,,,,-145.79268880788402,-185.27810910498553,235.761501995876,True,dwarf
14.90662207008,-33.83311605302,,,Walker+2023 (m2fshi),,,,,,,,,-165.53884280966068,-185.99590842963676,248.9931453500826,False,dwarf
14.92120403185,-33.91484465565,104.41000366210938,0.699999988079071,Walker+2023 (m2fshi),,,,,,,,,-147.33158102214406,-308.66916439913393,342.0281389262354,True,dwarf
14.8985975745,-33.94156434302,20.329999923706055,0.4099999964237213,Walker+2023 (m2fshi),,,,,,,,,-175.55835143561194,-348.7749650941943,390.4672982917344,True,dwarf
14.91790140478,-33.97954460048,5.440000057220459,0.4099999964237213,Walker+2023 (m2fshi),,,,,,,,,-151.4552919876793,-405.78269182935566,433.126192303526,True,dwarf
14.89516918707,-33.81059589963,95.18000030517578,0.5899999737739563,Walker+2023 (m2fshi),,,,,,,,,-179.8390887212801,-152.19353750460775,235.5949292541478,True,dwarf
14.89020689562,-33.81948635173,122.88999938964844,0.8600000143051147,Walker+2023 (m2fshi),,,,,,,,,-186.0350821631216,-165.53795636229341,249.0218199115169,True,dwarf
14.88124795621,-33.83152857138,114.66000366210938,1.6799999475479126,Walker+2023 (m2fshi),,,,,,,,,-197.22135173022136,-183.61312522640438,269.46250450425,True,dwarf
14.89593251538,-33.84887080805,118.93000030517578,0.6399999856948853,Walker+2023 (m2fshi),,,,,,,,,-178.88598525075753,-209.64353036784365,275.591374219563,True,dwarf
14.89630015256,-33.85633614116,10.680000305175781,0.5799999833106995,Walker+2023 (m2fshi),,,,,,,,,-178.42694781226857,-220.848869625214,283.9197050582026,True,dwarf
14.88586390428,-33.8940994738,,,Walker+2023 (m2fshi),,,,,,,,,-191.4578079606174,-277.5309958592811,337.1639747833819,False,dwarf
14.89307484261,-34.02374328166,115.19999694824219,0.6299999952316284,Walker+2023 (m2fshi),,,,,,,,,-182.45411943236923,-472.124167829568,506.1528776433098,True,dwarf
14.9486586674,-33.79150449038,111.26000213623047,0.4699999988079071,Walker+2023 (m2fshi),,,,,,,,,-113.05130072624112,-123.53765378239711,167.4579006734362,True,dwarf
14.94755195981,-33.78563810698,91.16000366210938,0.7400000095367432,Walker+2023 (m2fshi),,,,,,,,,-114.43315284814277,-114.73231110816772,162.04459164991528,True,dwarf
14.95593925467,-33.77969044949,108.55000305175781,0.9100000262260437,Walker+2023 (m2fshi),,,,,,,,,-103.9606474600627,-105.80497739376882,148.33242889406003,True,dwarf
14.95741345183,-33.7637626126,,,Walker+2023 (m2fshi),,,,,,,,,-102.11994220778583,-81.89756249896863,130.90337405809672,False,dwarf
14.96131202597,-33.71841448423,110.30999755859375,1.2799999713897705,Walker+2023 (m2fshi),,,,,,,,,-97.25212256289664,-13.83078562704676,98.23067735717795,True,dwarf
14.94874552757,-33.70503356828,111.68000030517578,0.5600000023841858,Walker+2023 (m2fshi),,,,,,,,,-112.94284578176358,6.253743835319847,113.11585090181231,True,dwarf
14.95361307677,-33.70500226347,114.05000305175781,0.6200000047683716,Walker+2023 (m2fshi),,,,,,,,,-106.86514897074143,6.3007318278620605,107.05073230064983,True,dwarf
14.96812389813,-33.79937121609,80.2300033569336,0.8799999952316284,Walker+2023 (m2fshi),,,,,,,,,-88.74671419353712,-135.34547657161667,161.84677107853403,True,dwarf
14.9662883051,-33.79544034404,114.27999877929688,0.4300000071525574,Walker+2023 (m2fshi),,,,,,,,,-91.03866388862544,-129.44530383335984,158.2533570169586,True,dwarf
14.96530062086,-33.78154967971,112.81999969482422,0.7900000214576721,Walker+2023 (m2fshi),,,,,,,,,-92.27190162472148,-108.59565063843691,142.50304967623578,True,dwarf
14.97022288983,-33.75522077948,101.43000030517578,0.5,Walker+2023 (m2fshi),,,,,,,,,-86.12588086709819,-69.07641485837424,110.4047935771804,True,dwarf
14.96784662582,-33.74853775464,118.4000015258789,0.4300000071525574,Walker+2023 (m2fshi),,,,,,,,,-89.09292066521922,-59.0453071376269,106.88263099136239,True,dwarf
14.96335384261,-33.7477368297,125.76000213623047,0.30000001192092896,Walker+2023 (m2fshi),,,,,,,,,-94.702678895922,-57.84313229289894,110.97038047838676,True,dwarf
14.96768606784,-33.7354741444,111.83999633789062,0.9399999976158142,Walker+2023 (m2fshi),,,,,,,,,-89.29339582898915,-39.43704820149851,97.61450358179287,True,dwarf
14.96570071101,-33.73215802889,127.77999877929688,0.9100000262260437,Walker+2023 (m2fshi),,,,,,,,,-91.77234290865304,-34.45961467526759,98.02870990945111,True,dwarf
14.96254649172,-33.815282724,112.44000244140625,0.6800000071525574,Walker+2023 (m2fshi),,,,,,,,,-95.71074963705398,-159.2283819424627,185.78004524733439,True,dwarf
14.97829500089,-33.85309237041,104.61000061035156,0.5,Walker+2023 (m2fshi),,,,,,,,,-76.04691882032337,-215.98002436523166,228.97708354084457,True,dwarf
14.98424272455,-33.85756953223,122.44999694824219,1.9800000190734863,Walker+2023 (m2fshi),,,,,,,,,-68.62049956168529,-222.70016884693877,233.0324830673833,True,dwarf
14.97204796724,-33.85814448758,,,Walker+2023 (m2fshi),,,,,,,,,-83.84706113690486,-223.5631671431455,238.7693853163966,False,dwarf
14.96085728684,-33.86871454387,146.14999389648438,0.7900000214576721,Walker+2023 (m2fshi),,,,,,,,,-97.81991683609128,-239.4286435999644,258.64031299458827,True,dwarf
14.95842496661,-33.89680626115,97.02999877929688,0.9700000286102295,Walker+2023 (m2fshi),,,,,,,,,-100.85694929284696,-281.59383808044214,299.11070503332735,True,dwarf
14.98670280659,-33.89842632994,-15.210000038146973,0.5799999833106995,Walker+2023 (m2fshi),,,,,,,,,-65.5488032818912,-284.0255340469571,291.49125133071703,True,dwarf
14.96108702605,-33.96865611591,103.62999725341797,0.6899999976158142,Walker+2023 (m2fshi),,,,,,,,,-97.53306092429142,-389.43925988763596,401.4668543168803,True,dwarf
14.942365429,-33.81088192137,109.16999816894531,0.6600000262260437,Walker+2023 (m2fshi),,,,,,,,,-120.90913500446558,-152.62285131880128,194.71197619101144,True,dwarf
14.92770730127,-33.81730996658,98.51000213623047,1.1799999475479126,Walker+2023 (m2fshi),,,,,,,,,-139.21149878133596,-162.27123890961192,213.8031720302724,True,dwarf
14.93643408,-33.8202918927,104.98999786376953,0.6200000047683716,Walker+2023 (m2fshi),,,,,,,,,-128.31510861072442,-166.74705979030003,210.4028256618525,True,dwarf
14.93335661255,-33.8333153836,96.5999984741211,1.190000057220459,Walker+2023 (m2fshi),,,,,,,,,-132.15768181099017,-186.29510027283612,228.41085185980324,True,dwarf
14.93028611113,-33.83561847675,97.66999816894531,1.149999976158142,Walker+2023 (m2fshi),,,,,,,,,-135.9915571190374,-189.7520042993357,233.45133699183546,True,dwarf
14.94904400596,-33.86037114616,112.66999816894531,0.8299999833106995,Walker+2023 (m2fshi),,,,,,,,,-112.57016107237185,-226.90534416748199,253.29444600232196,True,dwarf
14.9455120973,-33.87904424543,119.83000183105469,0.47999998927116394,Walker+2023 (m2fshi),,,,,,,,,-116.98015655833734,-254.93335165542595,280.491302565128,True,dwarf
14.93504807119,-33.92900753037,111.5999984741211,0.8899999856948853,Walker+2023 (m2fshi),,,,,,,,,-130.0457005325459,-329.92740080451546,354.6321672220725,True,dwarf
15.00408593394,-33.80248592045,126.62000274658203,1.190000057220459,Walker+2023 (m2fshi),,,,,,,,,-43.84396305947583,-140.02059535412604,146.72443634270533,True,dwarf
15.00802724082,-33.78671731039,110.36000061035156,0.6700000166893005,Walker+2023 (m2fshi),,,,,,,,,-38.92278665804575,-116.35217724925684,122.68990370796705,True,dwarf
15.01849519488,-33.78083161938,117.75,0.699999988079071,Walker+2023 (m2fshi),,,,,,,,,-25.852338185040374,-107.51785417761539,110.58224250119304,True,dwarf
15.0142452957,-33.7791845033,100.80000305175781,0.8199999928474426,Walker+2023 (m2fshi),,,,,,,,,-31.15882767947851,-105.04556068437631,109.56934955476565,True,dwarf
15.02068161055,-33.77242401158,103.27999877929688,1.690000057220459,Walker+2023 (m2fshi),,,,,,,,,-23.122345944768835,-94.8981764815442,97.67449401717869,True,dwarf
15.02473224273,-33.7656780814,101.83999633789062,0.6600000262260437,Walker+2023 (m2fshi),,,,,,,,,-18.064664291953303,-84.77264890497716,86.67602954881758,True,dwarf
15.02591973777,-33.75770832511,104.55999755859375,0.6499999761581421,Walker+2023 (m2fshi),,,,,,,,,-16.58193971718991,-72.81017895057529,74.6745129451764,True,dwarf
15.02650880723,-33.74940221935,112.73999786376953,0.699999988079071,Walker+2023 (m2fshi),,,,,,,,,-15.846418527487431,-60.342854106919305,62.38885334670966,True,dwarf
15.04387338516,-33.79878811975,116.73999786376953,1.1799999475479126,Walker+2023 (m2fshi),,,,,,,,,5.8352606037579315,-134.47025878653074,134.5968081509748,True,dwarf
15.06074034822,-33.78651885042,104.38999938964844,0.6399999856948853,Walker+2023 (m2fshi),,,,,,,,,26.895610153268123,-116.05429217699626,119.13006580297098,True,dwarf
15.02905602946,-33.78597526255,112.0999984741211,0.30000001192092896,Walker+2023 (m2fshi),,,,,,,,,-12.665917665935718,-115.23837593992603,115.93234561412093,True,dwarf
15.03174941563,-33.78333108148,117.05999755859375,0.8999999761581421,Walker+2023 (m2fshi),,,,,,,,,-9.302914260391393,-111.26950469055275,111.65772202502222,True,dwarf
15.05833791705,-33.78329407886,129.8800048828125,0.5899999737739563,Walker+2023 (m2fshi),,,,,,,,,23.895897636624856,-111.21396438118647,113.75218590093057,True,dwarf
15.03667050079,-33.77364550684,114.08999633789062,0.8500000238418579,Walker+2023 (m2fshi),,,,,,,,,-3.15837162613715,-96.73162029280502,96.78316834966809,True,dwarf
15.05487606229,-33.77162320796,121.97000122070312,1.2000000476837158,Walker+2023 (m2fshi),,,,,,,,,19.57337252787487,-93.69618373608346,95.7188161168998,True,dwarf
15.03087972764,-33.76595620714,100.9000015258789,0.4300000071525574,Walker+2023 (m2fshi),,,,,,,,,-10.388820063541784,-85.19011095617057,85.82122457199793,True,dwarf
15.03751744713,-33.82630335328,99.18000030517578,1.4800000190734863,Walker+2023 (m2fshi),,,,,,,,,-2.1008613970208265,-175.77016086813657,175.78271550473926,True,dwarf
15.04371962149,-33.82687607424,117.30999755859375,0.3499999940395355,Walker+2023 (m2fshi),,,,,,,,,5.643268919974946,-176.62980538259853,176.71993275688453,True,dwarf
15.03747067886,-33.83968566317,127.22000122070312,0.6399999856948853,Walker+2023 (m2fshi),,,,,,,,,-2.159256978402396,-195.85678261097695,195.8686848003587,True,dwarf
15.04259096807,-33.85473659378,108.47000122070312,1.5299999713897705,Walker+2023 (m2fshi),,,,,,,,,4.234014897132796,-218.44797594946706,218.4890044797863,True,dwarf
15.05245691133,-33.89678245879,105.7699966430664,0.949999988079071,Walker+2023 (m2fshi),,,,,,,,,16.552783424228668,-281.5581111390004,282.04425997926484,True,dwarf
15.0376758776,-33.91629325639,122.48999786376953,0.9900000095367432,Walker+2023 (m2fshi),,,,,,,,,-1.903042674965924,-310.84348971067067,310.8493150498012,True,dwarf
15.04557168208,-34.02635679245,101.95999908447266,0.41999998688697815,Walker+2023 (m2fshi),,,,,,,,,7.955780263809024,-476.04700350524666,476.1134780553165,True,dwarf
15.03195143935,-34.02755928079,109.72000122070312,0.5699999928474426,Walker+2023 (m2fshi),,,,,,,,,-9.050664335767179,-477.8519182497336,477.93762176655315,True,dwarf
15.02009716331,-33.82590609848,116.44999694824219,0.6100000143051147,Walker+2023 (m2fshi),,,,,,,,,-23.85209575947293,-175.17388810441648,176.79030953572567,True,dwarf
15.02978011263,-33.83591546804,103.44999694824219,0.7799999713897705,Walker+2023 (m2fshi),,,,,,,,,-11.761816280945055,-190.19778322331325,190.5611111042575,True,dwarf
15.02866546731,-33.84276917793,103.69999694824219,0.8199999928474426,Walker+2023 (m2fshi),,,,,,,,,-13.153579574634449,-200.48508632921647,200.91611805940215,True,dwarf
15.03040593303,-33.85358296267,112.30000305175781,1.190000057220459,Walker+2023 (m2fshi),,,,,,,,,-10.98040730220176,-216.71639508429163,216.9943898879716,True,dwarf
15.02844065445,-33.86708103016,108.9800033569336,1.0399999618530273,Walker+2023 (m2fshi),,,,,,,,,-13.434284370038027,-236.9767670349918,237.35725839099976,True,dwarf
15.02158741144,-33.91330280272,111.9000015258789,0.9599999785423279,Walker+2023 (m2fshi),,,,,,,,,-21.991349019132887,-306.3548691210671,307.1431673761724,True,dwarf
15.02352803987,-33.95945208918,123.4000015258789,0.46000000834465027,Walker+2023 (m2fshi),,,,,,,,,-19.56825050779542,-375.6241707919512,376.13353228750657,True,dwarf
15.02092851974,-34.02127831146,121.4000015258789,0.4699999988079071,Walker+2023 (m2fshi),,,,,,,,,-22.81405133181071,-468.424289077557,468.9795257108621,True,dwarf
15.09304069959,-33.83997026686,112.83999633789062,0.6299999952316284,Walker+2023 (m2fshi),,,,,,,,,67.22632576605164,-196.283967956006,207.47716730415829,True,dwarf
15.092677059,-33.84969436501,115.8499984741211,1.159999966621399,Walker+2023 (m2fshi),,,,,,,,,66.7722785313182,-210.8796754933986,221.19849618942945,True,dwarf
15.09476179239,-33.85633622573,108.63999938964844,0.7400000095367432,Walker+2023 (m2fshi),,,,,,,,,69.37530871255288,-220.8489965633613,231.48912013743885,True,dwarf
15.10272030015,-33.86705530684,,,Walker+2023 (m2fshi),,,,,,,,,79.31242393133002,-236.93815676493733,249.86026238885813,False,dwarf
15.10499048062,-33.89553042717,85.7699966430664,1.2000000476837158,Walker+2023 (m2fshi),,,,,,,,,82.14700618947164,-279.67883276570404,291.4933620566337,True,dwarf
15.09045253913,-33.93728165469,23.280000686645508,0.6299999952316284,Walker+2023 (m2fshi),,,,,,,,,63.99470880075027,-342.3467220454044,348.2766154218888,True,dwarf
15.09916068784,-33.97186255043,107.9000015258789,0.6399999856948853,Walker+2023 (m2fshi),,,,,,,,,74.86783724179458,-394.25206409525714,401.29774868124366,True,dwarf
15.05284025053,-33.81198197339,116.37000274658203,1.4700000286102295,Walker+2023 (m2fshi),,,,,,,,,17.031426646443826,-154.27401087233085,155.21127511959062,True,dwarf
15.05227631322,-33.81711292377,112.05000305175781,1.659999966621399,Walker+2023 (m2fshi),,,,,,,,,16.327285845854295,-161.9754809706475,162.7963043154384,True,dwarf
15.08317351164,-33.84477902523,92.13999938964844,1.2100000381469727,Walker+2023 (m2fshi),,,,,,,,,54.906003099875434,-203.50183327407788,210.77871173890907,True,dwarf
15.08685759259,-33.84734881574,110.47000122070312,0.6200000047683716,Walker+2023 (m2fshi),,,,,,,,,59.50600324807383,-207.35904554587714,215.72838986155003,True,dwarf
15.06133274196,-33.84780210664,105.9800033569336,2.490000009536743,Walker+2023 (m2fshi),,,,,,,,,27.635282090118196,-208.03942755187555,209.86689170117444,True,dwarf
15.05270774999,-33.88594426242,137.42999267578125,0.4399999976158142,Walker+2023 (m2fshi),,,,,,,,,16.865984433878747,-265.2901609384566,265.8257529316451,True,dwarf
15.07634656297,-33.89208975993,127.7699966430664,0.6100000143051147,Walker+2023 (m2fshi),,,,,,,,,46.381769968199784,-274.51444919060265,278.4051928391476,True,dwarf
15.05450991517,-33.95432426161,120.54000091552734,0.6700000166893005,Walker+2023 (m2fshi),,,,,,,,,19.116195601219843,-367.92738797883675,368.4236579797687,True,dwarf
14.9821737187,-33.80025402099,119.93000030517578,0.9399999976158142,Walker+2023 (m2fshi),,,,,,,,,-71.20389209453184,-136.6705518571789,154.10656700593768,True,dwarf
14.98201693599,-33.7777882616,121.61000061035156,0.4300000071525574,Walker+2023 (m2fshi),,,,,,,,,-71.39965339810435,-102.94982540997543,125.28598108852346,True,dwarf
14.97741607494,-33.76483013504,111.11000061035156,1.090000033378601,Walker+2023 (m2fshi),,,,,,,,,-77.14435928244075,-83.49989570082394,113.68150575685905,True,dwarf
14.97794121801,-33.75479536321,107.2300033569336,0.7900000214576721,Walker+2023 (m2fshi),,,,,,,,,-76.48865756670492,-68.43787220252251,102.63652901362872,True,dwarf
14.97022589119,-33.74441449076,116.26000213623047,0.44999998807907104,Walker+2023 (m2fshi),,,,,,,,,-86.12213332282936,-52.856357503058504,101.04858423830748,True,dwarf
14.97118330663,-33.73293352812,117.62999725341797,0.7300000190734863,Walker+2023 (m2fshi),,,,,,,,,-84.92668967605296,-35.623625957544206,92.09552294056219,True,dwarf
14.97771635022,-33.72851219024,114.79000091552734,0.6100000143051147,Walker+2023 (m2fshi),,,,,,,,,-76.76943094855376,-28.987272269509035,82.05977992775397,True,dwarf
14.96953154144,-33.71785512897,115.56999969482422,0.8500000238418579,Walker+2023 (m2fshi),,,,,,,,,-86.98910910220347,-12.991202803171564,87.95383137003294,True,dwarf
14.98875963972,-33.7954445671,111.70999908447266,0.8299999833106995,Walker+2023 (m2fshi),,,,,,,,,-62.980609794494896,-129.4516425752894,143.9593170848171,True,dwarf
14.98632933305,-33.77876311815,112.0199966430664,0.7900000214576721,Walker+2023 (m2fshi),,,,,,,,,-66.01512808926216,-104.41306867173839,123.53172080923525,True,dwarf
14.9828103311,-33.76212888314,103.8499984741211,0.6700000166893005,Walker+2023 (m2fshi),,,,,,,,,-70.40900805857166,-79.44536209688846,106.15551787117677,True,dwarf
14.98507443652,-33.74699561092,107.19000244140625,0.44999998807907104,Walker+2023 (m2fshi),,,,,,,,,-67.58201120130924,-56.73057538868087,88.23653677442634,True,dwarf
15.0010203739,-33.74662159324,,,Walker+2023 (m2fshi),,,,,,,,,-47.67166848444082,-56.16918115068658,73.67200884480532,False,dwarf
14.99955064945,-33.73458168841,110.33999633789062,0.7599999904632568,Walker+2023 (m2fshi),,,,,,,,,-49.50678904220197,-38.09748679240577,62.46871746055478,True,dwarf
14.99596934416,-33.72407883299,104.36000061035156,0.8700000047683716,Walker+2023 (m2fshi),,,,,,,,,-53.97846192027743,-22.33287770956749,58.41602329900023,True,dwarf
14.99129611759,-33.72255171466,121.13999938964844,0.6800000071525574,Walker+2023 (m2fshi),,,,,,,,,-59.8135245061248,-20.040698817926696,63.0815925841734,True,dwarf
15.01936817973,-33.81075753591,109.95999908447266,0.8600000143051147,Walker+2023 (m2fshi),,,,,,,,,-24.76231587177326,-152.43615083840533,154.43429790614044,True,dwarf
15.01068861659,-33.81385004456,126.48999786376953,0.6399999856948853,Walker+2023 (m2fshi),,,,,,,,,-35.599751930368754,-157.077954234047,161.06155979580342,True,dwarf
15.00830997931,-33.8396787098,94.30000305175781,1.0800000429153442,Walker+2023 (m2fshi),,,,,,,,,-38.569755029925886,-195.8463457197177,199.60815898864377,True,dwarf
15.00607521909,-33.85462271687,104.45999908447266,0.800000011920929,Walker+2023 (m2fshi),,,,,,,,,-41.36011101903502,-218.2770486256165,222.1610423549022,True,dwarf
15.00131414839,-33.858293622,92.55000305175781,0.9399999976158142,Walker+2023 (m2fshi),,,,,,,,,-47.304857136947646,-223.7870153956465,228.73210917673617,True,dwarf
15.00477539164,-33.98926591286,130.8800048828125,0.9599999785423279,Walker+2023 (m2fshi),,,,,,,,,-42.98309556898813,-420.37421797290244,422.56600625348705,True,dwarf
15.01352158363,-34.00826696074,,,Walker+2023 (m2fshi),,,,,,,,,-32.062465703297676,-448.8944708007283,450.0380513050436,False,dwarf
14.999468563,-33.82620967577,111.23999786376953,1.3799999952316284,Walker+2023 (m2fshi),,,,,,,,,-49.60928344645,-175.62955250347056,182.50156360053342,True,dwarf
14.99999074005,-33.84851955518,113.69000244140625,1.159999966621399,Walker+2023 (m2fshi),,,,,,,,,-48.95728514891306,-209.1163057262242,214.77068023763312,True,dwarf
14.9937720552,-33.88980999655,64.02999877929688,0.5799999833106995,Walker+2023 (m2fshi),,,,,,,,,-56.72203071771448,-271.0925627559231,276.9631136998489,True,dwarf
14.99997737807,-33.90149458912,104.41000366210938,1.5,Walker+2023 (m2fshi),,,,,,,,,-48.973969122695806,-288.6309393965707,292.7563301255459,True,dwarf
14.9911310511,-33.90599325371,109.06999969482422,0.8299999833106995,Walker+2023 (m2fshi),,,,,,,,,-60.019629064840004,-295.38335917387747,301.4194498533976,True,dwarf
14.995021838,-33.90990010284,109.12999725341797,1.2000000476837158,Walker+2023 (m2fshi),,,,,,,,,-55.161532687610276,-301.24747391383136,306.2561594938309,True,dwarf
15.0016971654,-33.9248683693,,,Walker+2023 (m2fshi),,,,,,,,,-46.826616206124875,-323.7145897555167,327.08388466247953,False,dwarf
14.99205355715,-33.93920241854,100.55999755859375,0.9900000095367432,Walker+2023 (m2fshi),,,,,,,,,-58.867773819445794,-345.22975623227927,350.2127915748601,True,dwarf
14.92578472977,-33.80734324279,112.26000213623047,0.800000011920929,Walker+2023 (m2fshi),,,,,,,,,-141.6120511321015,-147.31135437319276,204.33944345893013,True,dwarf
14.91527871658,-33.77797346587,104.0199966430664,0.6700000166893005,Walker+2023 (m2fshi),,,,,,,,,-154.73002082030493,-103.2278138997853,186.00365831235874,True,dwarf
14.91418295324,-33.77429761857,27.790000915527344,0.6499999761581421,Walker+2023 (m2fshi),,,,,,,,,-156.0982077832967,-97.71042901584059,184.15748263814015,True,dwarf
14.91456367179,-33.76091164651,139.5,0.6299999952316284,Walker+2023 (m2fshi),,,,,,,,,-155.62283674498323,-77.61831041751921,173.9053461760911,True,dwarf
14.91474584391,-33.75583458233,,,Walker+2023 (m2fshi),,,,,,,,,-155.39537383350978,-69.99772259778014,170.43298793875567,False,dwarf
14.92456984405,-33.75055987084,116.88999938964844,0.6200000047683716,Walker+2023 (m2fshi),,,,,,,,,-143.12897613127458,-62.08046949475654,156.01246264666284,True,dwarf
14.92010046072,-33.74306660983,100.41999816894531,0.9900000095367432,Walker+2023 (m2fshi),,,,,,,,,-148.70951691183686,-50.83321092988058,157.15767799758822,True,dwarf
14.9225446778,-33.72885234914,109.08999633789062,1.2100000381469727,Walker+2023 (m2fshi),,,,,,,,,-145.65762986515657,-29.49784504902353,148.61449458404505,True,dwarf
14.94695748787,-33.77515966041,,,Walker+2023 (m2fshi),,,,,,,,,-115.1754196574795,-99.00433929805241,151.87901926573136,False,dwarf
14.93713439109,-33.74308007376,98.91999816894531,0.6000000238418579,Walker+2023 (m2fshi),,,,,,,,,-127.44068941052022,-50.85342006202387,137.21224307412706,True,dwarf
14.93216546457,-33.74301273061,116.83999633789062,0.5400000214576721,Walker+2023 (m2fshi),,,,,,,,,-133.64496750283757,-50.75233912815702,142.9572567791295,True,dwarf
14.94544134268,-33.72941335847,115.0199966430664,0.699999988079071,Walker+2023 (m2fshi),,,,,,,,,-117.06850186532303,-30.339910604108013,120.93611662549947,True,dwarf
14.93506220874,-33.71683012455,104.83000183105469,0.550000011920929,Walker+2023 (m2fshi),,,,,,,,,-130.02804817013123,-11.452688433185587,130.5314421251891,True,dwarf
14.94607182755,-33.71508260802,116.2699966430664,0.7300000190734863,Walker+2023 (m2fshi),,,,,,,,,-116.28126875758318,-8.829695555575334,116.61602371662926,True,dwarf
14.93750083721,-33.7073934068,95.86000061035156,0.9900000095367432,Walker+2023 (m2fshi),,,,,,,,,-126.98313914786736,2.7116659642312246,127.01208903150997,True,dwarf
14.92743698211,-33.70506256703,100.43000030517578,0.5799999833106995,Walker+2023 (m2fshi),,,,,,,,,-139.5490234429653,6.210217200007584,139.687138783628,True,dwarf
14.84219890754,-33.8177283892,118.5,0.4300000071525574,Walker+2023 (m2fshi),,,,,,,,,-245.97859461031598,-162.8992842146202,295.028211878291,True,dwarf
14.84720063937,-33.83944383273,104.25,1.4299999475479126,Walker+2023 (m2fshi),,,,,,,,,-239.73335530327927,-195.49379919375332,309.33785278910807,True,dwarf
14.85959894859,-33.86999845727,107.23999786376953,0.6299999952316284,Walker+2023 (m2fshi),,,,,,,,,-224.25263568189266,-241.3557759880516,329.456909493594,True,dwarf
14.87751942886,-33.87387799686,105.45999908447266,0.7300000190734863,Walker+2023 (m2fshi),,,,,,,,,-201.87684833720334,-247.17889956845386,319.14208479364487,True,dwarf
14.86488287306,-33.95136237824,121.55000305175781,0.6899999976158142,Walker+2023 (m2fshi),,,,,,,,,-217.65504630343972,-363.4816509283183,423.66570517676826,True,dwarf
14.8568347472,-33.97264042053,96.37999725341797,0.4300000071525574,Walker+2023 (m2fshi),,,,,,,,,-227.70406006051746,-395.4196340134781,456.2957658486398,True,dwarf
14.87499273666,-34.00305446325,112.66999816894531,0.5,Walker+2023 (m2fshi),,,,,,,,,-205.03171508747286,-441.0705998638156,486.3962152977105,True,dwarf
14.851909,-34.153177,,,Walker+2023 (m2fshi),,,,,,,,,-233.85442378963165,-666.4019989689081,706.2432412106591,False,dwarf
14.7755537652,-33.84287050365,108.75,1.0,Walker+2023 (m2fshi),,,,,,,,,-329.1927445710672,-200.63717452827734,385.51671673342815,True,dwarf
14.78928755965,-33.84846729581,111.81999969482422,0.4300000071525574,Walker+2023 (m2fshi),,,,,,,,,-312.0445175470747,-209.03786529207392,375.59101434546307,True,dwarf
14.77101518334,-33.8793036072,102.18000030517578,1.25,Walker+2023 (m2fshi),,,,,,,,,-334.85968770070235,-255.3226493036882,421.0946042096313,True,dwarf
14.79905229954,-33.93497950798,-4.869999885559082,0.9700000286102295,Walker+2023 (m2fshi),,,,,,,,,-299.85211310462444,-338.8912386094094,452.50255395912205,True,dwarf
14.82752408413,-33.9948237391,102.4000015258789,0.41999998688697815,Walker+2023 (m2fshi),,,,,,,,,-264.30180487007544,-428.71642154709025,503.63996481784665,True,dwarf
14.80821632465,-34.01074265842,118.48999786376953,0.4300000071525574,Walker+2023 (m2fshi),,,,,,,,,-288.4097703775693,-452.6104513195206,536.6902424051535,True,dwarf
14.78246655415,-34.0638245887,20.290000915527344,0.4099999964237213,Walker+2023 (m2fshi),,,,,,,,,-320.5613299452617,-532.2855345957329,621.3593618801765,True,dwarf
14.90453553579,-33.78016506706,102.98999786376953,1.3899999856948853,Walker+2023 (m2fshi),,,,,,,,,-168.14412162233685,-106.51737037221775,199.0437033094979,True,dwarf
14.88613665022,-33.77044591959,95.86000061035156,1.1699999570846558,Walker+2023 (m2fshi),,,,,,,,,-191.11725318415245,-91.92909372212598,212.07725652984774,True,dwarf
14.89460421603,-33.75554263701,112.44999694824219,0.7099999785423279,Walker+2023 (m2fshi),,,,,,,,,-180.5445202530493,-69.55951758977452,193.4808783335601,True,dwarf
14.89025500205,-33.74249655116,106.76000213623047,0.8199999928474426,Walker+2023 (m2fshi),,,,,,,,,-185.9750157345785,-49.977562467868,192.5732671678662,True,dwarf
14.89090911979,-33.71059443643,105.18000030517578,0.7400000095367432,Walker+2023 (m2fshi),,,,,,,,,-185.15827426179973,-2.093025594536835,185.17010364458739,True,dwarf
14.8974720128,-33.69273050564,124.33000183105469,1.1299999952316284,Walker+2023 (m2fshi),,,,,,,,,-176.96374508930248,24.720433633975468,178.68202739806657,True,dwarf
14.89241726277,-33.68728321846,107.08999633789062,0.6399999856948853,Walker+2023 (m2fshi),,,,,,,,,-183.27518373646652,32.896719940941125,186.20415450925975,True,dwarf
14.91191435146,-33.79196527023,110.88999938964844,0.46000000834465027,Walker+2023 (m2fshi),,,,,,,,,-158.93081886482108,-124.22927657620741,201.72237938238385,True,dwarf
14.90712720087,-33.78378822218,101.31999969482422,0.4300000071525574,Walker+2023 (m2fshi),,,,,,,,,-164.90812873458805,-111.95566518150835,199.32075127536888,True,dwarf
14.9115119049,-33.77073166629,135.0800018310547,2.3499999046325684,Walker+2023 (m2fshi),,,,,,,,,-159.43331983067083,-92.35799470590389,184.25249702059602,True,dwarf
14.90559432334,-33.76493664166,103.76000213623047,1.1799999475479126,Walker+2023 (m2fshi),,,,,,,,,-166.82210319955513,-83.65976034352474,186.62413996227556,True,dwarf
14.91002548096,-33.75299072756,116.62999725341797,0.6600000262260437,Walker+2023 (m2fshi),,,,,,,,,-161.28929162854465,-65.7291444878556,174.1681831711611,True,dwarf
14.9065631928,-33.72600163003,118.19999694824219,0.6200000047683716,Walker+2023 (m2fshi),,,,,,,,,-165.6123578872033,-25.218963680385677,167.52148881284373,True,dwarf
14.90398612202,-33.69886055094,102.05000305175781,0.6399999856948853,Walker+2023 (m2fshi),,,,,,,,,-168.83012810746243,15.519338888774659,169.54191822769616,True,dwarf
14.90858621255,-33.69244276986,105.81999969482422,0.800000011920929,Walker+2023 (m2fshi),,,,,,,,,-163.0863843062438,25.152320193339683,165.01456892405628,True,dwarf
14.67749989708,-33.80928817161,120.81999969482422,0.41999998688697815,Walker+2023 (m2fshi),,,,,,,,,-451.6243127166079,-150.23065977302318,475.95563971087296,True,dwarf
14.65394102042,-33.82039062069,106.37999725341797,1.3200000524520874,Walker+2023 (m2fshi),,,,,,,,,-481.0402885320798,-166.89524884039275,509.1696998806225,True,dwarf
14.64000856992,-33.82771920644,101.47000122070312,0.6100000143051147,Walker+2023 (m2fshi),,,,,,,,,-498.4365605561214,-177.89533261368783,529.2312861733996,True,dwarf
14.67212625215,-33.86374753694,120.94000244140625,0.5899999737739563,Walker+2023 (m2fshi),,,,,,,,,-458.33392844162967,-231.97324985873925,513.6940515625638,True,dwarf
14.66379324177,-33.9108623808,103.94000244140625,0.8399999737739563,Walker+2023 (m2fshi),,,,,,,,,-468.7386533929004,-302.69183692386383,557.9769469475712,True,dwarf
14.60867368513,-33.98130742889,119.30999755859375,1.0399999618530273,Walker+2023 (m2fshi),,,,,,,,,-537.5617797448717,-408.42866758094874,675.1197253409376,True,dwarf
14.61998957943,-34.0346474133,107.80999755859375,0.8399999737739563,Walker+2023 (m2fshi),,,,,,,,,-523.4325800439215,-488.4910857598059,715.9645289525384,True,dwarf
14.54795423244,-33.85108469722,121.83000183105469,1.059999942779541,Walker+2023 (m2fshi),,,,,,,,,-613.3770224508307,-212.96654072284537,649.2966341650804,True,dwarf
14.57888557259,-33.87292243131,101.19999694824219,1.4800000190734863,Walker+2023 (m2fshi),,,,,,,,,-574.75567530751,-245.74461177276086,625.0875942726242,True,dwarf
14.54545510552,-33.87816725944,3.440000057220459,0.7900000214576721,Walker+2023 (m2fshi),,,,,,,,,-616.4974707684404,-253.6170104557498,666.6263717078675,True,dwarf
14.5589869569,-33.92482769081,106.12000274658203,0.7799999713897705,Walker+2023 (m2fshi),,,,,,,,,-599.6013929682423,-323.6535320271847,681.3761363910013,True,dwarf
14.55560744787,-33.94438663981,113.1500015258789,1.25,Walker+2023 (m2fshi),,,,,,,,,-603.8210999317506,-353.0111850392361,699.4403602063545,True,dwarf
14.59771628638,-33.94969129447,-28.3799991607666,1.6399999856948853,Walker+2023 (m2fshi),,,,,,,,,-551.2433563871795,-360.97338233608747,658.9165506467099,True,dwarf
14.77718964678,-33.75816889825,116.6500015258789,1.7300000190734863,Walker+2023 (m2fshi),,,,,,,,,-327.15015766470714,-73.50149147614893,335.3053756044796,True,dwarf
14.78122666529,-33.75533208973,123.05000305175781,1.2300000190734863,Walker+2023 (m2fshi),,,,,,,,,-322.10947424967804,-69.24348966879235,329.468017056157,True,dwarf
14.79702033623,-33.75393045008,93.02999877929688,1.0099999904632568,Walker+2023 (m2fshi),,,,,,,,,-302.38925375218145,-67.13965216236461,309.7531173003502,True,dwarf
14.78737482596,-33.73791616253,109.63999938964844,1.2400000095367432,Walker+2023 (m2fshi),,,,,,,,,-314.43278625693335,-43.102476283022774,317.3732826421072,True,dwarf
14.77558140133,-33.73650238065,110.69000244140625,0.8999999761581421,Walker+2023 (m2fshi),,,,,,,,,-329.1582376740101,-40.98041349388004,331.6994719905196,True,dwarf
14.782773709,-33.72997024645,108.7300033569336,0.7400000095367432,Walker+2023 (m2fshi),,,,,,,,,-320.17781167443593,-31.175790082275334,321.69202815097026,True,dwarf
14.78293676441,-33.72620402091,119.05000305175781,1.1100000143051147,Walker+2023 (m2fshi),,,,,,,,,-319.97421818115174,-25.522748982332644,320.99051546152333,True,dwarf
14.78582509805,-33.69797775622,116.12000274658203,0.30000001192092896,Walker+2023 (m2fshi),,,,,,,,,-316.36780036559065,16.844398894335868,316.81590692746744,True,dwarf
14.82267366174,-33.78325919822,105.2699966430664,0.7400000095367432,Walker+2023 (m2fshi),,,,,,,,,-270.3581168826648,-111.1616091280474,292.3190289876412,True,dwarf
14.80040597187,-33.77248803303,105.05000305175781,0.5899999737739563,Walker+2023 (m2fshi),,,,,,,,,-298.16189700918005,-94.99427159965745,312.92879136452495,True,dwarf
14.79988259268,-33.75746731424,109.66000366210938,1.100000023841858,Walker+2023 (m2fshi),,,,,,,,,-298.8153963172112,-72.44842569411647,307.47262554862976,True,dwarf
14.8148480106,-33.7230107231,,,Walker+2023 (m2fshi),,,,,,,,,-280.12934528190954,-20.729662755163638,280.8952990101723,False,dwarf
14.8131239362,-33.71523008943,110.45999908447266,0.6100000143051147,Walker+2023 (m2fshi),,,,,,,,,-282.28205110003483,-9.051062667913001,282.42711999498414,True,dwarf
14.80301970962,-33.68594879731,131.0800018310547,0.6700000166893005,Walker+2023 (m2fshi),,,,,,,,,-294.89834384611663,34.89966361106611,296.9562589395078,True,dwarf
14.8106741965,-33.67776201445,117.08000183105469,0.6200000047683716,Walker+2023 (m2fshi),,,,,,,,,-285.3408337750075,47.187886791602466,289.216334392222,True,dwarf
14.81952533132,-33.67510288592,103.62999725341797,0.6200000047683716,Walker+2023 (m2fshi),,,,,,,,,-274.2891706773933,51.179193926680135,279.02304392626235,True,dwarf
15.05600506304,-33.72244938664,115.86000061035156,1.5099999904632568,Walker+2023 (m2fshi),,,,,,,,,20.983060232297568,-19.887106183443358,28.909960378108075,True,dwarf
15.04039784328,-33.65093733903,,,Walker+2023 (m2fshi),,,,,,,,,1.495645546418131,87.45127278137299,87.46406157206873,False,dwarf
15.0532623505,-33.64821608225,,,Walker+2023 (m2fshi),,,,,,,,,17.55846716235845,91.53583337324677,93.20465954246289,False,dwarf
15.05596320235,-33.63768626863,125.16000366210938,1.809999942779541,Walker+2023 (m2fshi),,,,,,,,,20.930792330802873,107.3409062602264,109.36255403181616,True,dwarf
15.05376828803,-33.62460078265,120.72000122070312,3.990000009536743,Walker+2023 (m2fshi),,,,,,,,,18.19018854540309,126.98200031363727,128.278257561326,True,dwarf
15.06449632687,-33.69081999281,110.72000122070312,1.4800000190734863,Walker+2023 (m2fshi),,,,,,,,,31.58538287572617,27.588081212491346,41.93731794468066,True,dwarf
15.07302553714,-33.65057023593,,,Walker+2023 (m2fshi),,,,,,,,,42.235086027888315,88.00228835125479,97.61252607550182,False,dwarf
15.05729432934,-33.64823708604,122.33999633789062,1.1799999475479126,Walker+2023 (m2fshi),,,,,,,,,22.592857967897697,91.50430703823886,94.25219062550158,True,dwarf
15.07663721563,-33.58996176555,103.18000030517578,1.2000000476837158,Walker+2023 (m2fshi),,,,,,,,,46.744683350732764,178.97458154589407,184.97828591780214,True,dwarf
15.0970886702,-33.73821068275,122.80999755859375,0.8799999952316284,Walker+2023 (m2fshi),,,,,,,,,72.28068414162159,-43.544546172556984,84.38379466079263,True,dwarf
15.08408453414,-33.75320435802,104.33999633789062,0.949999988079071,Walker+2023 (m2fshi),,,,,,,,,56.04351980808207,-66.04980021008112,86.62246948840998,True,dwarf
15.08810860742,-33.75733231854,112.66999816894531,1.4299999475479126,Walker+2023 (m2fshi),,,,,,,,,61.0680396097907,-72.245799422191,94.59789107551192,True,dwarf
15.08459538984,-33.80944702851,110.73999786376953,1.409999966621399,Walker+2023 (m2fshi),,,,,,,,,56.681382093846906,-150.46910130425007,160.79094975581597,True,dwarf
15.08443399414,-33.81285360665,98.91000366210938,1.1399999856948853,Walker+2023 (m2fshi),,,,,,,,,56.47986093999787,-155.58231771442976,165.51686402658572,True,dwarf
15.092677059,-33.84969436501,115.8499984741211,1.159999966621399,Walker+2023 (m2fshi),,,,,,,,,66.7722785313182,-210.8796754933986,221.19849618942945,True,dwarf
15.09646452791,-33.86761771971,106.68000030517578,2.1500000953674316,Walker+2023 (m2fshi),,,,,,,,,71.50137047683877,-237.78232900992703,248.29998382893893,True,dwarf
15.07850478524,-33.73310570211,104.19999694824219,0.9900000095367432,Walker+2023 (m2fshi),,,,,,,,,49.076559495517586,-35.882056216564926,60.79498869352476,True,dwarf
15.07926606224,-33.74799336941,136.27000427246094,1.159999966621399,Walker+2023 (m2fshi),,,,,,,,,50.02710166881662,-58.22819407663404,76.76739859346723,True,dwarf
15.07827164636,-33.75596465281,,,Walker+2023 (m2fshi),,,,,,,,,48.78545870345886,-70.1929561974406,85.48141365608494,False,dwarf
15.0779159111,-33.7777003299,115.66000366210938,1.559999942779541,Walker+2023 (m2fshi),,,,,,,,,48.34128218537222,-102.81784140932882,113.61508735814834,True,dwarf
15.07601275704,-33.78557529504,106.63999938964844,0.8999999761581421,Walker+2023 (m2fshi),,,,,,,,,45.964974748905206,-114.63803144417994,123.50974519067022,True,dwarf
15.07687583698,-33.81316766361,108.01000213623047,0.9900000095367432,Walker+2023 (m2fshi),,,,,,,,,47.04262963916934,-156.0537119216412,162.99009174759868,True,dwarf
15.07750356433,-33.83970182046,106.26000213623047,1.340000033378601,Walker+2023 (m2fshi),,,,,,,,,47.82641966501709,-195.88103443112436,201.63518063022053,True,dwarf
15.08317351164,-33.84477902523,92.13999938964844,1.2100000381469727,Walker+2023 (m2fshi),,,,,,,,,54.906003099875434,-203.50183327407788,210.77871173890907,True,dwarf
15.1108812122,-33.70247302422,118.79000091552734,0.800000011920929,Walker+2023 (m2fshi),,,,,,,,,89.5022642602863,10.097077341414407,90.0700076526955,True,dwarf
15.10797686164,-33.70018581854,91.83999633789062,0.5699999928474426,Walker+2023 (m2fshi),,,,,,,,,85.87584747201262,13.530134543036532,86.93518113968042,True,dwarf
15.11874963517,-33.67827332938,104.95999908447266,1.5700000524520874,Walker+2023 (m2fshi),,,,,,,,,99.32689822445104,46.42041169389799,109.63889516372114,True,dwarf
15.12075659662,-33.67530657631,115.83000183105469,1.0399999618530273,Walker+2023 (m2fshi),,,,,,,,,101.83282116499443,50.87345808209975,113.83335277348593,True,dwarf
15.1202319105,-33.61665534801,116.2699966430664,0.5099999904632568,Walker+2023 (m2fshi),,,,,,,,,101.17769000405617,138.9079638810502,171.84978144919484,True,dwarf
15.12083799829,-33.60257422002,113.5,1.2200000286102295,Walker+2023 (m2fshi),,,,,,,,,101.93446054239976,160.04349982158428,189.74866555844733,True,dwarf
15.11264396564,-33.56508332029,101.68000030517578,1.9900000095367432,Walker+2023 (m2fshi),,,,,,,,,91.70326532277429,216.31670884641753,234.95192571461274,True,dwarf
15.13184695213,-33.68816295823,113.52999877929688,1.0199999809265137,Walker+2023 (m2fshi),,,,,,,,,115.68040966317857,31.576245363879707,119.91253667202922,True,dwarf
15.13313997361,-33.68397145507,118.68000030517578,0.47999998927116394,Walker+2023 (m2fshi),,,,,,,,,117.29489617429022,37.86762100835506,123.25603185795791,True,dwarf
15.12611270498,-33.64687475594,109.63999938964844,1.2100000381469727,Walker+2023 (m2fshi),,,,,,,,,108.5205404589432,93.54914157222072,143.2764795435752,True,dwarf
15.13688337331,-33.64235751857,,,Walker+2023 (m2fshi),,,,,,,,,121.96896262627288,100.32943877947109,157.93170717095663,False,dwarf
15.13006836578,-33.62912403755,109.88999938964844,1.0800000429153442,Walker+2023 (m2fshi),,,,,,,,,113.45963938569719,120.19267089520125,165.28571597828594,True,dwarf
15.12714024512,-33.61763979616,107.91000366210938,0.9200000166893005,Walker+2023 (m2fshi),,,,,,,,,109.80354288489978,137.4303237892418,175.90881708115677,True,dwarf
15.13021656014,-33.61164924563,105.87999725341797,1.4800000190734863,Walker+2023 (m2fshi),,,,,,,,,113.6446771433409,146.42203923422903,185.34974026559706,True,dwarf
15.12318692992,-33.57168634531,118.30000305175781,1.409999966621399,Walker+2023 (m2fshi),,,,,,,,,104.8673727103878,206.40567950802736,231.51775394632242,True,dwarf
15.18705894746,-33.73271426189,99.08999633789062,0.7799999713897705,Walker+2023 (m2fshi),,,,,,,,,184.618956385513,-35.294511039482224,187.96239402176192,True,dwarf
15.16723633477,-33.74469517874,119.8499984741211,1.090000033378601,Walker+2023 (m2fshi),,,,,,,,,159.86813723977147,-53.27766543333268,168.51210917480245,True,dwarf
15.1869224611,-33.7589226053,112.79000091552734,1.090000033378601,Walker+2023 (m2fshi),,,,,,,,,184.44853741678085,-74.63279306329107,198.97566875278403,True,dwarf
15.16837154872,-33.76467990744,109.87999725341797,0.9200000166893005,Walker+2023 (m2fshi),,,,,,,,,161.28558284129736,-83.27440660355268,181.5149195731051,True,dwarf
15.18623476656,-33.7900999388,21.5,0.7099999785423279,Walker+2023 (m2fshi),,,,,,,,,183.58987143499317,-121.42944551808421,220.11440464528147,True,dwarf
15.16220640966,-33.79722829362,125.05000305175781,1.0099999904632568,Walker+2023 (m2fshi),,,,,,,,,153.58769536961378,-132.1289860379937,202.60120710493712,True,dwarf
15.16650301851,-33.80647601236,122.2300033569336,0.9800000190734863,Walker+2023 (m2fshi),,,,,,,,,158.95250727657287,-146.009656104777,215.83493518275534,True,dwarf
15.17113762433,-33.81155101432,121.77999877929688,1.100000023841858,Walker+2023 (m2fshi),,,,,,,,,164.73934739984458,-153.6271485670353,225.25619493937256,True,dwarf
15.15851368689,-33.72605459744,110.5199966430664,0.7900000214576721,Walker+2023 (m2fshi),,,,,,,,,148.97690491201809,-25.298466870651737,151.10966422823506,True,dwarf
15.14825742746,-33.73819679008,119.37000274658203,0.800000011920929,Walker+2023 (m2fshi),,,,,,,,,136.1707816106347,-43.523693508887405,142.9573141224566,True,dwarf
15.15332109327,-33.74565367061,114.11000061035156,1.4600000381469727,Walker+2023 (m2fshi),,,,,,,,,142.49335263786304,-54.716345586048654,152.6375904561858,True,dwarf
15.14144064038,-33.79445601657,,,Walker+2023 (m2fshi),,,,,,,,,127.65923639655756,-127.96784488020263,180.7557743493573,False,dwarf
15.16021203419,-33.82514422878,119.70999908447266,0.9399999976158142,Walker+2023 (m2fshi),,,,,,,,,151.0974874773108,-174.03033451710414,230.47127381539605,True,dwarf
15.15196186987,-33.84074262546,,,Walker+2023 (m2fshi),,,,,,,,,140.79620539102106,-197.44326520555245,242.50240086964234,False,dwarf
15.14153433501,-33.86174660265,122.52999877929688,1.1100000143051147,Walker+2023 (m2fshi),,,,,,,,,127.77622495292468,-228.96988119176532,262.20978272404625,True,dwarf
15.15174282158,-33.87210692003,99.9000015258789,3.75,Walker+2023 (m2fshi),,,,,,,,,140.52269832639945,-244.5205430773667,282.02291526005934,True,dwarf
15.2671911127,-33.70197927517,116.54000091552734,0.9900000095367432,Walker+2023 (m2fshi),,,,,,,,,284.67321061671447,10.838186349107826,284.87945367499964,True,dwarf
15.27305964962,-33.69955347091,108.70999908447266,0.9900000095367432,Walker+2023 (m2fshi),,,,,,,,,292.0007560936161,14.479277684857017,292.35952360324893,True,dwarf
15.23448071523,-33.69222766807,114.95999908447266,0.8299999833106995,Walker+2023 (m2fshi),,,,,,,,,243.83050513552766,25.475184357117044,245.1577048609235,True,dwarf
15.23034669871,-33.67852774039,103.12999725341797,0.9800000190734863,Walker+2023 (m2fshi),,,,,,,,,238.66870851304597,46.03854505300164,243.0685089720233,True,dwarf
15.22787657829,-33.62530800965,103.58999633789062,1.4800000190734863,Walker+2023 (m2fshi),,,,,,,,,235.58447815755505,125.92046449866179,267.12545690803466,True,dwarf
15.27634223072,-33.57870004718,108.44000244140625,0.800000011920929,Walker+2023 (m2fshi),,,,,,,,,296.0994373526358,195.8782311349363,355.0255740550236,True,dwarf
15.2548758712,-33.57873256427,114.7300033569336,0.9300000071525574,Walker+2023 (m2fshi),,,,,,,,,269.2962106283899,195.8294235305418,332.9708878852841,True,dwarf
15.31877668692,-33.68602808899,131.66000366210938,0.9900000095367432,Walker+2023 (m2fshi),,,,,,,,,349.08375215408216,34.780648134908446,350.8121427525806,True,dwarf
15.29425886523,-33.65891082974,85.91999816894531,0.7699999809265137,Walker+2023 (m2fshi),,,,,,,,,318.47042282223265,75.48319752543532,327.2936347093165,True,dwarf
15.28080483274,-33.63265393488,106.55000305175781,1.090000033378601,Walker+2023 (m2fshi),,,,,,,,,301.67151088521365,114.89435445794084,322.8101813234436,True,dwarf
15.31608619776,-33.61889721201,112.9000015258789,1.1799999475479126,Walker+2023 (m2fshi),,,,,,,,,345.724365999786,135.54296377741238,371.3451659514621,True,dwarf
15.27751764379,-33.55540602843,118.01000213623047,1.1299999952316284,Walker+2023 (m2fshi),,,,,,,,,297.5670761937992,230.84216093089503,376.6089060255633,True,dwarf
15.28613403777,-33.53442406219,123.94999694824219,1.0199999809265137,Walker+2023 (m2fshi),,,,,,,,,308.32563826745303,262.3357388519059,404.82680135090817,True,dwarf
15.30051715263,-33.52214346634,102.83000183105469,1.1699999570846558,Walker+2023 (m2fshi),,,,,,,,,326.2846167441836,280.7687063771818,430.4564061605018,True,dwarf
15.28161165945,-33.47923797418,114.11000061035156,0.6700000166893005,Walker+2023 (m2fshi),,,,,,,,,302.67892712712944,345.1691274399056,459.081974667331,True,dwarf
15.23386744809,-33.73354136131,117.55999755859375,0.9900000095367432,Walker+2023 (m2fshi),,,,,,,,,243.06477035033635,-36.535973337828985,245.79536190336117,True,dwarf
15.21332931242,-33.74278716854,102.58999633789062,1.350000023841858,Walker+2023 (m2fshi),,,,,,,,,217.42053820452594,-50.413774260291035,223.18879691488394,True,dwarf
15.22923837832,-33.77200459215,115.79000091552734,1.059999942779541,Walker+2023 (m2fshi),,,,,,,,,237.28484262425408,-94.26863498151094,255.3246405666605,True,dwarf
15.21318458918,-33.78816321519,113.11000061035156,1.409999966621399,Walker+2023 (m2fshi),,,,,,,,,217.23983454071026,-118.52245600026845,247.4686208140554,True,dwarf
15.23125390868,-33.82031185461,121.04000091552734,1.0800000429153442,Walker+2023 (m2fshi),,,,,,,,,239.8014648376449,-166.77702228098278,292.09470672915603,True,dwarf
15.23222145538,-33.83646979305,102.52999877929688,0.8299999833106995,Walker+2023 (m2fshi),,,,,,,,,241.0095585315132,-191.02981572667122,307.535360243535,True,dwarf
15.24231060026,-33.86113509907,118.19000244140625,0.8199999928474426,Walker+2023 (m2fshi),,,,,,,,,253.6070200349605,-228.0520246179125,341.0634054590756,True,dwarf
15.23385123803,-33.87572696868,65.04000091552734,0.8500000238418579,Walker+2023 (m2fshi),,,,,,,,,243.04453022005208,-249.95417512750717,348.63696495575215,True,dwarf
15.20746045421,-33.75921516195,98.70999908447266,0.8299999833106995,Walker+2023 (m2fshi),,,,,,,,,210.09259155998376,-75.07191566733096,223.10241941842094,True,dwarf
15.20596427158,-33.76502755682,105.83000183105469,1.0099999904632568,Walker+2023 (m2fshi),,,,,,,,,208.22443491164807,-83.79622246738249,224.4531625842644,True,dwarf
15.18882942849,-33.79556710481,122.95999908447266,1.309999942779541,Walker+2023 (m2fshi),,,,,,,,,186.82960623575008,-129.63556961405143,227.39982998095007,True,dwarf
15.20607380667,-33.82344357584,97.70999908447266,1.440000057220459,Walker+2023 (m2fshi),,,,,,,,,208.36120211005564,-171.47768309874633,269.8499330102965,True,dwarf
15.20682042084,-33.82992157022,103.23999786376953,0.8700000047683716,Walker+2023 (m2fshi),,,,,,,,,209.29343604825337,-181.20104355242495,276.8348976508781,True,dwarf
15.20812189417,-33.85367390356,108.94999694824219,0.8399999737739563,Walker+2023 (m2fshi),,,,,,,,,210.9184756692954,-216.85289582844658,302.50914334585366,True,dwarf
15.20988343689,-33.87103070778,,,Walker+2023 (m2fshi),,,,,,,,,213.1179650081638,-242.90516661707161,323.14422009141407,False,dwarf
15.19796127268,-33.87878332825,123.61000061035156,1.4800000190734863,Walker+2023 (m2fshi),,,,,,,,,198.23176737104203,-254.54171936294068,322.62566620045743,True,dwarf
15.38401665112,-33.72300864698,105.87000274658203,0.7099999785423279,Walker+2023 (m2fshi),,,,,,,,,430.54337507267735,-20.726546534002075,431.04197887235796,True,dwarf
15.45042399163,-33.70850612656,127.18000030517578,0.8399999737739563,Walker+2023 (m2fshi),,,,,,,,,513.4606020102684,1.041492346322892,513.4616582794227,True,dwarf
15.38242822572,-33.70198979853,108.55000305175781,0.800000011920929,Walker+2023 (m2fshi),,,,,,,,,428.56004268271136,10.822390962994755,428.6966693716704,True,dwarf
15.42098296706,-33.64555187964,101.80000305175781,0.4399999976158142,Walker+2023 (m2fshi),,,,,,,,,476.70008582639645,95.53475661692801,486.1788370021359,True,dwarf
15.44100902844,-33.61961879183,121.5999984741211,0.800000011920929,Walker+2023 (m2fshi),,,,,,,,,501.70493413622,134.4598846213596,519.4105327282247,True,dwarf
15.40765906832,-33.61762640511,121.02999877929688,0.7300000190734863,Walker+2023 (m2fshi),,,,,,,,,460.0636608915362,137.4504235297427,480.1574647981931,True,dwarf
15.54615465014,-33.69280626488,120.62000274658203,0.9200000166893005,Walker+2023 (m2fshi),,,,,,,,,632.9913748976862,24.606720290776927,633.4694715440766,True,dwarf
15.50084227326,-33.67756308832,117.45999908447266,1.8200000524520874,Walker+2023 (m2fshi),,,,,,,,,576.4136440627254,47.48647156216279,578.3663666250783,True,dwarf
15.49336263689,-33.67577203598,124.52999877929688,1.1100000143051147,Walker+2023 (m2fshi),,,,,,,,,567.0744550282145,50.17481095729548,569.289863953458,True,dwarf
15.58144098977,-33.65597589294,93.98999786376953,1.6100000143051147,Walker+2023 (m2fshi),,,,,,,,,677.0504413868334,79.88848822826134,681.7473657693904,True,dwarf
15.58074761433,-33.63522419308,106.41000366210938,0.8299999833106995,Walker+2023 (m2fshi),,,,,,,,,676.1846821459164,111.03644019132885,685.2406988928318,True,dwarf
15.5067345455,-33.62543028367,89.23999786376953,0.8899999856948853,Walker+2023 (m2fshi),,,,,,,,,583.7708258253138,125.73693325413716,597.1583989771258,True,dwarf
15.57010950175,-33.61242645048,102.75,1.340000033378601,Walker+2023 (m2fshi),,,,,,,,,662.9017711272056,145.25546784505528,678.6294343030459,True,dwarf
15.34401415052,-33.74059802277,121.80000305175781,0.6800000071525574,Walker+2023 (m2fshi),,,,,,,,,380.59563744536314,-47.12790333193162,383.50238397551874,True,dwarf
15.39410846234,-33.74383738923,137.3800048828125,0.7799999713897705,Walker+2023 (m2fshi),,,,,,,,,443.1441658092719,-51.99013782682127,446.1835117102013,True,dwarf
15.34834996216,-33.74947403404,96.62999725341797,0.6899999976158142,Walker+2023 (m2fshi),,,,,,,,,386.00939855899463,-60.450646747012286,390.71413650904526,True,dwarf
15.36342723883,-33.75427228809,121.86000061035156,0.8500000238418579,Walker+2023 (m2fshi),,,,,,,,,404.83511815032375,-67.65274525770381,410.4489820046949,True,dwarf
15.37427404288,-33.76677102221,117.98999786376953,0.7300000190734863,Walker+2023 (m2fshi),,,,,,,,,418.37860454887607,-86.41313465208444,427.20941771532154,True,dwarf
15.35569767202,-33.76932718249,114.73999786376953,0.7300000190734863,Walker+2023 (m2fshi),,,,,,,,,395.18386212362657,-90.24988817822832,405.3582701748272,True,dwarf
15.37211153131,-33.85183932909,112.69999694824219,0.8600000143051147,Walker+2023 (m2fshi),,,,,,,,,415.67845933559784,-214.09923044922886,467.5757286628213,True,dwarf
15.35585019888,-33.89079337368,104.4800033569336,0.6700000166893005,Walker+2023 (m2fshi),,,,,,,,,395.37430950741737,-272.5685952647472,480.22336859326685,True,dwarf
15.30910409318,-33.73309950182,103.33999633789062,0.7200000286102295,Walker+2023 (m2fshi),,,,,,,,,337.0064028120477,-35.8727496857032,338.91026792696806,True,dwarf
15.32007010511,-33.74313509274,107.58999633789062,0.7200000286102295,Walker+2023 (m2fshi),,,,,,,,,350.6987340034028,-50.936002624302645,354.3784395176045,True,dwarf
15.33089745287,-33.75651980024,106.26000213623047,0.6700000166893005,Walker+2023 (m2fshi),,,,,,,,,364.2179269789591,-71.0262231393648,371.0787284476075,True,dwarf
15.32405415478,-33.77360160282,124.55000305175781,0.8399999737739563,Walker+2023 (m2fshi),,,,,,,,,355.6732797099656,-96.6657210982782,368.5752888286103,True,dwarf
15.30380913727,-33.77854117697,104.30999755859375,0.7599999904632568,Walker+2023 (m2fshi),,,,,,,,,330.3950394079069,-104.07993869877919,346.4008021135257,True,dwarf
15.33183993916,-33.82418158003,103.75,0.7900000214576721,Walker+2023 (m2fshi),,,,,,,,,365.39472985938573,-172.58541495751766,404.10275186525524,True,dwarf
15.30238711582,-33.85219092998,112.58999633789062,0.6600000262260437,Walker+2023 (m2fshi),,,,,,,,,328.61948154978444,-214.62697746300918,392.4990485452878,True,dwarf
15.29438094831,-33.85665551066,102.87000274658203,1.0499999523162842,Walker+2023 (m2fshi),,,,,,,,,318.6228576339799,-221.3282378654833,387.9519484207849,True,dwarf
15.58550768313,-33.73743341973,83.66000366210938,0.7300000190734863,Walker+2023 (m2fshi),,,,,,,,,682.1281772760757,-42.377887471205746,683.4432936100138,True,dwarf
15.57827982799,-33.77390144438,,,Walker+2023 (m2fshi),,,,,,,,,673.1033661586213,-97.11577822952688,680.0732430519478,False,dwarf
15.57889715627,-33.80083263767,110.88999938964844,0.699999988079071,Walker+2023 (m2fshi),,,,,,,,,673.8741717456907,-137.539045748045,687.7669579524909,True,dwarf
15.53529503956,-33.86462968111,101.9800033569336,0.6800000071525574,Walker+2023 (m2fshi),,,,,,,,,619.4318980687647,-233.29733339971835,661.9089983649503,True,dwarf
15.51745999969,-33.88514084913,104.3499984741211,1.0099999904632568,Walker+2023 (m2fshi),,,,,,,,,597.1627929218873,-264.08425112228963,652.9501458312797,True,dwarf
15.39689570232,-33.72723583905,127.55000305175781,1.0199999809265137,Walker+2023 (m2fshi),,,,,,,,,446.62435652578404,-27.071490631278337,447.44405398560167,True,dwarf
15.51515033126,-33.79044230776,109.08000183105469,0.6399999856948853,Walker+2023 (m2fshi),,,,,,,,,594.2789053894218,-121.94333556042847,606.6610210640309,True,dwarf
15.41811527453,-33.80996947673,96.37999725341797,0.41999998688697815,Walker+2023 (m2fshi),,,,,,,,,473.1194408183113,-151.2532872827197,496.7087297340973,True,dwarf
15.44405361928,-33.83697605194,17.020000457763672,0.7300000190734863,Walker+2023 (m2fshi),,,,,,,,,505.50645709548326,-191.78970179349574,540.6663184250206,True,dwarf
15.4587748498,-33.89527980994,107.83000183105469,0.5600000023841858,Walker+2023 (m2fshi),,,,,,,,,523.8876119866895,-279.30266052468824,593.6903285125044,True,dwarf
15.32436627427,-33.72270894609,118.45999908447266,1.0299999713897705,Walker+2023 (m2fshi),,,,,,,,,356.06299690666435,-20.276700546061566,356.63987767941757,True,dwarf
15.32088096312,-33.69941633689,109.29000091552734,1.2000000476837158,Walker+2023 (m2fshi),,,,,,,,,351.71118378851907,14.685113539080863,352.0176264927328,True,dwarf
15.32307667923,-33.62827197677,109.26000213623047,0.9300000071525574,Walker+2023 (m2fshi),,,,,,,,,354.4527887012459,121.47159977447375,374.6893766439876,True,dwarf
15.32925739877,-33.61303286159,,,Walker+2023 (m2fshi),,,,,,,,,362.1701301999391,144.34525498290384,389.875308073133,False,dwarf
15.32042566052,-33.48246127171,57.540000915527344,0.5199999809265137,Walker+2023 (m2fshi),,,,,,,,,351.1426859580145,340.3310121382996,489.0055048001896,True,dwarf
15.34508270662,-33.47027892229,114.91000366210938,0.9700000286102295,Walker+2023 (m2fshi),,,,,,,,,381.9298530299497,358.6165134269388,523.9047779300861,True,dwarf
15.32629078474,-33.4687610904,175.75999450683594,1.1100000143051147,Walker+2023 (m2fshi),,,,,,,,,358.4659702851975,360.89475352855163,508.6677451705997,True,dwarf
15.38182169623,-33.60132704677,99.58000183105469,0.949999988079071,Walker+2023 (m2fshi),,,,,,,,,427.8027206309542,161.91548586334736,457.4186182717206,True,dwarf
15.36650760054,-33.59030544196,109.94999694824219,0.44999998807907104,Walker+2023 (m2fshi),,,,,,,,,408.68130516814955,178.45872904312876,445.9461034313799,True,dwarf
15.36378837081,-33.56107808153,107.93000030517578,0.9399999976158142,Walker+2023 (m2fshi),,,,,,,,,405.2860330960194,222.32850476380017,462.26262303285444,True,dwarf
15.36823300048,-33.55919856598,117.91000366210938,0.9700000286102295,Walker+2023 (m2fshi),,,,,,,,,410.8356660759076,225.1496259471355,468.48511031213116,True,dwarf
15.35855066845,-33.54598111017,44.0099983215332,0.6100000143051147,Walker+2023 (m2fshi),,,,,,,,,398.74615735517483,244.9888044925752,467.9936028753161,True,dwarf
15.37124868689,-33.51209576405,103.23999786376953,0.7300000190734863,Walker+2023 (m2fshi),,,,,,,,,414.6010985192261,295.85013827814686,509.334247044657,True,dwarf
15.27202150413,-33.72913553257,118.12000274658203,0.8700000047683716,Walker+2023 (m2fshi),,,,,,,,,290.7045116644988,-29.922898607712245,292.24047112469236,True,dwarf
15.27466948532,-33.73751442798,122.80999755859375,0.8500000238418579,Walker+2023 (m2fshi),,,,,,,,,294.01082171353346,-42.499479490008426,297.06660707926903,True,dwarf
15.28092471164,-33.74906924572,107.83000183105469,0.7099999785423279,Walker+2023 (m2fshi),,,,,,,,,301.821193523909,-59.84306629665603,307.6966451620539,True,dwarf
15.28395935648,-33.82562701118,117.81999969482422,0.8399999737739563,Walker+2023 (m2fshi),,,,,,,,,305.61029775456785,-174.75498276787116,352.0468123642573,True,dwarf
15.28972206725,-33.83782519238,103.8499984741211,0.6899999976158142,Walker+2023 (m2fshi),,,,,,,,,312.8057070726045,-193.06424729162842,367.58837571320873,True,dwarf
15.29415534823,-33.90285162405,120.1500015258789,1.9500000476837158,Walker+2023 (m2fshi),,,,,,,,,318.3411699035756,-290.6678259695839,431.07874629754303,True,dwarf
15.29083703441,-33.94313714153,116.19999694824219,1.9500000476837158,Walker+2023 (m2fshi),,,,,,,,,314.1978722206697,-351.1357091666139,471.1863635122913,True,dwarf
15.29292834524,-33.95276085264,,,Walker+2023 (m2fshi),,,,,,,,,316.80911509467154,-365.58073744781126,483.753336939348,False,dwarf
15.24974458884,-33.7483877409,116.33000183105469,0.550000011920929,Walker+2023 (m2fshi),,,,,,,,,262.8892125366554,-58.82013904061445,269.38921066906147,True,dwarf
15.26080017044,-33.77389795411,118.05999755859375,0.9100000262260437,Walker+2023 (m2fshi),,,,,,,,,276.69338179586714,-97.11053939303893,293.23997747721995,True,dwarf
15.26482827417,-33.8049966128,113.5199966430664,0.7200000286102295,Walker+2023 (m2fshi),,,,,,,,,281.72293407944903,-143.78910228315277,316.2959334574641,True,dwarf
15.25953564167,-33.80850798308,110.44000244140625,1.0499999523162842,Walker+2023 (m2fshi),,,,,,,,,275.11447172077675,-149.05960993042356,312.90052710535997,True,dwarf
15.26856721758,-33.81351771049,112.91999816894531,0.7699999809265137,Walker+2023 (m2fshi),,,,,,,,,286.3914363391786,-156.5791263925711,326.40018019339163,True,dwarf
15.24268551634,-33.8810406259,86.69999694824219,1.1699999570846558,Walker+2023 (m2fshi),,,,,,,,,254.07514601996687,-257.9298851152865,362.05248992466875,True,dwarf
15.2709025478,-33.92219909999,112.75,1.2799999713897705,Walker+2023 (m2fshi),,,,,,,,,289.3073655774066,-319.70806148047814,431.1751342006452,True,dwarf
15.18660588674,-33.70457629647,107.16999816894531,1.7100000381469727,Walker+2023 (m2fshi),,,,,,,,,184.0532578008668,6.9401011201704055,184.18405661367794,True,dwarf
15.18822055224,-33.69059450849,120.29000091552734,0.8600000143051147,Walker+2023 (m2fshi),,,,,,,,,186.06935398336208,27.92652937891482,188.15338300157427,True,dwarf
15.1700885009,-33.67565975242,98.95999908447266,0.7900000214576721,Walker+2023 (m2fshi),,,,,,,,,163.42939574596514,50.343346689626365,171.00766050035068,True,dwarf
15.16673582964,-33.64466987063,107.22000122070312,1.1200000047683716,Walker+2023 (m2fshi),,,,,,,,,159.2431988349367,96.85863728502464,186.3866733216062,True,dwarf
15.18777815228,-33.64331020083,89.48999786376953,0.8199999928474426,Walker+2023 (m2fshi),,,,,,,,,185.51696658764897,98.89947875350869,210.23237569318047,True,dwarf
15.18273652047,-33.62887520507,113.20999908447266,1.0800000429153442,Walker+2023 (m2fshi),,,,,,,,,179.2219075517768,120.56616425652345,216.00160210060625,True,dwarf
15.18522572018,-33.59822859446,122.27999877929688,1.350000023841858,Walker+2023 (m2fshi),,,,,,,,,182.32996060226696,166.5662105925516,246.9585330463122,True,dwarf
15.16965301106,-33.57044472349,103.98999786376953,1.0299999713897705,Walker+2023 (m2fshi),,,,,,,,,162.88563643238754,208.26933294685813,264.40091830799906,True,dwarf
15.19571010538,-33.72221809523,107.16000366210938,1.4299999475479126,Walker+2023 (m2fshi),,,,,,,,,195.42092524944522,-19.539941672740866,196.39538524599647,True,dwarf
15.20063964117,-33.70370821467,108.0999984741211,1.4299999475479126,Walker+2023 (m2fshi),,,,,,,,,201.5760194703147,8.243077280624789,201.74449174277606,True,dwarf
15.20622629664,-33.67718641892,105.55000305175781,0.7200000286102295,Walker+2023 (m2fshi),,,,,,,,,208.55160343242812,48.051845987213014,214.0157732435056,True,dwarf
15.21631855675,-33.67677831459,118.51000213623047,1.100000023841858,Walker+2023 (m2fshi),,,,,,,,,221.15295465997704,48.66440371271974,226.44393024223996,True,dwarf
15.19240983904,-33.65543811269,113.54000091552734,0.75,Walker+2023 (m2fshi),,,,,,,,,191.3001619276993,80.69568732552956,207.6235678012099,True,dwarf
15.21258106809,-33.63906151377,117.33000183105469,0.8899999856948853,Walker+2023 (m2fshi),,,,,,,,,216.48626882347273,105.27668646871757,240.72699329934224,True,dwarf
15.19186262358,-33.6025485583,125.06999969482422,1.2200000286102295,Walker+2023 (m2fshi),,,,,,,,,190.6169002862613,160.08201763108065,248.91977632076586,True,dwarf
15.19513117683,-33.56988778538,110.55000305175781,0.8700000047683716,Walker+2023 (m2fshi),,,,,,,,,194.69806615597324,209.10528766930292,285.7137698749181,True,dwarf
15.12791703017,-33.75895638099,116.83000183105469,0.6399999856948853,Walker+2023 (m2fshi),,,,,,,,,110.77344864799761,-74.68348980508988,133.59783147505624,True,dwarf
15.13035499855,-33.77722435633,106.48999786376953,0.8399999737739563,Walker+2023 (m2fshi),,,,,,,,,113.81753347173701,-102.10341309772187,152.90368828708486,True,dwarf
15.12719189386,-33.78029906237,109.62000274658203,1.5,Walker+2023 (m2fshi),,,,,,,,,109.86803229620307,-106.71849507560727,153.16599397987116,True,dwarf
15.13775407239,-33.81117609963,113.4800033569336,0.9700000286102295,Walker+2023 (m2fshi),,,,,,,,,123.05613089195556,-153.06440793214193,196.39634499072343,True,dwarf
15.12359584097,-33.81400500438,119.36000061035156,0.7300000190734863,Walker+2023 (m2fshi),,,,,,,,,105.37794533789922,-157.3105463138311,189.3439181626737,True,dwarf
15.13657017799,-33.81970652107,116.63999938964844,0.949999988079071,Walker+2023 (m2fshi),,,,,,,,,121.57790213168228,-165.8684268332591,205.65388716696103,True,dwarf
15.13406884444,-33.83377573058,113.36000061035156,0.8399999737739563,Walker+2023 (m2fshi),,,,,,,,,118.4546985819086,-186.98607333605798,221.34883608857868,True,dwarf
15.10989606872,-33.75681513227,102.38999938964844,0.7200000286102295,Walker+2023 (m2fshi),,,,,,,,,88.27219895620965,-71.46951154203451,113.5776042563923,True,dwarf
15.10306117782,-33.761094657,99.61000061035156,1.5199999809265137,Walker+2023 (m2fshi),,,,,,,,,79.73804903397921,-77.89300608051452,111.46962303697069,True,dwarf
15.11261057997,-33.77855683362,105.12999725341797,1.2200000286102295,Walker+2023 (m2fshi),,,,,,,,,91.66157946162114,-104.1034390667197,138.7060603395443,True,dwarf
15.11448366225,-33.78557161871,118.31999969482422,1.2200000286102295,Walker+2023 (m2fshi),,,,,,,,,94.00033881097588,-114.63251333478519,148.2453264357024,True,dwarf
15.11778973599,-33.81384428255,100.94000244140625,0.9200000166893005,Walker+2023 (m2fshi),,,,,,,,,98.12835334169839,-157.06930555408704,185.20243107690666,True,dwarf
15.12008570203,-33.83141576742,131.3699951171875,1.5,Walker+2023 (m2fshi),,,,,,,,,100.9951318592187,-183.44380838243367,209.40784964540373,True,dwarf
15.12070929351,-33.83711438863,127.4800033569336,1.5700000524520874,Walker+2023 (m2fshi),,,,,,,,,101.77375777416324,-191.9973428351407,217.30365258602674,True,dwarf
15.10092604786,-33.85132285905,103.20999908447266,2.430000066757202,Walker+2023 (m2fshi),,,,,,,,,77.07209292016849,-213.32401761824715,226.8198492193426,True,dwarf
15.13979384289,-33.7237116778,101.19000244140625,0.6200000047683716,Walker+2023 (m2fshi),,,,,,,,,125.60301971704573,-21.781783953475077,127.47770265515629,True,dwarf
15.15362306125,-33.71034495412,110.95999908447266,0.949999988079071,Walker+2023 (m2fshi),,,,,,,,,142.87039450301623,-1.718556849332753,142.88073020212306,True,dwarf
15.14834454996,-33.65291987388,114.98999786376953,0.8799999952316284,Walker+2023 (m2fshi),,,,,,,,,136.2795641043819,84.47552136392056,160.33787232649226,True,dwarf
15.14130645749,-33.6256878859,110.55999755859375,0.8700000047683716,Walker+2023 (m2fshi),,,,,,,,,127.49169357590199,125.35027664577547,178.79268381570913,True,dwarf
15.15512780004,-33.60847649669,109.2300033569336,1.1200000047683716,Walker+2023 (m2fshi),,,,,,,,,144.7492345043481,151.18428195364285,209.30606297819787,True,dwarf
15.14213136788,-33.58578776624,124.55000305175781,1.6399999856948853,Walker+2023 (m2fshi),,,,,,,,,128.52168937885656,185.23968420634617,225.45856658300244,True,dwarf
15.15282382658,-33.51740436766,113.47000122070312,1.190000057220459,Walker+2023 (m2fshi),,,,,,,,,141.87245779903157,287.8820136738665,320.94212574677425,True,dwarf
15.15513623501,-33.72322642371,107.72000122070312,0.6499999761581421,Walker+2023 (m2fshi),,,,,,,,,144.75976653764832,-21.053425737667332,146.282728793682,True,dwarf
15.16133213193,-33.72127250964,123.06999969482422,1.75,Walker+2023 (m2fshi),,,,,,,,,152.49605874648788,-18.120633628923024,153.56889429935327,True,dwarf
15.15470980558,-33.69648391378,117.75,0.7300000190734863,Walker+2023 (m2fshi),,,,,,,,,144.2273201913729,19.08663123555354,145.48477371019558,True,dwarf
15.15847008663,-33.68476721634,114.22000122070312,0.9300000071525574,Walker+2023 (m2fshi),,,,,,,,,148.9224649566592,36.673196745327544,153.37152254668692,True,dwarf
15.15638520984,-33.67667928948,97.87000274658203,1.0700000524520874,Walker+2023 (m2fshi),,,,,,,,,146.3192557239796,48.813038734929926,154.24667693716162,True,dwarf
15.16234816003,-33.67442343909,100.87000274658203,1.0099999904632568,Walker+2023 (m2fshi),,,,,,,,,153.76468706220876,52.199032174386815,162.38324404716658,True,dwarf
15.16555875884,-33.65344049004,116.97000122070312,1.6799999475479126,Walker+2023 (m2fshi),,,,,,,,,157.7734901265969,83.69408527664856,178.59779981013844,True,dwarf
15.16424870508,-33.58485939202,120.47000122070312,0.8700000047683716,Walker+2023 (m2fshi),,,,,,,,,156.13773684866115,186.6331582737013,243.3329583830316,True,dwarf
15.07502293657,-33.73694251455,110.30999755859375,0.9700000286102295,Walker+2023 (m2fshi),,,,,,,,,44.72906968316459,-41.641047064479906,61.111917621259636,True,dwarf
15.06359657733,-33.76386493005,124.7300033569336,1.6799999475479126,Walker+2023 (m2fshi),,,,,,,,,30.46194175879054,-82.05113926805852,87.52325034470717,True,dwarf
15.07442299276,-33.76474813125,106.31999969482422,0.5600000023841858,Walker+2023 (m2fshi),,,,,,,,,43.97997061276907,-83.3768093932572,94.26521182122053,True,dwarf
15.05826263567,-33.76464553374,112.4800033569336,0.800000011920929,Walker+2023 (m2fshi),,,,,,,,,23.801900147466483,-83.22281225882122,86.55961489572934,True,dwarf
15.06279042446,-33.76811963851,100.58000183105469,1.190000057220459,Walker+2023 (m2fshi),,,,,,,,,29.455366883863526,-88.4373850032536,93.21367766844472,True,dwarf
15.05755285688,-33.77015195739,95.94999694824219,1.149999976158142,Walker+2023 (m2fshi),,,,,,,,,22.91565943139551,-91.48786141120114,94.31413591170123,True,dwarf
15.05833791705,-33.78329407886,129.8800048828125,0.5899999737739563,Walker+2023 (m2fshi),,,,,,,,,23.895897636624856,-111.21396438118647,113.75218590093057,True,dwarf
15.07151607362,-33.83080731871,100.0,1.2699999809265137,Walker+2023 (m2fshi),,,,,,,,,40.35034665599587,-182.53053711699653,186.9372821442483,True,dwarf
15.03033653683,-33.72674693896,111.87000274658203,1.5800000429153442,Walker+2023 (m2fshi),,,,,,,,,-11.067056465078572,-26.337659830864002,28.56837524549733,True,dwarf
15.04154929518,-33.73189578825,113.5199966430664,0.8999999761581421,Walker+2023 (m2fshi),,,,,,,,,2.9333661021085438,-34.065995891626514,34.1920562817932,True,dwarf
15.05392852624,-33.73338161813,112.73999786376953,1.6200000047683716,Walker+2023 (m2fshi),,,,,,,,,18.390264439431547,-36.296201515245706,40.68926235000513,True,dwarf
15.03655895777,-33.73707281691,123.05999755859375,0.9399999976158142,Walker+2023 (m2fshi),,,,,,,,,-3.2976459568304533,-41.836628712113686,41.96639096767621,True,dwarf
15.04191586665,-33.74309226915,93.75,1.3899999856948853,Walker+2023 (m2fshi),,,,,,,,,3.3910728787015434,-50.87172513700477,50.984623110145954,True,dwarf
15.04077612809,-33.77516863498,119.54000091552734,1.1100000143051147,Walker+2023 (m2fshi),,,,,,,,,1.9679777795271443,-99.0178099764607,99.03736481285834,True,dwarf
15.05364294897,-33.78278903704,115.69999694824219,1.940000057220459,Walker+2023 (m2fshi),,,,,,,,,18.033688266932128,-110.45590511592063,111.91836706942318,True,dwarf
15.05583243307,-33.79027583697,114.04000091552734,1.5800000429153442,Walker+2023 (m2fshi),,,,,,,,,20.76751179610343,-121.69346570854556,123.45278102318412,True,dwarf
15.08596162321,-33.72359063257,120.62000274658203,1.1399999856948853,Walker+2023 (m2fshi),,,,,,,,,58.38728209707011,-21.600097102051574,62.254629590905935,True,dwarf
15.09204926016,-33.7109838241,117.2699966430664,1.340000033378601,Walker+2023 (m2fshi),,,,,,,,,65.98839924195437,-2.677489928635479,66.04269669564916,True,dwarf
15.0826869722,-33.69894402825,100.0199966430664,0.9399999976158142,Walker+2023 (m2fshi),,,,,,,,,54.298502470415556,15.394040852498847,56.43849629728035,True,dwarf
15.09212639192,-33.65312596905,112.16999816894531,1.0399999618530273,Walker+2023 (m2fshi),,,,,,,,,66.08470714404798,84.16617598506804,107.00997008813725,True,dwarf
15.09323857304,-33.63550631285,116.58000183105469,2.0899999141693115,Walker+2023 (m2fshi),,,,,,,,,67.47339359970779,110.6129831683873,129.56809363910168,True,dwarf
15.08104321463,-33.59873795861,118.47000122070312,1.190000057220459,Walker+2023 (m2fshi),,,,,,,,,52.24608148177993,165.8016635827533,173.8385592353126,True,dwarf
15.08170617745,-33.59019753129,115.30999755859375,1.0199999809265137,Walker+2023 (m2fshi),,,,,,,,,53.07386705751567,178.62070114122952,186.33891230932758,True,dwarf
15.08331273331,-33.5852885648,127.19999694824219,1.899999976158142,Walker+2023 (m2fshi),,,,,,,,,55.07983741875079,185.98897715959305,193.97342115596055,True,dwarf
15.09689277078,-33.70874235973,111.93000030517578,0.8299999833106995,Walker+2023 (m2fshi),,,,,,,,,72.03608111219451,0.6869103370976681,72.03935610354856,True,dwarf
15.10648054898,-33.68517684293,106.56999969482422,0.5400000214576721,Walker+2023 (m2fshi),,,,,,,,,84.00752846622652,36.05835413319758,91.4191978842461,True,dwarf
15.10095806091,-33.68278883549,107.05000305175781,0.8899999856948853,Walker+2023 (m2fshi),,,,,,,,,77.11206490687053,39.6427130787389,86.70533578993066,True,dwarf
15.09406962868,-33.6791134072,105.69000244140625,1.5099999904632568,Walker+2023 (m2fshi),,,,,,,,,68.5110624563503,45.15946903574819,82.05573302633175,True,dwarf
15.1080867143,-33.67079804957,112.47000122070312,0.9200000166893005,Walker+2023 (m2fshi),,,,,,,,,86.01301119320874,57.640680780431495,103.54074644966906,True,dwarf
15.10028235982,-33.66061886427,108.05000305175781,1.1100000143051147,Walker+2023 (m2fshi),,,,,,,,,76.26837413125452,72.91946646482472,105.51830875321927,True,dwarf
15.09877163264,-33.63420338532,118.51000213623047,1.0399999618530273,Walker+2023 (m2fshi),,,,,,,,,74.38205693404572,112.568655445336,134.92365464406305,True,dwarf
15.10137895499,-33.61520854104,126.4800033569336,0.9800000190734863,Walker+2023 (m2fshi),,,,,,,,,77.63759972998173,141.07959677404102,161.03120665808495,True,dwarf
14.52060652016,-33.52297279504,111.12000274658203,0.9100000262260437,Walker+2023 (m2fshi),,,,,,,,,-647.5237967069552,279.5238979670951,705.2805660419896,True,dwarf
14.54794856244,-33.51314806533,,,Walker+2023 (m2fshi),,,,,,,,,-613.384102100053,294.27065178108535,680.3199785459435,False,dwarf
14.5824970293,-33.45315224129,75.88999938964844,1.899999976158142,Walker+2023 (m2fshi),,,,,,,,,-570.2463549025873,384.32337313836575,687.6666055728889,True,dwarf
14.56887597397,-33.43841204533,,,Walker+2023 (m2fshi),,,,,,,,,-587.2538141270259,406.44815900101474,714.1898544239154,False,dwarf
14.61282929876,-33.38117654146,,,Walker+2023 (m2fshi),,,,,,,,,-532.3730166386026,492.35768627598395,725.146274954182,False,dwarf
14.62942623281,-33.57859346357,,,Walker+2023 (m2fshi),,,,,,,,,-511.64982946496804,196.038211338323,547.9201842387812,False,dwarf
14.67605525746,-33.50162141454,114.43000030517578,1.1799999475479126,Walker+2023 (m2fshi),,,,,,,,,-453.4281119697439,311.5719604702132,550.1582856557726,True,dwarf
14.67578901424,-33.42931938044,113.6500015258789,1.2200000286102295,Walker+2023 (m2fshi),,,,,,,,,-453.76054734998894,420.0960958505562,618.3683077909485,True,dwarf
14.64475806409,-33.37661105203,96.12999725341797,1.6399999856948853,Walker+2023 (m2fshi),,,,,,,,,-492.50626907165275,499.2104090125722,701.2656112639339,True,dwarf
14.79874325738,-33.64155581523,93.36000061035156,1.4299999475479126,Walker+2023 (m2fshi),,,,,,,,,-300.23798789974666,101.53278198949222,316.94124880900904,True,dwarf
14.78980904612,-33.65170084627,110.30000305175781,0.8100000023841858,Walker+2023 (m2fshi),,,,,,,,,-311.3933815183525,86.30526127409976,323.1322270789852,True,dwarf
14.78666766899,-33.67257720973,110.37999725341797,1.7300000190734863,Walker+2023 (m2fshi),,,,,,,,,-315.31575332822007,54.97019134717651,320.07147050883515,True,dwarf
14.79616951872,-33.67760768975,,,Walker+2023 (m2fshi),,,,,,,,,-303.451597583713,47.4195255669696,307.1343085379818,False,dwarf
14.782773709,-33.72997024645,108.7300033569336,0.7400000095367432,Walker+2023 (m2fshi),,,,,,,,,-320.17781167443593,-31.175790082275334,321.69202815097026,True,dwarf
14.78642951902,-33.73647598987,,,Walker+2023 (m2fshi),,,,,,,,,-315.613111044341,-40.940801377602476,318.25741952156875,False,dwarf
14.79668122674,-33.74120348597,117.16000366210938,0.9300000071525574,Walker+2023 (m2fshi),,,,,,,,,-302.81267107808156,-48.03669339713102,306.5991482016419,True,dwarf
14.74032643585,-33.61295526155,94.30999755859375,0.8100000023841858,Walker+2023 (m2fshi),,,,,,,,,-373.1781299168234,144.46173133590068,400.1638520266211,True,dwarf
14.77022469601,-33.63197378958,121.5,1.4500000476837158,Walker+2023 (m2fshi),,,,,,,,,-335.84670234139446,115.91524109735984,355.2877011553429,True,dwarf
14.74568167726,-33.64217158932,108.23999786376953,1.4600000381469727,Walker+2023 (m2fshi),,,,,,,,,-366.49149310998195,100.60851545206573,380.05011235816323,True,dwarf
14.74480407595,-33.67699579295,105.69999694824219,1.4800000190734863,Walker+2023 (m2fshi),,,,,,,,,-367.5872796062183,48.337972357414216,370.7518950726028,True,dwarf
14.77905026388,-33.69753112257,,,Walker+2023 (m2fshi),,,,,,,,,-324.8269625308563,17.51478848020249,325.29882170479584,False,dwarf
14.74187141027,-33.70031393518,,,Walker+2023 (m2fshi),,,,,,,,,-371.2490510889055,13.337833624298634,371.488567442125,False,dwarf
14.75986006275,-33.70693266096,109.58999633789062,0.6800000071525574,Walker+2023 (m2fshi),,,,,,,,,-348.78814287408426,3.403237709601381,348.8047457195224,True,dwarf
14.77558140133,-33.73650238065,110.69000244140625,0.8999999761581421,Walker+2023 (m2fshi),,,,,,,,,-329.1582376740101,-40.98041349388004,331.6994719905196,True,dwarf
14.78570035397,-33.61225807831,101.83999633789062,1.1399999856948853,Walker+2023 (m2fshi),,,,,,,,,-316.5235577428768,145.50819163628591,348.3673297533372,True,dwarf
14.77905972365,-33.61215975506,114.23999786376953,1.5800000429153442,Walker+2023 (m2fshi),,,,,,,,,-324.81515091651033,145.65577317845003,355.9782107448818,True,dwarf
14.79696938818,-33.57764038566,-79.9000015258789,2.190000057220459,Walker+2023 (m2fshi),,,,,,,,,-302.45286827116774,197.4687652282774,361.2085973038805,True,dwarf
14.78309118454,-33.55902272666,101.62999725341797,1.7300000190734863,Walker+2023 (m2fshi),,,,,,,,,-319.7814068313128,225.41355780474692,391.24342831184725,True,dwarf
14.77741509477,-33.43647432698,104.04000091552734,1.0800000429153442,Walker+2023 (m2fshi),,,,,,,,,-326.86865983621607,409.3566416068197,523.8472876809979,True,dwarf
14.79297544101,-33.34666973992,90.80000305175781,0.9700000286102295,Walker+2023 (m2fshi),,,,,,,,,-307.4397721484867,544.1518141796331,624.9963282881744,True,dwarf
14.83349998041,-33.55157810376,117.54000091552734,1.5399999618530273,Walker+2023 (m2fshi),,,,,,,,,-256.84020884471295,236.58781138573403,349.2000649709095,True,dwarf
14.80188994283,-33.54368924193,117.62999725341797,0.9900000095367432,Walker+2023 (m2fshi),,,,,,,,,-296.3089880398655,248.42886011822384,386.672878455225,True,dwarf
14.82021154404,-33.52375823854,114.77999877929688,1.3799999952316284,Walker+2023 (m2fshi),,,,,,,,,-273.4323549188531,278.3449605030459,390.1809448882811,True,dwarf
14.80717752425,-33.47971558273,99.02999877929688,1.3300000429153442,Walker+2023 (m2fshi),,,,,,,,,-289.70683253738633,344.45224505084957,450.0859894946917,True,dwarf
14.83410941247,-33.42981168484,110.12000274658203,0.9100000262260437,Walker+2023 (m2fshi),,,,,,,,,-256.0792625994051,419.3571552381836,491.3624043238525,True,dwarf
14.81554611996,-33.36251839238,-0.5799999833106995,0.6800000071525574,Walker+2023 (m2fshi),,,,,,,,,-279.257675195653,520.3632537805436,590.5613981973045,True,dwarf
14.85195074507,-33.64806514489,115.62000274658203,1.2000000476837158,Walker+2023 (m2fshi),,,,,,,,,-233.80230025304073,91.76238780833357,251.16498844365233,True,dwarf
14.86135041269,-33.65178598524,,,Walker+2023 (m2fshi),,,,,,,,,-222.06573066299927,86.17746911416302,238.20105985871317,False,dwarf
14.86165575954,-33.65673358431,104.63999938964844,1.8300000429153442,Walker+2023 (m2fshi),,,,,,,,,-221.68446988878804,78.75120624390507,235.2567887962918,True,dwarf
14.86195186213,-33.67474830655,105.38999938964844,0.9200000166893005,Walker+2023 (m2fshi),,,,,,,,,-221.31475163982242,51.71141158875936,227.27580025576492,True,dwarf
14.86353525082,-33.68061982956,102.04000091552734,3.690000057220459,Walker+2023 (m2fshi),,,,,,,,,-219.33770816344187,42.898354446483154,223.49339819468335,True,dwarf
14.8532040666,-33.68439816181,108.2699966430664,1.659999966621399,Walker+2023 (m2fshi),,,,,,,,,-232.23738371022407,37.22714137875993,235.20217356096867,True,dwarf
14.86015087903,-33.70596668383,119.62999725341797,0.9800000190734863,Walker+2023 (m2fshi),,,,,,,,,-223.56348684389002,4.853153111506137,223.61615716428432,True,dwarf
14.85459282182,-33.71918198743,,,Walker+2023 (m2fshi),,,,,,,,,-230.50336257862583,-14.982795002973281,230.9897926449447,False,dwarf
14.84016963491,-33.64889689814,92.12000274658203,1.7100000381469727,Walker+2023 (m2fshi),,,,,,,,,-248.51237563343594,90.51394018953252,264.4828429437498,True,dwarf
14.8508410868,-33.65268011602,125.20999908447266,1.7799999713897705,Walker+2023 (m2fshi),,,,,,,,,-235.1878366393856,84.83539387347538,250.02072425457462,True,dwarf
14.8501723089,-33.65675029453,123.52999877929688,1.7999999523162842,Walker+2023 (m2fshi),,,,,,,,,-236.02288301346346,78.72612448514404,248.8063584043572,True,dwarf
14.84397521692,-33.67897246707,102.58999633789062,0.9599999785423279,Walker+2023 (m2fshi),,,,,,,,,-243.7606673926076,45.37101779698305,247.94715611118352,True,dwarf
14.84773553815,-33.69074641161,117.41999816894531,1.2200000286102295,Walker+2023 (m2fshi),,,,,,,,,-239.0654724579574,27.698525354339143,240.66472202703778,True,dwarf
14.843786254,-33.71551742916,,,Walker+2023 (m2fshi),,,,,,,,,-243.99660940143227,-9.4823547629026,244.18079459950295,False,dwarf
14.83879727127,-33.72245156989,,,Walker+2023 (m2fshi),,,,,,,,,-250.22592998608582,-19.89038320492087,251.01522539766412,False,dwarf
14.85091460666,-33.7313366514,,,Walker+2023 (m2fshi),,,,,,,,,-235.09603861119535,-33.226740897473576,237.43244024636672,False,dwarf
14.94838187114,-33.61172782387,116.86000061035156,1.7300000190734863,Walker+2023 (m2fshi),,,,,,,,,-113.39691279457115,146.30409461950066,185.10469452115842,True,dwarf
14.93942592846,-33.58956729609,108.04000091552734,1.2100000381469727,Walker+2023 (m2fshi),,,,,,,,,-124.57944059849157,179.5666735611885,218.55028545774888,True,dwarf
14.94398793751,-33.57476688604,107.93000030517578,1.7100000381469727,Walker+2023 (m2fshi),,,,,,,,,-118.88324591903209,201.78183975871656,234.1989261646121,True,dwarf
14.94884213424,-33.54034789412,107.25,1.75,Walker+2023 (m2fshi),,,,,,,,,-112.82222120745836,253.44416690175242,277.4216994661881,True,dwarf
14.94824170772,-33.45034253855,110.52999877929688,1.149999976158142,Walker+2023 (m2fshi),,,,,,,,,-113.57192299698691,388.5406896264936,404.79927024225816,True,dwarf
14.93900099587,-33.29411578278,102.5,1.1100000143051147,Walker+2023 (m2fshi),,,,,,,,,-125.11001796731139,623.0344186655063,635.4717959419178,True,dwarf
14.93242459203,-33.28915773894,-9.430000305175781,0.9599999785423279,Walker+2023 (m2fshi),,,,,,,,,-133.32141696999577,630.4763589596037,644.4183729766296,True,dwarf
14.96177239752,-33.60575201934,113.62999725341797,1.25,Walker+2023 (m2fshi),,,,,,,,,-96.67729556344538,155.27367656684655,182.91094585083596,True,dwarf
14.96672476291,-33.575103088,122.58999633789062,0.8999999761581421,Walker+2023 (m2fshi),,,,,,,,,-90.49369595281628,201.27720627951317,220.68444162397685,True,dwarf
14.96207137655,-33.54375099809,106.30000305175781,0.8399999737739563,Walker+2023 (m2fshi),,,,,,,,,-96.30398574724464,248.336165162242,266.3556055319539,True,dwarf
14.95538136572,-33.5329117731,108.37999725341797,1.1299999952316284,Walker+2023 (m2fshi),,,,,,,,,-104.65723618531352,264.6056593040749,284.5510358823047,True,dwarf
14.96168455213,-33.51166161494,,,Walker+2023 (m2fshi),,,,,,,,,-96.78698066876875,296.5017887797594,311.8990708171053,False,dwarf
14.95739467333,-33.46065690448,113.01000213623047,1.8200000524520874,Walker+2023 (m2fshi),,,,,,,,,-102.14338933176536,373.0590000933602,386.78972263342047,True,dwarf
14.95053185371,-33.4296698356,,,Walker+2023 (m2fshi),,,,,,,,,-110.71241148342908,419.57006855820487,433.9311932627255,False,dwarf
14.9003596833,-33.61920866136,103.83999633789062,0.75,Walker+2023 (m2fshi),,,,,,,,,-173.35815528054576,135.0754835488903,219.76905209387502,True,dwarf
14.89679036024,-33.6253680959,93.54000091552734,0.7599999904632568,Walker+2023 (m2fshi),,,,,,,,,-177.81486696191195,125.83027604945585,217.83338881669334,True,dwarf
14.89031446815,-33.63345947963,110.86000061035156,1.3600000143051147,Walker+2023 (m2fshi),,,,,,,,,-185.9007654473215,113.68524535620806,217.90692876914508,True,dwarf
14.89076554782,-33.65754044083,,,Walker+2023 (m2fshi),,,,,,,,,-185.33754043217965,77.54012819750233,200.9041447415531,False,dwarf
14.90923092236,-33.68728317187,,,Walker+2023 (m2fshi),,,,,,,,,-162.28138971958865,32.896789871754486,165.582149500444,False,dwarf
14.90858621255,-33.69244276986,105.81999969482422,0.800000011920929,Walker+2023 (m2fshi),,,,,,,,,-163.0863843062438,25.152320193339683,165.01456892405628,True,dwarf
14.8974720128,-33.69273050564,124.33000183105469,1.1299999952316284,Walker+2023 (m2fshi),,,,,,,,,-176.96374508930248,24.720433633975468,178.68202739806657,True,dwarf
14.89270212106,-33.72194496618,,,Walker+2023 (m2fshi),,,,,,,,,-182.91950529345831,-19.129979569082465,183.9171050639854,False,dwarf
14.8734594214,-33.63365863459,94.44000244140625,1.850000023841858,Walker+2023 (m2fshi),,,,,,,,,-206.9462361088542,113.38631711567193,235.97288307913126,True,dwarf
14.88721374613,-33.64844217149,,,Walker+2023 (m2fshi),,,,,,,,,-189.77237466142816,91.1964772321019,210.54774195935406,False,dwarf
14.86967796701,-33.64916304121,116.26000213623047,1.0199999809265137,Walker+2023 (m2fshi),,,,,,,,,-211.66781823217835,90.11446392419131,230.05191127985628,True,dwarf
14.88292026871,-33.67735336743,,,Walker+2023 (m2fshi),,,,,,,,,-195.13327661671318,47.80125908566579,200.90285217823475,False,dwarf
14.87760292618,-33.70192887411,131.13999938964844,0.9200000166893005,Walker+2023 (m2fshi),,,,,,,,,-201.7725922989705,10.913837491240086,202.06754032212044,True,dwarf
14.8647969767,-33.70367810121,,,Walker+2023 (m2fshi),,,,,,,,,-217.76229781992188,8.28827707687707,217.91997129385695,False,dwarf
14.8682495001,-33.71207519218,,,Walker+2023 (m2fshi),,,,,,,,,-213.45142399081598,-4.3156150345058375,213.49504663301477,False,dwarf
14.87278980195,-33.71571733036,93.20999908447266,3.799999952316284,Walker+2023 (m2fshi),,,,,,,,,-207.78233325520623,-9.782403097112757,208.0124838160729,True,dwarf
15.02767592554,-33.60403531959,,,Walker+2023 (m2fshi),,,,,,,,,-14.389136651263527,157.8504139767394,158.5048909220051,False,dwarf
15.03445463814,-33.60123072279,,,Walker+2023 (m2fshi),,,,,,,,,-5.925131818633769,162.06006653491477,162.168345716324,False,dwarf
15.02983073125,-33.58229183965,,,Walker+2023 (m2fshi),,,,,,,,,-11.698613093324486,190.48701113505763,190.8459037010616,False,dwarf
15.03652027484,-33.57388543497,,,Walker+2023 (m2fshi),,,,,,,,,-3.34594605830655,203.10488296825935,203.13244162510188,False,dwarf
15.04067963751,-33.56401124782,,,Walker+2023 (m2fshi),,,,,,,,,1.847498156975055,217.92587156666988,217.9337026426448,False,dwarf
15.02940458179,-33.55635853095,101.7300033569336,1.2400000095367432,Walker+2023 (m2fshi),,,,,,,,,-12.230709864744531,229.4124706916487,229.7382684113427,True,dwarf
15.04298526147,-33.55557599414,114.0199966430664,1.659999966621399,Walker+2023 (m2fshi),,,,,,,,,4.726335701980342,230.58704526296748,230.63547795660932,True,dwarf
15.04230985332,-33.45112415132,111.23999786376953,1.5,Walker+2023 (m2fshi),,,,,,,,,3.883010695757044,387.3675020236409,387.38696337912404,True,dwarf
15.0567556631,-33.60141106643,130.24000549316406,1.6399999856948853,Walker+2023 (m2fshi),,,,,,,,,21.920271014066472,161.78937376885116,163.26757101717152,True,dwarf
15.05603779546,-33.59356151997,,,Walker+2023 (m2fshi),,,,,,,,,21.023930435450392,173.5714107931612,174.84004202608443,False,dwarf
15.0448754978,-33.58509765701,,,Walker+2023 (m2fshi),,,,,,,,,7.0865138620555665,186.27552653686786,186.4102745701118,False,dwarf
15.06257850646,-33.5498667322,127.83000183105469,2.190000057220459,Walker+2023 (m2fshi),,,,,,,,,29.190762809024523,239.1565512721796,240.93143557820636,True,dwarf
15.06743194444,-33.54382388832,106.06999969482422,1.659999966621399,Walker+2023 (m2fshi),,,,,,,,,35.250840133678125,248.22675815471973,250.71726146025895,True,dwarf
15.08194196368,-33.54100269068,102.30999755859375,1.7100000381469727,Walker+2023 (m2fshi),,,,,,,,,53.36827337151027,252.4613282941175,258.0404907891132,True,dwarf
15.08533136719,-33.51076661874,107.41999816894531,2.0899999141693115,Walker+2023 (m2fshi),,,,,,,,,57.60033473495599,297.8451630012873,303.3637085823589,True,dwarf
14.97858411501,-33.61464756744,115.11000061035156,1.149999976158142,Walker+2023 (m2fshi),,,,,,,,,-75.68592648250896,141.92160869899516,160.84185550790704,True,dwarf
14.96264722817,-33.63471366658,93.83000183105469,1.6399999856948853,Walker+2023 (m2fshi),,,,,,,,,-95.58496855590388,111.80273186888856,147.09295383253314,True,dwarf
14.96905394287,-33.6411423454,,,Walker+2023 (m2fshi),,,,,,,,,-87.58544602383954,102.15339324013617,134.56049236558556,False,dwarf
14.96249282991,-33.64349265117,113.06999969482422,2.2100000381469727,Walker+2023 (m2fshi),,,,,,,,,-95.77775259852486,98.62562386623352,137.4786949888164,True,dwarf
14.96936828483,-33.64898106885,107.91000366210938,1.2999999523162842,Walker+2023 (m2fshi),,,,,,,,,-87.19295381690665,90.38760137154055,125.58873228525613,True,dwarf
14.96914066734,-33.66254095921,,,Walker+2023 (m2fshi),,,,,,,,,-87.47716051647386,70.03443433427647,112.05835803074672,False,dwarf
14.97197380829,-33.68651842569,120.94999694824219,1.9500000476837158,Walker+2023 (m2fshi),,,,,,,,,-83.9396571427001,34.04466100710191,90.58093057770233,True,dwarf
14.96627226449,-33.6961399918,,,Walker+2023 (m2fshi),,,,,,,,,-91.0586924410351,19.602852334758005,93.14481890437789,False,dwarf
14.95911460406,-33.61201823363,115.91999816894531,1.2699999809265137,Walker+2023 (m2fshi),,,,,,,,,-99.99585736374556,145.8681944611917,176.85220282845953,True,dwarf
14.94935299448,-33.65762121533,110.87999725341797,1.7300000190734863,Walker+2023 (m2fshi),,,,,,,,,-112.18435325297956,77.41888703350308,136.30485385449637,True,dwarf
14.95712927459,-33.67301228051,117.37000274658203,1.3799999952316284,Walker+2023 (m2fshi),,,,,,,,,-102.47477028128505,54.317157434423,115.98030925962405,True,dwarf
14.95679725499,-33.67826755704,,,Walker+2023 (m2fshi),,,,,,,,,-102.88933506146846,46.429075879008465,112.87991121705336,False,dwarf
14.94839933062,-33.68279342618,103.62999725341797,2.680000066757202,Walker+2023 (m2fshi),,,,,,,,,-113.37511261925569,39.63582253037457,120.10376592383878,True,dwarf
14.95540263314,-33.6881784363,99.80000305175781,1.4800000190734863,Walker+2023 (m2fshi),,,,,,,,,-104.63068135753296,31.55301304151603,109.28482105644716,True,dwarf
14.95101422618,-33.69748082928,,,Walker+2023 (m2fshi),,,,,,,,,-110.11011379681233,17.590277861383676,111.50630043000999,False,dwarf
14.94874552757,-33.70503356828,111.68000030517578,0.5600000023841858,Walker+2023 (m2fshi),,,,,,,,,-112.94284578176358,6.253743835319847,113.11585090181231,True,dwarf
15.02929563187,-33.61223718192,110.44999694824219,1.2999999523162842,Walker+2023 (m2fshi),,,,,,,,,-12.36674641088951,145.53955676570695,146.06402363467086,True,dwarf
15.01523558097,-33.613473982,,,Walker+2023 (m2fshi),,,,,,,,,-29.922342257313332,143.68314067740152,146.76577080874736,False,dwarf
15.03780537381,-33.61380194689,,,Walker+2023 (m2fshi),,,,,,,,,-1.7413517150558349,143.19087090152348,143.20145884498626,False,dwarf
15.02057844231,-33.61545606867,,,Walker+2023 (m2fshi),,,,,,,,,-23.25116339632182,140.7080619705907,142.61618177052017,False,dwarf
15.02748043584,-33.62810019999,106.81999969482422,2.819999933242798,Walker+2023 (m2fshi),,,,,,,,,-14.633228098001288,121.72943382797108,122.60581725451091,True,dwarf
15.04095097089,-33.63165400876,,,Walker+2023 (m2fshi),,,,,,,,,2.1862891892986,116.39522672201963,116.41575779974804,False,dwarf
15.02312439289,-33.63252302272,101.19999694824219,1.9900000095367432,Walker+2023 (m2fshi),,,,,,,,,-20.07225033652167,115.09085140510544,116.828075866737,True,dwarf
15.02200196588,-33.63933645188,,,Walker+2023 (m2fshi),,,,,,,,,-21.4737299680577,104.86400899647874,107.04009277628002,False,dwarf
15.00024417956,-33.62452030796,104.47000122070312,1.0800000429153442,Walker+2023 (m2fshi),,,,,,,,,-48.64083667794501,127.10279146786685,136.0920666007191,True,dwarf
15.01368772132,-33.63602636912,,,Walker+2023 (m2fshi),,,,,,,,,-31.85502362778808,109.83238746656431,114.35862830120188,False,dwarf
15.01393377706,-33.65596769681,,,Walker+2023 (m2fshi),,,,,,,,,-31.547794645628205,79.90079048133913,85.90343221632988,False,dwarf
14.98630800496,-33.65747961027,112.6500015258789,2.5899999141693115,Walker+2023 (m2fshi),,,,,,,,,-66.0417586705377,77.6314338434676,101.92229103042293,True,dwarf
14.99588867571,-33.66945837443,,,Walker+2023 (m2fshi),,,,,,,,,-54.07918578791032,59.65151060104424,80.51621608390333,False,dwarf
14.9927170258,-33.67505227924,,,Walker+2023 (m2fshi),,,,,,,,,-58.039356656590556,51.25515370097511,77.43163243805147,False,dwarf
14.98447637532,-33.67537012129,,,Walker+2023 (m2fshi),,,,,,,,,-68.32875961590194,50.77807813742763,85.13067960481942,False,dwarf
14.98870804115,-33.67562100788,,,Walker+2023 (m2fshi),,,,,,,,,-63.045036562764906,50.401501591599505,80.7154755786545,False,dwarf
14.97868866238,-33.60844553572,120.98999786376953,1.6100000143051147,Walker+2023 (m2fshi),,,,,,,,,-75.55538702802185,151.230753848133,169.05430316448252,True,dwarf
14.98868427848,-33.59733445696,,,Walker+2023 (m2fshi),,,,,,,,,-63.074706998078355,167.9082959198317,179.36447391162832,False,dwarf
14.97092949542,-33.58726051783,126.05999755859375,1.600000023841858,Walker+2023 (m2fshi),,,,,,,,,-85.2436022573604,183.02910887573032,201.9062317553745,True,dwarf
14.99110456438,-33.57392147163,117.69999694824219,1.440000057220459,Walker+2023 (m2fshi),,,,,,,,,-60.05270079088736,203.05079254857804,211.74501464470308,True,dwarf
14.98583544842,-33.56916867065,110.69000244140625,1.600000023841858,Walker+2023 (m2fshi),,,,,,,,,-66.63180003595136,210.1846667667764,220.49351672983911,True,dwarf
14.9695192005,-33.51083790054,117.41999816894531,1.1699999570846558,Walker+2023 (m2fshi),,,,,,,,,-87.00451818973139,297.73817022011383,310.18994856611454,True,dwarf
14.98128318612,-33.48899480179,112.97000122070312,1.659999966621399,Walker+2023 (m2fshi),,,,,,,,,-72.31582477341996,330.52429353432575,338.34285440810646,True,dwarf
15.00177397466,-33.60571351215,,,Walker+2023 (m2fshi),,,,,,,,,-46.73071098248934,155.331475210458,162.20858959989164,False,dwarf
15.01428088656,-33.6018241725,,,Walker+2023 (m2fshi),,,,,,,,,-31.11438838417065,161.16930851584144,164.14521367373308,False,dwarf
14.99349182546,-33.58823282794,92.29000091552734,1.1100000143051147,Walker+2023 (m2fshi),,,,,,,,,-57.07192988198843,181.56968777752834,190.3280239483501,True,dwarf
14.99896938823,-33.58672671942,125.5199966430664,1.5700000524520874,Walker+2023 (m2fshi),,,,,,,,,-50.232560743325514,183.8303312982217,190.56993693666857,True,dwarf
15.00208341858,-33.56526637474,105.25,4.139999866485596,Walker+2023 (m2fshi),,,,,,,,,-46.34433454365182,216.04194720020507,220.95682902854603,True,dwarf
15.02224276191,-33.47306920447,114.66999816894531,1.5199999809265137,Walker+2023 (m2fshi),,,,,,,,,-21.17306834071226,354.42834687227287,355.06020882319757,True,dwarf
15.02005694495,-33.4694351861,106.2300033569336,1.2300000190734863,Walker+2023 (m2fshi),,,,,,,,,-23.902313022469226,359.88294723683435,360.6758326803921,True,dwarf
15.00437119108,-33.43562944424,109.58000183105469,0.7900000214576721,Walker+2023 (m2fshi),,,,,,,,,-43.487786606220176,410.6247963689569,412.9211922110022,True,dwarf
14.93432827363,-33.62055729633,105.6500015258789,1.649999976158142,Walker+2023 (m2fshi),,,,,,,,,-130.94445083896292,133.0512051743622,186.6790625749653,True,dwarf
14.94334578482,-33.62275910115,95.2699966430664,1.2899999618530273,Walker+2023 (m2fshi),,,,,,,,,-119.68504764631571,129.74633322515893,176.51804897934613,True,dwarf
14.93706063998,-33.6374067579,99.93000030517578,2.0199999809265137,Walker+2023 (m2fshi),,,,,,,,,-127.53277618101566,107.76044715806843,166.96383731857594,True,dwarf
14.93473665383,-33.64041738741,106.55000305175781,4.269999980926514,Walker+2023 (m2fshi),,,,,,,,,-130.43454103893035,103.24154297245802,166.3489876475667,True,dwarf
14.92722426715,-33.66478241611,116.7699966430664,1.7799999713897705,Walker+2023 (m2fshi),,,,,,,,,-139.8146226143192,66.6700452808735,154.89681608909274,True,dwarf
14.94764996555,-33.67306044123,,,Walker+2023 (m2fshi),,,,,,,,,-114.31078137350754,54.244869004890674,126.52849699407477,False,dwarf
14.94385552213,-33.6792303668,115.94999694824219,1.4500000476837158,Walker+2023 (m2fshi),,,,,,,,,-119.04858179951059,44.98391464613039,127.26396742741092,True,dwarf
14.93750083721,-33.7073934068,95.86000061035156,0.9900000095367432,Walker+2023 (m2fshi),,,,,,,,,-126.98313914786736,2.7116659642312246,127.01208903150997,True,dwarf
14.92532835871,-33.6242346449,,,Walker+2023 (m2fshi),,,,,,,,,-142.18188305819407,127.53156690942214,190.99735188830863,False,dwarf
14.9100692803,-33.6244546405,111.83000183105469,1.0199999809265137,Walker+2023 (m2fshi),,,,,,,,,-161.23460309883376,127.20135721927073,205.3698675922614,True,dwarf
14.91086696049,-33.65324646319,111.12999725341797,1.5299999713897705,Walker+2023 (m2fshi),,,,,,,,,-160.23860734249115,83.98531631044648,180.9141913693528,True,dwarf
14.92407542793,-33.65863367722,104.29000091552734,3.440000057220459,Walker+2023 (m2fshi),,,,,,,,,-143.74631170455743,75.8991987897999,162.55365423637005,True,dwarf
14.91934469359,-33.65910975079,107.08999633789062,1.2799999713897705,Walker+2023 (m2fshi),,,,,,,,,-149.65317937669465,75.18462037987095,167.47776341717264,True,dwarf
14.91794815093,-33.66251865713,89.81999969482422,2.450000047683716,Walker+2023 (m2fshi),,,,,,,,,-151.39692402567104,70.06790938071306,166.82487982737655,True,dwarf
14.92560342408,-33.67626861741,116.69000244140625,1.5399999618530273,Walker+2023 (m2fshi),,,,,,,,,-141.83843220574565,49.429450594924205,150.20456529912784,True,dwarf
14.91957828345,-33.68802568698,97.55999755859375,1.8200000524520874,Walker+2023 (m2fshi),,,,,,,,,-149.3615154840679,31.782287198040883,152.7055208145279,True,dwarf
14.89182045429,-33.60433520458,102.75,1.2100000381469727,Walker+2023 (m2fshi),,,,,,,,,-184.0203679855928,157.40029165779657,242.1535621202224,True,dwarf
14.91224878857,-33.60382136633,117.94000244140625,0.7200000286102295,Walker+2023 (m2fshi),,,,,,,,,-158.51323554446287,158.17155421632333,223.93009267622267,True,dwarf
14.8865731935,-33.60309705821,91.31999969482422,0.8299999833106995,Walker+2023 (m2fshi),,,,,,,,,-190.57217852918302,159.25872850471646,248.3567954260519,True,dwarf
14.91266097044,-33.60018702428,107.8499984741211,1.4700000286102295,Walker+2023 (m2fshi),,,,,,,,,-157.99857892078663,163.62664041912134,227.4581904347181,True,dwarf
14.89833426143,-33.57065172022,104.16000366210938,1.3899999856948853,Walker+2023 (m2fshi),,,,,,,,,-175.88712818548777,207.95863434163354,272.36570169273415,True,dwarf
14.90479225486,-33.55845203985,108.63999938964844,1.1699999570846558,Walker+2023 (m2fshi),,,,,,,,,-167.823578242299,226.27014909430332,281.7142768572571,True,dwarf
14.89323230279,-33.51135860956,109.5199966430664,1.5299999713897705,Walker+2023 (m2fshi),,,,,,,,,-182.2575122293315,296.95659475154224,348.42649143033975,True,dwarf
14.89592615967,-33.4229442947,,,Walker+2023 (m2fshi),,,,,,,,,-178.89392108803952,429.66499216890753,465.4192094206696,False,dwarf
14.92630746717,-33.59645890132,,,Walker+2023 (m2fshi),,,,,,,,,-140.95935317293078,169.22249018824087,220.2403015627256,False,dwarf
14.93472205846,-33.56161521294,110.76000213623047,0.9300000071525574,Walker+2023 (m2fshi),,,,,,,,,-130.45276504243725,221.52227956445225,257.0798402260447,True,dwarf
14.91727476501,-33.55545858253,117.66000366210938,0.8299999833106995,Walker+2023 (m2fshi),,,,,,,,,-152.23772404441297,230.7632781119806,276.4561721995191,True,dwarf
14.91934023947,-33.51663867048,101.62000274658203,1.3200000524520874,Walker+2023 (m2fshi),,,,,,,,,-149.65874085944418,289.0313122441912,325.4793974635467,True,dwarf
14.93134247626,-33.51529425691,,,Walker+2023 (m2fshi),,,,,,,,,-134.67256336713646,291.04925436841444,320.6966912711845,False,dwarf
14.93195196022,-33.40569813438,110.55999755859375,1.440000057220459,Walker+2023 (m2fshi),,,,,,,,,-133.9115523186879,455.5511883272354,474.82543005904495,True,dwarf
14.82892696675,-33.64203891147,99.37000274658203,1.5299999713897705,Walker+2023 (m2fshi),,,,,,,,,-262.5501440495076,100.80766267018215,281.237911728562,True,dwarf
14.83593201135,-33.66818891664,94.9000015258789,1.6200000047683716,Walker+2023 (m2fshi),,,,,,,,,-253.8035375999021,61.556945362005735,261.16181424650483,True,dwarf
14.8307799014,-33.671638368,106.36000061035156,1.7899999618530273,Walker+2023 (m2fshi),,,,,,,,,-260.2365413409153,56.37937697072659,266.2737155572987,True,dwarf
14.82213832498,-33.67901852664,116.73999786376953,1.8200000524520874,Walker+2023 (m2fshi),,,,,,,,,-271.0265465965482,45.301883158208824,274.7865527600121,True,dwarf
14.834323457,-33.68165599,115.98999786376953,0.5799999833106995,Walker+2023 (m2fshi),,,,,,,,,-255.81200330649278,41.34309507838574,259.1313036789294,True,dwarf
14.83611766184,-33.70526154601,,,Walker+2023 (m2fshi),,,,,,,,,-253.57173154213362,5.911553102489586,253.64063061220975,False,dwarf
14.82845100595,-33.71990934283,115.41000366210938,2.0,Walker+2023 (m2fshi),,,,,,,,,-263.14443602632673,-16.074543207320822,263.63494675580773,True,dwarf
14.83166985551,-33.74007231748,115.61000061035156,0.800000011920929,Walker+2023 (m2fshi),,,,,,,,,-259.12533094856593,-46.33882854624538,263.2360616827454,True,dwarf
14.8024383393,-33.61477453286,110.27999877929688,0.7799999713897705,Walker+2023 (m2fshi),,,,,,,,,-295.62425177117126,141.73103574210288,327.84353696206074,True,dwarf
14.8216850255,-33.63518569589,111.55999755859375,1.2300000190734863,Walker+2023 (m2fshi),,,,,,,,,-271.59254330060367,111.0942238250976,293.43557409385653,True,dwarf
14.81307690877,-33.63702338282,111.62999725341797,0.9800000190734863,Walker+2023 (m2fshi),,,,,,,,,-282.3407702725773,108.33588669585636,302.41192916994805,True,dwarf
14.8068015021,-33.6559212657,92.55999755859375,1.5399999618530273,Walker+2023 (m2fshi),,,,,,,,,-290.1763395784116,79.97048279539554,300.9943291320524,True,dwarf
14.8148480106,-33.7230107231,,,Walker+2023 (m2fshi),,,,,,,,,-280.12934528190954,-20.729662755163638,280.8952990101723,False,dwarf
14.81574841606,-33.73024195926,,,Walker+2023 (m2fshi),,,,,,,,,-279.0050851731753,-31.5836264335434,280.78704209985267,False,dwarf
14.80570910713,-33.73735291448,,,Walker+2023 (m2fshi),,,,,,,,,-291.5403207428031,-42.25705044691619,294.5868580423942,False,dwarf
14.85201640439,-33.60016231599,,,Walker+2023 (m2fshi),,,,,,,,,-233.72031701602333,163.66372714624023,285.32613299427976,False,dwarf
14.84643025077,-33.57196006519,108.9000015258789,0.7599999904632568,Walker+2023 (m2fshi),,,,,,,,,-240.6952743605023,205.994830578496,316.8092254410227,True,dwarf
14.84577463347,-33.55819202898,118.73999786376953,0.800000011920929,Walker+2023 (m2fshi),,,,,,,,,-241.51388820696758,226.66042103073792,331.2157977190687,True,dwarf
14.85115839796,-33.55776824149,117.62999725341797,1.1200000047683716,Walker+2023 (m2fshi),,,,,,,,,-234.79163704365533,227.2965189152576,326.7886478086925,True,dwarf
14.85537433826,-33.44202213602,123.70999908447266,1.1699999570846558,Walker+2023 (m2fshi),,,,,,,,,-229.52754912919045,401.02947368110307,462.06875524124706,True,dwarf
14.84829055456,-33.40193601373,105.72000122070312,0.8199999928474426,Walker+2023 (m2fshi),,,,,,,,,-238.37247043034256,461.19806805641537,519.1580613243277,True,dwarf
14.84964378781,-33.38416526978,100.69000244140625,0.75,Walker+2023 (m2fshi),,,,,,,,,-236.68280257693817,487.8716554076634,542.2522486683553,True,dwarf
14.84708605085,-33.33050223224,111.66000366210938,0.7099999785423279,Walker+2023 (m2fshi),,,,,,,,,-239.8764322921188,568.4189708933753,616.9609624933164,True,dwarf
14.86845748772,-33.58981776152,101.11000061035156,0.8100000023841858,Walker+2023 (m2fshi),,,,,,,,,-213.19172744890648,179.19072916942525,278.49601446505324,True,dwarf
14.85822570885,-33.56069940416,119.69999694824219,0.8199999928474426,Walker+2023 (m2fshi),,,,,,,,,-225.96728394647786,222.89689311800086,317.40232887583807,True,dwarf
14.86007424752,-33.5395152799,91.52999877929688,0.9300000071525574,Walker+2023 (m2fshi),,,,,,,,,-223.65917012613812,254.693906822014,338.95783005231425,True,dwarf
14.88575745393,-33.49096223672,,,Walker+2023 (m2fshi),,,,,,,,,-191.59072350520964,327.57120684245547,379.48636455803313,False,dwarf
14.87033555574,-33.47969408894,102.4000015258789,1.100000023841858,Walker+2023 (m2fshi),,,,,,,,,-210.84674282789004,344.4845068676152,403.88850495273374,True,dwarf
14.85813668488,-33.42398534889,108.29000091552734,1.149999976158142,Walker+2023 (m2fshi),,,,,,,,,-226.07844064492085,428.102387364492,484.1312997437953,True,dwarf
14.8767314882,-33.39220882712,110.81999969482422,0.7400000095367432,Walker+2023 (m2fshi),,,,,,,,,-202.86068316655698,475.7984113202529,517.2393884746973,True,dwarf
14.85651937474,-33.37096455495,91.5999984741211,1.0199999809265137,Walker+2023 (m2fshi),,,,,,,,,-228.09783896560288,507.68570602409557,556.5729064929072,True,dwarf
14.70756092585,-33.62200810625,99.01000213623047,1.1699999570846558,Walker+2023 (m2fshi),,,,,,,,,-414.08964975078857,130.87356392084516,434.2788594487122,True,dwarf
14.73696873672,-33.62243240208,98.16000366210938,0.7200000286102295,Walker+2023 (m2fshi),,,,,,,,,-377.37060470367896,130.23670302654523,399.2119388365594,True,dwarf
14.73399946403,-33.64506645493,114.48999786376953,1.0499999523162842,Walker+2023 (m2fshi),,,,,,,,,-381.0780842621943,96.26337093049675,393.04852485138076,True,dwarf
14.70467341596,-33.65302821789,101.55000305175781,1.190000057220459,Walker+2023 (m2fshi),,,,,,,,,-417.69503901942505,84.31289882978344,426.1194791728258,True,dwarf
14.7316130115,-33.66005528546,,,Walker+2023 (m2fshi),,,,,,,,,-384.0578456031239,73.76538876611517,391.0776922161747,False,dwarf
14.711650409,-33.66648399419,107.73999786376953,2.049999952316284,Walker+2023 (m2fshi),,,,,,,,,-408.9834581791625,64.11600524294725,413.97866031052905,True,dwarf
14.71523525805,-33.67226061093,110.81999969482422,1.1699999570846558,Walker+2023 (m2fshi),,,,,,,,,-404.5073605078358,55.4454008134102,408.28959964267517,True,dwarf
14.69884710534,-33.7002367215,103.11000061035156,3.2699999809265137,Walker+2023 (m2fshi),,,,,,,,,-424.9698600885629,13.453730057445767,425.18276639129124,True,dwarf
14.54951914962,-33.62512740553,107.04000091552734,0.8600000143051147,Walker+2023 (m2fshi),,,,,,,,,-611.4230427859887,126.19154824080647,624.3095739271414,True,dwarf
14.61257961877,-33.636767666,,,Walker+2023 (m2fshi),,,,,,,,,-532.6847709150678,108.71971333556773,543.6662958402022,False,dwarf
14.62390166067,-33.63936770146,107.80999755859375,1.2799999713897705,Walker+2023 (m2fshi),,,,,,,,,-518.547895226183,104.81710390323818,529.0354854961685,True,dwarf
14.64353646879,-33.65102312981,54.439998626708984,1.9700000286102295,Walker+2023 (m2fshi),,,,,,,,,-494.03157175563655,87.32250226559302,501.68955868472005,True,dwarf
14.67010820391,-33.66225923338,109.80999755859375,1.3899999856948853,Walker+2023 (m2fshi),,,,,,,,,-460.853694518723,70.45730005991646,466.2084929334616,True,dwarf
14.64037819879,-33.67846759839,,,Walker+2023 (m2fshi),,,,,,,,,-497.9750362628581,46.128817182013336,500.1069930680898,False,dwarf
14.63520768324,-33.69138231828,,,Walker+2023 (m2fshi),,,,,,,,,-504.4310215191718,26.74404015343179,505.1394848500793,False,dwarf
14.6810887812,-33.59947903279,107.1500015258789,0.9599999785423279,Walker+2023 (m2fshi),,,,,,,,,-447.14317679480814,164.6893237206999,476.5077060255527,True,dwarf
14.68252952382,-33.58966038602,105.1500015258789,1.4900000095367432,Walker+2023 (m2fshi),,,,,,,,,-445.34424339582296,179.42694714421137,480.1307368699588,True,dwarf
14.68533046476,-33.58666952601,32.7400016784668,1.0399999618530273,Walker+2023 (m2fshi),,,,,,,,,-441.84694544988514,183.91617764331224,478.5957413123524,True,dwarf
14.69028803676,-33.58605126466,108.62999725341797,4.079999923706055,Walker+2023 (m2fshi),,,,,,,,,-435.6568447859141,184.84417751610383,473.24862004069587,True,dwarf
14.70403631481,-33.57316437791,102.69000244140625,1.2000000476837158,Walker+2023 (m2fshi),,,,,,,,,-418.4905333161559,204.18717747035652,465.6465718960588,True,dwarf
14.69565339067,-33.51717012193,114.44000244140625,0.8399999737739563,Walker+2023 (m2fshi),,,,,,,,,-428.95758135600835,288.2336125691305,516.800950093407,True,dwarf
14.682303,-33.498479,,,Walker+2023 (m2fshi),,,,,,,,,-445.62708452220187,316.28867176615904,546.4631939548708,False,dwarf
14.68860306117,-33.4395817505,105.79000091552734,2.009999990463257,Walker+2023 (m2fshi),,,,,,,,,-437.7607312283996,404.6924512425225,596.1630967263108,True,dwarf
14.7735040924,-33.57840682044,112.13999938964844,1.2799999713897705,Walker+2023 (m2fshi),,,,,,,,,-331.7519975602725,196.31835953277644,385.4870765341836,True,dwarf
14.71390556374,-33.55488635188,123.80000305175781,1.7599999904632568,Walker+2023 (m2fshi),,,,,,,,,-406.1676372786461,231.62218667938618,467.5692322369579,True,dwarf
14.76026968879,-33.53600462561,109.98999786376953,1.2999999523162842,Walker+2023 (m2fshi),,,,,,,,,-348.2766774990603,259.96333978036245,434.60048564117443,True,dwarf
14.74708728142,-33.53335564999,97.80000305175781,0.9300000071525574,Walker+2023 (m2fshi),,,,,,,,,-364.73643413270275,263.9394075685257,450.2184772435087,True,dwarf
14.74692043483,-33.44735296926,120.94000244140625,1.1799999475479126,Walker+2023 (m2fshi),,,,,,,,,-364.94476135165866,393.0279827765988,536.33541192379,True,dwarf
14.71789146606,-33.4337844823,91.43000030517578,1.3700000047683716,Walker+2023 (m2fshi),,,,,,,,,-401.1907783247991,413.39405316567655,576.0630901260766,True,dwarf
14.75626286456,-33.37399866978,92.55000305175781,1.0800000429153442,Walker+2023 (m2fshi),,,,,,,,,-353.2796598715903,503.13155076872397,614.7746542091074,True,dwarf
15.57937845818,-34.05488983016,80.4800033569336,0.46000000834465027,Walker+2023 (m2fshi),,,,,,,,,674.475132714624,-518.8746125178702,850.9686058639177,True,dwarf
15.48682269422,-34.16085370331,,,Walker+2023 (m2fshi),,,,,,,,,558.908582003299,-677.9246013363219,878.6128659050864,False,dwarf
15.50111801072,-34.11915589474,14.9399995803833,0.6100000143051147,Walker+2023 (m2fshi),,,,,,,,,576.7579340970879,-615.3368930008158,843.3796336359079,True,dwarf
15.54750487379,-34.12288743045,,,Walker+2023 (m2fshi),,,,,,,,,634.6772849182313,-620.9378652502049,887.9071395662158,False,dwarf
15.54028532708,-34.11264440514,2.2799999713897705,1.2000000476837158,Walker+2023 (m2fshi),,,,,,,,,625.6628478342868,-605.5632567860956,870.7243290097576,True,dwarf
15.55926793794,-34.07518410721,112.62999725341797,1.6299999952316284,Walker+2023 (m2fshi),,,,,,,,,649.3648277729291,-549.3359805476285,850.5555238035847,True,dwarf
14.33357365501,-33.73772304291,106.33999633789062,1.3200000524520874,Walker+2023 (m2fshi),,,,,,,,,-881.0559093518581,-42.81260698617184,882.0954793676146,True,dwarf
14.41846419034,-33.62569711856,123.88999938964844,2.440000057220459,Walker+2023 (m2fshi),,,,,,,,,-775.0602810259361,125.33641857862033,785.129070310174,True,dwarf
14.41870122681,-33.61322422816,112.91999816894531,1.090000033378601,Walker+2023 (m2fshi),,,,,,,,,-774.7643136430444,144.05801698457554,788.0434340518966,True,dwarf
14.39305157469,-33.61033458311,137.82000732421875,0.8100000023841858,Walker+2023 (m2fshi),,,,,,,,,-806.7908638613007,148.3953255335082,820.3247348765365,True,dwarf
14.42098638271,-33.59452478626,-23.309999465942383,0.5699999928474426,Walker+2023 (m2fshi),,,,,,,,,-771.9110328326293,172.12556431644276,790.8690488949421,True,dwarf
14.39978409967,-33.58748955805,,,Walker+2023 (m2fshi),,,,,,,,,-798.3845296015246,182.68532336330145,819.0187937278373,False,dwarf
14.40431350634,-33.53728913272,136.35000610351562,2.450000047683716,Walker+2023 (m2fshi),,,,,,,,,-792.7290427552738,258.0353162435729,833.6675354460034,True,dwarf
14.42806196941,-33.62446023498,127.68000030517578,0.6499999761581421,Walker+2023 (m2fshi),,,,,,,,,-763.0763464317729,127.1929599990178,773.6042654723245,True,dwarf
14.42833619414,-33.60086830734,121.19000244140625,1.559999942779541,Walker+2023 (m2fshi),,,,,,,,,-762.733945215365,162.60404602109847,779.8738019488967,True,dwarf
14.42880163453,-33.58466341202,139.00999450683594,0.8700000047683716,Walker+2023 (m2fshi),,,,,,,,,-762.1527891843101,186.92732095274954,784.7411658502411,True,dwarf
14.43294710952,-33.579547202,-0.2199999988079071,1.1699999570846558,Walker+2023 (m2fshi),,,,,,,,,-756.9766853399145,194.6066660189909,781.5916175390004,True,dwarf
14.4252961198,-33.56201621744,105.2300033569336,0.7599999904632568,Walker+2023 (m2fshi),,,,,,,,,-766.5298288032476,220.92037856419023,797.730400643025,True,dwarf
14.42102170109,-33.50610011778,,,Walker+2023 (m2fshi),,,,,,,,,-771.8669337600402,304.84950234304773,829.8866082248406,False,dwarf
14.43715629189,-33.43996396638,-143.7100067138672,1.7100000381469727,Walker+2023 (m2fshi),,,,,,,,,-751.7210354808105,404.11875164440517,853.4614699065063,True,dwarf
14.43216025045,-33.41922614173,118.16000366210938,0.9700000286102295,Walker+2023 (m2fshi),,,,,,,,,-757.9591696793591,435.24587715096663,874.0372283134957,True,dwarf
14.37319723202,-33.64804661843,-1.559999942779541,1.5499999523162842,Walker+2023 (m2fshi),,,,,,,,,-831.5813015481843,91.79019571274426,836.6318790923259,True,dwarf
14.37718723098,-33.66402622462,,,Walker+2023 (m2fshi),,,,,,,,,-826.5993274666134,67.80507597060725,829.3756546316256,False,dwarf
14.3792831224,-33.67775043953,-12.609999656677246,0.5799999833106995,Walker+2023 (m2fshi),,,,,,,,,-823.9823651974721,47.20526055156582,825.3334324866292,True,dwarf
14.3685149129,-33.72149724399,,,Walker+2023 (m2fshi),,,,,,,,,-837.4277172318378,-18.45795610301204,837.6311107711006,False,dwarf
14.37624848497,-33.73382449925,113.55999755859375,1.7300000190734863,Walker+2023 (m2fshi),,,,,,,,,-827.7714601758921,-36.96095861678761,828.5962241910112,True,dwarf
14.37595981685,-33.73838620849,121.05000305175781,0.8600000143051147,Walker+2023 (m2fshi),,,,,,,,,-828.1318956312485,-43.80800735186785,829.2898034281782,True,dwarf
14.37615579806,-33.79093772683,22.229999542236328,0.5699999928474426,Walker+2023 (m2fshi),,,,,,,,,-827.8871904775664,-122.6869512400195,836.9284844963811,True,dwarf
14.3669779099,-33.80216308497,109.63999938964844,1.7200000286102295,Walker+2023 (m2fshi),,,,,,,,,-839.3468428221117,-139.53602473624647,850.8662790090116,True,dwarf
14.35654369139,-33.67973065803,136.0800018310547,0.8299999833106995,Walker+2023 (m2fshi),,,,,,,,,-852.3751685684178,44.23298593644698,853.5221057693191,True,dwarf
14.34181732762,-33.70355932139,118.62000274658203,1.4199999570846558,Walker+2023 (m2fshi),,,,,,,,,-870.7627329145423,8.466563586047693,870.8038928092589,True,dwarf
14.36067836056,-33.75700704992,,,Walker+2023 (m2fshi),,,,,,,,,-847.2125570371037,-71.75757670215543,850.246003586911,False,dwarf
14.36417636808,-33.76871200748,121.87000274658203,1.5,Walker+2023 (m2fshi),,,,,,,,,-842.8448910360597,-89.32652084978021,847.565181961077,True,dwarf
14.35597233321,-33.77066716379,109.36000061035156,0.6499999761581421,Walker+2023 (m2fshi),,,,,,,,,-853.0885751814501,-92.26117753983898,858.0630757620062,True,dwarf
14.36570274439,-33.77930403337,153.2100067138672,1.2799999713897705,Walker+2023 (m2fshi),,,,,,,,,-840.9390340943969,-105.2249733061712,847.4967575577512,True,dwarf
14.35671323871,-33.79270386229,111.06999969482422,0.7300000190734863,Walker+2023 (m2fshi),,,,,,,,,-852.1634691764333,-125.33789081794767,861.331623170487,True,dwarf
14.51244586868,-33.59785970432,105.91000366210938,0.8799999952316284,Walker+2023 (m2fshi),,,,,,,,,-657.7133116841985,167.11990847935843,678.6131918676093,True,dwarf
14.51947797097,-33.58955421079,107.13999938964844,3.930000066757202,Walker+2023 (m2fshi),,,,,,,,,-648.9329205866175,179.5863143761025,673.3239782840571,True,dwarf
14.52761489382,-33.57784862357,101.04000091552734,1.3899999856948853,Walker+2023 (m2fshi),,,,,,,,,-638.7730335418186,197.1562036327843,668.5069610790221,True,dwarf
14.51661459474,-33.56851538012,112.3499984741211,1.3200000524520874,Walker+2023 (m2fshi),,,,,,,,,-652.50817619612,211.16524484875666,685.8262758416464,True,dwarf
14.5204829855,-33.5277529678,,,Walker+2023 (m2fshi),,,,,,,,,-647.6780439838268,272.34893916815196,702.609986638913,False,dwarf
14.52060652016,-33.52297279504,111.12000274658203,0.9100000262260437,Walker+2023 (m2fshi),,,,,,,,,-647.5237967069552,279.5238979670951,705.2805660419896,True,dwarf
14.55528387402,-33.62658014811,,,Walker+2023 (m2fshi),,,,,,,,,-604.2251192185556,124.01100609718152,616.819847547007,False,dwarf
14.54951914962,-33.62512740553,107.04000091552734,0.8600000143051147,Walker+2023 (m2fshi),,,,,,,,,-611.4230427859887,126.19154824080647,624.3095739271414,True,dwarf
14.52896358522,-33.56007150141,,,Walker+2023 (m2fshi),,,,,,,,,-637.0890367121951,223.83936456980757,675.2677260390044,False,dwarf
14.53182416302,-33.54086584783,111.5,1.7799999713897705,Walker+2023 (m2fshi),,,,,,,,,-633.517275265439,252.6667271070886,682.0444362699208,True,dwarf
14.52861612411,-33.52354643276,113.05999755859375,1.1200000047683716,Walker+2023 (m2fshi),,,,,,,,,-637.5228819993063,278.66287741132,695.7646328463799,True,dwarf
14.53286066404,-33.52203214665,109.87000274658203,1.2599999904632568,Walker+2023 (m2fshi),,,,,,,,,-632.2230841468626,280.93579535688207,691.8315902305811,True,dwarf
14.5286096644,-33.51905784542,,,Walker+2023 (m2fshi),,,,,,,,,-637.5309476925844,285.4001714061005,698.4976500350136,False,dwarf
14.46951696164,-33.65745112094,,,Walker+2023 (m2fshi),,,,,,,,,-711.3150054108504,77.67419584794455,715.5433722865882,False,dwarf
14.48308708654,-33.68657151243,,,Walker+2023 (m2fshi),,,,,,,,,-694.3711387047998,33.96497870451065,695.2013363368904,False,dwarf
14.48233734281,-33.7029722927,100.41999816894531,0.8899999856948853,Walker+2023 (m2fshi),,,,,,,,,-695.3072802597559,9.347683762258585,695.3701123674629,True,dwarf
14.46687750714,-33.70666067544,113.7300033569336,0.7200000286102295,Walker+2023 (m2fshi),,,,,,,,,-714.6106689035787,3.8114833939972836,714.6208333910248,True,dwarf
14.49258473936,-33.73102313017,122.56999969482422,0.75,Walker+2023 (m2fshi),,,,,,,,,-682.5122232866789,-32.756150811973804,683.2978123422774,True,dwarf
14.47604431606,-33.76141579236,112.55999755859375,1.6799999475479126,Walker+2023 (m2fshi),,,,,,,,,-703.1648502685322,-78.37502484689418,707.5192231826062,True,dwarf
14.48971494034,-33.76516939433,,,Walker+2023 (m2fshi),,,,,,,,,-686.0954984905802,-84.00911818088063,691.2196213842362,False,dwarf
14.47288346565,-33.78411786284,,,Walker+2023 (m2fshi),,,,,,,,,-707.1115367153772,-112.4504502599335,715.9970873681289,False,dwarf
14.45858979921,-33.66798877729,107.94000244140625,0.5799999833106995,Walker+2023 (m2fshi),,,,,,,,,-724.9588285188654,61.857351155342855,727.5930421186016,True,dwarf
14.46330872736,-33.67023271436,103.83000183105469,1.2899999618530273,Walker+2023 (m2fshi),,,,,,,,,-719.0667022371821,58.48923940855055,721.4415523054151,True,dwarf
14.45270229128,-33.67767003651,,,Walker+2023 (m2fshi),,,,,,,,,-732.3100614906972,47.32594413032931,733.8377008224201,False,dwarf
14.45969092351,-33.68612561566,108.0199966430664,1.2599999904632568,Walker+2023 (m2fshi),,,,,,,,,-723.5839477787472,34.63426224590127,724.4123560544745,True,dwarf
14.43785025701,-33.7187562416,110.16000366210938,1.9800000190734863,Walker+2023 (m2fshi),,,,,,,,,-750.8545399563703,-14.343757683095149,750.9915336124395,True,dwarf
14.4489980729,-33.74113315334,,,Walker+2023 (m2fshi),,,,,,,,,-736.9352055437763,-47.93112530414212,738.4923086551202,False,dwarf
14.45670216466,-33.74660861758,105.36000061035156,0.6100000143051147,Walker+2023 (m2fshi),,,,,,,,,-727.3157580564057,-56.149704903582396,729.4799526223619,True,dwarf
14.44263395968,-33.75021324937,8.789999961853027,0.5899999737739563,Walker+2023 (m2fshi),,,,,,,,,-744.8815352125549,-61.56019650652489,747.421005387549,True,dwarf
14.55131402854,-33.63069656888,,,Walker+2023 (m2fshi),,,,,,,,,-609.1819293549712,117.83232785546515,620.4732714150408,False,dwarf
14.5279522651,-33.66370856252,122.62000274658203,1.899999976158142,Walker+2023 (m2fshi),,,,,,,,,-638.3517865716632,68.28188143224278,641.993316749607,True,dwarf
14.52236800565,-33.66588968224,98.79000091552734,0.6499999761581421,Walker+2023 (m2fshi),,,,,,,,,-645.3243788263422,65.00805746974203,648.5904728282661,True,dwarf
14.53927683043,-33.67413286788,,,Walker+2023 (m2fshi),,,,,,,,,-624.2117600892631,52.63517466642642,626.4269973795039,False,dwarf
14.53239220285,-33.67706818896,,,Walker+2023 (m2fshi),,,,,,,,,-632.8080119952637,48.22930716579577,634.6432431808365,False,dwarf
14.526480704,-33.67717124971,,,Walker+2023 (m2fshi),,,,,,,,,-640.1892003988708,48.07461471592678,641.9917296098372,False,dwarf
14.5240340895,-33.69896456192,99.23999786376953,0.8299999833106995,Walker+2023 (m2fshi),,,,,,,,,-643.2440809010438,15.363220159675173,643.427522062822,True,dwarf
14.52598618597,-33.72492646002,,,Walker+2023 (m2fshi),,,,,,,,,-640.8066632185439,-23.60515160477061,641.241282831641,False,dwarf
14.50305022063,-33.63223047565,122.5,0.7099999785423279,Walker+2023 (m2fshi),,,,,,,,,-669.4448623773102,115.52995962973256,679.3405591714832,True,dwarf
14.50873775553,-33.65819024835,97.26000213623047,0.9900000095367432,Walker+2023 (m2fshi),,,,,,,,,-662.3433188070225,76.56477805486617,666.7539555239938,True,dwarf
14.49632021513,-33.66408655654,,,Walker+2023 (m2fshi),,,,,,,,,-677.848050775595,67.71451877487844,681.2218698729416,False,dwarf
14.5111397607,-33.67913452112,,,Walker+2023 (m2fshi),,,,,,,,,-659.3441382005308,45.127777397454324,660.8866838363706,False,dwarf
14.52161997865,-33.68528826221,,,Walker+2023 (m2fshi),,,,,,,,,-646.2583768458121,35.89111567057679,647.2542482112129,False,dwarf
14.51352260946,-33.69771311418,142.8000030517578,1.600000023841858,Walker+2023 (m2fshi),,,,,,,,,-656.3688765822571,17.24162213893421,656.5952906317834,True,dwarf
14.49693235195,-33.71494216218,124.58999633789062,2.2899999618530273,Walker+2023 (m2fshi),,,,,,,,,-677.0837273253406,-8.61888871530958,677.1385818659745,True,dwarf
14.49830541775,-33.73240440561,113.80999755859375,1.1100000143051147,Walker+2023 (m2fshi),,,,,,,,,-675.3692962449154,-34.82942198219008,676.2667927275195,True,dwarf
14.46329244011,-33.62499885755,114.4000015258789,0.8700000047683716,Walker+2023 (m2fshi),,,,,,,,,-719.0870387480852,126.38449659362938,730.1090399897232,True,dwarf
14.45002993405,-33.60246580218,,,Walker+2023 (m2fshi),,,,,,,,,-735.6468078382578,160.20623317331672,752.8892767400806,False,dwarf
14.46836593801,-33.57306222948,,,Walker+2023 (m2fshi),,,,,,,,,-712.7521912220282,204.3405005432637,741.4652562690137,False,dwarf
14.4600440214,-33.5689247091,,,Walker+2023 (m2fshi),,,,,,,,,-723.1430643214168,210.5508489442107,753.1716613543665,False,dwarf
14.45635618263,-33.53981686365,,,Walker+2023 (m2fshi),,,,,,,,,-727.7477565414757,254.2412346929257,770.8796291051764,False,dwarf
14.45990622765,-33.53528501175,122.63999938964844,0.6399999856948853,Walker+2023 (m2fshi),,,,,,,,,-723.3151157174157,261.04346806355807,768.9788351079295,True,dwarf
14.43912753153,-33.53442743133,,,Walker+2023 (m2fshi),,,,,,,,,-749.2597153417566,262.3306818295079,793.8561000982135,False,dwarf
14.44924211194,-33.49411925046,,,Walker+2023 (m2fshi),,,,,,,,,-736.6304946442604,322.83258239319946,804.266971778967,False,dwarf
14.50039522374,-33.62472830555,,,Walker+2023 (m2fshi),,,,,,,,,-672.759932337286,126.79059058863929,684.6033745317691,False,dwarf
14.47635838076,-33.62452157486,133.1699981689453,3.859999895095825,Walker+2023 (m2fshi),,,,,,,,,-702.7727042526976,127.10088987231049,714.1737253980874,True,dwarf
14.49264068127,-33.61944691085,53.470001220703125,0.5699999928474426,Walker+2023 (m2fshi),,,,,,,,,-682.4423733572731,134.7178750772968,695.612319340917,True,dwarf
14.47116451819,-33.58527935618,,,Walker+2023 (m2fshi),,,,,,,,,-709.2578409573488,186.00279914311324,733.2419288669689,False,dwarf
14.49959674129,-33.58520285201,,,Walker+2023 (m2fshi),,,,,,,,,-673.756929807805,186.11763061370667,698.9908246102374,False,dwarf
14.47631541636,-33.57971539123,108.43000030517578,1.600000023841858,Walker+2023 (m2fshi),,,,,,,,,-702.8263502634826,194.35421681761377,729.2039771006981,True,dwarf
14.47652896562,-33.50041092559,,,Walker+2023 (m2fshi),,,,,,,,,-702.5597093723137,313.3888839955417,769.2871621477126,False,dwarf
14.48578731651,-33.45243284332,,,Walker+2023 (m2fshi),,,,,,,,,-690.999590025289,385.4031773743136,791.2117558184623,False,dwarf
14.40745369679,-33.6565713715,,,Walker+2023 (m2fshi),,,,,,,,,-788.8081526523081,78.99468493952178,792.7537208613033,False,dwarf
14.43127546992,-33.65733634657,135.94000244140625,1.6299999952316284,Walker+2023 (m2fshi),,,,,,,,,-759.0639202601286,77.8464702441426,763.045285661439,True,dwarf
14.4352049719,-33.72852750042,,,Walker+2023 (m2fshi),,,,,,,,,-754.1574836384411,-29.01025259182033,754.7152475492375,False,dwarf
14.43068525356,-33.73267175059,52.15999984741211,0.7300000190734863,Walker+2023 (m2fshi),,,,,,,,,-759.8008734868145,-35.23070229420533,760.6172294495235,True,dwarf
14.43574805506,-33.75055660504,223.55999755859375,1.6100000143051147,Walker+2023 (m2fshi),,,,,,,,,-753.4793816503484,-62.075567583967704,756.0321121903904,True,dwarf
14.43007946892,-33.75339181046,125.5,1.1100000143051147,Walker+2023 (m2fshi),,,,,,,,,-760.5572655074018,-66.33116316521415,763.4442856705044,True,dwarf
14.4348746894,-33.77140756088,28.459999084472656,0.5699999928474426,Walker+2023 (m2fshi),,,,,,,,,-754.5698794488359,-93.37250110120988,760.3250140126432,True,dwarf
14.41727808569,-33.79973969686,,,Walker+2023 (m2fshi),,,,,,,,,-776.5412695383561,-135.8985600009568,788.3430483657324,False,dwarf
14.38512556285,-33.63794360993,110.98999786376953,1.6799999475479126,Walker+2023 (m2fshi),,,,,,,,,-816.6874041744671,106.95464130339415,823.6611022948499,True,dwarf
14.39264064242,-33.64920459675,57.72999954223633,0.6800000071525574,Walker+2023 (m2fshi),,,,,,,,,-807.3039602151947,90.0520897585797,812.3109398801815,True,dwarf
14.4022211536,-33.65426511713,,,Walker+2023 (m2fshi),,,,,,,,,-795.3415865741315,82.45633390398721,799.6044561751407,False,dwarf
14.38356086134,-33.66038847834,15.069999694824219,0.5699999928474426,Walker+2023 (m2fshi),,,,,,,,,-818.6411145504251,73.26527186528887,821.9130577462904,True,dwarf
14.39519833668,-33.66269704818,131.0,0.6600000262260437,Walker+2023 (m2fshi),,,,,,,,,-804.1103838158901,69.80014741935835,807.1341709655851,True,dwarf
14.39809835292,-33.68941764252,102.43000030517578,0.5799999833106995,Walker+2023 (m2fshi),,,,,,,,,-800.4893789262505,29.692985377603122,801.0398986032899,True,dwarf
14.39917400591,-33.82306499023,100.45999908447266,2.700000047683716,Walker+2023 (m2fshi),,,,,,,,,-799.1463020556356,-170.90943247476199,817.217747113976,True,dwarf
14.34044096446,-33.61097313566,,,Walker+2023 (m2fshi),,,,,,,,,-872.481281129387,147.43686891128795,884.8509570744334,False,dwarf
14.33203440236,-33.61059617649,117.05999755859375,0.6100000143051147,Walker+2023 (m2fshi),,,,,,,,,-882.9778438897314,148.00267827621826,895.2958536579362,True,dwarf
14.36480751442,-33.6088799706,126.56999969482422,1.5,Walker+2023 (m2fshi),,,,,,,,,-842.0568320067006,150.57867441056217,855.4143121998853,True,dwarf
14.38639873023,-33.56867007469,112.70999908447266,0.5799999833106995,Walker+2023 (m2fshi),,,,,,,,,-815.097707798035,210.9330509047509,841.9483506852407,True,dwarf
14.36736380996,-33.55366599614,128.1999969482422,0.5799999833106995,Walker+2023 (m2fshi),,,,,,,,,-838.8650020707055,233.45392009032517,870.7440637205772,True,dwarf
14.34836328274,-33.54777647169,33.380001068115234,0.5799999833106995,Walker+2023 (m2fshi),,,,,,,,,-862.5893526520606,242.29399709083398,895.9725287836419,True,dwarf
14.65300685115,-34.06126013034,,,Walker+2023 (m2fshi),,,,,,,,,-482.2067066533894,-528.436325791275,715.3798000763584,False,dwarf
14.67976104174,-34.05131696586,105.1500015258789,0.46000000834465027,Walker+2023 (m2fshi),,,,,,,,,-448.80101270982976,-513.511803382352,681.9946636318822,True,dwarf
14.66556815735,-34.04586438076,,,Walker+2023 (m2fshi),,,,,,,,,-466.5224664953138,-505.3275649866904,687.7493436421797,False,dwarf
14.66869150797,-34.03410470001,,,Walker+2023 (m2fshi),,,,,,,,,-462.6226028631399,-487.6764822525874,672.1964177397293,False,dwarf
14.71477143594,-34.02106608731,46.36000061035156,0.5799999833106995,Walker+2023 (m2fshi),,,,,,,,,-405.08649592958784,-468.10574420295393,619.0460862813958,True,dwarf
14.70183454519,-34.01863181947,105.33999633789062,1.399999976158142,Walker+2023 (m2fshi),,,,,,,,,-421.239696734597,-464.4519491761916,627.023520450883,True,dwarf
14.69409173806,-34.0119612649,120.23999786376953,0.949999988079071,Walker+2023 (m2fshi),,,,,,,,,-430.9074848285276,-454.43955912067247,626.2559966779072,True,dwarf
14.74944850319,-34.03843128246,1.600000023841858,1.159999966621399,Walker+2023 (m2fshi),,,,,,,,,-361.7881763068451,-494.1706096361833,612.4502232374725,True,dwarf
14.73555745077,-34.0379899028,101.55000305175781,2.859999895095825,Walker+2023 (m2fshi),,,,,,,,,-379.1327580513535,-493.50810620080443,622.3278067976158,True,dwarf
14.74316930746,-34.03132777686,-19.0,1.7100000381469727,Walker+2023 (m2fshi),,,,,,,,,-369.6284766912802,-483.5083673769529,608.6095235080065,True,dwarf
14.76442360479,-34.01398381205,114.97000122070312,1.5,Walker+2023 (m2fshi),,,,,,,,,-343.09003407972693,-457.47536832647563,571.8343152612239,True,dwarf
14.74394597293,-33.9851032622,113.25,3.200000047683716,Walker+2023 (m2fshi),,,,,,,,,-368.65872023761165,-414.1261494449593,554.4454163047453,True,dwarf
14.75447643974,-33.98306830196,,,Walker+2023 (m2fshi),,,,,,,,,-355.510217383292,-411.0717084001343,543.4771974157891,False,dwarf
14.73804418127,-33.97254862571,,,Walker+2023 (m2fshi),,,,,,,,,-376.0277880944523,-395.2818515347822,545.5681804980675,False,dwarf
14.76945469196,-33.95993533453,,,Walker+2023 (m2fshi),,,,,,,,,-336.80814124357363,-376.34951392286166,505.05314634989185,False,dwarf
14.7956527453,-34.06892948223,,,Walker+2023 (m2fshi),,,,,,,,,-304.0968488257046,-539.9478938010749,619.6923603578958,False,dwarf
14.79290799163,-34.09697670265,117.5999984741211,1.0700000524520874,Walker+2023 (m2fshi),,,,,,,,,-307.52399048196094,-582.046299244173,658.2924116118813,True,dwarf
14.78949981918,-34.12607246274,62.04999923706055,1.4800000190734863,Walker+2023 (m2fshi),,,,,,,,,-311.7794870326272,-625.7185450710903,699.0923731383501,True,dwarf
14.78913820347,-34.14016360392,126.6500015258789,1.3799999952316284,Walker+2023 (m2fshi),,,,,,,,,-312.23100597104457,-646.869110641174,718.2811757183908,True,dwarf
14.77763070553,-34.21103746771,-187.5,1.1399999856948853,Walker+2023 (m2fshi),,,,,,,,,-326.5994449244355,-753.2495864412784,821.0067824926334,True,dwarf
14.73818888968,-34.06809104387,102.5,1.2999999523162842,Walker+2023 (m2fshi),,,,,,,,,-375.84710294760794,-538.6894119447722,656.8465021110444,True,dwarf
14.75302160118,-34.07398050492,109.94000244140625,1.159999966621399,Walker+2023 (m2fshi),,,,,,,,,-357.32675118980444,-547.5293937829582,653.8125451321611,True,dwarf
14.75846239493,-34.14476211966,40.9900016784668,0.5699999928474426,Walker+2023 (m2fshi),,,,,,,,,-350.5332924151483,-653.7714053127959,741.8157719380681,True,dwarf
14.72999522522,-34.18628156219,116.0,1.1200000047683716,Walker+2023 (m2fshi),,,,,,,,,-386.07783843953763,-716.091389226525,813.5373224742183,True,dwarf
14.72470808841,-34.20059651132,,,Walker+2023 (m2fshi),,,,,,,,,-392.6794387951275,-737.5778867598967,835.5945671733699,False,dwarf
14.82833604727,-34.02448868123,120.08999633789062,1.0399999618530273,Walker+2023 (m2fshi),,,,,,,,,-263.287975202643,-473.24300002915123,541.552855188576,True,dwarf
14.84031277379,-34.01516115185,,,Walker+2023 (m2fshi),,,,,,,,,-248.33365022589103,-459.24253553600903,522.0855373212877,False,dwarf
14.84459429379,-34.01158717145,,,Walker+2023 (m2fshi),,,,,,,,,-242.98767848916432,-453.87805115318747,514.8284153154029,False,dwarf
14.83202122904,-33.9730462179,120.18000030517578,2.4600000381469727,Walker+2023 (m2fshi),,,,,,,,,-258.68660055365456,-396.02872903088684,473.0301380713766,True,dwarf
14.84305124426,-33.95140940284,109.5199966430664,0.7300000190734863,Walker+2023 (m2fshi),,,,,,,,,-244.9143538698121,-363.5522340608719,438.35290306112785,True,dwarf
14.83377482275,-33.95073760839,,,Walker+2023 (m2fshi),,,,,,,,,-256.49703647095464,-362.5438819066404,444.1044877349454,False,dwarf
14.83381075076,-33.94505123378,112.05000305175781,2.630000114440918,Walker+2023 (m2fshi),,,,,,,,,-256.45217620496857,-354.0087293942564,437.13830668062036,True,dwarf
14.84047922753,-33.94011320218,99.12000274658203,0.8999999761581421,Walker+2023 (m2fshi),,,,,,,,,-248.125813525488,-346.5968271353346,426.2578795963381,True,dwarf
14.87499273666,-34.00305446325,112.66999816894531,0.5,Walker+2023 (m2fshi),,,,,,,,,-205.03171508747286,-441.0705998638156,486.3962152977105,True,dwarf
14.85576440582,-34.00086526502,127.98999786376953,2.309999942779541,Walker+2023 (m2fshi),,,,,,,,,-229.0405047731734,-437.78465019388136,494.0799052502835,True,dwarf
14.87182520364,-33.99925150685,,,Walker+2023 (m2fshi),,,,,,,,,-208.98674554396368,-435.36242636169106,482.9243233681612,False,dwarf
14.88446336842,-33.98653683059,115.08999633789062,0.9200000166893005,Walker+2023 (m2fshi),,,,,,,,,-193.20653858054644,-416.27791145234585,458.9292604676709,True,dwarf
14.86617003346,-33.98042696659,,,Walker+2023 (m2fshi),,,,,,,,,-216.04787802697751,-407.1071084985309,460.88272194777966,False,dwarf
14.8568347472,-33.97264042053,96.37999725341797,0.4300000071525574,Walker+2023 (m2fshi),,,,,,,,,-227.70406006051746,-395.4196340134781,456.2957658486398,True,dwarf
14.86488287306,-33.95136237824,121.55000305175781,0.6899999976158142,Walker+2023 (m2fshi),,,,,,,,,-217.65504630343972,-363.4816509283183,423.66570517676826,True,dwarf
14.87347895155,-33.93373559703,101.05000305175781,2.9700000286102295,Walker+2023 (m2fshi),,,,,,,,,-206.9218504631197,-337.02414922500833,395.4768379563111,True,dwarf
14.9031267263,-34.12665466327,,,Walker+2023 (m2fshi),,,,,,,,,-169.90318282395944,-626.5924182604537,649.2188769245662,False,dwarf
14.89106846432,-34.12845434223,319.1400146484375,2.369999885559082,Walker+2023 (m2fshi),,,,,,,,,-184.959314230366,-629.2937060669086,655.9119730695515,True,dwarf
14.89147413349,-34.25033702179,108.9800033569336,1.6200000047683716,Walker+2023 (m2fshi),,,,,,,,,-184.45278946409738,-812.237555181778,832.9181698034679,True,dwarf
14.86509081497,-34.1029929802,,,Walker+2023 (m2fshi),,,,,,,,,-217.39540683574333,-591.0766305128471,629.7875404068417,False,dwarf
14.88451163984,-34.14344566122,,,Walker+2023 (m2fshi),,,,,,,,,-193.1462661429528,-651.7954233678414,679.8108222500051,False,dwarf
14.86837407954,-34.22041469935,-8.470000267028809,0.5699999928474426,Walker+2023 (m2fshi),,,,,,,,,-213.29587218556375,-767.3246531895423,796.4183903475935,True,dwarf
14.86333942826,-34.22365270689,131.36000061035156,1.0700000524520874,Walker+2023 (m2fshi),,,,,,,,,-219.58221522429122,-772.1848479683881,802.7987223923376,True,dwarf
14.86252851239,-34.24791030992,,,Walker+2023 (m2fshi),,,,,,,,,-220.59473725429194,-808.5951015387083,838.14561762064,False,dwarf
14.86285401109,-34.25825230524,187.9499969482422,0.9900000095367432,Walker+2023 (m2fshi),,,,,,,,,-220.1883145701637,-824.1182623208474,853.0262622944164,True,dwarf
15.00669834166,-34.0550996693,,,Walker+2023 (m2fshi),,,,,,,,,-40.582070592330524,-519.1895775326338,520.7731961920426,False,dwarf
14.98087397702,-34.02571309599,102.87999725341797,3.1600000858306885,Walker+2023 (m2fshi),,,,,,,,,-72.82676955074474,-475.0808259607493,480.63034606519074,True,dwarf
15.00729653152,-34.00361978783,,,Walker+2023 (m2fshi),,,,,,,,,-39.83516153088464,-441.91914253646615,443.710906598381,False,dwarf
14.980624177,-33.99950496207,128.6199951171875,2.200000047683716,Walker+2023 (m2fshi),,,,,,,,,-73.13867369851711,-435.74285837789415,441.8383236181711,True,dwarf
15.00477539164,-33.98926591286,130.8800048828125,0.9599999785423279,Walker+2023 (m2fshi),,,,,,,,,-42.98309556898813,-420.37421797290244,422.56600625348705,True,dwarf
15.00218996385,-33.97749526508,105.31999969482422,2.440000057220459,Walker+2023 (m2fshi),,,,,,,,,-46.21130048049133,-402.7066739114995,405.3494165592952,True,dwarf
14.99370795969,-33.9652698931,,,Walker+2023 (m2fshi),,,,,,,,,-56.80206135751458,-384.356596484946,388.53116662110193,False,dwarf
15.00452046176,-33.95009070664,108.0199966430664,1.100000023841858,Walker+2023 (m2fshi),,,,,,,,,-43.301404938867755,-361.5728932758384,364.15651692856005,True,dwarf
15.01892457648,-34.05159957185,9.609999656677246,1.1200000047683716,Walker+2023 (m2fshi),,,,,,,,,-25.316205713891698,-513.9359902133156,514.5591436446244,True,dwarf
15.01303285198,-34.04849625762,,,Walker+2023 (m2fshi),,,,,,,,,-32.67270355988918,-509.2779678240951,510.32494948704243,False,dwarf
15.02092851974,-34.02127831146,121.4000015258789,0.4699999988079071,Walker+2023 (m2fshi),,,,,,,,,-22.81405133181071,-468.424289077557,468.9795257108621,True,dwarf
15.02063330913,-34.01455080198,,,Walker+2023 (m2fshi),,,,,,,,,-23.182655840827895,-458.32641066143884,458.91233829744885,False,dwarf
15.01052139225,-34.01391739175,,,Walker+2023 (m2fshi),,,,,,,,,-35.80855081378733,-457.37567257490764,458.77528069277304,False,dwarf
15.01657530023,-34.006394425,,,Walker+2023 (m2fshi),,,,,,,,,-28.24954817971512,-446.08382619464027,446.9774233278545,False,dwarf
15.02115710886,-33.99981687725,115.63999938964844,0.8899999856948853,Walker+2023 (m2fshi),,,,,,,,,-22.528631440078353,-436.2110378093891,436.7924092075172,True,dwarf
15.01190705127,-33.98010119388,,,Walker+2023 (m2fshi),,,,,,,,,-34.07839564514027,-406.61812914789874,408.04367413487,False,dwarf
14.95261680365,-34.09284401979,,,Walker+2023 (m2fshi),,,,,,,,,-108.10911091453403,-575.8432118792716,585.9035624829113,False,dwarf
14.95921542553,-34.16330403607,,,Walker+2023 (m2fshi),,,,,,,,,-99.8699701253171,-681.6025095374272,688.8802449922267,False,dwarf
14.96669588429,-34.21733066203,,,Walker+2023 (m2fshi),,,,,,,,,-90.52975424200089,-762.6955651175338,768.0495826787951,False,dwarf
14.96607169597,-34.28091566045,115.2300033569336,2.5999999046325684,Walker+2023 (m2fshi),,,,,,,,,-91.30912538055226,-858.135576765713,862.9797358506075,True,dwarf
14.94540781724,-34.11596859359,112.20999908447266,2.559999942779541,Walker+2023 (m2fshi),,,,,,,,,-117.11036224544468,-610.5528076592879,621.6828515295389,True,dwarf
14.93823629568,-34.11722360831,,,Walker+2023 (m2fshi),,,,,,,,,-126.06483438830895,-612.4365636154405,625.2766483105228,False,dwarf
14.93583907122,-34.13102074541,18.510000228881836,0.699999988079071,Walker+2023 (m2fshi),,,,,,,,,-129.058045726745,-633.1458340134272,646.1653242749605,True,dwarf
14.92554677214,-34.1404809408,71.26000213623047,1.090000033378601,Walker+2023 (m2fshi),,,,,,,,,-141.9091686895372,-647.3454279530602,662.7173720749187,True,dwarf
14.91951216817,-34.19747467872,-57.459999084472656,1.7200000286102295,Walker+2023 (m2fshi),,,,,,,,,-149.4440680397634,-732.8920686092026,747.9734712558659,True,dwarf
14.94392976408,-34.21500710788,-68.25,1.7400000095367432,Walker+2023 (m2fshi),,,,,,,,,-118.95588215863866,-759.2079494746666,768.470697193893,True,dwarf
15.15199116725,-34.06277885173,114.1500015258789,0.7599999904632568,Walker+2023 (m2fshi),,,,,,,,,140.8327865503839,-530.7159010174098,549.0840020982829,True,dwarf
15.14347731952,-34.05764543447,4.309999942779541,0.6100000143051147,Walker+2023 (m2fshi),,,,,,,,,130.20226530199835,-523.0107281737488,538.9738877483834,True,dwarf
15.10873663489,-34.05660235333,,,Walker+2023 (m2fshi),,,,,,,,,86.82451203993175,-521.4450809515251,528.6241276554778,False,dwarf
15.13175711185,-34.05048286596,68.73999786376953,0.6399999856948853,Walker+2023 (m2fshi),,,,,,,,,115.56823370751488,-512.2598334814286,525.1344148317606,True,dwarf
15.08170434721,-34.04240788816,111.5999984741211,0.7599999904632568,Walker+2023 (m2fshi),,,,,,,,,53.07158179169501,-500.139427812774,502.94735315613457,True,dwarf
15.07684889265,-34.0349138721,,,Walker+2023 (m2fshi),,,,,,,,,47.00898653423418,-488.8910359305581,491.1458946466213,False,dwarf
15.11795713437,-34.02537477029,,,Walker+2023 (m2fshi),,,,,,,,,98.33736953413816,-474.57300478356257,484.6542841203335,False,dwarf
15.11451210653,-34.01612740875,,,Walker+2023 (m2fshi),,,,,,,,,94.03585477655707,-460.69287086797027,470.19215566843525,False,dwarf
15.08797455099,-34.09189590691,,,Walker+2023 (m2fshi),,,,,,,,,60.900654689035456,-574.420110415728,577.6394662690304,False,dwarf
15.08021993238,-34.0992823216,,,Walker+2023 (m2fshi),,,,,,,,,51.21811859947521,-585.5069944539322,587.7429167819438,False,dwarf
15.10107007397,-34.12024476862,54.060001373291016,1.2100000381469727,Walker+2023 (m2fshi),,,,,,,,,77.25192613673948,-616.9712743544853,621.7888817520251,True,dwarf
15.083042,-34.140149,,,Walker+2023 (m2fshi),,,,,,,,,54.741795643061245,-646.8471904032227,649.1594194978378,False,dwarf
15.07844818064,-34.1530064775,-22.149999618530273,0.8799999952316284,Walker+2023 (m2fshi),,,,,,,,,49.005882121181344,-666.1460475685661,667.9462052992722,True,dwarf
15.08302097926,-34.23224296864,,,Walker+2023 (m2fshi),,,,,,,,,54.715548823725044,-785.0786861669175,786.9830587481885,False,dwarf
15.04858654743,-34.07263857859,,,Walker+2023 (m2fshi),,,,,,,,,11.720187518976502,-545.5151849640813,545.6410723377372,False,dwarf
15.05818812725,-34.079545765,113.27999877929688,1.3700000047683716,Walker+2023 (m2fshi),,,,,,,,,23.708867788056196,-555.8827554257776,556.3881272920428,True,dwarf
15.0516317575,-34.15337791171,,,Walker+2023 (m2fshi),,,,,,,,,15.522483658342644,-666.7035640616087,666.8842402031819,False,dwarf
15.14830594859,-34.08315687638,-65.02999877929688,2.7100000381469727,Walker+2023 (m2fshi),,,,,,,,,136.23136583997717,-561.302972784181,577.5984870954777,True,dwarf
15.17083033772,-34.09477803204,,,Walker+2023 (m2fshi),,,,,,,,,164.3556646114609,-578.7461316913968,601.6310077095683,False,dwarf
15.17215814055,-34.09845678502,107.2699966430664,1.809999942779541,Walker+2023 (m2fshi),,,,,,,,,166.01357965124092,-584.2678779521013,607.3956386370177,True,dwarf
15.15205549401,-34.10137086698,111.7699966430664,1.7999999523162842,Walker+2023 (m2fshi),,,,,,,,,140.91310593249318,-588.6418658913419,605.2732851395166,True,dwarf
15.17768938063,-34.11236813418,,,Walker+2023 (m2fshi),,,,,,,,,172.91997110491795,-605.1485787284463,629.3696201311152,False,dwarf
15.1918389214,-34.17508713004,111.3499984741211,1.100000023841858,Walker+2023 (m2fshi),,,,,,,,,190.5873053796917,-699.288735120386,724.795320099517,True,dwarf
15.15931597488,-34.20446507597,,,Walker+2023 (m2fshi),,,,,,,,,149.9786540383267,-743.3845371402012,758.3628199788669,False,dwarf
15.12824583682,-34.1093078422,,,Walker+2023 (m2fshi),,,,,,,,,111.18400168938248,-600.5551320118414,610.7604676282059,False,dwarf
15.13498700742,-34.11067170899,,,Walker+2023 (m2fshi),,,,,,,,,119.60113100328591,-602.6022730916217,614.3565170749429,False,dwarf
15.13969328687,-34.16270919092,,,Walker+2023 (m2fshi),,,,,,,,,125.47746392357101,-680.7096569864237,692.1778897561419,False,dwarf
15.1375656799,-34.21154335467,,,Walker+2023 (m2fshi),,,,,,,,,122.82090113080571,-754.008914247438,763.9466058038241,False,dwarf
15.1224683357,-34.2295176323,,,Walker+2023 (m2fshi),,,,,,,,,103.97012491280874,-780.9880022241955,787.8781926748101,False,dwarf
15.13356721914,-34.24669297163,,,Walker+2023 (m2fshi),,,,,,,,,117.82836151557798,-806.7678972693828,815.3269055059493,False,dwarf
15.03135271229,-34.04411604806,,,Walker+2023 (m2fshi),,,,,,,,,-9.798244153395242,-502.70334705164885,502.798827291214,False,dwarf
15.03195143935,-34.02755928079,109.72000122070312,0.5699999928474426,Walker+2023 (m2fshi),,,,,,,,,-9.050664335767179,-477.8519182497336,477.93762176655315,True,dwarf
15.04557168208,-34.02635679245,101.95999908447266,0.41999998688697815,Walker+2023 (m2fshi),,,,,,,,,7.955780263809024,-476.04700350524666,476.1134780553165,True,dwarf
15.03726485044,-34.02235675671,,,Walker+2023 (m2fshi),,,,,,,,,-2.416257509974834,-470.0430172332526,470.0492275816378,False,dwarf
15.02669242338,-33.98789984408,108.66999816894531,1.4600000381469727,Walker+2023 (m2fshi),,,,,,,,,-15.617152577940645,-418.3237717432109,418.6151854150882,True,dwarf
15.0320168467,-33.9822067972,,,Walker+2023 (m2fshi),,,,,,,,,-8.968995712365954,-409.77860426594106,409.8767465936939,False,dwarf
15.02149771997,-33.97124615553,,,Walker+2023 (m2fshi),,,,,,,,,-22.103339168343094,-393.3268657324769,393.9474341956357,False,dwarf
15.02352803987,-33.95945208918,123.4000015258789,0.46000000834465027,Walker+2023 (m2fshi),,,,,,,,,-19.56825050779542,-375.6241707919512,376.13353228750657,True,dwarf
15.05558800687,-34.06113870926,,,Walker+2023 (m2fshi),,,,,,,,,20.462317482655756,-528.2540747953202,528.6502378459891,False,dwarf
15.0628542516,-34.05866932785,,,Walker+2023 (m2fshi),,,,,,,,,29.535062432752362,-524.5475748913992,525.3784143237659,False,dwarf
15.0670380622,-34.03967107793,111.79000091552734,1.8300000429153442,Walker+2023 (m2fshi),,,,,,,,,34.759032709529166,-496.03152175442864,497.24788680186094,True,dwarf
15.07634342313,-34.02387895887,125.83999633789062,0.6700000166893005,Walker+2023 (m2fshi),,,,,,,,,46.37784951567379,-472.3278170365182,474.5992748331808,True,dwarf
15.05400248359,-34.02017598662,,,Walker+2023 (m2fshi),,,,,,,,,18.482608724362542,-466.76971805949074,467.13550124411904,False,dwarf
15.06604468851,-33.9965174463,107.41000366210938,1.7400000095367432,Walker+2023 (m2fshi),,,,,,,,,33.51869103863964,-431.25864752669685,432.5592719102199,True,dwarf
15.07575674804,-33.99562345785,,,Walker+2023 (m2fshi),,,,,,,,,45.64531797318818,-429.91678592096116,432.33313297673936,False,dwarf
15.04747850189,-33.97533867339,111.11000061035156,1.2000000476837158,Walker+2023 (m2fshi),,,,,,,,,10.336664812121699,-399.46966610889746,399.6033793408061,True,dwarf
15.01909250152,-34.08542670884,22.770000457763672,0.5799999833106995,Walker+2023 (m2fshi),,,,,,,,,-25.106531925674407,-564.7099530751984,565.2677852553848,True,dwarf
15.01421054459,-34.08962672493,,,Walker+2023 (m2fshi),,,,,,,,,-31.202218450019814,-571.0141064842273,571.8659705212256,False,dwarf
15.02266203463,-34.14512910137,,,Walker+2023 (m2fshi),,,,,,,,,-20.649557972641155,-654.3222386783356,654.6479941720544,False,dwarf
15.00656202603,-34.18762515293,132.75,0.6700000166893005,Walker+2023 (m2fshi),,,,,,,,,-40.7522763849585,-718.1080962967901,719.2635024784422,True,dwarf
15.03455142522,-34.22929386646,-52.290000915527344,0.8199999928474426,Walker+2023 (m2fshi),,,,,,,,,-5.804281981620647,-780.6521334673035,780.6737110831739,True,dwarf
15.03325068408,-34.30452402534,117.05999755859375,1.1699999570846558,Walker+2023 (m2fshi),,,,,,,,,-7.428407378968506,-893.5713348231844,893.6022110838107,True,dwarf
15.0047561585,-34.09382148801,,,Walker+2023 (m2fshi),,,,,,,,,-43.0071103634693,-577.3103752137207,578.9100801257675,False,dwarf
14.99467843165,-34.13295599066,,,Walker+2023 (m2fshi),,,,,,,,,-55.59031513900762,-636.0506045377905,638.4752576804702,False,dwarf
14.9940481056,-34.13740444422,12.65999984741211,0.6399999856948853,Walker+2023 (m2fshi),,,,,,,,,-56.377349941657094,-642.7276584047847,645.1955118140095,True,dwarf
15.00573983404,-34.14286634106,5.039999961853027,0.6399999856948853,Walker+2023 (m2fshi),,,,,,,,,-41.778877951857254,-650.9258735653323,652.2652585564458,True,dwarf
14.9713683162,-34.20277529685,,,Walker+2023 (m2fshi),,,,,,,,,-84.69568388085823,-740.8482071425174,745.6738059596358,False,dwarf
14.99098141587,-34.25967641993,23.15999984741211,1.899999976158142,Walker+2023 (m2fshi),,,,,,,,,-60.20646591493004,-826.2558344837794,828.446451230526,True,dwarf
14.960583,-34.035393,132.14999389648438,3.9700000286102295,Walker+2023 (m2fshi),,,,,,,,,-98.16239560400338,-489.6101988383703,499.35358486473825,True,dwarf
14.95505387045,-33.98609713099,115.41999816894531,1.590000033378601,Walker+2023 (m2fshi),,,,,,,,,-105.06615181745693,-415.6179297587255,428.69238364433045,True,dwarf
14.94293863243,-33.97289883052,13.779999732971191,0.5799999833106995,Walker+2023 (m2fshi),,,,,,,,,-120.1934243838981,-395.8075030559973,413.6544919864296,True,dwarf
14.95574840995,-33.97120224934,108.70999908447266,1.3300000429153442,Walker+2023 (m2fshi),,,,,,,,,-104.19893911330999,-393.26096328082104,406.83117401804225,True,dwarf
14.96108702605,-33.96865611591,103.62999725341797,0.6899999976158142,Walker+2023 (m2fshi),,,,,,,,,-97.53306092429142,-389.43925988763596,401.4668543168803,True,dwarf
14.93819183867,-33.94207760166,,,Walker+2023 (m2fshi),,,,,,,,,-126.12034409489736,-349.54535766787643,371.60233888093194,False,dwarf
14.95774301899,-33.93815789092,,,Walker+2023 (m2fshi),,,,,,,,,-101.70843958191615,-343.66193786794196,358.39661580620077,False,dwarf
14.94938236883,-33.93683452597,,,Walker+2023 (m2fshi),,,,,,,,,-112.14767598768795,-341.67558936780296,359.60994090719316,False,dwarf
14.96328675847,-34.05900946609,,,Walker+2023 (m2fshi),,,,,,,,,-94.78644118511517,-525.0581166605937,533.5452139263447,False,dwarf
14.97635434764,-34.04717126982,33.08000183105469,0.6800000071525574,Walker+2023 (m2fshi),,,,,,,,,-78.47004832229757,-507.2891834534414,513.3223783672041,True,dwarf
14.97331597282,-34.0266846364,,,Walker+2023 (m2fshi),,,,,,,,,-82.26380986336538,-476.5390917522214,483.58746921448244,False,dwarf
14.97187606382,-33.99467347073,116.4000015258789,1.9600000381469727,Walker+2023 (m2fshi),,,,,,,,,-84.0617023915932,-428.4908712547395,436.65867282995595,True,dwarf
14.96330374994,-33.9806737982,,,Walker+2023 (m2fshi),,,,,,,,,-94.76522537428396,-407.4775985876782,418.35205424501004,False,dwarf
14.9665590068,-33.96186537648,,,Walker+2023 (m2fshi),,,,,,,,,-90.7006615816681,-379.2464743815656,389.94166017777553,False,dwarf
14.97102795685,-33.95325203637,,,Walker+2023 (m2fshi),,,,,,,,,-85.1206618011817,-366.3179959533984,376.07765318453204,False,dwarf
14.97760054995,-33.93959811963,,,Walker+2023 (m2fshi),,,,,,,,,-76.91402094708714,-345.82369690346695,354.2736173612564,False,dwarf
14.855928349,-34.07347505558,-115.5199966430664,0.9100000262260437,Walker+2023 (m2fshi),,,,,,,,,-228.83580279660964,-546.7707228370466,592.7259467859622,True,dwarf
14.85462670396,-34.07952102327,,,Walker+2023 (m2fshi),,,,,,,,,-230.46105681739752,-555.8456185057789,601.7280534605842,False,dwarf
14.83823265968,-34.13924151459,71.51000213623047,2.1700000762939453,Walker+2023 (m2fshi),,,,,,,,,-250.93091270305632,-645.4850700878462,692.5440770494688,True,dwarf
14.84265883995,-34.14594914369,142.83999633789062,4.269999980926514,Walker+2023 (m2fshi),,,,,,,,,-245.40431592782704,-655.5531083884407,699.9808255900667,True,dwarf
14.84602567881,-34.16085778746,100.44000244140625,0.6399999856948853,Walker+2023 (m2fshi),,,,,,,,,-241.20042913348982,-677.9307315766803,719.5607853616486,True,dwarf
14.85267868042,-34.23047428097,,,Walker+2023 (m2fshi),,,,,,,,,-232.89338897684624,-782.4239157647601,816.3495051690672,False,dwarf
14.84345696455,-34.27353416516,,,Walker+2023 (m2fshi),,,,,,,,,-244.40776527432178,-847.0560766640496,881.6116791081434,False,dwarf
14.81253608973,-34.06942945712,125.26000213623047,2.869999885559082,Walker+2023 (m2fshi),,,,,,,,,-283.0160452456096,-540.6983476897593,610.2890995756853,True,dwarf
14.83248509926,-34.16994043368,117.87000274658203,1.2200000286102295,Walker+2023 (m2fshi),,,,,,,,,-258.1074050610219,-691.5636305712935,738.1596627263528,True,dwarf
14.79712907827,-34.1748757308,,,Walker+2023 (m2fshi),,,,,,,,,-302.2534767682039,-698.9714284218054,761.5236187857118,False,dwarf
14.83570661105,-34.20205629869,,,Walker+2023 (m2fshi),,,,,,,,,-254.08497588192526,-739.7690030146515,782.1875432338526,False,dwarf
14.80323971517,-34.2096221725,92.16000366210938,1.840000033378601,Walker+2023 (m2fshi),,,,,,,,,-294.6236415319296,-751.1252521692904,806.8408979445173,True,dwarf
14.83028198636,-34.22422818241,,,Walker+2023 (m2fshi),,,,,,,,,-260.8582457195309,-773.0486270310201,815.8745026745329,False,dwarf
14.90161535997,-34.05953521184,100.52999877929688,1.0199999809265137,Walker+2023 (m2fshi),,,,,,,,,-171.79029807369164,-525.8472521760607,553.1972877133088,True,dwarf
14.89307484261,-34.02374328166,115.19999694824219,0.6299999952316284,Walker+2023 (m2fshi),,,,,,,,,-182.45411943236923,-472.124167829568,506.1528776433098,True,dwarf
14.91321518332,-34.00477722648,115.44999694824219,1.2300000190734863,Walker+2023 (m2fshi),,,,,,,,,-157.30658019308805,-443.6564384550532,470.7190197502825,True,dwarf
14.88686404677,-34.00382856938,,,Walker+2023 (m2fshi),,,,,,,,,-190.20901466192115,-442.23252012644963,481.40323131035336,False,dwarf
14.91790140478,-33.97954460048,5.440000057220459,0.4099999964237213,Walker+2023 (m2fshi),,,,,,,,,-151.4552919876793,-405.78269182935566,433.126192303526,True,dwarf
14.89963144335,-33.97915200164,,,Walker+2023 (m2fshi),,,,,,,,,-174.2674468849875,-405.19340758318157,441.0791772376953,False,dwarf
14.8985975745,-33.94156434302,20.329999923706055,0.4099999964237213,Walker+2023 (m2fshi),,,,,,,,,-175.55835143561194,-348.7749650941943,390.4672982917344,True,dwarf
14.93497530426,-34.02409224457,101.91999816894531,2.0399999618530273,Walker+2023 (m2fshi),,,,,,,,,-130.13655844075558,-472.6479552797858,490.23628330935134,True,dwarf
14.92196907366,-33.99794575999,110.68000030517578,1.149999976158142,Walker+2023 (m2fshi),,,,,,,,,-146.37633804916243,-433.40252231790475,457.45358091527123,True,dwarf
14.9344995069,-33.97896268598,,,Walker+2023 (m2fshi),,,,,,,,,-130.73064634387654,-404.9092479662122,425.4903065664966,False,dwarf
14.92475962482,-33.97834886036,94.19999694824219,1.7000000476837158,Walker+2023 (m2fshi),,,,,,,,,-142.89201294236258,-403.98790604943224,428.51412531785365,True,dwarf
14.93714130724,-33.9613915313,,,Walker+2023 (m2fshi),,,,,,,,,-127.43205379923677,-378.5352407474987,399.40938499646995,False,dwarf
14.93001225111,-33.9606772332,111.63999938964844,3.2200000286102295,Walker+2023 (m2fshi),,,,,,,,,-136.33350295293192,-377.4630913305266,401.3293028726093,True,dwarf
14.92630566622,-33.95262409854,106.19000244140625,1.4199999570846558,Walker+2023 (m2fshi),,,,,,,,,-140.96160186680885,-365.3754718471058,391.62406543565726,True,dwarf
14.92988328037,-33.94631617594,101.12999725341797,0.4099999964237213,Walker+2023 (m2fshi),,,,,,,,,-136.4945378029185,-355.90738627063433,381.18345511318677,True,dwarf
14.7008726047,-34.09437165514,123.51000213623047,1.5099999904632568,Walker+2023 (m2fshi),,,,,,,,,-422.440790428414,-578.1361668092278,716.029083760325,True,dwarf
14.6893793121,-34.21070891578,,,Walker+2023 (m2fshi),,,,,,,,,-436.79149237575075,-752.7564355282439,870.3040038061544,False,dwarf
14.67806553925,-34.22507623671,169.75,1.7599999904632568,Walker+2023 (m2fshi),,,,,,,,,-450.918043201595,-774.3215422513022,896.0473941032308,True,dwarf
14.70075200592,-34.22758240153,-5.820000171661377,1.7200000286102295,Walker+2023 (m2fshi),,,,,,,,,-422.59137192035246,-778.0832534340636,885.4360603093048,True,dwarf
14.67289439151,-34.14010796514,111.19000244140625,1.1799999475479126,Walker+2023 (m2fshi),,,,,,,,,-457.3748178200711,-646.7855977695216,792.1637036989391,True,dwarf
14.67571099969,-34.1523204656,,,Walker+2023 (m2fshi),,,,,,,,,-453.85795751725203,-665.1163552613643,805.212277376527,False,dwarf
14.76774094177,-34.06557543808,111.0999984741211,1.6100000143051147,Walker+2023 (m2fshi),,,,,,,,,-338.9479560942721,-534.9135300250598,633.2599794273716,True,dwarf
14.78246655415,-34.0638245887,20.290000915527344,0.4099999964237213,Walker+2023 (m2fshi),,,,,,,,,-320.5613299452617,-532.2855345957329,621.3593618801765,True,dwarf
14.77499949875,-34.00363353297,120.93000030517578,2.109999895095825,Walker+2023 (m2fshi),,,,,,,,,-329.8848101870876,-441.93977376009497,551.4841354230372,True,dwarf
14.78410575949,-33.98572526514,,,Walker+2023 (m2fshi),,,,,,,,,-318.5145929410361,-415.05976538131796,523.1884505173912,False,dwarf
14.77248944023,-33.9844985721,,,Walker+2023 (m2fshi),,,,,,,,,-333.01890786862526,-413.2185197898233,530.7081477566596,False,dwarf
14.78631841416,-33.9703908946,,,Walker+2023 (m2fshi),,,,,,,,,-315.7518382817176,-392.0431334819612,503.3855797384732,False,dwarf
14.79296033955,-33.96569329289,104.9800033569336,1.3300000429153442,Walker+2023 (m2fshi),,,,,,,,,-307.4586280637581,-384.9921124382898,492.69639191955235,True,dwarf
14.78204456788,-33.95557570806,,,Walker+2023 (m2fshi),,,,,,,,,-321.088228493605,-369.8057880218257,489.7488859932251,False,dwarf
14.82039313567,-34.03037712539,102.06999969482422,0.6800000071525574,Walker+2023 (m2fshi),,,,,,,,,-273.2056168161201,-482.0814555325617,554.1153659918392,True,dwarf
14.81762546033,-34.02668362589,99.4800033569336,1.7799999713897705,Walker+2023 (m2fshi),,,,,,,,,-276.66137882215486,-476.5375749937404,551.0259330673018,True,dwarf
14.80821632465,-34.01074265842,118.48999786376953,0.4300000071525574,Walker+2023 (m2fshi),,,,,,,,,-288.4097703775693,-452.6104513195206,536.6902424051535,True,dwarf
14.811676044,-33.99630886492,,,Walker+2023 (m2fshi),,,,,,,,,-284.089911574594,-430.9455703885254,516.1600163669714,False,dwarf
14.82752408413,-33.9948237391,102.4000015258789,0.41999998688697815,Walker+2023 (m2fshi),,,,,,,,,-264.30180487007544,-428.71642154709025,503.63996481784665,True,dwarf
14.80145199141,-33.97988494766,,,Walker+2023 (m2fshi),,,,,,,,,-296.8558209200991,-406.2935472139717,503.18766372185416,False,dwarf
14.80890253395,-33.95088023983,,,Walker+2023 (m2fshi),,,,,,,,,-287.55295888929317,-362.7579692956997,462.9039300476151,False,dwarf
15.25092544802,-33.41099863729,,,Walker+2023 (m2fshi),,,,,,,,,264.36365147454217,447.595222737212,519.8361507611102,False,dwarf
15.24828323081,-33.37136006812,,,Walker+2023 (m2fshi),,,,,,,,,261.06453841960735,507.0920474176641,570.3481724126774,False,dwarf
15.254236211,-33.37119950261,,,Walker+2023 (m2fshi),,,,,,,,,268.4975210624653,507.3330535437297,574.0015209341295,False,dwarf
15.24277827406,-33.3642632342,92.62000274658203,1.2999999523162842,Walker+2023 (m2fshi),,,,,,,,,254.19096473609943,517.7442755975876,576.7774106772383,True,dwarf
15.25952588779,-33.28491473308,,,Walker+2023 (m2fshi),,,,,,,,,275.10229287615954,636.8450392893019,693.7239188705495,False,dwarf
15.26651831278,-33.25655248455,64.93000030517578,2.0999999046325684,Walker+2023 (m2fshi),,,,,,,,,283.8331422865907,679.4162966193951,736.3204171909766,True,dwarf
15.24249066371,-33.2193856237,11.579999923706055,2.549999952316284,Walker+2023 (m2fshi),,,,,,,,,253.83185002863638,735.2031287432277,777.7880486371536,True,dwarf
15.2680573091,-33.39684088676,93.1500015258789,1.1200000047683716,Walker+2023 (m2fshi),,,,,,,,,285.75475676687716,468.8457678197024,549.0647821681367,True,dwarf
15.28363084269,-33.35709636373,84.4800033569336,2.7899999618530273,Walker+2023 (m2fshi),,,,,,,,,305.2001103826859,528.5016274594194,610.2958934851672,True,dwarf
15.28319134537,-33.32025314169,-8.229999542236328,0.5699999928474426,Walker+2023 (m2fshi),,,,,,,,,304.6513472679276,583.8026831805665,658.511971251087,True,dwarf
15.29842422847,-33.31988871398,14.529999732971191,0.5699999928474426,Walker+2023 (m2fshi),,,,,,,,,323.67135944152375,584.3496830351215,668.0027701933361,True,dwarf
15.27851746215,-33.31593959069,,,Walker+2023 (m2fshi),,,,,,,,,298.81546477879124,590.2772505772056,661.6025351674147,False,dwarf
15.28963683244,-33.27295541424,,,Walker+2023 (m2fshi),,,,,,,,,312.6992815776315,654.7957754339186,725.6296219320664,False,dwarf
15.28006182816,-33.26983555268,111.16000366210938,1.5499999523162842,Walker+2023 (m2fshi),,,,,,,,,300.74378393661937,659.4786350867691,724.8164551887768,True,dwarf
15.33946596849,-33.42160639854,112.33000183105469,1.6100000143051147,Walker+2023 (m2fshi),,,,,,,,,374.91670739578444,431.6731517705044,571.7554087579558,True,dwarf
15.32375367348,-33.4343363494,49.130001068115234,0.8100000023841858,Walker+2023 (m2fshi),,,,,,,,,355.2980941363332,412.56570994382867,544.4696508698772,True,dwarf
15.34162005451,-33.45815031257,-5.320000171661377,0.5799999833106995,Walker+2023 (m2fshi),,,,,,,,,377.6063323377213,376.82135233103264,533.4612205157315,True,dwarf
15.32629078474,-33.4687610904,175.75999450683594,1.1100000143051147,Walker+2023 (m2fshi),,,,,,,,,358.4659702851975,360.89475352855163,508.6677451705997,True,dwarf
15.32042566052,-33.48246127171,57.540000915527344,0.5199999809265137,Walker+2023 (m2fshi),,,,,,,,,351.1426859580145,340.3310121382996,489.0055048001896,True,dwarf
15.34229821443,-33.49319221035,,,Walker+2023 (m2fshi),,,,,,,,,378.45309324630125,324.22405398391163,498.34524274789266,False,dwarf
15.33705661779,-33.51578524275,113.95999908447266,2.309999942779541,Walker+2023 (m2fshi),,,,,,,,,371.9083550475366,290.31229289239826,471.8019202574383,True,dwarf
15.34176078561,-33.52387769402,,,Walker+2023 (m2fshi),,,,,,,,,377.7820513541159,278.16565983958384,469.14327517221744,False,dwarf
15.3025472139,-33.43011475663,87.05000305175781,1.4299999475479126,Walker+2023 (m2fshi),,,,,,,,,328.8193824753381,418.90224958611765,532.542280950323,True,dwarf
15.30478622339,-33.47997284462,,,Walker+2023 (m2fshi),,,,,,,,,331.6150441683378,344.0660992871036,477.85983111934786,False,dwarf
15.31173563887,-33.48815635863,,,Walker+2023 (m2fshi),,,,,,,,,340.29219124294275,331.7827825953441,475.2668621391911,False,dwarf
15.31069118082,-33.50260114426,102.44000244140625,0.6000000238418579,Walker+2023 (m2fshi),,,,,,,,,338.9880648543014,310.1014026623585,459.42985106197256,True,dwarf
15.2988459368,-33.50907170379,,,Walker+2023 (m2fshi),,,,,,,,,324.197910949711,300.389201793311,441.970539762753,False,dwarf
15.31922524247,-33.51346685044,24.40999984741211,0.699999988079071,Walker+2023 (m2fshi),,,,,,,,,349.64382551416526,293.7921607003673,456.6887763118013,True,dwarf
15.30051715263,-33.52214346634,102.83000183105469,1.1699999570846558,Walker+2023 (m2fshi),,,,,,,,,326.2846167441836,280.7687063771818,430.4564061605018,True,dwarf
15.39549985974,-33.3988402616,108.91000366210938,1.1699999570846558,Walker+2023 (m2fshi),,,,,,,,,444.8814860074591,465.8447398609107,644.1512696939163,True,dwarf
15.37641563058,-33.38210418209,112.16000366210938,0.5799999833106995,Walker+2023 (m2fshi),,,,,,,,,421.05262389619594,490.9653133148644,646.7860936725792,True,dwarf
15.40850863765,-33.37135172086,99.75,1.1200000047683716,Walker+2023 (m2fshi),,,,,,,,,461.12444622631926,507.10457651433137,685.4128729673153,True,dwarf
15.39931720823,-33.35907740169,104.47000122070312,1.559999942779541,Walker+2023 (m2fshi),,,,,,,,,449.6478860562268,525.5281228486384,691.6379322591027,True,dwarf
15.39744011186,-33.32468926897,109.88999938964844,1.7200000286102295,Walker+2023 (m2fshi),,,,,,,,,447.30411465234704,577.1441308522525,730.1892348988185,True,dwarf
15.36541967346,-33.26156555608,,,Walker+2023 (m2fshi),,,,,,,,,407.3229026799434,671.8917606894559,785.7165424820784,False,dwarf
15.39188328247,-33.25114488302,115.8499984741211,0.6000000238418579,Walker+2023 (m2fshi),,,,,,,,,440.3657719925511,687.5330154341599,816.4702446841429,True,dwarf
15.36436568291,-33.19623273922,107.31999969482422,0.6499999761581421,Walker+2023 (m2fshi),,,,,,,,,406.0068738651574,769.9552183770693,870.4439211872516,True,dwarf
15.4117114113,-33.34995175107,,,Walker+2023 (m2fshi),,,,,,,,,465.12347867555536,539.2255707233304,712.1123974044766,False,dwarf
15.44244360826,-33.34161788285,102.98999786376953,0.8500000238418579,Walker+2023 (m2fshi),,,,,,,,,503.4961725683191,551.7345665518299,746.9400429211719,True,dwarf
15.42815279568,-33.32776502669,,,Walker+2023 (m2fshi),,,,,,,,,485.6524441383289,572.5274703203858,750.7636117773642,False,dwarf
15.43101158377,-33.28486670494,-12.039999961853027,1.350000023841858,Walker+2023 (m2fshi),,,,,,,,,489.2219709256449,636.9171287184918,803.1198949667355,True,dwarf
15.43035882637,-33.23936456543,-6.829999923706055,1.9800000190734863,Walker+2023 (m2fshi),,,,,,,,,488.4069279943194,705.215073717499,857.828437108042,True,dwarf
15.42743527108,-33.23274414186,,,Walker+2023 (m2fshi),,,,,,,,,484.7565318847347,715.1522179863891,863.9627249457975,False,dwarf
15.41790014544,-33.50364451571,,,Walker+2023 (m2fshi),,,,,,,,,472.85082732709975,308.53531968971294,564.6077828014382,False,dwarf
15.40861903829,-33.51488271863,-24.1200008392334,1.659999966621399,Walker+2023 (m2fshi),,,,,,,,,461.2622941637718,291.66696639504306,545.7403442144562,True,dwarf
15.41553854726,-33.51801264008,,,Walker+2023 (m2fshi),,,,,,,,,469.9020995099273,286.9690070167461,550.5989412558064,False,dwarf
15.40074223751,-33.52975061135,,,Walker+2023 (m2fshi),,,,,,,,,451.42719953716215,269.3505098464699,525.67690993282,False,dwarf
15.40971679491,-33.56360171975,,,Walker+2023 (m2fshi),,,,,,,,,462.6329699668332,218.54056630194418,511.65344132518766,False,dwarf
15.41293093554,-33.56852667222,,,Walker+2023 (m2fshi),,,,,,,,,466.6461954021606,211.14829559683778,512.1935907611115,False,dwarf
15.39154316221,-33.41973066301,,,Walker+2023 (m2fshi),,,,,,,,,439.9410926036781,434.4885992074807,618.3271850748573,False,dwarf
15.37455653261,-33.42000035574,112.86000061035156,3.200000047683716,Walker+2023 (m2fshi),,,,,,,,,418.7313255714355,434.0837949622598,603.1290608681103,True,dwarf
15.37944584539,-33.42017903039,,,Walker+2023 (m2fshi),,,,,,,,,424.83619672324767,433.8156073220758,607.1917120667042,False,dwarf
15.39288794357,-33.47129435564,106.56999969482422,0.9200000166893005,Walker+2023 (m2fshi),,,,,,,,,441.62020729720916,357.0923650718185,567.9290137735657,True,dwarf
15.38389044525,-33.48627102945,109.98999786376953,2.740000009536743,Walker+2023 (m2fshi),,,,,,,,,430.3857924819112,334.61262993939255,545.1582728760883,True,dwarf
15.37454705849,-33.51456921152,116.94999694824219,1.6799999475479126,Walker+2023 (m2fshi),,,,,,,,,418.71949603945734,292.13753528666643,510.55886623082495,True,dwarf
15.39984918405,-33.51886124856,,,Walker+2023 (m2fshi),,,,,,,,,450.3121192487242,285.6952599816274,533.2942774099932,False,dwarf
15.37832139459,-33.55308288183,,,Walker+2023 (m2fshi),,,,,,,,,423.43219015638823,234.32916484806944,483.9472875830894,False,dwarf
15.60393142005,-33.3969640324,-4.769999980926514,0.6200000047683716,Walker+2023 (m2fshi),,,,,,,,,705.1323386158012,468.66092828824924,846.6727116576939,True,dwarf
15.59264759836,-33.3846764438,116.13999938964844,0.5799999833106995,Walker+2023 (m2fshi),,,,,,,,,691.0431852690838,487.1043918135005,845.4651810872175,True,dwarf
15.43849349342,-33.42794535332,98.70999908447266,0.6000000238418579,Walker+2023 (m2fshi),,,,,,,,,498.56399841253403,422.15848741454386,653.2869576298219,True,dwarf
15.45140923465,-33.44112926642,-88.02999877929688,1.5700000524520874,Walker+2023 (m2fshi),,,,,,,,,514.690791601517,402.3696559118464,653.3054040477654,True,dwarf
15.44089628952,-33.45449637373,108.95999908447266,2.069999933242798,Walker+2023 (m2fshi),,,,,,,,,501.5641665863887,382.30585298553433,630.6539292119694,True,dwarf
15.43891471407,-33.46669335017,45.72999954223633,1.2200000286102295,Walker+2023 (m2fshi),,,,,,,,,499.08994099597186,363.998396786243,617.7261545914321,True,dwarf
15.44966079748,-33.52568529116,,,Walker+2023 (m2fshi),,,,,,,,,512.5076660539871,275.4524869783146,581.8403392225772,False,dwarf
15.45877489114,-33.52653583342,121.72000122070312,2.4700000286102295,Walker+2023 (m2fshi),,,,,,,,,523.8876636044502,274.175837371986,591.2957583777844,True,dwarf
15.45370520356,-33.53170263657,112.97000122070312,1.9299999475479126,Walker+2023 (m2fshi),,,,,,,,,517.5575737025622,266.42055286976586,582.1045894753921,True,dwarf
15.43606107363,-33.54150123111,109.19999694824219,0.7300000190734863,Walker+2023 (m2fshi),,,,,,,,,495.5268416436309,251.71302750575308,555.7933959714023,True,dwarf
15.42643135892,-33.43506014881,11.140000343322754,4.139999866485596,Walker+2023 (m2fshi),,,,,,,,,483.5030317180865,411.47929922058,634.8940032538035,True,dwarf
15.42252924417,-33.46132896301,,,Walker+2023 (m2fshi),,,,,,,,,478.6307912130834,372.0502515595085,606.2250605037339,False,dwarf
15.42140572154,-33.4865482628,128.83999633789062,2.259999990463257,Walker+2023 (m2fshi),,,,,,,,,477.22794357356156,334.19650735055995,582.6094881245613,True,dwarf
15.42966068753,-33.49281837728,,,Walker+2023 (m2fshi),,,,,,,,,487.53522109887945,324.7851711253993,585.8122559275183,False,dwarf
15.42883056963,-33.49673741413,106.5199966430664,0.6000000238418579,Walker+2023 (m2fshi),,,,,,,,,486.4987231188272,318.9027628230099,581.7043748609753,True,dwarf
15.43526825854,-33.49882513798,22.649999618530273,0.6600000262260437,Walker+2023 (m2fshi),,,,,,,,,494.5369205259932,315.7691244882885,586.7511446460354,True,dwarf
15.43006139418,-33.54742565157,,,Walker+2023 (m2fshi),,,,,,,,,488.0355495863381,242.8205721819865,545.105978626933,False,dwarf
15.43248377253,-33.57460578844,,,Walker+2023 (m2fshi),,,,,,,,,491.0601684587867,202.0236445429078,530.9930715189898,False,dwarf
15.63424128702,-33.46551784968,119.38999938964844,1.1100000143051147,Walker+2023 (m2fshi),,,,,,,,,742.977704786142,365.76280322244423,828.1293969123569,True,dwarf
15.65484843906,-33.47613741483,,,Walker+2023 (m2fshi),,,,,,,,,768.7081118332503,349.8230148006576,844.5639720485725,False,dwarf
15.66761532099,-33.49223244701,,,Walker+2023 (m2fshi),,,,,,,,,784.6490370102736,325.6646425916947,849.5478625218981,False,dwarf
15.65302175806,-33.50203933382,,,Walker+2023 (m2fshi),,,,,,,,,766.4272898359171,310.94467067006383,827.1017947165533,False,dwarf
15.64941921125,-33.52692812607,,,Walker+2023 (m2fshi),,,,,,,,,761.9290944692008,273.5870127118378,809.5590148489754,False,dwarf
15.63204083192,-33.53469465114,101.91000366210938,0.6000000238418579,Walker+2023 (m2fshi),,,,,,,,,740.230182697598,261.9295893955513,785.205599303419,True,dwarf
15.57846315388,-33.41352948535,113.01000213623047,1.9500000476837158,Walker+2023 (m2fshi),,,,,,,,,673.3322696850632,443.7964624269468,806.4314263853506,True,dwarf
15.60524484923,-33.42516234918,61.61000061035156,1.1699999570846558,Walker+2023 (m2fshi),,,,,,,,,706.7723064950776,426.33572975375245,825.4024761854283,True,dwarf
15.59563913318,-33.43484516645,-174.8000030517578,2.0,Walker+2023 (m2fshi),,,,,,,,,694.7784616655885,411.80198412192937,807.6496671955974,True,dwarf
15.60573307594,-33.45751237478,-3.5799999237060547,0.949999988079071,Walker+2023 (m2fshi),,,,,,,,,707.3819138758117,377.7788862088476,801.9389371665425,True,dwarf
15.59147320501,-33.51052849741,116.12000274658203,1.7000000476837158,Walker+2023 (m2fshi),,,,,,,,,689.5768196660027,298.202579106871,751.2928646051874,True,dwarf
15.57847102461,-33.56938984913,,,Walker+2023 (m2fshi),,,,,,,,,673.3420971996242,209.8526815936743,705.2855647418598,False,dwarf
15.67206734304,-33.44768928763,110.01000213623047,2.430000066757202,Walker+2023 (m2fshi),,,,,,,,,790.2079002295524,392.5231745679465,882.3281521962772,True,dwarf
15.68173873835,-33.45954616528,115.18000030517578,0.8299999833106995,Walker+2023 (m2fshi),,,,,,,,,802.283753193451,374.7262009240586,885.4823241020389,True,dwarf
15.67358415097,-33.47116467763,39.529998779296875,0.6700000166893005,Walker+2023 (m2fshi),,,,,,,,,792.1018099447512,357.2870095806249,868.9529817733617,True,dwarf
15.68971002666,-33.50316224373,49.58000183105469,1.2699999809265137,Walker+2023 (m2fshi),,,,,,,,,812.2368264035676,309.25920180864506,869.120196560556,True,dwarf
15.51537676507,-33.41887907311,98.27999877929688,0.5799999833106995,Walker+2023 (m2fshi),,,,,,,,,594.5616341279305,435.7668213038124,737.1541625237585,True,dwarf
15.56715553067,-33.42020362294,148.91000366210938,3.2799999713897705,Walker+2023 (m2fshi),,,,,,,,,659.2133973943269,433.7786943187523,789.130064659212,True,dwarf
15.53423787872,-33.46965728269,,,Walker+2023 (m2fshi),,,,,,,,,618.1119107811172,359.5495839960836,715.0791827491838,False,dwarf
15.53668674646,-33.48631846954,99.0999984741211,0.5899999737739563,Walker+2023 (m2fshi),,,,,,,,,621.1696047134153,334.541423163349,705.5279169756358,True,dwarf
15.51888004653,-33.50415203062,,,Walker+2023 (m2fshi),,,,,,,,,598.9358852515923,307.7735483580242,673.3860346866406,False,dwarf
15.52653208482,-33.52090717361,,,Walker+2023 (m2fshi),,,,,,,,,608.4903379755541,282.6243609416781,670.922514756582,False,dwarf
15.56007405901,-33.56051662025,,,Walker+2023 (m2fshi),,,,,,,,,650.371362941887,223.17124868823356,687.5960412742013,False,dwarf
15.56017283318,-33.5647588814,109.91999816894531,1.6299999952316284,Walker+2023 (m2fshi),,,,,,,,,650.4946938900381,216.8036861556868,685.6727974112637,True,dwarf
15.50626824649,-33.42432697078,90.62999725341797,1.4600000381469727,Walker+2023 (m2fshi),,,,,,,,,583.1885977081216,427.5896186616341,723.1471651634728,True,dwarf
15.50027830183,-33.46638779061,0.5899999737739563,0.5699999928474426,Walker+2023 (m2fshi),,,,,,,,,575.7094606593772,364.4570365391784,681.3738434777424,True,dwarf
15.49703987059,-33.51090237563,,,Walker+2023 (m2fshi),,,,,,,,,571.6659055947292,297.64139419598945,644.5093538175953,False,dwarf
15.49381854533,-33.5209822999,,,Walker+2023 (m2fshi),,,,,,,,,567.643709319864,282.51159764575794,634.0600788054495,False,dwarf
15.50935873719,-33.54029921398,24.920000076293945,0.8700000047683716,Walker+2023 (m2fshi),,,,,,,,,587.0474319386783,253.51723497196278,639.4495099486952,True,dwarf
15.47787209866,-33.54451398366,,,Walker+2023 (m2fshi),,,,,,,,,547.732730695665,247.19093667285043,600.9280351660514,False,dwarf
15.47787575657,-33.54943674062,,,Walker+2023 (m2fshi),,,,,,,,,547.7372980183615,239.80196139128674,597.9307052891359,False,dwarf
15.49272696165,-33.55001206552,,,Walker+2023 (m2fshi),,,,,,,,,566.2807411446481,238.9384084067494,614.6262610752021,False,dwarf
15.52344066502,-33.38587634816,96.87999725341797,1.309999942779541,Walker+2023 (m2fshi),,,,,,,,,604.6303436564428,485.30335557946944,775.304584925693,True,dwarf
15.52523515234,-33.36753546041,,,Walker+2023 (m2fshi),,,,,,,,,606.870968129676,512.8327191714188,794.5374565188237,False,dwarf
15.53644925244,-33.34313634726,68.43000030517578,1.159999966621399,Walker+2023 (m2fshi),,,,,,,,,620.8730660265581,549.4553770483587,829.0865910654767,True,dwarf
15.53383842464,-33.30352274741,,,Walker+2023 (m2fshi),,,,,,,,,617.6131462718309,608.9147232000598,867.3079836929875,False,dwarf
15.54674590593,-33.38872023778,106.4000015258789,0.9399999976158142,Walker+2023 (m2fshi),,,,,,,,,633.7296259726625,481.0347251602927,795.6177760994842,True,dwarf
15.57591135078,-33.31833877812,100.80000305175781,2.7200000286102295,Walker+2023 (m2fshi),,,,,,,,,670.1460490787634,586.6761106549736,890.6652490746022,True,dwarf
15.35795072932,-33.43767197827,,,Walker+2023 (m2fshi),,,,,,,,,397.9970641282975,407.5589871929113,569.654273306587,False,dwarf
15.35736928658,-33.46943192167,125.79000091552734,1.090000033378601,Walker+2023 (m2fshi),,,,,,,,,397.2710657785098,359.8878470912785,536.0443658772924,True,dwarf
15.36562341579,-33.47893239749,106.97000122070312,2.140000104904175,Walker+2023 (m2fshi),,,,,,,,,407.5772984874473,345.62779290468717,534.3948217100266,True,dwarf
15.36512421003,-33.49498763823,,,Walker+2023 (m2fshi),,,,,,,,,406.9539824959869,321.52914697693393,518.6449037878024,False,dwarf
15.37124868689,-33.51209576405,103.23999786376953,0.7300000190734863,Walker+2023 (m2fshi),,,,,,,,,414.6010985192261,295.85013827814686,509.334247044657,True,dwarf
15.36141077816,-33.52970996195,,,Walker+2023 (m2fshi),,,,,,,,,402.317334337553,269.41152391120846,484.19191104833016,False,dwarf
15.36556571315,-33.5396828622,,,Walker+2023 (m2fshi),,,,,,,,,407.5052500834782,254.4423686123476,480.41799278405455,False,dwarf
15.35855066845,-33.54598111017,44.0099983215332,0.6100000143051147,Walker+2023 (m2fshi),,,,,,,,,398.74615735517483,244.9888044925752,467.9936028753161,True,dwarf
15.34874000921,-33.41733964085,,,Walker+2023 (m2fshi),,,,,,,,,386.496417305909,438.0774831969747,584.2014737010675,False,dwarf
15.35315857029,-33.45753045452,85.80000305175781,0.6800000071525574,Walker+2023 (m2fshi),,,,,,,,,392.0135006432991,377.7517488236308,544.3996403616788,True,dwarf
15.34467957616,-33.46367122866,101.5199966430664,4.130000114440918,Walker+2023 (m2fshi),,,,,,,,,381.4264981360415,368.5345502703039,530.3808897606124,True,dwarf
15.34508270662,-33.47027892229,114.91000366210938,0.9700000286102295,Walker+2023 (m2fshi),,,,,,,,,381.9298530299497,358.6165134269388,523.9047779300861,True,dwarf
15.34436098957,-33.52092079244,,,Walker+2023 (m2fshi),,,,,,,,,381.02870601878936,282.6039193072285,474.3920846917237,False,dwarf
15.34762604706,-33.52669172039,,,Walker+2023 (m2fshi),,,,,,,,,385.10550702879164,273.94185365566324,472.59960931871655,False,dwarf
15.34381965742,-33.54184782228,,,Walker+2023 (m2fshi),,,,,,,,,380.3527903687212,251.1927999973198,455.8136328717756,False,dwarf
15.34829750814,-33.54241796059,,,Walker+2023 (m2fshi),,,,,,,,,385.94390366269613,250.33703199700642,460.02318024581183,False,dwarf
15.46962718952,-33.38628835917,127.5999984741211,1.7799999713897705,Walker+2023 (m2fshi),,,,,,,,,537.4380103079654,484.6849339930694,723.7120284779373,True,dwarf
15.48323891109,-33.34886790193,20.59000015258789,1.7999999523162842,Walker+2023 (m2fshi),,,,,,,,,554.4338152560806,540.8524100268892,774.5438560412883,True,dwarf
15.46757383824,-33.2911922069,30.440000534057617,1.2400000095367432,Walker+2023 (m2fshi),,,,,,,,,534.8741643120428,627.4226568187585,824.469260759924,True,dwarf
15.45090460359,-33.23915805582,101.31999969482422,2.2100000381469727,Walker+2023 (m2fshi),,,,,,,,,514.0607014970159,705.5250411638143,872.9398539033523,True,dwarf
15.48688802218,-33.3227587925,114.54000091552734,0.6299999952316284,Walker+2023 (m2fshi),,,,,,,,,558.9901514991245,580.0417435181602,805.554724209722,True,dwarf
15.49314337489,-33.31620763876,-70.01000213623047,0.6700000166893005,Walker+2023 (m2fshi),,,,,,,,,566.8006811220001,589.8749149389492,818.0558828066673,True,dwarf
15.50021793229,-33.30165376824,-82.30000305175781,1.409999966621399,Walker+2023 (m2fshi),,,,,,,,,575.6340823230358,611.7200294544793,839.9738038579969,True,dwarf
15.28641513998,-33.42371664745,,,Walker+2023 (m2fshi),,,,,,,,,308.6766268111939,428.50570370011343,528.1083203690948,False,dwarf
15.28122469113,-33.42584460221,78.29000091552734,0.8899999856948853,Walker+2023 (m2fshi),,,,,,,,,302.19575252985385,425.3116794471039,521.7396836749153,True,dwarf
15.29499070386,-33.42652491099,109.86000061035156,1.399999976158142,Walker+2023 (m2fshi),,,,,,,,,319.38420779388116,424.29054742696536,531.0637822559537,True,dwarf
15.28735874143,-33.44743257055,,,Walker+2023 (m2fshi),,,,,,,,,309.8548220975492,392.90850258106303,500.3869524454021,False,dwarf
15.2926040091,-33.44762991393,,,Walker+2023 (m2fshi),,,,,,,,,316.4041440008455,392.61229349159146,504.2380344060088,False,dwarf
15.28234880404,-33.46785952546,108.47000122070312,0.9700000286102295,Walker+2023 (m2fshi),,,,,,,,,303.599337202063,362.24798731817896,472.64803169547156,True,dwarf
15.29352703226,-33.46818090998,27.139999389648438,0.6800000071525574,Walker+2023 (m2fshi),,,,,,,,,317.55664491774,361.7655945668303,481.36947155350833,True,dwarf
15.29400713054,-33.51403439637,,,Walker+2023 (m2fshi),,,,,,,,,318.1561030157371,292.94028381876467,432.4781101627904,False,dwarf
15.25695635969,-33.41517216178,127.12000274658203,0.6200000047683716,Walker+2023 (m2fshi),,,,,,,,,271.8939405621825,441.3308327735761,518.3620538494787,True,dwarf
15.27093609763,-33.42148446203,-88.70999908447266,2.7799999713897705,Walker+2023 (m2fshi),,,,,,,,,289.3492564112585,431.85617641819607,519.8295386915718,True,dwarf
15.22777035231,-33.42308779933,103.80000305175781,0.5899999737739563,Walker+2023 (m2fshi),,,,,,,,,235.45184276480092,429.4495941363694,489.7596595935939,True,dwarf
15.25146759235,-33.43419313194,,,Walker+2023 (m2fshi),,,,,,,,,265.040581225052,412.78067693903586,490.54499992392346,False,dwarf
15.24548384059,-33.45858761704,110.55000305175781,1.3899999856948853,Walker+2023 (m2fshi),,,,,,,,,257.5691767265166,376.1649656871968,455.8968767276493,True,dwarf
15.2539053416,-33.46527137903,103.38999938964844,0.6399999856948853,Walker+2023 (m2fshi),,,,,,,,,268.08439243969644,366.13275151672167,453.7867706345863,True,dwarf
15.28161165945,-33.47923797418,114.11000061035156,0.6700000166893005,Walker+2023 (m2fshi),,,,,,,,,302.67892712712944,345.1691274399056,459.081974667331,True,dwarf
15.31733197598,-33.41057433475,114.43000030517578,1.840000033378601,Walker+2023 (m2fshi),,,,,,,,,347.27986384969944,448.232093703095,567.0232038117364,True,dwarf
15.30403366742,-33.32953115013,,,Walker+2023 (m2fshi),,,,,,,,,330.67539120725667,569.8765487842703,658.8668266078837,False,dwarf
15.30100957083,-33.30211994748,115.48999786376953,1.6399999856948853,Walker+2023 (m2fshi),,,,,,,,,326.89945768381756,611.0203022672227,692.9711864260319,True,dwarf
15.30539978308,-33.24034454761,,,Walker+2023 (m2fshi),,,,,,,,,332.3811442359624,703.744136971435,778.2885296374844,False,dwarf
15.31567005722,-33.2401067557,,,Walker+2023 (m2fshi),,,,,,,,,345.2047665198468,704.1010586231515,784.1713024475357,False,dwarf
15.31811334038,-33.18859209228,,,Walker+2023 (m2fshi),,,,,,,,,348.25548745965017,781.423700740425,855.5143976723126,False,dwarf
15.32266754263,-33.17254716569,7.550000190734863,0.6100000143051147,Walker+2023 (m2fshi),,,,,,,,,353.9419344485361,805.5068653027482,879.8387369348042,True,dwarf
15.3234079977,-33.40704555016,,,Walker+2023 (m2fshi),,,,,,,,,354.86647803972414,453.52873993636746,575.8632955698663,False,dwarf
15.361777941,-33.4039413058,,,Walker+2023 (m2fshi),,,,,,,,,402.77577950782586,458.1881584350589,610.0530444873194,False,dwarf
15.33428335376,-33.35134220398,-12.390000343322754,3.059999942779541,Walker+2023 (m2fshi),,,,,,,,,368.44561491719156,537.1385243252138,651.3600889415744,True,dwarf
15.35885328594,-33.35009341107,109.75,0.9700000286102295,Walker+2023 (m2fshi),,,,,,,,,399.12401020850086,539.0129414493539,670.6973434976466,True,dwarf
15.3503929699,-33.31107015976,,,Walker+2023 (m2fshi),,,,,,,,,388.5603294517523,597.5861843859209,712.8031827879124,False,dwarf
15.35622293881,-33.30801468755,153.11000061035156,1.3600000143051147,Walker+2023 (m2fshi),,,,,,,,,395.8397183180563,602.172396708943,720.6251993625472,True,dwarf
15.36016636456,-33.26007695345,-10.119999885559082,1.4299999475479126,Walker+2023 (m2fshi),,,,,,,,,400.7635403731657,674.1261281641277,784.2559862481077,True,dwarf
14.68771605876,-33.70088853712,,,Walker+2023 (m2fshi),,,,,,,,,-438.8682560827172,12.475365790537873,439.0455340265895,False,dwarf
14.65149840652,-33.69371293574,101.94999694824219,2.0899999141693115,Walker+2023 (m2fshi),,,,,,,,,-484.0901738235512,23.24582260122532,484.64798014736806,True,dwarf
14.71732456578,-33.68017626838,,,Walker+2023 (m2fshi),,,,,,,,,-401.8986187353115,43.564132306640026,404.2528087286243,False,dwarf
14.73461181511,-33.64992336273,,,Walker+2023 (m2fshi),,,,,,,,,-380.31349328360807,88.97323412898616,390.5823723172263,False,dwarf
14.68965309819,-33.64245943566,120.02999877929688,2.6600000858306885,Walker+2023 (m2fshi),,,,,,,,,-436.4496388519907,100.17646294400495,447.79862771340055,True,dwarf
14.639779905,-33.62327006062,76.8499984741211,2.450000047683716,Walker+2023 (m2fshi),,,,,,,,,-498.7220750929,128.97939166692706,515.1304608152567,True,dwarf
14.70955729634,-33.50874634223,100.26000213623047,1.809999942779541,Walker+2023 (m2fshi),,,,,,,,,-411.59695084582273,300.8775640147112,509.84248398206796,True,dwarf
14.78582509805,-33.69797775622,116.12000274658203,0.30000001192092896,Walker+2023 (m2fshi),,,,,,,,,-316.36780036559065,16.844398894335868,316.81590692746744,True,dwarf
14.78463601791,-33.68029189203,114.4800033569336,1.8600000143051147,Walker+2023 (m2fshi),,,,,,,,,-317.85250412059696,43.39058315547683,320.8004942052092,True,dwarf
14.76714139784,-33.67119573312,98.48999786376953,1.8899999856948853,Walker+2023 (m2fshi),,,,,,,,,-339.69655586834983,57.04376447018533,344.45281408888053,True,dwarf
14.76500683656,-33.63783168584,82.5999984741211,3.049999952316284,Walker+2023 (m2fshi),,,,,,,,,-342.36180191956475,107.12263747731177,358.72951213094643,True,dwarf
14.79830527011,-33.63052450361,89.26000213623047,2.799999952316284,Walker+2023 (m2fshi),,,,,,,,,-300.7848655428425,118.09059492759144,323.13607652191723,True,dwarf
14.76757368653,-33.6127120748,106.38999938964844,0.9800000190734863,Walker+2023 (m2fshi),,,,,,,,,-339.156793559908,144.82675055159055,368.7846502949529,True,dwarf
14.79150553009,-33.59090366782,81.20999908447266,3.5999999046325684,Walker+2023 (m2fshi),,,,,,,,,-309.2751255355649,177.56080210335347,356.62156653604904,True,dwarf
14.73950835061,-33.48924934604,93.06999969482422,1.809999942779541,Walker+2023 (m2fshi),,,,,,,,,-374.19960373249216,330.14222690244276,499.01826962312526,True,dwarf
14.82952998076,-33.7022404489,118.08999633789062,1.5199999809265137,Walker+2023 (m2fshi),,,,,,,,,-261.79721148016193,10.446168979397985,262.00553884438165,True,dwarf
14.82148776422,-33.72005357057,104.75,2.25,Walker+2023 (m2fshi),,,,,,,,,-271.83884676937913,-16.291026615794514,272.32656161509937,True,dwarf
14.84689489874,-33.73879999089,119.18000030517578,1.9800000190734863,Walker+2023 (m2fshi),,,,,,,,,-240.11510775725233,-44.429087764813026,244.19092696676992,True,dwarf
14.81344608341,-33.73915489247,92.16000366210938,2.559999942779541,Walker+2023 (m2fshi),,,,,,,,,-281.8798131378806,-44.96178905868131,285.44314938355734,True,dwarf
14.84160477424,-33.7786317187,108.93000030517578,1.190000057220459,Walker+2023 (m2fshi),,,,,,,,,-246.72043858854053,-104.21584031047738,267.82814674514833,True,dwarf
14.83257317219,-33.82881360332,,,Walker+2023 (m2fshi),,,,,,,,,-257.9974358457516,-179.53800389732132,314.3192194989312,False,dwarf
14.82840203475,-33.87465688962,,,Walker+2023 (m2fshi),,,,,,,,,-263.20558221999573,-248.34800448208983,361.8755446862955,False,dwarf
14.80020237706,-33.70847976244,93.37000274658203,1.8700000047683716,Walker+2023 (m2fshi),,,,,,,,,-298.4161086209419,1.0810644463976615,298.4180667868537,True,dwarf
14.79017282113,-33.71273216713,104.94999694824219,3.7899999618530273,Walker+2023 (m2fshi),,,,,,,,,-310.93916644473677,-5.3017233688275045,310.98436214708175,True,dwarf
14.79799631564,-33.72689099043,94.38999938964844,1.309999942779541,Walker+2023 (m2fshi),,,,,,,,,-301.1706308468842,-26.553878661039533,302.33897756765566,True,dwarf
14.80594190552,-33.73318316908,,,Walker+2023 (m2fshi),,,,,,,,,-291.24964509179676,-35.998332833733656,293.4659021639581,False,dwarf
14.79272022613,-33.74588567493,120.3499984741211,1.5700000524520874,Walker+2023 (m2fshi),,,,,,,,,-307.7584373737525,-55.06458016265747,312.64574803317515,True,dwarf
14.81161893899,-33.7527989314,117.94000244140625,2.9100000858306885,Walker+2023 (m2fshi),,,,,,,,,-284.16121376855546,-65.44126168217956,291.59930408177274,True,dwarf
14.8107639077,-33.80292947498,79.45999908447266,1.8799999952316284,Walker+2023 (m2fshi),,,,,,,,,-285.2288189906137,-140.6863632327271,318.0379411051944,True,dwarf
14.78375278804,-33.8066642431,97.37999725341797,1.6399999856948853,Walker+2023 (m2fshi),,,,,,,,,-318.9553185234377,-146.29218727509087,350.9044018990327,True,dwarf
14.89153594668,-33.69622984637,123.56999969482422,2.0899999141693115,Walker+2023 (m2fshi),,,,,,,,,-184.37560856416042,19.467982138631214,185.4005592277288,True,dwarf
14.87862320673,-33.63022094539,74.37000274658203,4.159999847412109,Walker+2023 (m2fshi),,,,,,,,,-200.4986543087645,118.54623070289438,232.9225605077561,True,dwarf
14.88301841339,-33.62766466375,114.2300033569336,3.0999999046325684,Walker+2023 (m2fshi),,,,,,,,,-195.0107316594611,122.38316638836189,230.2321108742215,True,dwarf
14.8994165254,-33.59933390925,100.43000030517578,2.1500000953674316,Walker+2023 (m2fshi),,,,,,,,,-174.53579674354725,164.9071517098868,240.11895599883917,True,dwarf
14.89326875633,-33.59304518059,129.91000366210938,1.809999942779541,Walker+2023 (m2fshi),,,,,,,,,-182.21199577850356,174.34642750569628,252.18621728711585,True,dwarf
14.88225488132,-33.53380173386,96.1500015258789,1.75,Walker+2023 (m2fshi),,,,,,,,,-195.9640895478499,263.2698431931724,328.19648798741787,True,dwarf
14.88605073576,-33.41473787867,121.44999694824219,2.059999942779541,Walker+2023 (m2fshi),,,,,,,,,-191.22452730057202,441.98268440693187,481.57607203523384,True,dwarf
14.90083996702,-33.70205761159,95.58999633789062,1.5299999713897705,Walker+2023 (m2fshi),,,,,,,,,-172.75846563931003,10.720604702129988,173.0907820053627,True,dwarf
14.90759006325,-33.6963732314,106.5,1.7000000476837158,Walker+2023 (m2fshi),,,,,,,,,-164.3301916464811,19.25276362367967,165.4541652353258,True,dwarf
14.90711726583,-33.68884794044,68.04000091552734,2.740000009536743,Walker+2023 (m2fshi),,,,,,,,,-164.92053377836706,30.5480986040223,167.7258739433561,True,dwarf
14.90999865876,-33.61642207404,79.6500015258789,1.909999966621399,Walker+2023 (m2fshi),,,,,,,,,-161.32278224008508,139.25810418092354,213.1146631504901,True,dwarf
14.90509256068,-33.57545792166,98.11000061035156,1.8600000143051147,Walker+2023 (m2fshi),,,,,,,,,-167.44861177569305,200.7446069324128,261.41429723344453,True,dwarf
14.90415182229,-33.50789267388,100.4000015258789,0.4099999964237213,Walker+2023 (m2fshi),,,,,,,,,-168.62323220128948,302.15890582947316,346.02571986786535,True,dwarf
14.90828001823,-33.47848400617,66.91999816894531,2.5299999713897705,Walker+2023 (m2fshi),,,,,,,,,-163.46870324453405,346.3008207236242,382.9442196643073,True,dwarf
14.90925924086,-33.4229843211,107.70999908447266,2.4800000190734863,Walker+2023 (m2fshi),,,,,,,,,-162.246030804854,429.6049132166799,459.221249477679,True,dwarf
14.97680901519,-33.70696143861,118.58000183105469,2.059999942779541,Walker+2023 (m2fshi),,,,,,,,,-77.90234342499461,3.360042941663588,77.97477155898326,True,dwarf
14.96551772836,-33.72082851008,127.4000015258789,1.649999976158142,Walker+2023 (m2fshi),,,,,,,,,-92.00081786035454,-17.454197767771127,93.64186834258807,True,dwarf
14.97450827384,-33.73867708041,107.6500015258789,3.559999942779541,Walker+2023 (m2fshi),,,,,,,,,-80.77508446803972,-44.244601204545205,92.09885453450653,True,dwarf
14.97058125274,-33.76247879097,91.04000091552734,1.590000033378601,Walker+2023 (m2fshi),,,,,,,,,-85.67842342479805,-79.97056785611667,117.20104079652512,True,dwarf
14.97444688185,-33.78111074922,116.9000015258789,1.559999942779541,Walker+2023 (m2fshi),,,,,,,,,-80.85173945117602,-107.93682336598653,134.86052651024698,True,dwarf
14.97230342672,-33.8402029898,,,Walker+2023 (m2fshi),,,,,,,,,-83.52809050031875,-196.63328116912382,213.63892240405337,False,dwarf
14.93720434403,-33.70357534537,140.67999267578125,1.7699999809265137,Walker+2023 (m2fshi),,,,,,,,,-127.35334509351455,8.442511861971314,127.63287395121733,True,dwarf
14.93786182419,-33.72896474101,142.0399932861328,1.590000033378601,Walker+2023 (m2fshi),,,,,,,,,-126.5324052514015,-29.666543352847352,129.96366174131626,True,dwarf
14.92873347037,-33.72940299078,110.26000213623047,2.190000057220459,Walker+2023 (m2fshi),,,,,,,,,-137.93020825701296,-30.324348876057616,141.22431973488074,True,dwarf
14.92143726698,-33.73325534111,98.05999755859375,1.3200000524520874,Walker+2023 (m2fshi),,,,,,,,,-147.04036005085092,-36.106661835148216,151.40858137094352,True,dwarf
14.96335384261,-33.7477368297,125.76000213623047,0.30000001192092896,Walker+2023 (m2fshi),,,,,,,,,-94.702678895922,-57.84313229289894,110.97038047838676,True,dwarf
14.92796366904,-33.76245193758,99.36000061035156,1.440000057220459,Walker+2023 (m2fshi),,,,,,,,,-138.8913940398819,-79.9302613700319,160.24876293133548,True,dwarf
14.93369078282,-33.82495717094,107.77999877929688,2.200000047683716,Walker+2023 (m2fshi),,,,,,,,,-131.74043167116633,-173.749563849936,218.04690384169237,True,dwarf
14.92501319058,-33.83232690957,104.95999908447266,2.5,Walker+2023 (m2fshi),,,,,,,,,-142.5754068336986,-184.81141740295914,233.41595197476425,True,dwarf
15.03144074896,-33.7002573016,103.8499984741211,1.2400000095367432,Walker+2023 (m2fshi),,,,,,,,,-9.688320212922148,13.422839673986608,16.554037980555222,True,dwarf
15.03741438829,-33.69955804107,104.20999908447266,1.350000023841858,Walker+2023 (m2fshi),,,,,,,,,-2.2295422500508733,14.472417951672423,14.643146520220718,True,dwarf
15.05019220208,-33.67692316499,147.69000244140625,2.2200000286102295,Walker+2023 (m2fshi),,,,,,,,,13.725032615541334,48.44698570208084,50.35361897535567,True,dwarf
15.03895547445,-33.65975959943,125.52999877929688,1.2200000286102295,Walker+2023 (m2fshi),,,,,,,,,-0.30531836338678925,74.20920851681933,74.20983659863288,True,dwarf
15.02477844609,-33.60600100272,106.12000274658203,2.200000047683716,Walker+2023 (m2fshi),,,,,,,,,-18.006974065886965,154.89995670716849,155.9430912316804,True,dwarf
15.02662528004,-33.5983507917,91.77999877929688,1.350000023841858,Walker+2023 (m2fshi),,,,,,,,,-15.700988785162316,166.38279459350747,167.1219775660194,True,dwarf
15.02555585078,-33.55265444757,114.88999938964844,2.9800000190734863,Walker+2023 (m2fshi),,,,,,,,,-17.03629461075524,234.97223745609563,235.58902289620423,True,dwarf
15.05989530671,-33.67683455655,122.43000030517578,1.340000033378601,Walker+2023 (m2fshi),,,,,,,,,25.84047832419323,48.579985478064415,55.02495169531773,True,dwarf
15.06732541761,-33.66594726227,120.62000274658203,1.6399999856948853,Walker+2023 (m2fshi),,,,,,,,,35.11782909498589,64.92163081454017,73.8111107352009,True,dwarf
15.06753844228,-33.64133601101,122.2300033569336,1.440000057220459,Walker+2023 (m2fshi),,,,,,,,,35.383814975011695,101.86270442149792,107.83332005575696,True,dwarf
15.07792438311,-33.59825155966,83.95999908447266,2.309999942779541,Walker+2023 (m2fshi),,,,,,,,,48.351860467388626,166.53174021414995,173.4091200295156,True,dwarf
15.05992555775,-33.58602785577,99.58999633789062,3.1600000858306885,Walker+2023 (m2fshi),,,,,,,,,25.878250238106315,184.87931386572055,186.68166629544976,True,dwarf
15.05529521356,-33.5768276648,91.75,1.559999942779541,Walker+2023 (m2fshi),,,,,,,,,20.096731251604997,198.6886455502499,199.70241980905507,True,dwarf
15.0627336666,-33.56462135218,117.0999984741211,2.869999885559082,Walker+2023 (m2fshi),,,,,,,,,29.38449814673543,217.01011519847336,218.99049940531708,True,dwarf
15.07579842628,-33.53972508297,93.69999694824219,1.350000023841858,Walker+2023 (m2fshi),,,,,,,,,45.697358064809734,254.37899594771696,258.45100524755566,True,dwarf
15.00748809442,-33.70744552338,113.02999877929688,1.3200000524520874,Walker+2023 (m2fshi),,,,,,,,,-39.595973147040574,2.6334398554714866,39.68344862702263,True,dwarf
15.00920872516,-33.71159313326,141.60000610351562,2.049999952316284,Walker+2023 (m2fshi),,,,,,,,,-37.44756713576551,-3.592052715038596,37.61945144596451,True,dwarf
15.00844276557,-33.72418731686,114.20999908447266,1.2100000381469727,Walker+2023 (m2fshi),,,,,,,,,-38.40395606297397,-22.49571017120955,44.507536635876576,True,dwarf
15.01928536984,-33.7336115156,136.89999389648438,2.2799999713897705,Walker+2023 (m2fshi),,,,,,,,,-24.865713574332673,-36.64127374549353,44.28189983789026,True,dwarf
15.01524859738,-33.76341135528,112.98999786376953,1.4700000286102295,Walker+2023 (m2fshi),,,,,,,,,-29.906089767546465,-81.37033117797898,86.69201232638753,True,dwarf
15.02240896909,-33.77466601971,107.9800033569336,0.9599999785423279,Walker+2023 (m2fshi),,,,,,,,,-20.965539498920794,-98.26339292188923,100.47511251550007,True,dwarf
15.00645091368,-33.8014072706,111.04000091552734,1.309999942779541,Walker+2023 (m2fshi),,,,,,,,,-40.89101297446374,-138.40156009727633,144.31585768527918,True,dwarf
15.02042544498,-33.833686525,99.93000030517578,2.180000066757202,Walker+2023 (m2fshi),,,,,,,,,-23.442198216190747,-186.8521772629914,188.31694773739176,True,dwarf
14.99100466738,-33.7029884788,,,Walker+2023 (m2fshi),,,,,,,,,-60.17743372185483,9.323388698778912,60.895394786278786,False,dwarf
14.99913142937,-33.70964175389,130.91000366210938,3.799999952316284,Walker+2023 (m2fshi),,,,,,,,,-50.03023368316022,-0.6630651483037209,50.03462738726566,True,dwarf
15.00186827755,-33.75400921431,111.4000015258789,1.399999976158142,Walker+2023 (m2fshi),,,,,,,,,-46.61296294333039,-67.25787594495358,81.83147432976543,True,dwarf
14.98292088933,-33.75519234047,109.05999755859375,0.9200000166893005,Walker+2023 (m2fshi),,,,,,,,,-70.2709633518217,-69.03372838338062,98.50717712381895,True,dwarf
14.97812058912,-33.75872571704,108.52999877929688,1.5099999904632568,Walker+2023 (m2fshi),,,,,,,,,-76.26469203940843,-74.33726710127786,106.5003874732507,True,dwarf
14.98122252282,-33.76911843763,104.02999877929688,1.7400000095367432,Walker+2023 (m2fshi),,,,,,,,,-72.39156990301599,-89.93656565931829,115.45183080235722,True,dwarf
14.99213951283,-33.77703414977,113.44000244140625,1.4199999570846558,Walker+2023 (m2fshi),,,,,,,,,-58.760448235098345,-101.81791625486736,117.55712801558592,True,dwarf
14.98248677172,-33.82256868467,126.25,1.7000000476837158,Walker+2023 (m2fshi),,,,,,,,,-70.8130092779117,-170.16448618861867,184.31070137903063,True,dwarf
15.13262199676,-33.69948962763,112.06999969482422,1.1799999475479126,Walker+2023 (m2fshi),,,,,,,,,116.64814231108903,14.575105372804487,117.55519044796122,True,dwarf
15.12935946278,-33.69451360249,119.22000122070312,1.4800000190734863,Walker+2023 (m2fshi),,,,,,,,,112.57449219449587,22.044035295337494,114.7124918435246,True,dwarf
15.1289308709,-33.68424787455,113.05000305175781,1.440000057220459,Walker+2023 (m2fshi),,,,,,,,,112.03934577988872,37.45272002468436,118.1334890707663,True,dwarf
15.12212089144,-33.68130396203,123.22000122070312,3.240000009536743,Walker+2023 (m2fshi),,,,,,,,,103.5363006648667,41.87148313205813,111.68252618491357,True,dwarf
15.13014493399,-33.62422923624,120.33999633789062,1.6399999856948853,Walker+2023 (m2fshi),,,,,,,,,113.55524363059102,127.53968521698256,170.76640378379432,True,dwarf
15.13993313331,-33.62350305967,83.83000183105469,1.590000033378601,Walker+2023 (m2fshi),,,,,,,,,125.77693987823082,128.62966401734786,179.9039440099852,True,dwarf
15.11540273409,-33.60425261081,108.62000274658203,1.3899999856948853,Walker+2023 (m2fshi),,,,,,,,,95.14790604893577,157.52426351541482,184.02993675370035,True,dwarf
15.12482439104,-33.56198400595,,,Walker+2023 (m2fshi),,,,,,,,,106.91193185469226,220.9687274681187,245.47370468500708,False,dwarf
15.16672775111,-33.6959459319,81.62000274658203,2.549999952316284,Walker+2023 (m2fshi),,,,,,,,,159.23311185810613,19.894132976052916,160.47105794779634,True,dwarf
15.14048502769,-33.69609692903,78.19000244140625,1.190000057220459,Walker+2023 (m2fshi),,,,,,,,,126.46604369116287,19.667488827210367,127.98621145913945,True,dwarf
15.14167002728,-33.68782007335,119.41000366210938,1.6699999570846558,Walker+2023 (m2fshi),,,,,,,,,127.94565240866679,32.09090979345608,131.90874293105486,True,dwarf
15.14817076944,-33.68688475354,98.33000183105469,1.659999966621399,Walker+2023 (m2fshi),,,,,,,,,136.0625790737606,33.494809074403385,140.12468611609478,True,dwarf
15.15032299741,-33.68178113526,93.33000183105469,1.3899999856948853,Walker+2023 (m2fshi),,,,,,,,,138.74988402588636,41.15525415098076,144.72486055073168,True,dwarf
15.15625524181,-33.64202649617,98.04000091552734,1.6299999952316284,Walker+2023 (m2fshi),,,,,,,,,146.15697564235774,100.82629782637031,177.560704724589,True,dwarf
15.16442118792,-33.59622929755,108.86000061035156,1.4299999475479126,Walker+2023 (m2fshi),,,,,,,,,156.35310157607265,169.56712157972342,230.6497368160007,True,dwarf
15.14490217934,-33.53835705987,83.62000274658203,2.180000066757202,Walker+2023 (m2fshi),,,,,,,,,131.98136719256937,256.4323755788169,288.4036139354277,True,dwarf
15.08570489452,-33.70537037073,117.56999969482422,3.0799999237060547,Walker+2023 (m2fshi),,,,,,,,,58.06672670535088,5.74820903072748,58.35054976034798,True,dwarf
15.08000209977,-33.70813663628,95.0999984741211,1.3899999856948853,Walker+2023 (m2fshi),,,,,,,,,50.946129451603824,1.5960910331827005,50.971125283691556,True,dwarf
15.08293752356,-33.72723129123,127.98999786376953,1.5199999809265137,Walker+2023 (m2fshi),,,,,,,,,54.61134475286527,-27.064664430047625,60.949938772958504,True,dwarf
15.09146415811,-33.72898314429,104.0,1.3200000524520874,Walker+2023 (m2fshi),,,,,,,,,65.25783182141188,-29.694166366150966,71.69608169357882,True,dwarf
15.07779421826,-33.75976481612,,,Walker+2023 (m2fshi),,,,,,,,,48.18933463328994,-75.89693731850988,89.90304258883019,False,dwarf
15.0821284809,-33.79149421,123.06999969482422,2.380000114440918,Walker+2023 (m2fshi),,,,,,,,,53.60116164168804,-123.52222310518334,134.65074871750642,True,dwarf
15.0883286271,-33.81451610887,119.81999969482422,1.850000023841858,Walker+2023 (m2fshi),,,,,,,,,61.34275956690792,-158.07770554464807,169.56265845269098,True,dwarf
15.05913028341,-33.70881748344,97.0999984741211,1.8799999952316284,Walker+2023 (m2fshi),,,,,,,,,24.88525846308398,0.574150913727145,24.891880966416068,True,dwarf
15.07408753142,-33.71922209753,108.52999877929688,0.9599999785423279,Walker+2023 (m2fshi),,,,,,,,,43.5611084230758,-15.042999587489003,46.085377329866354,True,dwarf
15.0589644883,-33.73005074643,114.27999877929688,1.1200000047683716,Walker+2023 (m2fshi),,,,,,,,,24.678244138228653,-31.29661919637261,39.855916836384225,True,dwarf
15.07120717998,-33.75385114267,108.16999816894531,0.36000001430511475,Walker+2023 (m2fshi),,,,,,,,,39.96465730522889,-67.02061307575246,78.03163724140425,True,dwarf
15.0604130524,-33.75963257965,117.25,0.9800000190734863,Walker+2023 (m2fshi),,,,,,,,,26.486943557464784,-75.69845260434893,80.19859042220871,True,dwarf
15.06196953632,-33.77481215223,110.97000122070312,1.7999999523162842,Walker+2023 (m2fshi),,,,,,,,,28.43039332413466,-98.48273537305374,102.50432396305987,True,dwarf
15.07133458934,-33.8380160151,93.2699966430664,1.8899999856948853,Walker+2023 (m2fshi),,,,,,,,,40.12374259212688,-193.35066898026088,197.46998737710416,True,dwarf
15.0653036419,-33.84539937338,,,Walker+2023 (m2fshi),,,,,,,,,32.5934088415102,-204.43296539852707,207.01489714884096,False,dwarf
15.16555870155,-33.70479177277,122.47000122070312,3.9600000381469727,Walker+2023 (m2fshi),,,,,,,,,157.77341859342303,6.616674823197499,157.91210213397648,True,dwarf
15.13740239592,-33.71070985292,108.01000213623047,1.309999942779541,Walker+2023 (m2fshi),,,,,,,,,122.61702224150031,-2.2662638020340964,122.63796351453733,True,dwarf
15.1226491991,-33.71241877483,100.16999816894531,1.149999976158142,Walker+2023 (m2fshi),,,,,,,,,104.19595373635718,-4.831326805084357,104.30790235512654,True,dwarf
15.15657508937,-33.72120600863,,,Walker+2023 (m2fshi),,,,,,,,,146.5563422261486,-18.02081673300848,147.66012082628356,False,dwarf
15.13060120934,-33.7227785036,88.30000305175781,2.25,Walker+2023 (m2fshi),,,,,,,,,114.12495605171061,-20.381105196988436,115.93056129794071,True,dwarf
15.17132759667,-33.72925957238,117.30999755859375,2.819999933242798,Walker+2023 (m2fshi),,,,,,,,,164.97654978600846,-30.10908027329151,167.7015763020695,True,dwarf
15.14466052866,-33.75017912394,96.88999938964844,1.7100000381469727,Walker+2023 (m2fshi),,,,,,,,,131.6796384360899,-61.508974810884574,145.337129326767,True,dwarf
15.13782720068,-33.76404551189,82.51000213623047,1.649999976158142,Walker+2023 (m2fshi),,,,,,,,,123.14743999981464,-82.32218956830528,148.12911555068413,True,dwarf
15.10342132297,-33.7032255606,101.93000030517578,1.9199999570846558,Walker+2023 (m2fshi),,,,,,,,,80.18773180855844,8.967532910213905,80.68760114848541,True,dwarf
15.1220613716,-33.70855354495,120.87000274658203,1.600000023841858,Walker+2023 (m2fshi),,,,,,,,,103.46198327701842,0.9703181416267359,103.46653324099542,True,dwarf
15.1073561534,-33.72494084357,,,Walker+2023 (m2fshi),,,,,,,,,85.10082161488837,-23.626741071066437,88.31971882410106,False,dwarf
15.11793340444,-33.73429197484,121.02999877929688,1.6100000143051147,Walker+2023 (m2fshi),,,,,,,,,98.30773997849255,-37.662631603558424,105.27528465401677,True,dwarf
15.10560639866,-33.75357007825,119.88999938964844,1.899999976158142,Walker+2023 (m2fshi),,,,,,,,,82.91605092918935,-66.59874011537758,106.35066378094461,True,dwarf
15.0973860037,-33.81627403765,120.66000366210938,2.0899999141693115,Walker+2023 (m2fshi),,,,,,,,,72.65193932375,-160.71632703412365,176.37472058898135,True,dwarf
15.09243439395,-33.82083270301,102.37000274658203,1.5299999713897705,Walker+2023 (m2fshi),,,,,,,,,66.46928321685061,-167.55880695659252,180.26125318569862,True,dwarf
15.0790241947,-33.67796674974,118.16000366210938,1.690000057220459,Walker+2023 (m2fshi),,,,,,,,,49.72510213760712,46.88058256972738,68.34014050814123,True,dwarf
15.0811018197,-33.67180829861,114.77999877929688,1.9500000476837158,Walker+2023 (m2fshi),,,,,,,,,52.319256673734465,56.12431398730355,76.72837310563509,True,dwarf
15.08251777176,-33.65664671362,106.2300033569336,1.440000057220459,Walker+2023 (m2fshi),,,,,,,,,54.087236198137525,78.8815976864099,95.64379526719831,True,dwarf
15.08720250916,-33.61893265987,103.62000274658203,1.3300000429153442,Walker+2023 (m2fshi),,,,,,,,,59.9366713833991,135.4897571366056,148.15491509044827,True,dwarf
15.08347391124,-33.61263937117,117.19999694824219,2.130000114440918,Walker+2023 (m2fshi),,,,,,,,,55.281086661628244,144.93587747565462,155.12062120210976,True,dwarf
15.08378498254,-33.51998613894,,,Walker+2023 (m2fshi),,,,,,,,,55.66949507217202,284.0068184681017,289.41141238376184,False,dwarf
15.08707655051,-33.48474834935,133.7899932861328,2.690000057220459,Walker+2023 (m2fshi),,,,,,,,,59.7793974753229,336.8981471225563,342.16069016928907,True,dwarf
15.10667523396,-33.69291658492,,,Walker+2023 (m2fshi),,,,,,,,,84.25061512719002,24.441131768884183,87.72419889320084,False,dwarf
15.11290079547,-33.68930183686,108.81999969482422,1.3300000429153442,Walker+2023 (m2fshi),,,,,,,,,92.02394699945054,29.866807722714217,96.7493308757392,True,dwarf
15.10280366325,-33.66100833132,105.33999633789062,0.4399999976158142,Walker+2023 (m2fshi),,,,,,,,,79.4165123804032,72.33488298267731,107.4212164089774,True,dwarf
15.09438526757,-33.65131955684,130.07000732421875,0.9399999976158142,Walker+2023 (m2fshi),,,,,,,,,68.90517403003113,86.87757028636955,110.88568540155198,True,dwarf
15.10858395801,-33.64593618773,114.9800033569336,0.6299999952316284,Walker+2023 (m2fshi),,,,,,,,,86.63387733885801,94.95791664685882,128.53962282765607,True,dwarf
15.09161043765,-33.64152870315,101.75,2.5299999713897705,Walker+2023 (m2fshi),,,,,,,,,65.44047870534474,101.57347676492168,120.82891804240722,True,dwarf
15.10667421872,-33.59118192649,,,Walker+2023 (m2fshi),,,,,,,,,84.24934748290727,177.14314052647205,196.15719407372515,False,dwarf
15.10942486163,-33.55862747664,,,Walker+2023 (m2fshi),,,,,,,,,87.68384253482401,226.0068214274542,242.42017154810569,False,dwarf
15.03970495808,-33.71264474462,117.69999694824219,1.3700000047683716,Walker+2023 (m2fshi),,,,,,,,,0.6304984267057284,-5.170503653801672,5.2088037302297,True,dwarf
15.04349594656,-33.72045139007,117.06999969482422,2.0,Walker+2023 (m2fshi),,,,,,,,,5.363984961473793,-16.888146984698203,17.71953281674458,True,dwarf
15.05793700401,-33.72330902706,110.23999786376953,1.1799999475479126,Walker+2023 (m2fshi),,,,,,,,,23.395311447440633,-21.17741197469836,31.55666927400362,True,dwarf
15.03899280413,-33.75032823697,103.27999877929688,1.6799999475479126,Walker+2023 (m2fshi),,,,,,,,,-0.2587079506805339,-61.73279095735595,61.73333304778185,True,dwarf
15.04309058358,-33.77857657777,133.17999267578125,1.3200000524520874,Walker+2023 (m2fshi),,,,,,,,,4.857842508747702,-104.13307470330557,104.24632310544106,True,dwarf
15.05076039304,-33.78537732366,94.83999633789062,1.6299999952316284,Walker+2023 (m2fshi),,,,,,,,,14.434484588955725,-114.34087973729513,115.24838881497384,True,dwarf
15.04667842386,-33.79499279001,118.02999877929688,1.8700000047683716,Walker+2023 (m2fshi),,,,,,,,,9.33767507586952,-128.77353277260318,129.11163742497894,True,dwarf
15.04269331202,-33.80867059723,130.3000030517578,1.4700000286102295,Walker+2023 (m2fshi),,,,,,,,,4.36180312751161,-149.3036910306258,149.36739095897653,True,dwarf
15.02489040854,-33.70736247357,151.10000610351562,1.7200000286102295,Walker+2023 (m2fshi),,,,,,,,,-17.867176028447393,2.758096221444406,18.078801785468833,True,dwarf
15.0344316848,-33.70748341836,102.97000122070312,1.5800000429153442,Walker+2023 (m2fshi),,,,,,,,,-5.953791712062829,2.576560128772387,6.487395305344635,True,dwarf
15.02621435368,-33.72543904464,115.25,2.1500000953674316,Walker+2023 (m2fshi),,,,,,,,,-16.21407775974108,-24.37453248578647,29.274804038619802,True,dwarf
15.02649104657,-33.72930717206,117.58999633789062,1.690000057220459,Walker+2023 (m2fshi),,,,,,,,,-15.868594760786095,-30.18052659122583,34.098042245937485,True,dwarf
15.02643578383,-33.75580971765,99.94999694824219,1.0399999618530273,Walker+2023 (m2fshi),,,,,,,,,-15.937596668084279,-69.96040113189838,71.75280283090451,True,dwarf
15.0228114424,-33.77961817136,89.8499984741211,1.649999976158142,Walker+2023 (m2fshi),,,,,,,,,-20.46300513260817,-105.6964891380372,107.65910270462207,True,dwarf
15.02905602946,-33.78597526255,112.0999984741211,0.30000001192092896,Walker+2023 (m2fshi),,,,,,,,,-12.665917665935718,-115.23837593992603,115.93234561412093,True,dwarf
15.03725062659,-33.84352142159,113.04000091552734,1.649999976158142,Walker+2023 (m2fshi),,,,,,,,,-2.434017627897462,-201.6141913926135,201.62888337911883,True,dwarf
14.98640676771,-33.70183020118,107.86000061035156,1.159999966621399,Walker+2023 (m2fshi),,,,,,,,,-65.91844198157156,11.061943897199278,66.84016454245607,True,dwarf
14.99613258001,-33.69396986526,110.5199966430664,1.2000000476837158,Walker+2023 (m2fshi),,,,,,,,,-53.774643126832125,22.860175719241262,58.432010724711,True,dwarf
14.98911324947,-33.69247624922,122.33000183105469,3.359999895095825,Walker+2023 (m2fshi),,,,,,,,,-62.539087220893016,25.1020682378833,67.38880663909856,True,dwarf
14.9976299786,-33.67906197763,111.25,2.059999942779541,Walker+2023 (m2fshi),,,,,,,,,-51.90496821214168,45.23666395407644,68.8511546075843,True,dwarf
14.99520025341,-33.65179718731,107.11000061035156,1.7200000286102295,Walker+2023 (m2fshi),,,,,,,,,-54.938760462033216,86.16065499576098,102.18574201131592,True,dwarf
14.99568537211,-33.64625522233,126.06999969482422,1.350000023841858,Walker+2023 (m2fshi),,,,,,,,,-54.333033790390836,94.47905108585442,108.98793352913543,True,dwarf
14.98912902386,-33.63164400204,134.47999572753906,1.5099999904632568,Walker+2023 (m2fshi),,,,,,,,,-62.519391074874385,116.41024664019083,132.13636813233194,True,dwarf
14.99393659764,-33.56175272675,111.01000213623047,0.7599999904632568,Walker+2023 (m2fshi),,,,,,,,,-56.516580495892946,221.3158736518217,228.41812494024606,True,dwarf
15.01493193904,-33.66124717779,78.44999694824219,2.6500000953674316,Walker+2023 (m2fshi),,,,,,,,,-30.301474242182852,71.9763784541596,78.09467585326212,True,dwarf
15.00694067974,-33.65135929928,125.73999786376953,1.6699999570846558,Walker+2023 (m2fshi),,,,,,,,,-40.27948353763879,86.81791755331658,95.70677929150781,True,dwarf
15.00375996589,-33.63210462177,106.05000305175781,1.899999976158142,Walker+2023 (m2fshi),,,,,,,,,-44.250971781232316,115.71886418381338,123.8910974669902,True,dwarf
15.01309758562,-33.62317605483,,,Walker+2023 (m2fshi),,,,,,,,,-32.59187614115427,129.12049277435878,133.1703121746494,False,dwarf
15.01333969833,-33.61632499646,107.45999908447266,2.4200000762939453,Walker+2023 (m2fshi),,,,,,,,,-32.28957048690982,139.40381599339258,143.09451518401667,True,dwarf
15.02016055811,-33.59824685893,98.0999984741211,1.649999976158142,Walker+2023 (m2fshi),,,,,,,,,-23.77294003696125,166.5387959307163,168.22699910553516,True,dwarf
15.01841874164,-33.58566407835,,,Walker+2023 (m2fshi),,,,,,,,,-25.947798876623004,185.4253376459265,187.23205950810754,False,dwarf
15.02067384676,-33.52672234116,78.44000244140625,2.2300000190734863,Walker+2023 (m2fshi),,,,,,,,,-23.132039932400687,273.89589239564873,274.87097180794296,True,dwarf
14.908326906,-33.71504170693,107.62000274658203,1.6699999570846558,Walker+2023 (m2fshi),,,,,,,,,-163.41015845361704,-8.76830370840298,163.6452352980649,True,dwarf
14.90684811327,-33.7341707985,108.91000366210938,1.5399999618530273,Walker+2023 (m2fshi),,,,,,,,,-165.25660180529076,-37.480747958230424,169.4536836653037,True,dwarf
14.90627214654,-33.73873985347,96.0,1.149999976158142,Walker+2023 (m2fshi),,,,,,,,,-165.97576272475092,-44.3388225103023,171.796056397296,True,dwarf
14.91216814066,-33.76258179457,82.6500015258789,1.6100000143051147,Walker+2023 (m2fshi),,,,,,,,,-158.61393376553596,-80.12517452479773,177.7031895527121,True,dwarf
14.91843951548,-33.78693950112,87.13999938964844,2.4000000953674316,Walker+2023 (m2fshi),,,,,,,,,-150.78339868964116,-116.68568179255834,190.65985853292102,True,dwarf
14.89768287392,-33.79591653527,134.0399932861328,1.7400000095367432,Walker+2023 (m2fshi),,,,,,,,,-176.70046065109076,-130.1600588489704,219.46456140770226,True,dwarf
14.91608939852,-33.86078053485,115.29000091552734,1.4299999475479126,Walker+2023 (m2fshi),,,,,,,,,-153.71779087890135,-227.51982969571816,274.58046568803513,True,dwarf
14.91840539829,-33.88434727666,107.94999694824219,1.940000057220459,Walker+2023 (m2fshi),,,,,,,,,-150.8259979379165,-262.8931122111835,303.086242020403,True,dwarf
14.8753103287,-33.70250772881,87.41000366210938,1.5800000429153442,Walker+2023 (m2fshi),,,,,,,,,-204.63516478065364,10.044986336358752,204.8815570404103,True,dwarf
14.89421810762,-33.70947032453,102.16000366210938,2.2200000286102295,Walker+2023 (m2fshi),,,,,,,,,-181.0266211534723,-0.4057525663789807,181.02707587923942,True,dwarf
14.883229517,-33.71561227246,107.9000015258789,1.309999942779541,Walker+2023 (m2fshi),,,,,,,,,-194.74714444450242,-9.624712958729464,194.98483368925343,True,dwarf
14.88644843782,-33.7801690409,,,Walker+2023 (m2fshi),,,,,,,,,-190.72795039040537,-106.52333503912237,218.45908534089867,False,dwarf
14.86519532168,-33.78425813584,99.29000091552734,1.1699999570846558,Walker+2023 (m2fshi),,,,,,,,,-217.26491814995916,-112.66099767027215,244.73770664687027,True,dwarf
14.88399748876,-33.79493737245,,,Walker+2023 (m2fshi),,,,,,,,,-193.78824309087818,-128.6903519484659,232.62650288578322,False,dwarf
14.93089891033,-33.68366572654,114.43000030517578,1.4600000381469727,Walker+2023 (m2fshi),,,,,,,,,-135.2264066109262,38.32651438241697,140.55284682143284,True,dwarf
14.92871754307,-33.67756158941,104.55999755859375,1.899999976158142,Walker+2023 (m2fshi),,,,,,,,,-137.95009532880687,47.48872140083282,145.89519341470034,True,dwarf
14.95287987355,-33.66270399487,127.5,1.9800000190734863,Walker+2023 (m2fshi),,,,,,,,,-107.78063779045893,69.78972055467337,128.40276857458136,True,dwarf
14.95166640832,-33.63827224275,123.9800033569336,1.4900000095367432,Walker+2023 (m2fshi),,,,,,,,,-109.2957891439698,106.46136897583558,152.5765139489434,True,dwarf
14.92325238574,-33.60680108328,139.72000122070312,2.0799999237060547,Walker+2023 (m2fshi),,,,,,,,,-144.77397484425185,153.6990492625967,211.14663515299077,True,dwarf
14.9473537526,-33.59195269089,116.01000213623047,1.2899999618530273,Walker+2023 (m2fshi),,,,,,,,,-114.68063741966628,175.98623614428587,210.05428800958413,True,dwarf
14.92338170838,-33.56535117137,,,Walker+2023 (m2fshi),,,,,,,,,-144.61250060651358,215.91466888683541,259.86904312014667,False,dwarf
14.9376239189,-33.53212572571,126.02999877929688,3.0,Walker+2023 (m2fshi),,,,,,,,,-126.82945745630829,265.785503196837,294.49557719642814,True,dwarf
14.96567485641,-33.6899693704,88.94000244140625,1.100000023841858,Walker+2023 (m2fshi),,,,,,,,,-91.80462535994204,28.864851122625048,96.23548653075237,True,dwarf
14.96779841658,-33.68651592495,106.9800033569336,1.5099999904632568,Walker+2023 (m2fshi),,,,,,,,,-89.15311546390843,34.048414575708286,95.43360274054571,True,dwarf
14.98459759629,-33.65052731649,102.29000091552734,1.5499999523162842,Walker+2023 (m2fshi),,,,,,,,,-68.17740124795617,88.0667097077843,111.37281265946355,True,dwarf
14.98126715161,-33.63833397525,108.05000305175781,1.6100000143051147,Walker+2023 (m2fshi),,,,,,,,,-72.33584570927364,106.36870953310562,128.63427592292047,True,dwarf
14.96286870969,-33.62749210215,117.75,2.059999942779541,Walker+2023 (m2fshi),,,,,,,,,-95.3084233228741,122.64217844344594,155.32160020308254,True,dwarf
14.95810406035,-33.56684347972,98.30000305175781,1.2699999809265137,Walker+2023 (m2fshi),,,,,,,,,-101.25763778574422,213.6747391888574,236.4529622935082,True,dwarf
14.96731319411,-33.44774198772,,,Walker+2023 (m2fshi),,,,,,,,,-89.7589717043711,392.4440726204945,402.57797149916945,False,dwarf
14.76765745342,-33.71153848028,98.47000122070312,1.909999966621399,Walker+2023 (m2fshi),,,,,,,,,-339.0522009324241,-3.510019512588336,339.07036908892474,True,dwarf
14.76839302848,-33.75982094904,98.12999725341797,3.7200000286102295,Walker+2023 (m2fshi),,,,,,,,,-338.13375059679413,-75.9811918859723,346.56539759916586,True,dwarf
14.74400976869,-33.80298788782,,,Walker+2023 (m2fshi),,,,,,,,,-368.5790638702752,-140.77403992171122,394.5476607957117,False,dwarf
14.76022361469,-33.81630549505,122.19000244140625,1.5399999618530273,Walker+2023 (m2fshi),,,,,,,,,-348.33420632910156,-160.76354406169347,383.6425893956524,True,dwarf
14.73227947814,-33.83177655464,,,Walker+2023 (m2fshi),,,,,,,,,-383.2256851038352,-183.9853439228174,425.1029669406005,False,dwarf
14.76989292582,-33.85306786426,,,Walker+2023 (m2fshi),,,,,,,,,-336.26095570441294,-215.9432410468387,399.6284695627405,False,dwarf
14.77398619139,-33.85484709842,117.66000366210938,3.2300000190734863,Walker+2023 (m2fshi),,,,,,,,,-331.1500413449916,-218.61384155285714,396.8026733797132,True,dwarf
14.6822601612,-33.70170508314,118.63999938964844,2.0,Walker+2023 (m2fshi),,,,,,,,,-445.68057370689155,11.249743967840953,445.82253253850456,True,dwarf
14.63652227116,-33.76911739803,137.07000732421875,2.059999942779541,Walker+2023 (m2fshi),,,,,,,,,-502.7896068193063,-89.93500523722476,510.76970729726355,True,dwarf
14.64669927905,-33.77008787266,,,Walker+2023 (m2fshi),,,,,,,,,-490.08243820993334,-91.39167131087689,498.53107608933317,False,dwarf
14.72332413745,-33.79318189434,116.91999816894531,1.899999976158142,Walker+2023 (m2fshi),,,,,,,,,-394.40746125378524,-126.05540887337519,414.0618451377643,True,dwarf
14.71231572147,-33.82546842242,,,Walker+2023 (m2fshi),,,,,,,,,-408.1527387942916,-174.5169437102614,443.89731000227044,False,dwarf
14.7242415119,-33.83438860931,,,Walker+2023 (m2fshi),,,,,,,,,-393.2620134030915,-187.90599398689457,435.84822330950965,False,dwarf
14.8491803307,-33.69708745563,110.80000305175781,0.9300000071525574,Walker+2023 (m2fshi),,,,,,,,,-237.26148225407468,18.18072508434021,237.95703336105228,True,dwarf
14.82674484885,-33.6579497071,,,Walker+2023 (m2fshi),,,,,,,,,-265.27477002804443,76.92582641961666,276.20334245583064,False,dwarf
14.8414857505,-33.61434062217,,,Walker+2023 (m2fshi),,,,,,,,,-246.86905346130564,142.38232837930798,284.98606455683773,False,dwarf
14.79910388711,-33.60302504638,97.31999969482422,2.180000066757202,Walker+2023 (m2fshi),,,,,,,,,-299.7877000711227,159.3668170486331,339.5150180627448,True,dwarf
14.81755375159,-33.53768364156,114.43000030517578,0.41999998688697815,Walker+2023 (m2fshi),,,,,,,,,-276.75091545805043,257.44316511955276,377.9789047997815,True,dwarf
14.81906953887,-33.49595804504,114.2699966430664,2.2300000190734863,Walker+2023 (m2fshi),,,,,,,,,-274.858280142143,320.07258269996595,421.8927972351783,True,dwarf
14.86139000808,-33.69009757791,,,Walker+2023 (m2fshi),,,,,,,,,-222.01629124992934,28.672413809548658,223.86009223182108,False,dwarf
14.87670992706,-33.68555846001,116.4800033569336,1.4800000190734863,Walker+2023 (m2fshi),,,,,,,,,-202.88760473764532,35.48555332379743,205.9674844505197,True,dwarf
14.86550321202,-33.65931256226,99.19000244140625,1.840000033378601,Walker+2023 (m2fshi),,,,,,,,,-216.88048153500392,74.88020377941939,229.44321342960342,True,dwarf
14.8560099126,-33.65551495493,101.73999786376953,2.2200000286102295,Walker+2023 (m2fshi),,,,,,,,,-228.73396123091553,80.5803484175618,242.5127163088188,True,dwarf
14.86767625122,-33.58600861935,98.05000305175781,1.7200000286102295,Walker+2023 (m2fshi),,,,,,,,,-214.1671913609516,184.9081874081333,282.9463264048498,True,dwarf
14.86231657893,-33.57817173493,102.18000030517578,2.950000047683716,Walker+2023 (m2fshi),,,,,,,,,-220.8593606327233,196.67121892366745,295.73370712858633,True,dwarf
14.57220649161,-33.7722922812,,,Walker+2023 (m2fshi),,,,,,,,,-583.0952785667299,-94.70045139994076,590.7353717039169,False,dwarf
14.64669927905,-33.77008787266,,,Walker+2023 (m2fshi),,,,,,,,,-490.08243820993334,-91.39167131087689,498.53107608933317,False,dwarf
14.63652227116,-33.76911739803,137.07000732421875,2.059999942779541,Walker+2023 (m2fshi),,,,,,,,,-502.7896068193063,-89.93500523722476,510.76970729726355,True,dwarf
14.60734543029,-33.76736026109,,,Walker+2023 (m2fshi),,,,,,,,,-539.2202591712941,-87.2975722862368,546.2411134543319,False,dwarf
14.66468795012,-33.76596152058,116.62000274658203,1.309999942779541,Walker+2023 (m2fshi),,,,,,,,,-467.6215067833538,-85.19808634011561,475.31945838809503,True,dwarf
14.64075985327,-33.721885773,109.26000213623047,0.5899999737739563,Walker+2023 (m2fshi),,,,,,,,,-497.4984966079518,-19.041131602909765,497.862750986546,True,dwarf
14.64830350303,-33.71318828084,,,Walker+2023 (m2fshi),,,,,,,,,-488.07937946993707,-5.986342365090769,488.11608963306145,False,dwarf
14.6822601612,-33.70170508314,118.63999938964844,2.0,Walker+2023 (m2fshi),,,,,,,,,-445.68057370689155,11.249743967840953,445.82253253850456,True,dwarf
14.72332413745,-33.79318189434,116.91999816894531,1.899999976158142,Walker+2023 (m2fshi),,,,,,,,,-394.40746125378524,-126.05540887337519,414.0618451377643,True,dwarf
14.69671474745,-33.77710755047,,,Walker+2023 (m2fshi),,,,,,,,,-427.63235495312665,-101.92808946925203,439.61206355787004,False,dwarf
14.72119302794,-33.75850854568,,,Walker+2023 (m2fshi),,,,,,,,,-397.06839737187784,-74.01129654780148,403.907148003298,False,dwarf
14.73758626912,-33.75322854346,113.26000213623047,3.6700000762939453,Walker+2023 (m2fshi),,,,,,,,,-376.5995442492329,-66.08610214815091,382.3540108667173,True,dwarf
14.70165799788,-33.74034230936,,,Walker+2023 (m2fshi),,,,,,,,,-421.4601364217752,-46.74408181057266,424.0444030723373,False,dwarf
14.72898360552,-33.73678373375,,,Walker+2023 (m2fshi),,,,,,,,,-387.34096235919986,-41.40271975807064,389.5474378361593,False,dwarf
14.68771605876,-33.70088853712,,,Walker+2023 (m2fshi),,,,,,,,,-438.8682560827172,12.475365790537873,439.0455340265895,False,dwarf
14.71520117104,-33.70000116137,95.0999984741211,2.180000066757202,Walker+2023 (m2fshi),,,,,,,,,-404.54992207290246,13.807301844976028,404.7854753241891,True,dwarf
14.71231572147,-33.82546842242,,,Walker+2023 (m2fshi),,,,,,,,,-408.1527387942916,-174.5169437102614,443.89731000227044,False,dwarf
14.73227947814,-33.83177655464,,,Walker+2023 (m2fshi),,,,,,,,,-383.2256851038352,-183.9853439228174,425.1029669406005,False,dwarf
14.7242415119,-33.83438860931,,,Walker+2023 (m2fshi),,,,,,,,,-393.2620134030915,-187.90599398689457,435.84822330950965,False,dwarf
14.74197838476,-33.87363979089,,,Walker+2023 (m2fshi),,,,,,,,,-371.11548109505196,-246.82135641964797,445.698869522065,False,dwarf
14.73804418127,-33.97254862571,,,Walker+2023 (m2fshi),,,,,,,,,-376.0277880944523,-395.2818515347822,545.5681804980675,False,dwarf
14.73555745077,-34.0379899028,101.55000305175781,2.859999895095825,Walker+2023 (m2fshi),,,,,,,,,-379.1327580513535,-493.50810620080443,622.3278067976158,True,dwarf
14.73818888968,-34.06809104387,102.5,1.2999999523162842,Walker+2023 (m2fshi),,,,,,,,,-375.84710294760794,-538.6894119447722,656.8465021110444,True,dwarf
14.67749989708,-33.80928817161,120.81999969482422,0.41999998688697815,Walker+2023 (m2fshi),,,,,,,,,-451.6243127166079,-150.23065977302318,475.95563971087296,True,dwarf
14.69279969781,-33.81796546806,108.5999984741211,2.0299999713897705,Walker+2023 (m2fshi),,,,,,,,,-432.5207461607642,-163.2551355902998,462.3055647037697,True,dwarf
14.71185074103,-33.8559094914,,,Walker+2023 (m2fshi),,,,,,,,,-408.73332052470164,-220.2084755216387,464.2786878575331,False,dwarf
14.70049261797,-33.9301994786,,,Walker+2023 (m2fshi),,,,,,,,,-422.9152477050135,-331.71649502142617,537.4878043367056,False,dwarf
14.68588732873,-33.96290863354,88.52999877929688,3.609999895095825,Walker+2023 (m2fshi),,,,,,,,,-441.1516365304312,-380.81238565675136,582.7802668957349,True,dwarf
14.70195625278,-33.96544208336,,,Walker+2023 (m2fshi),,,,,,,,,-421.08773076543326,-384.6150511649535,570.3013366491454,False,dwarf
14.69409173806,-34.0119612649,120.23999786376953,0.949999988079071,Walker+2023 (m2fshi),,,,,,,,,-430.9074848285276,-454.43955912067247,626.2559966779072,True,dwarf
14.8107639077,-33.80292947498,79.45999908447266,1.8799999952316284,Walker+2023 (m2fshi),,,,,,,,,-285.2288189906137,-140.6863632327271,318.0379411051944,True,dwarf
14.81353257341,-33.76058798447,121.97000122070312,1.4800000190734863,Walker+2023 (m2fshi),,,,,,,,,-281.77182039336157,-77.13249914701149,292.13829121231703,True,dwarf
14.81161893899,-33.7527989314,117.94000244140625,2.9100000858306885,Walker+2023 (m2fshi),,,,,,,,,-284.16121376855546,-65.44126168217956,291.59930408177274,True,dwarf
14.80460309944,-33.74799955494,,,Walker+2023 (m2fshi),,,,,,,,,-292.9212989587965,-58.23747845298421,298.6544680400252,False,dwarf
14.80594190552,-33.73318316908,,,Walker+2023 (m2fshi),,,,,,,,,-291.24964509179676,-35.998332833733656,293.4659021639581,False,dwarf
14.79799631564,-33.72689099043,94.38999938964844,1.309999942779541,Walker+2023 (m2fshi),,,,,,,,,-301.1706308468842,-26.553878661039533,302.33897756765566,True,dwarf
14.80020237706,-33.70847976244,93.37000274658203,1.8700000047683716,Walker+2023 (m2fshi),,,,,,,,,-298.4161086209419,1.0810644463976615,298.4180667868537,True,dwarf
14.80912926422,-33.70528794132,,,Walker+2023 (m2fshi),,,,,,,,,-287.2698599862703,5.871934186757688,287.3298662993894,False,dwarf
14.82287898285,-33.8021531405,125.5199966430664,4.119999885559082,Walker+2023 (m2fshi),,,,,,,,,-270.10174978616004,-139.52109825427783,304.00837504191435,True,dwarf
14.82802999311,-33.78207644201,111.33000183105469,2.4000000953674316,Walker+2023 (m2fshi),,,,,,,,,-263.67011913500124,-109.38631197834314,285.4597992237947,True,dwarf
14.82410712158,-33.76715336882,107.87000274658203,0.4300000071525574,Walker+2023 (m2fshi),,,,,,,,,-268.5682768748207,-86.9870304737137,282.30420261509596,True,dwarf
14.81344608341,-33.73915489247,92.16000366210938,2.559999942779541,Walker+2023 (m2fshi),,,,,,,,,-281.8798131378806,-44.96178905868131,285.44314938355734,True,dwarf
14.82815671285,-33.72116661733,106.68000030517578,0.44999998807907104,Walker+2023 (m2fshi),,,,,,,,,-263.51189491824385,-17.961691055179195,264.1233444982955,True,dwarf
14.82148776422,-33.72005357057,104.75,2.25,Walker+2023 (m2fshi),,,,,,,,,-271.83884676937913,-16.291026615794514,272.32656161509937,True,dwarf
14.82952998076,-33.7022404489,118.08999633789062,1.5199999809265137,Walker+2023 (m2fshi),,,,,,,,,-261.79721148016193,10.446168979397985,262.00553884438165,True,dwarf
14.82055564648,-33.6896914357,,,Walker+2023 (m2fshi),,,,,,,,,-273.0027033187711,29.28202642599942,274.5685945095868,False,dwarf
14.86832530707,-33.80626837013,,,Walker+2023 (m2fshi),,,,,,,,,-213.3567702418973,-145.69798861491924,258.3583079649015,False,dwarf
14.85491439372,-33.81207459569,88.0999984741211,0.9200000166893005,Walker+2023 (m2fshi),,,,,,,,,-230.10184295738728,-154.4130353845703,277.1105260163581,True,dwarf
14.86322857652,-33.82057986481,,,Walker+2023 (m2fshi),,,,,,,,,-219.72062641214455,-167.17930107701727,276.090695930785,False,dwarf
14.8487184409,-33.83011750567,112.25,1.9600000381469727,Walker+2023 (m2fshi),,,,,,,,,-237.838204963832,-181.49513936267715,299.17803621371564,True,dwarf
14.86724351899,-33.83712220324,114.83999633789062,1.190000057220459,Walker+2023 (m2fshi),,,,,,,,,-214.70750748026546,-192.00907243313137,288.0395765602702,True,dwarf
14.8538840221,-33.90147072002,110.08000183105469,1.6200000047683716,Walker+2023 (m2fshi),,,,,,,,,-231.38838081283166,-288.5951122795094,369.90231360023506,True,dwarf
14.85576440582,-34.00086526502,127.98999786376953,2.309999942779541,Walker+2023 (m2fshi),,,,,,,,,-229.0405047731734,-437.78465019388136,494.0799052502835,True,dwarf
14.84219890754,-33.8177283892,118.5,0.4300000071525574,Walker+2023 (m2fshi),,,,,,,,,-245.97859461031598,-162.8992842146202,295.028211878291,True,dwarf
14.83257317219,-33.82881360332,,,Walker+2023 (m2fshi),,,,,,,,,-257.9974358457516,-179.53800389732132,314.3192194989312,False,dwarf
14.8276840593,-33.83064236079,113.31999969482422,1.909999966621399,Walker+2023 (m2fshi),,,,,,,,,-264.1020574118355,-182.28293805751085,320.900243434066,True,dwarf
14.82840203475,-33.87465688962,,,Walker+2023 (m2fshi),,,,,,,,,-263.20558221999573,-248.34800448208983,361.8755446862955,False,dwarf
14.83267744569,-33.92026483695,,,Walker+2023 (m2fshi),,,,,,,,,-257.86723834955995,-316.80476523676805,408.48595066507795,False,dwarf
14.82752408413,-33.9948237391,102.4000015258789,0.41999998688697815,Walker+2023 (m2fshi),,,,,,,,,-264.30180487007544,-428.71642154709025,503.63996481784665,True,dwarf
14.82833604727,-34.02448868123,120.08999633789062,1.0399999618530273,Walker+2023 (m2fshi),,,,,,,,,-263.287975202643,-473.24300002915123,541.552855188576,True,dwarf
14.92190529238,-33.80100197434,110.06999969482422,0.5899999737739563,Walker+2023 (m2fshi),,,,,,,,,-146.45597633654816,-137.79321723753202,201.08785075523892,True,dwarf
14.91191435146,-33.79196527023,110.88999938964844,0.46000000834465027,Walker+2023 (m2fshi),,,,,,,,,-158.93081886482108,-124.22927657620741,201.72237938238385,True,dwarf
14.91843951548,-33.78693950112,87.13999938964844,2.4000000953674316,Walker+2023 (m2fshi),,,,,,,,,-150.78339868964116,-116.68568179255834,190.65985853292102,True,dwarf
14.90712720087,-33.78378822218,101.31999969482422,0.4300000071525574,Walker+2023 (m2fshi),,,,,,,,,-164.90812873458805,-111.95566518150835,199.32075127536888,True,dwarf
14.91216814066,-33.76258179457,82.6500015258789,1.6100000143051147,Walker+2023 (m2fshi),,,,,,,,,-158.61393376553596,-80.12517452479773,177.7031895527121,True,dwarf
14.90627214654,-33.73873985347,96.0,1.149999976158142,Walker+2023 (m2fshi),,,,,,,,,-165.97576272475092,-44.3388225103023,171.796056397296,True,dwarf
14.90684811327,-33.7341707985,108.91000366210938,1.5399999618530273,Walker+2023 (m2fshi),,,,,,,,,-165.25660180529076,-37.480747958230424,169.4536836653037,True,dwarf
14.90083996702,-33.70205761159,95.58999633789062,1.5299999713897705,Walker+2023 (m2fshi),,,,,,,,,-172.75846563931003,10.720604702129988,173.0907820053627,True,dwarf
14.92682091115,-33.78276726769,111.22000122070312,1.3300000429153442,Walker+2023 (m2fshi),,,,,,,,,-140.31825912094402,-110.42322968823525,178.55672347327936,True,dwarf
14.92899704817,-33.76616879925,96.81999969482422,1.3700000047683716,Walker+2023 (m2fshi),,,,,,,,,-137.60110096118402,-85.50920813254481,162.0058260100075,True,dwarf
14.92796366904,-33.76245193758,99.36000061035156,1.440000057220459,Walker+2023 (m2fshi),,,,,,,,,-138.8913940398819,-79.9302613700319,160.24876293133548,True,dwarf
14.92483122195,-33.75103112302,109.16000366210938,0.6800000071525574,Walker+2023 (m2fshi),,,,,,,,,-142.80261566442857,-62.78781107949616,155.9964623341087,True,dwarf
14.93216546457,-33.74301273061,116.83999633789062,0.5400000214576721,Walker+2023 (m2fshi),,,,,,,,,-133.64496750283757,-50.75233912815702,142.9572567791295,True,dwarf
14.92452958576,-33.74078070951,99.62999725341797,0.9599999785423279,Walker+2023 (m2fshi),,,,,,,,,-143.17924325148343,-47.402113051625115,150.82193480998217,True,dwarf
14.92143726698,-33.73325534111,98.05999755859375,1.3200000524520874,Walker+2023 (m2fshi),,,,,,,,,-147.04036005085092,-36.106661835148216,151.40858137094352,True,dwarf
14.92873347037,-33.72940299078,110.26000213623047,2.190000057220459,Walker+2023 (m2fshi),,,,,,,,,-137.93020825701296,-30.324348876057616,141.22431973488074,True,dwarf
14.92501319058,-33.83232690957,104.95999908447266,2.5,Walker+2023 (m2fshi),,,,,,,,,-142.5754068336986,-184.81141740295914,233.41595197476425,True,dwarf
14.91183335307,-33.84297029222,115.76000213623047,1.590000033378601,Walker+2023 (m2fshi),,,,,,,,,-159.031954700612,-200.78695549108215,256.13778345116384,True,dwarf
14.91608939852,-33.86078053485,115.29000091552734,1.4299999475479126,Walker+2023 (m2fshi),,,,,,,,,-153.71779087890135,-227.51982969571816,274.58046568803513,True,dwarf
14.91453939134,-33.87738575168,,,Walker+2023 (m2fshi),,,,,,,,,-155.65315368837287,-252.44398047115934,296.5735448910764,False,dwarf
14.92669844613,-33.87849812994,113.25,1.659999966621399,Walker+2023 (m2fshi),,,,,,,,,-140.47117082885535,-254.11364150330317,290.3547702933409,True,dwarf
14.91840539829,-33.88434727666,107.94999694824219,1.940000057220459,Walker+2023 (m2fshi),,,,,,,,,-150.8259979379165,-262.8931122111835,303.086242020403,True,dwarf
14.92988328037,-33.94631617594,101.12999725341797,0.4099999964237213,Walker+2023 (m2fshi),,,,,,,,,-136.4945378029185,-355.90738627063433,381.18345511318677,True,dwarf
14.891859086,-33.80694516635,,,Walker+2023 (m2fshi),,,,,,,,,-183.9721318381957,-146.71384834166255,235.30979280155518,False,dwarf
14.89516918707,-33.81059589963,95.18000030517578,0.5899999737739563,Walker+2023 (m2fshi),,,,,,,,,-179.8390887212801,-152.19353750460775,235.5949292541478,True,dwarf
14.90178715832,-33.81376976672,123.61000061035156,1.5700000524520874,Walker+2023 (m2fshi),,,,,,,,,-171.5757880110206,-156.95745854835152,232.5379427653908,True,dwarf
14.89140483527,-33.82552967179,98.04000091552734,1.8300000429153442,Walker+2023 (m2fshi),,,,,,,,,-184.53931628763627,-174.60887798298506,254.0531824763965,True,dwarf
14.8951478109,-33.84119397401,,,Walker+2023 (m2fshi),,,,,,,,,-179.86577933598306,-198.12073177689894,267.588346039125,False,dwarf
14.87600912335,-33.84512407306,,,Walker+2023 (m2fshi),,,,,,,,,-203.76263903076216,-204.0197442551761,288.34574578226074,False,dwarf
14.89751971481,-33.85935461553,,,Walker+2023 (m2fshi),,,,,,,,,-176.90418362579112,-225.3795488135668,286.51532455998677,False,dwarf
14.98268622254,-33.78194965564,,,Walker+2023 (m2fshi),,,,,,,,,-70.56397191581082,-109.19600777246607,130.01170041953844,False,dwarf
14.97444688185,-33.78111074922,116.9000015258789,1.559999942779541,Walker+2023 (m2fshi),,,,,,,,,-80.85173945117602,-107.93682336598653,134.86052651024698,True,dwarf
14.98201693599,-33.7777882616,121.61000061035156,0.4300000071525574,Walker+2023 (m2fshi),,,,,,,,,-71.39965339810435,-102.94982540997543,125.28598108852346,True,dwarf
14.98122252282,-33.76911843763,104.02999877929688,1.7400000095367432,Walker+2023 (m2fshi),,,,,,,,,-72.39156990301599,-89.93656565931829,115.45183080235722,True,dwarf
14.97812058912,-33.75872571704,108.52999877929688,1.5099999904632568,Walker+2023 (m2fshi),,,,,,,,,-76.26469203940843,-74.33726710127786,106.5003874732507,True,dwarf
14.97358288332,-33.74784124009,,,Walker+2023 (m2fshi),,,,,,,,,-81.93054130704719,-57.999850529669274,100.38225072357037,False,dwarf
14.97022589119,-33.74441449076,116.26000213623047,0.44999998807907104,Walker+2023 (m2fshi),,,,,,,,,-86.12213332282936,-52.856357503058504,101.04858423830748,True,dwarf
14.97450827384,-33.73867708041,107.6500015258789,3.559999942779541,Walker+2023 (m2fshi),,,,,,,,,-80.77508446803972,-44.244601204545205,92.09885453450653,True,dwarf
15.00645091368,-33.8014072706,111.04000091552734,1.309999942779541,Walker+2023 (m2fshi),,,,,,,,,-40.89101297446374,-138.40156009727633,144.31585768527918,True,dwarf
14.98440368872,-33.79045466381,,,Walker+2023 (m2fshi),,,,,,,,,-68.41951722283319,-121.96188178336497,139.84252194931648,False,dwarf
15.02392560677,-33.78602547274,,,Walker+2023 (m2fshi),,,,,,,,,-19.071842360487143,-115.31374058941691,116.88025470431954,False,dwarf
14.99213951283,-33.77703414977,113.44000244140625,1.4199999570846558,Walker+2023 (m2fshi),,,,,,,,,-58.760448235098345,-101.81791625486736,117.55712801558592,True,dwarf
15.00910255434,-33.77167985659,112.9000015258789,1.7899999618530273,Walker+2023 (m2fshi),,,,,,,,,-37.58013365489455,-93.78121237556303,101.03060051365722,True,dwarf
14.98977737329,-33.75555233474,,,Walker+2023 (m2fshi),,,,,,,,,-61.70985200269707,-69.57407371916501,92.99815894991998,False,dwarf
14.98292088933,-33.75519234047,109.05999755859375,0.9200000166893005,Walker+2023 (m2fshi),,,,,,,,,-70.2709633518217,-69.03372838338062,98.50717712381895,True,dwarf
14.98507443652,-33.74699561092,107.19000244140625,0.44999998807907104,Walker+2023 (m2fshi),,,,,,,,,-67.58201120130924,-56.73057538868087,88.23653677442634,True,dwarf
15.00494158257,-33.80539768913,,,Walker+2023 (m2fshi),,,,,,,,,-42.77558701719383,-144.39111109903968,150.5939700289515,False,dwarf
15.00435347697,-33.80883735553,97.29000091552734,3.0199999809265137,Walker+2023 (m2fshi),,,,,,,,,-43.50990471647228,-149.55399243016632,155.7546418577589,True,dwarf
15.02042544498,-33.833686525,99.93000030517578,2.180000066757202,Walker+2023 (m2fshi),,,,,,,,,-23.442198216190747,-186.8521772629914,188.31694773739176,True,dwarf
15.007358252,-33.91182309646,,,Walker+2023 (m2fshi),,,,,,,,,-39.75809639008132,-304.1338549479222,306.721547912837,False,dwarf
15.00484938603,-33.91576009708,,,Walker+2023 (m2fshi),,,,,,,,,-42.890705035344894,-310.04322656652806,312.99587044913613,False,dwarf
15.02092851974,-34.02127831146,121.4000015258789,0.4699999988079071,Walker+2023 (m2fshi),,,,,,,,,-22.81405133181071,-468.424289077557,468.9795257108621,True,dwarf
14.97559167346,-33.81561312035,,,Walker+2023 (m2fshi),,,,,,,,,-79.42233503603548,-159.7243012988534,178.38093992347717,False,dwarf
14.98248677172,-33.82256868467,126.25,1.7000000476837158,Walker+2023 (m2fshi),,,,,,,,,-70.8130092779117,-170.16448618861867,184.31070137903063,True,dwarf
15.00208656575,-33.82656239978,111.41999816894531,0.41999998688697815,Walker+2023 (m2fshi),,,,,,,,,-46.34040493877686,-176.15898530144557,182.1521924993623,True,dwarf
14.97230342672,-33.8402029898,,,Walker+2023 (m2fshi),,,,,,,,,-83.52809050031875,-196.63328116912382,213.63892240405337,False,dwarf
14.97829500089,-33.85309237041,104.61000061035156,0.5,Walker+2023 (m2fshi),,,,,,,,,-76.04691882032337,-215.98002436523166,228.97708354084457,True,dwarf
14.98055281289,-33.87787658295,,,Walker+2023 (m2fshi),,,,,,,,,-73.22778002409156,-253.18070994021525,263.55792466379785,False,dwarf
14.980624177,-33.99950496207,128.6199951171875,2.200000047683716,Walker+2023 (m2fshi),,,,,,,,,-73.13867369851711,-435.74285837789415,441.8383236181711,True,dwarf
14.98087397702,-34.02571309599,102.87999725341797,3.1600000858306885,Walker+2023 (m2fshi),,,,,,,,,-72.82676955074474,-475.0808259607493,480.63034606519074,True,dwarf
15.04371962149,-33.82687607424,117.30999755859375,0.3499999940395355,Walker+2023 (m2fshi),,,,,,,,,5.643268919974946,-176.62980538259853,176.71993275688453,True,dwarf
15.05757859341,-33.84158398578,,,Walker+2023 (m2fshi),,,,,,,,,22.947794458672593,-198.70613287459182,200.02681948301938,False,dwarf
15.04588968448,-33.84540955799,111.16999816894531,0.8899999856948853,Walker+2023 (m2fshi),,,,,,,,,8.352842952436335,-204.4482523266029,204.61881112153483,True,dwarf
15.05873720466,-33.8576902598,,,Walker+2023 (m2fshi),,,,,,,,,24.394454288908374,-222.88137889605574,224.2123958630762,False,dwarf
15.05270774999,-33.88594426242,137.42999267578125,0.4399999976158142,Walker+2023 (m2fshi),,,,,,,,,16.865984433878747,-265.2901609384566,265.8257529316451,True,dwarf
15.07165024122,-33.93513374077,,,Walker+2023 (m2fshi),,,,,,,,,40.51787038532447,-339.12273942941073,341.53466913136356,False,dwarf
15.05322773319,-33.93856690533,,,Walker+2023 (m2fshi),,,,,,,,,17.515243456556128,-344.27586160819715,344.72112299568903,False,dwarf
15.04507708874,-33.94170326103,,,Walker+2023 (m2fshi),,,,,,,,,7.338223410910464,-348.98347868736465,349.06062212682014,False,dwarf
15.04269331202,-33.80867059723,130.3000030517578,1.4700000286102295,Walker+2023 (m2fshi),,,,,,,,,4.36180312751161,-149.3036910306258,149.36739095897653,True,dwarf
15.03092448194,-33.8319565195,,,Walker+2023 (m2fshi),,,,,,,,,-10.332939156083587,-184.2554681464641,184.54497330861108,False,dwarf
15.03725062659,-33.84352142159,113.04000091552734,1.649999976158142,Walker+2023 (m2fshi),,,,,,,,,-2.434017627897462,-201.6141913926135,201.62888337911883,True,dwarf
15.02568220822,-33.84348495839,101.5,1.3799999952316284,Walker+2023 (m2fshi),,,,,,,,,-16.878522767353907,-201.559460743582,202.2649271278925,True,dwarf
15.03526248804,-33.847436795,,,Walker+2023 (m2fshi),,,,,,,,,-4.916438005938944,-207.49110093328005,207.54933950550372,False,dwarf
15.02402042126,-33.86278939589,,,Walker+2023 (m2fshi),,,,,,,,,-18.953455529697795,-230.53509628093894,231.3129138067696,False,dwarf
15.03928083411,-33.91045298932,124.30999755859375,1.1699999570846558,Walker+2023 (m2fshi),,,,,,,,,0.10093071325537582,-302.0773472078917,302.07736406948146,True,dwarf
15.02149771997,-33.97124615553,,,Walker+2023 (m2fshi),,,,,,,,,-22.103339168343094,-393.3268657324769,393.9474341956357,False,dwarf
14.9486586674,-33.79150449038,111.26000213623047,0.4699999988079071,Walker+2023 (m2fshi),,,,,,,,,-113.05130072624112,-123.53765378239711,167.4579006734362,True,dwarf
14.94755195981,-33.78563810698,91.16000366210938,0.7400000095367432,Walker+2023 (m2fshi),,,,,,,,,-114.43315284814277,-114.73231110816772,162.04459164991528,True,dwarf
14.95637614838,-33.77444031315,106.37000274658203,3.009999990463257,Walker+2023 (m2fshi),,,,,,,,,-103.4151352528041,-97.92461117697071,142.42162642491016,True,dwarf
14.94896638291,-33.76196349949,,,Walker+2023 (m2fshi),,,,,,,,,-112.66708240671585,-79.19712402383672,137.71730432915348,False,dwarf
14.94192694296,-33.76005389557,108.62999725341797,0.9100000262260437,Walker+2023 (m2fshi),,,,,,,,,-121.45663541945473,-76.33084070392071,143.45072857947312,True,dwarf
14.9392289116,-33.74311349681,,,Walker+2023 (m2fshi),,,,,,,,,-124.82543888069391,-50.90358749711399,134.805657937025,False,dwarf
14.93786182419,-33.72896474101,142.0399932861328,1.590000033378601,Walker+2023 (m2fshi),,,,,,,,,-126.5324052514015,-29.666543352847352,129.96366174131626,True,dwarf
14.93506220874,-33.71683012455,104.83000183105469,0.550000011920929,Walker+2023 (m2fshi),,,,,,,,,-130.02804817013123,-11.452688433185587,130.5314421251891,True,dwarf
14.9662883051,-33.79544034404,114.27999877929688,0.4300000071525574,Walker+2023 (m2fshi),,,,,,,,,-91.03866388862544,-129.44530383335984,158.2533570169586,True,dwarf
14.97144465687,-33.7950761179,122.73999786376953,2.0899999141693115,Walker+2023 (m2fshi),,,,,,,,,-84.60036374590733,-128.8986065319895,154.18194547945123,True,dwarf
14.96912108856,-33.77381265411,106.91999816894531,2.0999999046325684,Walker+2023 (m2fshi),,,,,,,,,-87.50160688237104,-96.98250552977284,130.62211752161048,True,dwarf
14.97058125274,-33.76247879097,91.04000091552734,1.590000033378601,Walker+2023 (m2fshi),,,,,,,,,-85.67842342479805,-79.97056785611667,117.20104079652512,True,dwarf
14.97022288983,-33.75522077948,101.43000030517578,0.5,Walker+2023 (m2fshi),,,,,,,,,-86.12588086709819,-69.07641485837424,110.4047935771804,True,dwarf
14.96784662582,-33.74853775464,118.4000015258789,0.4300000071525574,Walker+2023 (m2fshi),,,,,,,,,-89.09292066521922,-59.0453071376269,106.88263099136239,True,dwarf
14.96335384261,-33.7477368297,125.76000213623047,0.30000001192092896,Walker+2023 (m2fshi),,,,,,,,,-94.702678895922,-57.84313229289894,110.97038047838676,True,dwarf
14.96212245447,-33.73444565512,,,Walker+2023 (m2fshi),,,,,,,,,-96.2402090705757,-37.89330311535699,103.43152451230932,False,dwarf
14.96175255067,-33.80495985339,104.91000366210938,1.350000023841858,Walker+2023 (m2fshi),,,,,,,,,-96.70207664566591,-143.73392702790034,173.2360626614621,True,dwarf
14.9694291761,-33.85439301192,112.08999633789062,1.6799999475479126,Walker+2023 (m2fshi),,,,,,,,,-87.11692404046127,-217.93226536466358,234.69944767989045,True,dwarf
14.96435341562,-33.90519155743,,,Walker+2023 (m2fshi),,,,,,,,,-93.45459665871213,-294.18002656079454,308.6675390512458,False,dwarf
14.97035605557,-33.91326645985,,,Walker+2023 (m2fshi),,,,,,,,,-85.95960807557606,-306.30031908533175,318.1335249424095,False,dwarf
14.9665590068,-33.96186537648,,,Walker+2023 (m2fshi),,,,,,,,,-90.7006615816681,-379.2464743815656,389.94166017777553,False,dwarf
14.96330374994,-33.9806737982,,,Walker+2023 (m2fshi),,,,,,,,,-94.76522537428396,-407.4775985876782,418.35205424501004,False,dwarf
14.96328675847,-34.05900946609,,,Walker+2023 (m2fshi),,,,,,,,,-94.78644118511517,-525.0581166605937,533.5452139263447,False,dwarf
14.95231746342,-33.8038992655,120.04000091552734,1.1799999475479126,Walker+2023 (m2fshi),,,,,,,,,-108.48287173060844,-142.14200246879582,178.8096259286921,True,dwarf
14.93270290997,-33.81543874498,109.66999816894531,2.5799999237060547,Walker+2023 (m2fshi),,,,,,,,,-132.9739049086059,-159.4625668055285,207.630367718334,True,dwarf
14.94828116384,-33.81561882542,109.69000244140625,1.899999976158142,Walker+2023 (m2fshi),,,,,,,,,-113.52265747857892,-159.73286451283087,195.96423593725754,True,dwarf
14.9455120973,-33.87904424543,119.83000183105469,0.47999998927116394,Walker+2023 (m2fshi),,,,,,,,,-116.98015655833734,-254.93335165542595,280.491302565128,True,dwarf
14.93353688637,-33.88359629726,,,Walker+2023 (m2fshi),,,,,,,,,-131.9325891460997,-261.76590478073723,293.1340938622997,False,dwarf
14.95078415311,-33.93716854221,,,Walker+2023 (m2fshi),,,,,,,,,-110.39738657134089,-342.17694211811045,359.5450495822224,False,dwarf
14.9344995069,-33.97896268598,,,Walker+2023 (m2fshi),,,,,,,,,-130.73064634387654,-404.9092479662122,425.4903065664966,False,dwarf
14.93497530426,-34.02409224457,101.91999816894531,2.0399999618530273,Walker+2023 (m2fshi),,,,,,,,,-130.13655844075558,-472.6479552797858,490.23628330935134,True,dwarf
14.88399748876,-33.79493737245,,,Walker+2023 (m2fshi),,,,,,,,,-193.78824309087818,-128.6903519484659,232.62650288578322,False,dwarf
14.88644843782,-33.7801690409,,,Walker+2023 (m2fshi),,,,,,,,,-190.72795039040537,-106.52333503912237,218.45908534089867,False,dwarf
14.88609606852,-33.7717531464,109.94000244140625,1.1200000047683716,Walker+2023 (m2fshi),,,,,,,,,-191.1679241190569,-93.89121914593379,212.98060062996174,True,dwarf
14.883229517,-33.71561227246,107.9000015258789,1.309999942779541,Walker+2023 (m2fshi),,,,,,,,,-194.74714444450242,-9.624712958729464,194.98483368925343,True,dwarf
14.873147122,-33.71099553039,104.37999725341797,2.390000104904175,Walker+2023 (m2fshi),,,,,,,,,-207.33617794394635,-2.6950608727649428,207.35369308867323,True,dwarf
14.8712899237,-33.70657229181,,,Walker+2023 (m2fshi),,,,,,,,,-209.65510431152262,3.9441457339550734,209.692200735855,False,dwarf
14.8753103287,-33.70250772881,87.41000366210938,1.5800000429153442,Walker+2023 (m2fshi),,,,,,,,,-204.63516478065364,10.044986336358752,204.8815570404103,True,dwarf
14.86791382555,-33.70205691939,101.41999816894531,1.0,Walker+2023 (m2fshi),,,,,,,,,-213.87055239779144,10.721643682660043,214.13912960081439,True,dwarf
14.89153969423,-33.79593839918,118.5999984741211,1.8899999856948853,Walker+2023 (m2fshi),,,,,,,,,-184.37092931557785,-130.1928762096174,225.70517183357268,True,dwarf
14.89768287392,-33.79591653527,134.0399932861328,1.7400000095367432,Walker+2023 (m2fshi),,,,,,,,,-176.70046065109076,-130.1600588489704,219.46456140770226,True,dwarf
14.89102335711,-33.77956974547,131.6699981689453,1.7300000190734863,Walker+2023 (m2fshi),,,,,,,,,-185.01563578667873,-105.62380269280114,213.04265577774967,True,dwarf
14.89072255664,-33.74915801734,,,Walker+2023 (m2fshi),,,,,,,,,-185.39121988088075,-59.97631100306977,194.85138513866926,False,dwarf
14.8869870852,-33.73768631224,,,Walker+2023 (m2fshi),,,,,,,,,-190.0553869854631,-42.757474869167254,194.80567696908014,False,dwarf
14.8974080882,-33.73594836244,111.73999786376953,0.5799999833106995,Walker+2023 (m2fshi),,,,,,,,,-177.04356232824324,-40.14884149214559,181.53884552633903,True,dwarf
14.89421810762,-33.70947032453,102.16000366210938,2.2200000286102295,Walker+2023 (m2fshi),,,,,,,,,-181.0266211534723,-0.4057525663789807,181.02707587923942,True,dwarf
14.88613237052,-33.70044255344,114.93000030517578,1.6699999570846558,Walker+2023 (m2fshi),,,,,,,,,-191.122596883407,13.144779782392035,191.57409082385038,True,dwarf
14.78928755965,-33.84846729581,111.81999969482422,0.4300000071525574,Walker+2023 (m2fshi),,,,,,,,,-312.0445175470747,-209.03786529207392,375.59101434546307,True,dwarf
14.81539024219,-33.90213963898,,,Walker+2023 (m2fshi),,,,,,,,,-279.45230657722146,-289.5991483716769,402.4441059189834,False,dwarf
14.79296033955,-33.96569329289,104.9800033569336,1.3300000429153442,Walker+2023 (m2fshi),,,,,,,,,-307.4586280637581,-384.9921124382898,492.69639191955235,True,dwarf
14.78375278804,-33.8066642431,97.37999725341797,1.6399999856948853,Walker+2023 (m2fshi),,,,,,,,,-318.9553185234377,-146.29218727509087,350.9044018990327,True,dwarf
14.77608271229,-33.81110049429,126.73999786376953,1.2699999809265137,Walker+2023 (m2fshi),,,,,,,,,-328.5322930974369,-152.9509255902406,362.3912985251874,True,dwarf
14.76022361469,-33.81630549505,122.19000244140625,1.5399999618530273,Walker+2023 (m2fshi),,,,,,,,,-348.33420632910156,-160.76354406169347,383.6425893956524,True,dwarf
14.76989292582,-33.85306786426,,,Walker+2023 (m2fshi),,,,,,,,,-336.26095570441294,-215.9432410468387,399.6284695627405,False,dwarf
14.77398619139,-33.85484709842,117.66000366210938,3.2300000190734863,Walker+2023 (m2fshi),,,,,,,,,-331.1500413449916,-218.61384155285714,396.8026733797132,True,dwarf
14.75165484999,-33.88527265117,,,Walker+2023 (m2fshi),,,,,,,,,-359.0332977510468,-264.28208376434026,445.81378252899896,False,dwarf
14.76525980302,-33.92404155281,70.55000305175781,3.2699999809265137,Walker+2023 (m2fshi),,,,,,,,,-342.04594410610144,-322.47355213033615,470.09001234124395,True,dwarf
14.76544283437,-33.95176486082,104.5,1.5499999523162842,Walker+2023 (m2fshi),,,,,,,,,-341.8174083468292,-364.08577050176217,499.39722559382005,True,dwarf
14.84059234536,-33.78640916074,106.62999725341797,0.949999988079071,Walker+2023 (m2fshi),,,,,,,,,-247.98457286280515,-115.88964981485161,273.72752750163227,True,dwarf
14.83388814182,-33.77957822418,,,Walker+2023 (m2fshi),,,,,,,,,-256.35554453690986,-105.63652909369958,277.2674548045255,False,dwarf
14.84160477424,-33.7786317187,108.93000030517578,1.190000057220459,Walker+2023 (m2fshi),,,,,,,,,-246.72043858854053,-104.21584031047738,267.82814674514833,True,dwarf
14.8339780753,-33.7732260061,123.58000183105469,3.890000104904175,Walker+2023 (m2fshi),,,,,,,,,-256.2432522102917,-96.1019567478465,273.671683581024,True,dwarf
14.84689489874,-33.73879999089,119.18000030517578,1.9800000190734863,Walker+2023 (m2fshi),,,,,,,,,-240.11510775725233,-44.429087764813026,244.19092696676992,True,dwarf
14.8367112673,-33.73471320194,108.6500015258789,0.4099999964237213,Walker+2023 (m2fshi),,,,,,,,,-252.83054663305083,-38.2948863858088,255.71426169470737,True,dwarf
14.84596408557,-33.73135835338,,,Walker+2023 (m2fshi),,,,,,,,,-241.27733540047376,-33.25931520392311,243.5588935468927,False,dwarf
14.84773553815,-33.69074641161,117.41999816894531,1.2200000286102295,Walker+2023 (m2fshi),,,,,,,,,-239.0654724579574,27.698525354339143,240.66472202703778,True,dwarf
14.86274076718,-33.78766028027,,,Walker+2023 (m2fshi),,,,,,,,,-220.32971265827703,-117.7675591564198,249.82870185336944,False,dwarf
14.86519532168,-33.78425813584,99.29000091552734,1.1699999570846558,Walker+2023 (m2fshi),,,,,,,,,-217.26491814995916,-112.66099767027215,244.73770664687027,True,dwarf
14.85943019999,-33.78137703734,94.43000030517578,0.5799999833106995,Walker+2023 (m2fshi),,,,,,,,,-224.46333777979768,-108.33651734894079,249.2400268787999,True,dwarf
14.8658158024,-33.73284970457,,,Walker+2023 (m2fshi),,,,,,,,,-216.49017637780636,-35.497808220863234,219.38115428764362,False,dwarf
14.85585626775,-33.71111683995,,,Walker+2023 (m2fshi),,,,,,,,,-228.9258045542208,-2.8771444790705036,228.9438838474414,False,dwarf
14.8491803307,-33.69708745563,110.80000305175781,0.9300000071525574,Walker+2023 (m2fshi),,,,,,,,,-237.26148225407468,18.18072508434021,237.95703336105228,True,dwarf
14.85549122999,-33.69295227249,105.98999786376953,1.4900000095367432,Walker+2023 (m2fshi),,,,,,,,,-229.38159631691138,24.38756532740949,230.67438104716604,True,dwarf
14.86139000808,-33.69009757791,,,Walker+2023 (m2fshi),,,,,,,,,-222.01629124992934,28.672413809548658,223.86009223182108,False,dwarf
14.63798781913,-33.82476580183,,,Walker+2023 (m2fshi),,,,,,,,,-500.95970107871864,-173.46232203910495,530.1413012321124,False,dwarf
14.64236338054,-33.85707209588,86.23999786376953,2.5999999046325684,Walker+2023 (m2fshi),,,,,,,,,-495.49630779077944,-221.95352526404588,542.9364220711595,True,dwarf
14.66379324177,-33.9108623808,103.94000244140625,0.8399999737739563,Walker+2023 (m2fshi),,,,,,,,,-468.7386533929004,-302.69183692386383,557.9769469475712,True,dwarf
14.64375776906,-33.9122102617,,,Walker+2023 (m2fshi),,,,,,,,,-493.7552528341442,-304.7149834520233,580.2115742050278,False,dwarf
14.6652666287,-33.92632436639,120.05999755859375,0.6100000143051147,Walker+2023 (m2fshi),,,,,,,,,-466.8989598062677,-325.9000168638273,569.3904281422526,True,dwarf
14.63306085317,-33.97215268533,,,Walker+2023 (m2fshi),,,,,,,,,-507.11158657031615,-394.687551693347,642.6044076222569,False,dwarf
14.66556815735,-34.04586438076,,,Walker+2023 (m2fshi),,,,,,,,,-466.5224664953138,-505.3275649866904,687.7493436421797,False,dwarf
14.5952461309,-33.80967190887,108.76000213623047,3.299999952316284,Walker+2023 (m2fshi),,,,,,,,,-554.3276305191239,-150.80664293688574,574.475208786976,True,dwarf
14.51697658739,-33.84491155115,111.16000366210938,0.6299999952316284,Walker+2023 (m2fshi),,,,,,,,,-652.05618660462,-203.70075244783004,683.1334181821082,True,dwarf
14.50688811649,-33.88268983732,120.76000213623047,0.7200000286102295,Walker+2023 (m2fshi),,,,,,,,,-664.6528065662703,-260.4053236785686,713.8447211239711,True,dwarf
14.53834177904,-33.90298365763,110.87999725341797,1.5800000429153442,Walker+2023 (m2fshi),,,,,,,,,-625.3792796391702,-290.86600614928113,689.7117346654624,True,dwarf
14.60867368513,-33.98130742889,119.30999755859375,1.0399999618530273,Walker+2023 (m2fshi),,,,,,,,,-537.5617797448717,-408.42866758094874,675.1197253409376,True,dwarf
14.5538373098,-33.98498494783,,,Walker+2023 (m2fshi),,,,,,,,,-606.0313215568596,-413.948561568388,733.912375105156,False,dwarf
14.61998957943,-34.0346474133,107.80999755859375,0.8399999737739563,Walker+2023 (m2fshi),,,,,,,,,-523.4325800439215,-488.4910857598059,715.9645289525384,True,dwarf
14.74400976869,-33.80298788782,,,Walker+2023 (m2fshi),,,,,,,,,-368.5790638702752,-140.77403992171122,394.5476607957117,False,dwarf
14.76268439383,-33.78355078016,,,Walker+2023 (m2fshi),,,,,,,,,-345.26163963952,-111.59926870878279,362.8498264887347,False,dwarf
14.76839302848,-33.75982094904,98.12999725341797,3.7200000286102295,Walker+2023 (m2fshi),,,,,,,,,-338.13375059679413,-75.9811918859723,346.56539759916586,True,dwarf
14.74600830113,-33.75298607074,118.91999816894531,0.5799999833106995,Walker+2023 (m2fshi),,,,,,,,,-366.0836655212803,-65.72215467947883,371.93635447104384,True,dwarf
14.75116637925,-33.72074436561,108.37000274658203,0.44999998807907104,Walker+2023 (m2fshi),,,,,,,,,-359.6432098313985,-17.327898335571135,360.06040387490435,True,dwarf
14.76765745342,-33.71153848028,98.47000122070312,1.909999966621399,Walker+2023 (m2fshi),,,,,,,,,-339.0522009324241,-3.510019512588336,339.07036908892474,True,dwarf
14.7506672937,-33.70898664906,115.08999633789062,3.130000114440918,Walker+2023 (m2fshi),,,,,,,,,-360.26637572680465,0.320236167402177,360.2665180536905,True,dwarf
14.77577438721,-33.70048584723,,,Walker+2023 (m2fshi),,,,,,,,,-328.91727253544474,13.079796532816212,329.17723683373964,False,dwarf
14.78601157742,-33.7769142588,,,Walker+2023 (m2fshi),,,,,,,,,-316.13495935550134,-101.63796192824903,332.07166068731715,False,dwarf
14.79219222903,-33.74933153104,,,Walker+2023 (m2fshi),,,,,,,,,-308.4177026752519,-60.23675214423352,314.2450407442668,False,dwarf
14.79272022613,-33.74588567493,120.3499984741211,1.5700000524520874,Walker+2023 (m2fshi),,,,,,,,,-307.7584373737525,-55.06458016265747,312.64574803317515,True,dwarf
14.79668122674,-33.74120348597,117.16000366210938,0.9300000071525574,Walker+2023 (m2fshi),,,,,,,,,-302.81267107808156,-48.03669339713102,306.5991482016419,True,dwarf
14.7769846435,-33.73314958858,,,Walker+2023 (m2fshi),,,,,,,,,-327.40612791378226,-35.9479290688347,329.3736877770201,False,dwarf
14.79017282113,-33.71273216713,104.94999694824219,3.7899999618530273,Walker+2023 (m2fshi),,,,,,,,,-310.93916644473677,-5.3017233688275045,310.98436214708175,True,dwarf
14.78587261426,-33.70823415146,99.11000061035156,0.699999988079071,Walker+2023 (m2fshi),,,,,,,,,-316.3084708948163,1.4497223904843537,316.3117931010893,True,dwarf
14.78582509805,-33.69797775622,116.12000274658203,0.30000001192092896,Walker+2023 (m2fshi),,,,,,,,,-316.36780036559065,16.844398894335868,316.81590692746744,True,dwarf
14.68771605876,-33.70088853712,,,Walker+2023 (m2fshi),,,,,,,,,-438.8682560827172,12.475365790537873,439.0455340265895,False,dwarf
14.65149840652,-33.69371293574,101.94999694824219,2.0899999141693115,Walker+2023 (m2fshi),,,,,,,,,-484.0901738235512,23.24582260122532,484.64798014736806,True,dwarf
14.71732456578,-33.68017626838,,,Walker+2023 (m2fshi),,,,,,,,,-401.8986187353115,43.564132306640026,404.2528087286243,False,dwarf
14.73461181511,-33.64992336273,,,Walker+2023 (m2fshi),,,,,,,,,-380.31349328360807,88.97323412898616,390.5823723172263,False,dwarf
14.68965309819,-33.64245943566,120.02999877929688,2.6600000858306885,Walker+2023 (m2fshi),,,,,,,,,-436.4496388519907,100.17646294400495,447.79862771340055,True,dwarf
14.639779905,-33.62327006062,76.8499984741211,2.450000047683716,Walker+2023 (m2fshi),,,,,,,,,-498.7220750929,128.97939166692706,515.1304608152567,True,dwarf
14.70955729634,-33.50874634223,100.26000213623047,1.809999942779541,Walker+2023 (m2fshi),,,,,,,,,-411.59695084582273,300.8775640147112,509.84248398206796,True,dwarf
14.78582509805,-33.69797775622,116.12000274658203,0.30000001192092896,Walker+2023 (m2fshi),,,,,,,,,-316.36780036559065,16.844398894335868,316.81590692746744,True,dwarf
14.78463601791,-33.68029189203,114.4800033569336,1.8600000143051147,Walker+2023 (m2fshi),,,,,,,,,-317.85250412059696,43.39058315547683,320.8004942052092,True,dwarf
14.76714139784,-33.67119573312,98.48999786376953,1.8899999856948853,Walker+2023 (m2fshi),,,,,,,,,-339.69655586834983,57.04376447018533,344.45281408888053,True,dwarf
14.76500683656,-33.63783168584,82.5999984741211,3.049999952316284,Walker+2023 (m2fshi),,,,,,,,,-342.36180191956475,107.12263747731177,358.72951213094643,True,dwarf
14.79830527011,-33.63052450361,89.26000213623047,2.799999952316284,Walker+2023 (m2fshi),,,,,,,,,-300.7848655428425,118.09059492759144,323.13607652191723,True,dwarf
14.76757368653,-33.6127120748,106.38999938964844,0.9800000190734863,Walker+2023 (m2fshi),,,,,,,,,-339.156793559908,144.82675055159055,368.7846502949529,True,dwarf
14.79150553009,-33.59090366782,81.20999908447266,3.5999999046325684,Walker+2023 (m2fshi),,,,,,,,,-309.2751255355649,177.56080210335347,356.62156653604904,True,dwarf
14.73950835061,-33.48924934604,93.06999969482422,1.809999942779541,Walker+2023 (m2fshi),,,,,,,,,-374.19960373249216,330.14222690244276,499.01826962312526,True,dwarf
14.82952998076,-33.7022404489,118.08999633789062,1.5199999809265137,Walker+2023 (m2fshi),,,,,,,,,-261.79721148016193,10.446168979397985,262.00553884438165,True,dwarf
14.82148776422,-33.72005357057,104.75,2.25,Walker+2023 (m2fshi),,,,,,,,,-271.83884676937913,-16.291026615794514,272.32656161509937,True,dwarf
14.84689489874,-33.73879999089,119.18000030517578,1.9800000190734863,Walker+2023 (m2fshi),,,,,,,,,-240.11510775725233,-44.429087764813026,244.19092696676992,True,dwarf
14.81344608341,-33.73915489247,92.16000366210938,2.559999942779541,Walker+2023 (m2fshi),,,,,,,,,-281.8798131378806,-44.96178905868131,285.44314938355734,True,dwarf
14.84160477424,-33.7786317187,108.93000030517578,1.190000057220459,Walker+2023 (m2fshi),,,,,,,,,-246.72043858854053,-104.21584031047738,267.82814674514833,True,dwarf
14.83257317219,-33.82881360332,,,Walker+2023 (m2fshi),,,,,,,,,-257.9974358457516,-179.53800389732132,314.3192194989312,False,dwarf
14.82840203475,-33.87465688962,,,Walker+2023 (m2fshi),,,,,,,,,-263.20558221999573,-248.34800448208983,361.8755446862955,False,dwarf
14.80020237706,-33.70847976244,93.37000274658203,1.8700000047683716,Walker+2023 (m2fshi),,,,,,,,,-298.4161086209419,1.0810644463976615,298.4180667868537,True,dwarf
14.79017282113,-33.71273216713,104.94999694824219,3.7899999618530273,Walker+2023 (m2fshi),,,,,,,,,-310.93916644473677,-5.3017233688275045,310.98436214708175,True,dwarf
14.79799631564,-33.72689099043,94.38999938964844,1.309999942779541,Walker+2023 (m2fshi),,,,,,,,,-301.1706308468842,-26.553878661039533,302.33897756765566,True,dwarf
14.80594190552,-33.73318316908,,,Walker+2023 (m2fshi),,,,,,,,,-291.24964509179676,-35.998332833733656,293.4659021639581,False,dwarf
14.79272022613,-33.74588567493,120.3499984741211,1.5700000524520874,Walker+2023 (m2fshi),,,,,,,,,-307.7584373737525,-55.06458016265747,312.64574803317515,True,dwarf
14.81161893899,-33.7527989314,117.94000244140625,2.9100000858306885,Walker+2023 (m2fshi),,,,,,,,,-284.16121376855546,-65.44126168217956,291.59930408177274,True,dwarf
14.8107639077,-33.80292947498,79.45999908447266,1.8799999952316284,Walker+2023 (m2fshi),,,,,,,,,-285.2288189906137,-140.6863632327271,318.0379411051944,True,dwarf
14.78375278804,-33.8066642431,97.37999725341797,1.6399999856948853,Walker+2023 (m2fshi),,,,,,,,,-318.9553185234377,-146.29218727509087,350.9044018990327,True,dwarf
14.89153594668,-33.69622984637,123.56999969482422,2.0899999141693115,Walker+2023 (m2fshi),,,,,,,,,-184.37560856416042,19.467982138631214,185.4005592277288,True,dwarf
14.87862320673,-33.63022094539,74.37000274658203,4.159999847412109,Walker+2023 (m2fshi),,,,,,,,,-200.4986543087645,118.54623070289438,232.9225605077561,True,dwarf
14.88301841339,-33.62766466375,114.2300033569336,3.0999999046325684,Walker+2023 (m2fshi),,,,,,,,,-195.0107316594611,122.38316638836189,230.2321108742215,True,dwarf
14.8994165254,-33.59933390925,100.43000030517578,2.1500000953674316,Walker+2023 (m2fshi),,,,,,,,,-174.53579674354725,164.9071517098868,240.11895599883917,True,dwarf
14.89326875633,-33.59304518059,129.91000366210938,1.809999942779541,Walker+2023 (m2fshi),,,,,,,,,-182.21199577850356,174.34642750569628,252.18621728711585,True,dwarf
14.88225488132,-33.53380173386,96.1500015258789,1.75,Walker+2023 (m2fshi),,,,,,,,,-195.9640895478499,263.2698431931724,328.19648798741787,True,dwarf
14.88605073576,-33.41473787867,121.44999694824219,2.059999942779541,Walker+2023 (m2fshi),,,,,,,,,-191.22452730057202,441.98268440693187,481.57607203523384,True,dwarf
14.90083996702,-33.70205761159,95.58999633789062,1.5299999713897705,Walker+2023 (m2fshi),,,,,,,,,-172.75846563931003,10.720604702129988,173.0907820053627,True,dwarf
14.90759006325,-33.6963732314,106.5,1.7000000476837158,Walker+2023 (m2fshi),,,,,,,,,-164.3301916464811,19.25276362367967,165.4541652353258,True,dwarf
14.90711726583,-33.68884794044,68.04000091552734,2.740000009536743,Walker+2023 (m2fshi),,,,,,,,,-164.92053377836706,30.5480986040223,167.7258739433561,True,dwarf
14.90999865876,-33.61642207404,79.6500015258789,1.909999966621399,Walker+2023 (m2fshi),,,,,,,,,-161.32278224008508,139.25810418092354,213.1146631504901,True,dwarf
14.90509256068,-33.57545792166,98.11000061035156,1.8600000143051147,Walker+2023 (m2fshi),,,,,,,,,-167.44861177569305,200.7446069324128,261.41429723344453,True,dwarf
14.90415182229,-33.50789267388,100.4000015258789,0.4099999964237213,Walker+2023 (m2fshi),,,,,,,,,-168.62323220128948,302.15890582947316,346.02571986786535,True,dwarf
14.90828001823,-33.47848400617,66.91999816894531,2.5299999713897705,Walker+2023 (m2fshi),,,,,,,,,-163.46870324453405,346.3008207236242,382.9442196643073,True,dwarf
14.90925924086,-33.4229843211,107.70999908447266,2.4800000190734863,Walker+2023 (m2fshi),,,,,,,,,-162.246030804854,429.6049132166799,459.221249477679,True,dwarf
14.97190682976,-33.70344156402,,,Walker+2023 (m2fshi),,,,,,,,,-84.02328756562244,8.643315415008734,84.46667836903858,False,dwarf
14.97680901519,-33.70696143861,118.58000183105469,2.059999942779541,Walker+2023 (m2fshi),,,,,,,,,-77.90234342499461,3.360042941663588,77.97477155898326,True,dwarf
14.96551772836,-33.72082851008,127.4000015258789,1.649999976158142,Walker+2023 (m2fshi),,,,,,,,,-92.00081786035454,-17.454197767771127,93.64186834258807,True,dwarf
14.97450827384,-33.73867708041,107.6500015258789,3.559999942779541,Walker+2023 (m2fshi),,,,,,,,,-80.77508446803972,-44.244601204545205,92.09885453450653,True,dwarf
14.97058125274,-33.76247879097,91.04000091552734,1.590000033378601,Walker+2023 (m2fshi),,,,,,,,,-85.67842342479805,-79.97056785611667,117.20104079652512,True,dwarf
14.97444688185,-33.78111074922,116.9000015258789,1.559999942779541,Walker+2023 (m2fshi),,,,,,,,,-80.85173945117602,-107.93682336598653,134.86052651024698,True,dwarf
14.97230342672,-33.8402029898,,,Walker+2023 (m2fshi),,,,,,,,,-83.52809050031875,-196.63328116912382,213.63892240405337,False,dwarf
14.93720434403,-33.70357534537,140.67999267578125,1.7699999809265137,Walker+2023 (m2fshi),,,,,,,,,-127.35334509351455,8.442511861971314,127.63287395121733,True,dwarf
14.93786182419,-33.72896474101,142.0399932861328,1.590000033378601,Walker+2023 (m2fshi),,,,,,,,,-126.5324052514015,-29.666543352847352,129.96366174131626,True,dwarf
14.92873347037,-33.72940299078,110.26000213623047,2.190000057220459,Walker+2023 (m2fshi),,,,,,,,,-137.93020825701296,-30.324348876057616,141.22431973488074,True,dwarf
14.92143726698,-33.73325534111,98.05999755859375,1.3200000524520874,Walker+2023 (m2fshi),,,,,,,,,-147.04036005085092,-36.106661835148216,151.40858137094352,True,dwarf
14.96335384261,-33.7477368297,125.76000213623047,0.30000001192092896,Walker+2023 (m2fshi),,,,,,,,,-94.702678895922,-57.84313229289894,110.97038047838676,True,dwarf
14.92796366904,-33.76245193758,99.36000061035156,1.440000057220459,Walker+2023 (m2fshi),,,,,,,,,-138.8913940398819,-79.9302613700319,160.24876293133548,True,dwarf
14.93369078282,-33.82495717094,107.77999877929688,2.200000047683716,Walker+2023 (m2fshi),,,,,,,,,-131.74043167116633,-173.749563849936,218.04690384169237,True,dwarf
14.92501319058,-33.83232690957,104.95999908447266,2.5,Walker+2023 (m2fshi),,,,,,,,,-142.5754068336986,-184.81141740295914,233.41595197476425,True,dwarf
15.03144074896,-33.7002573016,103.8499984741211,1.2400000095367432,Walker+2023 (m2fshi),,,,,,,,,-9.688320212922148,13.422839673986608,16.554037980555222,True,dwarf
15.03741438829,-33.69955804107,104.20999908447266,1.350000023841858,Walker+2023 (m2fshi),,,,,,,,,-2.2295422500508733,14.472417951672423,14.643146520220718,True,dwarf
15.05019220208,-33.67692316499,147.69000244140625,2.2200000286102295,Walker+2023 (m2fshi),,,,,,,,,13.725032615541334,48.44698570208084,50.35361897535567,True,dwarf
15.03895547445,-33.65975959943,125.52999877929688,1.2200000286102295,Walker+2023 (m2fshi),,,,,,,,,-0.30531836338678925,74.20920851681933,74.20983659863288,True,dwarf
15.02477844609,-33.60600100272,106.12000274658203,2.200000047683716,Walker+2023 (m2fshi),,,,,,,,,-18.006974065886965,154.89995670716849,155.9430912316804,True,dwarf
15.02662528004,-33.5983507917,91.77999877929688,1.350000023841858,Walker+2023 (m2fshi),,,,,,,,,-15.700988785162316,166.38279459350747,167.1219775660194,True,dwarf
15.02555585078,-33.55265444757,114.88999938964844,2.9800000190734863,Walker+2023 (m2fshi),,,,,,,,,-17.03629461075524,234.97223745609563,235.58902289620423,True,dwarf
15.05989530671,-33.67683455655,122.43000030517578,1.340000033378601,Walker+2023 (m2fshi),,,,,,,,,25.84047832419323,48.579985478064415,55.02495169531773,True,dwarf
15.06732541761,-33.66594726227,120.62000274658203,1.6399999856948853,Walker+2023 (m2fshi),,,,,,,,,35.11782909498589,64.92163081454017,73.8111107352009,True,dwarf
15.06753844228,-33.64133601101,122.2300033569336,1.440000057220459,Walker+2023 (m2fshi),,,,,,,,,35.383814975011695,101.86270442149792,107.83332005575696,True,dwarf
15.07792438311,-33.59825155966,83.95999908447266,2.309999942779541,Walker+2023 (m2fshi),,,,,,,,,48.351860467388626,166.53174021414995,173.4091200295156,True,dwarf
15.05992555775,-33.58602785577,99.58999633789062,3.1600000858306885,Walker+2023 (m2fshi),,,,,,,,,25.878250238106315,184.87931386572055,186.68166629544976,True,dwarf
15.05529521356,-33.5768276648,91.75,1.559999942779541,Walker+2023 (m2fshi),,,,,,,,,20.096731251604997,198.6886455502499,199.70241980905507,True,dwarf
15.0627336666,-33.56462135218,117.0999984741211,2.869999885559082,Walker+2023 (m2fshi),,,,,,,,,29.38449814673543,217.01011519847336,218.99049940531708,True,dwarf
15.07579842628,-33.53972508297,93.69999694824219,1.350000023841858,Walker+2023 (m2fshi),,,,,,,,,45.697358064809734,254.37899594771696,258.45100524755566,True,dwarf
15.00748809442,-33.70744552338,113.02999877929688,1.3200000524520874,Walker+2023 (m2fshi),,,,,,,,,-39.595973147040574,2.6334398554714866,39.68344862702263,True,dwarf
15.00920872516,-33.71159313326,141.60000610351562,2.049999952316284,Walker+2023 (m2fshi),,,,,,,,,-37.44756713576551,-3.592052715038596,37.61945144596451,True,dwarf
15.00844276557,-33.72418731686,114.20999908447266,1.2100000381469727,Walker+2023 (m2fshi),,,,,,,,,-38.40395606297397,-22.49571017120955,44.507536635876576,True,dwarf
15.01928536984,-33.7336115156,136.89999389648438,2.2799999713897705,Walker+2023 (m2fshi),,,,,,,,,-24.865713574332673,-36.64127374549353,44.28189983789026,True,dwarf
15.01524859738,-33.76341135528,112.98999786376953,1.4700000286102295,Walker+2023 (m2fshi),,,,,,,,,-29.906089767546465,-81.37033117797898,86.69201232638753,True,dwarf
15.02240896909,-33.77466601971,107.9800033569336,0.9599999785423279,Walker+2023 (m2fshi),,,,,,,,,-20.965539498920794,-98.26339292188923,100.47511251550007,True,dwarf
15.00645091368,-33.8014072706,111.04000091552734,1.309999942779541,Walker+2023 (m2fshi),,,,,,,,,-40.89101297446374,-138.40156009727633,144.31585768527918,True,dwarf
15.02042544498,-33.833686525,99.93000030517578,2.180000066757202,Walker+2023 (m2fshi),,,,,,,,,-23.442198216190747,-186.8521772629914,188.31694773739176,True,dwarf
14.99100466738,-33.7029884788,,,Walker+2023 (m2fshi),,,,,,,,,-60.17743372185483,9.323388698778912,60.895394786278786,False,dwarf
14.99913142937,-33.70964175389,130.91000366210938,3.799999952316284,Walker+2023 (m2fshi),,,,,,,,,-50.03023368316022,-0.6630651483037209,50.03462738726566,True,dwarf
15.00186827755,-33.75400921431,111.4000015258789,1.399999976158142,Walker+2023 (m2fshi),,,,,,,,,-46.61296294333039,-67.25787594495358,81.83147432976543,True,dwarf
14.98292088933,-33.75519234047,109.05999755859375,0.9200000166893005,Walker+2023 (m2fshi),,,,,,,,,-70.2709633518217,-69.03372838338062,98.50717712381895,True,dwarf
14.97812058912,-33.75872571704,108.52999877929688,1.5099999904632568,Walker+2023 (m2fshi),,,,,,,,,-76.26469203940843,-74.33726710127786,106.5003874732507,True,dwarf
14.98122252282,-33.76911843763,104.02999877929688,1.7400000095367432,Walker+2023 (m2fshi),,,,,,,,,-72.39156990301599,-89.93656565931829,115.45183080235722,True,dwarf
14.99213951283,-33.77703414977,113.44000244140625,1.4199999570846558,Walker+2023 (m2fshi),,,,,,,,,-58.760448235098345,-101.81791625486736,117.55712801558592,True,dwarf
14.98248677172,-33.82256868467,126.25,1.7000000476837158,Walker+2023 (m2fshi),,,,,,,,,-70.8130092779117,-170.16448618861867,184.31070137903063,True,dwarf
15.13262199676,-33.69948962763,112.06999969482422,1.1799999475479126,Walker+2023 (m2fshi),,,,,,,,,116.64814231108903,14.575105372804487,117.55519044796122,True,dwarf
15.12935946278,-33.69451360249,119.22000122070312,1.4800000190734863,Walker+2023 (m2fshi),,,,,,,,,112.57449219449587,22.044035295337494,114.7124918435246,True,dwarf
15.1289308709,-33.68424787455,113.05000305175781,1.440000057220459,Walker+2023 (m2fshi),,,,,,,,,112.03934577988872,37.45272002468436,118.1334890707663,True,dwarf
15.12212089144,-33.68130396203,123.22000122070312,3.240000009536743,Walker+2023 (m2fshi),,,,,,,,,103.5363006648667,41.87148313205813,111.68252618491357,True,dwarf
15.13014493399,-33.62422923624,120.33999633789062,1.6399999856948853,Walker+2023 (m2fshi),,,,,,,,,113.55524363059102,127.53968521698256,170.76640378379432,True,dwarf
15.13993313331,-33.62350305967,83.83000183105469,1.590000033378601,Walker+2023 (m2fshi),,,,,,,,,125.77693987823082,128.62966401734786,179.9039440099852,True,dwarf
15.11540273409,-33.60425261081,108.62000274658203,1.3899999856948853,Walker+2023 (m2fshi),,,,,,,,,95.14790604893577,157.52426351541482,184.02993675370035,True,dwarf
15.12482439104,-33.56198400595,,,Walker+2023 (m2fshi),,,,,,,,,106.91193185469226,220.9687274681187,245.47370468500708,False,dwarf
15.16672775111,-33.6959459319,81.62000274658203,2.549999952316284,Walker+2023 (m2fshi),,,,,,,,,159.23311185810613,19.894132976052916,160.47105794779634,True,dwarf
15.14048502769,-33.69609692903,78.19000244140625,1.190000057220459,Walker+2023 (m2fshi),,,,,,,,,126.46604369116287,19.667488827210367,127.98621145913945,True,dwarf
15.14167002728,-33.68782007335,119.41000366210938,1.6699999570846558,Walker+2023 (m2fshi),,,,,,,,,127.94565240866679,32.09090979345608,131.90874293105486,True,dwarf
15.14817076944,-33.68688475354,98.33000183105469,1.659999966621399,Walker+2023 (m2fshi),,,,,,,,,136.0625790737606,33.494809074403385,140.12468611609478,True,dwarf
15.15032299741,-33.68178113526,93.33000183105469,1.3899999856948853,Walker+2023 (m2fshi),,,,,,,,,138.74988402588636,41.15525415098076,144.72486055073168,True,dwarf
15.15625524181,-33.64202649617,98.04000091552734,1.6299999952316284,Walker+2023 (m2fshi),,,,,,,,,146.15697564235774,100.82629782637031,177.560704724589,True,dwarf
15.16442118792,-33.59622929755,108.86000061035156,1.4299999475479126,Walker+2023 (m2fshi),,,,,,,,,156.35310157607265,169.56712157972342,230.6497368160007,True,dwarf
15.14490217934,-33.53835705987,83.62000274658203,2.180000066757202,Walker+2023 (m2fshi),,,,,,,,,131.98136719256937,256.4323755788169,288.4036139354277,True,dwarf
15.08570489452,-33.70537037073,117.56999969482422,3.0799999237060547,Walker+2023 (m2fshi),,,,,,,,,58.06672670535088,5.74820903072748,58.35054976034798,True,dwarf
15.08000209977,-33.70813663628,95.0999984741211,1.3899999856948853,Walker+2023 (m2fshi),,,,,,,,,50.946129451603824,1.5960910331827005,50.971125283691556,True,dwarf
15.08293752356,-33.72723129123,127.98999786376953,1.5199999809265137,Walker+2023 (m2fshi),,,,,,,,,54.61134475286527,-27.064664430047625,60.949938772958504,True,dwarf
15.09146415811,-33.72898314429,104.0,1.3200000524520874,Walker+2023 (m2fshi),,,,,,,,,65.25783182141188,-29.694166366150966,71.69608169357882,True,dwarf
15.09333398841,-33.74146254434,129.91000366210938,2.009999990463257,Walker+2023 (m2fshi),,,,,,,,,67.59253069851134,-48.42553564712237,83.14915940008004,True,dwarf
15.07779421826,-33.75976481612,,,Walker+2023 (m2fshi),,,,,,,,,48.18933463328994,-75.89693731850988,89.90304258883019,False,dwarf
15.0821284809,-33.79149421,123.06999969482422,2.380000114440918,Walker+2023 (m2fshi),,,,,,,,,53.60116164168804,-123.52222310518334,134.65074871750642,True,dwarf
15.0883286271,-33.81451610887,119.81999969482422,1.850000023841858,Walker+2023 (m2fshi),,,,,,,,,61.34275956690792,-158.07770554464807,169.56265845269098,True,dwarf
15.05913028341,-33.70881748344,97.0999984741211,1.8799999952316284,Walker+2023 (m2fshi),,,,,,,,,24.88525846308398,0.574150913727145,24.891880966416068,True,dwarf
15.07408753142,-33.71922209753,108.52999877929688,0.9599999785423279,Walker+2023 (m2fshi),,,,,,,,,43.5611084230758,-15.042999587489003,46.085377329866354,True,dwarf
15.0589644883,-33.73005074643,114.27999877929688,1.1200000047683716,Walker+2023 (m2fshi),,,,,,,,,24.678244138228653,-31.29661919637261,39.855916836384225,True,dwarf
15.07120717998,-33.75385114267,108.16999816894531,0.36000001430511475,Walker+2023 (m2fshi),,,,,,,,,39.96465730522889,-67.02061307575246,78.03163724140425,True,dwarf
15.0604130524,-33.75963257965,117.25,0.9800000190734863,Walker+2023 (m2fshi),,,,,,,,,26.486943557464784,-75.69845260434893,80.19859042220871,True,dwarf
15.06196953632,-33.77481215223,110.97000122070312,1.7999999523162842,Walker+2023 (m2fshi),,,,,,,,,28.43039332413466,-98.48273537305374,102.50432396305987,True,dwarf
15.07133458934,-33.8380160151,93.2699966430664,1.8899999856948853,Walker+2023 (m2fshi),,,,,,,,,40.12374259212688,-193.35066898026088,197.46998737710416,True,dwarf
15.0653036419,-33.84539937338,,,Walker+2023 (m2fshi),,,,,,,,,32.5934088415102,-204.43296539852707,207.01489714884096,False,dwarf
15.16555870155,-33.70479177277,122.47000122070312,3.9600000381469727,Walker+2023 (m2fshi),,,,,,,,,157.77341859342303,6.616674823197499,157.91210213397648,True,dwarf
15.13740239592,-33.71070985292,108.01000213623047,1.309999942779541,Walker+2023 (m2fshi),,,,,,,,,122.61702224150031,-2.2662638020340964,122.63796351453733,True,dwarf
15.1226491991,-33.71241877483,100.16999816894531,1.149999976158142,Walker+2023 (m2fshi),,,,,,,,,104.19595373635718,-4.831326805084357,104.30790235512654,True,dwarf
15.15657508937,-33.72120600863,,,Walker+2023 (m2fshi),,,,,,,,,146.5563422261486,-18.02081673300848,147.66012082628356,False,dwarf
15.13060120934,-33.7227785036,88.30000305175781,2.25,Walker+2023 (m2fshi),,,,,,,,,114.12495605171061,-20.381105196988436,115.93056129794071,True,dwarf
15.17132759667,-33.72925957238,117.30999755859375,2.819999933242798,Walker+2023 (m2fshi),,,,,,,,,164.97654978600846,-30.10908027329151,167.7015763020695,True,dwarf
15.14466052866,-33.75017912394,96.88999938964844,1.7100000381469727,Walker+2023 (m2fshi),,,,,,,,,131.6796384360899,-61.508974810884574,145.337129326767,True,dwarf
15.13782720068,-33.76404551189,82.51000213623047,1.649999976158142,Walker+2023 (m2fshi),,,,,,,,,123.14743999981464,-82.32218956830528,148.12911555068413,True,dwarf
15.10342132297,-33.7032255606,101.93000030517578,1.9199999570846558,Walker+2023 (m2fshi),,,,,,,,,80.18773180855844,8.967532910213905,80.68760114848541,True,dwarf
15.1220613716,-33.70855354495,120.87000274658203,1.600000023841858,Walker+2023 (m2fshi),,,,,,,,,103.46198327701842,0.9703181416267359,103.46653324099542,True,dwarf
15.1073561534,-33.72494084357,,,Walker+2023 (m2fshi),,,,,,,,,85.10082161488837,-23.626741071066437,88.31971882410106,False,dwarf
15.11793340444,-33.73429197484,121.02999877929688,1.6100000143051147,Walker+2023 (m2fshi),,,,,,,,,98.30773997849255,-37.662631603558424,105.27528465401677,True,dwarf
15.10560639866,-33.75357007825,119.88999938964844,1.899999976158142,Walker+2023 (m2fshi),,,,,,,,,82.91605092918935,-66.59874011537758,106.35066378094461,True,dwarf
15.0973860037,-33.81627403765,120.66000366210938,2.0899999141693115,Walker+2023 (m2fshi),,,,,,,,,72.65193932375,-160.71632703412365,176.37472058898135,True,dwarf
15.09243439395,-33.82083270301,102.37000274658203,1.5299999713897705,Walker+2023 (m2fshi),,,,,,,,,66.46928321685061,-167.55880695659252,180.26125318569862,True,dwarf
15.0790241947,-33.67796674974,118.16000366210938,1.690000057220459,Walker+2023 (m2fshi),,,,,,,,,49.72510213760712,46.88058256972738,68.34014050814123,True,dwarf
15.0811018197,-33.67180829861,114.77999877929688,1.9500000476837158,Walker+2023 (m2fshi),,,,,,,,,52.319256673734465,56.12431398730355,76.72837310563509,True,dwarf
15.08251777176,-33.65664671362,106.2300033569336,1.440000057220459,Walker+2023 (m2fshi),,,,,,,,,54.087236198137525,78.8815976864099,95.64379526719831,True,dwarf
15.08720250916,-33.61893265987,103.62000274658203,1.3300000429153442,Walker+2023 (m2fshi),,,,,,,,,59.9366713833991,135.4897571366056,148.15491509044827,True,dwarf
15.08347391124,-33.61263937117,117.19999694824219,2.130000114440918,Walker+2023 (m2fshi),,,,,,,,,55.281086661628244,144.93587747565462,155.12062120210976,True,dwarf
15.08378498254,-33.51998613894,,,Walker+2023 (m2fshi),,,,,,,,,55.66949507217202,284.0068184681017,289.41141238376184,False,dwarf
15.08707655051,-33.48474834935,133.7899932861328,2.690000057220459,Walker+2023 (m2fshi),,,,,,,,,59.7793974753229,336.8981471225563,342.16069016928907,True,dwarf
15.10667523396,-33.69291658492,,,Walker+2023 (m2fshi),,,,,,,,,84.25061512719002,24.441131768884183,87.72419889320084,False,dwarf
15.11290079547,-33.68930183686,108.81999969482422,1.3300000429153442,Walker+2023 (m2fshi),,,,,,,,,92.02394699945054,29.866807722714217,96.7493308757392,True,dwarf
15.10280366325,-33.66100833132,105.33999633789062,0.4399999976158142,Walker+2023 (m2fshi),,,,,,,,,79.4165123804032,72.33488298267731,107.4212164089774,True,dwarf
15.09438526757,-33.65131955684,130.07000732421875,0.9399999976158142,Walker+2023 (m2fshi),,,,,,,,,68.90517403003113,86.87757028636955,110.88568540155198,True,dwarf
15.10858395801,-33.64593618773,114.9800033569336,0.6299999952316284,Walker+2023 (m2fshi),,,,,,,,,86.63387733885801,94.95791664685882,128.53962282765607,True,dwarf
15.09161043765,-33.64152870315,101.75,2.5299999713897705,Walker+2023 (m2fshi),,,,,,,,,65.44047870534474,101.57347676492168,120.82891804240722,True,dwarf
15.10667421872,-33.59118192649,,,Walker+2023 (m2fshi),,,,,,,,,84.24934748290727,177.14314052647205,196.15719407372515,False,dwarf
15.10942486163,-33.55862747664,,,Walker+2023 (m2fshi),,,,,,,,,87.68384253482401,226.0068214274542,242.42017154810569,False,dwarf
15.03970495808,-33.71264474462,117.69999694824219,1.3700000047683716,Walker+2023 (m2fshi),,,,,,,,,0.6304984267057284,-5.170503653801672,5.2088037302297,True,dwarf
15.04349594656,-33.72045139007,117.06999969482422,2.0,Walker+2023 (m2fshi),,,,,,,,,5.363984961473793,-16.888146984698203,17.71953281674458,True,dwarf
15.05793700401,-33.72330902706,110.23999786376953,1.1799999475479126,Walker+2023 (m2fshi),,,,,,,,,23.395311447440633,-21.17741197469836,31.55666927400362,True,dwarf
15.03899280413,-33.75032823697,103.27999877929688,1.6799999475479126,Walker+2023 (m2fshi),,,,,,,,,-0.2587079506805339,-61.73279095735595,61.73333304778185,True,dwarf
15.04309058358,-33.77857657777,133.17999267578125,1.3200000524520874,Walker+2023 (m2fshi),,,,,,,,,4.857842508747702,-104.13307470330557,104.24632310544106,True,dwarf
15.05076039304,-33.78537732366,94.83999633789062,1.6299999952316284,Walker+2023 (m2fshi),,,,,,,,,14.434484588955725,-114.34087973729513,115.24838881497384,True,dwarf
15.04667842386,-33.79499279001,118.02999877929688,1.8700000047683716,Walker+2023 (m2fshi),,,,,,,,,9.33767507586952,-128.77353277260318,129.11163742497894,True,dwarf
15.04269331202,-33.80867059723,130.3000030517578,1.4700000286102295,Walker+2023 (m2fshi),,,,,,,,,4.36180312751161,-149.3036910306258,149.36739095897653,True,dwarf
15.02489040854,-33.70736247357,151.10000610351562,1.7200000286102295,Walker+2023 (m2fshi),,,,,,,,,-17.867176028447393,2.758096221444406,18.078801785468833,True,dwarf
15.0344316848,-33.70748341836,102.97000122070312,1.5800000429153442,Walker+2023 (m2fshi),,,,,,,,,-5.953791712062829,2.576560128772387,6.487395305344635,True,dwarf
15.02621435368,-33.72543904464,115.25,2.1500000953674316,Walker+2023 (m2fshi),,,,,,,,,-16.21407775974108,-24.37453248578647,29.274804038619802,True,dwarf
15.02649104657,-33.72930717206,117.58999633789062,1.690000057220459,Walker+2023 (m2fshi),,,,,,,,,-15.868594760786095,-30.18052659122583,34.098042245937485,True,dwarf
15.02643578383,-33.75580971765,99.94999694824219,1.0399999618530273,Walker+2023 (m2fshi),,,,,,,,,-15.937596668084279,-69.96040113189838,71.75280283090451,True,dwarf
15.0228114424,-33.77961817136,89.8499984741211,1.649999976158142,Walker+2023 (m2fshi),,,,,,,,,-20.46300513260817,-105.6964891380372,107.65910270462207,True,dwarf
15.02905602946,-33.78597526255,112.0999984741211,0.30000001192092896,Walker+2023 (m2fshi),,,,,,,,,-12.665917665935718,-115.23837593992603,115.93234561412093,True,dwarf
15.03725062659,-33.84352142159,113.04000091552734,1.649999976158142,Walker+2023 (m2fshi),,,,,,,,,-2.434017627897462,-201.6141913926135,201.62888337911883,True,dwarf
14.98640676771,-33.70183020118,107.86000061035156,1.159999966621399,Walker+2023 (m2fshi),,,,,,,,,-65.91844198157156,11.061943897199278,66.84016454245607,True,dwarf
14.99613258001,-33.69396986526,110.5199966430664,1.2000000476837158,Walker+2023 (m2fshi),,,,,,,,,-53.774643126832125,22.860175719241262,58.432010724711,True,dwarf
14.98911324947,-33.69247624922,122.33000183105469,3.359999895095825,Walker+2023 (m2fshi),,,,,,,,,-62.539087220893016,25.1020682378833,67.38880663909856,True,dwarf
14.9976299786,-33.67906197763,111.25,2.059999942779541,Walker+2023 (m2fshi),,,,,,,,,-51.90496821214168,45.23666395407644,68.8511546075843,True,dwarf
14.99520025341,-33.65179718731,107.11000061035156,1.7200000286102295,Walker+2023 (m2fshi),,,,,,,,,-54.938760462033216,86.16065499576098,102.18574201131592,True,dwarf
14.99568537211,-33.64625522233,126.06999969482422,1.350000023841858,Walker+2023 (m2fshi),,,,,,,,,-54.333033790390836,94.47905108585442,108.98793352913543,True,dwarf
14.98912902386,-33.63164400204,134.47999572753906,1.5099999904632568,Walker+2023 (m2fshi),,,,,,,,,-62.519391074874385,116.41024664019083,132.13636813233194,True,dwarf
14.99393659764,-33.56175272675,111.01000213623047,0.7599999904632568,Walker+2023 (m2fshi),,,,,,,,,-56.516580495892946,221.3158736518217,228.41812494024606,True,dwarf
15.01493193904,-33.66124717779,78.44999694824219,2.6500000953674316,Walker+2023 (m2fshi),,,,,,,,,-30.301474242182852,71.9763784541596,78.09467585326212,True,dwarf
15.00694067974,-33.65135929928,125.73999786376953,1.6699999570846558,Walker+2023 (m2fshi),,,,,,,,,-40.27948353763879,86.81791755331658,95.70677929150781,True,dwarf
15.00375996589,-33.63210462177,106.05000305175781,1.899999976158142,Walker+2023 (m2fshi),,,,,,,,,-44.250971781232316,115.71886418381338,123.8910974669902,True,dwarf
15.01309758562,-33.62317605483,,,Walker+2023 (m2fshi),,,,,,,,,-32.59187614115427,129.12049277435878,133.1703121746494,False,dwarf
15.01333969833,-33.61632499646,107.45999908447266,2.4200000762939453,Walker+2023 (m2fshi),,,,,,,,,-32.28957048690982,139.40381599339258,143.09451518401667,True,dwarf
15.02016055811,-33.59824685893,98.0999984741211,1.649999976158142,Walker+2023 (m2fshi),,,,,,,,,-23.77294003696125,166.5387959307163,168.22699910553516,True,dwarf
15.01841874164,-33.58566407835,,,Walker+2023 (m2fshi),,,,,,,,,-25.947798876623004,185.4253376459265,187.23205950810754,False,dwarf
15.02067384676,-33.52672234116,78.44000244140625,2.2300000190734863,Walker+2023 (m2fshi),,,,,,,,,-23.132039932400687,273.89589239564873,274.87097180794296,True,dwarf
14.908326906,-33.71504170693,107.62000274658203,1.6699999570846558,Walker+2023 (m2fshi),,,,,,,,,-163.41015845361704,-8.76830370840298,163.6452352980649,True,dwarf
14.90684811327,-33.7341707985,108.91000366210938,1.5399999618530273,Walker+2023 (m2fshi),,,,,,,,,-165.25660180529076,-37.480747958230424,169.4536836653037,True,dwarf
14.90627214654,-33.73873985347,96.0,1.149999976158142,Walker+2023 (m2fshi),,,,,,,,,-165.97576272475092,-44.3388225103023,171.796056397296,True,dwarf
14.91216814066,-33.76258179457,82.6500015258789,1.6100000143051147,Walker+2023 (m2fshi),,,,,,,,,-158.61393376553596,-80.12517452479773,177.7031895527121,True,dwarf
14.91843951548,-33.78693950112,87.13999938964844,2.4000000953674316,Walker+2023 (m2fshi),,,,,,,,,-150.78339868964116,-116.68568179255834,190.65985853292102,True,dwarf
14.89768287392,-33.79591653527,134.0399932861328,1.7400000095367432,Walker+2023 (m2fshi),,,,,,,,,-176.70046065109076,-130.1600588489704,219.46456140770226,True,dwarf
14.91608939852,-33.86078053485,115.29000091552734,1.4299999475479126,Walker+2023 (m2fshi),,,,,,,,,-153.71779087890135,-227.51982969571816,274.58046568803513,True,dwarf
14.91840539829,-33.88434727666,107.94999694824219,1.940000057220459,Walker+2023 (m2fshi),,,,,,,,,-150.8259979379165,-262.8931122111835,303.086242020403,True,dwarf
14.8753103287,-33.70250772881,87.41000366210938,1.5800000429153442,Walker+2023 (m2fshi),,,,,,,,,-204.63516478065364,10.044986336358752,204.8815570404103,True,dwarf
14.89421810762,-33.70947032453,102.16000366210938,2.2200000286102295,Walker+2023 (m2fshi),,,,,,,,,-181.0266211534723,-0.4057525663789807,181.02707587923942,True,dwarf
14.883229517,-33.71561227246,107.9000015258789,1.309999942779541,Walker+2023 (m2fshi),,,,,,,,,-194.74714444450242,-9.624712958729464,194.98483368925343,True,dwarf
14.88644843782,-33.7801690409,,,Walker+2023 (m2fshi),,,,,,,,,-190.72795039040537,-106.52333503912237,218.45908534089867,False,dwarf
14.86519532168,-33.78425813584,99.29000091552734,1.1699999570846558,Walker+2023 (m2fshi),,,,,,,,,-217.26491814995916,-112.66099767027215,244.73770664687027,True,dwarf
14.88399748876,-33.79493737245,,,Walker+2023 (m2fshi),,,,,,,,,-193.78824309087818,-128.6903519484659,232.62650288578322,False,dwarf
14.93089891033,-33.68366572654,114.43000030517578,1.4600000381469727,Walker+2023 (m2fshi),,,,,,,,,-135.2264066109262,38.32651438241697,140.55284682143284,True,dwarf
14.92871754307,-33.67756158941,104.55999755859375,1.899999976158142,Walker+2023 (m2fshi),,,,,,,,,-137.95009532880687,47.48872140083282,145.89519341470034,True,dwarf
14.95287987355,-33.66270399487,127.5,1.9800000190734863,Walker+2023 (m2fshi),,,,,,,,,-107.78063779045893,69.78972055467337,128.40276857458136,True,dwarf
14.95166640832,-33.63827224275,123.9800033569336,1.4900000095367432,Walker+2023 (m2fshi),,,,,,,,,-109.2957891439698,106.46136897583558,152.5765139489434,True,dwarf
14.92325238574,-33.60680108328,139.72000122070312,2.0799999237060547,Walker+2023 (m2fshi),,,,,,,,,-144.77397484425185,153.6990492625967,211.14663515299077,True,dwarf
14.9473537526,-33.59195269089,116.01000213623047,1.2899999618530273,Walker+2023 (m2fshi),,,,,,,,,-114.68063741966628,175.98623614428587,210.05428800958413,True,dwarf
14.92338170838,-33.56535117137,,,Walker+2023 (m2fshi),,,,,,,,,-144.61250060651358,215.91466888683541,259.86904312014667,False,dwarf
14.9376239189,-33.53212572571,126.02999877929688,3.0,Walker+2023 (m2fshi),,,,,,,,,-126.82945745630829,265.785503196837,294.49557719642814,True,dwarf
14.96567485641,-33.6899693704,88.94000244140625,1.100000023841858,Walker+2023 (m2fshi),,,,,,,,,-91.80462535994204,28.864851122625048,96.23548653075237,True,dwarf
14.96779841658,-33.68651592495,106.9800033569336,1.5099999904632568,Walker+2023 (m2fshi),,,,,,,,,-89.15311546390843,34.048414575708286,95.43360274054571,True,dwarf
14.98459759629,-33.65052731649,102.29000091552734,1.5499999523162842,Walker+2023 (m2fshi),,,,,,,,,-68.17740124795617,88.0667097077843,111.37281265946355,True,dwarf
14.98126715161,-33.63833397525,108.05000305175781,1.6100000143051147,Walker+2023 (m2fshi),,,,,,,,,-72.33584570927364,106.36870953310562,128.63427592292047,True,dwarf
14.96286870969,-33.62749210215,117.75,2.059999942779541,Walker+2023 (m2fshi),,,,,,,,,-95.3084233228741,122.64217844344594,155.32160020308254,True,dwarf
14.95810406035,-33.56684347972,98.30000305175781,1.2699999809265137,Walker+2023 (m2fshi),,,,,,,,,-101.25763778574422,213.6747391888574,236.4529622935082,True,dwarf
14.96731319411,-33.44774198772,,,Walker+2023 (m2fshi),,,,,,,,,-89.7589717043711,392.4440726204945,402.57797149916945,False,dwarf
14.7506672937,-33.70898664906,115.08999633789062,3.130000114440918,Walker+2023 (m2fshi),,,,,,,,,-360.26637572680465,0.320236167402177,360.2665180536905,True,dwarf
14.76765745342,-33.71153848028,98.47000122070312,1.909999966621399,Walker+2023 (m2fshi),,,,,,,,,-339.0522009324241,-3.510019512588336,339.07036908892474,True,dwarf
14.76839302848,-33.75982094904,98.12999725341797,3.7200000286102295,Walker+2023 (m2fshi),,,,,,,,,-338.13375059679413,-75.9811918859723,346.56539759916586,True,dwarf
14.74400976869,-33.80298788782,,,Walker+2023 (m2fshi),,,,,,,,,-368.5790638702752,-140.77403992171122,394.5476607957117,False,dwarf
14.76022361469,-33.81630549505,122.19000244140625,1.5399999618530273,Walker+2023 (m2fshi),,,,,,,,,-348.33420632910156,-160.76354406169347,383.6425893956524,True,dwarf
14.73227947814,-33.83177655464,,,Walker+2023 (m2fshi),,,,,,,,,-383.2256851038352,-183.9853439228174,425.1029669406005,False,dwarf
14.76989292582,-33.85306786426,,,Walker+2023 (m2fshi),,,,,,,,,-336.26095570441294,-215.9432410468387,399.6284695627405,False,dwarf
14.77398619139,-33.85484709842,117.66000366210938,3.2300000190734863,Walker+2023 (m2fshi),,,,,,,,,-331.1500413449916,-218.61384155285714,396.8026733797132,True,dwarf
14.6822601612,-33.70170508314,118.63999938964844,2.0,Walker+2023 (m2fshi),,,,,,,,,-445.68057370689155,11.249743967840953,445.82253253850456,True,dwarf
14.63652227116,-33.76911739803,137.07000732421875,2.059999942779541,Walker+2023 (m2fshi),,,,,,,,,-502.7896068193063,-89.93500523722476,510.76970729726355,True,dwarf
14.64669927905,-33.77008787266,,,Walker+2023 (m2fshi),,,,,,,,,-490.08243820993334,-91.39167131087689,498.53107608933317,False,dwarf
14.72332413745,-33.79318189434,116.91999816894531,1.899999976158142,Walker+2023 (m2fshi),,,,,,,,,-394.40746125378524,-126.05540887337519,414.0618451377643,True,dwarf
14.71231572147,-33.82546842242,,,Walker+2023 (m2fshi),,,,,,,,,-408.1527387942916,-174.5169437102614,443.89731000227044,False,dwarf
14.7242415119,-33.83438860931,,,Walker+2023 (m2fshi),,,,,,,,,-393.2620134030915,-187.90599398689457,435.84822330950965,False,dwarf
14.8491803307,-33.69708745563,110.80000305175781,0.9300000071525574,Walker+2023 (m2fshi),,,,,,,,,-237.26148225407468,18.18072508434021,237.95703336105228,True,dwarf
14.82674484885,-33.6579497071,,,Walker+2023 (m2fshi),,,,,,,,,-265.27477002804443,76.92582641961666,276.20334245583064,False,dwarf
14.8414857505,-33.61434062217,,,Walker+2023 (m2fshi),,,,,,,,,-246.86905346130564,142.38232837930798,284.98606455683773,False,dwarf
14.79910388711,-33.60302504638,97.31999969482422,2.180000066757202,Walker+2023 (m2fshi),,,,,,,,,-299.7877000711227,159.3668170486331,339.5150180627448,True,dwarf
14.81755375159,-33.53768364156,114.43000030517578,0.41999998688697815,Walker+2023 (m2fshi),,,,,,,,,-276.75091545805043,257.44316511955276,377.9789047997815,True,dwarf
14.81906953887,-33.49595804504,114.2699966430664,2.2300000190734863,Walker+2023 (m2fshi),,,,,,,,,-274.858280142143,320.07258269996595,421.8927972351783,True,dwarf
14.86139000808,-33.69009757791,,,Walker+2023 (m2fshi),,,,,,,,,-222.01629124992934,28.672413809548658,223.86009223182108,False,dwarf
14.87670992706,-33.68555846001,116.4800033569336,1.4800000190734863,Walker+2023 (m2fshi),,,,,,,,,-202.88760473764532,35.48555332379743,205.9674844505197,True,dwarf
14.86550321202,-33.65931256226,99.19000244140625,1.840000033378601,Walker+2023 (m2fshi),,,,,,,,,-216.88048153500392,74.88020377941939,229.44321342960342,True,dwarf
14.8560099126,-33.65551495493,101.73999786376953,2.2200000286102295,Walker+2023 (m2fshi),,,,,,,,,-228.73396123091553,80.5803484175618,242.5127163088188,True,dwarf
14.86767625122,-33.58600861935,98.05000305175781,1.7200000286102295,Walker+2023 (m2fshi),,,,,,,,,-214.1671913609516,184.9081874081333,282.9463264048498,True,dwarf
14.86231657893,-33.57817173493,102.18000030517578,2.950000047683716,Walker+2023 (m2fshi),,,,,,,,,-220.8593606327233,196.67121892366745,295.73370712858633,True,dwarf
15.35188320759,-33.92708866287,118.93000030517578,2.1500000953674316,Walker+2023 (m2fshi),,,,,,,,,390.421063156545,-327.0472130070485,509.30195963884205,True,dwarf
15.3502944118,-33.91005198312,,,Walker+2023 (m2fshi),,,,,,,,,388.4372682919224,-301.4754436559486,491.7020993707897,False,dwarf
15.36663443696,-33.90321424308,,,Walker+2023 (m2fshi),,,,,,,,,408.8396750733462,-291.2121110259129,501.9505688035904,False,dwarf
15.34965826915,-33.90274777264,,,Walker+2023 (m2fshi),,,,,,,,,387.6429707930357,-290.51194675236604,484.4215767398268,False,dwarf
15.35585019888,-33.89079337368,104.4800033569336,0.6700000166893005,Walker+2023 (m2fshi),,,,,,,,,395.37430950741737,-272.5685952647472,480.22336859326685,True,dwarf
15.35810199738,-33.88348942743,116.7300033569336,1.0299999713897705,Walker+2023 (m2fshi),,,,,,,,,398.18593975504126,-261.6054949659534,476.43412725684004,True,dwarf
15.37258546438,-33.85673118863,,,Walker+2023 (m2fshi),,,,,,,,,416.2702194575435,-221.44182922379386,471.5054393506095,False,dwarf
15.37173125945,-33.85208226148,99.66999816894531,1.2200000286102295,Walker+2023 (m2fshi),,,,,,,,,415.2036460412898,-214.46386787484184,467.3208943646949,True,dwarf
15.38644884377,-33.91550189849,-1.2799999713897705,0.5699999928474426,Walker+2023 (m2fshi),,,,,,,,,433.5802482310867,-309.6556748318395,532.8024667845417,True,dwarf
15.38466447286,-33.8995349131,100.91000366210938,1.6299999952316284,Walker+2023 (m2fshi),,,,,,,,,431.3522552630068,-285.6894986979319,517.3811532968299,True,dwarf
15.38109955049,-33.88351211542,109.88999938964844,1.7000000476837158,Walker+2023 (m2fshi),,,,,,,,,426.90103835086455,-261.6395492568009,500.69926131396306,True,dwarf
15.37825351222,-33.8727219763,134.97000122070312,1.649999976158142,Walker+2023 (m2fshi),,,,,,,,,423.34743118493634,-245.44373217906858,489.35229963378606,True,dwarf
15.38265325262,-33.84992555603,98.80999755859375,0.8299999833106995,Walker+2023 (m2fshi),,,,,,,,,428.8410147317488,-211.22668932040577,478.03904672883704,True,dwarf
15.37506946953,-33.83599420026,,,Walker+2023 (m2fshi),,,,,,,,,419.3717865005098,-190.315958959423,460.5354053135046,False,dwarf
15.3988327005,-33.83347396666,24.56999969482422,0.9900000095367432,Walker+2023 (m2fshi),,,,,,,,,449.0429222511255,-186.53313077484302,486.2449535990014,True,dwarf
15.39878614598,-33.81362432363,,,Walker+2023 (m2fshi),,,,,,,,,448.9847935612835,-156.7391509199998,475.5570483973409,False,dwarf
15.41585759871,-33.9360295271,,,Walker+2023 (m2fshi),,,,,,,,,470.3004720585185,-340.4672996227549,580.6035791578245,False,dwarf
15.41299032083,-33.94407073945,,,Walker+2023 (m2fshi),,,,,,,,,466.7203447888041,-352.5370239196772,584.9019007268853,False,dwarf
15.42155290587,-33.95400000339,,,Walker+2023 (m2fshi),,,,,,,,,477.41172019220846,-367.4406818521987,602.440540847719,False,dwarf
15.43051427514,-33.97043849225,112.91000366210938,1.1299999952316284,Walker+2023 (m2fshi),,,,,,,,,488.6010237198849,-392.11457675289705,626.4860746115776,True,dwarf
15.42691017372,-34.01109124081,,,Walker+2023 (m2fshi),,,,,,,,,484.10088724320804,-453.13366761564123,663.0865627928707,False,dwarf
15.42214624904,-34.02324638322,,,Walker+2023 (m2fshi),,,,,,,,,478.1525776019645,-471.3783316405251,671.4368317329692,False,dwarf
15.42424796256,-34.02646288254,134.22000122070312,1.7699999809265137,Walker+2023 (m2fshi),,,,,,,,,480.7768094347273,-476.2062429434302,676.6969235252466,True,dwarf
15.43124489195,-34.10365457025,111.86000061035156,3.9200000762939453,Walker+2023 (m2fshi),,,,,,,,,489.51328310828825,-592.0696660345515,768.2250606285377,True,dwarf
15.4062076336,-33.93231461892,,,Walker+2023 (m2fshi),,,,,,,,,458.2513771720125,-334.8912850158381,567.5795076107006,False,dwarf
15.38756819188,-33.98449735138,98.16000366210938,0.4699999988079071,Walker+2023 (m2fshi),,,,,,,,,434.97788350071454,-413.2166875096692,599.9614904068634,True,dwarf
15.39167495847,-33.98515349532,,,Walker+2023 (m2fshi),,,,,,,,,440.1056554414007,-414.201548511983,604.364054805735,False,dwarf
15.40714890561,-34.00482520444,,,Walker+2023 (m2fshi),,,,,,,,,459.42666388375125,-443.72845256490945,638.7235701796219,False,dwarf
15.39890524529,-34.02369718257,179.72000122070312,3.950000047683716,Walker+2023 (m2fshi),,,,,,,,,449.133502791915,-472.054973871928,651.580234266941,True,dwarf
15.40306476453,-34.03018415267,128.44000244140625,1.2300000190734863,Walker+2023 (m2fshi),,,,,,,,,454.32714250290945,-481.7918067301543,662.2208826722133,True,dwarf
15.41240255558,-34.05693943489,,,Walker+2023 (m2fshi),,,,,,,,,465.98645205577384,-521.9510346955203,699.6972603342479,False,dwarf
15.45597373212,-33.90288402983,113.91000366210938,0.4099999964237213,Walker+2023 (m2fshi),,,,,,,,,520.390093360471,-290.71646649953453,596.0888467013074,True,dwarf
15.4587748498,-33.89527980994,107.83000183105469,0.5600000023841858,Walker+2023 (m2fshi),,,,,,,,,523.8876119866895,-279.30266052468824,593.6903285125044,True,dwarf
15.44882953263,-33.88041920916,,,Walker+2023 (m2fshi),,,,,,,,,511.4697359745189,-256.9971490552436,572.4061717350427,False,dwarf
15.44929785818,-33.86660374934,101.47000122070312,2.7300000190734863,Walker+2023 (m2fshi),,,,,,,,,512.0544944607307,-236.26037656315034,563.9315302686986,True,dwarf
15.46097709807,-33.8587564125,100.05000305175781,1.5800000429153442,Walker+2023 (m2fshi),,,,,,,,,526.6373730548809,-224.4816561412406,572.4848789636806,True,dwarf
15.46003104797,-33.82940996983,,,Walker+2023 (m2fshi),,,,,,,,,525.4561203464679,-180.4331399840704,555.5720047069262,False,dwarf
15.4549571558,-33.7651567607,,,Walker+2023 (m2fshi),,,,,,,,,519.1207805288243,-83.99015531504483,525.8714015486116,False,dwarf
15.46255167685,-33.75856374981,109.2699966430664,0.9900000095367432,Walker+2023 (m2fshi),,,,,,,,,528.6034163421089,-74.09415701710964,533.7710331899109,True,dwarf
15.53583491586,-33.94259243198,-2.180000066757202,0.5699999928474426,Walker+2023 (m2fshi),,,,,,,,,620.1059959221292,-350.3181093067684,712.2178205344518,True,dwarf
15.53380223517,-33.96409283379,112.29000091552734,0.5899999737739563,Walker+2023 (m2fshi),,,,,,,,,617.5679595428659,-382.5898502861789,726.4744855780825,True,dwarf
15.51415510618,-34.0412501477,,,Walker+2023 (m2fshi),,,,,,,,,593.0362520444982,-498.4016788824659,774.6587827888135,False,dwarf
15.51836990353,-34.07495435286,,,Walker+2023 (m2fshi),,,,,,,,,598.2989128540075,-548.9911231380981,812.0054448134679,False,dwarf
15.54028532708,-34.11264440514,2.2799999713897705,1.2000000476837158,Walker+2023 (m2fshi),,,,,,,,,625.6628478342868,-605.5632567860956,870.7243290097576,True,dwarf
15.54750487379,-34.12288743045,,,Walker+2023 (m2fshi),,,,,,,,,634.6772849182313,-620.9378652502049,887.9071395662158,False,dwarf
15.51171124629,-33.96062437521,100.05000305175781,1.5800000429153442,Walker+2023 (m2fshi),,,,,,,,,589.9848109907452,-377.3837523778365,700.3574614142135,True,dwarf
15.51214653989,-33.9947922497,,,Walker+2023 (m2fshi),,,,,,,,,590.5283252760426,-428.6691564880791,729.7129220984981,False,dwarf
15.48963648952,-34.00449168281,,,Walker+2023 (m2fshi),,,,,,,,,562.4219301008742,-443.22784221586954,716.079148958918,False,dwarf
15.50280244525,-34.02076446157,,,Walker+2023 (m2fshi),,,,,,,,,578.8611449637309,-467.653009047591,744.1636661514641,False,dwarf
15.50360390191,-34.02768451415,,,Walker+2023 (m2fshi),,,,,,,,,579.8618560786067,-478.03989141375024,751.5064270635328,False,dwarf
15.49240519557,-34.08273820127,108.8499984741211,1.5499999523162842,Walker+2023 (m2fshi),,,,,,,,,565.8789790672739,-560.6745484959259,796.602139264847,True,dwarf
15.59912707379,-33.92288974615,116.77999877929688,0.5799999833106995,Walker+2023 (m2fshi),,,,,,,,,699.1335579679406,-320.7447097338785,769.1975693534021,True,dwarf
15.61003814486,-33.85027234454,,,Walker+2023 (m2fshi),,,,,,,,,712.7572891563203,-211.7472130328588,743.5454495003311,False,dwarf
15.60751597971,-33.84547099258,108.56999969482422,1.3200000524520874,Walker+2023 (m2fshi),,,,,,,,,709.6080749503216,-204.54046461143082,738.4987621507305,True,dwarf
15.5995954916,-33.84122322227,104.51000213623047,1.7699999809265137,Walker+2023 (m2fshi),,,,,,,,,699.718431651408,-198.16463292253528,727.2379977242864,True,dwarf
15.59865898676,-33.8317178594,,,Walker+2023 (m2fshi),,,,,,,,,698.5490973014687,-183.89724335619007,722.3496642587318,False,dwarf
15.61800462088,-33.78892076023,117.11000061035156,0.5899999737739563,Walker+2023 (m2fshi),,,,,,,,,722.7043536671143,-119.65951834575095,732.5435025581338,True,dwarf
15.61081207318,-33.77937056308,,,Walker+2023 (m2fshi),,,,,,,,,713.7236279623911,-105.32483328029629,721.45321235498,False,dwarf
15.6168692744,-33.76296088831,118.23999786376953,0.75,Walker+2023 (m2fshi),,,,,,,,,721.2867425865933,-80.69418784334736,725.7865505662638,True,dwarf
15.63166665046,-33.92841215582,,,Walker+2023 (m2fshi),,,,,,,,,739.7629739704264,-329.033753633029,809.6372451211781,False,dwarf
15.64546564728,-33.90324904074,,,Walker+2023 (m2fshi),,,,,,,,,756.9926136766387,-291.26434172746406,811.0935420300927,False,dwarf
15.6486196903,-33.84852189525,112.37000274658203,0.7900000214576721,Walker+2023 (m2fshi),,,,,,,,,760.9308003116043,-209.11981813188473,789.1430676362628,True,dwarf
15.620947168,-33.80598852552,,,Walker+2023 (m2fshi),,,,,,,,,726.3784632677974,-145.27794656881144,740.764033723653,False,dwarf
15.6252252909,-33.79946819687,120.33999633789062,2.0999999046325684,Walker+2023 (m2fshi),,,,,,,,,731.7201933332063,-135.49104308892024,744.158762690401,True,dwarf
15.63207633429,-33.74755251456,,,Walker+2023 (m2fshi),,,,,,,,,740.2745115029306,-57.566478372227834,742.5094287704923,False,dwarf
15.64677127359,-33.74010135928,,,Walker+2023 (m2fshi),,,,,,,,,758.622838772394,-46.382419798878246,760.0394334332167,False,dwarf
15.58024024434,-33.93508765001,,,Walker+2023 (m2fshi),,,,,,,,,675.5511721712774,-339.0535579749698,755.8615623230705,False,dwarf
15.60080802943,-33.94369266169,,,Walker+2023 (m2fshi),,,,,,,,,701.2324250390145,-351.96953556998744,784.6078433812969,False,dwarf
15.58167340217,-33.95120618142,15.65999984741211,0.6100000143051147,Walker+2023 (m2fshi),,,,,,,,,677.3406350847905,-363.2472021323649,768.5953849679677,True,dwarf
15.58358174982,-34.01500776025,104.16000366210938,1.2400000095367432,Walker+2023 (m2fshi),,,,,,,,,679.7234273176294,-459.0122973280262,820.1927985192121,True,dwarf
15.59948604611,-34.01773401115,104.1500015258789,0.6100000143051147,Walker+2023 (m2fshi),,,,,,,,,699.5817763289396,-463.1043540099042,838.9757472504704,True,dwarf
15.5958340695,-34.03053676018,110.22000122070312,1.440000057220459,Walker+2023 (m2fshi),,,,,,,,,695.021862153543,-482.3210646635869,845.9840413917951,True,dwarf
15.55714726,-33.99664128319,,,Walker+2023 (m2fshi),,,,,,,,,646.716916673613,-431.44452461277496,777.4234033846475,False,dwarf
15.55718588851,-34.03389266573,,,Walker+2023 (m2fshi),,,,,,,,,646.7651488254401,-487.3582223696644,809.8291144720057,False,dwarf
15.56425400682,-34.04224496829,17.770000457763672,1.5,Walker+2023 (m2fshi),,,,,,,,,655.5905100796473,-499.89488783201284,824.4354527718182,True,dwarf
15.57937845818,-34.05488983016,80.4800033569336,0.46000000834465027,Walker+2023 (m2fshi),,,,,,,,,674.475132714624,-518.8746125178702,850.9686058639177,True,dwarf
15.55926793794,-34.07518410721,112.62999725341797,1.6299999952316284,Walker+2023 (m2fshi),,,,,,,,,649.3648277729291,-549.3359805476285,850.5555238035847,True,dwarf
15.70036050431,-33.93430017429,,,Walker+2023 (m2fshi),,,,,,,,,825.5351766388958,-337.8715701829298,892.0008552720627,False,dwarf
15.69351489098,-33.95736527487,,,Walker+2023 (m2fshi),,,,,,,,,816.9876385256201,-372.491897661446,897.8969959450218,False,dwarf
15.71470156445,-33.85639301833,,,Walker+2023 (m2fshi),,,,,,,,,843.4416449452858,-220.93424129939888,871.8977849533456,False,dwarf
15.70724314353,-33.83730818932,52.709999084472656,0.5799999833106995,Walker+2023 (m2fshi),,,,,,,,,834.1289458480186,-192.2882344065868,856.0057613081404,True,dwarf
15.71566987654,-33.82732344459,216.02000427246094,1.2599999904632568,Walker+2023 (m2fshi),,,,,,,,,844.6506943168838,-177.30130074276374,863.0588315144396,True,dwarf
15.66795991684,-33.80779282899,252.2899932861328,2.0999999046325684,Walker+2023 (m2fshi),,,,,,,,,785.079304689673,-147.98617568689366,798.9051400801303,True,dwarf
15.70855060349,-33.80727087032,115.69999694824219,1.5099999904632568,Walker+2023 (m2fshi),,,,,,,,,835.7614604673728,-147.20272451470473,848.6258662727103,True,dwarf
15.68398829166,-33.78930621485,109.66000366210938,0.6700000166893005,Walker+2023 (m2fshi),,,,,,,,,805.0925800623035,-120.23807923805263,814.0216570646218,True,dwarf
15.657886444,-33.76788432622,,,Walker+2023 (m2fshi),,,,,,,,,772.5014115364578,-88.08418521939431,777.5070768241176,False,dwarf
15.68099984589,-33.74795900975,107.05999755859375,1.690000057220459,Walker+2023 (m2fshi),,,,,,,,,801.3611607011483,-58.1766208057044,803.470117109941,True,dwarf
15.7259957146,-33.85675633504,125.12999725341797,1.2400000095367432,Walker+2023 (m2fshi),,,,,,,,,857.5436945660496,-221.47957356164616,885.6830073988316,True,dwarf
15.73209202128,-33.80794635544,114.19999694824219,1.3799999952316284,Walker+2023 (m2fshi),,,,,,,,,865.1556368691828,-148.21661630245075,877.759899605051,True,dwarf
15.67008573806,-33.94433896344,109.27999877929688,1.1200000047683716,Walker+2023 (m2fshi),,,,,,,,,787.7336377675196,-352.9396236108957,863.1863425617034,True,dwarf
15.65005796435,-34.0035343753,,,Walker+2023 (m2fshi),,,,,,,,,762.7266514161114,-441.79093976757053,881.4369967508441,False,dwarf
15.62939733322,-33.94526109544,118.69999694824219,0.7400000095367432,Walker+2023 (m2fshi),,,,,,,,,736.9294695545361,-354.32372821116087,817.6859711841622,True,dwarf
15.62223550454,-33.99062790651,108.5,1.7599999904632568,Walker+2023 (m2fshi),,,,,,,,,727.9871000907569,-422.41854750110684,841.6665890787721,True,dwarf
15.64463314454,-34.01301161093,119.88999938964844,0.5899999737739563,Walker+2023 (m2fshi),,,,,,,,,755.9531379486754,-456.01611082041995,882.8453092712394,True,dwarf
15.57781102057,-33.90619836661,87.95999908447266,0.9900000095367432,Walker+2023 (m2fshi),,,,,,,,,672.51800600211,-295.69123018200185,734.6521435370619,True,dwarf
15.56431711577,-33.90154088125,129.0,2.640000104904175,Walker+2023 (m2fshi),,,,,,,,,655.6693088854536,-288.7004231039907,716.4148078555828,True,dwarf
15.56212409735,-33.82038444515,,,Walker+2023 (m2fshi),,,,,,,,,652.9310723499613,-166.88597945886642,673.92129761569,False,dwarf
15.57593797252,-33.81940141703,2.319999933242798,1.2599999904632568,Walker+2023 (m2fshi),,,,,,,,,670.1792893928609,-165.4104708081743,690.2904488576544,True,dwarf
15.57889715627,-33.80083263767,110.88999938964844,0.699999988079071,Walker+2023 (m2fshi),,,,,,,,,673.8741717456907,-137.539045748045,687.7669579524909,True,dwarf
15.56669236724,-33.75059761048,125.83000183105469,0.6000000238418579,Walker+2023 (m2fshi),,,,,,,,,658.6350844105592,-62.137116058729404,661.5596689706836,True,dwarf
15.57897046681,-33.74440974824,,,Walker+2023 (m2fshi),,,,,,,,,673.9657084137083,-52.84923906042316,676.0346279495285,False,dwarf
15.55855335812,-33.72478415675,101.83999633789062,2.75,Walker+2023 (m2fshi),,,,,,,,,648.4725924169408,-23.391556793355363,648.8943427439975,True,dwarf
15.59203313586,-33.92469176387,103.3499984741211,1.8600000143051147,Walker+2023 (m2fshi),,,,,,,,,690.275957939004,-323.4495079797053,762.2994702352371,True,dwarf
15.58313883508,-33.83091140581,128.52000427246094,1.659999966621399,Walker+2023 (m2fshi),,,,,,,,,679.1703971596914,-182.68677010093225,703.3113708365335,True,dwarf
15.58819371128,-33.79754400427,,,Walker+2023 (m2fshi),,,,,,,,,685.4819933446615,-132.6028624060409,698.1898612254736,False,dwarf
15.59288773795,-33.74757749023,,,Walker+2023 (m2fshi),,,,,,,,,691.3430272553447,-57.603966432226315,693.7387103825974,False,dwarf
15.58265290159,-33.74657992344,111.2300033569336,1.1399999856948853,Walker+2023 (m2fshi),,,,,,,,,678.5636531287234,-56.10663548274597,680.8792740953364,True,dwarf
15.58550768313,-33.73743341973,83.66000366210938,0.7300000190734863,Walker+2023 (m2fshi),,,,,,,,,682.1281772760757,-42.377887471205746,683.4432936100138,True,dwarf
15.58009837646,-33.73659274367,,,Walker+2023 (m2fshi),,,,,,,,,675.3740337538876,-41.116046864889675,676.6244266790795,False,dwarf
15.59844939426,-33.72894098595,106.45999908447266,0.5799999833106995,Walker+2023 (m2fshi),,,,,,,,,698.287396881704,-29.63088740789077,698.9157875827427,True,dwarf
15.48081045661,-33.94447144742,84.31999969482422,0.9200000166893005,Walker+2023 (m2fshi),,,,,,,,,551.4016096342419,-353.1384798334103,654.7904405581108,True,dwarf
15.47603181463,-33.96301940113,122.08999633789062,2.369999885559082,Walker+2023 (m2fshi),,,,,,,,,545.4349237458114,-380.9786459436504,665.314951512933,True,dwarf
15.47574570801,-33.97126820634,,,Walker+2023 (m2fshi),,,,,,,,,545.0776866187608,-393.359963626881,672.191747520156,False,dwarf
15.48429161131,-33.97747014151,132.77999877929688,1.2699999809265137,Walker+2023 (m2fshi),,,,,,,,,555.7482329449773,-402.6689638560865,686.2932265980767,True,dwarf
15.47765329195,-33.98320944359,124.04000091552734,0.7599999904632568,Walker+2023 (m2fshi),,,,,,,,,547.459525271549,-411.2835596094695,684.7379777809799,True,dwarf
15.47505468161,-33.98639615093,112.33999633789062,0.7900000214576721,Walker+2023 (m2fshi),,,,,,,,,544.2148604253213,-416.06675365219223,685.041135846911,True,dwarf
15.48503340635,-34.01896785115,-100.88999938964844,1.2699999809265137,Walker+2023 (m2fshi),,,,,,,,,556.6744496433203,-464.95632706798926,725.3074030824782,True,dwarf
15.48897166698,-34.09072755005,,,Walker+2023 (m2fshi),,,,,,,,,561.5918224501384,-572.6664264478298,802.0799280766197,False,dwarf
15.45466988766,-33.98198383316,131.14999389648438,1.2699999809265137,Walker+2023 (m2fshi),,,,,,,,,518.7620931100314,-409.44393899735167,660.8770297336472,True,dwarf
15.44606449082,-33.98282604804,94.13999938964844,0.8100000023841858,Walker+2023 (m2fshi),,,,,,,,,508.0172622345555,-410.7080893465673,653.2707504419596,True,dwarf
15.47235639619,-33.99840359132,-20.68000030517578,1.0700000524520874,Walker+2023 (m2fshi),,,,,,,,,540.8457397408562,-434.0897194328401,693.5041446978639,True,dwarf
15.43918802163,-34.00046629643,132.88999938964844,0.6800000071525574,Walker+2023 (m2fshi),,,,,,,,,499.43119701981055,-437.18580506022374,663.7491609808609,True,dwarf
15.46094409712,-34.02277914064,,,Walker+2023 (m2fshi),,,,,,,,,526.596167561041,-470.6770083978389,706.2863229061677,False,dwarf
15.44097828282,-34.02551572857,,,Walker+2023 (m2fshi),,,,,,,,,501.66654468211493,-474.78458078764277,690.7168162184776,False,dwarf
15.45803045362,-34.10742204411,,,Walker+2023 (m2fshi),,,,,,,,,522.9581474649303,-597.724580841785,794.2039401453757,False,dwarf
15.44706956978,-34.13601715644,103.29000091552734,3.2100000381469727,Walker+2023 (m2fshi),,,,,,,,,509.272219285636,-640.6453628134814,818.4037354695628,True,dwarf
15.52024531313,-33.92692797565,,,Walker+2023 (m2fshi),,,,,,,,,600.6405781309197,-326.8060241963329,683.7918408027838,False,dwarf
15.51654986647,-33.9105688027,,,Walker+2023 (m2fshi),,,,,,,,,596.0263865823658,-302.25118114058523,668.2837945089725,False,dwarf
15.50257198899,-33.87385590528,83.55000305175781,0.9200000166893005,Walker+2023 (m2fshi),,,,,,,,,578.5733937322739,-247.14574047896076,629.1487812686079,True,dwarf
15.50005552204,-33.8536316274,109.33999633789062,0.6299999952316284,Walker+2023 (m2fshi),,,,,,,,,575.4312943864516,-216.7894400243555,614.9136816377895,True,dwarf
15.50174880284,-33.83145371574,7.5,0.5699999928474426,Walker+2023 (m2fshi),,,,,,,,,577.5455508419057,-183.5007681715761,605.9962006620493,True,dwarf
15.51914798721,-33.80580824602,100.16999816894531,3.140000104904175,Walker+2023 (m2fshi),,,,,,,,,599.2704401064997,-145.00735007580866,616.5648319207364,True,dwarf
15.49989041289,-33.79758736644,124.41999816894531,1.7200000286102295,Walker+2023 (m2fshi),,,,,,,,,575.2251365618072,-132.66794829284234,590.3259626992378,True,dwarf
15.51515033126,-33.79044230776,109.08000183105469,0.6399999856948853,Walker+2023 (m2fshi),,,,,,,,,594.2789053894218,-121.94333556042847,606.6610210640309,True,dwarf
15.52282502182,-33.9115588177,118.94000244140625,1.1100000143051147,Walker+2023 (m2fshi),,,,,,,,,603.8616420861805,-303.73717698048176,675.947598163564,True,dwarf
15.52185363145,-33.89753307981,95.02999877929688,2.759999990463257,Walker+2023 (m2fshi),,,,,,,,,602.6487491268217,-282.6847806470978,665.6547153244095,True,dwarf
15.52343026278,-33.88947888704,117.81999969482422,1.9299999475479126,Walker+2023 (m2fshi),,,,,,,,,604.6173552595559,-270.59557295838334,662.4078127450912,True,dwarf
15.53529503956,-33.86462968111,101.9800033569336,0.6800000071525574,Walker+2023 (m2fshi),,,,,,,,,619.4318980687647,-233.29733339971835,661.9089983649503,True,dwarf
15.53840312508,-33.82105771106,48.56999969482422,1.100000023841858,Walker+2023 (m2fshi),,,,,,,,,623.3127014622464,-167.89654024977096,645.5292185734171,True,dwarf
15.52243382068,-33.78676154715,100.02999877929688,0.6100000143051147,Walker+2023 (m2fshi),,,,,,,,,603.3731823247381,-116.4185758809193,614.501816074471,True,dwarf
15.55533939606,-33.78591985197,138.6199951171875,1.7699999809265137,Walker+2023 (m2fshi),,,,,,,,,644.4595899468667,-115.15520559265235,654.6670027193745,True,dwarf
15.54789264907,-33.75094680227,112.68000030517578,3.2100000381469727,Walker+2023 (m2fshi),,,,,,,,,635.161467098181,-62.661247053988674,638.2448755522246,True,dwarf
15.37850887119,-33.95837330761,126.04000091552734,0.6100000143051147,Walker+2023 (m2fshi),,,,,,,,,423.66627632319046,-374.004937825609,565.1307877044885,True,dwarf
15.3670816971,-33.99863696109,,,Walker+2023 (m2fshi),,,,,,,,,409.3981309645765,-434.44000352689847,596.9463512760088,False,dwarf
15.36848008979,-34.01999466407,120.75,0.6399999856948853,Walker+2023 (m2fshi),,,,,,,,,411.1441855894715,-466.4975559660047,621.8195164726542,True,dwarf
15.37307812772,-34.03166512771,117.02999877929688,0.6100000143051147,Walker+2023 (m2fshi),,,,,,,,,416.8853664827513,-484.01472532070454,638.7986091991238,True,dwarf
15.36396409555,-34.04335620391,,,Walker+2023 (m2fshi),,,,,,,,,405.50544570964524,-501.56283378077205,644.9805754674915,False,dwarf
15.3563089857,-34.04539259102,89.19999694824219,1.7300000190734863,Walker+2023 (m2fshi),,,,,,,,,395.94715778861377,-504.6194165334272,641.4163291524608,True,dwarf
15.37007919689,-34.05321415818,115.5999984741211,0.7599999904632568,Walker+2023 (m2fshi),,,,,,,,,413.1408553143836,-516.3594570997124,661.2960420766256,True,dwarf
15.36641914962,-34.06866104833,,,Walker+2023 (m2fshi),,,,,,,,,408.5708639887549,-539.5449790384919,676.785738107833,False,dwarf
15.347274022,-33.9364701338,,,Walker+2023 (m2fshi),,,,,,,,,384.6659631235017,-341.1286428581914,514.1368049109135,False,dwarf
15.34210786981,-33.93657609072,,,Walker+2023 (m2fshi),,,,,,,,,378.21542602560555,-341.2876824104536,509.4351682489431,False,dwarf
15.33952152355,-33.94060580135,,,Walker+2023 (m2fshi),,,,,,,,,374.986074298332,-347.33621019251814,511.1330539385761,False,dwarf
15.34479881126,-33.96020640778,,,Walker+2023 (m2fshi),,,,,,,,,381.57537691615255,-376.75639030534234,536.2323618587518,False,dwarf
15.33988767429,-33.96808306418,100.62999725341797,1.7999999523162842,Walker+2023 (m2fshi),,,,,,,,,375.4432557449738,-388.5791188929808,540.3252445740724,True,dwarf
15.34690202501,-33.97939268109,110.62999725341797,0.7400000095367432,Walker+2023 (m2fshi),,,,,,,,,384.20148195917386,-405.55466338378363,558.6460093225043,True,dwarf
15.34925984518,-33.99012766874,,,Walker+2023 (m2fshi),,,,,,,,,387.1454924949425,-421.66769903398824,572.4380147821855,False,dwarf
15.34581721947,-34.00468141779,112.58999633789062,1.1799999475479126,Walker+2023 (m2fshi),,,,,,,,,382.84697707383367,-443.51263122510164,585.8969720955943,True,dwarf
15.40623814272,-33.91120369041,119.08000183105469,1.2000000476837158,Walker+2023 (m2fshi),,,,,,,,,458.28947132857945,-303.2041368997005,549.5106806639168,True,dwarf
15.40089378082,-33.90664258591,,,Walker+2023 (m2fshi),,,,,,,,,451.61641884529223,-296.3579958691833,540.1716870461144,False,dwarf
15.42129866306,-33.90276822628,122.54000091552734,1.4199999570846558,Walker+2023 (m2fshi),,,,,,,,,477.09426870849995,-290.542647321506,558.6000099777008,True,dwarf
15.4151524641,-33.84822459926,108.44000244140625,1.0299999713897705,Walker+2023 (m2fshi),,,,,,,,,469.4200301370435,-208.6735818583283,513.7118145998272,True,dwarf
15.40455088954,-33.82349896052,115.7699966430664,0.9100000262260437,Walker+2023 (m2fshi),,,,,,,,,456.1827410521856,-171.56081457056428,487.37645237536964,True,dwarf
15.40434916463,-33.81539627195,110.31999969482422,1.0499999523162842,Walker+2023 (m2fshi),,,,,,,,,455.93086422632626,-159.3988155028847,482.99165141634427,True,dwarf
15.40754645281,-33.81146523304,80.55999755859375,1.690000057220459,Walker+2023 (m2fshi),,,,,,,,,459.9230474333332,-153.4983923105935,484.86180093125597,True,dwarf
15.41811527453,-33.80996947673,96.37999725341797,0.41999998688697815,Walker+2023 (m2fshi),,,,,,,,,473.1194408183113,-151.2532872827197,496.7087297340973,True,dwarf
15.43348949807,-33.89507074451,,,Walker+2023 (m2fshi),,,,,,,,,492.3159328396008,-278.98885683561423,565.8707979443445,False,dwarf
15.42869059551,-33.87082809987,126.44000244140625,1.6399999856948853,Walker+2023 (m2fshi),,,,,,,,,486.3239492793063,-242.60105555674681,543.4760857663096,True,dwarf
15.43756136511,-33.86076803206,109.69000244140625,0.949999988079071,Walker+2023 (m2fshi),,,,,,,,,497.40012866528025,-227.50106321851592,546.9585192332162,True,dwarf
15.44274770461,-33.84222732694,,,Walker+2023 (m2fshi),,,,,,,,,503.87587194899214,-199.67177711977536,541.9960451059826,False,dwarf
15.42970401536,-33.81599213797,,,Walker+2023 (m2fshi),,,,,,,,,487.58932089395216,-160.29320036256678,513.261391429649,False,dwarf
15.44058341103,-33.80054551659,111.55999755859375,1.0,Walker+2023 (m2fshi),,,,,,,,,501.17350169061064,-137.10808184303013,519.5897467266877,True,dwarf
15.44783621308,-33.79099153633,103.01000213623047,0.9200000166893005,Walker+2023 (m2fshi),,,,,,,,,510.22946190366594,-122.76771839318168,524.7914028201797,True,dwarf
15.00283479881,-33.72876763085,126.0199966430664,3.049999952316284,Walker+2023 (m2fshi),,,,,,,,,-45.40614962962262,-29.37068432267531,54.07731060037956,True,dwarf
15.00844276557,-33.72418731686,114.20999908447266,1.2100000381469727,Walker+2023 (m2fshi),,,,,,,,,-38.40395606297397,-22.49571017120955,44.507536635876576,True,dwarf
15.00920872516,-33.71159313326,141.60000610351562,2.049999952316284,Walker+2023 (m2fshi),,,,,,,,,-37.44756713576551,-3.592052715038596,37.61945144596451,True,dwarf
14.99913142937,-33.70964175389,130.91000366210938,3.799999952316284,Walker+2023 (m2fshi),,,,,,,,,-50.03023368316022,-0.6630651483037209,50.03462738726566,True,dwarf
15.00748809442,-33.70744552338,113.02999877929688,1.3200000524520874,Walker+2023 (m2fshi),,,,,,,,,-39.595973147040574,2.6334398554714866,39.68344862702263,True,dwarf
15.01016411098,-33.69869229497,111.08999633789062,1.2000000476837158,Walker+2023 (m2fshi),,,,,,,,,-36.25465770374574,15.771888265761813,39.53672551797184,True,dwarf
15.00236099937,-33.69344585875,122.9800033569336,0.5799999833106995,Walker+2023 (m2fshi),,,,,,,,,-45.99774289909871,23.64670066475383,51.72000390699961,True,dwarf
15.00965931646,-33.6807811224,,,Walker+2023 (m2fshi),,,,,,,,,-36.88495190691656,42.656256610345444,56.391984405438215,False,dwarf
15.01928536984,-33.7336115156,136.89999389648438,2.2799999713897705,Walker+2023 (m2fshi),,,,,,,,,-24.865713574332673,-36.64127374549353,44.28189983789026,True,dwarf
15.02818895547,-33.71811787499,117.16000366210938,0.6499999761581421,Walker+2023 (m2fshi),,,,,,,,,-13.748559588475656,-13.3855801536793,19.18845087046995,True,dwarf
15.0344316848,-33.70748341836,102.97000122070312,1.5800000429153442,Walker+2023 (m2fshi),,,,,,,,,-5.953791712062829,2.576560128772387,6.487395305344635,True,dwarf
15.02489040854,-33.70736247357,151.10000610351562,1.7200000286102295,Walker+2023 (m2fshi),,,,,,,,,-17.867176028447393,2.758096221444406,18.078801785468833,True,dwarf
15.03144074896,-33.7002573016,103.8499984741211,1.2400000095367432,Walker+2023 (m2fshi),,,,,,,,,-9.688320212922148,13.422839673986608,16.554037980555222,True,dwarf
15.03741438829,-33.69955804107,104.20999908447266,1.350000023841858,Walker+2023 (m2fshi),,,,,,,,,-2.2295422500508733,14.472417951672423,14.643146520220718,True,dwarf
15.01929151681,-33.68667361115,74.68000030517578,0.5799999833106995,Walker+2023 (m2fshi),,,,,,,,,-24.85803837303094,33.81173024547013,41.966119357733305,True,dwarf
15.03636176364,-33.66518783839,110.69000244140625,0.5799999833106995,Walker+2023 (m2fshi),,,,,,,,,-3.543865581085117,66.06151326723952,66.15650019774672,True,dwarf
15.0604130524,-33.75963257965,117.25,0.9800000190734863,Walker+2023 (m2fshi),,,,,,,,,26.486943557464784,-75.69845260434893,80.19859042220871,True,dwarf
15.06196953632,-33.77481215223,110.97000122070312,1.7999999523162842,Walker+2023 (m2fshi),,,,,,,,,28.43039332413466,-98.48273537305374,102.50432396305987,True,dwarf
15.05076039304,-33.78537732366,94.83999633789062,1.6299999952316284,Walker+2023 (m2fshi),,,,,,,,,14.434484588955725,-114.34087973729513,115.24838881497384,True,dwarf
15.04667842386,-33.79499279001,118.02999877929688,1.8700000047683716,Walker+2023 (m2fshi),,,,,,,,,9.33767507586952,-128.77353277260318,129.11163742497894,True,dwarf
15.04371962149,-33.82687607424,117.30999755859375,0.3499999940395355,Walker+2023 (m2fshi),,,,,,,,,5.643268919974946,-176.62980538259853,176.71993275688453,True,dwarf
15.0653036419,-33.84539937338,,,Walker+2023 (m2fshi),,,,,,,,,32.5934088415102,-204.43296539852707,207.01489714884096,False,dwarf
15.05270774999,-33.88594426242,137.42999267578125,0.4399999976158142,Walker+2023 (m2fshi),,,,,,,,,16.865984433878747,-265.2901609384566,265.8257529316451,True,dwarf
15.05322773319,-33.93856690533,,,Walker+2023 (m2fshi),,,,,,,,,17.515243456556128,-344.27586160819715,344.72112299568903,False,dwarf
15.03899280413,-33.75032823697,103.27999877929688,1.6799999475479126,Walker+2023 (m2fshi),,,,,,,,,-0.2587079506805339,-61.73279095735595,61.73333304778185,True,dwarf
15.02643578383,-33.75580971765,99.94999694824219,1.0399999618530273,Walker+2023 (m2fshi),,,,,,,,,-15.937596668084279,-69.96040113189838,71.75280283090451,True,dwarf
15.03087972764,-33.76595620714,100.9000015258789,0.4300000071525574,Walker+2023 (m2fshi),,,,,,,,,-10.388820063541784,-85.19011095617057,85.82122457199793,True,dwarf
15.04309058358,-33.77857657777,133.17999267578125,1.3200000524520874,Walker+2023 (m2fshi),,,,,,,,,4.857842508747702,-104.13307470330557,104.24632310544106,True,dwarf
15.02905602946,-33.78597526255,112.0999984741211,0.30000001192092896,Walker+2023 (m2fshi),,,,,,,,,-12.665917665935718,-115.23837593992603,115.93234561412093,True,dwarf
15.04269331202,-33.80867059723,130.3000030517578,1.4700000286102295,Walker+2023 (m2fshi),,,,,,,,,4.36180312751161,-149.3036910306258,149.36739095897653,True,dwarf
15.03725062659,-33.84352142159,113.04000091552734,1.649999976158142,Walker+2023 (m2fshi),,,,,,,,,-2.434017627897462,-201.6141913926135,201.62888337911883,True,dwarf
15.04507708874,-33.94170326103,,,Walker+2023 (m2fshi),,,,,,,,,7.338223410910464,-348.98347868736465,349.06062212682014,False,dwarf
15.08293752356,-33.72723129123,127.98999786376953,1.5199999809265137,Walker+2023 (m2fshi),,,,,,,,,54.61134475286527,-27.064664430047625,60.949938772958504,True,dwarf
15.08570489452,-33.70537037073,117.56999969482422,3.0799999237060547,Walker+2023 (m2fshi),,,,,,,,,58.06672670535088,5.74820903072748,58.35054976034798,True,dwarf
15.0811018197,-33.67180829861,114.77999877929688,1.9500000476837158,Walker+2023 (m2fshi),,,,,,,,,52.319256673734465,56.12431398730355,76.72837310563509,True,dwarf
15.08252672615,-33.66764890363,119.3499984741211,0.5799999833106995,Walker+2023 (m2fshi),,,,,,,,,54.09841678724187,62.36749579441248,82.56114843285667,True,dwarf
15.08251777176,-33.65664671362,106.2300033569336,1.440000057220459,Walker+2023 (m2fshi),,,,,,,,,54.087236198137525,78.8815976864099,95.64379526719831,True,dwarf
15.08720250916,-33.61893265987,103.62000274658203,1.3300000429153442,Walker+2023 (m2fshi),,,,,,,,,59.9366713833991,135.4897571366056,148.15491509044827,True,dwarf
15.08347391124,-33.61263937117,117.19999694824219,2.130000114440918,Walker+2023 (m2fshi),,,,,,,,,55.281086661628244,144.93587747565462,155.12062120210976,True,dwarf
15.09146415811,-33.72898314429,104.0,1.3200000524520874,Walker+2023 (m2fshi),,,,,,,,,65.25783182141188,-29.694166366150966,71.69608169357882,True,dwarf
15.09575823867,-33.71729075416,99.66999816894531,0.5799999833106995,Walker+2023 (m2fshi),,,,,,,,,70.61948686658233,-12.144085719274722,71.65605866398519,True,dwarf
15.1043591486,-33.70783989692,123.41999816894531,0.5799999833106995,Walker+2023 (m2fshi),,,,,,,,,81.35871531721214,2.0414918144739946,81.38432433150585,True,dwarf
15.10342132297,-33.7032255606,101.93000030517578,1.9199999570846558,Walker+2023 (m2fshi),,,,,,,,,80.18773180855844,8.967532910213905,80.68760114848541,True,dwarf
15.10648054898,-33.68517684293,106.56999969482422,0.5400000214576721,Walker+2023 (m2fshi),,,,,,,,,84.00752846622652,36.05835413319758,91.4191978842461,True,dwarf
15.10421158941,-33.66331091205,106.94999694824219,0.6399999856948853,Walker+2023 (m2fshi),,,,,,,,,81.17447064259885,68.87874808996398,106.45927213045775,True,dwarf
15.09438526757,-33.65131955684,130.07000732421875,0.9399999976158142,Walker+2023 (m2fshi),,,,,,,,,68.90517403003113,86.87757028636955,110.88568540155198,True,dwarf
15.09161043765,-33.64152870315,101.75,2.5299999713897705,Walker+2023 (m2fshi),,,,,,,,,65.44047870534474,101.57347676492168,120.82891804240722,True,dwarf
15.14466052866,-33.75017912394,96.88999938964844,1.7100000381469727,Walker+2023 (m2fshi),,,,,,,,,131.6796384360899,-61.508974810884574,145.337129326767,True,dwarf
15.13782720068,-33.76404551189,82.51000213623047,1.649999976158142,Walker+2023 (m2fshi),,,,,,,,,123.14743999981464,-82.32218956830528,148.12911555068413,True,dwarf
15.14347277743,-33.78446908085,,,Walker+2023 (m2fshi),,,,,,,,,130.1965939785518,-112.97762257728183,172.38067260232688,False,dwarf
15.14404992577,-33.79847024673,,,Walker+2023 (m2fshi),,,,,,,,,130.91723027443211,-133.99313673753133,187.33254355688297,False,dwarf
15.12988454572,-33.82436943899,123.55999755859375,2.2899999618530273,Walker+2023 (m2fshi),,,,,,,,,113.2301188309902,-172.86738809231593,206.6499302597016,True,dwarf
15.14171147154,-33.89925387831,120.6500015258789,2.6700000762939453,Walker+2023 (m2fshi),,,,,,,,,127.99740034926255,-285.2676702116923,312.66752016187456,True,dwarf
15.11757379878,-33.74238829308,110.69000244140625,0.5799999833106995,Walker+2023 (m2fshi),,,,,,,,,97.85873081942792,-49.81506891320397,109.80834343717473,True,dwarf
15.12679637765,-33.77954323518,110.08999633789062,0.5899999737739563,Walker+2023 (m2fshi),,,,,,,,,109.37418467197897,-105.5840111940305,152.02202370867622,True,dwarf
15.12868988811,-33.78757795136,103.02999877929688,1.649999976158142,Walker+2023 (m2fshi),,,,,,,,,111.73845096113604,-117.64398484919703,162.25162123810136,True,dwarf
15.12685522207,-33.80454055253,108.11000061035156,1.440000057220459,Walker+2023 (m2fshi),,,,,,,,,109.44765872002492,-143.10456349944522,180.1602233947932,True,dwarf
15.12759938756,-33.80811226925,99.11000061035156,0.9200000166893005,Walker+2023 (m2fshi),,,,,,,,,110.37683519869987,-148.46565013672296,185.00025680793195,True,dwarf
15.12694995496,-33.85210341628,130.2899932861328,2.809999942779541,Walker+2023 (m2fshi),,,,,,,,,109.56594366379996,-214.49562087333683,240.859019728922,True,dwarf
15.11919535804,-33.86757115288,136.25,1.8300000429153442,Walker+2023 (m2fshi),,,,,,,,,99.88343465670663,-237.7124329824276,257.84472326042606,True,dwarf
15.12178322543,-33.92895663355,123.5999984741211,0.5799999833106995,Walker+2023 (m2fshi),,,,,,,,,103.11468569029677,-329.8510055349666,345.5927144160265,True,dwarf
15.20116341934,-33.72122768747,122.72000122070312,1.25,Walker+2023 (m2fshi),,,,,,,,,202.23001695091585,-18.053356306700685,203.03424201327323,True,dwarf
15.18104068605,-33.71455537577,110.91000366210938,1.6799999475479126,Walker+2023 (m2fshi),,,,,,,,,177.104462607109,-8.038328828643415,177.28678858197605,True,dwarf
15.18484592728,-33.69602635085,137.24000549316406,1.809999942779541,Walker+2023 (m2fshi),,,,,,,,,181.85574534478675,19.773425486629304,182.927582584976,True,dwarf
15.18940594722,-33.66662249898,112.16000366210938,0.6100000143051147,Walker+2023 (m2fshi),,,,,,,,,187.54945639090255,63.90811188604451,198.1389546690964,True,dwarf
15.19829303631,-33.65731566665,108.83000183105469,1.4600000381469727,Walker+2023 (m2fshi),,,,,,,,,198.64601254314087,77.87751045574632,213.366222570665,True,dwarf
15.19730483972,-33.6352053845,100.48999786376953,0.5799999833106995,Walker+2023 (m2fshi),,,,,,,,,197.4121350789526,111.06467155311206,226.51029191546968,True,dwarf
15.18697151679,-33.61571931364,114.13999938964844,1.8899999856948853,Walker+2023 (m2fshi),,,,,,,,,184.50978910596447,140.31293570452874,231.8007381393569,True,dwarf
15.193969485,-33.60127806543,,,Walker+2023 (m2fshi),,,,,,,,,193.24755986615833,161.98900602968115,252.1607770227331,False,dwarf
15.2424967298,-33.72354703418,108.26000213623047,3.0399999618530273,Walker+2023 (m2fshi),,,,,,,,,253.83942424192844,-21.534656652999693,254.7512408932218,True,dwarf
15.20941336994,-33.70604658329,124.95999908447266,1.6799999475479126,Walker+2023 (m2fshi),,,,,,,,,212.5310321831232,4.733225367816285,212.583731887476,True,dwarf
15.2047929367,-33.69042955821,110.13999938964844,0.800000011920929,Walker+2023 (m2fshi),,,,,,,,,206.76188816126245,28.17411697089267,208.67261263304283,True,dwarf
15.20230585016,-33.68132151465,124.37999725341797,0.5699999928474426,Walker+2023 (m2fshi),,,,,,,,,203.6564736473408,41.845136945073634,207.91097793147426,True,dwarf
15.22578335664,-33.6707317158,96.5999984741211,0.5699999928474426,Walker+2023 (m2fshi),,,,,,,,,232.97084940430676,57.74024665192856,240.0194841165811,True,dwarf
15.25189188408,-33.665023936,92.12000274658203,0.6000000238418579,Walker+2023 (m2fshi),,,,,,,,,265.57035840622035,66.30752799397155,273.7230416546617,True,dwarf
15.21730712538,-33.569900505,102.0,2.359999895095825,Walker+2023 (m2fshi),,,,,,,,,222.38729665903156,209.08619573391894,305.2427672554991,True,dwarf
15.23140251259,-33.56516656179,109.72000122070312,1.440000057220459,Walker+2023 (m2fshi),,,,,,,,,239.98701396571647,216.1917647569811,323.0056439459206,True,dwarf
15.18573686938,-33.74252628317,96.58999633789062,2.9100000858306885,Walker+2023 (m2fshi),,,,,,,,,182.96818935664552,-50.022189714088896,189.68283470109148,True,dwarf
15.18417141698,-33.80593443372,118.05999755859375,0.5899999737739563,Walker+2023 (m2fshi),,,,,,,,,181.0135414078841,-145.19675568808975,232.05171844950988,True,dwarf
15.18449808487,-33.82189993483,112.31999969482422,0.5699999928474426,Walker+2023 (m2fshi),,,,,,,,,181.4214239606304,-169.16070394271765,248.05055297317634,True,dwarf
15.18800350061,-33.87454020048,106.94000244140625,0.5799999833106995,Walker+2023 (m2fshi),,,,,,,,,185.79833997913124,-248.17285604837713,310.0174021215734,True,dwarf
15.1868323551,-33.92587096641,107.37999725341797,2.299999952316284,Walker+2023 (m2fshi),,,,,,,,,184.33602967903667,-325.21947113059866,373.82813730415876,True,dwarf
15.18517281206,-33.94912250278,109.4800033569336,1.399999976158142,Walker+2023 (m2fshi),,,,,,,,,182.2638987097243,-360.11963558971536,403.6165020290152,True,dwarf
15.18396539388,-33.97880155754,112.02999877929688,3.2699999809265137,Walker+2023 (m2fshi),,,,,,,,,180.7562977958693,-404.66739689170936,443.20259622432405,True,dwarf
15.17838898899,-33.99073852243,96.5999984741211,3.4200000762939453,Walker+2023 (m2fshi),,,,,,,,,173.79351286563204,-422.58458013389367,456.9265941933297,True,dwarf
15.15332109327,-33.74565367061,114.11000061035156,1.4600000381469727,Walker+2023 (m2fshi),,,,,,,,,142.49335263786304,-54.716345586048654,152.6375904561858,True,dwarf
15.1657169243,-33.76328423811,120.52999877929688,1.809999942779541,Walker+2023 (m2fshi),,,,,,,,,157.9709779530902,-81.17953044688076,177.60896947798483,True,dwarf
15.16822812093,-33.77222524314,101.3499984741211,2.0199999809265137,Walker+2023 (m2fshi),,,,,,,,,161.1064966962814,-94.59982840101655,186.82727534075613,True,dwarf
15.17209513762,-33.8153982529,101.26000213623047,2.2300000190734863,Walker+2023 (m2fshi),,,,,,,,,165.9349132236364,-159.4017888754775,230.094167077825,True,dwarf
15.16612457071,-33.83895216875,114.80999755859375,0.6100000143051147,Walker+2023 (m2fshi),,,,,,,,,158.4799715316436,-194.75581984100842,251.0890892464543,True,dwarf
15.15949371041,-33.85105835262,75.52999877929688,2.1700000762939453,Walker+2023 (m2fshi),,,,,,,,,150.20057735527735,-212.92699792197968,260.57267677545434,True,dwarf
15.16211748687,-33.87371795327,89.69999694824219,1.7400000095367432,Walker+2023 (m2fshi),,,,,,,,,153.47666500607872,-246.9386768355222,290.7469635588076,True,dwarf
15.17399492748,-33.98363634145,106.43000030517578,0.5799999833106995,Walker+2023 (m2fshi),,,,,,,,,168.30702006823697,-411.92432610696784,444.98191361327207,True,dwarf
15.37180586038,-33.72502569863,96.05000305175781,0.5799999833106995,Walker+2023 (m2fshi),,,,,,,,,415.296793910111,-23.754107086875198,415.9755817779596,True,dwarf
15.31290791284,-33.711634778,108.77999877929688,0.5799999833106995,Walker+2023 (m2fshi),,,,,,,,,341.75591055555225,-3.6545607683355907,341.77544998736244,True,dwarf
15.35805004846,-33.6252512766,106.19999694824219,1.9900000095367432,Walker+2023 (m2fshi),,,,,,,,,398.1210755343759,126.00561985113923,417.58568823502327,True,dwarf
15.3402827825,-33.60547627126,113.47000122070312,0.5799999833106995,Walker+2023 (m2fshi),,,,,,,,,375.93659393412236,155.6875697904283,406.8991792152433,True,dwarf
15.35614008347,-33.59330020402,116.9800033569336,2.7100000381469727,Walker+2023 (m2fshi),,,,,,,,,395.7362638659288,173.9636416327013,432.28525206011244,True,dwarf
15.36650760054,-33.59030544196,109.94999694824219,0.44999998807907104,Walker+2023 (m2fshi),,,,,,,,,408.68130516814955,178.45872904312876,445.9461034313799,True,dwarf
15.32385885525,-33.56971837342,,,Walker+2023 (m2fshi),,,,,,,,,355.42942571241736,209.35957216780432,412.5063722181087,False,dwarf
15.49071040912,-33.71418095277,111.55000305175781,0.6299999952316284,Walker+2023 (m2fshi),,,,,,,,,563.7628426340669,-7.4763262121604335,563.8124140070653,True,dwarf
15.50082455704,-33.71371144855,111.80999755859375,3.0199999809265137,Walker+2023 (m2fshi),,,,,,,,,576.3915233178961,-6.771608285938147,576.4312993163218,True,dwarf
15.39415630819,-33.69187743109,123.68000030517578,2.0899999141693115,Walker+2023 (m2fshi),,,,,,,,,443.20390687361635,26.000884164951053,443.9659323026896,True,dwarf
15.37447579308,-33.68865825097,89.58999633789062,1.909999966621399,Walker+2023 (m2fshi),,,,,,,,,418.6305129522215,30.83281930349613,419.76442098019953,True,dwarf
15.37895875838,-33.68492204743,85.33999633789062,1.9500000476837158,Walker+2023 (m2fshi),,,,,,,,,424.22801238946244,36.44079788709442,425.79025146961965,True,dwarf
15.46913963886,-33.65237368221,118.1500015258789,0.6600000262260437,Walker+2023 (m2fshi),,,,,,,,,536.8292470536588,85.29534586093557,543.5631853958976,True,dwarf
15.42098296706,-33.64555187964,101.80000305175781,0.4399999976158142,Walker+2023 (m2fshi),,,,,,,,,476.70008582639645,95.53475661692801,486.1788370021359,True,dwarf
15.31415491425,-33.75147443489,102.63999938964844,0.5899999737739563,Walker+2023 (m2fshi),,,,,,,,,343.3129356993161,-63.45321472954413,349.12760171317933,True,dwarf
15.30704466414,-33.76143158263,110.68000030517578,0.5799999833106995,Walker+2023 (m2fshi),,,,,,,,,334.4349680314926,-78.39872577620443,343.50124897234065,True,dwarf
15.3245162283,-33.78497673664,115.9000015258789,2.759999990463257,Walker+2023 (m2fshi),,,,,,,,,356.25023181533993,-113.73960536747462,373.9664764355654,True,dwarf
15.30586920197,-33.88069801947,102.30999755859375,1.8600000143051147,Walker+2023 (m2fshi),,,,,,,,,332.96726788331716,-257.4156386344781,420.8681652195577,True,dwarf
15.31345198773,-33.93605008086,127.73999786376953,1.7400000095367432,Walker+2023 (m2fshi),,,,,,,,,342.4352508329779,-340.4981504703193,482.90878174532367,True,dwarf
15.31101828574,-33.96177571309,96.56999969482422,2.619999885559082,Walker+2023 (m2fshi),,,,,,,,,339.3964930894288,-379.11189114339794,508.8377005762508,True,dwarf
15.27648729795,-33.85412424431,129.1999969482422,1.659999966621399,Walker+2023 (m2fshi),,,,,,,,,296.2805705276578,-217.52884970897335,367.5608479257598,True,dwarf
15.25839897654,-33.86166492282,103.04000091552734,0.6299999952316284,Walker+2023 (m2fshi),,,,,,,,,273.69521415357974,-228.8472811426867,356.7634346972427,True,dwarf
15.2718134641,-33.88604137652,118.7699966430664,1.8200000524520874,Walker+2023 (m2fshi),,,,,,,,,290.44474968266024,-265.43592756683097,393.46459086109274,True,dwarf
15.29096879102,-34.0174398724,129.16000366210938,3.009999990463257,Walker+2023 (m2fshi),,,,,,,,,314.3623855507923,-462.66285670041054,559.3573351797307,True,dwarf
15.26180085529,-34.03873969936,,,Walker+2023 (m2fshi),,,,,,,,,277.94285229360287,-494.63353820832776,567.3751547799682,False,dwarf
15.55533939606,-33.78591985197,138.6199951171875,1.7699999809265137,Walker+2023 (m2fshi),,,,,,,,,644.4595899468667,-115.15520559265235,654.6670027193745,True,dwarf
15.39139338392,-33.78707896688,125.88999938964844,1.649999976158142,Walker+2023 (m2fshi),,,,,,,,,439.75407712667,-116.89501754926268,455.025376739992,True,dwarf
15.41811527453,-33.80996947673,96.37999725341797,0.41999998688697815,Walker+2023 (m2fshi),,,,,,,,,473.1194408183113,-151.2532872827197,496.7087297340973,True,dwarf
15.46097709807,-33.8587564125,100.05000305175781,1.5800000429153442,Walker+2023 (m2fshi),,,,,,,,,526.6373730548809,-224.4816561412406,572.4848789636806,True,dwarf
15.45597373212,-33.90288402983,113.91000366210938,0.4099999964237213,Walker+2023 (m2fshi),,,,,,,,,520.390093360471,-290.71646649953453,596.0888467013074,True,dwarf
15.38756819188,-33.98449735138,98.16000366210938,0.4699999988079071,Walker+2023 (m2fshi),,,,,,,,,434.97788350071454,-413.2166875096692,599.9614904068634,True,dwarf
15.33176980972,-33.73590702845,126.29000091552734,1.850000023841858,Walker+2023 (m2fshi),,,,,,,,,365.307165161765,-40.08679986936636,367.5000359759053,True,dwarf
15.35290555097,-33.74084449956,97.55999755859375,0.9100000262260437,Walker+2023 (m2fshi),,,,,,,,,391.6975768280248,-47.497860842231844,394.5668998757174,True,dwarf
15.38024926919,-33.78203957556,95.58999633789062,2.950000047683716,Walker+2023 (m2fshi),,,,,,,,,425.83936403939174,-109.33097605783959,439.65034549199834,True,dwarf
15.37834227012,-33.81083233257,135.9199981689453,3.1500000953674316,Walker+2023 (m2fshi),,,,,,,,,423.4582556642822,-152.54841936524332,450.09767222356385,True,dwarf
15.37825351222,-33.8727219763,134.97000122070312,1.649999976158142,Walker+2023 (m2fshi),,,,,,,,,423.34743118493634,-245.44373217906858,489.35229963378606,True,dwarf
15.38466447286,-33.8995349131,100.91000366210938,1.6299999952316284,Walker+2023 (m2fshi),,,,,,,,,431.3522552630068,-285.6894986979319,517.3811532968299,True,dwarf
15.33988767429,-33.96808306418,100.62999725341797,1.7999999523162842,Walker+2023 (m2fshi),,,,,,,,,375.4432557449738,-388.5791188929808,540.3252445740724,True,dwarf
15.32746195963,-34.03501723813,107.81999969482422,2.359999895095825,Walker+2023 (m2fshi),,,,,,,,,359.92831726961026,-489.04618660057554,607.2187136453373,True,dwarf
15.26996042284,-33.7283773382,137.8300018310547,3.1700000762939453,Walker+2023 (m2fshi),,,,,,,,,288.13101385918003,-28.784861628823766,289.56527658976916,True,dwarf
15.25740886672,-33.72456505718,135.05999755859375,2.369999885559082,Walker+2023 (m2fshi),,,,,,,,,272.45894780097984,-23.06269202915079,273.43329351132155,True,dwarf
15.26805854812,-33.7209939243,121.86000061035156,1.5399999618530273,Walker+2023 (m2fshi),,,,,,,,,285.75630382631186,-17.702481725863528,286.30410935879,True,dwarf
15.2671911127,-33.70197927517,116.54000091552734,0.9900000095367432,Walker+2023 (m2fshi),,,,,,,,,284.67321061671447,10.838186349107826,284.87945367499964,True,dwarf
15.2570429348,-33.70040868969,111.54000091552734,1.75,Walker+2023 (m2fshi),,,,,,,,,272.00203957635546,13.195608700765193,272.32193011706005,True,dwarf
15.26262080477,-33.57462976645,120.0999984741211,2.009999990463257,Walker+2023 (m2fshi),,,,,,,,,278.96665382801825,201.9876539537653,344.414584908577,True,dwarf
15.266030462,-33.55342497387,110.29000091552734,2.2100000381469727,Walker+2023 (m2fshi),,,,,,,,,283.2240042978323,233.81569045798977,367.26776841270055,True,dwarf
15.28793712809,-33.72338646073,97.6500015258789,0.5799999833106995,Walker+2023 (m2fshi),,,,,,,,,310.5770045788311,-21.293638609127363,311.3061111163342,True,dwarf
15.29379956809,-33.68183253415,127.02999877929688,1.2100000381469727,Walker+2023 (m2fshi),,,,,,,,,317.8969373476315,41.07810528283395,320.539971779857,True,dwarf
15.27172296137,-33.66118072893,124.12999725341797,0.6200000047683716,Walker+2023 (m2fshi),,,,,,,,,290.3317465817316,72.07611707380757,299.14459668467356,True,dwarf
15.29325274006,-33.63729423996,118.73999786376953,2.140000104904175,Walker+2023 (m2fshi),,,,,,,,,317.214159457248,107.92933469083809,335.0724761107294,True,dwarf
15.27953779851,-33.63562303132,,,Walker+2023 (m2fshi),,,,,,,,,300.08947245422286,110.43779071083826,319.7658472928976,False,dwarf
15.28490632682,-33.5733451042,95.08000183105469,2.180000066757202,Walker+2023 (m2fshi),,,,,,,,,306.7926994888015,203.915910353085,368.3795039829896,True,dwarf
15.276208321,-33.55904059408,122.05999755859375,2.7899999618530273,Walker+2023 (m2fshi),,,,,,,,,295.93223561624643,225.38673910826668,371.9879974443899,True,dwarf
15.24974458884,-33.7483877409,116.33000183105469,0.550000011920929,Walker+2023 (m2fshi),,,,,,,,,262.8892125366554,-58.82013904061445,269.38921066906147,True,dwarf
15.24289809772,-33.7594579107,98.83000183105469,1.5499999523162842,Walker+2023 (m2fshi),,,,,,,,,254.34057840127988,-75.43627745238979,265.29184265139315,True,dwarf
15.24337507946,-33.76295789284,129.55999755859375,1.850000023841858,Walker+2023 (m2fshi),,,,,,,,,254.9361451394885,-80.68969169333285,267.400943237206,True,dwarf
15.251349651,-33.80104130887,100.88999938964844,1.440000057220459,Walker+2023 (m2fshi),,,,,,,,,264.89331784109044,-137.85225770453735,298.6163337647476,True,dwarf
15.24300902432,-33.85407745702,114.94999694824219,0.6000000238418579,Walker+2023 (m2fshi),,,,,,,,,254.47908306047674,-217.4586227747346,334.7355020525689,True,dwarf
15.2284506447,-33.86397136707,101.04000091552734,1.8700000047683716,Walker+2023 (m2fshi),,,,,,,,,236.30126630822653,-232.3092151138415,331.3696725496775,True,dwarf
15.25120401232,-33.90662604744,97.19000244140625,1.7300000190734863,Walker+2023 (m2fshi),,,,,,,,,264.711471144813,-296.333171904285,397.34809893405264,True,dwarf
15.19380408695,-33.73923288012,102.75,1.909999966621399,Walker+2023 (m2fshi),,,,,,,,,193.0410413165286,-45.07884720776056,198.23457341783327,True,dwarf
15.19715705381,-33.74700406658,,,Walker+2023 (m2fshi),,,,,,,,,197.22760731826628,-56.74326719191547,205.22798897835878,False,dwarf
15.20324190401,-33.75358254948,105.91000366210938,1.9500000476837158,Walker+2023 (m2fshi),,,,,,,,,204.82524488423022,-66.61745922155848,215.38631993471841,True,dwarf
15.18811453939,-33.75517972006,122.06999969482422,3.5999999046325684,Walker+2023 (m2fshi),,,,,,,,,185.9369847080003,-69.01478536053406,198.3320520759661,True,dwarf
15.20065692236,-33.81969049116,103.20999908447266,0.9599999785423279,Walker+2023 (m2fshi),,,,,,,,,201.5975970299932,-165.8443662083462,261.04778285079453,True,dwarf
15.21266940497,-33.8578829989,110.37000274658203,1.7400000095367432,Walker+2023 (m2fshi),,,,,,,,,216.59656761077306,-223.1706770388,310.99714498806026,True,dwarf
15.19017543469,-33.88279385139,140.69000244140625,2.740000009536743,Walker+2023 (m2fshi),,,,,,,,,188.5102502833491,-260.5614470456934,321.60283292974367,True,dwarf
15.13979384289,-33.7237116778,101.19000244140625,0.6200000047683716,Walker+2023 (m2fshi),,,,,,,,,125.60301971704573,-21.781783953475077,127.47770265515629,True,dwarf
15.13740239592,-33.71070985292,108.01000213623047,1.309999942779541,Walker+2023 (m2fshi),,,,,,,,,122.61702224150031,-2.2662638020340964,122.63796351453733,True,dwarf
15.14048502769,-33.69609692903,78.19000244140625,1.190000057220459,Walker+2023 (m2fshi),,,,,,,,,126.46604369116287,19.667488827210367,127.98621145913945,True,dwarf
15.14167002728,-33.68782007335,119.41000366210938,1.6699999570846558,Walker+2023 (m2fshi),,,,,,,,,127.94565240866679,32.09090979345608,131.90874293105486,True,dwarf
15.14817076944,-33.68688475354,98.33000183105469,1.659999966621399,Walker+2023 (m2fshi),,,,,,,,,136.0625790737606,33.494809074403385,140.12468611609478,True,dwarf
15.13313997361,-33.68397145507,118.68000030517578,0.47999998927116394,Walker+2023 (m2fshi),,,,,,,,,117.29489617429022,37.86762100835506,123.25603185795791,True,dwarf
15.15032299741,-33.68178113526,93.33000183105469,1.3899999856948853,Walker+2023 (m2fshi),,,,,,,,,138.74988402588636,41.15525415098076,144.72486055073168,True,dwarf
15.13993313331,-33.62350305967,83.83000183105469,1.590000033378601,Walker+2023 (m2fshi),,,,,,,,,125.77693987823082,128.62966401734786,179.9039440099852,True,dwarf
15.17132759667,-33.72925957238,117.30999755859375,2.819999933242798,Walker+2023 (m2fshi),,,,,,,,,164.97654978600846,-30.10908027329151,167.7015763020695,True,dwarf
15.17684066858,-33.71919362157,98.6500015258789,0.5699999928474426,Walker+2023 (m2fshi),,,,,,,,,171.86025618313218,-15.000257651150761,172.51363825777003,True,dwarf
15.17892665497,-33.70775183454,76.94999694824219,1.7999999523162842,Walker+2023 (m2fshi),,,,,,,,,174.46485087944177,2.173671963595414,174.47839133311373,True,dwarf
15.16555870155,-33.70479177277,122.47000122070312,3.9600000381469727,Walker+2023 (m2fshi),,,,,,,,,157.77341859342303,6.616674823197499,157.91210213397648,True,dwarf
15.16672775111,-33.6959459319,81.62000274658203,2.549999952316284,Walker+2023 (m2fshi),,,,,,,,,159.23311185810613,19.894132976052916,160.47105794779634,True,dwarf
15.16926676428,-33.6863444441,107.75,0.5799999833106995,Walker+2023 (m2fshi),,,,,,,,,162.4033627610544,34.30580444325537,165.98716954812355,True,dwarf
15.15625524181,-33.64202649617,98.04000091552734,1.6299999952316284,Walker+2023 (m2fshi),,,,,,,,,146.15697564235774,100.82629782637031,177.560704724589,True,dwarf
15.16442118792,-33.59622929755,108.86000061035156,1.4299999475479126,Walker+2023 (m2fshi),,,,,,,,,156.35310157607265,169.56712157972342,230.6497368160007,True,dwarf
15.09333398841,-33.74146254434,129.91000366210938,2.009999990463257,Walker+2023 (m2fshi),,,,,,,,,67.59253069851134,-48.42553564712237,83.14915940008004,True,dwarf
15.10560639866,-33.75357007825,119.88999938964844,1.899999976158142,Walker+2023 (m2fshi),,,,,,,,,82.91605092918935,-66.59874011537758,106.35066378094461,True,dwarf
15.0883286271,-33.81451610887,119.81999969482422,1.850000023841858,Walker+2023 (m2fshi),,,,,,,,,61.34275956690792,-158.07770554464807,169.56265845269098,True,dwarf
15.0973860037,-33.81627403765,120.66000366210938,2.0899999141693115,Walker+2023 (m2fshi),,,,,,,,,72.65193932375,-160.71632703412365,176.37472058898135,True,dwarf
15.11438865317,-33.81936754393,145.75999450683594,2.0199999809265137,Walker+2023 (m2fshi),,,,,,,,,93.8817090121158,-165.35962785560287,190.1514707058009,True,dwarf
15.09243439395,-33.82083270301,102.37000274658203,1.5299999713897705,Walker+2023 (m2fshi),,,,,,,,,66.46928321685061,-167.55880695659252,180.26125318569862,True,dwarf
15.0879646254,-33.94109797533,89.76000213623047,0.6299999952316284,Walker+2023 (m2fshi),,,,,,,,,60.888261444672395,-348.07495504667753,353.36037513068914,True,dwarf
15.07343142719,-33.73641475443,113.29000091552734,0.5799999833106995,Walker+2023 (m2fshi),,,,,,,,,42.74188658832291,-40.848888013568455,59.12275806382949,True,dwarf
15.07120717998,-33.75385114267,108.16999816894531,0.36000001430511475,Walker+2023 (m2fshi),,,,,,,,,39.96465730522889,-67.02061307575246,78.03163724140425,True,dwarf
15.07903017233,-33.75410899284,110.88999938964844,0.5799999833106995,Walker+2023 (m2fshi),,,,,,,,,49.732565898381296,-67.40764183788795,83.76824152972188,True,dwarf
15.07779421826,-33.75976481612,,,Walker+2023 (m2fshi),,,,,,,,,48.18933463328994,-75.89693731850988,89.90304258883019,False,dwarf
15.07442299276,-33.76474813125,106.31999969482422,0.5600000023841858,Walker+2023 (m2fshi),,,,,,,,,43.97997061276907,-83.3768093932572,94.26521182122053,True,dwarf
15.0821284809,-33.79149421,123.06999969482422,2.380000114440918,Walker+2023 (m2fshi),,,,,,,,,53.60116164168804,-123.52222310518334,134.65074871750642,True,dwarf
15.07472853475,-33.80298457968,132.25,0.8500000238418579,Walker+2023 (m2fshi),,,,,,,,,44.36147504178227,-140.76907445929265,147.59360688054394,True,dwarf
15.07133458934,-33.8380160151,93.2699966430664,1.8899999856948853,Walker+2023 (m2fshi),,,,,,,,,40.12374259212688,-193.35066898026088,197.46998737710416,True,dwarf
15.11793340444,-33.73429197484,121.02999877929688,1.6100000143051147,Walker+2023 (m2fshi),,,,,,,,,98.30773997849255,-37.662631603558424,105.27528465401677,True,dwarf
15.1220613716,-33.70855354495,120.87000274658203,1.600000023841858,Walker+2023 (m2fshi),,,,,,,,,103.46198327701842,0.9703181416267359,103.46653324099542,True,dwarf
15.10797686164,-33.70018581854,91.83999633789062,0.5699999928474426,Walker+2023 (m2fshi),,,,,,,,,85.87584747201262,13.530134543036532,86.93518113968042,True,dwarf
15.11290079547,-33.68930183686,108.81999969482422,1.3300000429153442,Walker+2023 (m2fshi),,,,,,,,,92.02394699945054,29.866807722714217,96.7493308757392,True,dwarf
15.12212089144,-33.68130396203,123.22000122070312,3.240000009536743,Walker+2023 (m2fshi),,,,,,,,,103.5363006648667,41.87148313205813,111.68252618491357,True,dwarf
15.10858395801,-33.64593618773,114.9800033569336,0.6299999952316284,Walker+2023 (m2fshi),,,,,,,,,86.63387733885801,94.95791664685882,128.53962282765607,True,dwarf
15.1202319105,-33.61665534801,116.2699966430664,0.5099999904632568,Walker+2023 (m2fshi),,,,,,,,,101.17769000405617,138.9079638810502,171.84978144919484,True,dwarf
15.11540273409,-33.60425261081,108.62000274658203,1.3899999856948853,Walker+2023 (m2fshi),,,,,,,,,95.14790604893577,157.52426351541482,184.02993675370035,True,dwarf
15.13060120934,-33.7227785036,88.30000305175781,2.25,Walker+2023 (m2fshi),,,,,,,,,114.12495605171061,-20.381105196988436,115.93056129794071,True,dwarf
15.1226491991,-33.71241877483,100.16999816894531,1.149999976158142,Walker+2023 (m2fshi),,,,,,,,,104.19595373635718,-4.831326805084357,104.30790235512654,True,dwarf
15.13262199676,-33.69948962763,112.06999969482422,1.1799999475479126,Walker+2023 (m2fshi),,,,,,,,,116.64814231108903,14.575105372804487,117.55519044796122,True,dwarf
15.12935946278,-33.69451360249,119.22000122070312,1.4800000190734863,Walker+2023 (m2fshi),,,,,,,,,112.57449219449587,22.044035295337494,114.7124918435246,True,dwarf
15.1289308709,-33.68424787455,113.05000305175781,1.440000057220459,Walker+2023 (m2fshi),,,,,,,,,112.03934577988872,37.45272002468436,118.1334890707663,True,dwarf
15.13282503421,-33.63341151756,123.04000091552734,0.6200000047683716,Walker+2023 (m2fshi),,,,,,,,,116.9016579945866,113.75723561544149,163.11562247911866,True,dwarf
15.13014493399,-33.62422923624,120.33999633789062,1.6399999856948853,Walker+2023 (m2fshi),,,,,,,,,113.55524363059102,127.53968521698256,170.76640378379432,True,dwarf
15.13135775372,-33.60282096695,109.66999816894531,0.6000000238418579,Walker+2023 (m2fshi),,,,,,,,,115.0695890028712,159.6731368356965,196.8159570264585,True,dwarf
15.00186827755,-33.75400921431,111.4000015258789,1.399999976158142,Walker+2023 (m2fshi),,,,,,,,,-46.61296294333039,-67.25787594495358,81.83147432976543,True,dwarf
15.01524859738,-33.76341135528,112.98999786376953,1.4700000286102295,Walker+2023 (m2fshi),,,,,,,,,-29.906089767546465,-81.37033117797898,86.69201232638753,True,dwarf
15.02240896909,-33.77466601971,107.9800033569336,0.9599999785423279,Walker+2023 (m2fshi),,,,,,,,,-20.965539498920794,-98.26339292188923,100.47511251550007,True,dwarf
15.0228114424,-33.77961817136,89.8499984741211,1.649999976158142,Walker+2023 (m2fshi),,,,,,,,,-20.46300513260817,-105.6964891380372,107.65910270462207,True,dwarf
15.00645091368,-33.8014072706,111.04000091552734,1.309999942779541,Walker+2023 (m2fshi),,,,,,,,,-40.89101297446374,-138.40156009727633,144.31585768527918,True,dwarf
15.00208656575,-33.82656239978,111.41999816894531,0.41999998688697815,Walker+2023 (m2fshi),,,,,,,,,-46.34040493877686,-176.15898530144557,182.1521924993623,True,dwarf
15.02042544498,-33.833686525,99.93000030517578,2.180000066757202,Walker+2023 (m2fshi),,,,,,,,,-23.442198216190747,-186.8521772629914,188.31694773739176,True,dwarf
15.007358252,-33.91182309646,,,Walker+2023 (m2fshi),,,,,,,,,-39.75809639008132,-304.1338549479222,306.721547912837,False,dwarf
14.9964203586,-33.73807318186,108.20999908447266,1.1100000143051147,Walker+2023 (m2fshi),,,,,,,,,-53.41531835231995,-43.33815965263588,68.7851169713118,True,dwarf
14.98507443652,-33.74699561092,107.19000244140625,0.44999998807907104,Walker+2023 (m2fshi),,,,,,,,,-67.58201120130924,-56.73057538868087,88.23653677442634,True,dwarf
14.98292088933,-33.75519234047,109.05999755859375,0.9200000166893005,Walker+2023 (m2fshi),,,,,,,,,-70.2709633518217,-69.03372838338062,98.50717712381895,True,dwarf
14.97812058912,-33.75872571704,108.52999877929688,1.5099999904632568,Walker+2023 (m2fshi),,,,,,,,,-76.26469203940843,-74.33726710127786,106.5003874732507,True,dwarf
14.98122252282,-33.76911843763,104.02999877929688,1.7400000095367432,Walker+2023 (m2fshi),,,,,,,,,-72.39156990301599,-89.93656565931829,115.45183080235722,True,dwarf
14.99213951283,-33.77703414977,113.44000244140625,1.4199999570846558,Walker+2023 (m2fshi),,,,,,,,,-58.760448235098345,-101.81791625486736,117.55712801558592,True,dwarf
14.97444688185,-33.78111074922,116.9000015258789,1.559999942779541,Walker+2023 (m2fshi),,,,,,,,,-80.85173945117602,-107.93682336598653,134.86052651024698,True,dwarf
14.98248677172,-33.82256868467,126.25,1.7000000476837158,Walker+2023 (m2fshi),,,,,,,,,-70.8130092779117,-170.16448618861867,184.31070137903063,True,dwarf
15.05793700401,-33.72330902706,110.23999786376953,1.1799999475479126,Walker+2023 (m2fshi),,,,,,,,,23.395311447440633,-21.17741197469836,31.55666927400362,True,dwarf
15.04349594656,-33.72045139007,117.06999969482422,2.0,Walker+2023 (m2fshi),,,,,,,,,5.363984961473793,-16.888146984698203,17.71953281674458,True,dwarf
15.03970495808,-33.71264474462,117.69999694824219,1.3700000047683716,Walker+2023 (m2fshi),,,,,,,,,0.6304984267057284,-5.170503653801672,5.2088037302297,True,dwarf
15.05913028341,-33.70881748344,97.0999984741211,1.8799999952316284,Walker+2023 (m2fshi),,,,,,,,,24.88525846308398,0.574150913727145,24.891880966416068,True,dwarf
15.03919001332,-33.7065969313,106.36000061035156,0.6000000238418579,Walker+2023 (m2fshi),,,,,,,,,-0.012469522278732282,3.907162274472631,3.9071821723651436,True,dwarf
15.05324535689,-33.68773254372,98.73999786376953,0.5699999928474426,Walker+2023 (m2fshi),,,,,,,,,17.537248679492752,32.22229029379808,36.68557050154958,True,dwarf
15.05019220208,-33.67692316499,147.69000244140625,2.2200000286102295,Walker+2023 (m2fshi),,,,,,,,,13.725032615541334,48.44698570208084,50.35361897535567,True,dwarf
15.03895547445,-33.65975959943,125.52999877929688,1.2200000286102295,Walker+2023 (m2fshi),,,,,,,,,-0.30531836338678925,74.20920851681933,74.20983659863288,True,dwarf
15.0589644883,-33.73005074643,114.27999877929688,1.1200000047683716,Walker+2023 (m2fshi),,,,,,,,,24.678244138228653,-31.29661919637261,39.855916836384225,True,dwarf
15.07408753142,-33.71922209753,108.52999877929688,0.9599999785423279,Walker+2023 (m2fshi),,,,,,,,,43.5611084230758,-15.042999587489003,46.085377329866354,True,dwarf
15.08000209977,-33.70813663628,95.0999984741211,1.3899999856948853,Walker+2023 (m2fshi),,,,,,,,,50.946129451603824,1.5960910331827005,50.971125283691556,True,dwarf
15.07623881472,-33.70341064679,105.5,0.5799999833106995,Walker+2023 (m2fshi),,,,,,,,,46.24723384570764,8.68972165648696,47.056539405769996,True,dwarf
15.0790241947,-33.67796674974,118.16000366210938,1.690000057220459,Walker+2023 (m2fshi),,,,,,,,,49.72510213760712,46.88058256972738,68.34014050814123,True,dwarf
15.05989530671,-33.67683455655,122.43000030517578,1.340000033378601,Walker+2023 (m2fshi),,,,,,,,,25.84047832419323,48.579985478064415,55.02495169531773,True,dwarf
15.06732541761,-33.66594726227,120.62000274658203,1.6399999856948853,Walker+2023 (m2fshi),,,,,,,,,35.11782909498589,64.92163081454017,73.8111107352009,True,dwarf
15.06753844228,-33.64133601101,122.2300033569336,1.440000057220459,Walker+2023 (m2fshi),,,,,,,,,35.383814975011695,101.86270442149792,107.83332005575696,True,dwarf
15.119123055,-34.29718816049,9.55,1.1299999952316284,gaia,5.003120442909536e+18,0.97,3.4207,0.0145,30.787,0.013,6.935,0.009,99.79315596868794,-882.5603252434051,888.1843286570282,True,dwarf
15.11849147816,-34.27270780563,0.65,2.0799999237060547,gaia,5.003120614708227e+18,0.995,3.5471,0.0214,51.628,0.02,4.74,0.013,99.0045594104061,-845.8157249281295,851.5903612182009,True,dwarf
15.12058053011,-34.26587396984,-0.46,5.050000190734863,gaia,5.003120820866657e+18,0.979,3.5497,0.0206,51.619,0.018,4.625,0.012,101.6129818120946,-835.5582525115869,841.7141981771259,True,dwarf
15.35391107623,-34.23686218804,14.78,9.979999542236328,gaia,5.003124394279483e+18,0.974,0.8947,0.0228,12.829,0.019,-0.065,0.014,392.95309113615116,-792.0120566834887,884.135300599103,True,dwarf
14.367361,-33.553711,130.237,0.068167,apogee,,,,,,,,,-838.8685106299879,233.38637005448203,870.7293355881503,True,dwarf
14.386381,-33.568707,111.625,0.079906,apogee,,,,,,,,,-815.1198460359659,210.877626636369,841.955899568074,True,dwarf
14.398098,-33.689445,103.473999,0.202532,apogee,,,,,,,,,-800.4898195875908,29.65192226091218,801.0388178840903,True,dwarf
14.39983,-33.944843,27.755199,0.009276,apogee,,,,,,,,,-798.3272177433817,-353.69617399781595,873.1708481680902,True,dwarf
14.458607,-33.667973,110.708,0.062672,apogee,,,,,,,,,-724.9373513478614,61.88103260188771,727.573656460381,True,dwarf
14.479523,-33.994732,109.343002,0.081586,apogee,,,,,,,,,-698.8213119867421,-428.57872270318165,819.7749371874955,True,dwarf
14.512205,-33.818558,112.685997,0.080291,apogee,,,,,,,,,-658.0140640234489,-164.1445160520607,678.1783914300283,True,dwarf
14.516967,-33.844891,415.506989,9.01292,apogee,,,,,,,,,-652.068157567263,-203.66990551782416,683.135647237651,True,dwarf
14.523023,-33.921246,1145.910034,0.052989,apogee,,,,,,,,,-644.5065428048318,-318.27747444881237,718.8109866020072,True,dwarf
14.565574,-33.454548,126.223999,0.093837,apogee,,,,,,,,,-591.3767096218587,382.2283628238119,704.1483750106562,True,dwarf
14.566667,-33.700556,49.1689,0.079225,apogee,,,,,,,,,-590.0119730076987,12.974498406645774,590.1546118614523,True,dwarf
14.56902,-33.421314,-4.24948,0.035127,apogee,,,,,,,,,-587.0739810103447,432.11203705409116,728.9558777775037,True,dwarf
14.572218,-33.638035,9.50912,0.105777,apogee,,,,,,,,,-583.0809090139381,106.81746634762668,592.7843769647162,True,dwarf
14.574061,-33.72015,21.309401,0.062119,apogee,,,,,,,,,-580.7797108621573,-16.435765566024997,581.0122261526623,True,dwarf
14.593333,-33.373611,526.030029,0.369025,apogee,,,,,,,,,-556.7163951914981,503.71343657887957,750.7731820364398,True,dwarf
14.632982,-33.371162,49.3064,0.050881,apogee,,,,,,,,,-507.2100438514182,507.389344329668,717.4301187732838,True,dwarf
14.636915,-33.686241,101.665001,0.050952,apogee,,,,,,,,,-502.2992395481418,34.46107229502338,503.4799812846231,True,dwarf
14.639167,-33.63,31.828699,0.270748,apogee,,,,,,,,,-499.48735770451896,118.87786601183726,513.438961838864,True,dwarf
14.640036,-33.827724,103.697998,0.247379,apogee,,,,,,,,,-498.40231093626295,-177.90252766650673,529.2014483131537,True,dwarf
14.640742,-33.721886,107.191002,0.122858,apogee,,,,,,,,,-497.52078847551877,-19.04147232608322,497.885039576052,True,dwarf
14.650625,-33.67384,107.538002,0.011027,apogee,,,,,,,,,-485.18072264046435,53.07476442145087,488.0750600474436,True,dwarf
14.661698,-33.584042,119.959999,0.175119,apogee,,,,,,,,,-471.35480449905674,187.86004992816086,507.41181508056656,True,dwarf
14.665274,-33.926319,119.332001,0.259219,apogee,,,,,,,,,-466.88975588769034,-325.89196200283135,569.3782706171021,True,dwarf
14.672128,-33.863758,121.209,0.068438,apogee,,,,,,,,,-458.33174604923204,-231.98895473557357,513.6991965692001,True,dwarf
14.677491,-33.809265,121.976997,0.089765,apogee,,,,,,,,,-451.6354217475669,-150.19587957670288,475.9552042145585,True,dwarf
14.681129,-33.84193,22.633699,0.072081,apogee,,,,,,,,,-447.0929589824197,-199.22549439079518,489.47207436881666,True,dwarf
14.685477,-33.51947,57.462601,0.039034,apogee,,,,,,,,,-441.66397929499834,284.78153432356333,525.5165010714464,True,dwarf
14.686276,-33.698925,119.901001,0.104338,apogee,,,,,,,,,-440.66633560358696,15.42260193524636,440.9361359479921,True,dwarf
14.694639,-33.893539,139.220001,0.153787,apogee,,,,,,,,,-430.2241651514431,-276.6897341257026,511.5173909563664,True,dwarf
14.695696,-33.648228,435.317993,0.297001,apogee,,,,,,,,,-428.9043786910917,91.51794503123068,438.55957442875507,True,dwarf
14.707917,-33.834722,200.511002,0.048424,apogee,,,,,,,,,-413.6450500894345,-188.40640779719809,454.5318492279005,True,dwarf
14.722743,-33.77306,472.441986,0.187748,apogee,,,,,,,,,-395.13307841377815,-95.85278438782541,406.5930470773546,True,dwarf
14.723116,-33.863453,17.1987,0.045301,apogee,,,,,,,,,-394.6673448757368,-231.5311548727794,457.56856184400027,True,dwarf
14.731044,-33.692291,31.495701,0.051982,apogee,,,,,,,,,-384.7683221154112,25.3801241969005,385.604476643826,True,dwarf
14.736975,-33.62244,153.968002,0.053742,apogee,,,,,,,,,-377.36278427591805,130.22529867660572,399.2008258657342,True,dwarf
14.745422,-33.65073,161.871994,0.461878,apogee,,,,,,,,,-366.8157301315592,87.76248517312735,377.16844204640483,True,dwarf
14.751188,-33.72076,642.794006,0.041474,apogee,,,,,,,,,-359.6162138303427,-17.351365291622844,360.0345693501585,True,dwarf
14.755442,-33.90871,836.661011,0.271902,apogee,,,,,,,,,-354.3046039889691,-299.4611495962292,463.9059522416967,True,dwarf
14.75625,-33.892778,189.593002,0.114366,apogee,,,,,,,,,-353.2957227591055,-275.5474859434517,448.0449583798879,True,dwarf
14.761822,-33.794029,27.7297,0.052078,apogee,,,,,,,,,-346.3384378422872,-127.32690020098603,369.0019688861127,True,dwarf
14.765176,-34.04063,-1.83462,0.004519,apogee,,,,,,,,,-342.15058184605596,-497.47084763008996,603.7750118209553,True,dwarf
14.766923,-33.67548,309.200012,0.135976,apogee,,,,,,,,,-339.96925077109586,50.61315204443417,343.7161367025605,True,dwarf
14.768024,-33.734959,111.170998,0.078774,apogee,,,,,,,,,-338.59452523386807,-38.663825133830045,340.79487069544916,True,dwarf
14.770056,-33.645615,108.072998,0.052524,apogee,,,,,,,,,-336.0573387746154,95.44001401972935,349.347006886223,True,dwarf
14.770171,-33.715233,91.947502,0.053283,apogee,,,,,,,,,-335.91374800551387,-9.055431384462853,336.0357822266411,True,dwarf
14.780473,-33.440243,23.150801,0.117596,apogee,,,,,,,,,-323.0505123247767,403.69992688062985,517.0447412717072,True,dwarf
14.782917,-34.019167,-534.008972,1.1673,apogee,,,,,,,,,-319.9988963275206,-465.255246137521,564.6784374396782,True,dwarf
14.789261,-33.8484,113.193001,0.141592,apogee,,,,,,,,,-312.07768033464737,-208.93685541473906,375.5623624827892,True,dwarf
14.789857,-33.65173,57.2103,0.424697,apogee,,,,,,,,,-311.3335055660863,86.26150201641613,323.06283973585766,True,dwarf
14.792181,-33.671806,-111.193001,0.228437,apogee,,,,,,,,,-308.4317234148499,56.127764162212436,313.4971354231222,True,dwarf
15.59666666666667,-33.39722222222222,,,simbad,,,,,,,,,696.0614557840959,468.27338971386666,838.9168717712081,False,dwarf
15.365416666666667,-33.24527777777778,,,simbad,,,,,,,,,407.3191483515326,696.3394415814057,806.7202157599137,False,dwarf
15.220125,-33.169694444444445,,,simbad,,,,,,,,,225.90573825831626,809.7887518431193,840.7087635975207,False,dwarf
15.218125,-33.186194444444446,,,simbad,,,,,,,,,223.40850749133446,785.0225297573174,816.1934411927629,False,dwarf
15.422639999999994,-33.35168,,,simbad,,,,,,,,,478.76908264622523,536.6314981887903,719.1614556872842,False,dwarf
15.283195650137504,-33.32025459346222,,,simbad,,,,,,,,,304.6567222668566,583.8005040949288,658.5125260797075,False,dwarf
15.259279524022503,-33.2640063673,,,simbad,,,,,,,,,274.794679286128,668.2281441595175,722.5240261824092,False,dwarf
15.37641555931,-33.38210368909,,,simbad,,,,,,,,,421.05253490737795,490.96605329956344,646.786597452729,False,dwarf
15.546745414730003,-33.388720711,,,simbad,,,,,,,,,633.7290126527876,481.03401486504515,795.6168581264864,False,dwarf
15.231439523289998,-33.35482793789999,,,simbad,,,,,,,,,240.03322609509,531.9064964225159,583.5584551406076,False,dwarf
15.257876372630001,-33.36891955984,,,simbad,,,,,,,,,273.04268287208225,510.75520923977024,579.157310612191,False,dwarf
15.555791666666668,-33.32611111111112,,,simbad,,,,,,,,,645.024301983854,575.0099697469249,864.1138903281891,False,dwarf
15.57591307955,-33.3183400411,,,simbad,,,,,,,,,670.148207647578,586.6742149432645,890.6656245149226,False,dwarf
15.59264753327,-33.38467573027,,,simbad,,,,,,,,,691.0431039967077,487.10546281001376,845.4657317010325,False,dwarf
15.296124999999998,-33.16394444444444,,,simbad,,,,,,,,,320.80050740371905,818.4194049942422,879.0468065021413,False,dwarf
15.30239946532,-33.17733638449,,,simbad,,,,,,,,,328.63490132546224,798.3183285501267,863.315152229048,False,dwarf
15.49154974672,-33.33745643646001,,,simbad,,,,,,,,,564.8108524733731,557.9808274907831,793.948299903084,False,dwarf
15.3885,-33.23444444444444,,,simbad,,,,,,,,,436.1413534538102,712.6000924458249,835.4748182598441,False,dwarf
15.257541666666665,-33.27472222222222,,,simbad,,,,,,,,,272.6247638573118,652.1438264114579,706.8350813272024,False,dwarf
15.018625,-33.89469444444444,,,simbad,,,,,,,,,-25.690261515352873,-278.4240367753348,279.60674847184964,False,dwarf
15.062305718049998,-33.86794244258,,,simbad,,,,,,,,,28.850155003859328,-238.26973256839912,240.00999333770073,False,dwarf
15.110791666666666,-33.79991666666667,,,simbad,,,,,,,,,89.39045632983881,-136.16418870000624,162.88443746161795,False,dwarf
15.010875000000002,-33.80019444444444,,,simbad,,,,,,,,,-35.367030737411724,-136.58112846576253,141.08590119555586,False,dwarf
15.019041666666665,-33.87094444444445,,,simbad,,,,,,,,,-25.170005105565828,-242.77568680336236,244.07696175562842,False,dwarf
14.99425,-33.83602777777778,,,simbad,,,,,,,,,-56.12526148797629,-190.36635824805748,198.46761783656666,False,dwarf
15.13994917913,-33.94335352789,,,simbad,,,,,,,,,125.79697493592246,-351.46050144830696,373.2952758625864,False,dwarf
15.07363703365,-33.83158421431,,,simbad,,,,,,,,,42.998609977226415,-183.6966443271184,188.66196648242985,False,dwarf
15.037251917849998,-33.84352179695001,,,simbad,,,,,,,,,-2.432405340799083,-201.61475480166868,201.6294272904601,False,dwarf
15.088229026848335,-33.842736528271665,,,simbad,,,,,,,,,61.21839716047977,-200.43607974198085,209.5765115971538,False,dwarf
15.042555063389997,-33.99225988559999,,,simbad,,,,,,,,,4.189183761341549,-424.86812062729774,424.8887727228837,False,dwarf
15.034206456669997,-33.99558719455,,,simbad,,,,,,,,,-6.2350150199764816,-429.8623553184422,429.9075713827543,False,dwarf
15.023841876309998,-33.96599594807999,,,simbad,,,,,,,,,-19.176389500912364,-385.44639278076363,385.92312138817675,False,dwarf
15.14460507344,-34.01171870036,,,simbad,,,,,,,,,131.61039619530226,-454.07547383170896,472.7640345057727,False,dwarf
15.075758118649999,-33.99562172685,,,simbad,,,,,,,,,45.64702933791933,-429.9141877191028,432.3307299852196,False,dwarf
15.091557294619998,-33.96909123149,,,simbad,,,,,,,,,65.37412350055928,-390.0923610444378,395.53233264638476,False,dwarf
15.0654089859,-33.95671846786,,,simbad,,,,,,,,,32.724942980467084,-371.52105123379255,372.95953319755364,False,dwarf
15.045008200939998,-33.95848028456,,,simbad,,,,,,,,,7.252209044094066,-374.16550842570894,374.2357842744177,False,dwarf
15.05331727985,-33.95468430188,,,simbad,,,,,,,,,17.62705279377334,-368.46780235985557,368.8891898200543,False,dwarf
15.07164826952,-33.93513299293,,,simbad,,,,,,,,,40.515408490370746,-339.121616934168,341.53326250481985,False,dwarf
15.064239137900001,-33.90981747499999,,,simbad,,,,,,,,,31.26425277132087,-301.1234509176979,302.74211169563483,False,dwarf
15.079627436939997,-33.84487985371,,,simbad,,,,,,,,,50.4783196784392,-203.65317512427495,209.815815647337,False,dwarf
15.088471534949996,-33.85102838711,,,simbad,,,,,,,,,61.52119650683375,-212.88202019617896,221.59334859701633,False,dwarf
14.996826961390003,-33.87608690613,,,simbad,,,,,,,,,-52.90762785375036,-250.494435177421,256.02085684562127,False,dwarf
15.045933331679997,-33.8424016706,,,simbad,,,,,,,,,8.40734151779734,-199.93346401691036,200.11015322866072,False,dwarf
15.047608590079996,-33.80974573484,,,simbad,,,,,,,,,10.49909492736131,-150.9174544743883,151.2822165997141,False,dwarf
15.12183918487,-33.85012005175,,,simbad,,,,,,,,,103.18455750793319,-211.51862412016476,235.34481353493965,False,dwarf
15.116411357319999,-33.82399704882,,,simbad,,,,,,,,,96.40728853005977,-172.30843671942142,197.44508767353278,False,dwarf
15.082766588199998,-33.80794385123,,,simbad,,,,,,,,,54.39791223278405,-148.2128575254169,157.88028373148816,False,dwarf
14.98972491068,-33.81503790678,,,simbad,,,,,,,,,-61.77535762460264,-158.86091541875948,170.4493627366609,False,dwarf
15.045049362079999,-34.02829347123,,,simbad,,,,,,,,,7.303603476701106,-478.9539257339956,479.00960908916085,False,dwarf
15.095633259600001,-33.85107380005,,,simbad,,,,,,,,,70.46343607716754,-212.95018425422785,224.30532048462575,False,dwarf
15.004750000000001,-33.79413888888889,,,simbad,,,,,,,,,-43.0147999613031,-127.49184157231919,134.5527505598167,False,dwarf
15.00525,-33.81544444444444,,,simbad,,,,,,,,,-42.39049226955864,-159.471121605661,165.0090678145387,False,dwarf
15.101054822805832,-34.120228591237776,,,simbad,,,,,,,,,77.23288329854222,-616.9469923762458,621.7624222037721,False,dwarf
15.148304743915835,-34.083142922453334,,,simbad,,,,,,,,,136.22986166528256,-561.282028175283,577.577778625443,False,dwarf
15.143441129614994,-34.05764567500861,,,simbad,,,,,,,,,130.15707802988,-523.0110892181572,538.9633238045418,False,dwarf
15.010702278610001,-33.98438187746001,,,simbad,,,,,,,,,-35.582693322028135,-413.0433631007229,414.573211707661,False,dwarf
14.993738737739998,-33.889805110160005,,,simbad,,,,,,,,,-56.76363141081136,-271.0852283668421,276.9644578093828,False,dwarf
15.05192985654,-33.9120133341,,,simbad,,,,,,,,,15.894694705490634,-304.41939844134083,304.8340720247141,False,dwarf
15.129079609799998,-33.84878181715,,,simbad,,,,,,,,,112.2250634585493,-209.50995652583893,237.6739084370313,False,dwarf
14.979068588301667,-33.79929839812361,,,simbad,,,,,,,,,-75.08100567764072,-135.2361780305531,154.68025491922805,False,dwarf
14.982171504279998,-33.80025324842,,,simbad,,,,,,,,,-71.20665705341239,-136.66939224261944,154.1068161525935,False,dwarf
14.985638665369997,-33.81752284458,,,simbad,,,,,,,,,-66.87750637939332,-162.59076520204684,175.80772960399926,False,dwarf
14.98697526558,-33.8521642017,,,simbad,,,,,,,,,-65.20860679560602,-214.58685876491757,224.2759067640094,False,dwarf
14.988613454719996,-33.81384284483,,,simbad,,,,,,,,,-63.163138634337265,-157.06714756058315,169.29167411588352,False,dwarf
14.9887603993,-33.79544442883999,,,simbad,,,,,,,,,-62.97966137122309,-129.45143504934364,143.95871554986994,False,dwarf
14.99552568596,-33.84820110452,,,simbad,,,,,,,,,-54.53242037381261,-208.63831664932263,215.64723982951702,False,dwarf
14.99946819819,-33.82620946342,,,simbad,,,,,,,,,-49.60973895382861,-175.62923376969653,182.50138068956556,False,dwarf
14.999580006060002,-33.91498849620999,,,simbad,,,,,,,,,-49.47013392734942,-308.8850666569358,312.8214803277575,False,dwarf
15.01763010241,-33.87276541812,,,simbad,,,,,,,,,-26.932505951226567,-245.50893761918013,246.9817773191199,False,dwarf
15.018685141669582,-33.89464134820417,,,simbad,,,,,,,,,-25.615167701523795,-278.3443402130044,279.5204975399656,False,dwarf
15.013675121580002,-33.79567764057,,,simbad,,,,,,,,,-31.87075585697854,-129.80148192803333,133.65691074392186,False,dwarf
15.02009654566,-33.82590502976,,,simbad,,,,,,,,,-23.8528669667663,-175.17228397370155,176.78882412386082,False,dwarf
15.02092745213,-34.02127760377,,,simbad,,,,,,,,,-22.81538436607958,-468.42322684678675,468.9785295867266,False,dwarf
15.021155842550003,-33.99981555152,,,simbad,,,,,,,,,-22.530212574221487,-436.20904791100145,436.7905035117659,False,dwarf
15.02185809518,-33.80529863465,,,simbad,,,,,,,,,-21.653369137308708,-144.24243199297493,145.85865617866,False,dwarf
15.02230043561,-33.8481988081,,,simbad,,,,,,,,,-21.10105607167317,-208.63486976158052,209.6992213809378,False,dwarf
15.02567883098,-33.84348465046,,,simbad,,,,,,,,,-16.88273964116977,-201.5589985458377,202.2648184746733,False,dwarf
15.02844012933,-33.86708067738,,,simbad,,,,,,,,,-13.43494004294894,-236.9762375181621,237.35676683469973,False,dwarf
15.028665571419998,-33.84276916848,,,simbad,,,,,,,,,-13.153449581291262,-200.4850721449154,200.91609539516614,False,dwarf
15.029372326329996,-33.806934010119996,,,simbad,,,,,,,,,-12.270984528307698,-146.69710302833616,147.20943277589328,False,dwarf
15.03040710148,-33.85358280726,,,simbad,,,,,,,,,-10.978948357559805,-216.71616181650012,216.99408309793478,False,dwarf
15.035680558320003,-33.79430081917,,,simbad,,,,,,,,,-4.39442902295,-127.73489619682321,127.81046401938671,False,dwarf
15.036949395290003,-33.83045773074,,,simbad,,,,,,,,,-2.8101396630632545,-182.00581146224138,182.02750421558517,False,dwarf
15.037674640720002,-33.9162925169,,,simbad,,,,,,,,,-1.9045870623582406,-310.8423797486457,310.8482145673019,False,dwarf
15.03927986422,-33.91045229123,,,simbad,,,,,,,,,0.09971969367945943,-302.0762993865624,302.07631584600836,False,dwarf
15.042589950299996,-33.85473535713,,,simbad,,,,,,,,,4.232744093848093,-218.44611975864336,218.48712401460082,False,dwarf
15.0434644208,-33.85009184027,,,simbad,,,,,,,,,5.324621412561669,-211.47627916385804,211.5433011044716,False,dwarf
15.043873015363747,-33.798787457167215,,,simbad,,,,,,,,,5.834798870469625,-134.46926426092554,134.59579454326743,False,dwarf
15.045889462419998,-33.84540851402,,,simbad,,,,,,,,,8.35256568490211,-204.4466853452138,204.6172341279333,False,dwarf
15.052275544799997,-33.817112959599996,,,simbad,,,,,,,,,16.326326384816177,-161.97553475087113,162.79626160036418,False,dwarf
15.05283994892,-33.811981607090004,,,simbad,,,,,,,,,17.031050051558168,-154.27346106221296,155.21068730590952,False,dwarf
15.05450926178,-33.95432356155,,,simbad,,,,,,,,,19.11537976841527,-367.92633720057455,368.42256628703086,False,dwarf
15.054653817239995,-33.86211571435,,,simbad,,,,,,,,,19.295873939533525,-229.52391163640428,230.33357715271626,False,dwarf
15.057631725849998,-33.82423449027,,,simbad,,,,,,,,,23.014136440616795,-172.66483233657715,174.1918333387809,False,dwarf
15.066924781058333,-33.8056945307225,,,simbad,,,,,,,,,34.6175881333857,-144.8366653295998,148.9162080902251,False,dwarf
15.074474262969995,-33.91117680291,,,simbad,,,,,,,,,44.04398738568263,-303.1637792150823,306.34645395826163,False,dwarf
15.077502605100003,-33.83970088262,,,simbad,,,,,,,,,47.82522195568656,-195.87962674908033,201.63352903341675,False,dwarf
15.079095501589999,-33.94980321314,,,simbad,,,,,,,,,49.81413701740785,-361.1413703746824,364.5607461629579,False,dwarf
15.080796475187082,-33.84653162421444,,,simbad,,,,,,,,,51.93799881763867,-206.13245483021169,212.57503300131532,False,dwarf
15.081761204259998,-33.79487484294,,,simbad,,,,,,,,,53.14257437898252,-128.5964962071493,139.1445006041599,False,dwarf
15.08317414883,-33.84477952041,,,simbad,,,,,,,,,54.90679870511151,-203.50257653092484,210.77963658467712,False,dwarf
15.0886048144,-33.9157625118,,,simbad,,,,,,,,,61.687611278412945,-310.04685102056783,316.12404402861665,False,dwarf
15.092496586900417,-33.84826391659278,,,simbad,,,,,,,,,66.54693829148648,-208.73259651259457,219.0839835379586,False,dwarf
15.092675476510001,-33.84969467025,,,simbad,,,,,,,,,66.77030260995913,-210.88013365350022,221.1983365225508,False,dwarf
15.096283349689996,-33.80268479284,,,simbad,,,,,,,,,71.27514856418983,-140.3190994618413,157.38359659325823,False,dwarf
15.09836885185,-33.82773726351,,,simbad,,,,,,,,,73.87913864347524,-177.92243597161428,192.65129210253176,False,dwarf
15.10498958042,-33.89552931429,,,simbad,,,,,,,,,82.1458821859042,-279.67716235157593,291.49144258645094,False,dwarf
15.1081388993,-33.81131085972001,,,simbad,,,,,,,,,86.07817018699546,-153.26668055743363,175.78431884509993,False,dwarf
15.11321425375,-33.81948593808,,,simbad,,,,,,,,,92.41533582993988,-165.53733548060558,189.58692922925653,False,dwarf
15.11847723052,-33.79488208876,,,simbad,,,,,,,,,98.98676958792502,-128.60737206093154,162.29059338689913,False,dwarf
15.120173305209997,-33.86019766721,,,simbad,,,,,,,,,101.10451453740755,-226.64495518548677,248.17344453199692,False,dwarf
15.12070832262,-33.83711453542,,,simbad,,,,,,,,,101.77254550597418,-191.9975631644626,217.30327949632374,False,dwarf
15.13687466943,-33.92159433951,,,simbad,,,,,,,,,121.95809482780795,-318.8003261861461,341.33183981343103,False,dwarf
15.15198972826,-34.06277748553,,,simbad,,,,,,,,,140.83098980533504,-530.713850374213,549.0815592137228,False,dwarf
15.016706113154164,-33.831923379318894,,,simbad,,,,,,,,,-28.086213150242447,-184.20572529282288,186.33460387103565,False,dwarf
15.021787830020001,-33.91024978222,,,simbad,,,,,,,,,-21.741103297008806,-301.7723367734668,302.55448900039454,False,dwarf
15.051756808417919,-33.793366174940836,,,simbad,,,,,,,,,15.678624158174639,-126.33201095133396,127.30120284781782,False,dwarf
15.06604487113792,-33.9965175252675,,,simbad,,,,,,,,,33.51891907067067,-431.25876605559176,432.55940775280544,False,dwarf
15.06703383081458,-34.03966933717139,,,simbad,,,,,,,,,34.753749336600535,-496.02890890507115,497.2449110473697,False,dwarf
15.07320985907,-33.92040007836,,,simbad,,,,,,,,,42.465233225201246,-317.0077603152728,319.83935988707856,False,dwarf
15.090358236938748,-33.9555206483775,,,simbad,,,,,,,,,63.87696163405581,-369.72314436578046,375.20057263724743,False,dwarf
15.084541666666668,-33.79322222222222,,,simbad,,,,,,,,,56.6143025131757,-126.11594034532914,138.24040530264656,False,dwarf
15.022333333333332,-33.817416666666674,,,simbad,,,,,,,,,-21.059979468238264,-162.4313939425288,163.79096578662575,False,dwarf
15.061041666666666,-33.815,,,simbad,,,,,,,,,27.27184100110707,-158.80401798045284,161.128735607047,False,dwarf
15.076458333333331,-33.80072222222222,,,simbad,,,,,,,,,46.52132816327531,-137.37331402069185,145.0367587168948,False,dwarf
15.092085988229995,-33.925817641420004,,,simbad,,,,,,,,,66.03425847515607,-325.13943121877764,331.7772943189964,False,dwarf
15.00208333333333,-33.842222222222226,,,simbad,,,,,,,,,-46.344440983956055,-199.664115024379,204.97211039208196,False,dwarf
15.102720300150002,-33.867055306839994,,,simbad,,,,,,,,,79.31242393133002,-236.9381567649278,249.8602623888491,False,dwarf
15.08459083264,-33.84280108752,,,simbad,,,,,,,,,56.675691903820564,-200.5329820863495,208.38812575869326,False,dwarf
15.124291666666664,-33.80333333333333,,,simbad,,,,,,,,,106.24676400698269,-141.29254781877432,176.78223590360005,False,dwarf
14.987208333333333,-33.79969444444444,,,simbad,,,,,,,,,-64.91759481339915,-135.8306368873974,150.54652448194435,False,dwarf
15.048993290100004,-33.80882119487,,,simbad,,,,,,,,,12.228052673865616,-149.5297355517038,150.02888750623094,False,dwarf
15.07840004852,-34.15300035267,,,simbad,,,,,,,,,48.945783615710866,-666.1368543018964,667.932630130451,False,dwarf
15.041791666666667,-33.808861111111106,,,simbad,,,,,,,,,3.2359948688821567,-149.58964915728833,149.62464635811858,False,dwarf
14.99399628261,-34.13739693992,,,simbad,,,,,,,,,-56.44205692418594,-642.7163945768823,645.1899485017879,False,dwarf
15.11741666666667,-33.83647222222223,,,simbad,,,,,,,,,97.66253324548258,-191.03346187326565,214.55011991422757,False,dwarf
14.99953618663,-33.80372141148,,,simbad,,,,,,,,,-49.52484754174622,-141.87504658041306,150.2705538894017,False,dwarf
15.101018415679999,-33.81316072864,,,simbad,,,,,,,,,77.18742480115895,-156.04330264847,174.09023766103763,False,dwarf
15.075125,-33.79680555555556,,,simbad,,,,,,,,,44.856507651952796,-131.49446332356817,138.93487741918122,False,dwarf
15.045078056050002,-33.94170445187,,,simbad,,,,,,,,,7.3394312090597325,-348.9852661181598,349.06243455581887,False,dwarf
15.123791666666662,-33.88913888888889,,,simbad,,,,,,,,,105.62245631523426,-270.0852414602566,290.003691239799,False,dwarf
15.08797431619,-34.09189475678,,,simbad,,,,,,,,,60.90036151414371,-574.4183840899755,577.6377186551204,False,dwarf
15.071375000000002,-33.93491666666667,,,simbad,,,,,,,,,40.17419996386147,-338.7969148565544,341.17050848374294,False,dwarf
15.013166666666667,-33.8045,,,simbad,,,,,,,,,-32.505620483581005,-143.04369483494693,146.69053819199118,False,dwarf
15.090833333333332,-33.80794444444444,,,simbad,,,,,,,,,64.47017430097792,-148.21374793028875,161.62833430417342,False,dwarf
15.102291666666664,-33.81105555555555,,,simbad,,,,,,,,,78.77722557015535,-152.88347330673636,171.98606826967907,False,dwarf
15.0,-33.919999999999995,,,simbad,,,,,,,,,-48.94572303289523,-316.40724943554056,320.1706284133154,False,dwarf
15.076416666666665,-33.82394444444445,,,simbad,,,,,,,,,46.469302522298584,-172.22947843775404,178.3883104910456,False,dwarf
15.108333333333334,-33.855000000000004,,,simbad,,,,,,,,,86.32094351209328,-218.84334424907314,235.25244868212602,False,dwarf
15.057999999999996,-33.82441666666667,,,simbad,,,,,,,,,23.47396920964776,-172.93827603953594,174.52413744230975,False,dwarf
15.026041666666668,-33.807805555555554,,,simbad,,,,,,,,,-16.429697421115712,-148.00527804742015,148.91439583614329,False,dwarf
15.053666666666668,-33.80311111111111,,,simbad,,,,,,,,,18.063302547854573,-140.958996006175,142.1116513661149,False,dwarf
15.039166666666665,-33.91055555555556,,,simbad,,,,,,,,,-0.04162051278614045,-302.23129739991236,302.23130026570936,False,dwarf
15.088333333333331,-33.94083333333333,,,simbad,,,,,,,,,61.34863584224375,-347.67773186711,353.0488073283385,False,dwarf
15.045,-33.94638888888888,,,simbad,,,,,,,,,7.241969224252314,-356.0165271821882,356.09017642320714,False,dwarf
14.97958333333333,-33.81194444444444,,,simbad,,,,,,,,,-74.43828711252783,-154.21768055716223,171.24296068649963,False,dwarf
15.027916666666666,-34.02472222222222,,,simbad,,,,,,,,,-14.088543577072034,-473.5935411248815,473.8030490143852,False,dwarf
15.13680826309,-34.00479512593999,,,simbad,,,,,,,,,121.87517885012113,-443.683305243012,460.117848568291,False,dwarf
15.039166666666668,-33.910277777777786,,,simbad,,,,,,,,,-0.041620512782169154,-301.8143576341656,301.81436050392153,False,dwarf
15.072916666666666,-33.93027777777778,,,simbad,,,,,,,,,42.099148680075515,-331.8340207684567,334.49387985275257,False,dwarf
15.117083333333332,-33.95805555555556,,,simbad,,,,,,,,,97.24632811764502,-373.52799734387634,385.97929106636224,False,dwarf
15.11443002017,-33.9437779001,,,simbad,,,,,,,,,93.93336048468463,-352.0974769877048,364.4120051714172,False,dwarf
15.128333333333332,-34.22416666666667,,,simbad,,,,,,,,,111.2932511819309,-772.9562929364035,780.9274092696655,False,dwarf
15.006074625300002,-33.85462213508001,,,simbad,,,,,,,,,-41.36085243436186,-218.27617536864307,222.16032239727164,False,dwarf
15.042691643489999,-33.80866961731999,,,simbad,,,,,,,,,4.359719775281626,-149.30222020220384,149.3658599340102,False,dwarf
14.98248832071,-33.82257058521001,,,simbad,,,,,,,,,-70.81107518516804,-170.16733886716383,184.31259204409147,False,dwarf
15.08280617649,-33.817311354130005,,,simbad,,,,,,,,,54.447342780684856,-162.27332159880103,171.16408513057084,False,dwarf
14.980622629169996,-33.99950182962999,,,simbad,,,,,,,,,-73.14060634286795,-435.7381566382039,441.8340066661487,False,dwarf
15.11919289901,-33.86757065904,,,simbad,,,,,,,,,99.88036427402004,-237.71169173690686,257.84285050381595,False,dwarf
15.114511775400004,-34.01612713268,,,simbad,,,,,,,,,94.03544132254898,-460.69245649154624,470.1916669752259,False,dwarf
15.03747031869,-33.83968525191,,,simbad,,,,,,,,,-2.1597066922057477,-195.85616531663285,195.8680725017035,False,dwarf
15.105434174010002,-33.84740545332,,,simbad,,,,,,,,,82.70100858178279,-207.44405759949646,223.32150333943957,False,dwarf
15.121782874159999,-33.928955563260004,,,simbad,,,,,,,,,103.11424708917015,-329.84939904771096,345.5910502384321,False,dwarf
15.076345762930002,-33.89208877386,,,simbad,,,,,,,,,46.38077102595167,-274.5129691161487,278.4035670280203,False,dwarf
15.045571064740002,-34.02635643334,,,simbad,,,,,,,,,7.955009443589297,-476.0464644871787,476.11292623283214,False,dwarf
15.03196502194,-33.829720334,,,simbad,,,,,,,,,-9.033704904945218,-180.8989913756849,181.12441278041385,False,dwarf
15.093719980310006,-33.86133223936001,,,simbad,,,,,,,,,68.0744861227605,-228.34792887272437,238.27906387540787,False,dwarf
15.007791666666668,-33.815916666666666,,,simbad,,,,,,,,,-39.216928169847755,-160.17991920745246,164.91080611162204,False,dwarf
15.102383147749997,-33.847705220559995,,,simbad,,,,,,,,,78.89145025810244,-207.89400317766416,222.35956799980812,False,dwarf
15.004541666666672,-33.91566666666667,,,simbad,,,,,,,,,-43.274928166194634,-309.9029890897824,312.90986250767344,False,dwarf
15.051057800439999,-33.99088175202,,,simbad,,,,,,,,,14.805832043761432,-422.7995653360257,423.0587253689969,False,dwarf
15.065625,-34.156499999999994,,,simbad,,,,,,,,,32.994661508780425,-671.389765998668,672.2000190239697,False,dwarf
15.108333333333334,-33.85,,,simbad,,,,,,,,,86.32094351209328,-211.33842846548845,228.28761822551914,False,dwarf
15.395088162970001,-34.12477280487,,,simbad,,,,,,,,,444.3674350871056,-623.7677804987312,765.8646495002928,False,dwarf
15.33208059956,-33.9364141515,,,simbad,,,,,,,,,365.69522213701947,-341.0446143688237,500.04442251046424,False,dwarf
15.296647207609999,-33.74696703570001,,,simbad,,,,,,,,,321.4525438589424,-56.687684464777675,326.4126705925545,False,dwarf
15.302519018120003,-33.71604049063999,,,simbad,,,,,,,,,328.7841767906843,-10.267461234292563,328.94445681319155,False,dwarf
15.557146960939999,-33.99664154127,,,simbad,,,,,,,,,646.7165432626928,-431.4449119865029,777.4233077343948,False,dwarf
15.48720264947,-33.815233070770006,,,simbad,,,,,,,,,559.3829999734847,-159.15385328056385,581.5834331146193,False,dwarf
15.501078817177083,-34.11915110922361,,,simbad,,,,,,,,,576.708996436467,-615.3297100213202,843.3409266753742,False,dwarf
15.558762630098336,-34.01198957957861,,,simbad,,,,,,,,,648.7338926284251,-454.4820589763476,792.0919172521642,False,dwarf
15.669974255516252,-33.95045967975028,,,simbad,,,,,,,,,787.5944389484022,-362.1267156996535,866.8568269823259,False,dwarf
15.613957796133754,-33.806142848718615,,,simbad,,,,,,,,,717.6514260346538,-145.50958309062167,732.2544694713572,False,dwarf
15.3777878839,-33.77554571594,,,simbad,,,,,,,,,422.7660405015957,-99.58380214614438,434.33634277052994,False,dwarf
15.287936503539997,-33.72338566084001,,,simbad,,,,,,,,,310.5762247560912,-21.292437987730395,311.30525099844914,False,dwarf
15.30227380937,-33.68440302228,,,simbad,,,,,,,,,328.4780053732644,37.21984589515337,330.57997057059777,False,dwarf
15.30500282698,-33.722404348560005,,,simbad,,,,,,,,,331.88549874292966,-19.819504783964213,332.47676166271344,False,dwarf
15.306867511629997,-33.84205584565,,,simbad,,,,,,,,,334.21377268228036,-199.41438659179877,389.18497328430647,False,dwarf
15.307044626519998,-33.76143105279001,,,simbad,,,,,,,,,334.43492105858,-78.39793049530152,343.5010217297829,False,dwarf
15.316826370720001,-33.83014265853,,,simbad,,,,,,,,,346.64855734408826,-181.5328933818796,391.30475807014477,False,dwarf
15.320069853879994,-33.74313493044,,,simbad,,,,,,,,,350.69842031375487,-50.93575901474101,354.3780940704022,False,dwarf
15.320878363180004,-33.699414588710006,,,simbad,,,,,,,,,351.7079374634426,14.687737527812939,352.0144924693794,False,dwarf
15.332320768187081,-33.75622056142499,,,simbad,,,,,,,,,365.99510037942605,-70.5770707181943,372.7378923760062,False,dwarf
15.34269194623,-33.77273607389,,,simbad,,,,,,,,,378.9447128287506,-95.36657675269721,390.7606420078567,False,dwarf
15.34650179115,-33.684703227680004,,,simbad,,,,,,,,,383.70174380458286,36.769242646195856,385.4594731011972,False,dwarf
15.346901116079998,-33.9793921305,,,simbad,,,,,,,,,384.2003470551911,-405.55383695747673,558.6446288547496,False,dwarf
15.371805208179998,-33.72502507567,,,simbad,,,,,,,,,415.2959795631565,-23.753172034411072,415.97471536503036,False,dwarf
15.374273107810001,-33.76677047056,,,simbad,,,,,,,,,418.3774370060921,-86.41230663472199,427.2081068211602,False,dwarf
15.394106273940002,-33.74383625481,,,simbad,,,,,,,,,443.1414333393679,-51.98843508150453,446.18059944857896,False,dwarf
15.396894090458328,-33.72723327362388,,,simbad,,,,,,,,,446.62234393050363,-27.067639969884148,447.44181211808575,False,dwarf
15.424249387930002,-34.02646180829999,,,simbad,,,,,,,,,480.77858917363824,-476.2046305272707,676.6970532988956,False,dwarf
15.430513667471672,-33.970438878453336,,,simbad,,,,,,,,,488.60026497586415,-392.1151564376102,626.4858456841433,False,dwarf
15.43918767811,-34.0004659465,,,simbad,,,,,,,,,499.4307680954536,-437.18527982118593,663.7484922866065,False,dwarf
15.44095777688,-33.740944437344446,,,simbad,,,,,,,,,501.6409406499751,-47.64786577341384,503.898752180389,False,dwarf
15.45467069892125,-33.981984080321666,,,simbad,,,,,,,,,518.7631060633106,-409.4443099828422,660.87805470433,False,dwarf
15.455565319099998,-33.71748314939,,,simbad,,,,,,,,,519.8801425808767,-12.432867718938923,520.0287865586187,False,dwarf
15.457501445980002,-33.73675169408,,,simbad,,,,,,,,,522.2976203876418,-41.354628753041524,523.9322566724586,False,dwarf
15.458774004090001,-33.89527894305,,,simbad,,,,,,,,,523.8865560201751,-279.3013593374101,593.6887845550101,False,dwarf
15.475054038385,-33.986395595150825,,,simbad,,,,,,,,,544.2140572846905,-416.06591943700886,685.0399911415595,False,dwarf
15.477653208679998,-33.983208993299996,,,simbad,,,,,,,,,547.4594212993416,-411.28288373176434,684.7374886919263,False,dwarf
15.4897765311475,-33.81663128844111,,,simbad,,,,,,,,,562.5967882313007,-161.25255445430665,585.2499743239756,False,dwarf
15.517458922613754,-33.88513995460889,,,simbad,,,,,,,,,597.1614480679173,-264.0829084611662,652.948372844194,False,dwarf
15.522433190166666,-33.78676089805694,,,simbad,,,,,,,,,603.3723950560885,-116.41760160316372,614.5008584849605,False,dwarf
15.533800938363333,-33.96409193156777,,,simbad,,,,,,,,,617.5663403301127,-382.5884960658112,726.4723959178544,False,dwarf
15.546153218409998,-33.69280498535999,,,simbad,,,,,,,,,632.9895872175822,24.60864082875336,633.4677598183855,False,dwarf
15.60038686389625,-33.86133725358111,,,simbad,,,,,,,,,700.7065512745768,-228.35545513414957,736.977533503319,False,dwarf
15.616869864859998,-33.76296125365,,,simbad,,,,,,,,,721.2874798440278,-80.69473621253165,725.7873442215418,False,dwarf
15.688497727630006,-33.7768438135,,,simbad,,,,,,,,,810.7231311853252,-101.53222471948098,817.0561719339896,False,dwarf
15.311911866729996,-33.81626057172,,,simbad,,,,,,,,,340.5122320599349,-160.6961149000099,376.52599050582967,False,dwarf
15.395615780004578,-34.12207774053862,,,simbad,,,,,,,,,445.02622583307135,-619.7225343310722,762.9576405259697,False,dwarf
15.40306378102,-34.030183851619995,,,simbad,,,,,,,,,454.3259144771917,-481.79135485916123,662.2197114119775,False,dwarf
15.398083333333338,-33.813916666666664,,,simbad,,,,,,,,,448.107250878948,-157.17795289401093,474.8736854851407,False,dwarf
15.32392229123,-33.74428942938,,,simbad,,,,,,,,,355.50863285291,-52.66864247811909,359.3888895520187,False,dwarf
15.61666666666667,-33.795833333333334,,,simbad,,,,,,,,,721.0337634539414,-130.03517414342113,732.6655680152195,False,dwarf
15.695833333333336,-33.91111111111111,,,simbad,,,,,,,,,819.8824813137377,-303.0651769314154,874.1028455700402,False,dwarf
15.31415478517,-33.75147331984,,,simbad,,,,,,,,,343.3127745280422,-63.45154105827744,349.12713904366217,False,dwarf
15.365877105200004,-34.09172196803,,,simbad,,,,,,,,,407.8940589874091,-574.1590310865495,704.2983432718476,False,dwarf
15.378343885309999,-33.81083248984,,,simbad,,,,,,,,,423.4602724153622,-152.5486554248652,450.09964961775637,False,dwarf
15.521602421490002,-34.09080129707,,,simbad,,,,,,,,,602.3350845062814,-572.7771194827134,831.1926266697171,False,dwarf
15.387500000000001,-33.968333333333334,,,simbad,,,,,,,,,434.89273807031736,-388.9547686767829,583.4530878337241,False,dwarf
15.301666666666668,-33.685833333333335,,,simbad,,,,,,,,,327.71991765390857,35.07297309524171,329.5913498088567,False,dwarf
15.35375,-33.74277777777778,,,simbad,,,,,,,,,392.75196887745574,-50.39967888436947,395.9725201182091,False,dwarf
15.368750000000002,-33.96027777777778,,,simbad,,,,,,,,,411.48119962984083,-376.86351546991716,557.9810811677735,False,dwarf
15.317421344939998,-33.79230460385,,,simbad,,,,,,,,,347.39145130795794,-124.73861062433534,369.1077639691948,False,dwarf
15.372250115389997,-33.78349865219,,,simbad,,,,,,,,,415.85149754978784,-111.52102550382659,430.5454762784372,False,dwarf
15.50082465224,-33.713712928259994,,,simbad,,,,,,,,,576.3916421860808,-6.773829305716683,576.431444271936,False,dwarf
15.384662185,-33.89953643036,,,simbad,,,,,,,,,431.3493986058126,-285.6917760796434,517.3800291827442,False,dwarf
15.394157648659997,-33.69187968465,,,simbad,,,,,,,,,443.20558060507386,25.997501609352327,443.9674050754277,False,dwarf
15.56669198684,-33.75059640448,,,simbad,,,,,,,,,658.6346094372657,-62.1353058730496,661.5590260774294,False,dwarf
15.357348704499998,-33.849835327079994,,,simbad,,,,,,,,,397.2453666767969,-211.09125718619515,449.84819684714887,False,dwarf
15.36057916705,-33.97627199598,,,simbad,,,,,,,,,401.2789719125255,-400.8705675962652,567.2054524280644,False,dwarf
15.542458333333332,-33.99761111111111,,,simbad,,,,,,,,,628.3760968706209,-432.90021998726934,763.0590537981855,False,dwarf
15.462583333333333,-33.91111111111111,,,simbad,,,,,,,,,528.6429431141846,-303.0651769314154,609.3536434394211,False,dwarf
15.357249999999999,-34.04105555555555,,,simbad,,,,,,,,,397.1221227196787,-498.1095993512219,637.0393655962074,False,dwarf
15.375708333333334,-33.77133333333333,,,simbad,,,,,,,,,420.16948167330634,-93.26108680389144,430.3951947239396,False,dwarf
15.516333333333332,-33.93830555555555,,,simbad,,,,,,,,,595.756019976888,-343.8835799987392,687.8816409321093,False,dwarf
14.886666666666665,-34.21666666666667,,,simbad,,,,,,,,,-190.45546649534018,-761.6989192610408,785.1487300641804,False,dwarf
14.753833333333333,-34.186833333333325,,,simbad,,,,,,,,,-356.3132099358823,-716.9195884190227,800.5827876201893,False,dwarf
14.666416666666668,-34.170111111111105,,,simbad,,,,,,,,,-465.4630047094818,-691.8198145206215,833.8287980853901,False,dwarf
14.877875,-34.2145,,,simbad,,,,,,,,,-201.4328767418726,-758.446789088157,784.7399159662019,False,dwarf
15.0251424653,-34.27344303941,,,simbad,,,,,,,,,-17.552454080396167,-846.9192984481548,847.1011667611839,False,dwarf
14.993350809779999,-34.27571383518,,,simbad,,,,,,,,,-57.24800422935244,-850.3277246512711,852.2526464017884,False,dwarf
15.073779165059998,-34.20910434945001,,,simbad,,,,,,,,,43.17607744222569,-750.3480084930923,751.5891879962396,False,dwarf
15.025910999903333,-34.29903018944472,,,simbad,,,,,,,,,-16.59284995192916,-885.3251796786215,885.4806584237233,False,dwarf
14.990969468904163,-34.25965096905,,,simbad,,,,,,,,,-60.221383080260836,-826.2176331415723,828.4094351793449,False,dwarf
14.815944961230832,-34.19259107144055,,,simbad,,,,,,,,,-278.7596758493218,-725.5618563387445,777.2689137314986,False,dwarf
14.836498378169583,-34.199526526479715,,,simbad,,,,,,,,,-253.09636327626868,-735.9718575366848,778.2752367830234,False,dwarf
14.777630752482917,-34.21102783091778,,,simbad,,,,,,,,,-326.59938629829804,-753.2351217784696,820.9934882878492,False,dwarf
14.983724261740836,-34.269768377445835,,,simbad,,,,,,,,,-69.26786020097767,-841.4036927333254,844.2500877122244,False,dwarf
15.006521283566252,-34.18760114625889,,,simbad,,,,,,,,,-40.80314805195532,-718.0720626878034,719.2304109975234,False,dwarf
15.03325112034875,-34.30452519830333,,,simbad,,,,,,,,,-7.427862647095703,-893.5730954213892,893.603967093067,False,dwarf
15.12030293033542,-34.2658945250825,,,simbad,,,,,,,,,101.26636646309713,-835.5891055843605,841.703053545554,False,dwarf
14.780379166666666,-34.1872611111111,,,simbad,,,,,,,,,-323.167674068261,-717.561675658279,786.9765586954969,False,dwarf
14.741279081900004,-34.2067738173,,,simbad,,,,,,,,,-371.988641403763,-746.8499189897424,834.362241971916,False,dwarf
14.929284380469998,-34.27897332145,,,simbad,,,,,,,,,-137.242333431232,-855.2201586420911,866.1622121943747,False,dwarf
14.92626453184,-33.7620047577,,,simbad,,,,,,,,,-141.01296288646728,-79.25905190211591,161.76109856959584,False,dwarf
14.760221538810002,-33.81630307068,,,simbad,,,,,,,,,-348.3367983048026,-160.75990512314698,383.64341796575104,False,dwarf
14.88554166666666,-33.759750000000004,,,simbad,,,,,,,,,-191.86015880177513,-75.87469857195318,206.31841996978147,False,dwarf
14.480950392685832,-33.83454637112528,,,simbad,,,,,,,,,-697.039047520928,-188.14279181440853,721.9841714889616,False,dwarf
14.765436116179998,-33.68506874014,,,simbad,,,,,,,,,-341.82579678221447,36.220614600182,343.73944822759387,False,dwarf
14.82810079742,-33.71011604971,,,simbad,,,,,,,,,-263.5817117843174,-1.3749751854308379,263.5852980420409,False,dwarf
14.462699401470001,-33.94353824709,,,simbad,,,,,,,,,-719.8275159169941,-351.7377618562343,801.1685876186506,False,dwarf
14.745379620809999,-33.779904328090005,,,simbad,,,,,,,,,-366.86864544013474,-106.12600556995466,381.9101099281261,False,dwarf
14.735166666666666,-33.82755555555555,,,simbad,,,,,,,,,-379.62069709440135,-177.64969539253818,419.13158785219326,False,dwarf
14.510417090440002,-33.79546606466,,,simbad,,,,,,,,,-660.2464754043555,-129.48391005075277,672.82352162057,False,dwarf
14.698385063640002,-33.69415847295,,,simbad,,,,,,,,,-425.54677246299656,22.577078753322375,426.14525697079756,False,dwarf
14.840909208790002,-33.82507780706,,,simbad,,,,,,,,,-247.58893230963636,-173.9306366341449,302.5758512541684,False,dwarf
14.859977312569999,-33.77426380311,,,simbad,,,,,,,,,-223.78020459590599,-97.6596725799428,244.16181441291587,False,dwarf
14.929583333333332,-33.797777777777775,,,simbad,,,,,,,,,-136.8690562871358,-132.9537525036961,190.81362339661501,False,dwarf
14.83611786144,-33.70526154355,,,simbad,,,,,,,,,-253.57148231850357,5.911556794908179,253.6403815423376,False,dwarf
14.806284841699997,-33.762203118230005,,,simbad,,,,,,,,,-290.82144970189756,-79.556787716615,301.5068789903472,False,dwarf
14.396783775599998,-33.94656685812,,,simbad,,,,,,,,,-802.130780390793,-356.2836560005047,877.6968909500754,False,dwarf
14.889447901709998,-33.79733774267999,,,simbad,,,,,,,,,-186.98277363512815,-132.2932672335644,229.0503573269792,False,dwarf
14.924864601559998,-33.75477383617,,,simbad,,,,,,,,,-142.76093736989245,-68.40556047806379,158.3035247334954,False,dwarf
14.723091780289998,-33.81669667465,,,simbad,,,,,,,,,-394.6975859782274,-161.35069805252633,426.4038369188037,False,dwarf
14.746007806980002,-33.75298493818,,,simbad,,,,,,,,,-366.0842825245738,-65.72045472599241,371.9366613832565,False,dwarf
14.76268903699,-33.732874530400004,,,simbad,,,,,,,,,-345.25584211851657,-35.53507137354228,347.07972832547966,False,dwarf
14.857362235969997,-33.76106491563,,,simbad,,,,,,,,,-227.04542946767833,-77.84836478508606,240.02082189233985,False,dwarf
14.85832350856,-33.73113638665,,,simbad,,,,,,,,,-225.8451697240738,-32.926146880844165,228.2327142109882,False,dwarf
14.856052141960001,-33.71053966742,,,simbad,,,,,,,,,-228.68123300238204,-2.010818233020739,228.69007350004503,False,dwarf
14.909231028809996,-33.68728363048001,,,simbad,,,,,,,,,-162.28125680448832,32.896101505849984,165.58188247609542,False,dwarf
14.716940534249996,-33.72541195028,,,simbad,,,,,,,,,-402.3781264114204,-24.33386430778217,403.11325153921024,False,dwarf
14.717322798519998,-33.68017534948,,,simbad,,,,,,,,,-401.9008253633373,43.56551156006372,404.25515114247065,False,dwarf
14.886449216239997,-33.78016606505,,,simbad,,,,,,,,,-190.726978443224,-106.51886833839109,218.45605878110482,False,dwarf
14.793526160189998,-33.73028012169,,,simbad,,,,,,,,,-306.7521357083571,-31.640907598196932,308.37966825858666,False,dwarf
14.86248756343,-33.699299292549995,,,simbad,,,,,,,,,-220.6458667556871,14.860795122023651,221.1457477502726,False,dwarf
14.762249999999998,-33.78341666666667,,,simbad,,,,,,,,,-345.8040304581562,-111.39796661420442,363.304189966046,False,dwarf
14.694958601490002,-33.77069549099,,,simbad,,,,,,,,,-429.82510581443904,-92.30369618991286,439.6243782124843,False,dwarf
14.712137598049999,-33.80821173539,,,simbad,,,,,,,,,-408.37514643666833,-148.61494713753353,434.57641760668764,False,dwarf
14.724663097175833,-33.79034111714278,,,simbad,,,,,,,,,-392.73561554223255,-121.79145014836656,411.1866012464151,False,dwarf
14.80301977855,-33.68594777777,,,simbad,,,,,,,,,-294.89825777905577,34.90119392342783,296.95635332217284,False,dwarf
14.81986150453833,-33.69449702275861,,,simbad,,,,,,,,,-273.86941962546683,22.068921192891942,274.75715875770754,False,dwarf
14.822138990630002,-33.67901697623,,,simbad,,,,,,,,,-271.0257154557172,45.30421029750098,274.78611665978246,False,dwarf
14.82684397886,-33.71859491672,,,simbad,,,,,,,,,-265.1509947725915,-14.101611755459764,265.52571529514154,False,dwarf
14.8281557938,-33.72116585372,,,simbad,,,,,,,,,-263.5130424582105,-17.96054488944465,264.12441143958733,False,dwarf
14.831669161100002,-33.7400709571,,,simbad,,,,,,,,,-259.12619799957173,-46.33678663878249,263.2365557549356,False,dwarf
14.842198284210001,-33.81772743763,,,simbad,,,,,,,,,-245.97937290974465,-162.897855924073,295.0280721587884,False,dwarf
14.849423613450004,-33.71647088627,,,simbad,,,,,,,,,-236.95771566988108,-10.913477825665652,237.20890163258946,False,dwarf
14.850916194799582,-33.731337135842786,,,simbad,,,,,,,,,-235.09405563568242,-33.227468037931416,237.430578543382,False,dwarf
14.864014509599995,-33.75869212161,,,simbad,,,,,,,,,-218.7392982780641,-74.28684092669924,231.00955682838884,False,dwarf
14.87760155302,-33.70192844257999,,,simbad,,,,,,,,,-201.77430684767108,10.914485210521407,202.0692873528009,False,dwarf
14.88900080479,-33.77410527250001,,,simbad,,,,,,,,,-187.5410257273504,-97.42172080452049,211.33534492692092,False,dwarf
14.89025481176,-33.742496167,,,simbad,,,,,,,,,-185.97525333360085,-49.976985850175296,192.5733469802237,False,dwarf
14.891859783480003,-33.80694490172,,,simbad,,,,,,,,,-183.97126095393446,-146.71345113650068,235.30886426431755,False,dwarf
14.897471377980002,-33.69272986291,,,simbad,,,,,,,,,-176.96453773531627,24.721398360881828,178.68294589241466,False,dwarf
14.90656322105,-33.72600134548,,,simbad,,,,,,,,,-165.61232261382077,-25.21853657563211,167.52138964490698,False,dwarf
14.90670646716292,-33.689528619518605,,,simbad,,,,,,,,,-165.4334633136029,29.52641077190643,168.0477304726385,False,dwarf
14.92456948917,-33.75055961678,,,simbad,,,,,,,,,-143.12941923990218,-62.08008815497856,156.0127174216307,False,dwarf
14.464193137619999,-33.92191411878,,,simbad,,,,,,,,,-717.9624139812283,-319.28030948428375,785.7543788704793,False,dwarf
14.517865066679585,-33.890257726658334,,,simbad,,,,,,,,,-650.9468176957305,-271.7645981072896,705.3990049983167,False,dwarf
14.52299758985,-33.92123097455,,,simbad,,,,,,,,,-644.5382703090191,-318.25492150144163,718.8294491413321,False,dwarf
14.578883716319996,-33.87292118872999,,,simbad,,,,,,,,,-574.7579930747928,-245.7427466810911,625.0889921840974,False,dwarf
14.61394550342917,-33.8715223002614,,,simbad,,,,,,,,,-530.9793063175526,-243.64303865160952,584.2096832652289,False,dwarf
14.637988157290001,-33.82476467235,,,simbad,,,,,,,,,-500.9592788469416,-173.4606267086536,530.1403475316764,False,dwarf
14.656078121535835,-33.714693622626115,,,simbad,,,,,,,,,-478.3718712027712,-8.2458350311434,478.4429338525145,False,dwarf
14.663485204800002,-33.720760313140005,,,simbad,,,,,,,,,-469.12327309232376,-17.35183530950346,469.44406647167574,False,dwarf
14.666495455599998,-33.80272875125,,,simbad,,,,,,,,,-465.36462763527885,-140.38508029484808,486.0783963760503,False,dwarf
14.674157186234584,-33.83037719215945,,,simbad,,,,,,,,,-455.7980729007627,-181.88492440937253,490.7484172032062,False,dwarf
14.683558135360002,-33.69588109349,,,simbad,,,,,,,,,-444.0599032033375,19.99145433737248,444.50968029895677,False,dwarf
14.693470846219999,-33.69570024989,,,simbad,,,,,,,,,-431.68273993143595,20.26289753497057,432.15804165978966,False,dwarf
14.643753951678336,-33.91220913336389,,,simbad,,,,,,,,,-493.7600192756125,-304.7132898385263,580.2147409703333,False,dwarf
14.661821842019997,-33.73750748911,,,simbad,,,,,,,,,-471.200173447768,-42.4890643630087,473.11195720215164,False,dwarf
14.728304664839998,-33.751582819389995,,,simbad,,,,,,,,,-388.1886981367303,-63.615898038480445,393.3668108068242,False,dwarf
14.781227895729998,-33.7553316255,,,simbad,,,,,,,,,-322.10793790336857,-69.24279286738822,329.46636857870084,False,dwarf
14.79273060472,-33.76482566394999,,,simbad,,,,,,,,,-307.74547850661975,-83.49318467003664,318.87049319059486,False,dwarf
14.79455046281,-33.7840441211,,,simbad,,,,,,,,,-305.4731756996726,-112.33976515025157,325.47516634308175,False,dwarf
14.823455524550003,-33.72317268252,,,simbad,,,,,,,,,-269.3818709503151,-20.972761116646367,270.1970560638071,False,dwarf
14.835182733231662,-33.683808093656936,,,simbad,,,,,,,,,-254.73909778497247,38.112823737822985,257.5744460802976,False,dwarf
14.842261334330002,-33.70513872505,,,simbad,,,,,,,,,-245.90064755997878,6.095905294744908,245.97619505102398,False,dwarf
14.891536546619994,-33.795935721359996,,,simbad,,,,,,,,,-184.3748594698529,-130.18885684689053,225.70606383442197,False,dwarf
14.883225037490003,-33.71561349625,,,simbad,,,,,,,,,-194.75273762959537,-9.62654984690925,194.99051073366888,False,dwarf
14.926817898029999,-33.782767306969994,,,simbad,,,,,,,,,-140.3220213489287,-110.42328864684859,178.55971648452638,False,dwarf
14.758579533639997,-33.86055097909,,,simbad,,,,,,,,,-350.3870312198449,-227.1752703664307,417.58792500875484,False,dwarf
14.907416666666666,-33.73405555555556,,,simbad,,,,,,,,,-164.54669728787795,-37.307770239686675,168.72310247445603,False,dwarf
14.91191449369,-33.79196473405,,,simbad,,,,,,,,,-158.9306412742547,-124.22847177905693,201.72174383641882,False,dwarf
14.711850606399999,-33.85591012238,,,simbad,,,,,,,,,-408.7334886257923,-220.20942261200327,464.2792850551514,False,dwarf
14.7448030414,-33.6769952106,,,simbad,,,,,,,,,-367.588571361264,48.338846454957675,370.75328976559473,False,dwarf
14.900057199980001,-33.68593930426,,,simbad,,,,,,,,,-173.7358406071448,34.913912519208836,177.20926499162,False,dwarf
14.85341301455,-33.75369331249,,,simbad,,,,,,,,,-231.97648808550562,-66.78371263395655,241.39833325369008,False,dwarf
14.736484750690003,-33.7236451843,,,simbad,,,,,,,,,-377.97491710612553,-21.681978329937568,378.5962838508618,False,dwarf
14.805710004660003,-33.73735131379,,,simbad,,,,,,,,,-291.5392000730339,-42.2546478381971,294.5854043281074,False,dwarf
14.891536009780003,-33.69623125429,,,simbad,,,,,,,,,-184.37552977652481,19.46586887443069,185.40025898420618,False,dwarf
14.73633373355,-33.68230102684001,,,simbad,,,,,,,,,-378.16347943030695,40.37490564608226,380.31270052519443,False,dwarf
14.75983896991,-33.78507011116,,,simbad,,,,,,,,,-348.8144797185901,-113.87975894927126,366.93342823963974,False,dwarf
14.49025668727,-33.81570299661,,,simbad,,,,,,,,,-685.4190649398269,-159.85920405129917,703.8140803528312,False,dwarf
14.88183333333333,-33.796055555555554,,,simbad,,,,,,,,,-196.49044084888973,-130.36872595602046,235.80606025373265,False,dwarf
14.73319410843,-33.74580290383,,,simbad,,,,,,,,,-382.0836636535367,-54.94034213568555,386.0134288141996,False,dwarf
14.891068421830001,-33.751552314920005,,,simbad,,,,,,,,,-184.95936728403376,-63.570111342821754,195.578952349809,False,dwarf
14.758972115804582,-33.785521480580556,,,simbad,,,,,,,,,-349.89684708985857,-114.55725684697393,368.1727430157309,False,dwarf
14.918333333333331,-33.76027777777778,,,simbad,,,,,,,,,-150.91597935142167,-76.6668841268825,169.27328184129814,False,dwarf
14.696291666666667,-33.845888888888894,,,simbad,,,,,,,,,-428.1606201276576,-205.16771993232962,474.7792223026732,False,dwarf
14.731047185850002,-33.69232326251999,,,simbad,,,,,,,,,-384.7643442140881,25.331698697797833,385.59732304233296,False,dwarf
14.79195719369,-33.73693414135,,,simbad,,,,,,,,,-308.71117141643913,-41.62847903230049,311.50524493795086,False,dwarf
14.86802036762,-33.70378380621,,,simbad,,,,,,,,,-213.7375223302009,8.129615652301414,213.8920734915328,False,dwarf
14.921434366609997,-33.73325486479,,,simbad,,,,,,,,,-147.04398149745666,-36.105946886846986,151.41192784988965,False,dwarf
14.89768168596,-33.79591497008,,,simbad,,,,,,,,,-176.70194395621823,-130.15770952512895,219.4643623614876,False,dwarf
14.86139027014,-33.69009534648001,,,simbad,,,,,,,,,-222.01596403778245,28.67576314838938,223.86019672949553,False,dwarf
14.642360597229997,-33.857072969460006,,,simbad,,,,,,,,,-495.49978307446816,-221.95483649291714,542.9401297283547,False,dwarf
14.832571845369998,-33.82881209824,,,simbad,,,,,,,,,-257.999092533618,-179.53574479759092,314.31928895344,False,dwarf
14.723324142020003,-33.79317985273,,,simbad,,,,,,,,,-394.4074555476101,-126.05234445114877,414.0609067917075,False,dwarf
14.769889526729997,-33.853066093840006,,,simbad,,,,,,,,,-336.26519986047936,-215.94058367624604,399.63060482856656,False,dwarf
14.76800339192,-33.73497088218,,,simbad,,,,,,,,,-338.620256799582,-38.68166008587459,340.8224598555882,False,dwarf
14.81312375456,-33.71522942976999,,,simbad,,,,,,,,,-282.28227789853565,-9.050072529356523,282.42731494735546,False,dwarf
14.836063131680003,-33.81575960543001,,,simbad,,,,,,,,,-253.63981873877017,-159.94417293665197,299.8587936116362,False,dwarf
14.90398527167,-33.69885942469,,,simbad,,,,,,,,,-168.83118986755204,15.521029371051043,169.54313027908395,False,dwarf
14.799320717050001,-33.69038717345,,,simbad,,,,,,,,,-299.516962872438,28.2377357817567,300.8451109298765,False,dwarf
14.89740746505,-33.73594776013999,,,simbad,,,,,,,,,-177.04434040292074,-40.147937449982464,181.53940440078836,False,dwarf
14.90712580613,-33.78378719794,,,simbad,,,,,,,,,-164.9098702284085,-111.95412781451464,199.32132859646308,False,dwarf
14.64000746544,-33.82771881671,,,simbad,,,,,,,,,-498.4379396268411,-177.89474763551348,529.2323883661634,False,dwarf
14.89165481891,-33.77251812613999,,,simbad,,,,,,,,,-184.22718286911223,-95.03944085088834,207.29725088659237,False,dwarf
14.902499999999998,-33.80277777777778,,,simbad,,,,,,,,,-170.68572292338095,-140.45866828727128,221.0480796272858,False,dwarf
14.89142837301,-33.77368812813,,,simbad,,,,,,,,,-184.50992670338192,-96.79559413120865,208.35858536499293,False,dwarf
14.906465837899999,-33.74170907621,,,simbad,,,,,,,,,-165.7339167130034,-48.79557583157479,172.76787713509626,False,dwarf
14.83366666666667,-33.779333333333334,,,simbad,,,,,,,,,-256.6320818204188,-105.26895205761933,277.3834488335443,False,dwarf
14.704833333333335,-33.822527777777786,,,simbad,,,,,,,,,-417.49536372699333,-170.10308563240838,450.81863146414094,False,dwarf
14.777188884379997,-33.758168586109996,,,simbad,,,,,,,,,-327.1511096090791,-73.50102295925831,335.3062016940771,False,dwarf
14.399837971917917,-33.944857275668326,,,simbad,,,,,,,,,-798.3172638840362,-353.7176015355279,873.1704274947361,False,dwarf
14.88740056524,-33.72122013444,,,simbad,,,,,,,,,-189.53910944675226,-18.042019335893443,190.39587304241834,False,dwarf
15.057875,-33.785916666666665,,,simbad,,,,,,,,,23.317892286713633,-115.15042450599199,117.48763494344816,False,dwarf
15.066083333333333,-33.71191666666667,,,simbad,,,,,,,,,33.56694355954816,-4.077670909075959,33.813711715406455,False,dwarf
15.000416666666666,-33.75516666666667,,,simbad,,,,,,,,,-48.42546662310422,-68.99519243700291,84.2933116984049,False,dwarf
14.994833333333332,-33.72694444444445,,,simbad,,,,,,,,,-55.39690251427046,-26.634112236384677,61.46700531826746,False,dwarf
15.034958333333332,-33.771,,,simbad,,,,,,,,,-5.296210251649171,-92.76075908499726,92.91183061943498,False,dwarf
15.099916666666669,-33.74494444444444,,,simbad,,,,,,,,,75.81176403436722,-53.65180905724376,92.87593973208303,False,dwarf
15.09438823726,-33.75039996062,,,simbad,,,,,,,,,68.90888203064937,-61.840446947951875,92.58874068393199,False,dwarf
15.075772216660004,-33.76374133152001,,,simbad,,,,,,,,,45.664632330088935,-81.865619956351,93.74027083745757,False,dwarf
14.99097654445,-33.72016525407,,,simbad,,,,,,,,,-60.21254844488106,-16.45866166816612,62.421458923468855,False,dwarf
14.971906835640002,-33.70344278384,,,simbad,,,,,,,,,-84.02328022376052,8.641484485722772,84.46648372980596,False,dwarf
15.021,-33.77247222222222,,,simbad,,,,,,,,,-22.724799979556803,-94.97053984349036,97.65152314365022,False,dwarf
15.113041666666668,-33.77872222222222,,,simbad,,,,,,,,,92.19984094270076,-104.35168457295929,139.24828452470683,False,dwarf
15.038973666330001,-33.77022973546,,,simbad,,,,,,,,,-0.2826037021648292,-91.60460498424273,91.60504090480842,False,dwarf
15.011333333333335,-33.689416666666666,,,simbad,,,,,,,,,-34.794748686647964,29.694450117012217,45.743140512198295,False,dwarf
15.04886489123,-33.76696452656,,,simbad,,,,,,,,,12.067731869555187,-86.70358142218836,87.5393693369419,False,dwarf
15.09348936354,-33.72140789618,,,simbad,,,,,,,,,67.78653447604059,-18.32384654510588,70.2194959286951,False,dwarf
14.974445807760002,-33.78110758552,,,simbad,,,,,,,,,-80.8530805764707,-107.93207470556432,134.85752996756534,False,dwarf
15.01201662551,-33.73511008441,,,simbad,,,,,,,,,-33.941579563443184,-38.89060028848124,51.618888152109214,False,dwarf
15.089088434819999,-33.72495592438,,,simbad,,,,,,,,,62.29146717459441,-23.649377112850534,66.62972250121857,False,dwarf
15.014778431540002,-33.70637696538999,,,simbad,,,,,,,,,-30.493146068162595,4.237327400442359,30.78614786933954,False,dwarf
15.078124999999996,-33.75586111111111,,,simbad,,,,,,,,,48.60235380242745,-70.0375418513841,85.24931708653574,False,dwarf
15.028185762469999,-33.71811679244,,,simbad,,,,,,,,,-13.752546417396518,-13.383955264367975,19.19017434733851,False,dwarf
15.090123289640001,-33.78735329392,,,simbad,,,,,,,,,63.58360282253049,-117.30677781572885,133.43071111780105,False,dwarf
15.07588552557,-33.76488713819,,,simbad,,,,,,,,,45.806111578194916,-83.58545646885163,95.31384155000958,False,dwarf
15.012258024029999,-33.74977355255,,,simbad,,,,,,,,,-33.640165657820766,-60.900218985650234,69.57368337227645,False,dwarf
14.99656994241,-33.74911532491,,,simbad,,,,,,,,,-53.22854570603156,-59.912230384723046,80.1420827508945,False,dwarf
14.967166224460001,-33.73807022016,,,simbad,,,,,,,,,-89.94248027026536,-43.333714190809005,99.83717014588201,False,dwarf
15.063594230699996,-33.76386357764999,,,simbad,,,,,,,,,30.45901172047027,-82.04910933843013,87.52032757146998,False,dwarf
15.109642905130004,-33.75889971008,,,simbad,,,,,,,,,87.95609500319989,-74.59842772370284,115.33082877990795,False,dwarf
15.067357400579999,-33.733124207459994,,,simbad,,,,,,,,,35.157763523336605,-35.90983243520718,50.25519278131878,False,dwarf
15.05930291018,-33.71243862279,,,simbad,,,,,,,,,25.100802903708146,-4.861118258746355,25.567181642416525,False,dwarf
15.0677422581,-33.69520896616,,,simbad,,,,,,,,,35.63830254326194,21.00030613887016,41.36546223712892,False,dwarf
15.048842362320002,-33.695162313089995,,,simbad,,,,,,,,,12.039601925957916,21.070331611160455,24.267486246824106,False,dwarf
14.987101247959998,-33.69912419037,,,simbad,,,,,,,,,-65.05130325788976,15.123620544897465,66.78619583368993,False,dwarf
14.983792618269996,-33.700714557409995,,,simbad,,,,,,,,,-69.18250918710527,12.736506404871006,70.34513609927288,False,dwarf
15.004821383919998,-33.70589774552,,,simbad,,,,,,,,,-42.925668900663176,4.9566283536668365,43.21089232133185,False,dwarf
15.104608103129998,-33.74575157751,,,simbad,,,,,,,,,81.66956377315633,-54.86330219387292,98.38648064909054,False,dwarf
15.001991758287915,-33.77478326939278,,,simbad,,,,,,,,,-46.45878299440636,-98.43938272086783,108.85187452582906,False,dwarf
15.05576796654875,-33.74717472495362,,,simbad,,,,,,,,,20.68701790595067,-56.99942253626355,60.637338986045826,False,dwarf
15.083120665201664,-33.698273513639165,,,simbad,,,,,,,,,54.84001822400355,16.400471989687084,57.23987316804215,False,dwarf
14.99509491428,-33.722520595540004,,,simbad,,,,,,,,,-55.07028852023501,-19.993989542965274,58.58750972302998,False,dwarf
14.970222354080002,-33.755219731500006,,,simbad,,,,,,,,,-86.12654981278536,-69.07484185806356,110.40433125729574,False,dwarf
14.971184168560002,-33.73293314697,,,simbad,,,,,,,,,-84.92561345699072,-35.623053857811726,92.09430920096398,False,dwarf
14.977415749062503,-33.76482857667223,,,simbad,,,,,,,,,-77.14476617809852,-83.49755661704816,113.68006381811482,False,dwarf
14.985074672788333,-33.746994474014166,,,simbad,,,,,,,,,-67.58171619303594,-56.728868912171436,88.23521367147238,False,dwarf
14.993320797677914,-33.73109004313083,,,simbad,,,,,,,,,-57.285477801706264,-32.856586039136324,66.0392399495705,False,dwarf
14.997279300399999,-33.74009326786,,,simbad,,,,,,,,,-52.342830407315994,-46.370274713744664,69.92835098926037,False,dwarf
15.019130282209998,-33.74929701212999,,,simbad,,,,,,,,,-25.059358374942907,-60.184939841720684,65.19354589156322,False,dwarf
15.019883746390002,-33.74478456662,,,simbad,,,,,,,,,-24.118571408879685,-53.41183513562719,58.60486003191756,False,dwarf
15.020838941530833,-33.78221325963444,,,simbad,,,,,,,,,-22.92590006180128,-109.59167292815741,111.96397487065171,False,dwarf
15.024782012232917,-33.7591023351,,,simbad,,,,,,,,,-18.002521324983725,-74.90256446585519,77.0356082446169,False,dwarf
15.02591917712,-33.757707280050006,,,simbad,,,,,,,,,-16.58263975340366,-72.8086103331218,74.67313894454642,False,dwarf
15.02681487569,-33.775072529270005,,,simbad,,,,,,,,,-15.464256739929628,-98.87355692450406,100.07558890869242,False,dwarf
15.030335534940003,-33.72674587448,,,simbad,,,,,,,,,-11.068307440342247,-26.33606206432337,28.56738690622277,False,dwarf
15.035622889839999,-33.68901891183,,,simbad,,,,,,,,,-4.466434774225358,30.291473427357385,30.618987605613416,False,dwarf
15.036482847172914,-33.705463512112786,,,simbad,,,,,,,,,-3.39267881919877,5.60840538397378,6.5547296299104545,False,dwarf
15.039624525721251,-33.69486999722138,,,simbad,,,,,,,,,0.5300693462406147,21.509092806386132,21.515623320405002,False,dwarf
15.040758043809998,-33.72901901915,,,simbad,,,,,,,,,1.9453974693165441,-29.748013926765626,29.811556549443452,False,dwarf
15.04118269419,-33.76735208587,,,simbad,,,,,,,,,2.4756224663931192,-87.28530141872182,87.32040168456184,False,dwarf
15.05546389367958,-33.74657485519417,,,simbad,,,,,,,,,20.30734784380285,-56.0990281311109,59.66145601394904,False,dwarf
15.056004901000003,-33.72244802789,,,simbad,,,,,,,,,20.98285790666574,-19.88506672258672,28.908410618590754,False,dwarf
15.056410080777086,-33.78800265083222,,,simbad,,,,,,,,,21.488771609411227,-118.28145160366499,120.21759063777472,False,dwarf
15.058261648490001,-33.76464546771,,,simbad,,,,,,,,,23.80066753933336,-83.22271314890206,86.5591806753178,False,dwarf
15.058337822120002,-33.78329316433,,,simbad,,,,,,,,,23.895779105570877,-111.21259168704879,113.75081893688709,False,dwarf
15.066156963289997,-33.75053595650001,,,simbad,,,,,,,,,33.65887905612069,-62.04457447322697,70.58646726447193,False,dwarf
15.074423641930002,-33.76474831701,,,simbad,,,,,,,,,43.98078117641907,-83.37708821588419,94.26583661246205,False,dwarf
15.076238170669999,-33.70340996686,,,simbad,,,,,,,,,46.246429674967985,8.690742219961578,47.05593754262667,False,dwarf
15.080175463990003,-33.76922352701,,,simbad,,,,,,,,,51.16259468364471,-90.09430304863875,103.60788838974987,False,dwarf
15.085409316850004,-33.71350257345,,,simbad,,,,,,,,,57.69766387957752,-6.458090278982809,58.05796540710152,False,dwarf
15.088283054239998,-33.7463515456,,,simbad,,,,,,,,,61.28585659283952,-55.76384419153469,82.85869017390903,False,dwarf
15.091122068437919,-33.70430568214223,,,simbad,,,,,,,,,64.83069339431634,7.346288668125256,65.2455880744689,False,dwarf
15.096894615279997,-33.7087417221,,,simbad,,,,,,,,,72.03838418326386,0.6878674089894066,72.04166820186683,False,dwarf
15.09708753207,-33.73820980023999,,,simbad,,,,,,,,,72.27926305499653,-43.54322153989831,84.38189385079035,False,dwarf
15.10032686771,-33.76512859257,,,simbad,,,,,,,,,76.32394736739508,-83.94787542635763,113.45744017181136,False,dwarf
15.10546527754,-33.77726547668,,,simbad,,,,,,,,,82.73984492781996,-102.16513405046656,131.46709304700357,False,dwarf
15.109543159359998,-33.74602381318,,,simbad,,,,,,,,,87.83155090033284,-55.27192334920894,103.7755599564685,False,dwarf
15.114098102049999,-33.77677381916,,,simbad,,,,,,,,,93.51892241399307,-101.42716439407162,137.96107612836485,False,dwarf
15.114483711230001,-33.7855701191,,,simbad,,,,,,,,,94.00039996815912,-114.63026244543362,148.24362469422715,False,dwarf
15.119304617090002,-33.76741847748,,,simbad,,,,,,,,,100.01985718732311,-87.38495410707903,132.81604585316046,False,dwarf
15.12142483574,-33.7800881955,,,simbad,,,,,,,,,102.66719481007658,-106.4019874554325,147.85782300790254,False,dwarf
15.0184922827,-33.78083045868,,,simbad,,,,,,,,,-25.85597437778669,-107.51611198645983,110.58139874187582,False,dwarf
15.078562873240001,-33.74551816423,,,simbad,,,,,,,,,49.149089065914794,-54.51295279204582,73.3981946516196,False,dwarf
14.97430599476,-33.70979493173,,,simbad,,,,,,,,,-81.02765323908697,-0.8929825061305685,81.03257374161318,False,dwarf
14.996418800879583,-33.738075323940826,,,simbad,,,,,,,,,-53.41726334599516,-43.34137487987344,68.78865313300678,False,dwarf
15.011346910547918,-33.76010485867083,,,simbad,,,,,,,,,-34.77779596765473,-76.4073354598822,83.94984219429358,False,dwarf
15.040530971519999,-33.783565437110006,,,simbad,,,,,,,,,1.661871514860408,-111.62126854387866,111.6336392324311,False,dwarf
15.04197568094,-33.74989382549,,,simbad,,,,,,,,,3.465757921347979,-61.0807466427945,61.17899221473527,False,dwarf
15.05219114323125,-33.69871380327333,,,simbad,,,,,,,,,16.220941287687438,15.739604664733786,22.602081569198724,False,dwarf
15.086409781550001,-33.75501345199,,,simbad,,,,,,,,,58.94685949463365,-68.76521978797534,90.57255487601438,False,dwarf
15.069791666666667,-33.73477777777778,,,simbad,,,,,,,,,38.19722560666277,-38.39181363065114,54.15680380060242,False,dwarf
14.984541666666665,-33.70008333333334,,,simbad,,,,,,,,,-68.24723583604417,13.683963112044895,69.60557481777187,False,dwarf
14.99211280701,-33.73297056756,,,simbad,,,,,,,,,-58.79379353277949,-35.679221533124306,68.77293804386188,False,dwarf
14.99100421211,-33.7029868312,,,simbad,,,,,,,,,-60.17800217898156,9.325861718628925,60.89633521853756,False,dwarf
15.015125,-33.70633333333333,,,simbad,,,,,,,,,-30.060415357575945,4.302818382585505,30.366804532309676,False,dwarf
14.966708333333333,-33.72186111111112,,,simbad,,,,,,,,,-90.5142101749852,-19.00411452308837,92.48772141429397,False,dwarf
15.078291666666667,-33.77777777777778,,,simbad,,,,,,,,,48.81045636634624,-102.93408936939552,113.92053109513532,False,dwarf
15.091958333333332,-33.73452777777778,,,simbad,,,,,,,,,65.87486660740493,-38.016567841468564,76.05759318429932,False,dwarf
15.084541666666668,-33.78047222222222,,,simbad,,,,,,,,,56.6143025131757,-106.97840509720868,121.03536014816437,False,dwarf
15.075374999999998,-33.73236111111112,,,simbad,,,,,,,,,45.16866149782503,-34.76443766859427,56.998018456071584,False,dwarf
15.083309215669995,-33.75075454119,,,simbad,,,,,,,,,55.07544523932941,-62.372666411207646,83.20849826522627,False,dwarf
14.97825,-33.72363888888889,,,simbad,,,,,,,,,-76.10310762385035,-21.67252902391148,79.12889171661406,False,dwarf
14.982833333333332,-33.70311111111111,,,simbad,,,,,,,,,-70.38028711617699,9.139319665327994,70.97120527721478,False,dwarf
15.052333333333333,-33.77522222222222,,,simbad,,,,,,,,,16.398482036528094,-99.09824352445096,100.4458664293047,False,dwarf
15.01533333333333,-33.71297222222223,,,simbad,,,,,,,,,-29.800287152684408,-5.662042018953706,30.333411186459802,False,dwarf
15.025835664710005,-33.7108866721,,,simbad,,,,,,,,,-16.686914633236892,-2.531666413001732,16.87786878736935,False,dwarf
15.069662784659998,-33.71265040435999,,,simbad,,,,,,,,,38.036301550482726,-5.178998828198278,38.3872669579606,False,dwarf
15.12056377796,-33.77586029214,,,simbad,,,,,,,,,101.59206481989365,-100.05597572385638,142.59083390043838,False,dwarf
15.06196838833,-33.77481011079,,,simbad,,,,,,,,,28.4289599261587,-98.47967120600498,102.50098245054036,False,dwarf
15.07779212804,-33.759764642099995,,,simbad,,,,,,,,,48.18672475244245,-75.8966761174249,89.90142317027548,False,dwarf
15.098666666666666,-33.7455,,,simbad,,,,,,,,,74.25099480499816,-54.485688588756354,92.09723389181022,False,dwarf
15.109375,-33.76772222222222,,,simbad,,,,,,,,,87.62158453656288,-87.84086984908824,124.07078823213179,False,dwarf
15.113250000000003,-33.78425,,,simbad,,,,,,,,,92.45996914759628,-112.64878591147331,145.73467282051791,False,dwarf
15.080124999999999,-33.70319444444445,,,simbad,,,,,,,,,51.0995845694132,9.014237735597286,51.888573165201585,False,dwarf
15.08980119376,-33.75346414191,,,simbad,,,,,,,,,63.181428951802395,-66.4397314533609,91.68495449083436,False,dwarf
15.047958333333334,-33.73241666666667,,,simbad,,,,,,,,,10.935789733750246,-34.84782562174171,36.52345065384862,False,dwarf
15.069875000000001,-33.7885,,,simbad,,,,,,,,,38.30127688862415,-119.02796432751029,125.03857046227823,False,dwarf
15.037958333333332,-33.780055555555556,,,simbad,,,,,,,,,-1.55036410117055,-106.35299544858378,106.36429508877818,False,dwarf
15.03500965584,-33.73542862863,,,simbad,,,,,,,,,-5.232128180303598,-39.36872979736394,39.714884503835314,False,dwarf
15.05581521896,-33.69877401696,,,simbad,,,,,,,,,20.746017993545554,15.64922493523091,25.98644846188045,False,dwarf
15.03293952111,-33.79090315891,,,simbad,,,,,,,,,-7.816930250081886,-122.6350653743311,122.88394385720662,False,dwarf
15.01016365527,-33.69869057614,,,simbad,,,,,,,,,-36.25522671026066,15.77446820063888,39.53827652826265,False,dwarf
15.016822589100006,-33.735481190799995,,,simbad,,,,,,,,,-27.940779492460187,-39.447624729206375,48.34048257333162,False,dwarf
15.07342995991,-33.7364141039,,,simbad,,,,,,,,,42.74005451994458,-40.84791157899548,59.12075896614714,False,dwarf
15.092050353939998,-33.71098371419999,,,simbad,,,,,,,,,65.98976495248573,-2.6773249705831503,66.04405459602266,False,dwarf
15.027401291529996,-33.73556128010999,,,simbad,,,,,,,,,-14.732048900988413,-39.56783743454806,42.22140480926632,False,dwarf
14.981267850957082,-33.76435711195334,,,simbad,,,,,,,,,-72.33497249375029,-82.78989601500908,109.93868803950512,False,dwarf
14.971741220399998,-33.75701119392999,,,simbad,,,,,,,,,-84.23006996016939,-71.76379679135358,110.65598589956949,False,dwarf
14.994458333333332,-33.7055,,,simbad,,,,,,,,,-55.86513328308077,5.553637679844847,56.1405023865602,False,dwarf
15.009103475150003,-33.77167961466001,,,simbad,,,,,,,,,-37.57898391736318,-93.780849242729,101.02983577611569,False,dwarf
14.970528072659999,-33.74183627456,,,simbad,,,,,,,,,-85.7448248907815,-48.98649841248659,98.75146592465012,False,dwarf
15.11667999868,-33.77598460534999,,,simbad,,,,,,,,,96.74271826479833,-100.24256775819751,139.31161447639232,False,dwarf
15.021320237230002,-33.70358194098,,,simbad,,,,,,,,,-22.324946847811624,8.43261196245404,23.864454661000263,False,dwarf
15.014874999999996,-33.775999999999996,,,simbad,,,,,,,,,-30.372569203452144,-100.26567486856285,104.76496798485095,False,dwarf
15.042333333333334,-33.749944444444445,,,simbad,,,,,,,,,3.9123282016072984,-61.15672484082846,61.2817371262752,False,dwarf
15.092250000000002,-33.774388888888886,,,simbad,,,,,,,,,66.23904609426181,-97.84742422719161,118.159763267255,False,dwarf
15.074666666666666,-33.71786111111111,,,simbad,,,,,,,,,44.284225601185064,-13.00018189621488,46.15297787176173,False,dwarf
15.03191666666667,-33.754,,,simbad,,,,,,,,,-9.09408204310054,-67.24404542083029,67.85620069503841,False,dwarf
15.106083333333332,-33.743611111111115,,,simbad,,,,,,,,,83.51155889923133,-51.65049818163836,98.1934541208894,False,dwarf
14.998416666666666,-33.74530555555556,,,simbad,,,,,,,,,-50.92269739008997,-54.19383075274031,74.36459104398637,False,dwarf
15.111625000000002,-33.76569444444445,,,simbad,,,,,,,,,90.43096914942085,-84.7972095590921,123.969056341944,False,dwarf
15.012791666666663,-33.76536111111111,,,simbad,,,,,,,,,-32.9738512523953,-84.29688184018835,90.51651315861525,False,dwarf
15.095083333333333,-33.76502777777778,,,simbad,,,,,,,,,69.77678968081767,-83.79655412128461,109.04431604060088,False,dwarf
15.092250000000002,-33.74319444444445,,,simbad,,,,,,,,,66.23904609426181,-51.02508853300392,83.61322196446342,False,dwarf
15.114916666666666,-33.785666666666664,,,simbad,,,,,,,,,94.54099478674445,-114.77517871680942,148.6988276508688,False,dwarf
14.983749999999999,-33.74575,,,simbad,,,,,,,,,-69.23572301464154,-54.86093437793893,88.33633149605367,False,dwarf
15.0955,-33.778527777777775,,,simbad,,,,,,,,,70.29704609060869,-104.0598267369337,125.57914727209221,False,dwarf
14.989083333333333,-33.75313888888889,,,simbad,,,,,,,,,-62.576440969351495,-65.95153214700677,90.9143308666373,False,dwarf
15.112208333333331,-33.73716666666667,,,simbad,,,,,,,,,91.15932812311874,-41.977495616134284,100.36001814498142,False,dwarf
15.007125,-33.69636111111111,,,simbad,,,,,,,,,-40.049338425510996,19.270955973162085,44.44456381201938,False,dwarf
15.089791666666665,-33.715,,,simbad,,,,,,,,,63.16953327650436,-8.705702308949848,63.76659930609007,False,dwarf
15.032458333333336,-33.72038888888889,,,simbad,,,,,,,,,-8.417748710375399,-16.794333764585723,18.785849460360602,False,dwarf
15.118958333333333,-33.78775,,,simbad,,,,,,,,,99.58748196169266,-117.9022269599721,154.33276283923396,False,dwarf
15.084458333333334,-33.76094444444444,,,simbad,,,,,,,,,56.510251231214326,-77.66753956468997,96.05027431635811,False,dwarf
15.105333333333334,-33.77422222222222,,,simbad,,,,,,,,,82.57509736161467,-97.59726036773975,127.84315365152929,False,dwarf
15.00825,-33.70166666666667,,,simbad,,,,,,,,,-38.644646119083994,11.30740644724737,40.26494895355618,False,dwarf
15.012333333333334,-33.73511111111111,,,simbad,,,,,,,,,-33.54613330315509,-38.89214134954533,51.36089678292294,False,dwarf
15.004583333333333,-33.70611111111111,,,simbad,,,,,,,,,-43.222902525221876,4.6363701951848135,43.4708549638908,False,dwarf
15.033416666666666,-33.770583333333335,,,simbad,,,,,,,,,-7.221158967863214,-92.13534943636282,92.41789736084583,False,dwarf
15.085166666666666,-33.71116666666667,,,simbad,,,,,,,,,57.39468712785428,-2.9519335415473247,57.470549172058504,False,dwarf
14.989833333333333,-33.78230555555556,,,simbad,,,,,,,,,-61.63997943173084,-109.73020755119833,125.85787823403534,False,dwarf
15.01314033445,-33.71682048314,,,simbad,,,,,,,,,-32.53849929439193,-11.438216839170678,34.49038620820347,False,dwarf
14.982016072159999,-33.77778706317,,,simbad,,,,,,,,,-71.40073198953155,-102.94802658672863,125.28511765865369,False,dwarf
14.98740815609,-33.69887103541001,,,simbad,,,,,,,,,-64.66809304545126,15.503601875882511,66.5005558567822,False,dwarf
15.050758904750003,-33.78537565828,,,simbad,,,,,,,,,14.43262628717218,-114.33838002997354,115.24567605521617,False,dwarf
15.059127664489996,-33.70881526977,,,simbad,,,,,,,,,24.88198843927785,0.5774735951054044,24.888688684729868,False,dwarf
15.043089439450005,-33.778574668569995,,,simbad,,,,,,,,,4.856413930435911,-104.13020902625347,104.24339397829951,False,dwarf
15.060410095919996,-33.75962973186,,,simbad,,,,,,,,,26.483252051049465,-75.69417811952461,80.19333663334962,False,dwarf
14.993434647709996,-33.71540160993,,,simbad,,,,,,,,,-57.14332290023834,-9.30851204944716,57.89652622269843,False,dwarf
15.057934554819997,-33.72330998297001,,,simbad,,,,,,,,,23.392253351125543,-21.178846779522644,31.555365118371565,False,dwarf
15.00455571018,-33.78507392518,,,simbad,,,,,,,,,-43.25739321941387,-113.88548372904195,121.8240759141512,False,dwarf
15.022407730549997,-33.77466546435,,,simbad,,,,,,,,,-20.967085959020444,-98.26255933588502,100.47461998361216,False,dwarf
15.02280828904,-33.77961834355,,,simbad,,,,,,,,,-20.4669424664147,-105.69674759232939,107.66010489276015,False,dwarf
14.990768581909999,-33.78160641263,,,simbad,,,,,,,,,-60.4722136715168,-108.68080579579309,124.37204740116034,False,dwarf
15.02643619803,-33.75580945871,,,simbad,,,,,,,,,-15.937079491591447,-69.96001246731099,71.75230900220295,False,dwarf
14.966637999910006,-33.71006463649,,,simbad,,,,,,,,,-90.60202956932818,-1.2978048081735416,90.61132412343137,False,dwarf
15.00802627998,-33.78671667938,,,simbad,,,,,,,,,-38.92398637765098,-116.35123011386428,122.68938611198996,False,dwarf
15.060740007810002,-33.78651822287,,,simbad,,,,,,,,,26.895185112109516,-116.05335023502184,119.12905222063709,False,dwarf
15.10262250268,-33.74135304812,,,simbad,,,,,,,,,79.19031250581776,-48.26118366516852,92.73751907147508,False,dwarf
15.109508741710002,-33.78684912639999,,,simbad,,,,,,,,,87.78857649308291,-116.55003086003445,145.9134807211344,False,dwarf
15.092191846740004,-33.75540812167,,,simbad,,,,,,,,,66.16643503922701,-69.35761233011894,95.85653610440612,False,dwarf
15.066666666666666,-33.79105555555555,,,simbad,,,,,,,,,34.295302533250016,-122.8638101724453,127.5605096647776,False,dwarf
15.05825,-33.706138888888894,,,simbad,,,,,,,,,23.78612305552396,4.5946762186015455,24.22582711831138,False,dwarf
15.041208333333334,-33.72380555555556,,,simbad,,,,,,,,,2.507635895180297,-21.922692883363347,22.065645266818432,False,dwarf
15.073500000000003,-33.761694444444444,,,simbad,,,,,,,,,42.82750765378532,-78.79327693222815,89.68040979809268,False,dwarf
15.07725,-33.77280555555556,,,simbad,,,,,,,,,47.50981534187664,-95.47086756240364,106.63896617530213,False,dwarf
15.117,-33.74913888888889,,,simbad,,,,,,,,,97.14227683569156,-59.94759952014284,114.15049994217969,False,dwarf
15.007628656979994,-33.73256284615,,,simbad,,,,,,,,,-39.42046457228705,-35.06723856407734,52.76063160733438,False,dwarf
14.991999999999999,-33.71297222222223,,,simbad,,,,,,,,,-58.934646100830285,-5.662042018953706,59.206006712617494,False,dwarf
15.103791666666668,-33.78425,,,simbad,,,,,,,,,80.65014864539664,-112.64878591147331,138.5431176343795,False,dwarf
15.027666666666669,-33.764694444444444,,,simbad,,,,,,,,,-14.40069742294029,-83.29622640237133,84.53189586861389,False,dwarf
15.099166666666667,-33.75688888888889,,,simbad,,,,,,,,,74.87530249674657,-71.5802189846786,103.58589997617362,False,dwarf
15.075022335369999,-33.73694140615,,,simbad,,,,,,,,,44.72831901559498,-41.639383374749926,61.11023457482581,False,dwarf
15.049125000000002,-33.70144444444445,,,simbad,,,,,,,,,12.392507681161907,11.640958259856227,17.002533806329332,False,dwarf
15.036999999999999,-33.69944444444444,,,simbad,,,,,,,,,-2.7469538436867054,14.642924573297744,14.898355462219046,False,dwarf
14.82802724078,-33.63700334454,,,simbad,,,,,,,,,-263.6735557365789,108.36596381662767,285.07354508736415,False,dwarf
14.68965422624,-33.642458410770004,,,simbad,,,,,,,,,-436.4482303514067,100.17800128662402,447.7975990541457,False,dwarf
14.967458333333333,-33.68069444444444,,,simbad,,,,,,,,,-89.57774863736852,42.786358761704555,99.27157471816828,False,dwarf
14.631226397960003,-33.62843735855999,,,simbad,,,,,,,,,-509.4021155658491,121.22336449327142,523.6273669720016,False,dwarf
14.9411883317,-33.63205591746,,,simbad,,,,,,,,,-122.37887680111298,115.79196853277995,168.47661399671554,False,dwarf
14.951074737529998,-33.616472374589996,,,simbad,,,,,,,,,-110.03455839432931,139.18260390260807,177.4243536557069,False,dwarf
14.924043137980002,-33.55053114467001,,,simbad,,,,,,,,,-143.78662943285545,238.1592793455838,278.19855704526776,False,dwarf
14.55528038024,-33.62657905376,,,simbad,,,,,,,,,-604.2294816060145,124.0126486981099,616.8244511033863,False,dwarf
14.612991722240002,-33.60699046098,,,simbad,,,,,,,,,-532.170212182832,153.41479652463974,553.8422469687708,False,dwarf
14.71030039005,-33.56514404904,,,simbad,,,,,,,,,-410.6691126081426,216.22555601553884,464.11486845886355,False,dwarf
14.82411857826,-33.59485171803999,,,simbad,,,,,,,,,-268.55397188792875,171.6348452212899,318.71579175013994,False,dwarf
14.80680102579,-33.65592048414,,,simbad,,,,,,,,,-290.17693430640475,79.97165590379839,300.99521416703465,False,dwarf
14.593517399790002,-33.65806417238,,,simbad,,,,,,,,,-556.4861507769904,76.75401596230213,561.7544080583014,False,dwarf
14.816314057610004,-33.64670365711001,,,simbad,,,,,,,,,-278.29881643229777,93.80595803416658,293.6831438648218,False,dwarf
14.84742087785,-33.67671536417999,,,simbad,,,,,,,,,-239.4583621491122,48.758891217858704,244.3721274530513,False,dwarf
14.81859012494,-33.67226972576999,,,simbad,,,,,,,,,-275.4568837501998,55.43171959211457,280.97894999858954,False,dwarf
14.91411195642,-33.63241815962,,,simbad,,,,,,,,,-156.18685550492717,115.24824915196218,194.10433474064857,False,dwarf
14.86390270962,-33.64654499942,,,simbad,,,,,,,,,-218.87889345296145,94.04410055455314,238.22733438526268,False,dwarf
14.83957144322,-33.65905179343,,,simbad,,,,,,,,,-249.25928697984662,75.27161340104183,260.3766654861711,False,dwarf
14.87205588398,-33.65898759557,,,simbad,,,,,,,,,-208.69871452277067,75.36797330760292,221.8907047263415,False,dwarf
14.804971120170002,-33.60688002269,,,simbad,,,,,,,,,-292.46178261387274,153.58056253778352,330.33450240492016,False,dwarf
14.73074237478,-33.623282144630004,,,simbad,,,,,,,,,-385.14493600515107,128.9612537714553,406.1620695051639,False,dwarf
14.682696147339996,-33.50956712997999,,,simbad,,,,,,,,,-445.13619470550424,299.6455754267353,536.5945421915097,False,dwarf
14.94144310816,-33.673102053470004,,,simbad,,,,,,,,,-122.06075899380488,54.182409733529944,133.54610593602436,False,dwarf
14.902361273720002,-33.64148458558,,,simbad,,,,,,,,,-170.85893869068016,101.63969649439908,198.8049416739412,False,dwarf
14.950018138179999,-33.58547417276,,,simbad,,,,,,,,,-111.35384459692558,185.71038273788164,216.53642872081997,False,dwarf
14.849100307999997,-33.66834658608,,,simbad,,,,,,,,,-237.3613998283256,61.32028618823049,245.1542608780617,False,dwarf
14.965074654280002,-33.61439996634,,,simbad,,,,,,,,,-92.55404697266499,142.29325377968593,169.7457560065299,False,dwarf
14.853540000000004,-33.4797,,,simbad,,,,,,,,,-231.81793209914946,344.47563446612037,415.21442217673757,False,dwarf
14.962866732000002,-33.62749254403,,,simbad,,,,,,,,,-95.31089269702882,122.64151518901456,155.3225917713255,False,dwarf
14.70403527158,-33.5731634482,,,simbad,,,,,,,,,-418.4918359091842,204.18857294940707,465.64835449699046,False,dwarf
14.70751811962,-33.64195748811,,,simbad,,,,,,,,,-414.1430982680758,100.92987776210127,426.26440863407043,False,dwarf
14.747086786919999,-33.53335465868,,,simbad,,,,,,,,,-364.7370515730129,263.9408955081439,450.219849753224,False,dwarf
14.76026746861,-33.53600257785,,,simbad,,,,,,,,,-348.279449649966,259.9664134336306,434.60454572177287,False,dwarf
14.76183291135,-33.52893984248,,,simbad,,,,,,,,,-346.3248137628248,270.5674602643313,439.48563933505926,False,dwarf
14.77005684215,-33.64562445622,,,simbad,,,,,,,,,-336.0562872531694,95.42582039279068,349.34211798754217,False,dwarf
14.782698699540004,-33.64671712626,,,simbad,,,,,,,,,-320.27146964009654,93.78574106689675,333.720810697946,False,dwarf
14.783091999580002,-33.55902401313999,,,simbad,,,,,,,,,-319.7803891598279,225.41162681994464,391.24148399271894,False,dwarf
14.7980867764,-33.63427382493,,,simbad,,,,,,,,,-301.0576801503452,112.46292677716153,321.37771652184097,False,dwarf
14.80243775003,-33.61477325137,,,simbad,,,,,,,,,-295.6249875427596,141.73295923699314,327.84503197964113,False,dwarf
14.807174183859997,-33.47971412988,,,simbad,,,,,,,,,-289.71100339973077,344.45442575422925,450.0903430563187,False,dwarf
14.80963779725,-33.63176042087,,,simbad,,,,,,,,,-286.6348978219979,116.2355039372338,309.30608953748373,False,dwarf
14.820212137229996,-33.52375816279999,,,simbad,,,,,,,,,-273.4316142526981,278.3450741875182,390.18050694171194,False,dwarf
14.82058027808,-33.66962573654,,,simbad,,,,,,,,,-272.9719479240916,59.400302892865355,279.360126605851,False,dwarf
14.831194996379995,-33.62736456664,,,simbad,,,,,,,,,-259.7182473632798,122.83360709584512,287.3006492259115,False,dwarf
14.83285740477,-33.64908647123,,,simbad,,,,,,,,,-257.6425386738762,90.22939417447961,272.98538661879576,False,dwarf
14.85017325851875,-33.65675094914916,,,simbad,,,,,,,,,-236.0216973048853,78.725141912797,248.80492271630987,False,dwarf
14.852014100273333,-33.6001612271564,,,simbad,,,,,,,,,-233.7231939715385,163.66536146712818,285.3294270565571,False,dwarf
14.859679128520003,-33.6312714514,,,simbad,,,,,,,,,-224.15252178784266,116.96943887585421,252.83631593341465,False,dwarf
14.883150958360002,-33.64365042751,,,simbad,,,,,,,,,-194.8452339709125,98.3888042373664,218.27739690686812,False,dwarf
14.8907652765,-33.65754113133001,,,simbad,,,,,,,,,-185.3378792065056,77.53909176861518,200.90405725387177,False,dwarf
14.892759320691667,-33.6106425566725,,,simbad,,,,,,,,,-182.84808495342764,147.93306240348093,235.1969666539262,False,dwarf
14.898333985140004,-33.57065116573,,,simbad,,,,,,,,,-175.8874731654262,207.9594666217881,272.36655994107855,False,dwarf
14.91086793456,-33.653246554919996,,,simbad,,,,,,,,,-160.23739110370758,83.98517862526766,180.9130502104275,False,dwarf
14.918464075229998,-33.66509820862,,,simbad,,,,,,,,,-150.75273300797608,66.1960460423403,164.64599303054342,False,dwarf
14.91934468964,-33.65911006362,,,simbad,,,,,,,,,-149.6531843087225,75.18415082731767,167.47755703187613,False,dwarf
14.931341870040002,-33.515293861523055,,,simbad,,,,,,,,,-134.67332030275114,291.0498478375618,320.6975477418486,False,dwarf
14.933867687969999,-33.46995614093,,,simbad,,,,,,,,,-131.51954517945614,359.1010028115902,382.4276676503685,False,dwarf
14.93705980146,-33.63740615478,,,simbad,,,,,,,,,-127.53382316998926,107.76135243102503,166.96522131904499,False,dwarf
14.94385362686,-33.679229210849996,,,simbad,,,,,,,,,-119.05094826278902,44.98564970761687,127.26679441977659,False,dwarf
14.944928241290002,-33.51830739199001,,,simbad,,,,,,,,,-117.70916815416581,286.5265893644253,309.7627070522785,False,dwarf
14.95511931375,-33.66356247618,,,simbad,,,,,,,,,-104.9844383063282,68.50115456800498,125.3560547546266,False,dwarf
14.95658237572,-33.63127955211,,,simbad,,,,,,,,,-103.15763662358404,116.95727984658788,155.9503231893941,False,dwarf
14.95712817302,-33.673011659900006,,,simbad,,,,,,,,,-102.47614571853691,54.31808895957113,115.98196079367987,False,dwarf
14.958285498342082,-33.521073096303894,,,simbad,,,,,,,,,-101.03109151767961,282.37531377282176,299.90515047520154,False,dwarf
14.962071528468753,-33.543750529419725,,,simbad,,,,,,,,,-96.30379605915353,248.33686862842708,266.3561928237744,False,dwarf
14.962492850890001,-33.6434920284,,,simbad,,,,,,,,,-95.77772640257287,98.62655863352043,137.47934733165323,False,dwarf
14.966724447069998,-33.57510207912001,,,simbad,,,,,,,,,-90.49409031550137,201.27872059138795,220.68598447780082,False,dwarf
14.97698829568,-33.63152134162,,,simbad,,,,,,,,,-77.67849104721796,116.59435786460249,140.10065045256468,False,dwarf
14.984476603219997,-33.67536913229,,,simbad,,,,,,,,,-68.3284750564567,50.779562609767126,85.13133666506174,False,dwarf
14.986449490520004,-33.66043910874,,,simbad,,,,,,,,,-65.86509762377376,73.18927648767648,98.46258821389371,False,dwarf
14.3951966131,-33.66269632986,,,simbad,,,,,,,,,-804.1125359043942,69.801225605578,807.1364082326088,False,dwarf
14.458588984519999,-33.66798792761,,,simbad,,,,,,,,,-724.9598457533338,61.858626510719276,727.5941640973284,False,dwarf
14.463292347156251,-33.62499760670084,,,simbad,,,,,,,,,-719.0871548115666,126.38637409714381,730.1094793059581,False,dwarf
14.50305081499625,-33.63222977538139,,,simbad,,,,,,,,,-669.444120242465,115.53101072110917,679.3400065986465,False,dwarf
14.520605148319996,-33.5229725273,,,simbad,,,,,,,,,-647.5255096074873,279.52429984032955,705.2822979443498,False,dwarf
14.549519129686667,-33.62512806452583,,,simbad,,,,,,,,,-611.4230676750568,126.19055909916722,624.309398368259,False,dwarf
14.565313598320003,-33.67406523419,,,simbad,,,,,,,,,-591.701851165389,52.73669169593931,594.0473376117267,False,dwarf
14.637072926999998,-33.52475567234,,,simbad,,,,,,,,,-502.10204946647787,276.8478291693095,573.3682835614441,False,dwarf
14.699122075349996,-33.54636231655,,,simbad,,,,,,,,,-424.6265283040827,244.41662013695864,489.946091665963,False,dwarf
14.42880035013,-33.58466358908,,,simbad,,,,,,,,,-762.1543929059088,186.92705518866683,784.7426601041142,False,dwarf
14.516613931359997,-33.56851490933,,,simbad,,,,,,,,,-652.5090045025979,211.16595149661356,685.827281484516,False,dwarf
14.61257771214,-33.63676652032001,,,simbad,,,,,,,,,-532.6871515626169,108.72143298193104,543.6689722887807,False,dwarf
14.650623760499997,-33.67385294334,,,simbad,,,,,,,,,-485.18227029923816,53.05533668611506,488.0744862862635,False,dwarf
14.68252796728,-33.58965932494999,,,simbad,,,,,,,,,-445.3461869156097,179.4285397924187,480.13313475775936,False,dwarf
14.745680571759998,-33.64217164417,,,simbad,,,,,,,,,-366.4928734542902,100.60843312313762,380.05142166327335,False,dwarf
14.77350419584,-33.57840674006,,,simbad,,,,,,,,,-331.7518684034973,196.31848018180565,385.48702682464614,False,dwarf
14.825259284730835,-33.680568119881386,,,simbad,,,,,,,,,-267.12966824039677,42.97596980312268,270.5645831123197,False,dwarf
14.850475822093744,-33.55761376729972,,,simbad,,,,,,,,,-235.64391177066275,227.52838207301872,327.5625402932171,False,dwarf
14.860072571439998,-33.53951446746,,,simbad,,,,,,,,,-223.66126290541112,254.6951262807753,338.96012726517483,False,dwarf
14.910418102248748,-33.50108031432722,,,simbad,,,,,,,,,-160.79905864752757,312.38414277568904,351.340561164852,False,dwarf
14.920427478334998,-33.673690957376664,,,simbad,,,,,,,,,-148.30119768707738,53.29847488871087,157.58798387213457,False,dwarf
14.951811343980001,-33.676607893649994,,,simbad,,,,,,,,,-109.1148202492767,48.92020267322739,119.57938880769382,False,dwarf
14.96727144777625,-33.67077362823332,,,simbad,,,,,,,,,-89.81109681889433,57.67733679545972,106.73663050532232,False,dwarf
14.980012054357498,-33.63491965378667,,,simbad,,,,,,,,,-73.90297944652606,111.49354854117699,133.7627068258468,False,dwarf
14.956166666666666,-33.65522222222222,,,simbad,,,,,,,,,-103.67669734263511,81.01973528136219,131.57908297650644,False,dwarf
14.986624999999998,-33.67366666666666,,,simbad,,,,,,,,,-65.64595378710499,53.334934835285395,84.58136037273735,False,dwarf
14.853791666666666,-33.64311111111111,,,simbad,,,,,,,,,-231.5036972276431,99.19830906823934,251.86160158322306,False,dwarf
14.597065733099997,-33.49194897184,,,simbad,,,,,,,,,-552.0556472203716,326.09013404719644,641.170970296396,False,dwarf
14.86842426508,-33.61589623724001,,,simbad,,,,,,,,,-213.23320974829247,140.04737636088737,255.1110922032347,False,dwarf
14.960359541310003,-33.60301323367,,,simbad,,,,,,,,,-98.44140956190988,159.38454772737808,187.33431391711594,False,dwarf
14.786668272280004,-33.67257773346001,,,simbad,,,,,,,,,-315.31500005104067,54.969405237258904,320.07059341546164,False,dwarf
14.927916666666668,-33.64972222222222,,,simbad,,,,,,,,,-138.95008192628396,89.2751426432834,165.15803450422757,False,dwarf
14.966333333333333,-33.63922222222222,,,simbad,,,,,,,,,-90.98244094379552,105.03546578879886,138.96133862899126,False,dwarf
14.7920471636,-33.66426045496001,,,simbad,,,,,,,,,-308.5988336027624,67.45350017547102,315.88481252967466,False,dwarf
14.94791666666666,-33.516666666666666,,,simbad,,,,,,,,,-113.97777425645032,288.98929043955656,310.65373490948525,False,dwarf
14.870367205619996,-33.63877060532,,,simbad,,,,,,,,,-210.80722430084265,105.71333515232872,235.82831688848216,False,dwarf
14.93588524106,-33.64305033073,,,simbad,,,,,,,,,-129.00039735426952,99.28953939655139,162.786716752746,False,dwarf
14.904524078799998,-33.66305662448,,,simbad,,,,,,,,,-168.15842699630244,69.26042944950117,181.8633103663301,False,dwarf
14.862309780500002,-33.57817069186,,,simbad,,,,,,,,,-220.8678492570035,196.67278455416937,295.74108781112096,False,dwarf
14.82674610747,-33.65794785084,,,simbad,,,,,,,,,-265.27319849574855,76.92861263460804,276.2026091152116,False,dwarf
14.912500000000005,-33.50972222222223,,,simbad,,,,,,,,,-158.1995690884522,299.4127845833971,338.6371498104656,False,dwarf
14.914777438570002,-33.54848213121999,,,simbad,,,,,,,,,-155.35592425499397,241.23481402194113,286.9315226623313,False,dwarf
14.551314774419996,-33.63069633187,,,simbad,,,,,,,,,-609.1809980377351,117.83268360349064,620.4724246051966,False,dwarf
14.689958333333331,-33.53666666666666,,,simbad,,,,,,,,,-436.0685175564444,258.969627305256,507.16961647016893,False,dwarf
14.350041666666666,-33.63347222222222,,,simbad,,,,,,,,,-860.4936966618178,113.66611893992173,867.9685412442002,False,dwarf
14.873459390160003,-33.63365773105001,,,simbad,,,,,,,,,-206.9462751155944,113.38767331398626,235.97356895164882,False,dwarf
14.912374999999997,-33.678888888888885,,,simbad,,,,,,,,,-158.35564601139825,45.49646723910139,164.76176484526346,False,dwarf
14.969,-33.62391666666667,,,simbad,,,,,,,,,-87.6527999211505,128.00884688184476,155.142767198593,False,dwarf
14.968791666666666,-33.666777777777774,,,simbad,,,,,,,,,-87.912928126046,63.67504102598809,108.55042045683929,False,dwarf
14.566666666666666,-33.47833333333333,,,simbad,,,,,,,,,-590.0123892128295,346.5269781136295,684.2481757266111,False,dwarf
14.693333333333337,-33.56055555555555,,,simbad,,,,,,,,,-431.85444063715147,223.11280745039585,486.08392562028257,False,dwarf
14.78,-33.48444444444444,,,simbad,,,,,,,,,-323.64110740116865,337.35430326703874,467.4949115580232,False,dwarf
14.910833333333333,-33.619166666666665,,,simbad,,,,,,,,,-160.28059472761228,135.13851687625643,209.6480092673225,False,dwarf
14.791512051139996,-33.59090592255,,,simbad,,,,,,,,,-309.26698325221975,177.55741779160616,356.6128202164804,False,dwarf
14.83046939535,-33.6108759036,,,simbad,,,,,,,,,-260.6242439716091,147.58281259564288,299.5090701788736,False,dwarf
14.925602354472499,-33.676267143837215,,,simbad,,,,,,,,,-141.83976773412726,49.431662402861896,150.2065543136573,False,dwarf
14.98126491118,-33.63833606388,,,simbad,,,,,,,,,-72.33864314463696,106.36557453466477,128.63325673439377,False,dwarf
14.709557832489999,-33.50874639604,,,simbad,,,,,,,,,-411.5962814006864,300.87748324680086,509.84189587341876,False,dwarf
14.81190275366,-33.65909406611999,,,simbad,,,,,,,,,-283.8068384055311,75.20816280537824,293.60277464340066,False,dwarf
14.958102967710001,-33.56684196919,,,simbad,,,,,,,,,-101.25900207285422,213.6770064689384,236.45559539650787,False,dwarf
14.885879313830001,-33.63753784688,,,simbad,,,,,,,,,-191.4385673594346,107.56368480705447,219.5875027452704,False,dwarf
14.93845328009,-33.64898009563001,,,simbad,,,,,,,,,-125.79390431600297,90.3890621583503,154.9009003231738,False,dwarf
14.52048157112,-33.5277536104,,,simbad,,,,,,,,,-647.6798100004513,272.34797463637636,702.6112407090831,False,dwarf
14.745360601780002,-33.65072435648,,,simbad,,,,,,,,,-366.89239289357005,87.7709560016029,377.2449717101675,False,dwarf
14.398097785970002,-33.68941693528,,,simbad,,,,,,,,,-800.490086828739,29.69404693292499,801.0406453697195,False,dwarf
14.79727619669,-33.62450504356,,,simbad,,,,,,,,,-302.0697824457991,127.12570307515847,327.73022114111745,False,dwarf
14.9085344867,-33.67566839279,,,simbad,,,,,,,,,-163.1509699982801,50.33037763979187,170.7377694733762,False,dwarf
14.970890596210003,-33.65528381365,,,simbad,,,,,,,,,-85.29217240937014,80.92728758566481,117.57542494196063,False,dwarf
14.975912819140001,-33.67418455753,,,simbad,,,,,,,,,-79.02134759964663,52.55758937239974,94.90349612686545,False,dwarf
14.922525790510004,-33.64642452854,,,simbad,,,,,,,,,-145.68121282599748,94.22492531630544,173.49741301044494,False,dwarf
14.695703028990001,-33.6482324317,,,simbad,,,,,,,,,-428.8956021860459,91.51129312417838,438.54960305966557,False,dwarf
14.81952421889,-33.67510261861,,,simbad,,,,,,,,,-274.2905596746013,51.17959515448489,279.0244829522725,False,dwarf
14.76689183383,-33.67541863117,,,simbad,,,,,,,,,-340.00816533040097,50.70526562461386,343.76820163215785,False,dwarf
14.740642369800002,-33.55821838309,,,simbad,,,,,,,,,-372.7836499266829,226.62086395552473,436.2621524182543,False,dwarf
14.827334505729999,-33.57603698821,,,simbad,,,,,,,,,-264.53851537669385,199.87543779425243,331.5581649592562,False,dwarf
14.9054028247,-33.63292473576,,,simbad,,,,,,,,,-167.06121134737873,114.48788689823263,202.52635528067958,False,dwarf
14.880434978750001,-33.55978958633,,,simbad,,,,,,,,,-198.23644789320923,224.26251435651113,299.31816620249,False,dwarf
14.52647894593,-33.67716974763,,,simbad,,,,,,,,,-640.1913955521176,48.07686931269672,641.9940874352956,False,dwarf
14.948503355909999,-33.61727294160999,,,simbad,,,,,,,,,-113.24522504188923,137.9809662897713,178.5027396233658,False,dwarf
14.949958333333333,-33.66788888888888,,,simbad,,,,,,,,,-111.42851784847991,62.00728196297245,127.5194793211789,False,dwarf
14.923127628459996,-33.674937464559996,,,simbad,,,,,,,,,-144.92974870326708,51.42748860180446,153.783674826299,False,dwarf
14.685485641770004,-33.519477867460004,,,simbad,,,,,,,,,-441.65318904802973,284.76972539860543,525.5010332053514,False,dwarf
14.960249999999997,-33.60088888888889,,,simbad,,,,,,,,,-98.57818452671016,162.57315346288138,190.1254551380422,False,dwarf
14.479541666666666,-33.52583333333333,,,simbad,,,,,,,,,-698.7980044995841,275.2302781696656,751.0461750877587,False,dwarf
14.704300060531668,-33.555835502150835,,,simbad,,,,,,,,,-418.1612163507523,230.1975281096742,477.33605018660063,False,dwarf
14.79750402317,-33.49776267968,,,simbad,,,,,,,,,-301.78531479810425,317.3638565012984,437.94313973524874,False,dwarf
14.629625,-33.57888888888889,,,simbad,,,,,,,,,-511.40164569379886,195.59478291060438,547.5298734499993,False,dwarf
15.508333333333336,-33.47805555555556,,,simbad,,,,,,,,,585.7670969089569,346.9439178793858,680.8033298792283,False,dwarf
15.45458333333333,-33.72666666666667,,,simbad,,,,,,,,,518.6540200462457,-26.21717247062838,519.3162164254898,False,dwarf
15.374474927149999,-33.68865842897999,,,simbad,,,,,,,,,418.62943173869877,30.832552113498668,419.7633230615765,False,dwarf
15.518882598409999,-33.50415090258,,,simbad,,,,,,,,,598.9390715682127,307.77524152705604,673.3896425904028,False,dwarf
15.512778710714585,-33.88334849587472,,,simbad,,,,,,,,,591.3176634926107,-261.3939590752261,646.5163424070433,False,dwarf
15.33246109177,-33.605893490259994,,,simbad,,,,,,,,,366.1703105637258,155.06133109877496,397.6489818174558,False,dwarf
15.324364991890006,-33.72270739351,,,simbad,,,,,,,,,356.0613957072752,-20.274370149630847,356.6381465827472,False,dwarf
15.341374999999998,-33.70608333333334,,,simbad,,,,,,,,,377.3003535067388,4.678064171748986,377.32935353707256,False,dwarf
15.266026033300001,-33.55342274238,,,simbad,,,,,,,,,283.2184745548834,233.819039886896,367.2656364851264,False,dwarf
15.35262387924,-33.79657321371,,,simbad,,,,,,,,,391.3458771728507,-131.14572212678178,412.73574598324166,False,dwarf
15.414041666666664,-33.795944444444444,,,simbad,,,,,,,,,468.03307137383337,-130.20195004972555,485.8060350555302,False,dwarf
15.585083333333337,-33.95461111111111,,,simbad,,,,,,,,,681.5983275919804,-368.357944248525,774.7669683635099,False,dwarf
15.412987856710002,-33.94407037073,,,simbad,,,,,,,,,466.71726805066834,-352.5364704771685,584.8991120810314,False,dwarf
15.41585614308,-33.93602937009,,,simbad,,,,,,,,,470.29865453650893,-340.4670639533851,580.6019687323571,False,dwarf
15.574750000000002,-33.70033333333333,,,simbad,,,,,,,,,668.695968629226,13.308717322871866,668.8283938483464,False,dwarf
15.309584674839998,-33.65775710764,,,simbad,,,,,,,,,337.6064644657457,77.21491496507072,346.3239349830212,False,dwarf
15.291083333333331,-33.723527777777775,,,simbad,,,,,,,,,314.50540484527795,-21.505753117597504,315.2398247272182,False,dwarf
15.366799590603751,-33.63353302630778,,,simbad,,,,,,,,,409.04588845357466,113.5748530316274,424.5206545056789,False,dwarf
15.36663432915,-33.90321351850999,,,simbad,,,,,,,,,408.8395404601225,-291.2110234585392,501.9498281974146,False,dwarf
15.341181277269998,-33.75348271186999,,,simbad,,,,,,,,,377.0584683259287,-66.46760465053103,382.8720817770273,False,dwarf
15.34133870375,-33.7457927547,,,simbad,,,,,,,,,377.25503345062833,-54.92510846250687,381.2323803186881,False,dwarf
15.473396635890003,-33.70852115867,,,simbad,,,,,,,,,542.1445990327996,1.0189294024061102,542.1455565413796,False,dwarf
15.506651636669998,-33.72144968209,,,simbad,,,,,,,,,583.6673045847463,-18.3865664921965,583.9568376760349,False,dwarf
15.37768320592,-33.76993254977,,,simbad,,,,,,,,,422.63533796545374,-91.15853426913078,432.3546082410474,False,dwarf
15.359589102610002,-33.697929535220005,,,simbad,,,,,,,,,400.0427622220936,16.916777803118734,400.40028593586516,False,dwarf
15.30062939995,-33.69661403886,,,simbad,,,,,,,,,326.4247704746908,18.891315682217247,326.9709659704662,False,dwarf
15.309111210200001,-33.69291624953,,,simbad,,,,,,,,,337.0152892327051,24.441635183625188,337.90042720756253,False,dwarf
15.351978337420002,-33.66755394902,,,simbad,,,,,,,,,390.5398437257129,62.51002106468317,395.51090031857706,False,dwarf
15.34748715962,-33.65115803669,,,simbad,,,,,,,,,384.932090034633,87.12000931098896,394.66772095115357,False,dwarf
15.27953951463,-33.6356231734,,,simbad,,,,,,,,,300.0916152280555,110.43757745114813,319.7677845616435,False,dwarf
15.27787976203,-33.54739995795,,,simbad,,,,,,,,,298.0192225989048,242.85913787284997,384.4424766942377,False,dwarf
15.35046742831,-33.56389946876,,,simbad,,,,,,,,,388.65329936790897,218.09365005300262,445.663805242251,False,dwarf
15.39288549825,-33.47129357284,,,simbad,,,,,,,,,441.61715403303606,357.09354004143523,567.9273783465298,False,dwarf
15.281890788209997,-33.506356659850006,,,simbad,,,,,,,,,303.02745159083764,304.4644370169778,429.5628357128939,False,dwarf
15.276264629140002,-33.47068811220001,,,simbad,,,,,,,,,296.0025428260686,358.0023262641132,464.52467207890595,False,dwarf
15.447670364534584,-33.84605137124029,,,simbad,,,,,,,,,510.02238085852986,-205.41160320504613,549.8333890442364,False,dwarf
15.280806347819997,-33.632655538769995,,,simbad,,,,,,,,,301.67340263740294,114.89194704607475,322.81109236652117,False,dwarf
15.53578846635,-33.94263267547722,,,simbad,,,,,,,,,620.0479983493863,-350.37851411825716,712.197039738862,False,dwarf
15.578692555958336,-33.840505027214725,,,simbad,,,,,,,,,673.6187046490794,-197.08663424132644,701.8584619776825,False,dwarf
15.38640920054583,-33.91549668390861,,,simbad,,,,,,,,,433.5307490915343,-309.6478478330049,532.7576372755989,False,dwarf
15.477330902772495,-33.792048882808885,,,simbad,,,,,,,,,547.0569851850432,-124.35477764879744,561.0128837770399,False,dwarf
15.391594789359589,-33.75482711644361,,,simbad,,,,,,,,,440.0055550568595,-68.48553327133433,445.3034434499177,False,dwarf
15.36223221149,-33.6956727174,,,simbad,,,,,,,,,403.3429886299032,20.30422333872717,403.85372099597043,False,dwarf
15.509357230720418,-33.54029368592444,,,simbad,,,,,,,,,587.0455509375838,253.52553249024922,639.4510727960942,False,dwarf
15.43524395615458,-33.49880278964389,,,simbad,,,,,,,,,494.5065761937001,315.80266896436825,586.7436234198324,False,dwarf
15.319247556,-33.51344966765,,,simbad,,,,,,,,,349.6716865309807,293.8179517787409,456.7266985286441,False,dwarf
15.29352921171,-33.46815504929,,,simbad,,,,,,,,,317.5593662125387,361.80441102694317,481.4004392476834,False,dwarf
15.3415800712,-33.45812152857,,,simbad,,,,,,,,,377.55640856177206,376.8645566302178,533.4564046762906,False,dwarf
15.320376491259996,-33.4824508576,,,simbad,,,,,,,,,351.08129246357805,340.34664354199526,488.9723015552092,False,dwarf
15.41465034937,-33.44371759456,,,simbad,,,,,,,,,468.7930819608845,398.4846189696547,615.2698149997085,False,dwarf
15.287999999999998,-33.59877777777778,,,simbad,,,,,,,,,310.6555074128459,165.74189568260823,352.10399070501506,False,dwarf
15.25421447402,-33.53757321421,,,simbad,,,,,,,,,268.4703799348442,257.60891471194844,372.0735113407396,False,dwarf
15.256956922780004,-33.41517104065,,,simbad,,,,,,,,,271.8946436450266,441.3325155708192,518.3638553592673,False,dwarf
15.27751515886,-33.555404976439995,,,simbad,,,,,,,,,297.56397347197293,230.84373995017503,376.6074223679255,False,dwarf
15.281608981430002,-33.479236813119996,,,simbad,,,,,,,,,302.67558331016403,345.170870171416,459.08108036276184,False,dwarf
15.28867691154,-33.72682654454,,,simbad,,,,,,,,,311.5007095749547,-26.457146465630245,312.622252350667,False,dwarf
15.298139625560001,-33.73612376624,,,simbad,,,,,,,,,323.31599986991404,-40.412119641572765,325.8318204009655,False,dwarf
15.24788378149,-33.50145056385,,,simbad,,,,,,,,,260.56577985372917,311.8284044782178,406.3637280444861,False,dwarf
15.436334644042917,-33.64185249281361,,,simbad,,,,,,,,,495.86842586966685,101.0874739335228,506.0673602997154,False,dwarf
15.303808571739998,-33.77854105870001,,,simbad,,,,,,,,,330.3943332784483,-104.0797611775095,346.4000752731988,False,dwarf
15.312701785660002,-33.83404260106,,,simbad,,,,,,,,,341.4985369876515,-187.38664143156504,389.53177553533203,False,dwarf
15.312907349570002,-33.71163421605,,,simbad,,,,,,,,,341.75520724796894,-3.65371729086017,341.77473770181393,False,dwarf
15.313285177739997,-33.65999599717,,,simbad,,,,,,,,,342.2269693133421,73.8543794907911,350.1053668474178,False,dwarf
15.316086155869998,-33.61889651957,,,simbad,,,,,,,,,345.7243136952862,135.54400311818537,371.3454966219185,False,dwarf
15.324223091190003,-33.65411683539,,,simbad,,,,,,,,,355.88421631032367,82.67890229817998,365.3619798282865,False,dwarf
15.35584966036,-33.89079411721,,,simbad,,,,,,,,,395.3736371030626,-272.5697112907599,480.2234484375294,False,dwarf
15.35809981382875,-33.883489569815275,,,simbad,,,,,,,,,398.1832133393601,-261.60570868384815,476.4319659733557,False,dwarf
15.366507021699999,-33.59030546878,,,simbad,,,,,,,,,408.6805824196188,178.45868878675765,445.9454249684906,False,dwarf
15.372111680050832,-33.85183781951167,,,simbad,,,,,,,,,415.6786450556877,-214.09696459759274,467.5748562585838,False,dwarf
15.372658081379996,-33.72137679626,,,simbad,,,,,,,,,416.3608901608419,-18.27716608901686,416.7618572467665,False,dwarf
15.37850897679,-33.95837312844,,,simbad,,,,,,,,,423.6664081769756,-374.0046688944532,565.1307085731842,False,dwarf
15.382429969399999,-33.70198906088,,,simbad,,,,,,,,,428.5622198683791,10.823498163217593,428.69887381587796,False,dwarf
15.38700408319166,-33.61418655907139,,,simbad,,,,,,,,,434.27352871449335,142.6135744953916,457.09094212474884,False,dwarf
15.38716719344,-33.727761303840005,,,simbad,,,,,,,,,434.4771906797742,-27.86020443052162,435.36952145493524,False,dwarf
15.29078507429,-33.57232438043,,,simbad,,,,,,,,,314.1329940155094,205.44799953952398,375.35106026750515,False,dwarf
15.407661817169997,-33.61762726131,,,simbad,,,,,,,,,460.0670931479314,137.4491383879699,480.16038553923073,False,dwarf
15.437560018002081,-33.860767172774445,,,simbad,,,,,,,,,497.3984466456105,-227.49977344537277,546.956453150671,False,dwarf
15.453702686491667,-33.53170183233583,,,simbad,,,,,,,,,517.5544308523209,266.4217600117225,582.1023476181948,False,dwarf
15.462550960500002,-33.75856166255,,,simbad,,,,,,,,,528.6025218964809,-74.0910240750039,533.7697125201114,False,dwarf
15.466287528441661,-33.64873884173611,,,simbad,,,,,,,,,533.2680581099024,90.7511801895795,540.9349300110946,False,dwarf
15.493362645225005,-33.67577280746195,,,simbad,,,,,,,,,567.0744654354314,50.173652975888274,569.2897722617412,False,dwarf
15.500837693852919,-33.6775627010875,,,simbad,,,,,,,,,576.4079261445959,47.487052791624016,578.3607157346947,False,dwarf
15.50334033245583,-33.62412931061473,,,simbad,,,,,,,,,579.5327592035129,127.6896718974434,593.4331228532105,False,dwarf
15.506733853814167,-33.62542896156916,,,simbad,,,,,,,,,583.7699621757412,125.73891770521794,597.1579725368706,False,dwarf
15.522823866915418,-33.911557635688055,,,simbad,,,,,,,,,603.8602000545536,-303.73540280046865,675.9455126889211,False,dwarf
15.542576210890001,-33.60631232925,,,simbad,,,,,,,,,628.5232806012455,154.43266082939866,647.2178620747422,False,dwarf
15.560175029019996,-33.56475978192999,,,simbad,,,,,,,,,650.4974356496382,216.80233447534226,685.6749711202192,False,dwarf
15.57011139313,-33.61242801293,,,simbad,,,,,,,,,662.9041327333706,145.2531226339222,678.6312392086644,False,dwarf
15.580747857520002,-33.63522264919,,,simbad,,,,,,,,,676.1849857966927,111.0387575442151,685.2413740382556,False,dwarf
15.598448717170001,-33.728940211890006,,,simbad,,,,,,,,,698.2865514567167,-29.629725556884257,698.9148936615173,False,dwarf
15.2539913876625,-33.55183248307416,,,simbad,,,,,,,,,268.19183087702356,236.2059923197739,357.3795306910275,False,dwarf
15.286136675019165,-33.53442451420944,,,simbad,,,,,,,,,308.328931177332,262.3350603783319,404.82886965316465,False,dwarf
15.300515894775003,-33.52214194463194,,,simbad,,,,,,,,,326.2830461670861,280.77099043534173,430.45670547235716,False,dwarf
15.310524395011667,-33.76883276883778,,,simbad,,,,,,,,,338.7798135282685,-89.5077816137999,350.40463042555825,False,dwarf
15.345662351520001,-33.52632722361,,,simbad,,,,,,,,,382.65360656905364,274.4889571831257,470.92246732958483,False,dwarf
15.369708363511254,-33.754513096150006,,,simbad,,,,,,,,,412.67782705296844,-68.0141940997736,418.2450472392966,False,dwarf
15.421553108341664,-33.95400106023444,,,simbad,,,,,,,,,477.41197300144427,-367.4422681578959,602.4417087106028,False,dwarf
15.48080805144208,-33.94447032239582,,,simbad,,,,,,,,,551.3986065045766,-353.13679119106547,654.7870009002248,False,dwarf
15.34625,-33.77333333333333,,,simbad,,,,,,,,,383.38735350126507,-96.26305311733296,395.2877916406911,False,dwarf
15.380247092380003,-33.782038369889996,,,simbad,,,,,,,,,425.83664604094207,-109.3291663674676,439.64726284830203,False,dwarf
15.390250000000005,-33.768638888888894,,,simbad,,,,,,,,,438.3264303749277,-89.21677107608784,447.31386274792493,False,dwarf
15.36645833333333,-33.611666666666665,,,simbad,,,,,,,,,408.61978937599827,146.39589055161917,434.0528643380744,False,dwarf
15.365958333333333,-33.72213333333333,,,simbad,,,,,,,,,407.99548168425775,-19.412715493514643,408.45705600173153,False,dwarf
15.45111967095,-33.73553861122001,,,simbad,,,,,,,,,514.329237911197,-39.53381181249882,515.8463795033738,False,dwarf
15.34508710267,-33.47027932638,,,simbad,,,,,,,,,381.93534200560634,358.61590689464504,523.9083642687987,False,dwarf
15.318749999999998,-33.685833333333335,,,simbad,,,,,,,,,349.05043045522893,35.07297309524171,350.8080906175343,False,dwarf
15.319166666666668,-33.69305555555555,,,simbad,,,,,,,,,349.57068686502,24.232539185635282,350.4095904376266,False,dwarf
15.268791666666667,-33.640166666666666,,,simbad,,,,,,,,,286.6716869216017,103.61787058523508,304.8234229633532,False,dwarf
15.53496650841,-33.41211246829,,,simbad,,,,,,,,,619.0216890209173,445.92338116678155,762.9125201158544,False,dwarf
15.578874999999998,-33.657472222222225,,,simbad,,,,,,,,,673.8465070861276,77.64252317874765,678.3048551482858,False,dwarf
15.395176820362504,-33.84769840611306,,,simbad,,,,,,,,,444.478134071245,-207.883774807597,490.6897955895469,False,dwarf
15.503333333333334,-33.44916666666666,,,simbad,,,,,,,,,579.5240199914925,390.30565351783065,698.7035085893592,False,dwarf
15.276203791280002,-33.559037106379996,,,simbad,,,,,,,,,295.9265797381733,225.39197408723345,371.9866698935239,False,dwarf
15.281452700489998,-33.58348515231,,,simbad,,,,,,,,,302.48044852432827,188.69586893170597,356.51164453825396,False,dwarf
15.299226011670001,-33.76684750248,,,simbad,,,,,,,,,324.67247827927287,-86.5279302491735,336.0049119658978,False,dwarf
15.326916666666662,-33.64966666666666,,,simbad,,,,,,,,,359.24745608707883,89.35853059644994,370.1941135342299,False,dwarf
15.34125,-33.83694444444445,,,simbad,,,,,,,,,377.1442765838047,-191.74225947504752,423.08734255295064,False,dwarf
15.314999999999998,-33.667500000000004,,,simbad,,,,,,,,,344.3681227671336,62.59099763501408,350.0100526600714,False,dwarf
15.294999999999996,-33.669999999999995,,,simbad,,,,,,,,,319.39581509728805,58.8385397432456,324.7701655952691,False,dwarf
15.279569310890004,-33.60180323038,,,simbad,,,,,,,,,300.1288192966666,161.20074228523552,340.68018358237697,False,dwarf
15.599126385339995,-33.92288932385999,,,simbad,,,,,,,,,699.1326983586746,-320.7440758836928,769.1965237367922,False,dwarf
15.35737012758,-33.4694326167,,,simbad,,,,,,,,,397.27211586404877,359.8868038629657,536.0444437150701,False,dwarf
15.340282019407498,-33.60547548014889,,,simbad,,,,,,,,,375.93564112508545,155.6887572348773,406.89875325130896,False,dwarf
15.366138527768333,-33.791882286115275,,,simbad,,,,,,,,,408.2204752278193,-124.10471881773266,426.66841648762227,False,dwarf
15.353137367590001,-33.58691962454,,,simbad,,,,,,,,,391.98702662590654,183.54078396225515,432.8291215023527,False,dwarf
15.375714619920002,-33.77136687793,,,simbad,,,,,,,,,420.17733120212864,-93.3114366784984,430.41377054080033,False,dwarf
15.323860594349998,-33.56971761503,,,simbad,,,,,,,,,355.43159717942825,209.36071049842187,412.50882096498657,False,dwarf
15.262622555580002,-33.57462998944,,,simbad,,,,,,,,,278.96883991632023,201.98731924954205,344.41615929261206,False,dwarf
15.42140472531,-33.48654726732,,,simbad,,,,,,,,,477.2266996654577,334.1980015492776,582.6093263183451,False,dwarf
15.564317613649997,-33.901541945540004,,,simbad,,,,,,,,,655.6699305460768,-288.70202058536364,716.4160205581453,False,dwarf
15.32321781046,-33.71262082877,,,simbad,,,,,,,,,354.62900732611354,-5.134606365777783,354.6661768757153,False,dwarf
15.330318186560001,-33.76158238604,,,simbad,,,,,,,,,363.49464615315526,-78.62507915458505,371.90087503805677,False,dwarf
15.576280877400002,-33.62666217764,,,simbad,,,,,,,,,670.6074457011056,123.88788115430826,681.9549496313266,False,dwarf
15.35250078902,-33.6429438426,,,simbad,,,,,,,,,391.1921848306029,99.44937628607065,403.63536009154234,False,dwarf
15.415022813650001,-33.75122638531,,,simbad,,,,,,,,,469.25814659069596,-63.08089648792237,473.47904667836684,False,dwarf
15.22777036296,-33.42308701266332,,,simbad,,,,,,,,,235.45185606255262,429.45077490980265,489.76070135723523,False,dwarf
15.500055350783335,-33.85363110295557,,,simbad,,,,,,,,,575.4310805527455,-216.78865284209215,614.9132040110941,False,dwarf
15.315293977440005,-33.62417097566999,,,simbad,,,,,,,,,344.7351875211248,127.62713335126618,367.6017337862907,False,dwarf
15.34815389363,-33.67065684506,,,simbad,,,,,,,,,385.7645843762158,57.85262637159505,390.07850612030126,False,dwarf
15.35028141758,-33.82604863256,,,simbad,,,,,,,,,388.421043508933,-175.38782935775933,426.1828219524984,False,dwarf
15.29222086457,-33.53251582283,,,simbad,,,,,,,,,315.92574384658695,265.19997399024066,412.4804259955175,False,dwarf
15.374666666666663,-33.61966666666667,,,simbad,,,,,,,,,418.86884064882884,134.3880252978913,439.8991327679115,False,dwarf
15.273494607999998,-33.44631221601999,,,simbad,,,,,,,,,292.54385181806117,394.5901358601622,491.20594515405554,False,dwarf
15.492833333333335,-33.445027777777774,,,simbad,,,,,,,,,566.4135584648272,396.5180560275632,691.4122416971412,False,dwarf
15.299366188970003,-33.48018281749,,,simbad,,,,,,,,,324.8475058124715,343.7509335458677,472.95941300098815,False,dwarf
15.63207341231,-33.747550381509996,,,simbad,,,,,,,,,740.2708630737519,-57.56327670010264,742.5055431041644,False,dwarf
15.729583333333334,-33.73361111111111,,,simbad,,,,,,,,,862.0232505065953,-36.64066661447851,862.8016126919964,False,dwarf
15.645220010036255,-33.770596067409166,,,simbad,,,,,,,,,756.6859072353378,-92.15446306970554,762.2768573636694,False,dwarf
15.704333853889999,-33.60895326397,,,simbad,,,,,,,,,830.4963620484767,150.46866229669908,844.0171951501418,False,dwarf
15.739034467199998,-33.69194965185,,,simbad,,,,,,,,,873.8240816439542,25.89248202062211,874.2076105171403,False,dwarf
15.650669847328334,-33.79692747172056,,,simbad,,,,,,,,,763.4906579157569,-131.67745743376224,774.7625039461161,False,dwarf
15.63339249207,-33.62859249471,,,simbad,,,,,,,,,741.9178863541408,120.9905077451141,751.718599647911,False,dwarf
15.652041666666669,-33.50230555555556,,,simbad,,,,,,,,,765.2035326449745,310.5450763290387,825.817589304416,False,dwarf
15.634240167869581,-33.46551674817833,,,simbad,,,,,,,,,742.9763073977144,365.7644565578964,828.128873446299,False,dwarf
15.641309991163757,-33.64998941912889,,,simbad,,,,,,,,,751.8037975213921,88.87408458685387,757.0386733045661,False,dwarf
15.648622063227503,-33.84852256169944,,,simbad,,,,,,,,,760.9337631853881,-209.12081846125875,789.1461896691785,False,dwarf
15.728108460972084,-33.58468894414195,,,simbad,,,,,,,,,860.1817021876495,186.8889976677417,880.2499975732436,False,dwarf
15.73209335598,-33.80794432388,,,simbad,,,,,,,,,865.1573033961334,-148.21356696510412,877.7610273030973,False,dwarf
15.654166666666669,-33.486666666666665,,,simbad,,,,,,,,,767.8568403348944,334.01878514100747,837.3605412701042,False,dwarf
15.694265143559996,-33.68982575994001,,,simbad,,,,,,,,,817.9244154385066,29.080408004209303,818.4412132218868,False,dwarf
15.681006462250002,-33.696690140330006,,,simbad,,,,,,,,,801.3694219900292,18.777088657535135,801.5893771496018,False,dwarf
15.670087268070004,-33.94433906542,,,simbad,,,,,,,,,787.7355481615455,-352.93977668115997,863.1881485522827,False,dwarf
15.70739237112,-33.67722830214,,,simbad,,,,,,,,,834.3152737125314,47.98897997944307,835.6942731343105,False,dwarf
15.605524449409998,-33.66397191136,,,simbad,,,,,,,,,707.1214195810485,67.88659925905827,710.3726433283289,False,dwarf
15.150541666666665,-33.799777777777784,,,simbad,,,,,,,,,139.02291782365376,-135.95571881713764,194.45135422333004,False,dwarf
15.141041666666668,-33.71094444444444,,,simbad,,,,,,,,,127.16107168048138,-2.618381728938468,127.18802645613684,False,dwarf
15.145208333333333,-33.73727777777778,,,simbad,,,,,,,,,132.36363577836372,-42.144271522429165,138.9110207961325,False,dwarf
15.243623092980002,-33.77054519254,,,simbad,,,,,,,,,255.2458186358763,-92.07810074798806,271.34628165584894,False,dwarf
15.16837212607,-33.76467967062,,,simbad,,,,,,,,,161.28630372939014,-83.2740511407235,181.51539704409905,False,dwarf
15.13967313412,-33.76416357496,,,simbad,,,,,,,,,125.45230088990216,-82.49940024780655,150.1480297566982,False,dwarf
15.12063380066,-33.7063940998,,,simbad,,,,,,,,,101.67949624030794,4.211608939618472,101.76668219777567,False,dwarf
15.12638832644,-33.69515525026,,,simbad,,,,,,,,,108.86468565392002,21.080932800013883,110.88699432415652,False,dwarf
15.14652409052,-33.761518579260006,,,simbad,,,,,,,,,134.00651044257518,-78.52930625253384,155.3209476583898,False,dwarf
15.154666666666667,-33.732055555555554,,,simbad,,,,,,,,,144.17345628055938,-34.30580392625471,148.19876409372986,False,dwarf
15.188166666666667,-33.74505555555555,,,simbad,,,,,,,,,186.0020716275488,-53.81858496354819,193.63163671574551,False,dwarf
15.129359593899999,-33.6945114357,,,simbad,,,,,,,,,112.57465591294292,22.047287610622355,114.7132775440707,False,dwarf
15.245791666666669,-33.72402777777779,,,simbad,,,,,,,,,257.9535331012854,-22.256244695981753,258.911887844887,False,dwarf
15.230071156599996,-33.763378695899995,,,simbad,,,,,,,,,238.32466239569402,-81.32130999867937,251.81699737293914,False,dwarf
15.20658717338,-33.7613498864,,,simbad,,,,,,,,,209.00219968153763,-78.27610111100824,223.17945128721442,False,dwarf
15.14212192785,-33.7213194547,,,simbad,,,,,,,,,128.5099024121799,-18.19109737327862,129.79102835570765,False,dwarf
15.256513839920004,-33.70197533619,,,simbad,,,,,,,,,271.3414035698682,10.844098691731752,271.55800810821637,False,dwarf
15.151893693099998,-33.79404474163,,,simbad,,,,,,,,,140.71107882719966,-127.35052812248493,189.7834679780887,False,dwarf
15.13553618526,-33.77957731556,,,simbad,,,,,,,,,120.28684290258416,-105.63516527037974,160.0865788164998,False,dwarf
15.19379896533,-33.73923267507,,,simbad,,,,,,,,,193.03464638300787,-45.078539431167684,198.2282760391671,False,dwarf
15.216012756149999,-33.798727513109995,,,simbad,,,,,,,,,220.77112732653424,-134.3792892406943,258.45247926429914,False,dwarf
15.28288141842,-33.7735621376,,,simbad,,,,,,,,,304.2643677104016,-96.60648446778875,319.2328590534433,False,dwarf
15.235508029339998,-33.71654375581,,,simbad,,,,,,,,,245.1132253369507,-11.022853777839847,245.36095153974767,False,dwarf
15.17684030189,-33.71919298883001,,,simbad,,,,,,,,,171.8597983283561,-14.999307919087324,172.5130995591779,False,dwarf
15.271428010459998,-33.79523051382,,,simbad,,,,,,,,,289.96346633812874,-129.13035220737436,317.4168547384081,False,dwarf
15.160471758179998,-33.79230284242,,,simbad,,,,,,,,,151.4217828466858,-124.73596674756693,196.1826131972938,False,dwarf
15.175876539029998,-33.780377475399995,,,simbad,,,,,,,,,170.6564291953208,-106.83619171289749,201.33948615562852,False,dwarf
15.16170917805,-33.74689226018,,,simbad,,,,,,,,,152.96684433220727,-56.57544766869793,163.09395066607257,False,dwarf
15.11429643933,-33.723545286420006,,,simbad,,,,,,,,,93.76656939292182,-21.532033294678456,96.20705791947265,False,dwarf
15.141961488920002,-33.71018251952,,,simbad,,,,,,,,,128.30957589607152,-1.4747452506693737,128.31805071845548,False,dwarf
15.147116332250006,-33.6983620135,,,simbad,,,,,,,,,134.7459925774058,16.26763518920704,135.72442105354298,False,dwarf
15.137742868409996,-33.71729471382999,,,simbad,,,,,,,,,123.04214143016223,-12.150029117246719,123.640574955271,False,dwarf
15.199348563280001,-33.684218308510005,,,simbad,,,,,,,,,199.96395975557448,37.49709815273916,203.4492997555046,False,dwarf
15.270375000000001,-33.72777777777778,,,simbad,,,,,,,,,288.64866127880043,-27.88493153364402,289.9924465648712,False,dwarf
15.149609514555419,-33.79982776530805,,,simbad,,,,,,,,,137.859018357795,-136.0307492581141,193.6736267185049,False,dwarf
15.132291666666667,-33.691805555555554,,,simbad,,,,,,,,,116.23568707492568,26.108768131529068,119.13187114759002,False,dwarf
15.12791564559,-33.75895565204,,,simbad,,,,,,,,,110.77171984011198,-74.68239566342083,133.5957863795262,False,dwarf
15.184583333333334,-33.728861111111115,,,simbad,,,,,,,,,181.52786650336833,-29.51099662008594,183.91102533229332,False,dwarf
15.158663076180002,-33.70084815791999,,,simbad,,,,,,,,,149.16343467764386,12.535974289632934,149.68928116676247,False,dwarf
15.263660175100002,-33.79977817227,,,simbad,,,,,,,,,280.2644276112034,-135.95631094331307,311.500028683065,False,dwarf
15.21982394298,-33.79921795306,,,simbad,,,,,,,,,225.5298338318372,-135.11543134503557,262.90661029303,False,dwarf
15.27466773687,-33.73751349695,,,simbad,,,,,,,,,294.008638571964,-42.49808202965988,297.06424647059004,False,dwarf
15.228541666666667,-33.7036388888889,,,simbad,,,,,,,,,236.4149177360423,8.34713411038912,236.56222854884604,False,dwarf
15.1809896679,-33.75915439216,,,simbad,,,,,,,,,177.04076056018323,-74.9807012361019,192.26423603360482,False,dwarf
15.122661875739999,-33.7156108929,,,simbad,,,,,,,,,104.21178198407229,-9.622642262412828,104.6551037857504,False,dwarf
15.12349274502,-33.75029444243,,,simbad,,,,,,,,,105.24921814875282,-61.68206592202075,121.99211112745067,False,dwarf
15.12607160214666,-33.78187455446639,,,simbad,,,,,,,,,108.46921882892873,-109.08328217583185,153.8334615212509,False,dwarf
15.126624342820001,-33.69555311098001,,,simbad,,,,,,,,,109.15937933674536,20.483750560572833,111.06463944123367,False,dwarf
15.13009040921,-33.73752371254001,,,simbad,,,,,,,,,113.48716315150185,-42.51341545819698,121.18880597685936,False,dwarf
15.130544600470001,-33.75181917838,,,simbad,,,,,,,,,114.05427334578715,-63.970668901418335,130.76935324505672,False,dwarf
15.13395523059,-33.73850780895,,,simbad,,,,,,,,,118.31283858102054,-43.990527594174324,126.22636131613885,False,dwarf
15.135012569749998,-33.77563630392,,,simbad,,,,,,,,,119.63304852176212,-99.71977317832925,155.74369798276823,False,dwarf
15.135374911196248,-33.700308166979454,,,simbad,,,,,,,,,120.08547362562688,13.34649159615875,120.82487249659097,False,dwarf
15.137803397670835,-33.77570501757918,,,simbad,,,,,,,,,123.11771919639816,-99.82291122339126,158.5010611486125,False,dwarf
15.141093950699997,-33.74844493614,,,simbad,,,,,,,,,127.22635432880577,-58.90598813249781,140.20150025468632,False,dwarf
15.145934150989998,-33.72061611262,,,simbad,,,,,,,,,133.26990287008528,-17.135392757783528,134.3669925836158,False,dwarf
15.147207062706253,-33.731054661480286,,,simbad,,,,,,,,,134.85928002082815,-32.80347877762413,138.79154739266428,False,dwarf
15.147851413870002,-33.71173181906,,,simbad,,,,,,,,,135.66382679625727,-3.8002177649087976,135.71704224623235,False,dwarf
15.148257246129997,-33.73819670395,,,simbad,,,,,,,,,136.1705551992035,-43.52356422920867,142.95705909983383,False,dwarf
15.148280273870002,-33.75175492366,,,simbad,,,,,,,,,136.1993079896204,-63.874223648958896,150.43326740986745,False,dwarf
15.152886818040002,-33.73487573314,,,simbad,,,,,,,,,141.95110990501843,-38.53884297945109,147.08963261039648,False,dwarf
15.15331998523375,-33.745654398591945,,,simbad,,,,,,,,,142.49196912675723,-54.71743827468689,152.63669059883637,False,dwarf
15.153621280529997,-33.71034400062,,,simbad,,,,,,,,,142.86817106862432,-1.7171256618899733,142.87848972127478,False,dwarf
15.154505556319997,-33.714439649519996,,,simbad,,,,,,,,,143.97229142326708,-7.864625676599513,144.1869378088708,False,dwarf
15.154710423213746,-33.69648421687805,,,simbad,,,,,,,,,144.228091378373,19.086176290493697,145.4854785469674,False,dwarf
15.155135280228752,-33.723225533129714,,,simbad,,,,,,,,,144.75857438309146,-21.052088991651008,146.28135666699777,False,dwarf
15.157384334359998,-33.68969956263,,,simbad,,,,,,,,,147.5667779696725,29.26982804095024,150.44160592700882,False,dwarf
15.15851309327,-33.72605363404,,,simbad,,,,,,,,,148.97616370895668,-25.297020823478622,151.10869139788542,False,dwarf
15.160365965170001,-33.71032696184,,,simbad,,,,,,,,,151.28968806693788,-1.6915507401020768,151.29914427814094,False,dwarf
15.177093306699998,-33.73986525446999,,,simbad,,,,,,,,,172.17570402621843,-46.02803045583981,178.22191965234717,False,dwarf
15.186920918430003,-33.75892283972,,,simbad,,,,,,,,,184.44661121529126,-74.63314492376716,198.97401516282682,False,dwarf
15.19385859053,-33.77975693537,,,simbad,,,,,,,,,193.10909532497172,-105.9047715798076,220.24291893407207,False,dwarf
15.195711167119999,-33.72221788469,,,simbad,,,,,,,,,195.4222509543419,-19.539625655740966,196.39667293217641,False,dwarf
15.205753017129998,-33.70017346325,,,simbad,,,,,,,,,207.96065935554847,13.548679625216442,208.40154164300517,False,dwarf
15.205962336909995,-33.76502619861999,,,simbad,,,,,,,,,208.2220192529209,-83.79418383203885,224.45016049413127,False,dwarf
15.206923786215418,-33.75280077065639,,,simbad,,,,,,,,,209.4224996461199,-65.44402237504188,219.4098981875113,False,dwarf
15.207699797029997,-33.74655993078,,,simbad,,,,,,,,,210.3914386869587,-56.076626836826016,217.73641300931945,False,dwarf
15.21198582258,-33.75147463037,,,simbad,,,,,,,,,215.74303612273425,-63.453508141724015,224.88086919733135,False,dwarf
15.212884310039996,-33.71274829539001,,,simbad,,,,,,,,,216.8649013871591,-5.325931615447033,216.93029064940347,False,dwarf
15.21418287676,-33.71480432517999,,,simbad,,,,,,,,,218.48631177024706,-8.411997699918627,218.6481880470749,False,dwarf
15.2165150409,-33.7733402151,,,simbad,,,,,,,,,221.39828779227852,-96.27338253318828,241.4244519963423,False,dwarf
15.219834722082084,-33.69095680536944,,,simbad,,,,,,,,,225.5432927845181,27.382727865149505,227.19945137570136,False,dwarf
15.260798208700004,-33.77389656265,,,simbad,,,,,,,,,276.69093233712965,-97.10845083502151,293.2369745805734,False,dwarf
15.26244026573,-33.75378763548999,,,simbad,,,,,,,,,278.7412300053538,-66.92528986822732,286.6629863251338,False,dwarf
15.26719416144,-33.70197929776,,,simbad,,,,,,,,,284.67701732037756,10.838152441901672,284.88325633280107,False,dwarf
15.267377417060004,-33.78218239999,,,simbad,,,,,,,,,284.90583310662663,-109.54535312163216,305.2400991493812,False,dwarf
15.272022066930003,-33.72913562637999,,,simbad,,,,,,,,,290.7052143852407,-29.923039414936127,292.24118456952056,False,dwarf
15.128488893,-33.69611023573,,,simbad,,,,,,,,,111.48748537478512,19.647515694632524,113.20549575070885,False,dwarf
15.200637774420002,-33.70370870532,,,simbad,,,,,,,,,201.57368861754952,8.242340823241712,201.74213274656162,False,dwarf
15.268007273396249,-33.77088889051195,,,simbad,,,,,,,,,285.6922814174515,-92.59398561487275,300.32270282740126,False,dwarf
15.278896984719996,-33.77033249018001,,,simbad,,,,,,,,,299.28934249806895,-91.75883808824459,313.0396059610207,False,dwarf
15.254374519899999,-33.78619678014,,,simbad,,,,,,,,,268.6702156826771,-115.57087011143929,292.4727522578666,False,dwarf
15.181416666666669,-33.69136111111111,,,simbad,,,,,,,,,177.57391778897886,26.775871756737235,179.58130077282618,False,dwarf
15.122916666666665,-33.73436111111111,,,simbad,,,,,,,,,104.52991785468346,-37.7664039820167,111.14317341357389,False,dwarf
15.122416666666666,-33.77233333333333,,,simbad,,,,,,,,,103.90561016293901,-94.76206996061221,140.62796921861818,False,dwarf
15.148875,-33.68449999999999,,,simbad,,,,,,,,,136.94189218450163,37.074283970875754,141.87171799560616,False,dwarf
15.183958333333333,-33.74497222222222,,,simbad,,,,,,,,,180.74748188868577,-53.69350303382703,188.55408899608722,False,dwarf
15.142499999999998,-33.721250000000005,,,simbad,,,,,,,,,128.981969114738,-18.08684703842833,130.2439341869967,False,dwarf
15.172166666666666,-33.77661111111111,,,simbad,,,,,,,,,166.02422549167076,-101.1829423532229,194.42744475347294,False,dwarf
15.139000000000001,-33.74988888888889,,,simbad,,,,,,,,,124.61181527251891,-61.073336887681016,138.77340157288268,False,dwarf
15.150208333333337,-33.74944444444444,,,simbad,,,,,,,,,138.6067126958281,-60.4062332624633,151.19766473495204,False,dwarf
15.141250000000003,-33.794444444444444,,,simbad,,,,,,,,,127.42119988537688,-127.9504753146492,180.57543109037238,False,dwarf
15.272982333870003,-33.7407433246,,,simbad,,,,,,,,,291.90421845878274,-47.34599893139624,295.7189820908433,False,dwarf
15.171325584220003,-33.72925653395,,,simbad,,,,,,,,,164.97403700998422,-30.10451964103078,167.69828559108424,False,dwarf
15.155541666666666,-33.77313888888889,,,simbad,,,,,,,,,145.26599474111413,-95.97119528129782,174.10536910688998,False,dwarf
15.177416666666666,-33.73452777777778,,,simbad,,,,,,,,,172.5794562550074,-38.016567841468564,176.71708505891272,False,dwarf
15.268762515210001,-33.68801678879,,,simbad,,,,,,,,,286.6352879643579,31.795643231351313,288.3933966562094,False,dwarf
15.234481110339997,-33.69222641803,,,simbad,,,,,,,,,243.83099847594775,25.477060646088567,245.1583905089567,False,dwarf
15.16292426094,-33.77302499438,,,simbad,,,,,,,,,154.4840155208817,-95.80024154182398,181.7773289795178,False,dwarf
15.145823270059998,-33.765405622829995,,,simbad,,,,,,,,,133.13145523515067,-84.36369318050185,157.61096757549197,False,dwarf
15.269957513129999,-33.72837531037,,,simbad,,,,,,,,,288.12738075050936,-28.78181789014711,289.56135891933263,False,dwarf
15.229239114639999,-33.772005124900005,,,simbad,,,,,,,,,237.28576200473123,-94.26943463029991,255.32579022825394,False,dwarf
15.182451906389998,-33.78009830855,,,simbad,,,,,,,,,178.86653403312943,-106.41716697314484,208.129407877923,False,dwarf
15.134054407160004,-33.74119528356,,,simbad,,,,,,,,,118.43667197200969,-48.02438171789025,127.80292057379228,False,dwarf
15.28069940341,-33.78367604978,,,simbad,,,,,,,,,301.5398702019047,-111.78729629845274,321.5939877160324,False,dwarf
15.159012208660004,-33.77063824905,,,simbad,,,,,,,,,149.59936686305252,-92.21777700212309,175.73869511590064,False,dwarf
15.16004166666667,-33.708,,,simbad,,,,,,,,,150.88476396683407,1.8011797880572722,150.89551433344909,False,dwarf
15.120041666666667,-33.75666666666667,,,simbad,,,,,,,,,100.94014862714691,-71.24666717207928,123.55161345769447,False,dwarf
15.187166666666664,-33.762,,,simbad,,,,,,,,,184.75345624405196,-79.25191067455816,201.03408899908237,False,dwarf
15.142624999999999,-33.73308333333334,,,simbad,,,,,,,,,129.13804603767215,-35.848481059558736,134.02144801749262,False,dwarf
15.117166666666668,-33.73694444444445,,,simbad,,,,,,,,,97.3503793996064,-41.64394380353498,105.88349458135242,False,dwarf
15.125958333333333,-33.729,,,simbad,,,,,,,,,108.3277896461388,-29.71946650295454,112.33056885299892,False,dwarf
15.200375000000001,-33.70219444444445,,,simbad,,,,,,,,,201.24558443434688,10.515220892308497,201.5201109684487,False,dwarf
15.138791666666666,-33.74038888888889,,,simbad,,,,,,,,,124.3516870676234,-46.81399689887677,132.87171400344087,False,dwarf
15.172791666666667,-33.787277777777774,,,simbad,,,,,,,,,166.80461010635727,-117.19342935818067,203.8579844829845,False,dwarf
15.185833333333331,-33.69833333333333,,,simbad,,,,,,,,,183.08863573272944,16.310683636303835,183.81372890825017,False,dwarf
15.149166666666664,-33.733111111111114,,,simbad,,,,,,,,,137.30607167135054,-35.890175036122905,141.91920934793004,False,dwarf
15.13525,-33.721138888888895,,,simbad,,,,,,,,,119.92950758441965,-17.920071132123905,121.26094069741399,False,dwarf
15.192833333333335,-33.707305555555564,,,simbad,,,,,,,,,191.82894341717957,2.8435292024289183,191.85001743778014,False,dwarf
15.135333333333334,-33.79086111111111,,,simbad,,,,,,,,,120.03355886637705,-122.57195233641971,171.55739201121457,False,dwarf
15.137083333333335,-33.78388888888889,,,simbad,,,,,,,,,122.21863578749057,-112.10676421598632,165.84728371828712,False,dwarf
15.20939,-33.74215,,,simbad,,,,,,,,,212.50185211652976,-49.45739501376711,218.18128030264944,False,dwarf
15.11839479371,-33.73671447981,,,simbad,,,,,,,,,98.88383771879191,-41.29877076058275,107.16156880305336,False,dwarf
15.242900641780002,-33.75945957415,,,simbad,,,,,,,,,254.3437549537345,-75.4387742628253,265.2955980528943,False,dwarf
15.165121515920001,-33.77013156359,,,simbad,,,,,,,,,157.22754189036428,-91.45725066090127,181.89262939255448,False,dwarf
15.14346962095,-33.7844676971,,,simbad,,,,,,,,,130.19265274906513,-112.97554559183753,172.37633460429544,False,dwarf
15.16167427916,-33.80093432773,,,simbad,,,,,,,,,152.9232690412868,-137.6916808153097,205.7778539591151,False,dwarf
15.166727103789999,-33.69594682563,,,simbad,,,,,,,,,159.2323036043924,19.892791502375438,160.47008962706533,False,dwarf
15.12869328481,-33.78758097845,,,simbad,,,,,,,,,111.74269213300873,-117.64852846030793,162.25783646409272,False,dwarf
15.14817137198,-33.68688381443,,,simbad,,,,,,,,,136.0633314144742,33.49621866269881,140.12575359406412,False,dwarf
15.201162656479998,-33.72122849951,,,simbad,,,,,,,,,202.22906443218022,-18.05457516506026,203.03340164984112,False,dwarf
15.181037407069999,-33.71455625381001,,,simbad,,,,,,,,,177.10036842223957,-8.039646751913265,177.28275836975388,False,dwarf
15.165558993529999,-33.704789164370005,,,simbad,,,,,,,,,157.7737831641416,6.620589987661907,157.91263048189117,False,dwarf
15.257038242450001,-33.700406508540006,,,simbad,,,,,,,,,271.9961806359644,13.198882570169435,272.3162367205696,False,dwarf
15.16133258015,-33.72127238981,,,simbad,,,,,,,,,152.4966184008781,-18.120453766102827,153.56942882094896,False,dwarf
15.167493666579997,-33.71318526887,,,simbad,,,,,,,,,160.18944569639672,-5.981821448846292,160.30109388386816,False,dwarf
15.18875,-33.690527777777774,,,simbad,,,,,,,,,186.73043060125065,28.026691054006125,188.82200381302277,False,dwarf
15.17025,-33.72408333333334,,,simbad,,,,,,,,,163.6310460066464,-22.339632649119643,165.14895822900863,False,dwarf
15.163833333333331,-33.69349999999999,,,simbad,,,,,,,,,155.6190972959021,23.565435560436665,157.3932438078094,False,dwarf
15.171000000000001,-33.751444444444445,,,simbad,,,,,,,,,164.56750754426704,-63.408199575895274,176.36060873332502,False,dwarf
15.141083333333334,-33.714555555555556,,,simbad,,,,,,,,,127.2130973214581,-8.038598683741682,127.46682391476232,False,dwarf
15.142875,-33.722861111111115,,,simbad,,,,,,,,,129.45019988354832,-20.505097679799576,131.06415711684386,False,dwarf
15.143749999999999,-33.68944444444444,,,simbad,,,,,,,,,130.54273834410313,29.652756140448044,133.8681906992914,False,dwarf
15.120958333333332,-33.73538888888889,,,simbad,,,,,,,,,102.0847127286784,-39.30908111531117,109.39146415980959,False,dwarf
15.155791666666667,-33.69786111111111,,,simbad,,,,,,,,,145.57814858699035,17.01948123808572,146.56964244900576,False,dwarf
15.13425,-33.74725,,,simbad,,,,,,,,,118.68089220092676,-57.112409113015296,131.70793995921593,False,dwarf
15.1477125,-33.782999999999994,,,simbad,,,,,,,,,135.4903768011912,-110.77255696556998,175.00914713928302,False,dwarf
15.266705254589999,-33.797479125859994,,,simbad,,,,,,,,,284.066560706372,-132.50548100538873,313.45097448886065,False,dwarf
15.18574125016,-33.74252522313,,,simbad,,,,,,,,,182.97365926594665,-50.02059861190911,189.68769140527928,False,dwarf
15.185989126250002,-33.406965774,,,simbad,,,,,,,,,183.28316116512306,453.6484826088287,489.27462936470886,False,dwarf
15.134897436039997,-33.53275816501,,,simbad,,,,,,,,,119.48929080029725,264.8362224598937,290.54417107005315,False,dwarf
15.083333333333332,-33.416666666666664,,,simbad,,,,,,,,,55.10555892478335,439.08760611106914,442.5319745111783,False,dwarf
15.033749999999998,-33.47727777777778,,,simbad,,,,,,,,,-6.804953840037552,348.1113492234977,348.17785520473444,False,dwarf
15.216929346470002,-33.565405031130005,,,simbad,,,,,,,,,221.91559610045016,215.8338262942363,309.565457319496,False,dwarf
15.179252294929999,-33.49323824543999,,,simbad,,,,,,,,,174.87144994297648,324.15495608922095,368.3157063747943,False,dwarf
15.034164815710001,-33.58173716775,,,simbad,,,,,,,,,-6.287008563212297,191.31956431445562,191.42283606233354,False,dwarf
15.043898517529998,-33.57218597024999,,,simbad,,,,,,,,,5.866641267560998,205.65575088842803,205.7394112785526,False,dwarf
14.99687472504,-33.51944915573,,,simbad,,,,,,,,,-52.8479894255921,284.81282122174576,289.67439154785086,False,dwarf
14.994959698729998,-33.45965155607,,,simbad,,,,,,,,,-55.23912073605302,374.56801112339974,378.6192750199487,False,dwarf
14.97909411826,-33.46238646912,,,simbad,,,,,,,,,-75.04912857892526,370.46295270027474,377.9883212797216,False,dwarf
15.12758925957,-33.46415950864001,,,simbad,,,,,,,,,110.36418923458204,367.8016502445427,384.00300544138395,False,dwarf
15.022737845089999,-33.3170987745,,,simbad,,,,,,,,,-20.5548998660583,588.537335202856,588.8961698263817,False,dwarf
14.993630428916251,-33.289463091662775,,,simbad,,,,,,,,,-56.89886747430957,630.0180296658538,632.5821676461514,False,dwarf
15.106037500469998,-33.43018088425,,,simbad,,,,,,,,,83.45433128100274,418.8029931422967,427.0369685103457,False,dwarf
14.98224592317,-33.45836009226001,,,simbad,,,,,,,,,-71.11373648253326,376.50647654970726,383.16352958023344,False,dwarf
15.133198963120835,-33.418182114840555,,,simbad,,,,,,,,,117.36855138498609,436.8129439271824,452.3062290490171,False,dwarf
15.203011065409589,-33.34655438186389,,,simbad,,,,,,,,,204.53701625665155,544.3249646788479,581.4852175178684,False,dwarf
14.98587443693875,-33.20515940241278,,,simbad,,,,,,,,,-66.58311837165735,756.5564472790434,759.4807236339722,False,dwarf
14.923984985967502,-33.180095759225274,,,simbad,,,,,,,,,-143.8592389302433,794.1765535494054,807.1009099444756,False,dwarf
15.040859885928334,-33.15807209679084,,,simbad,,,,,,,,,2.0725591049593475,827.233699912674,827.2362962131531,False,dwarf
15.019534499149998,-33.565926035059995,,,simbad,,,,,,,,,-24.554646885391204,215.05180817074222,216.44909535771214,False,dwarf
14.985834991940001,-33.56916759745,,,simbad,,,,,,,,,-66.63237000389958,210.18627762190854,220.4952245126651,False,dwarf
15.02940387443,-33.556357687829994,,,simbad,,,,,,,,,-12.23159308532418,229.41373620057237,229.73957914758782,False,dwarf
15.029829059980006,-33.58229119439,,,simbad,,,,,,,,,-11.700699866748895,190.4879796594383,190.84699833140243,False,dwarf
15.044876567100001,-33.58509711055001,,,simbad,,,,,,,,,7.087849006485004,186.27634676411265,186.4111449654303,False,dwarf
15.06415419531542,-33.58174020745918,,,simbad,,,,,,,,,31.15819215349906,191.31500176217543,193.83565935486575,False,dwarf
15.081941456499997,-33.54100214115,,,simbad,,,,,,,,,53.367640098757086,252.46215312939756,258.0411668173159,False,dwarf
15.099527005659999,-33.51430824553,,,simbad,,,,,,,,,75.3252273070926,292.5292408421216,302.0715918727432,False,dwarf
15.110698708496669,-33.53395682257722,,,simbad,,,,,,,,,89.27438732876102,263.0370576408416,277.774026729061,False,dwarf
15.11264392308,-33.565083121,,,simbad,,,,,,,,,91.70321218170247,216.31700797735155,234.95218037872286,False,dwarf
15.118760015259998,-33.48124256367,,,simbad,,,,,,,,,99.33985896450356,342.1602723792858,356.2892919717831,False,dwarf
15.1231871621,-33.571685599000006,,,simbad,,,,,,,,,104.86766261390996,206.4067997067571,231.51888395396648,False,dwarf
15.14212990301,-33.585786175710005,,,simbad,,,,,,,,,128.51986031963943,185.24207156508288,225.45948543874334,False,dwarf
15.152822883649996,-33.51740400195,,,simbad,,,,,,,,,141.8712804421229,287.88256259841495,320.94209767887696,False,dwarf
15.16424941352,-33.58485892192,,,simbad,,,,,,,,,156.1386214177438,186.63386388587645,243.33406717351636,False,dwarf
15.164369245840003,-33.57811179142,,,simbad,,,,,,,,,156.28824589593935,196.76119312253903,251.27869572296555,False,dwarf
15.169653623500006,-33.57044410121,,,simbad,,,,,,,,,162.88640113439894,208.27026697865935,264.4021251462975,False,dwarf
15.178232204597501,-33.52506899288083,,,simbad,,,,,,,,,173.59774946126726,276.3775403148656,326.37512682266714,False,dwarf
15.18017595099,-33.51038397774,,,simbad,,,,,,,,,176.02474110854834,298.41950069736356,346.46631564813805,False,dwarf
15.182544857173333,-33.48561915243056,,,simbad,,,,,,,,,178.98259381110975,335.59108636582226,380.336885057899,False,dwarf
15.187518910480001,-33.53312825463001,,,simbad,,,,,,,,,185.193273288125,264.2807241737939,322.7086141412948,False,dwarf
15.195131733350001,-33.56988817729,,,simbad,,,,,,,,,194.698761035408,209.1046994189998,285.7138128754596,False,dwarf
15.207468641619997,-33.51102944755,,,simbad,,,,,,,,,210.10281448605528,297.45066138437835,364.1704115012172,False,dwarf
15.21650564236,-33.53270782155,,,simbad,,,,,,,,,221.38655263065246,264.91178714540877,345.2394251157579,False,dwarf
15.217106528673751,-33.46693756824334,,,simbad,,,,,,,,,222.1368285257324,363.63182957159944,426.1136914780601,False,dwarf
15.223232994050834,-33.4847345422775,,,simbad,,,,,,,,,229.7864274419915,336.91887130582245,407.81874414811165,False,dwarf
15.230729284197915,-33.57463667203222,,,simbad,,,,,,,,,239.14641063875632,201.97728879117327,313.02688528117466,False,dwarf
15.13385308433,-33.28774846071,,,simbad,,,,,,,,,118.18529718941711,632.5916618459573,643.5370813782068,False,dwarf
15.143608885459162,-33.36213370498556,,,simbad,,,,,,,,,130.36654055758035,520.9406630801983,537.0052228306424,False,dwarf
14.986986967900004,-33.30078094843001,,,simbad,,,,,,,,,-65.1939950988258,613.0301172881238,616.4869679881616,False,dwarf
15.080023161289164,-33.471879129641394,,,simbad,,,,,,,,,50.97242718843126,356.2146291452457,359.84309129197527,False,dwarf
15.087045366700002,-33.55047897284,,,simbad,,,,,,,,,59.740460890443934,238.23758838369247,245.61366245850482,False,dwarf
15.09555359975542,-33.56491055139278,,,simbad,,,,,,,,,70.36397156977502,216.57603205115427,227.7197096302705,False,dwarf
15.012826865670002,-33.14294778875999,,,simbad,,,,,,,,,-32.92990123534299,849.9350315239498,850.5727107114282,False,dwarf
15.148373862300005,-33.26886787405,,,simbad,,,,,,,,,136.31616394303853,660.9311044115087,674.8422195822976,False,dwarf
15.217307407219998,-33.56990078437,,,simbad,,,,,,,,,222.38764856879072,209.08577640426418,305.24273640912395,False,dwarf
15.022241589000002,-33.47306800475,,,simbad,,,,,,,,,-21.17453285418229,354.4301476317897,355.06209371303646,False,dwarf
15.20953155621,-33.52558235443,,,simbad,,,,,,,,,212.6786013779644,275.6069932762548,348.12555526255846,False,dwarf
15.132835599149999,-33.50029054887,,,simbad,,,,,,,,,116.91484954119169,313.5695674247341,334.65647410168884,False,dwarf
15.081726912890002,-33.43471110326,,,simbad,,,,,,,,,53.09975764688573,412.00321071205906,415.4109169234763,False,dwarf
15.035416666666666,-33.16166666666666,,,simbad,,,,,,,,,-4.7239282008814385,821.8383110734304,821.851887535507,False,dwarf
15.085833333333333,-33.50944444444444,,,simbad,,,,,,,,,58.227097383517524,299.829724349163,305.4312663644714,False,dwarf
15.1364435115,-33.57219537956999,,,simbad,,,,,,,,,121.4197444036953,205.64162765759187,238.81212983582378,False,dwarf
15.204583333333332,-33.49583333333334,,,simbad,,,,,,,,,206.50017417320993,320.259772871107,381.06251987438895,False,dwarf
15.170833333333334,-33.585,,,simbad,,,,,,,,,164.35940498035222,186.4221080640136,248.5301116173374,False,dwarf
15.053333333333333,-33.5525,,,simbad,,,,,,,,,17.647097420020966,235.20406065726164,235.86515257031192,False,dwarf
15.1125,-33.51111111111111,,,simbad,,,,,,,,,91.52350760997562,297.32808575463474,311.0957136055537,False,dwarf
15.113475938700002,-33.52692181841,,,simbad,,,,,,,,,92.74207968414132,273.5964804032489,288.88774192268005,False,dwarf
15.209583333333335,-33.467222222222226,,,simbad,,,,,,,,,212.74325109067428,363.20456874379545,420.9242801751832,False,dwarf
15.03,-33.150555555555556,,,simbad,,,,,,,,,-11.48726152812888,838.5159017035868,838.5945829703378,False,dwarf
14.993935849889997,-33.56175161656999,,,simbad,,,,,,,,,-56.51751414804876,221.31754001331694,228.41997049956257,False,dwarf
15.107039364620006,-33.52399161296,,,simbad,,,,,,,,,84.70527427087062,277.9946694294118,290.6131788485707,False,dwarf
15.06322139921,-33.439424686710005,,,simbad,,,,,,,,,29.99348858661268,404.92820134582865,406.03750763046907,False,dwarf
15.020675221280003,-33.526722039240006,,,simbad,,,,,,,,,-23.130323685576695,273.89634557247234,274.8712789502656,False,dwarf
15.199971236890002,-33.510719045849996,,,simbad,,,,,,,,,200.7414396039166,297.9165691079071,359.23725826155516,False,dwarf
15.08707376825,-33.48474798568,,,simbad,,,,,,,,,59.77592350268788,336.898692985097,342.1606207114808,False,dwarf
15.08378575988,-33.51998575433,,,simbad,,,,,,,,,55.67046567085437,284.0073957612237,289.41216559619966,False,dwarf
14.96731146858,-33.44774123794,,,simbad,,,,,,,,,-89.76112622767276,392.4451980276422,402.5795489547569,False,dwarf
15.138432017169997,-33.48160411248999,,,simbad,,,,,,,,,123.90262317341531,341.61759369015687,363.3929558314339,False,dwarf
15.162172994390001,-33.43600736303,,,simbad,,,,,,,,,153.54597254944838,410.05754663056047,437.8624866722773,False,dwarf
15.07587760829,-33.5279322812,,,simbad,,,,,,,,,45.7962259405914,272.0797927749743,275.90706396697175,False,dwarf
15.042308577899998,-33.45112309001,,,simbad,,,,,,,,,3.88141818672087,387.36909503207204,387.388540348197,False,dwarf
15.209875,-33.33155555555556,,,simbad,,,,,,,,,213.10743057752322,566.8379503381416,605.5741398960984,False,dwarf
14.98595662647,-33.531753358,,,simbad,,,,,,,,,-66.48049525857972,266.3444208576562,274.51594994066613,False,dwarf
15.122749999999996,-33.564416666666666,,,simbad,,,,,,,,,104.32181529076469,217.31734470640052,241.05988769557024,False,dwarf
15.033614697850004,-33.47731680457,,,simbad,,,,,,,,,-6.973894185939505,348.0527706657082,348.1226312209431,False,dwarf
14.972208333333333,-33.414972222222225,,,simbad,,,,,,,,,-83.64682556578035,441.6309386821615,449.4826775622384,False,dwarf
15.011041666666669,-33.34144444444445,,,simbad,,,,,,,,,-35.1589281734969,551.9948946772956,553.1134729692524,False,dwarf
14.99437802077,-33.34515236431,,,simbad,,,,,,,,,-55.96541278514517,546.4293694126483,549.2878873458945,False,dwarf
15.182211326883753,-33.27991725694305,,,simbad,,,,,,,,,178.56614276067725,644.346166796949,668.6313259235976,False,dwarf
15.036083333333334,-33.121833333333335,,,simbad,,,,,,,,,-3.891517945218199,881.6274734825702,881.6360620523516,False,dwarf
15.109166666666665,-33.68527777777778,,,simbad,,,,,,,,,87.3614563316634,35.9068526267543,94.45277189129277,False,dwarf
14.943798511100002,-33.710036259960006,,,simbad,,,,,,,,,-119.11976664859456,-1.255212114606552,119.12637979838168,False,dwarf
14.960151554459998,-33.76580817843,,,simbad,,,,,,,,,-98.70110514239003,-84.9679223557569,130.23615467980872,False,dwarf
15.048625000000001,-33.72786111111112,,,simbad,,,,,,,,,11.768199989413485,-28.010013463374726,30.381760732539266,False,dwarf
14.939291666666666,-33.700250000000004,,,simbad,,,,,,,,,-124.74708193906393,13.433799252593026,125.46832833297213,False,dwarf
15.00558932146,-33.68883107232,,,simbad,,,,,,,,,-41.96681027465502,30.573417368030988,51.9225097061834,False,dwarf
15.053269541299999,-33.75203753285,,,simbad,,,,,,,,,17.56744570585634,-64.29841528307901,66.65509250270004,False,dwarf
15.040850012969996,-33.72382097399,,,simbad,,,,,,,,,2.0602315772964226,-21.94583569376651,22.042328789170295,False,dwarf
15.003711732389997,-33.76465883891,,,simbad,,,,,,,,,-44.31119687133729,-83.24278309488608,94.30187222718679,False,dwarf
14.982226076380002,-33.73717846698,,,simbad,,,,,,,,,-71.13851748983937,-41.99520768768661,82.60923761531826,False,dwarf
14.95694039961,-33.73915194846,,,simbad,,,,,,,,,-102.71060248687385,-44.95737014926115,112.11883425167377,False,dwarf
15.07301637842,-33.74747299739,,,simbad,,,,,,,,,42.22365030920309,-57.44712443939104,71.29522250325576,False,dwarf
15.06235246252,-33.73531393959,,,simbad,,,,,,,,,28.908520868196714,-39.196583480069826,48.70394989420311,False,dwarf
15.06222842155,-33.73690672463,,,simbad,,,,,,,,,28.75364140487049,-41.58732699737677,50.55964458762171,False,dwarf
15.070049046419996,-33.73710602962,,,simbad,,,,,,,,,38.518593926069165,-41.88648043041909,56.90482686810754,False,dwarf
14.970225231180004,-33.74441343498,,,simbad,,,,,,,,,-86.12295742146398,-52.85477279506212,101.04845769350929,False,dwarf
15.1114258586,-33.69847091235,,,simbad,,,,,,,,,90.18231813388968,16.104179849579346,91.60892485249286,False,dwarf
14.949296681320003,-33.73515845953,,,simbad,,,,,,,,,-112.25466673084279,-38.963210528795145,118.82441658835862,False,dwarf
14.953541666666668,-33.705000000000005,,,simbad,,,,,,,,,-106.95431272429941,6.304129258190905,107.13994145990193,False,dwarf
15.054542923890002,-33.713175189020006,,,simbad,,,,,,,,,19.157410796804733,-5.966691763789944,20.06508906139241,False,dwarf
15.036597693948336,-33.73632323553973,,,simbad,,,,,,,,,-3.2492793686648707,-40.71151970074594,40.840980066103405,False,dwarf
14.971968457922081,-33.68652669638472,,,simbad,,,,,,,,,-83.94633769439203,34.03224683362516,90.5824565622157,False,dwarf
15.031291666666668,-33.74344444444444,,,simbad,,,,,,,,,-9.87446665778309,-51.400334322176946,52.340227934230775,False,dwarf
15.031333333333336,-33.707750000000004,,,simbad,,,,,,,,,-9.8224410168024,2.176425577230301,10.060674720006826,False,dwarf
14.952257404844163,-33.687342649775275,,,simbad,,,,,,,,,-108.55786179231107,32.80751453773534,113.40697671246787,False,dwarf
14.937500698339996,-33.70739203449,,,simbad,,,,,,,,,-126.983312543092,2.71372577843243,127.01230638019733,False,dwarf
14.944518906200003,-33.78882985948,,,simbad,,,,,,,,,-118.22027024454155,-119.5230778510783,168.11245770521398,False,dwarf
14.956903948749996,-33.72533107495,,,simbad,,,,,,,,,-102.75611559141386,-24.212471799658132,105.57018083760796,False,dwarf
14.959545410670001,-33.76161348888999,,,simbad,,,,,,,,,-99.45794560318821,-78.67176400855014,126.8113930048233,False,dwarf
14.96131070977,-33.71841281689,,,simbad,,,,,,,,,-97.25376599046454,-13.828282977792039,98.23195207997207,False,dwarf
14.963353750520001,-33.747736395,,,simbad,,,,,,,,,-94.70279388091231,-57.84247981551771,110.9701385060825,False,dwarf
14.964269754001247,-33.79053964976694,,,simbad,,,,,,,,,-93.55905784289529,-122.08944427328983,153.81524536732687,False,dwarf
14.96569939144,-33.73215762443,,,simbad,,,,,,,,,-91.77399054405235,-34.45900758762876,98.03003898960802,False,dwarf
14.967684140317504,-33.735473603498335,,,simbad,,,,,,,,,-89.29580256323204,-39.436236317214934,97.61637716223103,False,dwarf
14.975878008060002,-33.74142189176,,,simbad,,,,,,,,,-79.06481324964976,-48.36451680925546,92.68425529934815,False,dwarf
14.984089141719997,-33.71802744626,,,simbad,,,,,,,,,-68.81226544586984,-13.249848153068067,70.07628951273186,False,dwarf
14.98597867271,-33.68251698929,,,simbad,,,,,,,,,-66.45296798416462,40.050749646162174,77.58904240370522,False,dwarf
14.98739993734,-33.73800807694,,,simbad,,,,,,,,,-64.67835510313618,-43.24043826428636,77.80118970899444,False,dwarf
14.989519404920001,-33.774664315529996,,,simbad,,,,,,,,,-62.031955277933335,-98.26083497641159,116.2030772650411,False,dwarf
14.989759884784164,-33.735905063824156,,,simbad,,,,,,,,,-61.73168842011966,-40.083850999060864,73.60378024336555,False,dwarf
14.990851002929997,-33.73124755282,,,simbad,,,,,,,,,-60.36930151802516,-33.093005429611246,68.8447497935646,False,dwarf
14.992004115350001,-33.72063671149999,,,simbad,,,,,,,,,-58.92950761151144,-17.166311329694707,61.37889793734643,False,dwarf
14.995970342280003,-33.72407856639,,,simbad,,,,,,,,,-53.977215652290425,-22.3324775474536,58.41471871867043,False,dwarf
15.000202387639998,-33.75801200853,,,simbad,,,,,,,,,-48.69301871216247,-73.26600264896487,87.97111580206956,False,dwarf
15.000504868243333,-33.677993614721665,,,simbad,,,,,,,,,-48.31533677763239,46.840258684748505,67.29325078780334,False,dwarf
15.009012558563336,-33.68125329084417,,,simbad,,,,,,,,,-37.692503766087945,41.947539728524276,56.39433419619986,False,dwarf
15.01123184178792,-33.740438307973605,,,simbad,,,,,,,,,-34.9214725915477,-46.88817411266455,58.46375047481784,False,dwarf
15.015547494830003,-33.681275742669996,,,simbad,,,,,,,,,-29.53288181338857,41.913839916115634,51.273395486522496,False,dwarf
15.0227100442,-33.701883203529995,,,simbad,,,,,,,,,-20.589612484986105,10.982388262587461,23.335487872168315,False,dwarf
15.024698892240002,-33.75740019788,,,simbad,,,,,,,,,-18.10630622681225,-72.34768516821765,74.57899083775966,False,dwarf
15.026509357980002,-33.74940178474,,,simbad,,,,,,,,,-15.845730852563548,-60.34220176463157,62.38804773396415,False,dwarf
15.032534778260418,-33.729235488343896,,,simbad,,,,,,,,,-8.322298398429032,-30.072930540750107,31.203233837877686,False,dwarf
15.03383656402,-33.70066571662,,,simbad,,,,,,,,,-6.696868673004453,12.809815608008535,14.45473714512469,False,dwarf
15.036559127112916,-33.73707171647417,,,simbad,,,,,,,,,-3.297434512661228,-41.83497697646299,41.964727724441126,False,dwarf
15.042475938229996,-33.71109469188,,,simbad,,,,,,,,,4.090386869341586,-2.8439005990432698,4.981870668546176,False,dwarf
15.045251514660006,-33.69044589929,,,simbad,,,,,,,,,7.556014297909067,28.149589285051178,29.14605854978121,False,dwarf
15.04888318426,-33.747324765749994,,,simbad,,,,,,,,,12.090572828223872,-57.224631244447764,58.487950659752244,False,dwarf
15.052206057240001,-33.71704505155999,,,simbad,,,,,,,,,16.239563148443402,-11.775290255111814,20.059433487624027,False,dwarf
15.05241096584,-33.70683748637,,,simbad,,,,,,,,,16.495415178611868,3.546093166144626,16.872270109791284,False,dwarf
15.057389865659994,-33.73616695058999,,,simbad,,,,,,,,,22.71214608672374,-40.4769386235444,46.41362020138982,False,dwarf
15.05796103081,-33.71142522571,,,simbad,,,,,,,,,23.42531167953532,-3.3400263106044825,23.662227347375904,False,dwarf
15.061781541355828,-33.6879316623236,,,simbad,,,,,,,,,28.195659919849433,31.923416623604428,42.59225008425861,False,dwarf
15.06326780286,-33.719737397829995,,,simbad,,,,,,,,,30.051428897852524,-15.816456658425126,33.959515309122516,False,dwarf
15.064497182609998,-33.69081847884,,,simbad,,,,,,,,,31.586451365852867,27.590353655962296,41.93961760374623,False,dwarf
15.071408743679997,-33.70107678101001,,,simbad,,,,,,,,,40.2163328418001,12.192814882280967,42.02401887011786,False,dwarf
15.07297714606,-33.718816519799994,,,simbad,,,,,,,,,42.17466418097562,-14.434234246007094,44.576332476401326,False,dwarf
15.074112257269999,-33.69291530793,,,simbad,,,,,,,,,43.59198149975554,24.443048509357634,49.97722953011541,False,dwarf
15.077233867270003,-33.68874824331,,,simbad,,,,,,,,,47.48967176702344,30.6977423169188,56.54750487771826,False,dwarf
15.085960279270001,-33.72358987191,,,simbad,,,,,,,,,58.38560403291197,-21.598955364202197,62.25265963083654,False,dwarf
15.101000138700003,-33.73575558636,,,simbad,,,,,,,,,77.16460388277275,-39.85948784305737,86.851337718518,False,dwarf
15.10453131308,-33.72594570518001,,,simbad,,,,,,,,,81.57368253543032,-25.135021422514335,85.35827425798523,False,dwarf
15.104993854500002,-33.69614508868,,,simbad,,,,,,,,,82.1512188679458,19.595202003733327,84.4558742957306,False,dwarf
15.107976467800004,-33.70018412856,,,simbad,,,,,,,,,85.87535571733638,13.53267117455359,86.93509020354008,False,dwarf
15.131845246780003,-33.68816213527,,,simbad,,,,,,,,,115.67828033693837,31.57748061298782,119.91080778468188,False,dwarf
15.140037586640004,-33.68667061501001,,,simbad,,,,,,,,,125.90736191293003,33.816227401128664,130.369478864949,False,dwarf
14.936080944157503,-33.69910355896389,,,simbad,,,,,,,,,-128.75603945613014,15.154587937967756,129.64481953397961,False,dwarf
14.951334695797083,-33.681566233011665,,,simbad,,,,,,,,,-109.70997050298229,41.47781880607981,117.28890433743182,False,dwarf
14.967295083145,-33.714533919513336,,,simbad,,,,,,,,,-89.78158533387933,-8.006123348795136,90.1378448607508,False,dwarf
15.018458813605838,-33.70220011658807,,,simbad,,,,,,,,,-25.89776440363164,10.506707100283341,27.947899656273893,False,dwarf
15.02756474122,-33.75995461056,,,simbad,,,,,,,,,-14.527963103619948,-76.18181557619907,77.55469512818776,False,dwarf
15.028797761622918,-33.71071723516,,,simbad,,,,,,,,,-12.988394860377513,-2.2773444199313264,13.186534747843094,False,dwarf
15.110933827888747,-33.731855464613055,,,simbad,,,,,,,,,89.56796101866787,-34.005470791752536,95.80601069249435,False,dwarf
15.03227052723,-33.73979878624,,,simbad,,,,,,,,,-8.652246300113406,-45.928262762170434,46.73613897605147,False,dwarf
15.030250000000002,-33.71736111111111,,,simbad,,,,,,,,,-11.175107682252683,-12.249690317859274,16.58125280530389,False,dwarf
15.056624999999999,-33.70883333333333,,,simbad,,,,,,,,,21.757123057348533,0.5503604907979298,21.76408280636789,False,dwarf
14.996833333333333,-33.675916666666666,,,simbad,,,,,,,,,-52.89967174728471,49.95772273267085,72.76090524179101,False,dwarf
14.948416666666667,-33.69033333333333,,,simbad,,,,,,,,,-113.35346656469791,28.318548890031714,116.83727399024339,False,dwarf
14.989958333333332,-33.716416666666674,,,simbad,,,,,,,,,-61.483902508796724,-10.832095114305051,62.43079810699661,False,dwarf
15.064708333333334,-33.745777777777775,,,simbad,,,,,,,,,31.85009740724496,-54.90262835451265,63.47225618397954,False,dwarf
15.012125000000003,-33.6915,,,simbad,,,,,,,,,-33.806261508046624,26.567401873859087,42.99639705228295,False,dwarf
15.127708333333334,-33.722500000000004,,,simbad,,,,,,,,,110.51286656725232,-19.963075984312574,112.30146071920326,False,dwarf
14.962625,-33.68483333333333,,,simbad,,,,,,,,,-95.6127229909141,36.57395625196247,102.36917052344293,False,dwarf
15.01605111204,-33.67859590965,,,simbad,,,,,,,,,-28.904057617593505,45.93622414193588,54.27320918445249,False,dwarf
15.03565172262,-33.72995422950999,,,simbad,,,,,,,,,-4.430433721564442,-31.15174892509942,31.465222135774095,False,dwarf
14.945440692380002,-33.72941236833,,,simbad,,,,,,,,,-117.0693138399047,-30.338424420657482,120.93652979672456,False,dwarf
14.956795549470003,-33.67826652262,,,simbad,,,,,,,,,-102.89146459997407,46.43062852601276,112.88249090469392,False,dwarf
15.082499999999998,-33.68666666666666,,,simbad,,,,,,,,,54.0650461052053,33.822153797991916,63.77277865902499,False,dwarf
14.9693948960025,-33.68126600641333,,,simbad,,,,,,,,,-87.15972669754954,41.92845387337862,96.72028330295342,False,dwarf
15.123999999999999,-33.71038888888889,,,simbad,,,,,,,,,105.88258452013375,-1.7845021974354225,105.89762109110818,False,dwarf
15.111,-33.69255555555555,,,simbad,,,,,,,,,89.6505845347383,24.983030764000436,93.06653068410388,False,dwarf
15.07334982397,-33.68651505251,,,simbad,,,,,,,,,42.639995552489935,34.04972409344942,54.566958239912836,False,dwarf
15.003,-33.695722222222216,,,simbad,,,,,,,,,-45.19987688241662,20.229917434405387,49.520484949043855,False,dwarf
15.138250000000003,-33.71483333333334,,,simbad,,,,,,,,,123.67535373490223,-8.455538449497979,123.96406435707138,False,dwarf
15.102374999999999,-33.685249999999996,,,simbad,,,,,,,,,78.88127685211276,35.948546603328026,86.68652629279424,False,dwarf
15.031458333333333,-33.74525,,,simbad,,,,,,,,,-9.666364093868273,-54.110442799573775,54.96706845704227,False,dwarf
15.120433555890003,-33.69000856545,,,simbad,,,,,,,,,101.42946754002521,28.80602001275112,105.44061681547603,False,dwarf
15.10827473323,-33.68803203611,,,simbad,,,,,,,,,86.24777452159324,31.772757260840166,91.91401804884748,False,dwarf
15.126083333333334,-33.68980555555555,,,simbad,,,,,,,,,108.4838665690769,29.11073444496104,112.32178847268379,False,dwarf
14.996666666666664,-33.77802777777777,,,simbad,,,,,,,,,-53.10777431120349,-103.30933515856854,116.16046841845625,False,dwarf
14.983304910419998,-33.6770756411,,,simbad,,,,,,,,,-69.79146871126416,48.218121629178825,84.82827570050948,False,dwarf
14.976807735640001,-33.706959760480004,,,simbad,,,,,,,,,-77.9039410908058,3.3625617865264967,77.9764763197719,False,dwarf
15.038989326559998,-33.75032783404001,,,simbad,,,,,,,,,-0.2630500980811482,-61.73218616623011,61.732746611633864,False,dwarf
15.0914640683,-33.72898474887,,,simbad,,,,,,,,,65.2577196832643,-29.696574813708352,71.69697716030765,False,dwarf
15.0325,-33.729250000000015,,,simbad,,,,,,,,,-8.36572306939868,-30.09471229215621,31.23582927379274,False,dwarf
15.009000000000002,-33.68122222222222,,,simbad,,,,,,,,,-37.70818458146334,41.99417320676568,56.439505381864805,False,dwarf
14.96336588238,-33.77759394119,,,simbad,,,,,,,,,-94.68764585388759,-102.65815374755238,139.65832165756302,False,dwarf
15.003750000000002,-33.699416666666664,,,simbad,,,,,,,,,-44.263415344795966,14.684618549861916,46.63569405445648,False,dwarf
14.977874999999997,-33.748694444444446,,,simbad,,,,,,,,,-76.57133839266068,-59.280495894934674,96.83670304586335,False,dwarf
15.00026730206,-33.68247173183,,,simbad,,,,,,,,,-48.61196556873956,40.11868033133514,63.02881648884245,False,dwarf
14.930390499190004,-33.69653609651001,,,simbad,,,,,,,,,-135.8612165814655,19.008305836743624,137.1844957047955,False,dwarf
15.00186970655,-33.75400946480999,,,simbad,,,,,,,,,-46.61117867194695,-67.2582519412106,81.8307670217964,False,dwarf
15.04891848203,-33.68645476902,,,simbad,,,,,,,,,12.13464616684903,34.14020859657229,36.23263005375255,False,dwarf
14.930894741049997,-33.68366473102,,,simbad,,,,,,,,,-135.23161243807718,38.32800864116237,140.55826282719678,False,dwarf
15.064874999999999,-33.69072222222222,,,simbad,,,,,,,,,32.05819997115977,27.734833217970987,42.39043711758037,False,dwarf
15.132624999999999,-33.677166666666665,,,simbad,,,,,,,,,116.65189220275134,48.08149378677706,126.1724771859941,False,dwarf
14.95625,-33.737527777777785,,,simbad,,,,,,,,,-103.5726460606737,-42.51951731162129,111.96071795242673,False,dwarf
14.941416666666665,-33.724333333333334,,,simbad,,,,,,,,,-122.09377424914408,-22.714878438292672,124.18878940092527,False,dwarf
14.968083333333333,-33.68966666666666,,,simbad,,,,,,,,,-88.79736402268597,29.319204327848738,93.5124996981449,False,dwarf
14.948208333333334,-33.71080555555556,,,simbad,,,,,,,,,-113.61359476958945,-2.4099118460698676,113.63915078692868,False,dwarf
15.016666666666666,-33.70491666666667,,,simbad,,,,,,,,,-28.13546664135793,6.429211187921613,28.860686749033906,False,dwarf
15.020541666666665,-33.68397222222222,,,simbad,,,,,,,,,-23.297082030328507,37.86646952579553,44.45923464788679,False,dwarf
15.028625000000002,-33.70294444444445,,,simbad,,,,,,,,,-13.204107680428107,9.389483524779862,16.20218690481174,False,dwarf
15.032041666666666,-33.73447222222222,,,simbad,,,,,,,,,-8.938005120166412,-37.93317988832112,38.971965205360775,False,dwarf
15.004458333333332,-33.73091666666667,,,simbad,,,,,,,,,-43.37897944815998,-32.5963508866749,54.2610168453478,False,dwarf
15.083583333333335,-33.68897222222222,,,simbad,,,,,,,,,55.41771277066353,30.36155374222993,63.189768431084474,False,dwarf
15.044791666666667,-33.68702777777778,,,simbad,,,,,,,,,6.981841019360778,33.280132102495365,34.00460699345268,False,dwarf
14.996916666666667,-33.750861111111114,,,simbad,,,,,,,,,-52.79562046532729,-62.53262606781851,81.83951895787573,False,dwarf
15.01225,-33.699888888888886,,,simbad,,,,,,,,,-33.65018458511647,13.975820948089579,36.43704836818522,False,dwarf
15.00975,-33.69138888888889,,,simbad,,,,,,,,,-36.7717230438427,26.734177780163513,45.46290660741414,False,dwarf
15.09675,-33.701861111111114,,,simbad,,,,,,,,,71.85781531997378,11.015548611221782,72.6972347050811,False,dwarf
14.997666666666666,-33.71527777777778,,,simbad,,,,,,,,,-51.859158927710624,-9.122642074706144,52.65543621614721,False,dwarf
14.984208333333333,-33.69852777777778,,,simbad,,,,,,,,,-68.6634409638738,16.018825800278247,70.50724008936275,False,dwarf
15.054875,-33.713166666666666,,,simbad,,,,,,,,,19.57204613623898,-5.953899854969746,20.457612603675827,False,dwarf
15.051083333333334,-33.688805555555554,,,simbad,,,,,,,,,14.837712807166966,30.61171760167225,34.01815656193759,False,dwarf
15.00675,-33.68397222222222,,,simbad,,,,,,,,,-40.51756919432132,37.86646952579553,55.45757773077199,False,dwarf
15.105791666666667,-33.68772222222222,,,simbad,,,,,,,,,83.14737941238239,32.237782688114166,89.17825595846078,False,dwarf
14.999458333333333,-33.67483333333333,,,simbad,,,,,,,,,-49.622056365620374,51.58378781911277,71.57678145683873,False,dwarf
15.007499999999999,-33.686499999999995,,,simbad,,,,,,,,,-39.58110765670464,34.07231765744378,52.22630480783987,False,dwarf
15.085166666666666,-33.67625,,,simbad,,,,,,,,,57.39468712785428,49.45739501375756,75.76400221774938,False,dwarf
15.126541666666666,-33.68969444444444,,,simbad,,,,,,,,,109.05614861984463,29.27751035126547,112.91774069720886,False,dwarf
15.062166666666664,-33.68783333333333,,,simbad,,,,,,,,,28.67653330753407,32.07100678181929,43.02200644481391,False,dwarf
15.004041666666666,-33.764722222222225,,,simbad,,,,,,,,,-43.89923585794702,-83.3379203789546,94.1931626074878,False,dwarf
15.108041666666665,-33.70461111111111,,,simbad,,,,,,,,,85.95676402523641,6.887844930261178,86.2322891350653,False,dwarf
15.020958333333335,-33.71638888888889,,,simbad,,,,,,,,,-22.77682562053749,-10.790401137721783,25.203502575263634,False,dwarf
15.035166666666663,-33.72730555555556,,,simbad,,,,,,,,,-5.0360820467576355,-27.176133931862132,27.63882012431397,False,dwarf
15.041833333333335,-33.67669444444444,,,simbad,,,,,,,,,3.288020509862847,48.79029138855895,48.90095717523092,False,dwarf
15.072314403960002,-33.68566894122,,,simbad,,,,,,,,,41.347154199630126,35.31972288845431,54.37894799759549,False,dwarf
15.10875,-33.68527777777778,,,simbad,,,,,,,,,86.84119992188033,35.9068526267543,93.97178336836777,False,dwarf
15.057916666666667,-33.745,,,simbad,,,,,,,,,23.36991792769432,-53.735197010400746,58.597136975229,False,dwarf
14.991295655580002,-33.72255098011001,,,simbad,,,,,,,,,-59.81410137891834,-20.039596270757578,63.08178930929656,False,dwarf
15.05019620422,-33.67692514053,,,simbad,,,,,,,,,13.730029749113651,48.444020449810886,50.35212839844252,False,dwarf
14.979212287130002,-33.70974865657,,,simbad,,,,,,,,,-74.90158110999222,-0.8235242703884538,74.90610819553144,False,dwarf
14.981218706260004,-33.76911804121,,,simbad,,,,,,,,,-72.39633531853741,-89.93597063956993,115.45435540695593,False,dwarf
15.002832808659997,-33.72876622959,,,simbad,,,,,,,,,-45.408634561530334,-29.368581055011276,54.0782548343359,False,dwarf
15.12264583131,-33.71241694625,,,simbad,,,,,,,,,104.19174866195726,-4.828582137313964,104.30357469757813,False,dwarf
15.02770276134,-33.713176352779996,,,simbad,,,,,,,,,-14.355629058556689,-5.968438547933275,15.54690787157797,False,dwarf
15.11973894253,-33.70811972306,,,simbad,,,,,,,,,100.56216261314789,1.6214774915290775,100.57523422139634,False,dwarf
14.965673020310001,-33.68996703025,,,simbad,,,,,,,,,-91.80691794264916,28.86836364836021,96.23872714174,False,dwarf
15.026486556000004,-33.729304556870005,,,simbad,,,,,,,,,-15.87420175556175,-30.176601235103682,34.09717794009851,False,dwarf
14.97450869002,-33.73867689646,,,simbad,,,,,,,,,-80.77456481928813,-44.24432509869236,92.09826613560192,False,dwarf
15.058965735530002,-33.73004964433,,,simbad,,,,,,,,,24.679801448796677,-31.294964962833795,39.85558218840896,False,dwarf
15.11289852507,-33.68930165717,,,simbad,,,,,,,,,92.02111214308293,29.86707743437411,96.74671774546538,False,dwarf
14.96831263521,-33.69118387711,,,simbad,,,,,,,,,-88.51105417201701,27.041897007202607,92.54982930502834,False,dwarf
15.001019728799998,-33.74662101149001,,,simbad,,,,,,,,,-47.672473966226235,-56.16830795374095,73.67186432042287,False,dwarf
14.992833333333332,-33.737972222222226,,,simbad,,,,,,,,,-57.8941332812562,-43.186620936829456,72.22752173741844,False,dwarf
15.085208333333332,-33.709,,,simbad,,,,,,,,,57.446712768831006,0.3001966313365134,57.447497125305965,False,dwarf
14.967500000000001,-33.69863888888889,,,simbad,,,,,,,,,-89.52572299638783,15.852049893973819,90.91832908642239,False,dwarf
15.038250000000001,-33.755250000000004,,,simbad,,,,,,,,,-1.1861846143176344,-69.12027436673363,69.13045177395976,False,dwarf
15.130291666666668,-33.70697222222223,,,simbad,,,,,,,,,113.73845630793994,3.343856921342203,113.78759959865386,False,dwarf
14.996875,-33.681444444444445,,,simbad,,,,,,,,,-52.847646106307984,41.66062139415683,67.2939898796679,False,dwarf
14.995374999999997,-33.67886111111111,,,simbad,,,,,,,,,-54.72056918154929,45.53816121567511,71.19034217123513,False,dwarf
15.113416666666668,-33.69875,,,simbad,,,,,,,,,92.66807171151109,15.685273987678938,93.98616565643222,False,dwarf
14.982874999999998,-33.71888888888889,,,simbad,,,,,,,,,-70.32826147520028,-14.542859029509358,71.81614798133023,False,dwarf
14.994874999999999,-33.691111111111105,,,simbad,,,,,,,,,-55.34487687329373,27.15111754591981,61.64607513956097,False,dwarf
14.997416666666666,-33.69508333333333,,,simbad,,,,,,,,,-52.17131277358285,21.188878895639142,56.30998548546315,False,dwarf
15.13060254481,-33.722777006840005,,,simbad,,,,,,,,,114.12662354009446,-20.378858585457404,115.93180787820275,False,dwarf
15.121034373619999,-33.69839691280999,,,simbad,,,,,,,,,102.17965780037468,16.2152519127281,103.45828561693308,False,dwarf
14.958429011920002,-33.727227768030005,,,simbad,,,,,,,,,-100.85189825654919,-27.059376166203243,104.41894090850299,False,dwarf
15.068791666666668,-33.73913888888889,,,simbad,,,,,,,,,36.948610223173866,-44.93776795298299,58.17733911086148,False,dwarf
15.01894561719,-33.747115773939996,,,simbad,,,,,,,,,-25.289933959706364,-56.91093805775416,62.27708752261814,False,dwarf
15.082666666666663,-33.698916666666676,,,simbad,,,,,,,,,54.27314866912012,15.435110128207974,56.425324909390845,False,dwarf
15.039541666666667,-33.69483333333333,,,simbad,,,,,,,,,0.4266102560241837,21.56412468481217,21.568344158341656,False,dwarf
15.039166666666667,-33.70888888888889,,,simbad,,,,,,,,,-0.041620512782169154,0.4669725376409417,0.4688236534082633,False,dwarf
15.15136891044,-33.88299006804,,,simbad,,,,,,,,,140.0558271249367,-260.8559649324218,296.07679603858696,False,dwarf
15.174557713879997,-33.89107247274,,,simbad,,,,,,,,,169.00972382489306,-272.9875182528723,321.07082064433837,False,dwarf
15.1711385452,-33.81155021867,,,simbad,,,,,,,,,164.7404972122943,-153.625954309784,225.25622135547283,False,dwarf
15.1661245308,-33.83895189789,,,simbad,,,,,,,,,158.47992169940252,-194.75541328471112,251.08874245084624,False,dwarf
15.26179897463,-34.03873978475,,,simbad,,,,,,,,,277.94050407259766,-494.63366637727813,567.3741161861001,False,dwarf
15.30270199262,-33.86161315683,,,simbad,,,,,,,,,329.01264156616696,-228.76958126361856,400.73038270373064,False,dwarf
15.20018873821,-33.9276350934,,,simbad,,,,,,,,,201.01301509799626,-327.86739602889094,384.5819309556195,False,dwarf
15.21021789748,-33.90267360175,,,simbad,,,,,,,,,213.5355776460108,-290.40061749576586,360.4579886235532,False,dwarf
15.247125487759998,-33.83334620197,,,simbad,,,,,,,,,259.61896263724327,-186.3413581271225,319.5701918350628,False,dwarf
15.23780761832,-33.82497219407,,,simbad,,,,,,,,,247.98452751308957,-173.7721133150283,302.8086413097574,False,dwarf
15.19811307555,-33.81936196495,,,simbad,,,,,,,,,198.42131076977827,-165.3512539005899,258.28676647109563,False,dwarf
15.160000000000005,-33.87694444444445,,,simbad,,,,,,,,,150.83273832585735,-251.78158574364872,293.50380213970465,False,dwarf
15.224321695454584,-34.16367513094722,,,simbad,,,,,,,,,231.14579676274334,-682.1595166976715,720.2568886045341,False,dwarf
15.265686581869996,-33.95203845707999,,,simbad,,,,,,,,,282.7946302774319,-364.4964338797569,461.3355104745454,False,dwarf
15.263085187113745,-33.916491082480555,,,simbad,,,,,,,,,279.54648876624145,-311.1404233405588,418.2757492588789,False,dwarf
15.22075818432,-33.858064122570006,,,simbad,,,,,,,,,226.69634194085535,-223.4425406167535,318.3045717652116,False,dwarf
15.197146769249997,-33.86493427459,,,simbad,,,,,,,,,197.21476585843163,-233.75452308283772,305.8346627416208,False,dwarf
15.134068666040001,-33.83377441069,,,simbad,,,,,,,,,118.45447582892463,-186.98409220339428,221.34704330763657,False,dwarf
15.136568231539998,-33.81970612932,,,simbad,,,,,,,,,121.57547176426773,-165.86783882309564,205.65197614063595,False,dwarf
15.137752102759999,-33.81117474218,,,simbad,,,,,,,,,123.05367158163223,-153.06237042254557,196.39321609742214,False,dwarf
15.145346625099997,-33.88289281674,,,simbad,,,,,,,,,132.5363090056282,-260.70999236913804,292.464653122307,False,dwarf
15.15196166813,-33.84074236136,,,simbad,,,,,,,,,140.79595349535253,-197.44286879589447,242.5019318665694,False,dwarf
15.165855704210001,-33.89950607993999,,,simbad,,,,,,,,,158.1442606836376,-285.6462206104027,326.5017159773914,False,dwarf
15.17234358799083,-33.90846187211528,,,simbad,,,,,,,,,166.24513217869065,-299.0887138205578,342.1863566946319,False,dwarf
15.173032605030002,-33.92509901914,,,simbad,,,,,,,,,167.10544945328834,-324.06079128045207,364.6088694509477,False,dwarf
15.18582197341,-34.00949151971,,,simbad,,,,,,,,,183.07445155770233,-450.73251318908916,486.49363126243077,False,dwarf
15.200660096480002,-33.81969099102,,,simbad,,,,,,,,,201.60156028505762,-165.8451164897874,261.0513201898831,False,dwarf
15.202701461799997,-33.81409287174,,,simbad,,,,,,,,,204.1504404269294,-157.4424337412208,257.80908104422537,False,dwarf
15.206819790619996,-33.829921292,,,simbad,,,,,,,,,209.29264914585994,-181.20062594889052,276.83402939444017,False,dwarf
15.208121219590002,-33.85367308904,,,simbad,,,,,,,,,210.9176333783305,-216.85167324764976,302.5076796714776,False,dwarf
15.21356444275,-33.80848276085,,,simbad,,,,,,,,,217.71412555168547,-149.02175178802435,263.8312395655727,False,dwarf
15.221080984522082,-33.84832901495194,,,simbad,,,,,,,,,227.09939523897003,-208.830308053231,308.5194205872837,False,dwarf
15.222595141783334,-34.11569150808834,,,simbad,,,,,,,,,228.98999528839482,-610.1369069883311,651.6927674997372,False,dwarf
15.232220996159999,-33.83646924134,,,simbad,,,,,,,,,241.00898514235467,-191.0289876192528,307.53439649929305,False,dwarf
15.24237455752,-33.91512253623,,,simbad,,,,,,,,,253.68687805368322,-309.0862584692897,399.8641610236768,False,dwarf
15.242685238240005,-33.88104027708,,,simbad,,,,,,,,,254.0747987800351,-257.9293615423317,362.05187324574115,False,dwarf
15.256016942399999,-33.82234777151,,,simbad,,,,,,,,,270.7209696823702,-169.83289925636979,319.5826295273056,False,dwarf
15.268566874419996,-33.81351761821001,,,simbad,,,,,,,,,286.39100786432,-156.5789878818602,326.39973779347423,False,dwarf
15.270900933289997,-33.92219850516,,,simbad,,,,,,,,,289.30534967538034,-319.70716865065475,431.17311956731754,False,dwarf
15.28395688097,-33.82562440234,,,simbad,,,,,,,,,305.60720679470035,-174.75106694295818,352.0421853167046,False,dwarf
15.28789999789,-33.987785875,,,simbad,,,,,,,,,310.53064323991816,-418.1527060737424,520.8463938511919,False,dwarf
15.28882565233,-33.8763173915,,,simbad,,,,,,,,,311.68642961350247,-250.84038983567524,400.086655086278,False,dwarf
15.289722089489999,-33.83782508057,,,simbad,,,,,,,,,312.80573484181065,-193.06407946669913,367.58831119915806,False,dwarf
15.290838033540002,-33.94313775587,,,simbad,,,,,,,,,314.1991197497595,-351.1366312805988,471.1878825676769,False,dwarf
15.29240957888,-33.84631900083,,,simbad,,,,,,,,,316.1613754371372,-205.81331071144126,377.24943231807083,False,dwarf
15.29316960093,-33.85426503169,,,simbad,,,,,,,,,317.11035066055973,-217.74016919503137,384.66837116813235,False,dwarf
15.31236535258,-33.98378955205,,,simbad,,,,,,,,,341.0784614684461,-412.1542926370021,534.9819415800779,False,dwarf
15.324746338220002,-34.08363020031,,,simbad,,,,,,,,,356.5375506013478,-562.0134240307771,665.5660100843542,False,dwarf
15.159211557835004,-33.80885492135555,,,simbad,,,,,,,,,149.848277309643,-149.5803584384472,211.72810357447122,False,dwarf
15.25010000030375,-34.02842955802194,,,simbad,,,,,,,,,263.3329847577611,-479.1581897165491,546.7511606150202,False,dwarf
15.18396169344,-33.97879931376,,,simbad,,,,,,,,,180.75167736955825,-404.6640290157195,443.19763678424994,False,dwarf
15.16269705003,-33.95858162150999,,,simbad,,,,,,,,,154.2003164833562,-374.3176134808075,404.8350446361263,False,dwarf
15.235096103529997,-33.82976862266,,,simbad,,,,,,,,,244.59888843372673,-180.9714718410027,304.26845029235864,False,dwarf
15.30060491746,-33.87203727734,,,simbad,,,,,,,,,326.3942012610527,-244.41601057268537,407.765080458231,False,dwarf
15.237939043370002,-33.80843087891,,,simbad,,,,,,,,,248.14862685229767,-148.94387786995543,289.41668881324216,False,dwarf
15.186243877900003,-33.83427583795001,,,simbad,,,,,,,,,183.6012479942841,-187.7367260749916,262.59188217158396,False,dwarf
15.233287499999998,-33.876244444444445,,,simbad,,,,,,,,,242.34063824352924,-250.73089753394706,348.70470017259555,False,dwarf
15.15047413779,-33.88921269241,,,simbad,,,,,,,,,138.93860022941868,-270.19601930234495,303.82531737915355,False,dwarf
15.189323961654585,-33.87075670985251,,,simbad,,,,,,,,,187.44708795270108,-242.49390034292628,306.49584415693585,False,dwarf
15.172095291979998,-33.81539987359,,,simbad,,,,,,,,,165.93510595990665,-159.40422150387246,230.09599132358017,False,dwarf
15.238668972880003,-33.84668583079,,,simbad,,,,,,,,,249.06002806735003,-206.36391630277507,323.4454568126254,False,dwarf
15.313452325079997,-33.93604920461,,,simbad,,,,,,,,,342.4356720533747,-340.49683523383356,482.90815306733305,False,dwarf
15.276458333333332,-34.020583333333335,,,simbad,,,,,,,,,296.2444048617071,-467.381138615149,553.3587228417567,False,dwarf
15.308676672020002,-34.14150537067,,,simbad,,,,,,,,,336.47271817644344,-648.8830799331502,730.933062257123,False,dwarf
15.327462576960002,-34.035016630719994,,,simbad,,,,,,,,,359.9290880773482,-489.0452748883789,607.2184362606603,False,dwarf
15.18682899012,-33.92586873455,,,simbad,,,,,,,,,184.33182811324326,-325.21612114632825,373.8231511143117,False,dwarf
15.275833333333335,-34.01722222222222,,,simbad,,,,,,,,,295.4640202470285,-462.33616744951877,548.6836237691498,False,dwarf
15.300416666666669,-33.95277777777778,,,simbad,,,,,,,,,326.1591484245435,-365.60614179455445,489.94656955521515,False,dwarf
15.218541666666667,-33.86536111111112,,,simbad,,,,,,,,,223.9287639011215,-234.39519751171045,324.168474591281,False,dwarf
15.292083333333332,-33.95277777777778,,,simbad,,,,,,,,,315.75402022877483,-365.60614179455445,483.08224166132766,False,dwarf
15.170833333333333,-33.84027777777777,,,simbad,,,,,,,,,164.35940498034824,-196.7455366640849,256.3646235398576,False,dwarf
15.16295889419,-33.86310245663,,,simbad,,,,,,,,,154.5272591296115,-231.00499517871387,277.9244170842636,False,dwarf
15.27648312447,-33.85412290883,,,simbad,,,,,,,,,296.2753594563237,-217.5268451759953,367.5554611119188,False,dwarf
15.305865447809998,-33.88069857349,,,simbad,,,,,,,,,332.96258038138626,-257.4164702091657,420.86496536202367,False,dwarf
15.27181458439,-33.886041810200005,,,simbad,,,,,,,,,290.4461484939889,-265.4365785132227,393.4660625616884,False,dwarf
15.143041442300003,-33.83132945012,,,simbad,,,,,,,,,129.6580222997949,-183.31424756900017,224.5335523000578,False,dwarf
15.184497066829998,-33.82189940998,,,simbad,,,,,,,,,181.42015282022294,-169.15991615170768,248.04908603291773,False,dwarf
15.200938585280001,-33.83210290646999,,,simbad,,,,,,,,,201.9492856848662,-184.47519252278943,273.5225962236903,False,dwarf
15.246011130239998,-33.85321878401,,,simbad,,,,,,,,,258.2275586950608,-216.16976904959338,336.7652611546589,False,dwarf
15.202499999999999,-33.87277777777778,,,simbad,,,,,,,,,203.89889212426675,-245.52748925733292,319.15279442692196,False,dwarf
15.243333333333338,-33.92583333333333,,,simbad,,,,,,,,,254.88402028353596,-325.1629845163846,413.15472924256903,False,dwarf
15.311583333333333,-34.136694444444444,,,simbad,,,,,,,,,340.10202020687194,-641.6619607004026,726.2227316455197,False,dwarf
14.905090871960006,-33.57545455418,,,simbad,,,,,,,,,-167.45072033745834,200.74966146317652,261.4195293376408,False,dwarf
14.884752188640004,-33.64412740137,,,simbad,,,,,,,,,-192.845913210787,97.67287450731676,216.17015672063624,False,dwarf
15.028416666666667,-33.640861111111114,,,simbad,,,,,,,,,-13.464235885323612,102.57552117084434,103.4554164432485,False,dwarf
14.978875,-33.614444444444445,,,simbad,,,,,,,,,-75.32272300916382,142.2264928940753,160.94063465285475,False,dwarf
14.947649845309996,-33.67306011166,,,simbad,,,,,,,,,-114.31093150702702,54.245363683907314,126.52884470824664,False,dwarf
14.996757379619998,-33.66849764742,,,simbad,,,,,,,,,-52.994508722188364,61.09354566126179,80.87545533825933,False,dwarf
15.08387007296,-33.60309327169,,,simbad,,,,,,,,,55.77574027957272,159.26441200746265,168.74858854466655,False,dwarf
14.52896219643,-33.56006926483,,,simbad,,,,,,,,,-637.0907707767536,223.8427216387191,675.2704748762137,False,dwarf
14.95767593016,-33.54441023322,,,simbad,,,,,,,,,-101.79220772711325,247.34666433579378,267.47341159824396,False,dwarf
15.064326390870004,-33.6622649368,,,simbad,,,,,,,,,31.373198171922557,70.44873932256391,77.11875540796342,False,dwarf
15.093,-33.611361111111115,,,simbad,,,,,,,,,67.17550763187849,146.85452429393965,161.4893189384359,False,dwarf
14.500394343959998,-33.62473155957999,,,simbad,,,,,,,,,-672.7610308441303,126.78570634442998,684.60354947642,False,dwarf
15.067291666666666,-33.61905555555556,,,simbad,,,,,,,,,35.07568714793256,135.30529278254178,139.77777392657603,False,dwarf
15.067324389330002,-33.66594665454,,,simbad,,,,,,,,,35.11654516876168,64.92254300703526,73.81130221781771,False,dwarf
15.09931878951,-33.64970849549,,,simbad,,,,,,,,,75.06524541911277,89.29574623714709,116.6555672305467,False,dwarf
14.900359087180002,-33.61920777390001,,,simbad,,,,,,,,,-173.358899605144,135.0768156113855,219.77045795106,False,dwarf
14.839284634059998,-33.67171852009,,,simbad,,,,,,,,,-249.6174013091505,56.25907003365938,255.87874080780074,False,dwarf
14.866829953820002,-33.64998479523,,,simbad,,,,,,,,,-215.2238913136017,88.88102498121265,232.85437507996278,False,dwarf
14.711650632060003,-33.6664846169,,,simbad,,,,,,,,,-408.98317966301516,64.1150705657354,413.9782403954577,False,dwarf
14.652401164919999,-33.65579000849001,,,simbad,,,,,,,,,-482.9629757977363,80.16749765679809,489.5713060136976,False,dwarf
14.77692056315,-33.6563619643,,,simbad,,,,,,,,,-327.48613962456994,79.30900161962163,336.95265154633296,False,dwarf
14.76981382452,-33.60709134692,,,simbad,,,,,,,,,-336.3597228044464,153.26336842794652,369.6316047458124,False,dwarf
14.79557510405,-33.58099508576,,,simbad,,,,,,,,,-304.19379288484737,192.43341688234761,359.950668234808,False,dwarf
14.704071586090002,-33.60723135986,,,simbad,,,,,,,,,-418.44649305335264,153.0532113632781,445.5589220936573,False,dwarf
14.469511473870003,-33.657453780880005,,,simbad,,,,,,,,,-711.3218575248897,77.67020332280161,715.5497505253319,False,dwarf
15.034736575240002,-33.662582795640006,,,simbad,,,,,,,,,-5.573100818395704,69.97163855749689,70.19323083569375,False,dwarf
15.013684829469998,-33.6360250977,,,simbad,,,,,,,,,-31.858634436186914,109.83429584657523,114.3614669906416,False,dwarf
14.845732504,-33.5581721171,,,simbad,,,,,,,,,-241.56649171130852,226.690308427246,331.2746079199998,False,dwarf
14.714876835950003,-33.6352177242,,,simbad,,,,,,,,,-404.9548918556787,111.04614987125605,419.90440797766564,False,dwarf
14.942753927560004,-33.66863117451,,,simbad,,,,,,,,,-120.4240497259803,60.89312374820799,134.94415241951,False,dwarf
15.00908239197,-33.654701065640005,,,simbad,,,,,,,,,-37.60530870024476,81.80198253327208,90.0317921004267,False,dwarf
15.034583333333334,-33.631,,,simbad,,,,,,,,,-5.764441020455523,117.37688285512604,117.51834498947086,False,dwarf
15.100695833333331,-33.65781388888888,,,simbad,,,,,,,,,76.78464352066482,77.1296872668823,108.8341405005003,False,dwarf
14.492723207586248,-33.61937838787861,,,simbad,,,,,,,,,-682.3393297292625,134.82072690319848,695.5311562382278,False,dwarf
14.891536568570002,-33.64368954808,,,simbad,,,,,,,,,-184.37483206273708,98.3300849207227,208.95665650722648,False,dwarf
14.819687727589999,-33.67068651315,,,simbad,,,,,,,,,-274.0864001964492,57.80809506822027,280.1162805480333,False,dwarf
14.782085551579998,-33.63188900194,,,simbad,,,,,,,,,-321.03705561531575,116.04250591689569,341.36586568903476,False,dwarf
14.721543268854585,-33.620698057142775,,,simbad,,,,,,,,,-396.6310811779991,132.83992556526013,418.2853815047955,False,dwarf
14.73871063995,-33.62454932589,,,simbad,,,,,,,,,-375.19563753414565,127.0592360436913,396.1260101137774,False,dwarf
14.777899387553749,-33.56730582141111,,,simbad,,,,,,,,,-326.2639644163119,212.98077209785026,389.62672362152585,False,dwarf
14.813067860990001,-33.66221942681,,,simbad,,,,,,,,,-282.3520674698729,70.51704905101141,291.0246453676637,False,dwarf
15.013341380850001,-33.61632160345,,,simbad,,,,,,,,,-32.28746966655391,139.40890884426693,143.09900266115682,False,dwarf
14.836807318391667,-33.553293396048886,,,simbad,,,,,,,,,-252.71061576239674,234.013186551274,344.4195505468455,False,dwarf
14.840169513050832,-33.648896970420274,,,simbad,,,,,,,,,-248.51252778866743,90.51383169805827,264.4829487822941,False,dwarf
14.84642968273,-33.57195930597,,,simbad,,,,,,,,,-240.69598362398736,205.99597015492589,316.81050527529527,False,dwarf
14.851949734880002,-33.64806423568,,,simbad,,,,,,,,,-233.8035615918172,91.7637525172228,251.16666118149672,False,dwarf
14.858224584309998,-33.56069866584,,,simbad,,,,,,,,,-225.96868806442623,222.89800132388683,317.4041067468117,False,dwarf
14.91006835631,-33.62445350323,,,simbad,,,,,,,,,-161.23575680696362,127.20306424237937,205.3718306530017,False,dwarf
14.91224812788,-33.603820368079994,,,simbad,,,,,,,,,-158.51406049216317,158.1730525727678,223.9317349861353,False,dwarf
14.920961939310004,-33.62921269653,,,simbad,,,,,,,,,-147.63386149180883,120.05959525953868,190.28942028622305,False,dwarf
14.926305932490003,-33.59645905288,,,simbad,,,,,,,,,-140.96126939798515,169.22226269923124,220.24135320901698,False,dwarf
14.93472102746,-33.56161426657,,,simbad,,,,,,,,,-130.4540523649003,221.52370004988197,257.0817174795093,False,dwarf
14.94884315248,-33.54034797381001,,,simbad,,,,,,,,,-112.82094981732826,253.44404728839544,277.4210731426265,False,dwarf
14.949352709924582,-33.65762081489277,,,simbad,,,,,,,,,-112.18470855325096,77.41948808303856,136.3054876672895,False,dwarf
14.951685005160003,-33.61358815566,,,simbad,,,,,,,,,-109.27256884345861,143.51176793681674,180.3777199046466,False,dwarf
14.95694603949,-33.63183938695,,,simbad,,,,,,,,,-102.70356044594577,116.1169771812085,155.0199139400333,False,dwarf
14.967196023349999,-33.67267629701,,,simbad,,,,,,,,,-89.90527291780285,54.821463008857485,105.30123885717653,False,dwarf
14.969053033846247,-33.64114109298139,,,simbad,,,,,,,,,-87.58658104487999,102.15527309937022,134.56265827167002,False,dwarf
14.992986934579998,-33.64500861876,,,simbad,,,,,,,,,-57.7023444017447,96.3501820475121,112.30724878673809,False,dwarf
14.995888650272082,-33.66945750715306,,,simbad,,,,,,,,,-54.079217550089176,59.65281236912223,80.5172018538621,False,dwarf
14.99896838739,-33.58672589063999,,,simbad,,,,,,,,,-50.233810407543416,183.8315752830637,190.57146632986203,False,dwarf
15.00024495375,-33.62452050344,,,simbad,,,,,,,,,-48.63987001239999,127.10249805566787,136.09144707443676,False,dwarf
15.002082404415836,-33.56526480898249,,,simbad,,,,,,,,,-46.34560084463001,216.0442973758545,220.95939252784984,False,dwarf
15.007853275828749,-33.669579629562776,,,simbad,,,,,,,,,-39.14000202231055,59.46950868908352,71.19383556198846,False,dwarf
15.01523319522,-33.61347287769,,,simbad,,,,,,,,,-29.925321141461957,143.6847982281162,146.76800089690562,False,dwarf
14.365820439990001,-33.58751931471,,,simbad,,,,,,,,,-840.7920775576667,182.64065911783845,860.4004463310883,False,dwarf
15.036518636109998,-33.5738845951,,,simbad,,,,,,,,,-3.347992201797667,203.10614359898938,203.13373579845518,False,dwarf
15.045673217074999,-33.60480426968972,,,simbad,,,,,,,,,8.082558420526437,156.69623282869892,156.904547841441,False,dwarf
15.05729560874,-33.648237140250004,,,simbad,,,,,,,,,22.594455446418902,91.50422566992677,94.25249456843619,False,dwarf
15.094766296040419,-33.624405040466115,,,simbad,,,,,,,,,69.38093203974509,127.27580603470012,144.95807853474858,False,dwarf
15.096001838500003,-33.64619480542,,,simbad,,,,,,,,,70.92364936173972,94.56973585013185,118.20997833326388,False,dwarf
14.425295222130005,-33.562016025830005,,,simbad,,,,,,,,,-766.5309496478133,220.92066616756,797.7315572972508,False,dwarf
14.580112030499999,-33.57812993044,,,simbad,,,,,,,,,-573.2243010938803,196.73396675904263,606.0448440844254,False,dwarf
14.612208899619997,-33.592562256549996,,,simbad,,,,,,,,,-533.1476565487166,175.0712883557144,561.1562881140314,False,dwarf
14.658058155379583,-33.57904908215001,,,simbad,,,,,,,,,-475.8995704856303,195.35433552385052,514.4353385959917,False,dwarf
14.664847084730006,-33.571554106709996,,,simbad,,,,,,,,,-467.42280886125275,206.6041674192991,511.0473209388393,False,dwarf
14.61144346149,-33.6572081783,,,simbad,,,,,,,,,-534.1033943729437,78.03884865863341,539.774487893477,False,dwarf
14.69028925864,-33.58604917565,,,simbad,,,,,,,,,-435.65531912775054,184.8473130849373,473.2484402922243,False,dwarf
14.900306953087087,-33.66341582814472,,,simbad,,,,,,,,,-173.42399503556302,68.72127079892488,186.54354750115093,False,dwarf
14.90479051506,-33.55845000941,,,simbad,,,,,,,,,-167.825750583343,226.273196750548,281.7180188177083,False,dwarf
14.955531427264999,-33.64992377875722,,,simbad,,,,,,,,,-104.46986703175533,88.97260967913634,137.22273277685656,False,dwarf
14.966302978911246,-33.64333977693666,,,simbad,,,,,,,,,-91.02034194217055,98.85508551557764,134.3764509858845,False,dwarf
14.978938564817918,-33.54829371679056,,,simbad,,,,,,,,,-75.24335499966409,241.517620907006,252.9670406993483,False,dwarf
14.998098783053749,-33.66661588634194,,,simbad,,,,,,,,,-51.319611759338436,63.918037344393056,81.97083657672681,False,dwarf
14.998669929355415,-33.655866837046396,,,simbad,,,,,,,,,-50.606469700853104,80.05217928770048,94.70673779775917,False,dwarf
15.016641169986665,-33.66964919849251,,,simbad,,,,,,,,,-28.167302188237016,59.36508689733322,65.70852650068625,False,dwarf
15.017618891339994,-33.640972628449994,,,simbad,,,,,,,,,-26.946504265699332,102.40813552350603,105.8940050878336,False,dwarf
15.025432044622086,-33.64502017732083,,,simbad,,,,,,,,,-17.190880884098814,96.33283284239735,97.85469364835058,False,dwarf
15.094236105199585,-33.64536321128639,,,simbad,,,,,,,,,68.71892759969269,95.81794463791327,117.91255032898754,False,dwarf
14.767137633970004,-33.67119546619999,,,simbad,,,,,,,,,-339.70125549432976,57.04416511262633,344.4575151710592,False,dwarf
14.916083998730004,-33.561670404400004,,,simbad,,,,,,,,,-153.72453313975794,221.43943811258217,269.5675366965626,False,dwarf
14.983666666666666,-33.634083333333336,,,simbad,,,,,,,,,-69.33977429659893,112.7488514552426,132.36429958255226,False,dwarf
14.999833333333331,-33.636583333333334,,,simbad,,,,,,,,,-49.15382559681005,108.99639356346458,119.56718772574389,False,dwarf
14.977958333333332,-33.6615,,,simbad,,,,,,,,,-76.46728711070327,71.59689657531953,104.75381423741919,False,dwarf
14.969,-33.66255555555556,,,simbad,,,,,,,,,-87.6527999211505,70.01252546544178,112.18184815765149,False,dwarf
14.79910232995,-33.60302260666,,,simbad,,,,,,,,,-299.78964436505674,159.37047902726053,339.51845377520453,False,dwarf
14.878654342719997,-33.65238778037,,,simbad,,,,,,,,,-200.45977743267196,85.27418476023408,217.84354237589628,False,dwarf
14.927332656929998,-33.63804131954,,,simbad,,,,,,,,,-139.67928546759964,106.80798082453347,175.83585401320488,False,dwarf
14.91265901381,-33.60018652114,,,simbad,,,,,,,,,-158.0010219991035,163.6273956237746,227.4604307377009,False,dwarf
14.758554425779998,-33.57846838783,,,simbad,,,,,,,,,-350.4183812800849,196.2259479173818,401.6188050565237,False,dwarf
14.814786401180001,-33.61740050999,,,simbad,,,,,,,,,-280.2062717514905,137.78948830005254,312.25229833399214,False,dwarf
15.091083333333334,-33.646972222222225,,,simbad,,,,,,,,,64.78232814685015,93.40284632425355,113.66988053833036,False,dwarf
14.986291666666665,-33.65419444444445,,,simbad,,,,,,,,,-66.06215891493461,82.56241241463758,105.739116623068,False,dwarf
15.025291666666666,-33.62836111111111,,,simbad,,,,,,,,,-17.366158958740332,121.33781062979176,122.57425408874182,False,dwarf
14.91144701354,-33.59162155552999,,,simbad,,,,,,,,,-159.5143441810217,176.48326474225385,237.88898405261625,False,dwarf
15.047752929760001,-33.59740917836,,,simbad,,,,,,,,,10.679319672264405,167.7961403569801,168.13563746975765,False,dwarf
14.8788619339,-33.61392286821,,,simbad,,,,,,,,,-200.20057589184475,143.00937003692616,246.03241759122875,False,dwarf
15.016546051820002,-33.63800640517,,,simbad,,,,,,,,,-28.286068194380487,106.86038670582288,110.54068889243973,False,dwarf
14.973624739240003,-33.64191814878,,,simbad,,,,,,,,,-81.87827936144231,100.98892543383187,130.01082913153982,False,dwarf
14.890531156550002,-33.59119141932,,,simbad,,,,,,,,,-185.63020497765575,177.1288919485441,256.5798459796979,False,dwarf
14.94334565681,-33.62275910961,,,simbad,,,,,,,,,-119.68520748157233,129.74632052684808,176.51814801929748,False,dwarf
14.939425869929998,-33.58956747766,,,simbad,,,,,,,,,-124.57951367995207,179.56640102768918,218.55010319551502,False,dwarf
15.040684402280002,-33.56401191711,,,simbad,,,,,,,,,1.8534475220991693,217.92486697364444,217.93274860194325,False,dwarf
15.05488610287,-33.61074861506,,,simbad,,,,,,,,,19.585909350520595,147.77387055022072,149.06617544728314,False,dwarf
15.067541633749995,-33.64133537613,,,simbad,,,,,,,,,35.38779989354374,101.86365736567194,107.83552788027008,False,dwarf
15.0834704551,-33.61263921257,,,simbad,,,,,,,,,55.2767712720575,144.93611553157427,155.1193057863695,False,dwarf
14.918040747399997,-33.60182492373,,,simbad,,,,,,,,,-151.28130664877744,161.16818093227448,221.04573347246446,False,dwarf
15.03912903329167,-33.62553829183332,,,simbad,,,,,,,,,-0.08861012373703135,125.57481482019561,125.57484608344319,False,dwarf
14.499595496219998,-33.58520287341,,,simbad,,,,,,,,,-673.7584844213632,186.11759849266772,698.9923145489156,False,dwarf
14.945373620769999,-33.56501652191,,,simbad,,,,,,,,,-117.15306048394869,216.41697208969225,246.09174181436154,False,dwarf
15.065,-33.62138888888889,,,simbad,,,,,,,,,32.21427689409788,131.8029987502156,135.6826817075744,False,dwarf
15.002083333333333,-33.60552777777778,,,simbad,,,,,,,,,-46.34444098395208,155.61025937478368,162.3648977852124,False,dwarf
15.087,-33.64405555555555,,,simbad,,,,,,,,,59.68381533092521,97.78071386467558,114.55664893990895,False,dwarf
15.009916666666669,-33.63961111111111,,,simbad,,,,,,,,,-36.56362047992788,104.45175011674768,110.66646486199737,False,dwarf
15.075125,-33.611777777777775,,,simbad,,,,,,,,,44.856507651952796,146.22911464531475,152.95443847329932,False,dwarf
14.970291666666666,-33.63430555555556,,,simbad,,,,,,,,,-86.04000505080869,112.41529964264329,141.5629967996173,False,dwarf
15.029583333333335,-33.648583333333335,,,simbad,,,,,,,,,-12.007517937915923,90.98459568288231,91.77351000483168,False,dwarf
15.068208333333335,-33.668305555555555,,,simbad,,,,,,,,,36.220251249468035,61.381872314338004,71.27159917799155,False,dwarf
15.032791666666668,-33.59963888888889,,,simbad,,,,,,,,,-8.001543582545764,164.44938240876562,164.64393117976687,False,dwarf
15.058666666666664,-33.62563888888889,,,simbad,,,,,,,,,24.306379465311,125.42382033416911,127.75732773477075,False,dwarf
15.014041666666666,-33.67033333333333,,,simbad,,,,,,,,,-31.41308202302623,58.338212024332314,66.25804633688897,False,dwarf
15.039416666666664,-33.625388888888885,,,simbad,,,,,,,,,0.2705333330860852,125.79906612336123,125.79935701661643,False,dwarf
15.081666666666665,-33.626777777777775,,,simbad,,,,,,,,,53.02453328563121,123.7143672945893,134.59883285251607,False,dwarf
15.08045833333333,-33.66566666666667,,,simbad,,,,,,,,,51.51578969724283,65.34280008899418,83.2079209667013,False,dwarf
14.693333333333333,-33.67055555555555,,,simbad,,,,,,,,,-431.85444063715545,58.004660211733004,435.73248502298867,False,dwarf
14.775416666666668,-33.54055555555556,,,simbad,,,,,,,,,-329.363927908838,253.1324705846869,415.39937972010216,False,dwarf
15.058208333333331,-33.62580555555556,,,simbad,,,,,,,,,23.734097414543264,125.17365647471723,127.40389183746919,False,dwarf
15.00960059407,-33.64794108999,,,simbad,,,,,,,,,-36.95827358642911,91.94859212374173,99.09822188126063,False,dwarf
14.630109104970003,-33.59111076697,,,simbad,,,,,,,,,-510.7971847810298,177.2499497674447,540.6767136402187,False,dwarf
15.015935372219998,-33.59337865416,,,simbad,,,,,,,,,-29.048572137329977,173.8458892939172,176.25609994440072,False,dwarf
14.579780669129997,-33.608241399440004,,,simbad,,,,,,,,,-573.6380439979613,151.53715896608543,593.316202432834,False,dwarf
14.79372894041,-33.66507519966,,,simbad,,,,,,,,,-306.49894120619433,66.23058210375343,313.57310306580854,False,dwarf
14.99568462679,-33.64625504474,,,simbad,,,,,,,,,-54.33396440840999,94.47931764544104,108.98862854024043,False,dwarf
15.014928452730002,-33.66124759034,,,simbad,,,,,,,,,-30.305827302476544,71.97575922356458,78.09579428046094,False,dwarf
14.939025179530002,-33.636460419239995,,,simbad,,,,,,,,,-125.07982187740566,109.180885547284,166.028393986609,False,dwarf
15.055291213330001,-33.576826174130005,,,simbad,,,,,,,,,20.091736502891308,198.69088302080473,199.70414335032893,False,dwarf
14.80961436327,-33.60402122639,,,simbad,,,,,,,,,-286.6641578499217,157.87156763255683,327.26101396678126,False,dwarf
14.639783055259997,-33.62327029329,,,simbad,,,,,,,,,-498.7181416298061,128.9790424331787,515.1265652028316,False,dwarf
14.798305112179996,-33.6305235073,,,simbad,,,,,,,,,-300.7850627366748,118.09209037212143,323.1368065912063,False,dwarf
14.989125897810004,-33.63164108936001,,,simbad,,,,,,,,,-62.52329430898914,116.4146185238042,132.14206649394933,False,dwarf
15.08252175484,-33.656647225449994,,,simbad,,,,,,,,,54.09220953309827,78.88082943820262,95.64597422281516,False,dwarf
15.03636067815,-33.66518749144,,,simbad,,,,,,,,,-3.545220940597312,66.06203403333555,66.15709283318935,False,dwarf
14.87684561483,-33.60143806442001,,,simbad,,,,,,,,,-202.71818290067424,161.7488502405826,259.3402248643693,False,dwarf
15.038288264079997,-33.6026119091,,,simbad,,,,,,,,,-1.1384074953993377,159.9869291473186,159.99097933825743,False,dwarf
14.99853358436,-33.65885828092,,,simbad,,,,,,,,,-50.77671215959089,75.56207241916724,91.03791125689023,False,dwarf
15.050594537679999,-33.623890025810006,,,simbad,,,,,,,,,14.227395035026113,128.04883435898452,128.8368066593446,False,dwarf
14.98584684941,-33.61160694984,,,simbad,,,,,,,,,-66.61756458444829,146.48552450261266,160.92205815228897,False,dwarf
14.829834702800005,-33.64750102591999,,,simbad,,,,,,,,,-261.41673085332366,92.60912088069672,277.3358188917085,False,dwarf
15.03167957371,-33.66522630696,,,simbad,,,,,,,,,-9.390119956113702,66.00377259159717,66.66837592977257,False,dwarf
14.911226870760002,-33.65516591464,,,simbad,,,,,,,,,-159.78921784269355,81.1042520138674,179.19401171219056,False,dwarf
14.922902753800003,-33.65211965726001,,,simbad,,,,,,,,,-145.21053066309332,85.67663303225248,168.60184952485076,False,dwarf
14.971268381715415,-33.6080989514125,,,simbad,,,,,,,,,-84.82046361565274,151.75097105607182,173.84725555623538,False,dwarf
14.89211658397,-33.62611773641999,,,simbad,,,,,,,,,-183.65061591163743,124.70507825535937,221.98852508046238,False,dwarf
14.89347521,-33.61336910526,,,simbad,,,,,,,,,-181.95421455016603,143.84055889767745,231.942757111672,False,dwarf
14.897837829910001,-33.58968095062,,,simbad,,,,,,,,,-176.50698021820958,179.39608002598263,251.6697589986532,False,dwarf
14.993291666666666,-33.64486111111111,,,simbad,,,,,,,,,-57.32185123048846,96.57158854398995,112.30256605438694,False,dwarf
15.045833333333334,-33.61841666666667,,,simbad,,,,,,,,,8.28248204383037,136.26425424378508,136.51573716396683,False,dwarf
15.072000000000003,-33.65933333333333,,,simbad,,,,,,,,,40.95458457854402,74.84902674820337,85.3208931221092,False,dwarf
14.980624999999998,-33.62255555555556,,,simbad,,,,,,,,,-73.13764608805825,130.051851734043,149.20656625884655,False,dwarf
14.991041666666666,-33.668277777777774,,,simbad,,,,,,,,,-60.13123584334644,61.42356629091172,85.9570824303744,False,dwarf
15.046291666666667,-33.66683333333333,,,simbad,,,,,,,,,8.854764094598103,63.59165307284065,64.20518038061654,False,dwarf
14.962291666666664,-33.656638888888885,,,simbad,,,,,,,,,-96.0289281187477,78.89334247601654,124.28078903303458,False,dwarf
15.084375,-33.630250000000004,,,simbad,,,,,,,,,56.40619994925692,118.50262022265467,131.24225840921162,False,dwarf
15.047583333333336,-33.618944444444445,,,simbad,,,,,,,,,10.467558964943892,135.47206868885576,135.87586682528516,False,dwarf
15.01525,-33.625277777777775,,,simbad,,,,,,,,,-29.904338434637847,125.96584202966565,129.46684060197052,False,dwarf
14.991208333333333,-33.66536111111111,,,simbad,,,,,,,,,-59.92313327942765,65.80143383133374,88.99781231178349,False,dwarf
15.020124999999998,-33.65241666666667,,,simbad,,,,,,,,,-23.81733844011555,85.23082691547023,88.49609859799386,False,dwarf
14.994666666666665,-33.6295,,,simbad,,,,,,,,,-55.605005078185265,119.62835759019286,131.919901946113,False,dwarf
15.043958333333332,-33.602027777777785,,,simbad,,,,,,,,,5.941328199782722,160.86370042327292,160.97338132326732,False,dwarf
15.04298579947,-33.55557626137,,,simbad,,,,,,,,,4.727007457056998,230.58664415523734,230.63509070016454,False,dwarf
15.072347495939999,-33.56096112391,,,simbad,,,,,,,,,41.38847335492474,222.50405618147573,226.32070330365408,False,dwarf
14.572213472699998,-33.63804062626,,,simbad,,,,,,,,,-583.0865618703642,106.80902142613769,592.7884156187697,False,dwarf
14.933817064980001,-33.58179680978999,,,simbad,,,,,,,,,-131.58275382352525,191.2300426169975,232.12701329892894,False,dwarf
15.020541666666665,-33.649611111111106,,,simbad,,,,,,,,,-23.297082030328507,89.44191854959737,92.42624532545216,False,dwarf
14.432424857210002,-33.59565957121,,,simbad,,,,,,,,,-757.6287776082441,170.42227122000187,776.5597949855157,False,dwarf
14.98907839836,-33.61144206821999,,,simbad,,,,,,,,,-62.582602852969984,146.73300903709418,159.52165408160903,False,dwarf
15.04671610666,-33.63424874877,,,simbad,,,,,,,,,9.384726399642641,112.50056567095812,112.89132103878363,False,dwarf
14.604458333333334,-33.55072222222222,,,simbad,,,,,,,,,-542.8251328450195,237.8724751580943,592.6571009327834,False,dwarf
15.06923193742,-33.65999128116,,,simbad,,,,,,,,,37.498339058683634,73.86145814236356,82.83501935218052,False,dwarf
14.71659419218,-33.42215779437,,,simbad,,,,,,,,,-402.8105744479672,430.8455159169897,589.817105103674,False,dwarf
14.736666666666666,-33.23305555555556,,,simbad,,,,,,,,,-377.74777401916003,714.6847912745873,808.3735099912853,False,dwarf
14.585508467860002,-33.44841234014999,,,simbad,,,,,,,,,-566.4862263901296,391.4378849140163,688.5711745605445,False,dwarf
14.786709670430003,-33.45397898161001,,,simbad,,,,,,,,,-315.2633096841033,383.0824498430585,496.12812640560327,False,dwarf
14.774546208279999,-33.33309782152,,,simbad,,,,,,,,,-330.45079564112336,564.5230351023484,654.1284166744468,False,dwarf
14.6409353845,-33.4514635096,,,simbad,,,,,,,,,-497.27932561388974,386.8581309612615,630.0364601940474,False,dwarf
14.619999496379997,-33.44512512225,,,simbad,,,,,,,,,-523.4201975875982,396.37194361435843,656.5663872962615,False,dwarf
14.855999999999998,-33.37075,,,simbad,,,,,,,,,-228.7463382557658,508.0077493902355,557.1326239827943,False,dwarf
14.879338125039999,-33.448664158350006,,,simbad,,,,,,,,,-199.605996308958,391.05991003724137,439.0562686044091,False,dwarf
14.75894228798,-33.44681221093,,,simbad,,,,,,,,,-349.93409057048797,393.83965192179284,526.8429929013704,False,dwarf
14.672949916249998,-33.36757551038,,,simbad,,,,,,,,,-457.3054887755444,512.7726048410233,687.0691772592392,False,dwarf
14.738544072030002,-33.35845675389001,,,simbad,,,,,,,,,-375.4036168014511,526.4597047426794,646.5970122304617,False,dwarf
14.4542054795,-33.460649783126954,,,simbad,,,,,,,,,-730.4331575549185,373.0696891243293,820.1911914907231,False,dwarf
14.801664419440414,-33.38866708969999,,,simbad,,,,,,,,,-296.59058001344124,481.11449953319,565.1876978613224,False,dwarf
14.634873617131666,-33.24331488000194,,,simbad,,,,,,,,,-504.8481416011428,699.2857180812972,862.4802383768587,False,dwarf
14.746918779120005,-33.44735094528001,,,simbad,,,,,,,,,-364.9468286966333,393.031020736484,536.3390448558564,False,dwarf
14.777416172019999,-33.43647413097,,,simbad,,,,,,,,,-326.8673147652944,409.35693581453216,523.846678295603,False,dwarf
14.834108944890831,-33.429810607006935,,,simbad,,,,,,,,,-256.07984642594647,419.35877304745594,491.36408932420363,False,dwarf
14.847086170136247,-33.33050176823527,,,simbad,,,,,,,,,-239.87628334947786,568.419667356659,616.9615462501807,False,dwarf
14.87673038875,-33.39220757561,,,simbad,,,,,,,,,-202.86205595674184,475.8002898156815,517.2416548729257,False,dwarf
14.899796910020836,-33.43373275600194,,,simbad,,,,,,,,,-174.06084265432608,413.4716934678273,448.6156687462967,False,dwarf
14.938620560945832,-33.456966670003325,,,simbad,,,,,,,,,-125.58503486604621,378.59797988717435,398.8834809276455,False,dwarf
14.94824250187,-33.45034290258,,,simbad,,,,,,,,,-113.57093140907848,388.5401432235884,404.79846758273703,False,dwarf
14.568877865509998,-33.43841232929,,,simbad,,,,,,,,,-587.2514523210853,406.44773278183055,714.1876698296563,False,dwarf
14.7718976031,-33.44823371891,,,simbad,,,,,,,,,-333.757884813669,391.7059923866821,514.6143314628246,False,dwarf
14.755833333333333,-33.16452777777778,,,simbad,,,,,,,,,-353.81597916889655,817.5438314861558,890.8219033658237,False,dwarf
14.682753558240002,-33.36617316993,,,simbad,,,,,,,,,-445.06451057257624,514.8774942364512,680.5742080349605,False,dwarf
14.485113426709997,-33.38113515016,,,simbad,,,,,,,,,-691.8410191963528,492.41981392011945,849.1885944734381,False,dwarf
14.90925410469,-33.42298070235999,,,simbad,,,,,,,,,-162.2524439057296,429.6103448844859,459.22859665437744,False,dwarf
14.593374371139998,-33.37375147076,,,simbad,,,,,,,,,-556.6647385496647,503.50259233410077,750.5934263179543,False,dwarf
14.91539395906375,-33.42598242813889,,,simbad,,,,,,,,,-154.58612728226402,425.1048050492818,452.3394367332084,False,dwarf
14.565554197139999,-33.454534860180004,,,simbad,,,,,,,,,-591.4014357774919,382.2480854723176,704.1798471178589,False,dwarf
14.746249999999998,-33.456944444444446,,,simbad,,,,,,,,,-365.78187659403034,378.6313400767021,526.4580447983767,False,dwarf
14.6128256181,-33.38117511449,,,simbad,,,,,,,,,-532.3776123673015,492.359828133917,725.151103226058,False,dwarf
14.634135294800002,-33.376996383610006,,,simbad,,,,,,,,,-505.7700222224355,498.6320328012375,710.2374388289999,False,dwarf
14.631375,-33.28761111111111,,,simbad,,,,,,,,,-509.21656877268924,632.7978212804688,812.2404794947979,False,dwarf
14.670208333333333,-33.43299999999999,,,simbad,,,,,,,,,-460.7286713804098,414.5715478847287,619.7906718784154,False,dwarf
14.437155122629997,-33.439960030660004,,,simbad,,,,,,,,,-751.7224954368368,404.12465909383565,853.4655530444646,False,dwarf
14.550875,-33.379666666666665,,,simbad,,,,,,,,,-609.730107143808,494.6239829095271,785.12654268397,False,dwarf
14.54041946938,-33.35484588901,,,simbad,,,,,,,,,-622.7850435185154,531.8795521087474,818.9975997411475,False,dwarf
14.847484464449584,-33.34395914261417,,,simbad,,,,,,,,,-239.378966942689,548.2203750803236,598.2038694857797,False,dwarf
14.915383099740001,-33.26470379172999,,,simbad,,,,,,,,,-154.5996864009493,667.1813218370171,684.8590944445881,False,dwarf
14.995572500450006,-33.476434180850006,,,simbad,,,,,,,,,-54.47396708142165,349.37757400313484,353.59878719518224,False,dwarf
14.769685938430001,-33.51348487457,,,simbad,,,,,,,,,-336.5194033437542,293.7651067848257,446.7026379943781,False,dwarf
15.023458333333334,-33.45388888888889,,,simbad,,,,,,,,,-19.65528716180729,383.21767750000225,383.721407614833,False,dwarf
14.83314185021,-33.52567964162,,,simbad,,,,,,,,,-257.28737572172713,275.46096684270105,376.92908876828386,False,dwarf
14.482791666666666,-33.357194444444445,,,simbad,,,,,,,,,-694.7400045032332,528.3544099590416,872.8241841174656,False,dwarf
14.934773446439998,-33.43067996179,,,simbad,,,,,,,,,-130.38860122008776,418.0538861608667,437.91578992122896,False,dwarf
14.708422826780001,-33.52262596484,,,simbad,,,,,,,,,-413.0134669905425,280.0444842555334,499.00404515143526,False,dwarf
14.686755289810002,-33.48816387938,,,simbad,,,,,,,,,-440.06788697366943,331.77149407627746,551.1189249400493,False,dwarf
14.97069750051,-33.50360999267,,,simbad,,,,,,,,,-85.53327467087908,308.5871381912688,320.22174025665606,False,dwarf
14.809251976159999,-33.52098393248,,,simbad,,,,,,,,,-287.1166399702491,282.50914717067155,402.7994329475971,False,dwarf
14.81550649013625,-33.36238471835195,,,simbad,,,,,,,,,-279.30715760323346,520.5638962451376,590.7615918137501,False,dwarf
15.018690196252916,-33.192037428991384,,,simbad,,,,,,,,,-25.608856471014878,776.2523083674173,776.6746164099204,False,dwarf
14.63327526633625,-33.26855951111278,,,simbad,,,,,,,,,-506.8438669925163,661.39395198644,833.2662631069188,False,dwarf
14.696708167315416,-33.19101738719027,,,simbad,,,,,,,,,-427.6405710103941,777.7833739300353,887.5941835862182,False,dwarf
14.695653825040004,-33.517169661340006,,,simbad,,,,,,,,,-428.9570389949398,288.2343039069486,516.800885498496,False,dwarf
14.6996448807,-33.4958804413,,,simbad,,,,,,,,,-423.97374550149675,320.18906460659525,531.2953735618393,False,dwarf
14.809887251019997,-33.52887321979,,,simbad,,,,,,,,,-286.3234260073071,270.6674597998775,394.00758631665985,False,dwarf
14.831230713313332,-33.43479097903444,,,simbad,,,,,,,,,-259.6736506508652,411.88331851999413,486.90684213449964,False,dwarf
14.85651925101,-33.37096454916,,,simbad,,,,,,,,,-228.0979934567826,507.6857147147824,556.5729777346991,False,dwarf
14.95538245234625,-33.532911765014994,,,simbad,,,,,,,,,-104.65587940706213,264.60567143953597,284.55054814994327,False,dwarf
15.0112185058,-33.507029990949995,,,simbad,,,,,,,,,-34.938124111217924,303.45377837700437,305.45845564935826,False,dwarf
14.628426110879998,-33.47778630811,,,simbad,,,,,,,,,-512.898597092137,347.34805376015834,619.4478520021295,False,dwarf
14.459904047649994,-33.53528432849,,,simbad,,,,,,,,,-723.3178376989575,261.04449362531045,768.9817435970702,False,dwarf
14.582436225654169,-33.45314208354972,,,simbad,,,,,,,,,-570.3222752701458,384.33861973543435,687.7380840766743,False,dwarf
14.567858559889997,-33.33356219997,,,simbad,,,,,,,,,-588.5241729986988,563.8260108705578,815.0217621254101,False,dwarf
14.644758954901251,-33.37661152674083,,,simbad,,,,,,,,,-492.5051567910222,499.20969647960777,701.2643228662154,False,dwarf
14.452079166666666,-33.47193888888889,,,simbad,,,,,,,,,-733.0881044687369,356.1249315212875,815.0111261600098,False,dwarf
14.835594134440003,-33.24564463202999,,,simbad,,,,,,,,,-254.22541590745038,695.788799527862,740.77838497201,False,dwarf
14.743666666666666,-33.47922222222223,,,simbad,,,,,,,,,-369.0074663347179,345.19277086320363,505.296506288124,False,dwarf
14.891666666666666,-33.42166666666667,,,simbad,,,,,,,,,-184.2123895778798,431.58269032748444,469.25240869312745,False,dwarf
14.868333333333329,-33.47083333333333,,,simbad,,,,,,,,,-213.3467485260336,357.7843517890018,416.56509394295966,False,dwarf
14.895416666666664,-33.46083333333333,,,simbad,,,,,,,,,-179.53008188978447,372.7941833561426,413.7711365568241,False,dwarf
14.92375,-33.50805555555556,,,simbad,,,,,,,,,-144.15264602417028,301.91442317792536,334.56285549748213,False,dwarf
14.954166666666667,-33.53111111111111,,,simbad,,,,,,,,,-106.17392810961687,267.30842262033417,287.62248836625633,False,dwarf
14.930833333333332,-33.145833333333336,,,simbad,,,,,,,,,-135.30828705777068,845.6038777214056,856.3610515220703,False,dwarf
15.000219569940004,-33.443989338609995,,,simbad,,,,,,,,,-48.671564628051485,398.07673572767334,401.04115590665066,False,dwarf
14.937621493990001,-33.5321234281,,,simbad,,,,,,,,,-126.83248523623614,265.7889518707559,294.4999936294652,False,dwarf
15.015731512099997,-33.32959567483,,,simbad,,,,,,,,,-29.30311501924526,569.7796982963725,570.53271347096,False,dwarf
14.80758001401,-33.37485828049001,,,simbad,,,,,,,,,-289.2042776313539,501.8412895716693,579.209628821232,False,dwarf
14.85880487235,-33.276736517429995,,,simbad,,,,,,,,,-225.24413149082415,649.1204032319455,687.0896714862328,False,dwarf
14.811480427279998,-33.24458083445,,,simbad,,,,,,,,,-284.334161620457,697.3855417775851,753.1218422969978,False,dwarf
14.886048897269998,-33.41473752282,,,simbad,,,,,,,,,-191.2268228674689,441.9832185317969,481.5774737752094,False,dwarf
14.608381244329996,-33.436167908,,,simbad,,,,,,,,,-537.926925826517,409.8165713346935,676.2506929162373,False,dwarf
14.870334413660002,-33.479693281,,,simbad,,,,,,,,,-210.84816884654688,344.4857195719502,403.89028373426646,False,dwarf
14.497666666666667,-33.44499999999999,,,simbad,,,,,,,,,-676.166850673786,396.55975000414645,783.875784339239,False,dwarf
14.760833333333332,-33.20136111111111,,,simbad,,,,,,,,,-347.5729022514361,762.2576185471402,837.7610634379255,False,dwarf
14.993216714979997,-33.43113688598001,,,simbad,,,,,,,,,-57.41543705948214,417.3680506477657,421.29873262834207,False,dwarf
14.950541666666666,-33.42966666666666,,,simbad,,,,,,,,,-110.70015887477805,419.5748250737756,433.932666447907,False,dwarf
14.749694191119998,-33.63004235438,,,simbad,,,,,,,,,-361.48140657791123,118.81429280083667,380.5070872865683,False,dwarf
14.908325851480003,-33.71503783607999,,,simbad,,,,,,,,,-163.41147514350783,-8.762493627733292,163.64623889094838,False,dwarf
14.489714242820002,-33.7651695939,,,simbad,,,,,,,,,-686.0963694247844,-84.00941773208537,691.2205222688011,False,dwarf
14.52517916928,-33.72716395715,,,simbad,,,,,,,,,-641.8143166724124,-26.963597110098767,642.3804578711835,False,dwarf
14.830590641809998,-33.66368663095,,,simbad,,,,,,,,,-260.4728537764625,68.31480034941518,269.282415878265,False,dwarf
14.683875,-33.70583333333335,,,simbad,,,,,,,,,-443.66426113935114,5.0533099609124665,443.69303865835826,False,dwarf
14.882920113450002,-33.67735283653,,,simbad,,,,,,,,,-195.1334704767392,47.80205595762421,200.90323007376534,False,dwarf
14.801015323820002,-33.69310382679,,,simbad,,,,,,,,,-297.40105079044463,24.16008487577903,298.3807881088618,False,dwarf
14.850114294370002,-33.64733358776,,,simbad,,,,,,,,,-236.09532084808583,92.86044273862748,253.7007338420102,False,dwarf
14.866622252089996,-33.78200025428,,,simbad,,,,,,,,,-215.48323088886292,-109.27195547886103,241.60584233101068,False,dwarf
14.82845025796,-33.71990879239,,,simbad,,,,,,,,,-263.14536997814815,-16.073717006153785,263.6358285956793,False,dwarf
14.764541666666666,-33.640361111111105,,,simbad,,,,,,,,,-342.94262020431756,103.32601274921905,358.1702188391081,False,dwarf
14.917916666666667,-33.70472222222222,,,simbad,,,,,,,,,-151.43623576120874,6.721069023956749,151.58531020632964,False,dwarf
14.88742358637,-33.78998749787999,,,simbad,,,,,,,,,-189.51036490968764,-121.26067359102844,224.9851758848856,False,dwarf
14.884293415509994,-33.7756344576,,,simbad,,,,,,,,,-193.41874439844932,-99.71700188310551,217.6104113989676,False,dwarf
14.89977924299,-33.76848979278,,,simbad,,,,,,,,,-174.08290198080834,-88.99298032790904,195.51114369698556,False,dwarf
14.91745291483,-33.715991357780005,,,simbad,,,,,,,,,-152.01528343859394,-10.193713639015112,152.356680840291,False,dwarf
14.73968761291,-33.777719608620004,,,simbad,,,,,,,,,-373.97577406703243,-102.846778443334,387.85994820967056,False,dwarf
14.774141200610002,-33.69791267701,,,simbad,,,,,,,,,-330.9564944483155,16.942081692387756,331.38985402330803,False,dwarf
14.856335437480002,-33.77263243817,,,simbad,,,,,,,,,-228.3275058580351,-95.21102128254056,247.38348470545773,False,dwarf
14.87864794323,-33.719717605979994,,,simbad,,,,,,,,,-200.46776793432906,-15.7867494249333,201.0884070203393,False,dwarf
14.911140001139998,-33.70631184002,,,simbad,,,,,,,,,-159.89768458658705,4.335079483877902,159.9564392273197,False,dwarf
14.87221375705,-33.67576800593,,,simbad,,,,,,,,,-208.5015917789309,50.18085999446353,214.4551992471432,False,dwarf
14.88955840992,-33.66892659035,,,simbad,,,,,,,,,-186.8447913841175,60.449709548137996,196.38009942921568,False,dwarf
14.831476383349997,-33.68379924356,,,simbad,,,,,,,,,-259.3669032638223,38.126107584261604,262.15413517278654,False,dwarf
14.811847276300004,-33.67473735073,,,simbad,,,,,,,,,-283.8761082906596,51.72785609004982,288.55054315305523,False,dwarf
14.81792501435,-33.65970353415,,,simbad,,,,,,,,,-276.28735106459783,74.293361557775,286.10173702696494,False,dwarf
14.85953512278,-33.66211840003,,,simbad,,,,,,,,,-224.33232957012322,70.66868854616182,235.20003748127422,False,dwarf
14.71523471359,-33.67225947952001,,,simbad,,,,,,,,,-404.5080403289708,55.44709904075717,408.29050378721746,False,dwarf
14.65339184466,-33.7067134406,,,simbad,,,,,,,,,-481.7259978342579,3.7322837775788376,481.74045598393315,False,dwarf
14.64081228706,-33.68578714406,,,simbad,,,,,,,,,-497.43302697114336,35.14230241653205,498.6728363775284,False,dwarf
14.638457180970004,-33.69092492349,,,simbad,,,,,,,,,-500.3736486648681,27.430582029183803,501.1249595746081,False,dwarf
14.76546075173,-33.65877179982,,,simbad,,,,,,,,,-341.7950364555031,75.69187909363784,350.0758596452269,False,dwarf
14.776146055849999,-33.628567144449995,,,simbad,,,,,,,,,-328.4532013539797,121.02855805840184,350.04202225643405,False,dwarf
14.636783604430002,-33.63609432927,,,simbad,,,,,,,,,-502.4633020781664,109.73038042608829,514.305479577798,False,dwarf
14.897874560939998,-33.63952295806,,,simbad,,,,,,,,,-176.46111728910353,104.58406636167284,205.12521261819947,False,dwarf
14.89031264243,-33.63345964621,,,simbad,,,,,,,,,-185.9030450693997,113.68499532243482,217.9087431186213,False,dwarf
14.85103220371,-33.75979663798001,,,simbad,,,,,,,,,-234.94920512551377,-75.94470139440502,246.91846155967377,False,dwarf
14.646698110850004,-33.7700873348,,,simbad,,,,,,,,,-490.08389684242,-91.39086399208307,498.53236200418445,False,dwarf
14.88390366502,-33.692784805870005,,,simbad,,,,,,,,,-193.90539285598038,24.638929903326947,195.46451914711565,False,dwarf
14.813075769860005,-33.63702298874,,,simbad,,,,,,,,,-282.3421923331214,108.33647820329806,302.4134687492721,False,dwarf
14.54168373984,-33.68191174985,,,simbad,,,,,,,,,-621.2064559732627,40.959203851372415,622.555312661453,False,dwarf
14.43478225474,-33.77140929960333,,,simbad,,,,,,,,,-754.6852947872816,-93.37511089563466,760.4398763235251,False,dwarf
14.383560055197497,-33.66034998013806,,,simbad,,,,,,,,,-818.6421211123545,73.32305701797858,821.9192132745144,False,dwarf
14.81161754355,-33.75279691799,,,simbad,,,,,,,,,-284.1629561364051,-65.43823958767825,291.6003238004287,False,dwarf
14.67459895311167,-33.77533066451027,,,simbad,,,,,,,,,-455.24647598211584,-99.26101357229822,465.94216670047706,False,dwarf
14.731610544627502,-33.660053678343886,,,simbad,,,,,,,,,-384.06092577807715,73.76780102033197,391.0811721073887,False,dwarf
14.735956064560003,-33.60580002420999,,,simbad,,,,,,,,,-378.6350427410834,155.20162206555432,409.2090408132758,False,dwarf
14.745980149290002,-33.74653744871001,,,simbad,,,,,,,,,-366.1188163417793,-56.04288162844018,370.3833045113195,False,dwarf
14.758845358199999,-33.71169621503,,,simbad,,,,,,,,,-350.0551185849168,-3.746776715572997,350.0751696182643,False,dwarf
14.75986028907,-33.7069320523,,,simbad,,,,,,,,,-348.7878602874525,3.4041512980116373,348.8044720612957,False,dwarf
14.77246905977,-33.64836576583,,,simbad,,,,,,,,,-333.0443552245065,91.31116084082991,345.33501218527954,False,dwarf
14.779059691949998,-33.61215816687,,,simbad,,,,,,,,,-324.8151904976221,145.6581570248896,355.97922226710637,False,dwarf
14.782772707629999,-33.72996900161,,,simbad,,,,,,,,,-320.1790620004256,-31.173921598402153,321.6930915193792,False,dwarf
14.785701445690002,-33.61225773249001,,,simbad,,,,,,,,,-316.5221946044861,145.5087107062707,348.3663080274,False,dwarf
14.785871865470002,-33.70823317357,,,simbad,,,,,,,,,-316.3094058455282,1.4511901868980992,316.31273477258173,False,dwarf
14.811938561428335,-33.7360060991125,,,simbad,,,,,,,,,-283.7621282751415,-40.23550326509584,286.60049051987573,False,dwarf
14.815717781779998,-33.713514963,,,simbad,,,,,,,,,-279.04333560644557,-6.476686784855135,279.11848849203903,False,dwarf
14.828073830989998,-33.75435573986,,,simbad,,,,,,,,,-263.61538248365446,-67.77800495887875,272.18913982414733,False,dwarf
14.834030023499999,-33.64418296874,,,simbad,,,,,,,,,-256.17838888862696,97.58946882088804,274.13695730111925,False,dwarf
14.834322608349996,-33.68165509132001,,,simbad,,,,,,,,,-255.813062943944,41.34444398191883,259.1325649565031,False,dwarf
14.853203457549998,-33.68439803743,,,simbad,,,,,,,,,-232.23814417942464,37.22732807105311,235.20295399338215,False,dwarf
14.856894712510003,-33.604568033350006,,,simbad,,,,,,,,,-227.62918645197104,157.05081959562307,276.5501879595151,False,dwarf
14.86165461794,-33.65673324873,,,simbad,,,,,,,,,-221.68589530810982,78.75170994383285,235.25830059242503,False,dwarf
14.886138441380002,-33.7704454743,,,simbad,,,,,,,,,-191.11501671421718,-91.9284253493231,212.0749513754078,False,dwarf
14.886572909449997,-33.60309678501,,,simbad,,,,,,,,,-190.57253319838475,159.25913857331088,248.35733053155988,False,dwarf
14.89678844889,-33.62536695526,,,simbad,,,,,,,,,-177.8172535029261,125.83198813088914,217.8363258969819,False,dwarf
14.90729792556,-33.600035966680004,,,simbad,,,,,,,,,-164.69495926031325,163.85337533240119,232.3195175046147,False,dwarf
14.90940845354,-33.70299925329999,,,simbad,,,,,,,,,-162.0597215571943,9.307216355764147,162.3267618955308,False,dwarf
14.91850886448,-33.67351918956,,,simbad,,,,,,,,,-150.69680846141145,53.556295488389694,159.930625168837,False,dwarf
14.918765984699998,-33.69094952583,,,simbad,,,,,,,,,-150.3757641993119,27.393654331232533,152.8505242259447,False,dwarf
14.91939880285,-33.785132918550005,,,simbad,,,,,,,,,-149.58561772226687,-113.97403178377652,188.0583339030777,False,dwarf
14.919862235890003,-33.69156585956001,,,simbad,,,,,,,,,-149.0069680993013,26.468547783580654,151.33955386453962,False,dwarf
14.922544088490003,-33.72885172959,,,simbad,,,,,,,,,-145.65836568668388,-29.496915114902265,148.61503119069576,False,dwarf
14.77376389,-33.77550360831,,,simbad,,,,,,,,,-331.4276102803184,-99.52059930274082,346.04712185148907,False,dwarf
14.3320329213,-33.61059512245,,,simbad,,,,,,,,,-882.9796931640313,148.0042603725058,895.297939028377,False,dwarf
14.356714617079998,-33.79270383127,,,simbad,,,,,,,,,-852.1617481224507,-125.33784425745864,861.3299136603919,False,dwarf
14.42806230193,-33.62446038496,,,simbad,,,,,,,,,-763.0759312421881,127.19273488155824,773.603818920113,False,dwarf
14.492585096161244,-33.73102168165279,,,simbad,,,,,,,,,-682.5117777791583,-32.753976612034386,683.2972631228438,False,dwarf
14.5124453655,-33.59785852227001,,,simbad,,,,,,,,,-657.7139399624913,167.1216827164872,678.6142377337612,False,dwarf
14.640379125900001,-33.67846651923,,,simbad,,,,,,,,,-497.9738786590482,46.13043698300046,500.1059898091394,False,dwarf
14.662881572380002,-33.76457484221,,,simbad,,,,,,,,,-469.87697781791036,-83.11670546296979,477.17162636761117,False,dwarf
14.67975411472,-33.72648088772,,,simbad,,,,,,,,,-448.8096618935669,-25.938321400804433,449.5585714076746,False,dwarf
14.681088728299999,-33.59947852521,,,simbad,,,,,,,,,-447.143242846562,164.6900855897331,476.50803132255083,False,dwarf
14.69222088955625,-33.6022149315825,,,simbad,,,,,,,,,-433.2434550504924,160.58278571467645,462.04623406318734,False,dwarf
14.89291760602,-33.62193901259,,,simbad,,,,,,,,,-182.65044745749182,130.97727234074142,224.75816298021908,False,dwarf
14.792175378149999,-33.79253459758999,,,simbad,,,,,,,,,-308.43874294324473,-125.08382735420653,332.8369300633359,False,dwarf
14.39305195483,-33.61033278099,,,simbad,,,,,,,,,-806.7903892126483,148.3980304852719,820.3247573844179,False,dwarf
14.508737202842086,-33.6581904895889,,,simbad,,,,,,,,,-662.344008901653,76.5644159593466,666.754599473531,False,dwarf
14.640654249787497,-33.66145190967778,,,simbad,,,,,,,,,-497.63035474075434,71.66907933896938,502.7647828683951,False,dwarf
14.648606992175,-33.632639945717784,,,simbad,,,,,,,,,-487.7004382547671,114.91535195479985,501.0561401567567,False,dwarf
14.769869067912083,-33.70265377715112,,,simbad,,,,,,,,,-336.29074505525676,9.825770236268738,336.43425950779096,False,dwarf
14.827627170250002,-33.61516157687,,,simbad,,,,,,,,,-264.17308995481477,141.15008920217554,299.51756065055145,False,dwarf
14.848711117640004,-33.68046647819,,,simbad,,,,,,,,,-237.84734889892093,43.128532269918864,241.72594332012122,False,dwarf
14.85549025169,-33.69295153154,,,simbad,,,,,,,,,-229.38281783733922,24.388677480882137,230.67571330390297,False,dwarf
14.859642130090002,-33.777841312219444,,,simbad,,,,,,,,,-224.19871859670803,-103.02945349621328,246.73899916335532,False,dwarf
14.864794555760415,-33.70367752001084,,,simbad,,,,,,,,,-217.7653206423302,8.28914944702075,217.92302510981241,False,dwarf
14.866915097644585,-33.63170762020306,,,simbad,,,,,,,,,-215.11757942441795,116.31475684897529,244.54998597067433,False,dwarf
14.896199565909999,-33.765133489659995,,,simbad,,,,,,,,,-178.55254185083382,-83.95522587595327,197.3055755757452,False,dwarf
14.901002232272916,-33.65300550632028,,,simbad,,,,,,,,,-172.5558587483139,84.34698851339762,192.0675372353363,False,dwarf
14.911593379749581,-33.68913590448972,,,simbad,,,,,,,,,-159.33158908011703,30.115869415653364,162.15277015659015,False,dwarf
14.923979950179998,-33.6534852999,,,simbad,,,,,,,,,-143.86552669198798,83.62682643153806,166.4053360603971,False,dwarf
14.94064029936,-33.72738670421,,,simbad,,,,,,,,,-123.06315841148633,-27.29793669536651,126.05442596765421,False,dwarf
14.77508456924,-33.70908262639999,,,simbad,,,,,,,,,-329.7785898645932,0.17617579666073802,329.77863692330175,False,dwarf
14.779049346819999,-33.697530136009995,,,simbad,,,,,,,,,-324.82810758608247,17.516269290151598,325.3000448321529,False,dwarf
14.77003942542,-33.72497719545999,,,simbad,,,,,,,,,-336.07803405017603,-23.6813046456541,336.9113372398613,False,dwarf
14.931718520319999,-33.76129150997,,,simbad,,,,,,,,,-134.20302896895015,-78.1884790728269,155.31867641775332,False,dwarf
14.83468239122,-33.69604493881,,,simbad,,,,,,,,,-255.36383251774149,19.74552527175377,256.12608755534177,False,dwarf
14.873643259200001,-33.74063192465,,,simbad,,,,,,,,,-206.71669340370417,-47.17878948279775,212.0321426313076,False,dwarf
14.85914998066,-33.67944132775,,,simbad,,,,,,,,,-224.81322394598553,44.66726581346081,229.20765758638652,False,dwarf
14.851884004900002,-33.74219806183,,,simbad,,,,,,,,,-233.885633055999,-49.529535011079595,239.07250822380053,False,dwarf
14.911384310699999,-33.73359371723001,,,simbad,,,,,,,,,-159.59263591163568,-36.61455869191155,163.73892434429678,False,dwarf
14.920208333333331,-33.70686111111112,,,simbad,,,,,,,,,-148.57482550737404,3.5106328276466314,148.6162955984208,False,dwarf
14.915279285300002,-33.77797299399,,,simbad,,,,,,,,,-154.72931070776212,-103.22710561585447,186.0026745128305,False,dwarf
14.841484826660006,-33.61434022047,,,simbad,,,,,,,,,-246.8702069821376,142.38293132423885,284.98736503200695,False,dwarf
14.849179434750003,-33.69708285398,,,simbad,,,,,,,,,-237.2626009510224,18.187632083480842,237.95867660341398,False,dwarf
14.791249999999996,-33.65555555555555,,,simbad,,,,,,,,,-309.59418433688666,80.51940756245845,319.893629147927,False,dwarf
14.764999999999997,-33.71444444444444,,,simbad,,,,,,,,,-342.37033815355375,-7.871822777427706,342.4608211769895,False,dwarf
14.902469198479999,-33.694582395939996,,,simbad,,,,,,,,,-170.7241821750872,21.940777485593532,172.1282780255025,False,dwarf
14.8723740609,-33.77989151924,,,simbad,,,,,,,,,-208.3014339257871,-106.10677970184778,233.76940790923757,False,dwarf
14.884227594966667,-33.66600729655084,,,simbad,,,,,,,,,-193.50092894139848,64.83152037018213,204.07286819833126,False,dwarf
14.71520096819,-33.70000050018,,,simbad,,,,,,,,,-404.5501753545311,13.808294280016842,404.78576231175106,False,dwarf
14.790173460279997,-33.71273296036,,,simbad,,,,,,,,,-310.93836839221734,-5.302913993707081,310.9835845108853,False,dwarf
14.92070833333333,-33.65138888888889,,,simbad,,,,,,,,,-147.95051781562958,86.77350404876472,171.51966862961785,False,dwarf
14.83906871488,-33.6828964923,,,simbad,,,,,,,,,-249.88700131888766,39.48112202022003,252.98670404612426,False,dwarf
14.914221660099999,-33.77428390321,,,simbad,,,,,,,,,-156.04987780245392,-97.68984249148693,184.10559385356092,False,dwarf
14.923256446989999,-33.60680259924,,,simbad,,,,,,,,,-144.76890390502658,153.69677383217416,211.14150189927446,False,dwarf
14.921249999999997,-33.71288888888889,,,simbad,,,,,,,,,-147.27418448290445,-5.5369600892229975,147.3782322533902,False,dwarf
14.891456671809998,-33.65861442426999,,,simbad,,,,,,,,,-184.47459238636966,75.92809714348014,199.48922570391363,False,dwarf
14.902249999999999,-33.76813888888889,,,simbad,,,,,,,,,-170.99787676925314,-88.46627949773223,192.52676818500734,False,dwarf
14.87736758094,-33.62039007175,,,simbad,,,,,,,,,-202.0664479860665,133.30220645232393,242.0750454854108,False,dwarf
14.801375,-33.72791666666667,,,simbad,,,,,,,,,-296.95195357902384,-28.09340141652217,298.27789381304905,False,dwarf
14.89090877078,-33.71059377313001,,,simbad,,,,,,,,,-185.15871004105512,-2.0920299924229724,185.17052814515793,False,dwarf
14.907586083839998,-33.69637102328,,,simbad,,,,,,,,,-164.33516039902648,19.25607797460449,165.45948592431262,False,dwarf
14.838796471419995,-33.722451316279994,,,simbad,,,,,,,,,-250.22692869110497,-19.890002540572162,251.0161907990146,False,dwarf
14.934065452089998,-33.75699882051,,,simbad,,,,,,,,,-131.2726138569228,-71.74522449635657,149.59905209212175,False,dwarf
14.85585681535,-33.71111626315,,,simbad,,,,,,,,,-228.92512081243424,-2.8762787119804845,228.94318928113282,False,dwarf
14.931266536059999,-33.69587517862,,,simbad,,,,,,,,,-134.76738346908343,20.00033245762145,136.24338863048865,False,dwarf
14.39250096496,-33.649135224830005,,,simbad,,,,,,,,,-807.4783636404788,90.15621584204769,812.4958159907429,False,dwarf
14.82148793394,-33.720050941740006,,,simbad,,,,,,,,,-271.8386348543778,-16.287080786243635,272.326114061853,False,dwarf
14.502291666666666,-33.767999999999994,,,simbad,,,,,,,,,-670.392004525136,-88.25780961483498,676.176663815928,False,dwarf
14.739105440569999,-33.75195849774,,,simbad,,,,,,,,,-374.70268340660186,-64.17978491418364,380.15936887539544,False,dwarf
14.84689196374,-33.73879872789,,,simbad,,,,,,,,,-240.11877244340513,-44.427192023085205,244.1941855793947,False,dwarf
14.79272129651,-33.74588237601001,,,simbad,,,,,,,,,-307.75710088081615,-55.059628539315895,312.64356036459844,False,dwarf
14.7895,-33.654333333333334,,,simbad,,,,,,,,,-311.77926125799223,82.35394253176898,322.4724478170271,False,dwarf
14.829527860069996,-33.70223872500999,,,simbad,,,,,,,,,-261.79985940632423,10.448756509261914,262.0082878417417,False,dwarf
14.937499999999998,-33.715,,,simbad,,,,,,,,,-126.98418450115419,-8.705702308949848,127.28225471806832,False,dwarf
14.9245,-33.69727777777777,,,simbad,,,,,,,,,-143.21618448654962,17.895054746181582,144.32985998487717,False,dwarf
14.928416666666667,-33.709,,,simbad,,,,,,,,,-138.32577423453952,0.3001966313365134,138.32609997973,False,dwarf
14.550829166666666,-33.63193888888889,,,simbad,,,,,,,,,-609.787335348886,115.9676264468732,620.7165897054922,False,dwarf
14.804583333333335,-33.76,,,simbad,,,,,,,,,-292.9459792236497,-76.2499443611262,302.70679007643326,False,dwarf
14.840274383599997,-33.683827400889996,,,simbad,,,,,,,,,-248.38158480770502,38.08384390620145,251.2842829113255,False,dwarf
14.84160593703,-33.77863178182,,,simbad,,,,,,,,,-246.71898671106243,-104.21593505254867,267.8268461573829,False,dwarf
14.566346865350004,-33.70059677766,,,simbad,,,,,,,,,-590.4116980564736,12.913291825813689,590.5528988225417,False,dwarf
14.85296856887,-33.778910436169994,,,simbad,,,,,,,,,-232.53142979867857,-104.63419053842138,254.98858734039146,False,dwarf
14.886095528230834,-33.77175187879333,,,simbad,,,,,,,,,-191.1685987324215,-93.88931648968013,212.98036738680142,False,dwarf
14.7987425958,-33.64155423894,,,simbad,,,,,,,,,-300.2388139587131,101.53514797423102,316.94278928772576,False,dwarf
14.824106610559998,-33.76715269962,,,simbad,,,,,,,,,-268.5689149422587,-86.98602601579131,282.30450013289214,False,dwarf
14.815748857378749,-33.73024245655279,,,simbad,,,,,,,,,-279.00453413579623,-31.58437286164539,280.78657852076213,False,dwarf
14.914166666666663,-33.76083333333333,,,simbad,,,,,,,,,-156.118543449308,-77.50076365838554,174.29678131384526,False,dwarf
14.760233319859998,-33.70917733001,,,simbad,,,,,,,,,-348.3220883045449,0.034027273151604476,348.3220899665918,False,dwarf
14.93833656033,-33.74224153836,,,simbad,,,,,,,,,-125.9396424038952,-49.594792550312846,135.35300874723683,False,dwarf
14.851021068409997,-33.71233393715,,,simbad,,,,,,,,,-234.96310883239755,-4.703986876354982,235.01019127841673,False,dwarf
14.68363843749,-33.673963645129994,,,simbad,,,,,,,,,-443.9596367284966,52.88917516391112,447.0988972180736,False,dwarf
14.90417030903,-33.719001506560005,,,simbad,,,,,,,,,-168.60014937333443,-14.711896257000978,169.24080554106163,False,dwarf
14.90627609765,-33.73874031291,,,simbad,,,,,,,,,-165.97082930802074,-44.339512122000045,171.79146811296872,False,dwarf
14.76765661044,-33.71153842005,,,simbad,,,,,,,,,-339.0532534902219,-3.5099291083748874,339.07142065448465,False,dwarf
14.87531025083,-33.70250582742,,,simbad,,,,,,,,,-204.6352620103342,10.047840290725363,204.881794097343,False,dwarf
14.85384808465,-33.643113212379994,,,simbad,,,,,,,,,-231.43325286574793,99.19515509904019,251.79561022214796,False,dwarf
14.751165772899999,-33.72074342343,,,simbad,,,,,,,,,-359.6439669293357,-17.326484139259524,360.06109204036073,False,dwarf
14.8869,-33.640699999999995,,,simbad,,,,,,,,,-190.16412290585703,102.81734623499483,216.18001833509197,False,dwarf
14.865371302450002,-33.67655902238,,,simbad,,,,,,,,,-217.0451858533344,48.993557626340724,222.50613787263046,False,dwarf
14.905123438120002,-33.61963047922,,,simbad,,,,,,,,,-167.4100577291038,134.44234204582273,214.7111333015311,False,dwarf
14.87707720833,-33.65113544728,,,simbad,,,,,,,,,-202.4290116938582,87.1539156349248,220.39353390209018,False,dwarf
14.686286837930002,-33.69893189629,,,simbad,,,,,,,,,-440.6528031974628,15.412250720119314,440.92224987863983,False,dwarf
14.770175792569999,-33.71524464022,,,simbad,,,,,,,,,-335.9077639288852,-9.0729031586263,336.0302716116949,False,dwarf
14.789808257819999,-33.6516998651,,,simbad,,,,,,,,,-311.3943658018602,86.30673399374467,323.1335689553311,False,dwarf
14.74187157613,-33.70030901721,,,simbad,,,,,,,,,-371.2488439935604,13.345215414429124,371.4886255876651,False,dwarf
14.769034971210003,-33.73264710247,,,simbad,,,,,,,,,-337.33221102879406,-35.19370588123438,339.16311345904006,False,dwarf
14.892166398130001,-33.76297496841,,,simbad,,,,,,,,,-183.58841718514216,-80.71532183629704,200.54842333881064,False,dwarf
14.893360338069998,-33.75250184924,,,simbad,,,,,,,,,-182.09764540909643,-64.99534636385395,193.34928888541162,False,dwarf
14.895720167240006,-33.70377214203,,,simbad,,,,,,,,,-179.1511264050129,8.147123390015665,179.33628108031306,False,dwarf
14.3535,-33.63136111111111,,,simbad,,,,,,,,,-856.1755684605715,116.83486115963903,864.1105188637475,False,dwarf
14.459208333333331,-33.685833333333335,,,simbad,,,,,,,,,-724.1865172972593,35.07297309524171,725.0353269164705,False,dwarf
14.929833333333331,-33.68033333333333,,,simbad,,,,,,,,,-136.55690244126356,43.328380457182014,143.26596301074127,False,dwarf
14.496317828970001,-33.66408532316001,,,simbad,,,,,,,,,-677.8510301716785,67.71637005747078,681.2250185354075,False,dwarf
14.761850211049998,-33.79404938643,,,simbad,,,,,,,,,-346.30321309127794,-127.35749988903945,368.9794685010668,False,dwarf
14.535333333333334,-33.66902777777778,,,simbad,,,,,,,,,-629.1356712289144,60.297828923373544,632.0186081006864,False,dwarf
14.3195,-33.70208333333334,,,simbad,,,,,,,,,-898.6284914993074,10.681996798612925,898.6919777042223,False,dwarf
14.57375,-33.75194444444445,,,simbad,,,,,,,,,-581.1680302464259,-64.15869115426042,584.6987404049528,False,dwarf
14.85866302404,-33.66412167313,,,simbad,,,,,,,,,-225.42124547281014,67.6618093647694,235.35687446307432,False,dwarf
14.782936759170003,-33.726203655880006,,,simbad,,,,,,,,,-319.9742247238909,-25.522201078466146,320.99047841882276,False,dwarf
14.835933342170003,-33.66818919797,,,simbad,,,,,,,,,-253.80187591757132,61.55652309040826,261.1600998511416,False,dwarf
14.800405289850001,-33.77248708097,,,simbad,,,,,,,,,-298.162748589841,-94.99284257364371,312.92916896139576,False,dwarf
15.040950190759997,-33.63165298055001,,,simbad,,,,,,,,,2.185315106977268,116.39677004789762,116.41728256448842,False,dwarf
15.090375,-33.66363888888889,,,simbad,,,,,,,,,63.89789225021019,68.38646037899987,93.5929943809257,False,dwarf
15.07825,-33.65838888888889,,,simbad,,,,,,,,,48.75843072536952,76.2666219517576,90.52061748979054,False,dwarf
15.017833333333334,-33.61591666666667,,,simbad,,,,,,,,,-26.67874869395024,140.01671213557265,142.53573344649672,False,dwarf
15.137750000000004,-33.65380555555556,,,simbad,,,,,,,,,123.05104604315778,83.1461280866983,148.50871539450125,False,dwarf
15.073625000000003,-33.65886111111111,,,simbad,,,,,,,,,42.98358457671945,75.55782434998525,86.92855321220536,False,dwarf
15.056014964330002,-33.64894552313,,,simbad,,,,,,,,,20.995423135309878,90.4409548985492,92.84596984033348,False,dwarf
15.111541666666668,-33.63444444444444,,,simbad,,,,,,,,,90.32691786746345,112.20682975977469,144.04625901485448,False,dwarf
15.013291666666664,-33.663694444444445,,,simbad,,,,,,,,,-32.34954356064688,68.30307242585243,75.57646903232138,False,dwarf
15.207716528650003,-33.65843736131,,,simbad,,,,,,,,,210.41233004508953,76.1938656641028,223.78305074299757,False,dwarf
15.16673565995,-33.644669720159996,,,simbad,,,,,,,,,159.2429869573926,96.85886313796033,186.38660966789013,False,dwarf
15.235845086310002,-33.67683431862,,,simbad,,,,,,,,,245.53407985480982,48.58034260698618,250.29389536694714,False,dwarf
15.075146032570002,-33.67790491808,,,simbad,,,,,,,,,44.88276924241294,46.97339084993857,64.96893429023429,False,dwarf
15.204460791299997,-33.65609099621,,,simbad,,,,,,,,,206.347166305261,79.71572015870976,221.20974002659278,False,dwarf
15.155500780860004,-33.65852570826,,,simbad,,,,,,,,,145.21494409394913,76.06125838020917,163.9289328172111,False,dwarf
15.067166666666667,-33.611805555555556,,,simbad,,,,,,,,,34.91961022499844,146.18742066874103,150.30017012646815,False,dwarf
15.009375000000002,-33.64191666666667,,,simbad,,,,,,,,,-37.23995381265302,100.99115006098569,107.6384064849023,False,dwarf
15.236374999999999,-33.67055555555555,,,simbad,,,,,,,,,246.19573824006252,58.004660211733004,252.9365179918629,False,dwarf
15.14968874582,-33.62842722865,,,simbad,,,,,,,,,137.95794773360527,121.23856931755905,183.6605184383316,False,dwarf
15.006509792959998,-33.60815527233,,,simbad,,,,,,,,,-40.8174953996909,151.6664343075309,157.06296580118553,False,dwarf
15.056532171949998,-33.66746489553,,,simbad,,,,,,,,,21.64121652609669,62.64368885320759,66.27649663241779,False,dwarf
15.16441581585,-33.59622634373,,,simbad,,,,,,,,,156.3463939268309,169.57155521378996,230.64844944535656,False,dwarf
15.173241172300003,-33.66651665576,,,simbad,,,,,,,,,167.3658697551048,64.06698077651907,179.2091303050756,False,dwarf
15.04886654811,-33.67270236323999,,,simbad,,,,,,,,,12.06980067541239,54.78233803667565,56.096208865740515,False,dwarf
15.02657462293,-33.66368067981,,,simbad,,,,,,,,,-15.7642400319941,68.32373291031723,70.11878309402333,False,dwarf
15.116860533890002,-33.67816179735,,,simbad,,,,,,,,,96.96813730526765,46.587819392363,107.57901546393086,False,dwarf
15.146269225109998,-33.65294972920999,,,simbad,,,,,,,,,133.68828157092838,84.43070901646199,158.11736544228881,False,dwarf
15.101212345319999,-33.655522063629995,,,simbad,,,,,,,,,77.42956833297667,80.56967837860473,111.74440087209251,False,dwarf
15.090681445739998,-33.64710552070001,,,simbad,,,,,,,,,64.28052511537739,93.20276755428347,113.219882480448,False,dwarf
15.09877372521,-33.63420239407001,,,simbad,,,,,,,,,74.38466974914003,112.57014329487913,134.926336402936,False,dwarf
15.118124246669996,-33.63218930991,,,simbad,,,,,,,,,98.5460285226848,115.59174871210453,151.89724193650167,False,dwarf
15.10247192034,-33.62356709479,,,simbad,,,,,,,,,79.00229307961139,128.53354838079701,150.87158569855194,False,dwarf
15.17565811877,-33.60762259153,,,simbad,,,,,,,,,170.38370629862152,152.46597921623416,228.64050863838645,False,dwarf
15.228254422680001,-33.59068917058,,,simbad,,,,,,,,,236.0562604754761,177.88275884776405,295.57542862179463,False,dwarf
15.094386447869999,-33.65131928243,,,simbad,,,,,,,,,68.90664777076849,86.87798217114984,110.88692390509975,False,dwarf
15.150035210600002,-33.65041202518,,,simbad,,,,,,,,,138.39054898775518,88.23976002220402,164.12860597077045,False,dwarf
15.002374999999999,-33.638888888888886,,,simbad,,,,,,,,,-45.980261497099164,105.53579350771214,115.11728001757197,False,dwarf
15.00928600918,-33.67250074117,,,simbad,,,,,,,,,-37.35106911949717,55.08496936776108,66.55416000984935,False,dwarf
15.03740624398,-33.67877745626,,,simbad,,,,,,,,,-2.239711360805028,45.663725738171344,45.71861935000499,False,dwarf
15.01685217836,-33.66696396336,,,simbad,,,,,,,,,-27.903833887244055,63.395579603051424,69.26487897061352,False,dwarf
15.02291175127,-33.67124536106,,,simbad,,,,,,,,,-20.337757934427188,56.969273768144646,60.49068152591083,False,dwarf
15.025143429411251,-33.661014524309714,,,simbad,,,,,,,,,-17.551250276256148,72.3255874094264,74.42470678731868,False,dwarf
15.037971584190002,-33.65477909624,,,simbad,,,,,,,,,-1.5338188776904325,81.68485991697506,81.69925911540078,False,dwarf
15.04711686171,-33.659907034700005,,,simbad,,,,,,,,,9.885115320084184,73.98791065983713,74.64533762198013,False,dwarf
15.05675459959,-33.60141012895,,,simbad,,,,,,,,,21.91894309911938,161.79078091054032,163.26878714017843,False,dwarf
15.058148641800004,-33.61089278877,,,simbad,,,,,,,,,23.659565647766645,147.5574682398626,149.44223459249744,False,dwarf
15.061242552870004,-33.66602347213,,,simbad,,,,,,,,,27.522670604925732,64.8072410983096,70.40934523201925,False,dwarf
15.063041191899998,-33.60715448374,,,simbad,,,,,,,,,29.768478967124263,153.16860112456476,156.034556142132,False,dwarf
15.076635257889999,-33.58996035311,,,simbad,,,,,,,,,46.74223888644777,178.97670159454916,184.97971945535554,False,dwarf
15.081703942820006,-33.59019616279999,,,simbad,,,,,,,,,53.07107686412838,178.62275522168636,186.34008662256414,False,dwarf
15.082076286630004,-33.66896675057,,,simbad,,,,,,,,,53.535991073240496,60.38942973434458,80.70307034948192,False,dwarf
15.084091306090002,-33.66237672620999,,,simbad,,,,,,,,,56.051975369030096,70.28094530106199,89.89569074867396,False,dwarf
15.084574907210001,-33.59292662181,,,simbad,,,,,,,,,56.655807166934416,174.52438223755794,183.49016453515455,False,dwarf
15.087274220929999,-33.60159828884999,,,simbad,,,,,,,,,60.026211802595235,161.50835606988977,172.30233655922464,False,dwarf
15.08868668133,-33.66891199345999,,,simbad,,,,,,,,,61.789831586610454,60.47161923417899,86.45692580878185,False,dwarf
15.10028168633,-33.660616568189994,,,simbad,,,,,,,,,76.26753320127831,72.92291284224018,105.52008262887708,False,dwarf
15.108086881719997,-33.67079764201,,,simbad,,,,,,,,,86.01322023639194,57.64129252113359,103.54126065941517,False,dwarf
15.110715506480002,-33.60149925363,,,simbad,,,,,,,,,89.29536154916184,161.6570062670166,184.6798561549412,False,dwarf
15.112656855331247,-33.60491167476945,,,simbad,,,,,,,,,91.7193595895526,156.53501961309036,181.42671602823063,False,dwarf
15.123284763040001,-33.65159302767999,,,simbad,,,,,,,,,104.98952864903568,86.46709516168572,136.0123511731442,False,dwarf
15.130066899905,-33.629123323094724,,,simbad,,,,,,,,,113.45780907162407,120.19374328053556,165.28523939880532,False,dwarf
15.1313587381,-33.602820501260005,,,simbad,,,,,,,,,115.0708181148836,159.67383582852923,196.8172427147193,False,dwarf
15.136896507611247,-33.60208403259584,,,simbad,,,,,,,,,121.9853623168612,160.77926288888577,201.81773954404835,False,dwarf
15.138744856498336,-33.620279418447225,,,simbad,,,,,,,,,124.29323917134118,133.46829519602886,182.38035838937955,False,dwarf
15.14130637164,-33.62568764008001,,,simbad,,,,,,,,,127.49158638227193,125.35064561743825,178.79286606287425,False,dwarf
15.14185585089,-33.65128611277999,,,simbad,,,,,,,,,128.17767462672924,86.92776925713486,154.87399181507962,False,dwarf
15.14834485787,-33.6529191603,,,simbad,,,,,,,,,136.2799485655462,84.47659243548044,160.3387634059156,False,dwarf
15.14906889974,-33.63176624515,,,simbad,,,,,,,,,137.18399838271915,116.22676179106217,179.8001934612591,False,dwarf
15.155127536080002,-33.60847537706,,,simbad,,,,,,,,,144.74890491983228,151.18596249942007,209.3070489313886,False,dwarf
15.16555694308,-33.65343944135,,,simbad,,,,,,,,,157.77122294073092,83.6956593426692,178.59653462768517,False,dwarf
15.18187975605,-33.60428295142,,,simbad,,,,,,,,,178.1521383169372,157.47872277084917,237.77664416934454,False,dwarf
15.18777895297,-33.64331061495,,,simbad,,,,,,,,,185.5179663414976,98.89885716636337,210.23296550326683,False,dwarf
15.189405050789999,-33.66662123686,,,simbad,,,,,,,,,187.54833709461175,63.91000630689425,198.13850623516214,False,dwarf
15.192409296859996,-33.655436801579995,,,simbad,,,,,,,,,191.29948495340705,80.69765527956486,207.62370893291134,False,dwarf
15.20230521942,-33.68132092471,,,simbad,,,,,,,,,203.65568609567333,41.84602243507829,207.91038471595522,False,dwarf
15.20464227579583,-33.68130824375305,,,simbad,,,,,,,,,206.57377063862566,41.86505633787285,210.7733513944132,False,dwarf
15.204991498074168,-33.63759993361833,,,simbad,,,,,,,,,207.00981494761524,107.47049365856776,233.24444364627888,False,dwarf
15.22007642544,-33.62474347475,,,simbad,,,,,,,,,225.8450873154561,126.76782187493485,258.99050972466387,False,dwarf
15.220555987159994,-33.67898014335999,,,simbad,,,,,,,,,226.44387545637383,45.3594958149941,230.94222782395647,False,dwarf
15.22787445152875,-33.62530695982361,,,simbad,,,,,,,,,235.58182265074115,125.92204027038933,267.1238577688313,False,dwarf
15.23034669991,-33.67852713172999,,,simbad,,,,,,,,,238.66871001138173,46.03945864142145,243.0686834836857,False,dwarf
15.251891852509997,-33.66502375074,,,simbad,,,,,,,,,265.57031898742713,66.30780606611309,273.72307077114465,False,dwarf
15.258423725019997,-33.65800171304,,,simbad,,,,,,,,,273.7261154864211,76.8477663796281,284.3089261645217,False,dwarf
15.26547743043,-33.63305527038,,,simbad,,,,,,,,,282.53348057197394,114.291956632252,304.77503013689056,False,dwarf
15.271722879509998,-33.66118008983,,,simbad,,,,,,,,,290.3316443700763,72.07707635214678,299.14472861493925,False,dwarf
15.141448722720003,-33.66894604372,,,simbad,,,,,,,,,127.66932813061966,60.42051036743157,141.24480669527193,False,dwarf
15.008395667535002,-33.6764485328625,,,simbad,,,,,,,,,-38.4627633940053,49.15940053109291,62.418193088871554,False,dwarf
15.009923872387082,-33.667291966778336,,,simbad,,,,,,,,,-36.55462330657083,62.90325199677071,72.75341639300886,False,dwarf
15.049985943639166,-33.66476201288945,,,simbad,,,,,,,,,13.467495153340879,66.70067017126757,68.04669593008528,False,dwarf
15.180436467579584,-33.679665266925,,,simbad,,,,,,,,,176.3500261299592,44.331136883651425,181.83668885413178,False,dwarf
15.202986344550004,-33.61396621378001,,,simbad,,,,,,,,,204.50614941107995,142.94430906640974,249.51120343868374,False,dwarf
15.226267777594582,-33.66333332273805,,,simbad,,,,,,,,,233.5757048602838,68.8451100246763,243.51028535831537,False,dwarf
15.039416666666664,-33.649055555555556,,,simbad,,,,,,,,,0.2705333330860852,90.27579808110042,90.27620343957717,False,dwarf
15.0225,-33.63022222222222,,,simbad,,,,,,,,,-20.851876904319475,118.54431419923795,120.36426047378241,False,dwarf
15.001666666666667,-33.63688888888888,,,simbad,,,,,,,,,-46.86469739373913,108.5377598211441,118.22328522249373,False,dwarf
15.112083333333334,-33.64930555555556,,,simbad,,,,,,,,,91.00325120018859,89.90055229191785,127.92068257868421,False,dwarf
15.126541666666666,-33.654916666666665,,,simbad,,,,,,,,,109.05614861984463,81.47836902369221,136.13217169557902,False,dwarf
15.0945,-33.67905555555555,,,simbad,,,,,,,,,69.04843070711581,45.24630337964952,82.55249089299885,False,dwarf
15.023916666666667,-33.617472222222226,,,simbad,,,,,,,,,-19.083005111039558,137.68184944734884,138.9980314655945,False,dwarf
15.007791666666668,-33.623472222222226,,,simbad,,,,,,,,,-39.216928169847755,128.67595050705293,134.5193952334478,False,dwarf
15.158666666666667,-33.64875,,,simbad,,,,,,,,,149.16791781453088,90.73443182343044,174.59611915344334,False,dwarf
15.05575,-33.66136111111111,,,simbad,,,,,,,,,20.66458459679376,71.80536645818813,74.71971432461942,False,dwarf
15.09604166666667,-33.67069444444444,,,simbad,,,,,,,,,70.9733794233378,57.79619032884531,91.52934066897446,False,dwarf
15.0315,-33.66416666666667,,,simbad,,,,,,,,,-9.614338452891554,67.59427482407054,68.27460357174347,False,dwarf
15.11540961767,-33.60425371712999,,,simbad,,,,,,,,,95.15650099281682,157.52260294773944,184.03295933236285,False,dwarf
15.25073734105,-33.6210723191,,,simbad,,,,,,,,,264.1287782180565,132.27816467125965,295.4006166746443,False,dwarf
15.057833333333333,-33.62697222222223,,,simbad,,,,,,,,,23.265866645736914,123.42250945854461,125.59624354184224,False,dwarf
15.090708333333335,-33.624861111111116,,,simbad,,,,,,,,,64.3140973780438,126.591251678281,141.99171850156043,False,dwarf
15.028108818839998,-33.65730040604001,,,simbad,,,,,,,,,-13.848619417477726,77.90041637430245,79.12179934164686,False,dwarf
15.13688244665,-33.642357264279994,,,simbad,,,,,,,,,121.96780558434078,100.32982046449223,157.93105607668429,False,dwarf
14.996865217689997,-33.61916505768999,,,simbad,,,,,,,,,-52.85986044906289,135.1409319231438,145.11111717490905,False,dwarf
15.204133291569999,-33.67250863851,,,simbad,,,,,,,,,205.93824510429747,55.07311559343475,213.17506621977515,False,dwarf
15.20188764087,-33.62451205169,,,simbad,,,,,,,,,203.13429109432693,127.11518399007416,239.62848373936092,False,dwarf
15.007291890310004,-33.67424013756,,,simbad,,,,,,,,,-39.840956617086526,52.47416468352317,65.88504977153832,False,dwarf
15.13282478263,-33.633410983169995,,,simbad,,,,,,,,,116.90134386792599,113.75803772583649,163.11595674660379,False,dwarf
15.11979755483,-33.6132275181,,,simbad,,,,,,,,,100.63534683259007,144.05307884004893,175.72354012884287,False,dwarf
15.046669595349998,-33.67739822653,,,simbad,,,,,,,,,9.326651662469086,47.733926332136576,48.63655162853221,False,dwarf
15.15638361612,-33.67667884814001,,,simbad,,,,,,,,,146.31726578066844,48.81370117881944,154.2449989085735,False,dwarf
15.07792695222,-33.59825222632001,,,simbad,,,,,,,,,48.355068297655876,166.53073956871123,173.4090535450006,False,dwarf
15.14985154419,-33.636705510249996,,,simbad,,,,,,,,,138.16122028279557,108.81300806941697,175.86583953441942,False,dwarf
15.193333333333337,-33.60600000000001,,,simbad,,,,,,,,,192.453251108928,154.90146177299223,247.04800489339286,False,dwarf
15.211041666666667,-33.665083333333335,,,simbad,,,,,,,,,214.5641485249309,66.2183735970805,224.54987605000173,False,dwarf
15.032333333333336,-33.657777777777774,,,simbad,,,,,,,,,-8.573825633309527,77.18388943642718,77.658632968428,False,dwarf
15.094,-33.664972222222225,,,simbad,,,,,,,,,68.42412301536739,66.38514950337537,95.33545345257255,False,dwarf
15.090375,-33.66825,,,simbad,,,,,,,,,63.89789225021019,61.46526026748545,88.66182297792662,False,dwarf
15.064666666666668,-33.660472222222225,,,simbad,,,,,,,,,31.798071766268244,73.13957370859492,79.75283449713706,False,dwarf
15.078083333333332,-33.635666666666665,,,simbad,,,,,,,,,48.55032816145073,110.37229479045463,120.57851310202649,False,dwarf
15.028458333333333,-33.63630555555556,,,simbad,,,,,,,,,-13.412210244346895,109.41333332921133,110.23232236439397,False,dwarf
15.042416666666668,-33.67366666666666,,,simbad,,,,,,,,,4.016379483568678,53.334934835285395,53.48594748193371,False,dwarf
15.089083333333335,-33.66877777777778,,,simbad,,,,,,,,,62.28509737986837,60.673074712556115,86.95202902000104,False,dwarf
15.027791666666669,-33.627944444444445,,,simbad,,,,,,,,,-14.244620500006162,121.96322027841666,122.79224859033562,False,dwarf
15.04775,-33.670111111111105,,,simbad,,,,,,,,,10.67566152885871,58.67176383694117,59.63510393062589,False,dwarf
15.167499999999999,-33.67355555555555,,,simbad,,,,,,,,,160.19735370204,53.501710741580276,168.8953083582023,False,dwarf
15.101999999999999,-33.65911111111111,,,simbad,,,,,,,,,78.41304608330641,75.18257856080268,108.63252696643856,False,dwarf
15.05525,-33.61055555555556,,,simbad,,,,,,,,,20.040276905045335,148.06364961462526,149.4137110028173,False,dwarf
15.050083333333335,-33.64194444444444,,,simbad,,,,,,,,,13.589097423674092,100.94945608441196,101.85998356827241,False,dwarf
15.1055,-33.67019444444444,,,simbad,,,,,,,,,82.78319992552947,58.54668190721046,101.39414259341744,False,dwarf
15.069583333333332,-33.65988888888889,,,simbad,,,,,,,,,37.93709740176726,74.01514721669078,83.17130140126211,False,dwarf
15.173875,-33.64872222222222,,,simbad,,,,,,,,,168.15727677180757,90.7761258000137,191.09467482525568,False,dwarf
15.029541666666667,-33.637388888888886,,,simbad,,,,,,,,,-12.05954357889661,107.78726824277895,108.45979802015164,False,dwarf
15.125041666666666,-33.61819444444445,,,simbad,,,,,,,,,107.18322554460335,136.5978060563844,173.62950341909902,False,dwarf
15.127791666666667,-33.656194444444445,,,simbad,,,,,,,,,110.61691784920973,79.56044610121515,136.25698917223724,False,dwarf
15.095208333333334,-33.660777777777774,,,simbad,,,,,,,,,69.93286660375577,72.68093996627445,100.86190988574374,False,dwarf
15.054,-33.63188888888889,,,simbad,,,,,,,,,18.479507675684207,116.04267560470971,117.50487124130456,False,dwarf
15.168002512639998,-33.61202632552,,,simbad,,,,,,,,,160.8247987147438,145.85604867060064,217.11426211890935,False,dwarf
15.130143881190001,-33.62422648431,,,simbad,,,,,,,,,113.55392908831799,127.54381581755636,170.7686146945553,False,dwarf
15.081101393730002,-33.67180783012999,,,simbad,,,,,,,,,52.318724801040034,56.12501716791041,76.72852479296861,False,dwarf
15.02477913934,-33.60600275609,,,simbad,,,,,,,,,-18.006108463273964,154.89732492832832,155.9403771059417,False,dwarf
15.09160677343,-33.6415276372,,,simbad,,,,,,,,,65.43590350388394,101.57507673791932,120.82778522212433,False,dwarf
15.11389283896,-33.66305309204001,,,simbad,,,,,,,,,93.26262776215654,69.26573158243166,116.17081952345883,False,dwarf
15.00965704096,-33.68078133027,,,simbad,,,,,,,,,-36.88779313122306,42.6559446009791,56.39360683529389,False,dwarf
15.128164785219997,-33.62515339494999,,,simbad,,,,,,,,,111.08279941476404,126.1525385591522,168.08881970773393,False,dwarf
15.07404981394,-33.599927634939995,,,simbad,,,,,,,,,43.51401379732298,164.01597944949242,169.69004364290186,False,dwarf
15.112602936460004,-33.63948294817,,,simbad,,,,,,,,,91.65203565745568,104.6441205326707,139.1060300713511,False,dwarf
15.177366037270003,-33.596526623269995,,,simbad,,,,,,,,,172.5162396114745,169.12084068195753,241.58582674208301,False,dwarf
15.092750000000002,-33.625499999999995,,,simbad,,,,,,,,,66.86335378600626,125.63229021706634,142.31718246472497,False,dwarf
15.044958333333335,-33.663888888888884,,,simbad,,,,,,,,,7.189943583275595,68.01121458983638,68.3902083540872,False,dwarf
15.014583333333333,-33.68025,,,simbad,,,,,,,,,-30.736748690301088,43.453462386903176,53.22547429061328,False,dwarf
15.086375,-33.65083333333333,,,simbad,,,,,,,,,58.90343071624267,87.60738358027731,105.5683087291117,False,dwarf
15.075541666666666,-33.67783333333333,,,simbad,,,,,,,,,45.376764061743806,47.08083834896959,65.3885009489969,False,dwarf
15.135083333333336,-33.64133333333333,,,simbad,,,,,,,,,119.72140502050878,101.86672356907201,157.19428803484698,False,dwarf
15.029750000000002,-33.68119444444444,,,simbad,,,,,,,,,-11.799415374001104,42.035867183339406,43.6605122854,False,dwarf
15.130666666666666,-33.611444444444444,,,simbad,,,,,,,,,114.20668707674629,146.72944236421847,185.9373459785859,False,dwarf
15.10667017176,-33.59117933393,,,simbad,,,,,,,,,84.24429438639189,177.14703191536984,196.1585380580874,False,dwarf
15.182735139409997,-33.62887423508,,,simbad,,,,,,,,,179.2201831390126,120.56762019517731,216.00098398829053,False,dwarf
15.010019,-33.67227899999999,,,simbad,,,,,,,,,-36.43584550568563,55.41779912909561,66.3227208279861,False,dwarf
15.045833333333334,-33.68088888888889,,,simbad,,,,,,,,,8.28248204383037,42.49450092566942,43.29413491141833,False,dwarf
15.086583333333333,-33.66041666666667,,,simbad,,,,,,,,,59.1635589211342,73.22296166175191,94.1378182174035,False,dwarf
15.01379706169,-33.64778498789,,,simbad,,,,,,,,,-31.718499559769754,92.18289874656516,97.48717882697498,False,dwarf
15.164272505403334,-33.59161053893834,,,simbad,,,,,,,,,156.16745429850633,176.49980046076297,235.67022159103004,False,dwarf
15.044129205370004,-33.63756535062,,,simbad,,,,,,,,,6.154681653376301,107.52240215657416,107.69840793518941,False,dwarf
15.1071266976,-33.58736538585,,,simbad,,,,,,,,,84.8143195731794,182.87170374403638,201.5825608402374,False,dwarf
15.146701887809998,-33.62975774155999,,,simbad,,,,,,,,,134.22851087400952,119.24149184985878,179.54338336467325,False,dwarf
15.13033698666,-33.65729532276999,,,simbad,,,,,,,,,113.79504354879431,77.90804627698367,137.9093021190689,False,dwarf
15.112499999999999,-33.605000000000004,,,simbad,,,,,,,,,91.52350760997165,156.402444929713,181.21334726014098,False,dwarf
15.019581633729999,-33.65462855980999,,,simbad,,,,,,,,,-24.49579392370735,81.91081256288734,85.49517609002979,False,dwarf
15.160262034809998,-33.62238312403,,,simbad,,,,,,,,,151.15991902062538,130.31066854959494,199.57502713557227,False,dwarf
14.907416218000002,-33.687615542790006,,,simbad,,,,,,,,,-164.54725749997624,32.397906719036754,167.70636335732434,False,dwarf
14.87386207327,-33.772963358430005,,,simbad,,,,,,,,,-206.44347878977794,-95.7077270190263,227.54972851219566,False,dwarf
14.96027461806,-33.81159679246999,,,simbad,,,,,,,,,-98.54744603827866,-153.69586079910903,182.57605743209197,False,dwarf
14.883994630579997,-33.79493582523,,,simbad,,,,,,,,,-193.79181185840017,-128.68802959730186,232.62819112265308,False,dwarf
14.890345784512496,-34.00670263970916,,,simbad,,,,,,,,,-185.8616633553545,-446.5464512817423,483.68201440361264,False,dwarf
14.948625,-33.776888888888884,,,simbad,,,,,,,,,-113.09333835980242,-101.5998821189792,152.02841585688915,False,dwarf
14.88733333333333,-33.78997222222222,,,simbad,,,,,,,,,-189.62305623968092,-121.23774508600337,225.0677548899796,False,dwarf
14.9442050427,-33.76861039306,,,simbad,,,,,,,,,-118.61216503896111,-89.17399931688496,148.39423118638254,False,dwarf
14.909371265850003,-33.77605973890001,,,simbad,,,,,,,,,-162.1061546789998,-100.35534195129014,190.65571075363093,False,dwarf
14.963286771610003,-34.05900822988,,,simbad,,,,,,,,,-94.78642477830445,-525.056261130209,533.543384997216,False,dwarf
14.98087371539,-34.025713986869995,,,simbad,,,,,,,,,-72.8270962259892,-475.08216315661576,480.6317173203187,False,dwarf
14.96823548357,-34.00781782077,,,simbad,,,,,,,,,-88.60738689658021,-448.2203192707452,456.8946526496114,False,dwarf
14.945538442010003,-33.98004448861,,,simbad,,,,,,,,,-116.9472621481543,-406.533015492726,423.019804275826,False,dwarf
14.964473906890001,-33.85503104363999,,,simbad,,,,,,,,,-93.30414940541343,-218.88994022981433,237.94635998493317,False,dwarf
14.87882478902,-33.889317975320004,,,simbad,,,,,,,,,-200.24695556043108,-270.3540471769597,336.43744446209166,False,dwarf
14.87781425111,-33.85365755311,,,simbad,,,,,,,,,-201.50872874045766,-216.82835407838817,296.0072683076181,False,dwarf
14.948901880119998,-33.83121696524,,,simbad,,,,,,,,,-112.74762158259081,-183.1454096587368,215.06805260567555,False,dwarf
14.9539843613,-33.71232419894,,,simbad,,,,,,,,,-106.40155739493213,-4.689369987174619,106.5048431149666,False,dwarf
14.858436583899998,-33.72298974659,,,simbad,,,,,,,,,-225.70398211505864,-20.698177366965442,226.65105799203556,False,dwarf
14.94224425048,-33.69968338745,,,simbad,,,,,,,,,-121.06044036868659,14.284275146531078,121.90024913314215,False,dwarf
14.9308876381,-33.7928190816,,,simbad,,,,,,,,,-135.24048129071082,-125.5108330615935,184.5073358854826,False,dwarf
14.909471573920005,-33.76233577793,,,simbad,,,,,,,,,-161.9809084797093,-79.75590769188612,180.55143179622982,False,dwarf
14.843785611109999,-33.71551695030999,,,simbad,,,,,,,,,-243.9974121237751,-9.481636017098394,244.18156880620634,False,dwarf
14.849413029579997,-33.7616907354,,,simbad,,,,,,,,,-236.97093085278715,-78.78770971898908,249.7252996234064,False,dwarf
14.82678648835,-33.70120301336,,,simbad,,,,,,,,,-265.22277830778137,12.00334225111055,265.49426050010163,False,dwarf
14.91616744234,-33.82266798082,,,simbad,,,,,,,,,-153.62034416466312,-170.31352803729405,229.35977845685954,False,dwarf
14.885909376960418,-33.7599183255625,,,simbad,,,,,,,,,-191.40103007231954,-76.12735240611369,205.98477637221055,False,dwarf
15.019192818265415,-34.0853727758725,,,simbad,,,,,,,,,-24.98127489412789,-564.6290005993919,565.1813624078594,False,dwarf
14.942822729330002,-33.97291438347,,,simbad,,,,,,,,,-120.33814277754908,-395.83084777198343,413.71890052913574,False,dwarf
15.00003811065,-33.96606587252,,,simbad,,,,,,,,,-48.89813748903023,-385.5513481874533,388.6397688593628,False,dwarf
14.898434453799995,-33.94163005547999,,,simbad,,,,,,,,,-175.76202645100287,-348.8735983898235,390.64699870295544,False,dwarf
14.896318244790002,-33.85631381525,,,simbad,,,,,,,,,-178.40435757556565,-220.81535881034787,283.879441820807,False,dwarf
14.88568199599208,-33.83340597708777,,,simbad,,,,,,,,,-191.68494144730028,-186.43107957208582,267.39421124637,False,dwarf
14.89102102071875,-33.77956985154472,,,simbad,,,,,,,,,-185.01855304073504,-105.62396190917478,213.04526819124166,False,dwarf
14.906622114809998,-33.83311534655001,,,simbad,,,,,,,,,-165.53878695909322,-185.99484803008082,248.99231610959586,False,dwarf
14.84059248368,-33.78640905742,,,simbad,,,,,,,,,-247.98440015432368,-115.88949473327071,273.72730537787515,False,dwarf
14.84173452064,-33.79990583437,,,simbad,,,,,,,,,-246.55843523755044,-136.1479296051622,281.65106199437906,False,dwarf
14.85942975674,-33.78137637321001,,,simbad,,,,,,,,,-224.46389122856363,-108.33552050100504,249.2400920150932,False,dwarf
14.866492053630004,-33.81676624726,,,simbad,,,,,,,,,-215.64579868891613,-161.45512536831052,269.3898067854042,False,dwarf
14.881248450199998,-33.83152750683,,,simbad,,,,,,,,,-197.22073492671151,-183.61152735477935,269.4609642649323,False,dwarf
14.885516863968334,-33.75974191891723,,,simbad,,,,,,,,,-191.89112783245798,-75.86256900282606,206.34275930238326,False,dwarf
14.88766391677,-33.91224178238,,,simbad,,,,,,,,,-189.2102846751264,-304.76229546179457,358.7207668395915,False,dwarf
14.910089425949998,-33.7848261078,,,simbad,,,,,,,,,-161.209448930338,-113.51351401572063,197.1644092847907,False,dwarf
14.913827544519998,-33.82233343669,,,simbad,,,,,,,,,-156.54197657851785,-169.81138293298835,230.95734715467106,False,dwarf
14.914563590179998,-33.76091110819001,,,simbad,,,,,,,,,-155.62293864448722,-77.61750240827725,173.9050767299355,False,dwarf
14.921091108189998,-33.75702924949,,,simbad,,,,,,,,,-147.47257924118088,-71.79089788282388,164.01858018794218,False,dwarf
14.921904530820001,-33.80100103185,,,simbad,,,,,,,,,-146.45692723207875,-137.7918025759217,201.08757393579594,False,dwarf
14.924159877190005,-33.8361322737,,,simbad,,,,,,,,,-143.64086705938814,-190.52320486726003,238.60383543116978,False,dwarf
14.924528339682084,-33.74077966344445,,,simbad,,,,,,,,,-143.1807991235392,-47.4005429248463,150.8229183752439,False,dwarf
14.92578444212,-33.80734160381,,,simbad,,,,,,,,,-141.61241029631447,-147.30889429182193,204.3379188682582,False,dwarf
14.926699639080004,-33.87849742694,,,simbad,,,,,,,,,-140.4696812931281,-254.11258631214605,290.35312618403276,False,dwarf
14.93028446834,-33.83561685369,,,simbad,,,,,,,,,-135.9936083319034,-189.7495681136061,233.45055173726018,False,dwarf
14.931124097229997,-33.77883185025999,,,simbad,,,,,,,,,-134.9452347834301,-104.5162344111572,170.68643662061444,False,dwarf
14.931132601950003,-33.94881146964,,,simbad,,,,,,,,,-134.9346156591991,-359.65278008539303,384.1321032226386,False,dwarf
14.933356015189998,-33.83331453321999,,,simbad,,,,,,,,,-132.15842768387898,-186.29382386676863,228.41024236837035,False,dwarf
14.935103665062497,-33.852090646272224,,,simbad,,,,,,,,,-129.9762851681182,-214.47645330674604,250.7867295714524,False,dwarf
14.935414965600001,-33.83391221419001,,,simbad,,,,,,,,,-129.58759052810268,-187.19093293584942,227.66947312336998,False,dwarf
14.936433457639998,-33.820290820509996,,,simbad,,,,,,,,,-128.31588569899716,-166.7454504511672,210.40202415585443,False,dwarf
14.93883168944,-33.73162342236,,,simbad,,,,,,,,,-125.32141658033403,-33.65717927827339,129.76233340485004,False,dwarf
14.944264293020002,-33.83402504029,,,simbad,,,,,,,,,-118.53818417793117,-187.36028301157793,221.70966771518943,False,dwarf
14.94464994282,-33.79323851208999,,,simbad,,,,,,,,,-118.05665590501309,-126.14039116247721,172.76797239678834,False,dwarf
14.945511334450003,-33.87904310058,,,simbad,,,,,,,,,-116.98110906457926,-254.93163325484636,280.49013799412353,False,dwarf
14.94874450916,-33.70503282121,,,simbad,,,,,,,,,-112.94411738415911,6.254865174815771,113.11718255880419,False,dwarf
14.9508494453,-33.780568318289994,,,simbad,,,,,,,,,-110.31586173848775,-107.12264367636438,153.76882043938062,False,dwarf
14.952997589290002,-33.93963260839,,,simbad,,,,,,,,,-107.63365610661417,-345.8754639513213,362.2358906712843,False,dwarf
14.95842451175,-33.89680547637,,,simbad,,,,,,,,,-100.85751723804269,-281.59266013888316,299.1097875822766,False,dwarf
14.959138664570002,-33.75059771198,,,simbad,,,,,,,,,-99.96581504082313,-62.13726840852685,117.70388397181024,False,dwarf
14.960856289859995,-33.86871360777,,,simbad,,,,,,,,,-97.8211616806609,-239.42723852962922,258.6394831082021,False,dwarf
14.96108696186,-33.9686556423,,,simbad,,,,,,,,,-97.53314107291574,-389.4385490070056,401.4661842051347,False,dwarf
14.961753011420003,-33.80496003444,,,simbad,,,,,,,,,-96.7015013461265,-143.7341987809051,173.23596699814865,False,dwarf
14.97204594831,-33.85814300734,,,simbad,,,,,,,,,-83.84958200396287,-223.56094532783445,238.76819025597666,False,dwarf
14.97562421375,-33.89298227460999,,,simbad,,,,,,,,,-79.3817047293595,-275.8540986923865,287.0486697602484,False,dwarf
14.97689654363,-33.89067115195,,,simbad,,,,,,,,,-77.79305406831651,-272.3851425066484,283.2762346538148,False,dwarf
14.978293708030002,-33.85309132674,,,simbad,,,,,,,,,-76.04853310520673,-215.97845783413194,228.97614206694905,False,dwarf
14.98220720201,-33.92106891716,,,simbad,,,,,,,,,-71.16208431857558,-318.01167608863534,325.87646182758766,False,dwarf
14.9842435453,-33.85756891247,,,simbad,,,,,,,,,-68.61947476061194,-222.6992385976121,233.0312922943578,False,dwarf
15.00477459868,-33.98926617304,,,simbad,,,,,,,,,-42.984085671046536,-420.37460849870365,422.56649546718,False,dwarf
14.972303113880002,-33.84020393292,,,simbad,,,,,,,,,-83.52848111715252,-196.63469677635038,213.64037805168238,False,dwarf
14.913216112948753,-34.00477771791556,,,simbad,,,,,,,,,-157.30541944432653,-443.6571760915469,470.71932707727365,False,dwarf
14.926563713329172,-33.72939582218194,,,simbad,,,,,,,,,-140.6394002766299,-30.313588931107027,143.86922737004696,False,dwarf
14.931758073622502,-33.90458886948471,,,simbad,,,,,,,,,-134.15364210697726,-293.2754021061597,322.502187854744,False,dwarf
14.954597559469999,-33.93007844246999,,,simbad,,,,,,,,,-105.63590872674067,-331.5348218289296,347.9573009690476,False,dwarf
14.971877754541666,-33.99467129005195,,,simbad,,,,,,,,,-84.05959133051279,-428.4875980937144,436.6550544935594,False,dwarf
14.96942866304,-33.85439236814,,,simbad,,,,,,,,,-87.11756465507239,-217.9312990617206,234.69878819917204,False,dwarf
14.967710497779999,-33.885482064449995,,,simbad,,,,,,,,,-89.26289223009226,-264.59640957041654,279.24742413643975,False,dwarf
14.89206018432,-33.73097818775,,,simbad,,,,,,,,,-183.72103738224945,-32.68869299652999,186.60645815895893,False,dwarf
14.933689348999998,-33.82495565034,,,simbad,,,,,,,,,-131.74222196087618,-173.747281454947,218.04616680917218,False,dwarf
14.96526135857,-33.81992957745,,,simbad,,,,,,,,,-92.3209251240103,-166.2032307026249,190.12276852534805,False,dwarf
14.9435,-33.89475,,,simbad,,,,,,,,,-119.49249220020091,-278.50742472849174,303.05913832305333,False,dwarf
14.986601757529998,-33.89838673146,,,simbad,,,,,,,,,-65.67497469269523,-283.9660973954432,291.4617415217382,False,dwarf
14.943034638660004,-33.808181121980006,,,simbad,,,,,,,,,-120.073549528203,-148.5689969247561,191.02461659045414,False,dwarf
14.922499999999998,-33.70666666666666,,,simbad,,,,,,,,,-145.71341525353935,3.802490663681768,145.76302109965263,False,dwarf
14.854593118690001,-33.71918151131,,,simbad,,,,,,,,,-230.50299190217672,-14.982080354868144,230.9893763955708,False,dwarf
14.976323871999996,-34.04712247264,,,simbad,,,,,,,,,-78.50810067522859,-507.21593970816593,513.2558147412162,False,dwarf
14.887024703479998,-33.81915197164,,,simbad,,,,,,,,,-190.00841622235544,-165.0360574792582,251.6745885138682,False,dwarf
14.883,-33.830222222222226,,,simbad,,,,,,,,,-195.0337229014781,-181.6523171437967,266.525265955258,False,dwarf
14.911041666666666,-34.10402777777778,,,simbad,,,,,,,,,-160.02046652271676,-592.6298442477123,613.8539582011471,False,dwarf
14.89460425926,-33.75554166802,,,simbad,,,,,,,,,-180.54446627540946,-69.55806315210111,193.480305075592,False,dwarf
14.93497348089,-34.024092780829996,,,simbad,,,,,,,,,-130.13883512858695,-472.64876019701086,490.2376637146487,False,dwarf
14.851083333333333,-33.71255555555556,,,simbad,,,,,,,,,-234.8853638912688,-5.036632370319261,234.93935778401948,False,dwarf
14.890205216189997,-33.81948504258,,,simbad,,,,,,,,,-186.03717912525855,-165.53599135019127,249.0220802442509,False,dwarf
14.9244878814,-33.711848204549995,,,simbad,,,,,,,,,-143.2313159569388,-3.9749104250792477,143.2864605733697,False,dwarf
14.90298644457,-33.85892967621,,,simbad,,,,,,,,,-170.07834075006065,-224.74172205162301,281.8430123721763,False,dwarf
14.921208333333333,-33.702138888888896,,,simbad,,,,,,,,,-147.32621012388117,10.598608845455937,147.70694871577626,False,dwarf
14.960833333333332,-33.784499999999994,,,simbad,,,,,,,,,-97.84982555300432,-113.0240317006368,149.49588657424636,False,dwarf
14.951541666666666,-33.70044444444444,,,simbad,,,,,,,,,-109.45154349128518,13.141941416576985,110.23770224755881,False,dwarf
14.971541666666665,-33.79425,,,simbad,,,,,,,,,-84.47923582144357,-127.65861747861406,153.07992651398217,False,dwarf
14.895416666666664,-33.87527777777777,,,simbad,,,,,,,,,-179.53008188978447,-249.27994714911094,307.1995155497747,False,dwarf
14.92291666666667,-33.90333333333333,,,simbad,,,,,,,,,-145.19315884374436,-291.39086349028685,325.5605760847584,False,dwarf
14.927083333333334,-33.95416666666667,,,simbad,,,,,,,,,-139.990594745862,-367.6908406233264,393.4385859261755,False,dwarf
14.94476376061,-34.01895108166,,,simbad,,,,,,,,,-117.91454126150366,-464.9311563459484,479.6507262395123,False,dwarf
14.901613022874168,-34.05953527904389,,,simbad,,,,,,,,,-171.79321620749974,-525.8473530479718,553.1982898043657,False,dwarf
14.893033015250001,-33.826918545629994,,,simbad,,,,,,,,,-182.50634571751397,-176.6935542236172,254.02594027251445,False,dwarf
14.865196522260005,-33.78425836729001,,,simbad,,,,,,,,,-217.263419087295,-112.66134507283488,244.73653578311914,False,dwarf
14.89422036585,-33.70946702902,,,simbad,,,,,,,,,-181.0238014927555,-0.4008060613707176,181.02424520595957,False,dwarf
14.836710631999996,-33.734712532479996,,,simbad,,,,,,,,,-252.8313398784117,-38.293881537624806,255.7148955143806,False,dwarf
14.867913338910006,-33.70205609769,,,simbad,,,,,,,,,-213.87116002397684,10.72287704053565,214.13979822076035,False,dwarf
14.93713379869,-33.74307952784,,,simbad,,,,,,,,,-127.4414290902744,-50.852600645301834,137.21262639043823,False,dwarf
14.962546166679997,-33.81528201465999,,,simbad,,,,,,,,,-95.71115548699976,-159.227317235058,185.77934179701046,False,dwarf
14.9100243279,-33.75298956237,,,simbad,,,,,,,,,-161.29073135699832,-65.72739555729257,174.1688564250802,False,dwarf
14.942364903240001,-33.81088104587,,,simbad,,,,,,,,,-120.9097914764873,-152.62153720804372,194.7113537897416,False,dwarf
14.94865833658,-33.79150390201999,,,simbad,,,,,,,,,-113.05171379318351,-123.53677066393298,167.4575280411396,False,dwarf
14.93359272544,-33.82810245204,,,simbad,,,,,,,,,-131.8628676242973,-178.470577804168,221.8998940960913,False,dwarf
14.9014357778,-33.95082829732,,,simbad,,,,,,,,,-172.01452713375406,-362.68000446307155,401.40476228164334,False,dwarf
14.927123599769995,-33.95929178158,,,simbad,,,,,,,,,-139.94031745360815,-375.38355178445505,400.6196492926043,False,dwarf
14.9334042237,-33.83557842206,,,simbad,,,,,,,,,-132.09823379667617,-189.69188288429905,231.15569169802404,False,dwarf
14.935138052159994,-33.87458362244,,,simbad,,,,,,,,,-129.9333489091904,-248.23803167897208,280.1870723830915,False,dwarf
14.863488418500001,-33.87840051322,,,simbad,,,,,,,,,-219.39618371863557,-253.96712045077962,335.6098683000279,False,dwarf
14.888056016409996,-33.75411717321,,,simbad,,,,,,,,,-188.7207030327668,-67.41992043546419,200.40196961284107,False,dwarf
14.893128712610002,-33.7520428227,,,simbad,,,,,,,,,-182.3868565216573,-64.30635525882789,193.3915012572326,False,dwarf
14.886499999999998,-33.96216666666667,,,simbad,,,,,,,,,-190.663569059255,-379.69870587703514,424.88081130019106,False,dwarf
14.983693888179996,-33.93362181549,,,simbad,,,,,,,,,-69.30578509629342,-336.85336504992256,343.90911792691685,False,dwarf
14.851573893719998,-33.75799929114,,,simbad,,,,,,,,,-234.27284264594618,-73.24691406078499,245.45646298445735,False,dwarf
14.904200583080002,-34.04368191285,,,simbad,,,,,,,,,-168.56234872878196,-502.05171741369804,529.593421755791,False,dwarf
14.85049139115,-33.71617514138,,,simbad,,,,,,,,,-235.62447200751632,-10.469569727083128,235.85695601167055,False,dwarf
14.724240001939998,-33.83438606709,,,simbad,,,,,,,,,-393.26389876237846,-187.90217815749878,435.8482793657888,False,dwarf
14.574421964232915,-33.74606247719305,,,simbad,,,,,,,,,-580.3290053680522,-55.32995738156732,582.9606836273942,False,dwarf
14.797995236649998,-33.72689184308,,,simbad,,,,,,,,,-301.1719780903991,-26.555158474319775,302.34043201080476,False,dwarf
14.689166666666665,-33.705833333333345,,,simbad,,,,,,,,,-437.0570047350418,5.0533099609220145,437.08621727243644,False,dwarf
14.685833333333333,-33.88527777777778,,,simbad,,,,,,,,,-441.21905601334606,-264.28977871628035,514.3183280063123,False,dwarf
14.363375,-33.71311111111111,,,simbad,,,,,,,,,-843.8454915485888,-5.870511901822306,843.8659114556465,False,dwarf
14.551375,-34.03633333333333,,,simbad,,,,,,,,,-609.1057994520636,-491.02162333340306,782.3759387322107,False,dwarf
14.58027314659,-33.95631555488,,,simbad,,,,,,,,,-573.0231290653763,-370.91628563718814,682.5938744193088,False,dwarf
14.767739898929998,-34.06557307059,,,simbad,,,,,,,,,-338.9492582003409,-534.9099764624399,633.2576746898607,False,dwarf
14.750668048979998,-33.70898536901,,,simbad,,,,,,,,,-360.2654326725812,0.32215750090158757,360.26557671281546,False,dwarf
14.610132602139998,-34.01571335577,,,simbad,,,,,,,,,-535.7401535229483,-460.0713843190081,706.1750425822203,False,dwarf
14.49658333333333,-33.91280555555555,,,simbad,,,,,,,,,-677.5195173392403,-305.60850950250784,743.2558492578055,False,dwarf
14.74032032484,-34.00928675252,,,simbad,,,,,,,,,-373.18576021791586,-450.42516108585653,584.9362677836309,False,dwarf
14.792584389600002,-34.023763149829996,,,simbad,,,,,,,,,-307.92804495474843,-472.1539896180826,563.6923547307752,False,dwarf
14.740100620579998,-33.91221824635,,,simbad,,,,,,,,,-373.4600863367727,-304.7269682771958,482.00722119287883,False,dwarf
14.856214095040002,-33.96034472926999,,,simbad,,,,,,,,,-228.47901589528934,-376.9640085320367,440.7998689122098,False,dwarf
14.832678924199998,-33.92026561011,,,simbad,,,,,,,,,-257.8653922592335,-316.80592573691604,408.4856853147154,False,dwarf
14.637415330409995,-33.94166522747,,,simbad,,,,,,,,,-501.67451930139396,-348.92639095441183,611.0866956666262,False,dwarf
14.750102062229999,-33.85860987116,,,simbad,,,,,,,,,-360.97213243548254,-224.26170005813196,424.96375199301775,False,dwarf
14.67658348045,-33.79613290576,,,simbad,,,,,,,,,-452.76856461851526,-130.4848273100594,471.19599241169976,False,dwarf
14.588559483550002,-33.76755572350001,,,simbad,,,,,,,,,-562.6766812643191,-87.59095807143802,569.4534428506869,False,dwarf
14.79366051235,-33.75708590105,,,simbad,,,,,,,,,-306.58438153457416,-71.87593092016998,314.89701879595236,False,dwarf
14.72981726276,-33.7810924344,,,simbad,,,,,,,,,-386.30004510477755,-107.90933312964945,401.0887046831895,False,dwarf
14.80531592301,-33.71785295272999,,,simbad,,,,,,,,,-292.03125648357997,-12.987936303566538,292.31992961959327,False,dwarf
14.684151501890003,-33.73336148851,,,simbad,,,,,,,,,-443.3190166259294,-36.265987294678446,444.79992393956053,False,dwarf
14.62084363456,-33.69137557609,,,simbad,,,,,,,,,-522.3661936702525,26.754160067056,523.0508822002324,False,dwarf
14.4032469967,-33.83760713401,,,simbad,,,,,,,,,-794.0607030984205,-192.736945351067,817.1168400592526,False,dwarf
14.523750000000001,-34.090833333333336,,,simbad,,,,,,,,,-643.5987994210299,-572.8252053743836,861.5962688686598,False,dwarf
14.5538350584,-33.984983763449996,,,simbad,,,,,,,,,-606.034132689534,-413.94678383395234,733.9136937210183,False,dwarf
14.74117364232,-33.69733233951,,,simbad,,,,,,,,,-372.1202948853863,17.81315850510157,372.5464031251875,False,dwarf
14.593406255450413,-34.11375188257194,,,simbad,,,,,,,,,-556.6249273091894,-607.2255617578766,823.7440091157745,False,dwarf
14.535291764223334,-34.03117462580334,,,simbad,,,,,,,,,-629.1875750591397,-483.27849022046297,793.369462305281,False,dwarf
14.810196655063747,-34.15310610551501,,,simbad,,,,,,,,,-285.93709935856725,-666.2955875410323,725.058504374813,False,dwarf
14.710753589538752,-34.10531341146473,,,simbad,,,,,,,,,-410.1032407546938,-594.559558757522,722.2781576286533,False,dwarf
14.81003394014125,-34.070342936034166,,,simbad,,,,,,,,,-286.1402677139205,-542.0694641539305,612.9564069128598,False,dwarf
14.749430299444583,-34.03839533144223,,,simbad,,,,,,,,,-361.8109057834114,-494.1166477640464,612.420111640197,False,dwarf
14.71474297867,-34.021047163700004,,,simbad,,,,,,,,,-405.1220281146818,-468.0773401830853,619.04786087719,False,dwarf
14.722327122289999,-33.98506646299,,,simbad,,,,,,,,,-395.6523497201371,-414.0709144505608,572.708917368142,False,dwarf
14.723380120139998,-33.94404000955,,,simbad,,,,,,,,,-394.3375604058438,-352.49089885736674,528.9158206407773,False,dwarf
14.666730461301665,-33.954362660109176,,,simbad,,,,,,,,,-465.0711959009699,-367.98502347935005,593.0465367590102,False,dwarf
14.81076053831,-33.8029295653,,,simbad,,,,,,,,,-285.23302606280265,-140.68649880152395,318.0417741460619,False,dwarf
14.698846027100002,-33.70023573923999,,,simbad,,,,,,,,,-424.97120639561194,13.45520441317416,425.1841586784979,False,dwarf
14.745186716389583,-33.94075436481833,,,simbad,,,,,,,,,-367.1095088670103,-347.55920145618944,505.53614115851457,False,dwarf
14.769111102290001,-33.84408153969,,,simbad,,,,,,,,,-337.2371525911466,-202.4549192264955,393.34068109819395,False,dwarf
14.772317018147916,-33.706633052356665,,,simbad,,,,,,,,,-333.2341967327714,3.8529451768152256,333.2564703928056,False,dwarf
14.78582455723,-33.69797719515,,,simbad,,,,,,,,,-316.36847564175946,16.84524105094276,316.81662602514234,False,dwarf
14.799883317740003,-33.7574660213,,,simbad,,,,,,,,,-298.8144909961394,-72.44648501294515,307.4712884482269,False,dwarf
14.822672289990006,-33.78325812231999,,,simbad,,,,,,,,,-270.35982967080935,-111.1599942202537,292.3199989988298,False,dwarf
14.827523673830001,-33.99482246004,,,simbad,,,,,,,,,-264.3023171769651,-428.7145016995715,503.638599426836,False,dwarf
14.84047733073,-33.94011339747,,,simbad,,,,,,,,,-248.12818189914734,-346.5971202623372,426.2594965824473,False,dwarf
14.84304959738,-33.95140828271,,,simbad,,,,,,,,,-244.91641018951412,-363.5505527645997,438.35265756644424,False,dwarf
14.33829566985,-33.78604408229,,,simbad,,,,,,,,,-875.1599289815579,-115.34167321051814,882.7279325330129,False,dwarf
14.35597010921708,-33.770666657774164,,,simbad,,,,,,,,,-853.0913520932211,-92.26041801859108,858.0657549099633,False,dwarf
14.383813328699999,-33.95034405553999,,,simbad,,,,,,,,,-818.3258799209002,-361.9531657075097,894.8001675871566,False,dwarf
14.419598420810003,-33.985839085639995,,,simbad,,,,,,,,,-773.6440634126667,-415.230608034709,878.032798192947,False,dwarf
14.433992748320003,-34.020645259329996,,,simbad,,,,,,,,,-755.671084648654,-467.47408849309437,888.5779715852304,False,dwarf
14.45670120281,-33.7466082236,,,simbad,,,,,,,,,-727.3169590371137,-56.14911354623398,729.4811045222641,False,dwarf
14.463158829089998,-33.81305820999,,,simbad,,,,,,,,,-719.2538675230646,-155.88942388156912,735.95355724734,False,dwarf
14.466878770660001,-33.706659287664166,,,simbad,,,,,,,,,-714.6090912530666,3.81356642214703,714.6192668759986,False,dwarf
14.498306577182499,-33.732403921651674,,,simbad,,,,,,,,,-675.3678485596614,-34.828695568901665,676.2653095517594,False,dwarf
14.55560543066,-33.944386282340005,,,simbad,,,,,,,,,-603.8236186511907,-353.0106484827933,699.4422637954192,False,dwarf
14.560655927079997,-33.78080619282,,,simbad,,,,,,,,,-597.5174911269087,-107.47968933931395,607.1071040789021,False,dwarf
14.58321083315,-33.88399250668,,,simbad,,,,,,,,,-569.3550884346841,-262.36060844669584,626.8957693197391,False,dwarf
14.608673502855,-33.98130666566694,,,simbad,,,,,,,,,-537.5620073362404,-408.427521995995,675.1192135135522,False,dwarf
14.619988419780002,-34.03464693950277,,,simbad,,,,,,,,,-523.4340280007481,-488.4903745981421,715.9651023228165,False,dwarf
14.635204375159168,-33.691381589030264,,,simbad,,,,,,,,,-504.4351520397913,26.745134744998733,505.14366753027355,False,dwarf
14.636930210330002,-33.68624257916,,,simbad,,,,,,,,,-502.2802476961153,34.458702002454935,503.46087173619054,False,dwarf
14.637220616133327,-33.71036813817917,,,simbad,,,,,,,,,-501.91764254262785,-1.7533557316542492,501.9207050440048,False,dwarf
14.63886938306,-33.79661052069,,,simbad,,,,,,,,,-499.8589667941914,-131.2017192753907,516.7909420891343,False,dwarf
14.6505642059,-33.79134108265999,,,simbad,,,,,,,,,-485.256631088952,-123.29238154698862,500.67455433977017,False,dwarf
14.65393983103667,-33.82038964770694,,,simbad,,,,,,,,,-481.0417736144029,-166.89378840920477,509.17062422302695,False,dwarf
14.663790513879166,-33.91086177034889,,,simbad,,,,,,,,,-468.74205947935957,-302.6909206470367,557.9793112357322,False,dwarf
14.679512019737082,-33.8481296409814,,,simbad,,,,,,,,,-449.11194541350375,-208.53105108155367,495.1633455520305,False,dwarf
14.681385080900002,-33.841888209240004,,,simbad,,,,,,,,,-446.77321243125954,-199.16276716394222,489.15448599654695,False,dwarf
14.693580934280003,-33.76334225648,,,simbad,,,,,,,,,-431.54528228617625,-81.26661504303078,439.13049698695227,False,dwarf
14.820278706659998,-34.03033732923001,,,simbad,,,,,,,,,-273.34849463832575,-482.02172216672045,554.1338648391829,False,dwarf
14.58358674762375,-33.96847356047444,,,simbad,,,,,,,,,-568.8857158398819,-389.16524725369817,689.2608703217431,False,dwarf
14.37596041909,-33.73838622887,,,simbad,,,,,,,,,-828.1311436651189,-43.808037941898135,829.2890541279419,False,dwarf
14.430077758244169,-33.75339134938305,,,simbad,,,,,,,,,-760.5594014835623,-66.33047109647427,763.4463534400533,False,dwarf
14.613884163580002,-34.02184720608,,,simbad,,,,,,,,,-531.0558961968461,-469.2781903201175,708.6906128879934,False,dwarf
14.637027496710834,-34.03841078178472,,,simbad,,,,,,,,,-502.15877442440467,-494.1398384678852,704.5123240174638,False,dwarf
14.75302266985,-34.073980025926396,,,simbad,,,,,,,,,-357.3254168320041,-547.5286748216288,653.811213781237,False,dwarf
14.79327127119,-33.70379968086,,,simbad,,,,,,,,,-307.07039403483975,8.105788070021047,307.1773603196496,False,dwarf
14.79702025255,-33.75393073923,,,simbad,,,,,,,,,-302.38935823631584,-67.14008617164735,309.7533133732506,False,dwarf
14.582029880629996,-33.70720239946,,,simbad,,,,,,,,,-570.8296439183337,2.9983647643796463,570.837518534996,False,dwarf
14.565125,-33.799277777777775,,,simbad,,,,,,,,,-591.9373379290436,-135.20522723876294,607.1822341827931,False,dwarf
14.45180785542,-34.037498348659994,,,simbad,,,,,,,,,-733.4268678650394,-492.7702917160368,883.5935326292457,False,dwarf
14.80020077226,-33.70847828723,,,simbad,,,,,,,,,-298.41811239891115,1.0832787117593945,298.42007858134565,False,dwarf
14.376162757100001,-33.7909252779,,,simbad,,,,,,,,,-827.878501313166,-122.66826560576472,836.9171502145599,False,dwarf
14.806666666666665,-34.15833333333333,,,simbad,,,,,,,,,-290.3446971747145,-674.1415684526481,734.0074233230023,False,dwarf
14.753749999999998,-33.764472222222224,,,simbad,,,,,,,,,-356.41726121783967,-82.96267458977202,365.945446028659,False,dwarf
14.447083333333333,-33.92055555555555,,,simbad,,,,,,,,,-739.3259788220998,-317.24112896705316,804.5152806936277,False,dwarf
14.742666666666667,-34.07405555555556,,,simbad,,,,,,,,,-370.25608171820676,-547.642043522835,661.0607943927594,False,dwarf
14.687713171669998,-33.70088670071,,,simbad,,,,,,,,,-438.871860947708,12.478122211021958,439.0492157669998,False,dwarf
14.63,-33.91305555555555,,,simbad,,,,,,,,,-510.93341492499246,-305.98375529169044,595.5493371579886,False,dwarf
14.516485859459998,-34.00952460356,,,simbad,,,,,,,,,-652.6689170471285,-450.78217149071276,793.2094814192237,False,dwarf
14.689583333333333,-33.94305555555556,,,simbad,,,,,,,,,-436.53674832525076,-351.01324999315085,560.1559017890801,False,dwarf
14.705416666666666,-33.85027777777778,,,simbad,,,,,,,,,-416.7670047532915,-211.75536823124474,467.4773494253814,False,dwarf
14.800416666666663,-33.98555555555556,,,simbad,,,,,,,,,-298.14854332154,-414.8050341535396,510.8383014652243,False,dwarf
14.523369999999995,-33.79028,,,simbad,,,,,,,,,-644.0732732667665,-121.69971434646732,655.4702142802361,False,dwarf
14.805334540489994,-33.91625969023,,,simbad,,,,,,,,,-292.0080104116556,-310.793107469882,426.45167814813345,False,dwarf
14.822879701280003,-33.80215247605,,,simbad,,,,,,,,,-270.100852743408,-139.52010092601498,304.007120336221,False,dwarf
14.52016845234,-33.75924762573,,,simbad,,,,,,,,,-648.0707749260196,-75.12064325431011,652.4100247207678,False,dwarf
14.636522922129997,-33.76911830455,,,simbad,,,,,,,,,-502.78879400815663,-89.93636590847132,510.7691467708274,False,dwarf
14.633061919829998,-33.97215153676001,,,simbad,,,,,,,,,-507.1102547222357,-394.6858277091354,642.6022977230132,False,dwarf
14.808215858319581,-34.010741842306665,,,simbad,,,,,,,,,-288.41035264490296,-452.6092263471517,536.6895222447747,False,dwarf
14.68588553205,-33.9629070902,,,simbad,,,,,,,,,-441.1538798927181,-380.81006912939716,582.7804513663228,False,dwarf
14.80594172314,-33.7331813327,,,simbad,,,,,,,,,-291.24987281426974,-35.995576458277554,293.4657900657111,False,dwarf
14.75667205517,-33.89283656775,,,simbad,,,,,,,,,-352.76873818116246,-275.63539514973235,447.6836535962405,False,dwarf
14.784240363950001,-34.0191594917,,,simbad,,,,,,,,,-318.3465237415918,-465.2439763056873,563.7343937237489,False,dwarf
14.68999089196,-33.70605196192,,,simbad,,,,,,,,,-436.02786435431943,4.725152134783306,436.05346639613543,False,dwarf
14.72284605332,-33.77303519487,,,simbad,,,,,,,,,-395.0044044531078,-95.81555230549421,406.459222556164,False,dwarf
14.516976125250004,-33.84491030392001,,,simbad,,,,,,,,,-652.0567636397282,-203.69888037662264,683.1334107442016,False,dwarf
14.694705265620003,-33.89356728773,,,simbad,,,,,,,,,-430.1414248789093,-276.73219353198596,511.4707736849515,False,dwarf
14.789287047459997,-33.84846640331,,,simbad,,,,,,,,,-312.04515707539514,-209.03652566460096,375.59080009517726,False,dwarf
14.66526585275,-33.92632339282,,,simbad,,,,,,,,,-466.8999286693734,-325.89855555166247,569.3903862045144,False,dwarf
14.718726080710004,-33.95367085802,,,simbad,,,,,,,,,-400.1486656335135,-366.94664019571354,542.9261380327933,False,dwarf
14.80196697521,-33.74473365878999,,,simbad,,,,,,,,,-296.2128042251722,-53.33542334023633,300.9762328985836,False,dwarf
14.5740768991,-33.72014977885001,,,simbad,,,,,,,,,-580.7598590013173,-16.435433623613438,580.9923728463448,False,dwarf
14.813444507860002,-33.73915518197,,,simbad,,,,,,,,,-281.88178039384627,-44.962223593300045,285.4451605273042,False,dwarf
14.582208333333334,-33.707416666666674,,,simbad,,,,,,,,,-570.6068251277192,2.676753296134038,570.6131035040677,False,dwarf
14.557166666666667,-34.12161111111111,,,simbad,,,,,,,,,-601.8742353560018,-619.0221314199464,863.3892484696953,False,dwarf
15.118363500619997,-33.63972122153001,,,simbad,,,,,,,,,98.8447646852188,104.28647623260079,143.68700926210792,False,dwarf
15.12212216351,-33.68130098314,,,simbad,,,,,,,,,103.537888991035,41.875954395777626,111.68567505851918,False,dwarf
15.098791666666667,-33.69938888888888,,,simbad,,,,,,,,,74.40707172793624,14.726312526445184,75.85035664881731,False,dwarf
15.061125,-33.72913888888889,,,simbad,,,,,,,,,27.37589228306448,-29.927936385842237,40.56008943048535,False,dwarf
15.06995632884,-33.70078024416001,,,simbad,,,,,,,,,38.402825329365456,12.63791169948214,40.428873412471695,False,dwarf
15.04592079359,-33.66694432972,,,simbad,,,,,,,,,8.391686265747497,63.42504936598736,63.977787437990294,False,dwarf
15.066125,-33.73747222222222,,,simbad,,,,,,,,,33.61896920052487,-42.4361293584643,54.13926638803075,False,dwarf
15.131791666666668,-33.724000000000004,,,simbad,,,,,,,,,115.61137938317727,-22.21455071938894,117.72628129073495,False,dwarf
15.11284086803,-33.63353615343999,,,simbad,,,,,,,,,91.94912067597198,113.57015925885361,146.12604787362804,False,dwarf
15.079514485110003,-33.65914536427,,,simbad,,,,,,,,,50.33728628591364,75.13116514623408,90.43524958145872,False,dwarf
15.135316910699999,-33.737489819429996,,,simbad,,,,,,,,,120.0130533137595,-42.46254247094039,127.30357606441265,False,dwarf
15.128937775429996,-33.68424913831999,,,simbad,,,,,,,,,112.04796688225657,37.45082312721926,118.14106413670704,False,dwarf
15.10667357049,-33.69291771808,,,simbad,,,,,,,,,84.248538092956,24.439430914809492,87.72173022826216,False,dwarf
15.109947224510002,-33.73585347562,,,simbad,,,,,,,,,88.33607286255916,-40.00641797353111,96.97306454811168,False,dwarf
15.08508004091,-33.72574223829,,,simbad,,,,,,,,,57.28652487547484,-24.82962104766151,62.43601535715482,False,dwarf
15.118590703810002,-33.72718333676,,,simbad,,,,,,,,,99.12845408343584,-26.992685578294264,102.73779968298184,False,dwarf
15.135397705450004,-33.71531214822,,,simbad,,,,,,,,,120.11393488152095,-9.174231529566867,120.46378657870736,False,dwarf
15.12279642361,-33.711771801190004,,,simbad,,,,,,,,,104.3797805243719,-3.8602302686110423,104.45113671015145,False,dwarf
15.114231446019998,-33.70108429224,,,simbad,,,,,,,,,93.68541774622976,12.18154065259025,94.47405692017408,False,dwarf
15.06578287211,-33.73747412634,,,simbad,,,,,,,,,33.19178305395002,-42.438987407169115,53.87728755650513,False,dwarf
15.082426390880002,-33.70727282124,,,simbad,,,,,,,,,53.97313662561461,2.8926628587424563,54.05059644094234,False,dwarf
15.077622294919998,-33.7077452776,,,simbad,,,,,,,,,47.97466850618111,2.1835138200969606,48.02433290406562,False,dwarf
15.103419695950004,-33.70322522723,,,simbad,,,,,,,,,80.18570028636243,8.968033292965805,80.68563782705128,False,dwarf
15.103772032070001,-33.68158862436,,,simbad,,,,,,,,,80.62563258595002,41.44420976936547,90.65382040097248,False,dwarf
15.08520231778,-33.694052011,,,simbad,,,,,,,,,57.43920165640231,22.736876347115185,61.775621671893,False,dwarf
15.05672310893,-33.68351591373,,,simbad,,,,,,,,,21.879623376607643,38.55138088688936,44.32749583935702,False,dwarf
15.042066247300001,-33.639103874599996,,,simbad,,,,,,,,,3.5788404716720508,105.21310357639547,105.27395339446029,False,dwarf
15.113410129680002,-33.66280638496,,,simbad,,,,,,,,,92.6599095293964,69.63603475416491,115.90960344285192,False,dwarf
15.126151101499998,-33.65506334075,,,simbad,,,,,,,,,108.56848294448504,81.25821369507923,135.60978129096037,False,dwarf
15.081807682920001,-33.65191622152,,,simbad,,,,,,,,,53.200608348867796,85.98198665148549,101.10987467713453,False,dwarf
15.105946138079998,-33.623880205,,,simbad,,,,,,,,,83.34025479537675,128.06357522938882,152.79357764608972,False,dwarf
15.053768037359998,-33.62460024163,,,simbad,,,,,,,,,18.18987555498002,126.98281237554076,128.27901703516224,False,dwarf
15.122061685699997,-33.708549257929995,,,simbad,,,,,,,,,103.46237546710634,0.9767528864397246,103.46698595927909,False,dwarf
15.054333333333334,-33.70669444444445,,,simbad,,,,,,,,,18.89571280351384,3.760796687088952,19.266332138590784,False,dwarf
15.10459132376,-33.73143351529001,,,simbad,,,,,,,,,81.6486127936511,-33.37213196487099,88.20541459008244,False,dwarf
15.062871076340837,-33.68842305285,,,simbad,,,,,,,,,29.556070062984322,31.18584772011035,42.966479674159366,False,dwarf
15.058273325159998,-33.62583365156,,,simbad,,,,,,,,,23.815247209121207,125.1314848452798,127.37760595652614,False,dwarf
15.056291701490004,-33.70886496604,,,simbad,,,,,,,,,21.340961410472698,0.5028803308952945,21.346885546854047,False,dwarf
15.07558082467,-33.72728072103,,,simbad,,,,,,,,,45.42565734709226,-27.13885772729374,52.9151012864733,False,dwarf
15.05073134206,-33.68887571162,,,simbad,,,,,,,,,14.398211088424747,30.50641453059688,33.733511676957825,False,dwarf
15.052594390785833,-33.66228272683833,,,simbad,,,,,,,,,16.724442387696392,70.42203677467307,72.38073111452235,False,dwarf
15.053977774360002,-33.70106881739,,,simbad,,,,,,,,,18.451756399671982,12.204768141778732,22.122922040892632,False,dwarf
15.064060382830002,-33.65168747084,,,simbad,,,,,,,,,31.04105644104306,86.32533756923921,91.73663985245548,False,dwarf
15.0704157381,-33.73097231429,,,simbad,,,,,,,,,38.97645079872047,-32.679877031995595,50.86391726648107,False,dwarf
15.07099285089,-33.71312821885,,,simbad,,,,,,,,,39.6970427063265,-5.896190329744089,40.13253368568296,False,dwarf
15.080602050810006,-33.61994565724,,,simbad,,,,,,,,,51.69523754949493,133.9692651464335,143.59721999110604,False,dwarf
15.082685640295416,-33.69894408826445,,,simbad,,,,,,,,,54.29683943386311,15.393950771826148,56.43687174952311,False,dwarf
15.083062306449996,-33.740084918790004,,,simbad,,,,,,,,,54.76715058891011,-46.3577429003128,71.75291708662344,False,dwarf
15.09232781402,-33.625658605599995,,,simbad,,,,,,,,,66.33620587668189,125.39422588289995,141.85980436644223,False,dwarf
15.093239672759996,-33.63550608706001,,,simbad,,,,,,,,,67.47476672701147,110.6133220753558,129.56909803425742,False,dwarf
15.09575772054,-33.71729013916999,,,simbad,,,,,,,,,70.6188399214935,-12.143162629635773,71.6552646391548,False,dwarf
15.098406125920002,-33.69944610550999,,,simbad,,,,,,,,,73.92567962068644,14.6404313418802,75.36145126824908,False,dwarf
15.09882918397,-33.67232264536,,,simbad,,,,,,,,,74.45391641002452,55.352288178856845,92.7753279456674,False,dwarf
15.102803723539996,-33.66100768839,,,simbad,,,,,,,,,79.41658765942043,72.33584800977977,107.42192189101985,False,dwarf
15.10421084157,-33.66330999888,,,simbad,,,,,,,,,81.17353687807142,68.88011874275679,106.45944696132841,False,dwarf
15.10759126814583,-33.708124022038334,,,simbad,,,,,,,,,85.39438950342037,1.6150247974608956,85.40966024846537,False,dwarf
15.10851176903,-33.71127808895,,,simbad,,,,,,,,,86.54374106791298,-3.119176512112576,86.5999329107343,False,dwarf
15.110881775131247,-33.702473380470835,,,simbad,,,,,,,,,89.50296714489951,10.096542614906445,90.07064616463892,False,dwarf
15.1301273141,-33.69783416955999,,,simbad,,,,,,,,,113.53324316488194,17.05992005253765,114.80783150872239,False,dwarf
15.132119574140003,-33.69440468137,,,simbad,,,,,,,,,116.02080969874517,22.207524061863325,118.12706043964134,False,dwarf
15.13507135149,-33.71685649047,,,simbad,,,,,,,,,119.70644430659712,-11.492263235025169,120.25682900688655,False,dwarf
15.13608289784,-33.70853233371,,,simbad,,,,,,,,,120.9694766403213,1.0021558555997068,120.97362768385577,False,dwarf
15.139791639312502,-33.72371094836972,,,simbad,,,,,,,,,125.60026829628316,-21.780689090909576,127.47480462182784,False,dwarf
15.057670458370001,-33.662212619950004,,,simbad,,,,,,,,,23.062498460933707,70.52726603321946,74.20225124200128,False,dwarf
15.090125,-33.68244444444444,,,simbad,,,,,,,,,63.58573840433797,40.15963823744562,75.20600156761031,False,dwarf
15.079028763059998,-33.67796665398001,,,simbad,,,,,,,,,49.73080626217747,46.88072630386553,68.34438960342084,False,dwarf
15.056875,-33.66738888888889,,,simbad,,,,,,,,,22.069276903220757,62.757773541328056,66.52511648163909,False,dwarf
15.057375,-33.69658333333333,,,simbad,,,,,,,,,22.693584594969177,18.937404160562778,29.55713210224434,False,dwarf
15.078666666666665,-33.74030555555556,,,simbad,,,,,,,,,49.27868713515259,-46.68891496915562,67.88404662924343,False,dwarf
15.04812032734,-33.67713456756,,,simbad,,,,,,,,,11.138057942506686,48.12967400522239,49.40163817708494,False,dwarf
15.10648061963,-33.68517682547999,,,simbad,,,,,,,,,84.00761668090121,36.05838032536135,91.41928927799448,False,dwarf
15.137458333333335,-33.70586111111112,,,simbad,,,,,,,,,122.6868665563009,5.011615984357842,122.78918323768693,False,dwarf
15.123249999999999,-33.650277777777774,,,simbad,,,,,,,,,104.94612298251309,88.44126311178991,137.24265280833657,False,dwarf
15.115307947970004,-33.66980203338001,,,simbad,,,,,,,,,95.02955464136575,59.135684305432925,111.92696464037674,False,dwarf
15.101593930219998,-33.6592362027,,,simbad,,,,,,,,,77.90602110922562,74.99481819282927,108.13681556642318,False,dwarf
15.107355473290001,-33.724936703830004,,,simbad,,,,,,,,,85.09997241908212,-23.62052739105147,88.31723852091363,False,dwarf
15.05110266696,-33.70223504487,,,simbad,,,,,,,,,14.861853070838755,10.454280337401256,18.17048854797729,False,dwarf
15.120423392920001,-33.70140299159,,,simbad,,,,,,,,,101.41677789933978,11.703178296177175,102.08979979271253,False,dwarf
15.135833573879998,-33.71974132052001,,,simbad,,,,,,,,,120.65816690839075,-15.822344550062706,121.69116577941877,False,dwarf
15.091499999999998,-33.61966666666666,,,simbad,,,,,,,,,65.30258455663719,134.38802529790084,149.41408532412862,False,dwarf
15.104041666666665,-33.735,,,simbad,,,,,,,,,80.96230249126887,-38.725365443250446,89.74713562783504,False,dwarf
15.086291666666666,-33.723555555555556,,,simbad,,,,,,,,,58.79937943428128,-21.54744709418077,62.623154648525166,False,dwarf
15.069458333333335,-33.682111111111105,,,simbad,,,,,,,,,37.781020478833135,40.6599659563589,55.50349844824444,False,dwarf
15.100291666666664,-33.67522222222222,,,simbad,,,,,,,,,76.2799948031696,51.000072147061594,91.75862338863345,False,dwarf
15.123958333333333,-33.72927777777778,,,simbad,,,,,,,,,105.83055887915306,-30.136406268720386,110.0377670414447,False,dwarf
15.086958333333333,-33.627138888888894,,,simbad,,,,,,,,,59.631789689944526,123.17234559910229,136.84800715396065,False,dwarf
15.066458333333333,-33.67066666666666,,,simbad,,,,,,,,,34.035174328354515,57.837884305428574,67.10897073036975,False,dwarf
15.082666666666665,-33.71411111111111,,,simbad,,,,,,,,,54.27314866912409,-7.371495058533517,54.77146707783926,False,dwarf
15.076166666666666,-33.650777777777776,,,simbad,,,,,,,,,46.15714867642637,87.69077153342475,99.09668907720896,False,dwarf
15.066083333333333,-33.656194444444445,,,simbad,,,,,,,,,33.56694355954816,79.56044610121515,86.3516316218417,False,dwarf
15.07475,-33.617916666666666,,,simbad,,,,,,,,,44.38827688314645,137.01474582215022,144.0255522376613,False,dwarf
15.113416666666668,-33.65033333333333,,,simbad,,,,,,,,,92.66807171151109,88.35787515863291,128.04095289116808,False,dwarf
15.128874999999999,-33.69602777777778,,,simbad,,,,,,,,,111.96958451465603,19.771283692065822,113.70176566446472,False,dwarf
15.095666666666666,-33.69811111111111,,,simbad,,,,,,,,,70.5051486545235,16.644235448912692,72.44312638529136,False,dwarf
15.058041666666664,-33.662083333333335,,,simbad,,,,,,,,,23.525994850628447,70.72132306722368,74.53172458819412,False,dwarf
15.090250000000001,-33.69811111111111,,,simbad,,,,,,,,,63.74181532727606,16.644235448912692,65.87905277776395,False,dwarf
15.05960409637,-33.70645332547,,,simbad,,,,,,,,,25.476868613836636,4.1227122065092825,25.808285303452358,False,dwarf
15.08720483135,-33.61893301985,,,simbad,,,,,,,,,59.93957090555643,135.489216812688,148.15559399785687,False,dwarf
15.083583234230002,-33.65642344923,,,simbad,,,,,,,,,55.41758902871379,79.21671377529171,96.67676512540079,False,dwarf
15.072643466409998,-33.61989339253,,,simbad,,,,,,,,,41.75802663682622,134.0477135958318,140.40129026783208,False,dwarf
15.11793252111,-33.73429055801,,,simbad,,,,,,,,,98.30663703906558,-37.6605049655987,105.27349391083429,False,dwarf
15.094213508039166,-33.64123727819472,,,simbad,,,,,,,,,68.690712437572,102.01090071424024,122.98226636272315,False,dwarf
15.13262484624,-33.69948718443,,,simbad,,,,,,,,,116.65170021565294,14.57877257484963,117.55917562228714,False,dwarf
15.09933630427,-33.70484939936999,,,simbad,,,,,,,,,75.08711461788612,6.530178267239117,75.37053807583895,False,dwarf
15.07857072497,-33.63273043018,,,simbad,,,,,,,,,49.15889285677854,114.77953630107885,124.86368046952208,False,dwarf
15.07235983179,-33.73323089331,,,simbad,,,,,,,,,41.40387608700349,-36.06996609912927,54.91196053156611,False,dwarf
15.099708333333334,-33.64958333333333,,,simbad,,,,,,,,,75.55163582947172,89.4836125261711,117.11262351789,False,dwarf
15.124374999999999,-33.72030555555556,,,simbad,,,,,,,,,106.35081528894008,-16.66925183486456,107.64924462975291,False,dwarf
15.058333333333332,-33.65202777777778,,,simbad,,,,,,,,,23.890174337481366,85.81454258752142,89.07792178413672,False,dwarf
15.124083333333333,-33.684083333333334,,,simbad,,,,,,,,,105.98663580209116,37.6996936194911,112.4919280110738,False,dwarf
15.085583333333334,-33.69394444444444,,,simbad,,,,,,,,,57.9149435376453,22.898331935228498,62.277397909551006,False,dwarf
15.089833333333333,-33.736444444444444,,,simbad,,,,,,,,,63.22155891748505,-40.893452225169824,75.29435534520022,False,dwarf
15.086749999999999,-33.64780555555556,,,simbad,,,,,,,,,59.37166148504902,92.1520270269942,109.62203370070783,False,dwarf
15.091666666666669,-33.696666666666665,,,simbad,,,,,,,,,65.51068712055597,18.812322230832066,68.15829806211447,False,dwarf
15.085749999999999,-33.78180555555556,,,simbad,,,,,,,,,58.12304610155614,-108.97971597283318,123.51059461294408,False,dwarf
15.123595493050003,-33.81400233901,,,simbad,,,,,,,,,105.37751091963652,-157.30654563836578,189.340352561976,False,dwarf
15.089958333333334,-33.779250000000005,,,simbad,,,,,,,,,63.377635840423146,-105.14387012789817,122.76790358311737,False,dwarf
15.165816929569994,-33.872761455319996,,,simbad,,,,,,,,,158.09584607163706,-245.50298952312644,292.00344931164614,False,dwarf
15.083238913520002,-33.76242712363,,,simbad,,,,,,,,,54.98766489335369,-79.89301604901588,96.98730485910035,False,dwarf
15.123583333333334,-33.818,,,simbad,,,,,,,,,105.36232811034671,-163.30696745060558,194.34604653232725,False,dwarf
15.14275,-33.75347222222222,,,simbad,,,,,,,,,129.29412296061025,-66.45185986590096,145.3713173627822,False,dwarf
15.08832802384,-33.81451390944001,,,simbad,,,,,,,,,61.34200632719367,-158.07440423727726,169.55930825294024,False,dwarf
15.089290316323336,-33.75537282656389,,,simbad,,,,,,,,,62.543539525303885,-69.30463497033234,93.3532364983896,False,dwarf
15.129195834860003,-33.78673935815,,,simbad,,,,,,,,,112.37018385641679,-116.38527056565384,161.7794468545537,False,dwarf
15.115774400219996,-33.75848830345999,,,simbad,,,,,,,,,95.61197409637036,-73.9809133165108,120.89179097751047,False,dwarf
15.098792928620002,-33.75682567321001,,,simbad,,,,,,,,,74.40864742228247,-71.48533331544216,103.18333048721294,False,dwarf
15.076870224989998,-33.772731912930006,,,simbad,,,,,,,,,47.03562242212149,-95.3603312218303,106.3294058451074,False,dwarf
15.103124999999999,-33.85216666666666,,,simbad,,,,,,,,,79.8177383897334,-214.59055863836275,228.9540984965688,False,dwarf
15.121721488670001,-33.83054962338,,,simbad,,,,,,,,,103.03760022203511,-182.14374076710183,209.2679845560451,False,dwarf
15.120871050920003,-33.86460390968,,,simbad,,,,,,,,,101.97573056468619,-233.25865091735642,254.5754266459876,False,dwarf
15.086019836499998,-33.76902543592001,,,simbad,,,,,,,,,58.45996810648511,-89.7969716590743,107.14972697189596,False,dwarf
15.09738643192,-33.81627265468,,,simbad,,,,,,,,,72.65247400582992,-160.71425121945458,176.3730493136572,False,dwarf
15.126190758070004,-33.87945830344,,,simbad,,,,,,,,,108.6179987478502,-255.55484575433752,277.6799395716429,False,dwarf
15.10652741126,-33.8773016183,,,simbad,,,,,,,,,84.06604142993879,-252.3176976848569,265.95360476347565,False,dwarf
15.10321996629,-33.85186634494,,,simbad,,,,,,,,,79.9363147603418,-214.13978078505315,228.5730958186791,False,dwarf
15.11577455291,-33.83136414863,,,simbad,,,,,,,,,95.61216474745947,-183.3663294480794,206.7967524478006,False,dwarf
15.133699537019996,-33.81994944826,,,simbad,,,,,,,,,117.99357565605364,-166.2330564537451,203.8526746306137,False,dwarf
15.145000715739997,-33.82153247457,,,simbad,,,,,,,,,132.1044012574386,-168.60915228170126,214.19761685121586,False,dwarf
15.15267044653,-33.83164988299,,,simbad,,,,,,,,,141.68094510907954,-183.79521190972702,232.06501271829725,False,dwarf
15.11852242233,-33.78763449851,,,simbad,,,,,,,,,99.04319677709942,-117.72886116890734,153.8494055235674,False,dwarf
15.13886479588,-33.79382260749,,,simbad,,,,,,,,,124.44299732837165,-127.0171085198013,177.81846203586423,False,dwarf
15.120660664159999,-33.75969986614,,,simbad,,,,,,,,,101.7130384196621,-75.79944849250397,126.8506940317136,False,dwarf
15.117880668159998,-33.75002219032999,,,simbad,,,,,,,,,98.2418926480142,-61.27342010553916,115.78385674390812,False,dwarf
15.11149578859,-33.74931902171,,,simbad,,,,,,,,,90.26963379517034,-60.217975850597185,108.51180304951745,False,dwarf
15.122632782990003,-33.7442529405,,,simbad,,,,,,,,,104.17545632887824,-52.613873283837044,116.70794901487079,False,dwarf
15.102199166850001,-33.8161126599,,,simbad,,,,,,,,,78.66172887609939,-160.47410174951193,178.7165490996558,False,dwarf
15.095150684120002,-33.77844118883001,,,simbad,,,,,,,,,69.86088490914241,-103.92985818476963,125.22762739345806,False,dwarf
15.062790089052083,-33.76811951246306,,,simbad,,,,,,,,,29.454948088379723,-88.43719580891896,93.21336583041199,False,dwarf
15.069662167568335,-33.778252029747776,,,simbad,,,,,,,,,38.03553104033731,-103.64593358840813,110.4046247714885,False,dwarf
15.07120676715,-33.75385082024,,,simbad,,,,,,,,,39.96414183934122,-67.02012911374867,78.03095757055993,False,dwarf
15.076012461760003,-33.785574654,,,simbad,,,,,,,,,45.96460605775536,-114.63706925394534,123.50871490376095,False,dwarf
15.07687515003,-33.81316762456,,,simbad,,,,,,,,,47.041771902830995,-156.0536533082424,162.98978806847714,False,dwarf
15.07902973127,-33.75410826643001,,,simbad,,,,,,,,,49.732015184078556,-67.40655150872166,83.7670371958288,False,dwarf
15.0823970765,-33.7861195836,,,simbad,,,,,,,,,53.93653423978481,-115.45499940513815,127.43236093488942,False,dwarf
15.084083952000004,-33.75320381427,,,simbad,,,,,,,,,56.042792939128006,-66.04898405049764,86.62137689116277,False,dwarf
15.08443350759958,-33.812852193660554,,,simbad,,,,,,,,,56.47925343814558,-155.58019684106372,165.5146631511372,False,dwarf
15.084594275663338,-33.80944549529861,,,simbad,,,,,,,,,56.67999091572589,-150.46679997977841,160.78830575126233,False,dwarf
15.086102984290827,-33.74721495515083,,,simbad,,,,,,,,,58.563787717217096,-57.05980738467886,81.76514447222557,False,dwarf
15.086856884580001,-33.84734801559,,,simbad,,,,,,,,,59.505119215897636,-207.35784453420902,215.72699159532957,False,dwarf
15.088208480129996,-33.766993147790004,,,simbad,,,,,,,,,61.19274221188124,-86.74654140634486,106.15796788452789,False,dwarf
15.10305984408,-33.76109452249,,,simbad,,,,,,,,,79.73638370569886,-77.8928041832574,111.46829069288593,False,dwarf
15.11896707818,-33.81400842409,,,simbad,,,,,,,,,99.59840091176825,-157.31567924094557,186.19362072644,False,dwarf
15.12679650346,-33.77954251842,,,simbad,,,,,,,,,109.37434176027877,-105.58293534934226,152.02138952291435,False,dwarf
15.130353218016248,-33.77722299538028,,,simbad,,,,,,,,,113.81531026989985,-102.10137033510924,152.9006693122718,False,dwarf
15.132537027299998,-33.76907049128,,,simbad,,,,,,,,,116.5420481362045,-89.86459899553955,147.1655365104566,False,dwarf
15.13708402249,-33.75680043308,,,simbad,,,,,,,,,122.21949627910561,-71.44744830543081,141.5709826909297,False,dwarf
15.139837191160002,-33.80851965809,,,simbad,,,,,,,,,125.65714503381697,-149.07713392379284,194.9710490226233,False,dwarf
15.141532426840001,-33.86174574603,,,simbad,,,,,,,,,127.77384238250903,-228.9685954195817,262.2074989118472,False,dwarf
15.147830521584998,-33.89160017894056,,,simbad,,,,,,,,,135.63774036780478,-273.77959637160143,305.53700921734674,False,dwarf
15.149761744800001,-33.80401201997001,,,simbad,,,,,,,,,138.04909538301462,-142.31124502912417,198.2676050135475,False,dwarf
15.150582493684169,-33.799794763950835,,,simbad,,,,,,,,,139.07389506576965,-135.98121477678427,194.50562732459605,False,dwarf
15.15174080449,-33.87210565791,,,simbad,,,,,,,,,140.52017975679595,-244.51864865650742,282.0200178350586,False,dwarf
15.151867122559999,-33.89123164334,,,simbad,,,,,,,,,140.6779024422097,-273.2264306425116,307.31572468259264,False,dwarf
15.160928124109999,-33.858841805660006,,,simbad,,,,,,,,,151.9916083673863,-224.60982983610523,271.20292157922836,False,dwarf
15.106958182863751,-33.75591976028999,,,simbad,,,,,,,,,84.6039094811535,-70.12557328104063,109.88820467861787,False,dwarf
15.114280063272082,-33.88426106361556,,,simbad,,,,,,,,,93.7461219950854,-262.76370788359094,278.98584474817096,False,dwarf
15.10165647254,-33.79152888547001,,,simbad,,,,,,,,,77.98411241209894,-123.57427040160806,146.12365343773962,False,dwarf
15.098791666666667,-33.82794444444445,,,simbad,,,,,,,,,74.40707172793624,-178.23341106460845,193.14129838761036,False,dwarf
15.075125,-33.772416666666665,,,simbad,,,,,,,,,44.856507651952796,-94.88715189034292,104.95559952947107,False,dwarf
15.122041666666666,-33.793527777777776,,,simbad,,,,,,,,,103.43737939412868,-126.57457408765916,163.4638010735014,False,dwarf
15.12008498797,-33.8314152969,,,simbad,,,,,,,,,100.99424027291914,-183.44310213983817,209.4068009664233,False,dwarf
15.092932049559998,-33.75752646184999,,,simbad,,,,,,,,,67.09066366717457,-72.5372052604749,98.8068990420315,False,dwarf
15.10092647272,-33.85132195899,,,simbad,,,,,,,,,77.07262340689876,-213.32266664335054,226.81875888614616,False,dwarf
15.118333333333336,-33.84875,,,simbad,,,,,,,,,98.80709734701408,-209.46219951959466,231.59718373445045,False,dwarf
15.103958333333331,-33.74908333333334,,,simbad,,,,,,,,,80.8582512093075,-59.864211566995394,100.6070604637938,False,dwarf
15.13762627004,-33.79252334990999,,,simbad,,,,,,,,,122.89655491169655,-125.06694477598157,175.34338848317626,False,dwarf
15.11625,-33.76972222222222,,,simbad,,,,,,,,,96.20581529807092,-90.8428361625202,132.31772284624998,False,dwarf
15.137765517410001,-33.82557930432,,,simbad,,,,,,,,,123.070421319989,-174.6833755745456,213.6834347954875,False,dwarf
15.137829297709997,-33.76404446155,,,simbad,,,,,,,,,123.15005838372907,-82.32061302565974,148.1304162177245,False,dwarf
15.084144212880002,-33.79312684213999,,,simbad,,,,,,,,,56.11803560091455,-125.9727764484122,137.90712209972025,False,dwarf
15.079266853659997,-33.747991394079996,,,simbad,,,,,,,,,50.02808984800048,-58.225229139569514,76.76579369872354,False,dwarf
15.114389591199998,-33.81936550061,,,simbad,,,,,,,,,93.88288025080425,-165.3565608666956,190.14938187080193,False,dwarf
15.127999999999998,-33.77425000000001,,,simbad,,,,,,,,,110.87704605410127,-97.63895434433256,147.73992265849455,False,dwarf
15.129739284420001,-33.7563588193,,,simbad,,,,,,,,,113.04874333718347,-70.7845934598652,133.38094707039224,False,dwarf
15.08618135133,-33.77734942314,,,simbad,,,,,,,,,58.66163800788551,-102.29113627299324,117.91804074775102,False,dwarf
15.11243620204,-33.80868753441,,,simbad,,,,,,,,,91.44384849568233,-149.329113452523,175.10328823930686,False,dwarf
15.15248170449,-33.81558774892,,,simbad,,,,,,,,,141.44527889442477,-159.68621920976034,213.32242152907705,False,dwarf
15.058333333333332,-33.745194444444444,,,simbad,,,,,,,,,23.890174337481366,-54.02705484642634,59.0733703563121,False,dwarf
15.10560796727,-33.75356966495001,,,simbad,,,,,,,,,82.91800951976558,-66.59811975905438,106.35180232681195,False,dwarf
15.10150034139,-33.74577929891001,,,simbad,,,,,,,,,77.7891646563662,-54.90491154836641,95.21398768074569,False,dwarf
15.089916666666666,-33.78158333333334,,,simbad,,,,,,,,,63.32561019944245,-108.64616416023387,125.7542122310987,False,dwarf
15.065958333333333,-33.77719444444445,,,simbad,,,,,,,,,33.41086663661006,-102.05851586131875,107.38820544745309,False,dwarf
15.146958333333334,-33.76155555555555,,,simbad,,,,,,,,,134.54871269947722,-78.58480704935,155.81696951253426,False,dwarf
15.148708333333332,-33.79536111111111,,,simbad,,,,,,,,,136.7337896205828,-129.32637654163926,188.20584712860452,False,dwarf
15.075333333333331,-33.79163888888889,,,simbad,,,,,,,,,45.11663585684831,-123.73938368053162,131.70780502565998,False,dwarf
15.083583333333335,-33.78072222222222,,,simbad,,,,,,,,,55.41771277066353,-107.35365088638171,120.8136136673632,False,dwarf
15.082388586220004,-33.76752528434999,,,simbad,,,,,,,,,53.925933145573495,-87.54526941995988,102.82110903620047,False,dwarf
15.12685402564,-33.80454112763,,,simbad,,,,,,,,,109.44616483911922,-143.1054267148637,180.16000153539875,False,dwarf
15.078269331544583,-33.75596395839472,,,simbad,,,,,,,,,48.78256838932003,-70.1919138918099,85.47890824322654,False,dwarf
15.092432131990002,-33.82083167700001,,,simbad,,,,,,,,,66.46645889880007,-167.55726693287153,180.25878025926903,False,dwarf
15.127625830589997,-33.789898875679995,,,simbad,,,,,,,,,110.40985237273978,-121.1276531615233,163.89705263179223,False,dwarf
15.091333333333331,-33.77972222222222,,,simbad,,,,,,,,,65.09448199272236,-105.8526677296705,124.26616132877399,False,dwarf
15.076208333333334,-33.76727777777778,,,simbad,,,,,,,,,46.20917431740308,-87.17376622388961,98.6638399250379,False,dwarf
15.105791666666667,-33.811277777777775,,,simbad,,,,,,,,,83.14737941238239,-153.2170251193452,174.32424813997832,False,dwarf
15.120541666666664,-33.864694444444446,,,simbad,,,,,,,,,101.5644563188874,-233.39454207388388,254.53555951424377,False,dwarf
15.151375,-33.79416666666667,,,simbad,,,,,,,,,140.0634306432318,-127.53353554890245,189.42694447505238,False,dwarf
15.116666666666669,-33.79,,,simbad,,,,,,,,,96.72607170786195,-121.2794390625771,155.12780307658522,False,dwarf
14.969394422580002,-33.68126818863999,,,simbad,,,,,,,,,-87.1603178201638,41.92517838792242,96.71939611769234,False,dwarf
14.98013453217,-33.70316632118,,,simbad,,,,,,,,,-73.75005176569915,9.056450281844874,74.30403372059173,False,dwarf
15.04466941829,-33.68272594416,,,simbad,,,,,,,,,6.82919981564731,39.73711190577522,40.31967302365113,False,dwarf
15.025860495880002,-33.67023286245,,,simbad,,,,,,,,,-16.655910052388496,58.489017127949296,60.8143442311664,False,dwarf
15.01639768068,-33.6942155607,,,simbad,,,,,,,,,-28.47132668225173,22.491391002119386,36.28331727196007,False,dwarf
14.967083333333331,-33.670833333333334,,,simbad,,,,,,,,,-90.04597940617883,57.587720445967165,106.88603254579546,False,dwarf
14.947667927599998,-33.7098296097,,,simbad,,,,,,,,,-114.2883536815609,-0.9450335550111877,114.29226078637895,False,dwarf
14.945827779840002,-33.69452419305999,,,simbad,,,,,,,,,-116.585990482592,22.02813902815692,118.64877616667962,False,dwarf
15.00741186363,-33.72006856151,,,simbad,,,,,,,,,-39.69115608412946,-16.313527764230116,42.912924153558144,False,dwarf
15.00872507482,-33.71651607357,,,simbad,,,,,,,,,-38.0514603905226,-10.981303201857306,39.60432625184567,False,dwarf
14.96721756692,-33.69870636386,,,simbad,,,,,,,,,-89.87837328488418,15.75077109884071,91.24806175774397,False,dwarf
15.0292402846,-33.63753289934,,,simbad,,,,,,,,,-12.435853863645237,107.57111098126427,108.28755412817031,False,dwarf
15.023574307670001,-33.617635347749996,,,simbad,,,,,,,,,-19.510479820953456,137.43700077772948,138.81494157914503,False,dwarf
15.017524945469999,-33.61613279085,,,simbad,,,,,,,,,-27.063806524192273,139.69231337662902,142.2898170639531,False,dwarf
14.945725509940004,-33.68252066674,,,simbad,,,,,,,,,-116.7136862529956,40.04522985565595,123.39248353508009,False,dwarf
14.96425693044,-33.62454292609,,,simbad,,,,,,,,,-93.57506953874139,127.06884203569224,157.8061603850496,False,dwarf
15.02610365908,-33.60409516999,,,simbad,,,,,,,,,-16.352292740170913,157.76057953441014,158.6057941340517,False,dwarf
14.99875,-33.71025,,,simbad,,,,,,,,,-50.50649226226034,-1.576032314557274,50.53107596810395,False,dwarf
15.043185893660004,-33.68560796858,,,simbad,,,,,,,,,4.976848140843774,35.411241794109706,35.759265412168666,False,dwarf
15.00693779584,-33.65135741012999,,,simbad,,,,,,,,,-40.283084419541375,86.82075313566529,95.71086701830691,False,dwarf
14.93467182959,-33.65735228584,,,simbad,,,,,,,,,-130.51548158221763,77.82254566834412,151.95604478578565,False,dwarf
14.967830776741247,-33.67118814880167,,,simbad,,,,,,,,,-89.11271006876717,57.055148404260514,105.81287754915442,False,dwarf
14.955,-33.713944444444444,,,simbad,,,,,,,,,-105.13341529003883,-7.121331199081649,105.37432499710157,False,dwarf
15.005166666666668,-33.70991666666667,,,simbad,,,,,,,,,-42.494543551516045,-1.0757045956535372,42.508156535291015,False,dwarf
14.996083333333333,-33.71902777777778,,,simbad,,,,,,,,,-53.83613328490535,-14.751328912387507,55.82052446682612,False,dwarf
15.022124699928332,-33.61313737060694,,,simbad,,,,,,,,,-21.320482347229806,144.18838870874873,145.75614706057428,False,dwarf
14.93432658559,-33.62055550972,,,simbad,,,,,,,,,-130.94655855167446,133.0538868458766,186.6824523122686,False,dwarf
14.946071595999994,-33.71508170042999,,,simbad,,,,,,,,,-116.28155787448026,-8.828333278263933,116.61620886561269,False,dwarf
14.951009270833747,-33.673317596360825,,,simbad,,,,,,,,,-110.11630111837482,53.858883484855234,122.58213206755627,False,dwarf
14.951012665426667,-33.69747884009472,,,simbad,,,,,,,,,-110.11206257743378,17.593263594997577,111.50869584467284,False,dwarf
14.96754819439,-33.66463183029,,,simbad,,,,,,,,,-89.46554673963739,66.89607206033487,111.71019877577767,False,dwarf
14.96936715438,-33.64898027576,,,simbad,,,,,,,,,-87.19436531416616,90.38879178626091,125.59056900548023,False,dwarf
14.97858279005,-33.614646901129994,,,simbad,,,,,,,,,-75.68758084794536,141.92260881909792,160.84351646439765,False,dwarf
14.98636953146,-33.64189327612999,,,simbad,,,,,,,,,-65.96493573614354,101.0262588625579,120.6552018208834,False,dwarf
14.988684274650002,-33.59733376822,,,simbad,,,,,,,,,-63.0747117802734,167.90932970697224,179.36544335185994,False,dwarf
14.990027923620003,-33.64235772197,,,simbad,,,,,,,,,-61.397011006317676,100.32913347949358,117.62452119033655,False,dwarf
14.99732949276,-33.71532016949,,,simbad,,,,,,,,,-52.28015945448408,-9.186271320728467,53.08109506560994,False,dwarf
14.998803196897496,-33.710305436665,,,simbad,,,,,,,,,-50.44006979769048,-1.6592418149878885,50.4673530571645,False,dwarf
15.00330296044,-33.64105857989,,,simbad,,,,,,,,,-44.82159581644424,102.2791238597609,111.66913015266574,False,dwarf
15.004242616435418,-33.680720628467505,,,simbad,,,,,,,,,-43.648326885373955,42.74705698410819,61.09408580783455,False,dwarf
15.006184222679998,-33.66382089685,,,simbad,,,,,,,,,-41.22400745970685,68.11326949498975,79.6168089811132,False,dwarf
15.01500405172,-33.65752295276,,,simbad,,,,,,,,,-30.211433240590615,77.56637749601492,83.24225859685063,False,dwarf
15.020577416880002,-33.61545564536,,,simbad,,,,,,,,,-23.252443763992655,140.70869735176595,142.61701739774432,False,dwarf
15.021999027619998,-33.63933442511001,,,simbad,,,,,,,,,-21.477398724694883,104.86705114409989,107.04380912336214,False,dwarf
15.02767398734125,-33.604034176146946,,,simbad,,,,,,,,,-14.39155671604113,157.85213026550093,158.50681983456644,False,dwarf
15.028030010670001,-33.67425789662,,,simbad,,,,,,,,,-13.947020510881543,52.447508633582494,54.270254679710696,False,dwarf
15.04331452652,-33.6846515895,,,simbad,,,,,,,,,5.137461108657798,36.84675068462839,37.20317920095182,False,dwarf
15.046729180382501,-33.687677364874446,,,simbad,,,,,,,,,9.401050450676259,32.305112811583435,33.645208623893126,False,dwarf
15.047226616009999,-33.619119205269996,,,simbad,,,,,,,,,10.022156227468605,135.2097556332519,135.58068311471027,False,dwarf
15.053260246410002,-33.64821518178,,,simbad,,,,,,,,,17.555839963217817,91.5371849635449,93.20549204775621,False,dwarf
15.055020806796664,-33.71838765114583,,,simbad,,,,,,,,,19.754102745570872,-13.790509619673097,24.091548950884558,False,dwarf
15.055959156107498,-33.69416382417944,,,simbad,,,,,,,,,20.925740130166716,22.569046648070355,30.777401881868546,False,dwarf
15.060115213030004,-33.69636214500999,,,simbad,,,,,,,,,26.11505673827791,19.26940410835187,32.45467798537589,False,dwarf
15.06474171832,-33.71023114528,,,simbad,,,,,,,,,31.8917824151745,-1.5477316973995237,31.929316607531216,False,dwarf
15.067891707,-33.71034231707,,,simbad,,,,,,,,,35.824906738847204,-1.7145986817044268,35.86591406177183,False,dwarf
14.934737585300418,-33.640417528578055,,,simbad,,,,,,,,,-130.43337799063735,103.24133108157652,166.34794419392196,False,dwarf
14.946730930407917,-33.707232492867774,,,simbad,,,,,,,,,-115.45830278988325,2.9531950661916273,115.4960650594614,False,dwarf
14.951273325439997,-33.719948091899994,,,simbad,,,,,,,,,-109.78659847492835,-16.132704908719653,110.96558643276288,False,dwarf
14.954482163810003,-33.67142752781,,,simbad,,,,,,,,,-105.77999352300142,56.69584454467991,120.0159398511745,False,dwarf
14.967741941237497,-33.70424780952723,,,simbad,,,,,,,,,-89.22363144534904,7.433154488466487,89.53272135898075,False,dwarf
14.97793523041,-33.71307782995,,,simbad,,,,,,,,,-76.49613377617705,-5.8205574395551185,76.71725602242259,False,dwarf
15.02210200799625,-33.63664610410111,,,simbad,,,,,,,,,-21.348815842709705,108.90217569829974,110.97502335980506,False,dwarf
15.050008442083334,-33.68626754018417,,,simbad,,,,,,,,,13.495587056833653,34.421235925611526,36.97231873517247,False,dwarf
15.070708333333334,-33.71047222222223,,,simbad,,,,,,,,,39.341789708198235,-1.9095841271661307,39.388106440686094,False,dwarf
15.033666666666663,-33.641305555555554,,,simbad,,,,,,,,,-6.90900512199496,101.90841754564572,102.1423512478219,False,dwarf
14.95425,-33.71227777777778,,,simbad,,,,,,,,,-106.06987682765947,-4.619692604553416,106.17043058213251,False,dwarf
15.050291666666666,-33.680722222222215,,,simbad,,,,,,,,,13.849225628565627,42.74466478513084,44.932253650402664,False,dwarf
15.054708333333332,-33.710055555555556,,,simbad,,,,,,,,,19.363943572320192,-1.2841744785221376,19.40647868015442,False,dwarf
15.053250000000002,-33.67938888888889,,,simbad,,,,,,,,,17.54304613806753,44.745975660745785,48.06205161699218,False,dwarf
15.029294547220003,-33.61223658078,,,simbad,,,,,,,,,-12.36810072156032,145.54045906673085,146.0650373662822,False,dwarf
14.943050471320003,-33.65558864238001,,,simbad,,,,,,,,,-120.0537806253649,80.46974479623792,144.52781763388978,False,dwarf
15.059416666666667,-33.67377777777777,,,simbad,,,,,,,,,25.242841002931648,53.16815892898097,58.856215863718816,False,dwarf
15.064708333333334,-33.66213888888889,,,simbad,,,,,,,,,31.85009740724496,70.63793511407623,77.48642837317665,False,dwarf
14.963,-33.69311111111111,,,simbad,,,,,,,,,-95.14449222210378,24.149151232487842,98.16137685185318,False,dwarf
14.999833333333331,-33.64925,,,simbad,,,,,,,,,-49.15382559681005,89.98394024506528,102.53393620079694,False,dwarf
15.05545833333333,-33.644444444444446,,,simbad,,,,,,,,,20.30040510993687,97.19699819261484,99.29432463782975,False,dwarf
14.969416666666666,-33.66247222222222,,,simbad,,,,,,,,,-87.13254351136345,70.1376073951725,111.85420917372309,False,dwarf
14.997041666666666,-33.668388888888884,,,simbad,,,,,,,,,-52.63954354239317,61.25679038461684,80.76704719485784,False,dwarf
15.036458333333332,-33.72061111111111,,,simbad,,,,,,,,,-3.423287176411846,-17.127885577185033,17.466635607275055,False,dwarf
15.071347247810001,-33.708587223020004,,,simbad,,,,,,,,,40.13954815250046,0.9197679257963998,40.15008466895465,False,dwarf
15.037433551649999,-33.69953907472001,,,simbad,,,,,,,,,-2.205614583957719,14.50088612355338,14.667666278628989,False,dwarf
15.055959622459998,-33.63768607827,,,simbad,,,,,,,,,20.926322425073007,107.34119198737302,109.36197907640565,False,dwarf
15.043667807210003,-33.63435335717,,,simbad,,,,,,,,,5.578572812885936,112.34355022450492,112.48197078498639,False,dwarf
14.979198774228749,-33.7154187886014,,,simbad,,,,,,,,,-74.91845352637041,-9.334296945868514,75.49770710595504,False,dwarf
15.006813183309998,-33.69640558575,,,simbad,,,,,,,,,-40.43867754147803,19.204200289285822,44.76704089008615,False,dwarf
15.029166666666669,-33.648694444444445,,,simbad,,,,,,,,,-12.527774347702964,90.81781977657788,91.67781366872764,False,dwarf
14.951396770389998,-33.674958684719996,,,simbad,,,,,,,,,-109.63246321134302,51.39563749905341,121.08174323043332,False,dwarf
15.001772601199999,-33.60571138219,,,simbad,,,,,,,,,-46.73242590577786,155.33467224453878,162.212145144429,False,dwarf
15.036580227690001,-33.61940364835,,,simbad,,,,,,,,,-3.2710880075130926,134.7828113611127,134.82249906880597,False,dwarf
15.061342100230002,-33.6341681065,,,simbad,,,,,,,,,27.646966970004804,112.62160835994139,115.96543214346488,False,dwarf
15.024890681980004,-33.70736231054,,,simbad,,,,,,,,,-17.866834607050475,2.7583409267346592,18.078501695212353,False,dwarf
14.94288813235,-33.71947284424,,,simbad,,,,,,,,,-120.25647956065345,-15.419366175803084,121.2409903027246,False,dwarf
15.03970599005,-33.71264355815,,,simbad,,,,,,,,,0.6317869603247145,-5.168722782321167,5.207192138160662,False,dwarf
15.047411086840002,-33.67019531689,,,simbad,,,,,,,,,10.25248934361455,58.5453723811149,59.43630342630959,False,dwarf
14.9788438284,-33.60397409,,,simbad,,,,,,,,,-75.36164434845301,157.94231856002105,175.00043837378777,False,dwarf
15.057906283690006,-33.689571816530005,,,simbad,,,,,,,,,23.3569535833074,29.461572785376866,37.59696200068345,False,dwarf
14.988105296749998,-33.66749081459,,,simbad,,,,,,,,,-63.79763249292065,62.60478478071163,89.38398620077865,False,dwarf
14.960125,-33.67283333333332,,,simbad,,,,,,,,,-98.7342614496443,54.585754132554285,112.81869941736778,False,dwarf
15.024348991350001,-33.62746325054,,,simbad,,,,,,,,,-18.54319786076537,122.6854842241003,124.07891934654113,False,dwarf
15.01428109891,-33.601823215610004,,,simbad,,,,,,,,,-31.11412324069337,161.17074479161798,164.14657365209274,False,dwarf
14.98911071452,-33.69247617634999,,,simbad,,,,,,,,,-62.54225239845861,25.10217761453548,67.39178478170902,False,dwarf
14.992413105070002,-33.63399363881,,,simbad,,,,,,,,,-58.41883675542894,112.88348142402404,127.10405527073256,False,dwarf
15.017564032470002,-33.665710671,,,simbad,,,,,,,,,-27.01500189469304,65.27675032584357,70.64605056528487,False,dwarf
15.02748085796,-33.62809980879,,,simbad,,,,,,,,,-14.632701032473381,121.73002101259289,122.6063373371542,False,dwarf
15.059899347109997,-33.67683474568,,,simbad,,,,,,,,,25.84552322978502,48.57970159712232,55.0270704134502,False,dwarf
14.965583333333333,-33.702027777777786,,,simbad,,,,,,,,,-91.91890248141615,10.765384751760365,92.54716712164412,False,dwarf
15.00425,-33.70138888888889,,,simbad,,,,,,,,,-43.63910765305151,11.724346213003667,45.18663531263412,False,dwarf
15.053500000000001,-33.69244444444444,,,simbad,,,,,,,,,17.855199983939755,25.149806670295316,30.8434910802865,False,dwarf
15.038166666666667,-33.61358333333334,,,simbad,,,,,,,,,-1.290235896275043,143.51900616790834,143.52480566122412,False,dwarf
15.042458333333332,-33.688138888888886,,,simbad,,,,,,,,,4.0684051245414246,31.61237303948927,31.873092875421158,False,dwarf
15.063041666666667,-33.65497222222222,,,simbad,,,,,,,,,29.769071768092818,81.39498107053522,86.66799050056859,False,dwarf
15.01625,-33.69161111111111,,,simbad,,,,,,,,,-28.65572305114497,26.400625967564206,38.963361187956394,False,dwarf
15.022874999999999,-33.65961111111111,,,simbad,,,,,,,,,-20.38364613551312,74.43208698243753,77.17271928822363,False,dwarf
14.996666666666666,-33.671166666666664,,,simbad,,,,,,,,,-53.10777431119952,57.087392727072974,77.97054636633226,False,dwarf
15.065125,-33.71019444444445,,,simbad,,,,,,,,,32.370353817032004,-1.492644361400286,32.404749550481924,False,dwarf
14.98725,-33.71288888888889,,,simbad,,,,,,,,,-64.86556917241845,-5.5369600892229975,65.10145920861875,False,dwarf
15.015583333333332,-33.613277777777775,,,simbad,,,,,,,,,-29.488133306808212,143.97763991024792,146.96635941617762,False,dwarf
15.016416666666665,-33.687416666666664,,,simbad,,,,,,,,,-28.44762048723413,32.69641643044419,43.33962111946439,False,dwarf
14.97,-33.706250000000004,,,simbad,,,,,,,,,-86.40418453765761,4.427900312306665,86.51756704157438,False,dwarf
14.944666666666665,-33.70688888888889,,,simbad,,,,,,,,,-118.0357742527972,3.4689388510729113,118.0867373594926,False,dwarf
14.964541666666666,-33.62438888888889,,,simbad,,,,,,,,,-93.21954350588575,127.30004928007244,157.782083387673,False,dwarf
15.001375,-33.66325,,,simbad,,,,,,,,,-47.22887688059204,68.97017605106059,83.59098035025318,False,dwarf
15.060583333333334,-33.64780555555556,,,simbad,,,,,,,,,26.699558950339338,92.1520270269942,95.94197482502909,False,dwarf
15.043458333333332,-33.653666666666666,,,simbad,,,,,,,,,5.317020508034299,83.35459796957645,83.52400678698655,False,dwarf
14.991708333333332,-33.680416666666666,,,simbad,,,,,,,,,-59.298825587683204,43.20329852745131,73.36808379486648,False,dwarf
15.024375,-33.67863888888889,,,simbad,,,,,,,,,-18.510723060271825,45.87171302827442,49.46575506714156,False,dwarf
14.988416666666666,-33.66738888888889,,,simbad,,,,,,,,,-63.408851225010764,62.757773541328056,89.21446381355528,False,dwarf
15.014,-33.63586111111111,,,simbad,,,,,,,,,-31.465107664002947,110.0804369544195,114.48910690709062,False,dwarf
15.063208333333334,-33.68830555555555,,,simbad,,,,,,,,,29.97717433200764,31.362209180037404,43.38454961831458,False,dwarf
15.051541666666669,-33.61841666666667,,,simbad,,,,,,,,,15.409994857934697,136.26425424378508,137.13283679023223,False,dwarf
14.999,-33.63327777777778,,,simbad,,,,,,,,,-50.19433841638414,113.95797677593778,124.52265689393104,False,dwarf
15.031026482989997,-33.72219449791001,,,simbad,,,,,,,,,-10.205579075926359,-19.50452249289225,22.013183367035438,False,dwarf
15.04916579617,-33.70471439813,,,simbad,,,,,,,,,12.443446406606673,6.732812854599146,14.148149257381618,False,dwarf
15.053244962909998,-33.68773204901,,,simbad,,,,,,,,,17.536756750000354,32.223032845168476,36.685987557233474,False,dwarf
15.03143457417,-33.70025330726,,,simbad,,,,,,,,,-9.69603015070795,13.42883511104298,16.56341188049788,False,dwarf
15.03442959794,-33.70748274983,,,simbad,,,,,,,,,-5.956397397560663,2.57756358104122,6.490185203210882,False,dwarf
14.99848984179,-33.68191718717,,,simbad,,,,,,,,,-50.83132980540598,40.95104252563875,65.27489543249095,False,dwarf
14.96551722893,-33.72082981486,,,simbad,,,,,,,,,-92.00144145633412,-17.456156220568175,93.64284606973538,False,dwarf
14.943410089649996,-33.68983453614,,,simbad,,,,,,,,,-119.60475564635082,29.06723507583875,123.0861557128882,False,dwarf
15.000307929040002,-33.64288458902,,,simbad,,,,,,,,,-48.56123809652442,99.53831491162491,110.75229108651949,False,dwarf
14.989541666666666,-33.69636111111111,,,simbad,,,,,,,,,-62.00415891858376,19.270955973162085,64.92985035652356,False,dwarf
15.070333333333334,-33.69616666666666,,,simbad,,,,,,,,,38.873558939387905,19.562813809197223,43.51847043207496,False,dwarf
15.018624999999998,-33.634972222222224,,,simbad,,,,,,,,,-25.690261515352873,111.41464420483582,114.33814971398382,False,dwarf
15.006125,-33.665527777777775,,,simbad,,,,,,,,,-41.29795380900387,65.55126997188188,77.47573803286524,False,dwarf
14.974583333333332,-33.654472222222225,,,simbad,,,,,,,,,-80.68136402998823,82.14547264889083,115.14061480836877,False,dwarf
14.940624999999999,-33.65611111111111,,,simbad,,,,,,,,,-123.08226142774143,79.68552803094586,146.62546319018927,False,dwarf
15.016374999999996,-33.67847222222222,,,simbad,,,,,,,,,-28.499646128214817,46.12187688773584,54.21676269458488,False,dwarf
14.948666666666666,-33.682694444444444,,,simbad,,,,,,,,,-113.0413127188257,39.78439244826304,119.83795835908067,False,dwarf
14.993458333333333,-33.68258333333333,,,simbad,,,,,,,,,-57.11374866657364,39.95116835456747,69.69990057126005,False,dwarf
14.957583333333334,-33.68344444444444,,,simbad,,,,,,,,,-101.9078255493512,38.658655080734405,108.99402057382868,False,dwarf
15.014125,-33.64763888888889,,,simbad,,,,,,,,,-31.30903074106882,92.40219088644608,97.56239176322201,False,dwarf
14.990897295570006,-33.66548611531,,,simbad,,,,,,,,,-60.31149981556706,65.61380463427157,89.1215370636498,False,dwarf
15.05988040895,-33.67363387017999,,,simbad,,,,,,,,,25.821876751877685,53.38416180937866,59.30124830961895,False,dwarf
14.983365838290002,-33.634215261250006,,,simbad,,,,,,,,,-69.71539323549472,112.55082987442644,132.39307141766048,False,dwarf
14.951860612619999,-33.71525320071001,,,simbad,,,,,,,,,-109.0533026674519,-9.085752309936135,109.43113687482362,False,dwarf
15.036541666666666,-33.73705555555556,,,simbad,,,,,,,,,-3.3192358944504665,-41.810719709829854,41.94226519367979,False,dwarf
14.984403058870006,-33.790454467859995,,,simbad,,,,,,,,,-68.42030366322665,-121.96158766569897,139.84265021554089,False,dwarf
14.98436862501,-33.77437837787,,,simbad,,,,,,,,,-68.46329831054271,-97.83164736488925,119.40793290936077,False,dwarf
15.024167069180002,-33.76413737648999,,,simbad,,,,,,,,,-18.770348680824338,-82.46007678558986,84.56944042078734,False,dwarf
14.963891358090002,-33.78986575355,,,simbad,,,,,,,,,-94.0315287987263,-121.0779374022859,153.30295278897128,False,dwarf
14.953494888430004,-33.77300765277,,,simbad,,,,,,,,,-107.0127207502091,-95.77421207729687,143.6120541646462,False,dwarf
14.990251539150002,-33.74868164478,,,simbad,,,,,,,,,-61.11780121557164,-59.26128381419326,85.13098956744538,False,dwarf
15.03758753003,-33.77996850384001,,,simbad,,,,,,,,,-2.0133548099609313,-106.22233228978595,106.24141129838448,False,dwarf
15.02621306948,-33.72544028579,,,simbad,,,,,,,,,-16.215681231617243,-24.376395431026985,29.27724324480051,False,dwarf
14.967338409008336,-33.735778189139175,,,simbad,,,,,,,,,-89.72748799441375,-39.8934142338907,98.1962657183279,False,dwarf
15.02049527610958,-33.73936664039111,,,simbad,,,,,,,,,-23.355005993552577,-45.279619121737944,50.94801480694349,False,dwarf
15.077861184406665,-33.75568990890389,,,simbad,,,,,,,,,48.27294959418721,-69.78057022195472,84.85048993979996,False,dwarf
14.981833333333332,-33.791694444444445,,,simbad,,,,,,,,,-71.62890249966988,-123.8227716336886,143.04816828032372,False,dwarf
15.027375,-33.751305555555554,,,simbad,,,,,,,,,-14.764876909797177,-63.199729693017126,64.90152096393345,False,dwarf
15.056124999999998,-33.74497222222222,,,simbad,,,,,,,,,21.132815365600113,-53.69350303382703,57.70258359311251,False,dwarf
14.964673865000002,-33.77269209498999,,,simbad,,,,,,,,,-93.0544786332123,-95.30056516453844,133.19659798350483,False,dwarf
14.966286854419998,-33.79543913573001,,,simbad,,,,,,,,,-91.04047522999399,-129.4434901804109,158.2529155503597,False,dwarf
14.977716165820002,-33.72851139406,,,simbad,,,,,,,,,-76.76966119322846,-28.986077216744288,82.05957319008033,False,dwarf
14.986052127890002,-33.733529683460006,,,simbad,,,,,,,,,-66.36125071641952,-36.51844508167712,75.74570897305641,False,dwarf
14.986328512530003,-33.778762486190004,,,simbad,,,,,,,,,-66.01615260315172,-104.41212011042155,123.5314665600458,False,dwarf
15.001515552462502,-33.774878242462776,,,simbad,,,,,,,,,-47.05338091372561,-98.58193569928252,109.2356109591997,False,dwarf
15.002072001484166,-33.7450083349025,,,simbad,,,,,,,,,-46.35859010514541,-53.74770755867142,70.97841181901262,False,dwarf
15.005612984696668,-33.75458985686167,,,simbad,,,,,,,,,-41.93726399332848,-68.12941063507427,80.00219187452738,False,dwarf
15.02288002209,-33.75057264587001,,,simbad,,,,,,,,,-20.37737547667868,-62.09964459961959,65.35750370628156,False,dwarf
15.02868245938,-33.72911604227,,,simbad,,,,,,,,,-13.132363014635358,-29.893643995698937,32.65101697787911,False,dwarf
15.029055935180004,-33.78597497905,,,simbad,,,,,,,,,-12.666035385389174,-115.2379504112091,115.93193549389322,False,dwarf
15.030226845591669,-33.75848205716028,,,simbad,,,,,,,,,-11.204018632693334,-73.97153772585408,74.81522857713657,False,dwarf
15.04077581743708,-33.775169030098056,,,simbad,,,,,,,,,1.9675898935108833,-99.01840304201758,99.0379500544134,False,dwarf
15.041549275420005,-33.73189564346,,,simbad,,,,,,,,,2.9333414294757105,-34.065778564275064,34.19183763900532,False,dwarf
15.04191599973,-33.74309192151,,,simbad,,,,,,,,,3.3912390444358893,-50.871203335217444,50.98411351616839,False,dwarf
15.043804435480004,-33.72504804825,,,simbad,,,,,,,,,5.7491689726290325,-23.787653490058958,24.472543848953556,False,dwarf
15.05583072026,-33.790274813989996,,,simbad,,,,,,,,,20.765373155187824,-121.6919302327939,123.45090767611785,False,dwarf
15.055842876049997,-33.76618757055,,,simbad,,,,,,,,,20.780551061579224,-85.53738353766605,88.02542408243589,False,dwarf
15.060416154769998,-33.79737345275,,,simbad,,,,,,,,,26.49081722436814,-132.34686744717084,134.9720590355422,False,dwarf
15.073339681549998,-33.78196784517,,,simbad,,,,,,,,,42.62733157085005,-109.22330995062302,117.2468372000757,False,dwarf
15.077916683339998,-33.77769994616,,,simbad,,,,,,,,,48.34224641611568,-102.81726542204694,113.61497637822269,False,dwarf
14.940919709820417,-33.794710514447225,,,simbad,,,,,,,,,-122.71428221230298,-128.34984190733368,177.57386343862174,False,dwarf
14.987270133796251,-33.76029327749417,,,simbad,,,,,,,,,-64.84042980469232,-76.69014894012372,100.42738810561386,False,dwarf
14.999908793209999,-33.783896858119995,,,simbad,,,,,,,,,-49.05960523396829,-112.11872589765481,122.38240707971984,False,dwarf
15.03168598257,-33.73445761063,,,simbad,,,,,,,,,-9.382117754926519,-37.91124813450186,39.05492118393121,False,dwarf
15.012833333333331,-33.74636111111111,,,simbad,,,,,,,,,-32.92182561141461,-55.77820186259896,64.76923964825613,False,dwarf
14.988249999999999,-33.74894444444445,,,simbad,,,,,,,,,-63.61695378892956,-59.655741684117245,87.21195058743339,False,dwarf
14.936291666666666,-33.762527777777784,,,simbad,,,,,,,,,-128.49292808954257,-80.04409622949704,151.38523676442608,False,dwarf
15.075458333333332,-33.72569444444445,,,simbad,,,,,,,,,45.27271277978243,-24.757883290490888,51.60010956835502,False,dwarf
14.93870833333333,-33.769194444444445,,,simbad,,,,,,,,,-125.47544091276976,-90.05065060759088,154.44483140301065,False,dwarf
15.061794090120001,-33.73948088932,,,simbad,,,,,,,,,28.211328499840725,-45.451104839676184,53.494691202708715,False,dwarf
15.057666666666664,-33.745361111111116,,,simbad,,,,,,,,,23.057764081818128,-54.277218705887755,58.971831876749036,False,dwarf
14.943474433,-33.77521230369,,,simbad,,,,,,,,,-119.52441554970957,-99.08335597465268,155.25333279417674,False,dwarf
15.064291666666666,-33.734750000000005,,,simbad,,,,,,,,,31.329840997453946,-38.35011965407742,49.52060797696047,False,dwarf
15.08212979662,-33.79149354838,,,simbad,,,,,,,,,53.602804469920834,-123.52123002469372,134.6504916955518,False,dwarf
15.026458333333334,-33.73736111111112,,,simbad,,,,,,,,,-15.90944101132867,-42.26935345217897,45.16423977615676,False,dwarf
14.99407407346,-33.765469806350005,,,simbad,,,,,,,,,-56.344926072180996,-84.46003156298131,101.52954065541388,False,dwarf
15.005302356159998,-33.79295652913,,,simbad,,,,,,,,,-42.32511956276529,-125.71713948905261,132.65072524231553,False,dwarf
15.055458333333329,-33.74666666666667,,,simbad,,,,,,,,,20.30040510993687,-56.236835604928984,59.78869564126114,False,dwarf
15.032250000000001,-33.758750000000006,,,simbad,,,,,,,,,-8.677876915270906,-74.37371541524196,74.87826849242704,False,dwarf
14.967583333333334,-33.7355,,,simbad,,,,,,,,,-89.4216717144304,-39.47585702160605,97.74752508270296,False,dwarf
15.069408925270004,-33.73476641492,,,simbad,,,,,,,,,37.71932881089051,-38.374758172514014,53.80864085574924,False,dwarf
15.078503177359996,-33.73310478211,,,simbad,,,,,,,,,49.07455187181112,-35.88067531204842,60.7925530165309,False,dwarf
14.96490644626,-33.75216151933001,,,simbad,,,,,,,,,-92.76407409406676,-64.4845169012338,112.97533519540899,False,dwarf
14.96975,-33.74080555555556,,,simbad,,,,,,,,,-86.71633838353382,-47.43940654752077,98.84442642976131,False,dwarf
15.025630803670003,-33.726469409,,,simbad,,,,,,,,,-16.942707279259924,-25.921092035427804,30.967052527804547,False,dwarf
15.00045666059,-33.78662425552,,,simbad,,,,,,,,,-48.37552959518426,-116.2125034567374,125.87906030510693,False,dwarf
14.955874999999997,-33.779666666666664,,,simbad,,,,,,,,,-104.04087682948801,-105.76927977652306,148.36321847376158,False,dwarf
14.957992919219997,-33.7347421831,,,simbad,,,,,,,,,-101.39641031040374,-38.33838661883626,108.40232429413639,False,dwarf
15.023958333333333,-33.726055555555554,,,simbad,,,,,,,,,-19.03097947006284,-25.299904985958797,31.658543426514367,False,dwarf
15.066297445790005,-33.79096912051,,,simbad,,,,,,,,,33.83428766674239,-122.7340726249202,127.31226023056485,False,dwarf
14.947632906740001,-33.74895176034,,,simbad,,,,,,,,,-114.33208126609642,-59.666722720113086,128.96488904657784,False,dwarf
14.955673551579997,-33.765747216769995,,,simbad,,,,,,,,,-104.29240842568232,-84.87641993087736,134.46528591243157,False,dwarf
14.965300177969999,-33.78154933011001,,,simbad,,,,,,,,,-92.272454623993,-108.59512589474507,142.50300786450921,False,dwarf
15.041791666666667,-33.76497222222223,,,simbad,,,,,,,,,3.2359948688821567,-83.71316616813718,83.77568771836837,False,dwarf
14.961916666666665,-33.79655555555555,,,simbad,,,,,,,,,-96.49715888755404,-131.11921753437605,162.80034054078902,False,dwarf
15.042625,-33.74761111111111,,,simbad,,,,,,,,,4.276507688460214,-57.65443080849275,57.81281786819197,False,dwarf
15.06532071024,-33.76666962195,,,simbad,,,,,,,,,32.61472063340488,-86.26093456973737,92.22076140891247,False,dwarf
15.0445,-33.760888888888886,,,simbad,,,,,,,,,6.617661532507863,-77.58415161153297,77.86587202003307,False,dwarf
15.0045,-33.79219444444444,,,simbad,,,,,,,,,-43.326953807179294,-124.57326321203466,131.89284602852544,False,dwarf
15.056208333333332,-33.727222222222224,,,simbad,,,,,,,,,21.236866647561488,-27.051052002131428,34.391334946877656,False,dwarf
15.065625,-33.781055555555554,,,simbad,,,,,,,,,32.994661508780425,-107.853978605295,112.78797980755941,False,dwarf
15.04575,-33.72866666666667,,,simbad,,,,,,,,,8.178430761872962,-29.21913878406035,30.34212914429259,False,dwarf
15.042666666666666,-33.794916666666666,,,simbad,,,,,,,,,4.328533329436932,-128.6592729164311,128.73206557873894,False,dwarf
14.957208333333332,-33.72775,,,simbad,,,,,,,,,-102.37605631816551,-27.8432375570703,106.09478208149375,False,dwarf
15.016374999999996,-33.79747222222222,,,simbad,,,,,,,,,-28.499646128214817,-132.49511876136611,135.5255928783268,False,dwarf
15.05425,-33.73338888888889,,,simbad,,,,,,,,,18.791661521556435,-36.3071148018792,40.88194134306222,False,dwarf
15.046458333333334,-33.73291666666667,,,simbad,,,,,,,,,9.06286665851292,-35.59831720009732,36.73385005071929,False,dwarf
14.944791666666667,-33.77733333333333,,,simbad,,,,,,,,,-117.87969732985512,-102.26698574418735,156.05819240200134,False,dwarf
15.049208333333333,-33.74002777777778,,,simbad,,,,,,,,,12.496558963115346,-46.271975203408864,47.92973685660608,False,dwarf
14.95083333333333,-33.771388888888886,,,simbad,,,,,,,,,-110.3359793879291,-93.34447475704843,144.5241132654436,False,dwarf
14.958026159239996,-33.78196511253999,,,simbad,,,,,,,,,-101.35490631008497,-109.21920831900533,149.0021895777253,False,dwarf
15.012916666666666,-33.74066666666667,,,simbad,,,,,,,,,-32.81777432945323,-47.23093666464262,57.513195791560754,False,dwarf
14.970582813949997,-33.762478587539995,,,simbad,,,,,,,,,-85.67647407397888,-79.97026251110162,117.19940740397828,False,dwarf
15.074087516680002,-33.71922198717,,,simbad,,,,,,,,,43.561090018488045,-15.042833938988531,46.085305863309664,False,dwarf
14.940661519840003,-33.79574998695001,,,simbad,,,,,,,,,-123.03666219371185,-129.91007262586928,178.92637372234478,False,dwarf
14.97811844843,-33.75872551748001,,,simbad,,,,,,,,,-76.26736493787311,-74.33696756509201,106.50209247399911,False,dwarf
15.02251050653,-33.763972480899994,,,simbad,,,,,,,,,-20.838758289334145,-82.2125712823909,84.81250334652019,False,dwarf
14.946956714040004,-33.77515918773,,,simbad,,,,,,,,,-115.17638587351824,-99.00362981333721,151.87928950025375,False,dwarf
15.030879453359997,-33.765955997430005,,,simbad,,,,,,,,,-10.389162533772147,-85.18979618500211,85.82095357309504,False,dwarf
14.967846610870001,-33.74853692437,,,simbad,,,,,,,,,-89.09293933201933,-59.0440609163474,106.88195810478128,False,dwarf
14.99269676187,-33.76407758952,,,simbad,,,,,,,,,-58.06465851131848,-82.37033755064971,100.77885232648764,False,dwarf
15.086495013289998,-33.78637626661,,,simbad,,,,,,,,,59.053281156355204,-115.84027627976812,130.02407324762805,False,dwarf
14.88499443827,-33.79639542634,,,simbad,,,,,,,,,-192.54343659612738,-130.87886627893462,232.81377239052284,False,dwarf
15.035374999999998,-33.73544444444445,,,simbad,,,,,,,,,-4.775953841862129,-39.39246906845861,39.68093187425247,False,dwarf
15.067416666666668,-33.78113888888889,,,simbad,,,,,,,,,35.23176407087067,-107.97906053502571,113.58148930865558,False,dwarf
15.023208333333333,-33.75063888888889,,,simbad,,,,,,,,,-19.96744100767952,-62.1990742552192,65.32551981118431,False,dwarf
15.046791666666667,-33.79386111111111,,,simbad,,,,,,,,,9.479071786346525,-127.07490180657244,127.4279540410217,False,dwarf
15.068541666666667,-33.770694444444445,,,simbad,,,,,,,,,36.63645637729766,-92.30212534266724,99.30716126573697,False,dwarf
15.045296575420004,-33.78605275694,,,simbad,,,,,,,,,7.612277856036546,-115.3546937140637,115.60558868853595,False,dwarf
14.905592443179998,-33.76493520478,,,simbad,,,,,,,,,-166.82445079625776,-83.65760361085206,186.62527166861264,False,dwarf
14.997292303460002,-33.72171532939,,,simbad,,,,,,,,,-52.32659458656423,-18.7852986151309,55.596402267469536,False,dwarf
15.294124999999998,-33.42658333333333,,,simbad,,,,,,,,,318.3032766367333,424.20285647364,530.3442649431371,False,dwarf
15.44244199127,-33.34161728673,,,simbad,,,,,,,,,503.4941535697314,551.7354613179137,746.9393428884244,False,dwarf
15.362666666666668,-33.18411111111111,,,simbad,,,,,,,,,403.8854560469302,788.1495780004897,885.608953719748,False,dwarf
15.18627577008,-33.45373492329,,,simbad,,,,,,,,,183.6410690608416,383.44877727064943,425.1552740307533,False,dwarf
15.399426288860003,-33.60248108641,,,simbad,,,,,,,,,449.7840858088879,160.1832918015269,477.45618732959167,False,dwarf
15.18610122796,-33.60791238622,,,simbad,,,,,,,,,183.42313308474283,152.03100226764832,238.23826603031043,False,dwarf
15.169716298480001,-33.58920949974999,,,simbad,,,,,,,,,162.96465807858195,180.10371984108707,242.8885128680768,False,dwarf
15.33864434534,-33.56381048262,,,simbad,,,,,,,,,373.8908160912613,218.22721675031943,432.91738298199607,False,dwarf
15.289821382209995,-33.57639377259999,,,simbad,,,,,,,,,312.92971325946735,199.33991043429256,371.02749942909116,False,dwarf
15.307247374019997,-33.56158002934,,,simbad,,,,,,,,,334.68807470604247,221.57508955544225,401.38712941739885,False,dwarf
15.31615643304,-33.50010276535,,,simbad,,,,,,,,,345.8120628508574,313.851427325359,466.99968013621856,False,dwarf
15.243831987999995,-33.55950855681999,,,simbad,,,,,,,,,255.50664817137576,224.68433491756824,340.2450552427194,False,dwarf
15.432536871499996,-33.44904072768,,,simbad,,,,,,,,,491.12646864957264,390.49468581557846,627.4482511398107,False,dwarf
15.26288140554,-33.60383730674,,,simbad,,,,,,,,,279.29204395839025,158.14762792940428,320.95905975397034,False,dwarf
15.121117676309582,-33.22218133403889,,,simbad,,,,,,,,,102.28367082007367,731.0068146134914,738.1279782854682,False,dwarf
15.133179999999998,-33.53201,,,simbad,,,,,,,,,117.34487374058935,265.9592055383486,290.6959208585226,False,dwarf
15.264576362779996,-33.56065452737,,,simbad,,,,,,,,,281.4083936426118,222.9642524239177,359.03167251855604,False,dwarf
15.324981812530414,-33.43698588501917,,,simbad,,,,,,,,,356.8315674477442,408.5888016063455,542.4698851782683,False,dwarf
15.367062916513751,-33.42146785862583,,,simbad,,,,,,,,,409.3746812356733,431.8810978482033,595.0705103728284,False,dwarf
15.158639072512502,-33.265795214656116,,,simbad,,,,,,,,,149.13346332914278,665.5431144080524,682.0472322504613,False,dwarf
15.455980994467495,-33.31693332231583,,,simbad,,,,,,,,,520.399161239274,588.7856761445368,785.8014122229097,False,dwarf
15.298381927139998,-33.31982937824083,,,simbad,,,,,,,,,323.61854135014306,584.4387449802005,668.0550927428261,False,dwarf
15.107845438639998,-33.37250506613,,,simbad,,,,,,,,,85.71175069246746,505.37342469017955,512.5902872566435,False,dwarf
15.151077260979996,-33.60215538353,,,simbad,,,,,,,,,139.69166912258925,160.67216633850467,212.90680463095364,False,dwarf
15.185316751010001,-33.46875889642,,,simbad,,,,,,,,,182.44362309697848,360.8980466555813,404.39223000518507,False,dwarf
15.190380553082086,-33.54742546509806,,,simbad,,,,,,,,,188.76636426314485,242.82085207323556,307.56252450306494,False,dwarf
15.190434698705001,-33.54954857886305,,,simbad,,,,,,,,,188.83397132086483,239.63409407219416,305.09468655912445,False,dwarf
15.21008127812,-33.48581440943,,,simbad,,,,,,,,,213.36499261143413,335.29800889842807,397.42845248337176,False,dwarf
15.211848580571667,-33.54850210805472,,,simbad,,,,,,,,,215.5716736398676,241.20482912949393,323.497938279801,False,dwarf
15.223162777548337,-33.60780531035722,,,simbad,,,,,,,,,229.69875403679777,152.19172133416882,275.542805474421,False,dwarf
15.274132047209998,-33.51118361848,,,simbad,,,,,,,,,293.3397682217078,297.2192534151967,417.5972991065102,False,dwarf
15.282348225199998,-33.467858013400004,,,simbad,,,,,,,,,303.59861445353226,362.2502568947634,472.64930690568735,False,dwarf
15.31069064136,-33.50260029361,,,simbad,,,,,,,,,338.987391276248,310.1026794736779,459.43021587726537,False,dwarf
15.34490700335,-33.59362679993,,,simbad,,,,,,,,,381.7104672240967,173.47342667273713,419.28022914277716,False,dwarf
15.371247999748745,-33.51209455246555,,,simbad,,,,,,,,,414.60024054408217,295.85195684601075,509.33460497871596,False,dwarf
15.399830796910003,-33.486007727120004,,,simbad,,,,,,,,,450.2891607828635,335.0078423018383,561.2402183755802,False,dwarf
15.436060290823747,-33.54150046127528,,,simbad,,,,,,,,,495.52586421969977,251.71418301470783,555.7930478527436,False,dwarf
15.455794537505831,-33.60673378970445,,,simbad,,,,,,,,,520.1663482085793,153.8000557860535,542.4274024866758,False,dwarf
15.458774966536664,-33.526534290899164,,,simbad,,,,,,,,,523.8877577458852,274.1781526697784,591.2969153626827,False,dwarf
15.5600761028575,-33.56051690134472,,,simbad,,,,,,,,,650.3739149213177,223.17082676978495,687.5983181561679,False,dwarf
15.66194158971875,-33.55424375771305,,,simbad,,,,,,,,,777.5647288631927,232.58670970057494,811.6054984420879,False,dwarf
15.242780226234167,-33.36426278934639,,,simbad,,,,,,,,,254.19340225079458,517.7449433153652,576.7790842917806,False,dwarf
15.289096000807495,-33.582424314138606,,,simbad,,,,,,,,,312.02399088140623,190.28816915896286,365.4703246604708,False,dwarf
15.358847376130417,-33.350090885448616,,,simbad,,,,,,,,,399.1166311293397,539.0167323645079,670.6959989540305,False,dwarf
15.381821500079996,-33.60132716775,,,simbad,,,,,,,,,427.8024757150414,161.91530427440682,457.41832493483724,False,dwarf
15.353158023410005,-33.45752978737,,,simbad,,,,,,,,,392.01281780052113,377.7527502045457,544.3998435038372,False,dwarf
15.373999999999997,-33.56888888888889,,,simbad,,,,,,,,,418.0364303931695,210.6046144777547,468.0905476242678,False,dwarf
15.344291666666667,-33.47025,,,simbad,,,,,,,,,380.94214837526005,358.6599252970786,523.2149294724536,False,dwarf
15.271249999999998,-33.50416666666667,,,simbad,,,,,,,,,289.7411997393512,307.7515798984849,422.6830937669641,False,dwarf
15.545076919199998,-33.37487038465,,,simbad,,,,,,,,,631.6457034667359,501.8231214313913,806.7234593782014,False,dwarf
15.15302,-33.27926,,,simbad,,,,,,,,,142.11740294907653,645.3326983980953,660.7962226305151,False,dwarf
15.624708333333334,-33.44311111111111,,,simbad,,,,,,,,,731.0747121628532,399.39494041126443,833.0585532782891,False,dwarf
15.480416666666667,-33.35583333333334,,,simbad,,,,,,,,,550.9099174531298,530.3974148112303,764.7373109680543,False,dwarf
15.673333333333336,-33.56722222222223,,,simbad,,,,,,,,,791.7886351851619,213.10625307228293,819.9655589760397,False,dwarf
15.148750000000001,-33.526944444444446,,,simbad,,,,,,,,,136.78581526156748,273.5625191066404,305.8542318110748,False,dwarf
15.174166666666665,-33.13138888888889,,,simbad,,,,,,,,,168.5214562586565,867.2847455406185,883.5056938509189,False,dwarf
15.3463,-33.60320999999999,,,simbad,,,,,,,,,383.4497842704403,159.0892047802488,415.1422793870303,False,dwarf
15.5075,-33.48416666666667,,,simbad,,,,,,,,,584.7265840893748,337.77124303279504,675.273715437487,False,dwarf
15.341666666666667,-33.60166666666667,,,simbad,,,,,,,,,377.66453299359176,161.40572211876946,410.7095160986037,False,dwarf
15.407916666666669,-33.2725,,,simbad,,,,,,,,,460.38530214994995,655.4793445374892,801.0042431541777,False,dwarf
15.20702764485,-33.42592128242,,,simbad,,,,,,,,,209.5521791349654,425.19658374344596,474.0297992819754,False,dwarf
15.67500278637,-33.59033301772,,,simbad,,,,,,,,,793.8731399287567,178.4173382918368,813.6751863633837,False,dwarf
15.231397124749996,-33.56516401657,,,simbad,,,,,,,,,239.9802866258047,216.19558508932778,323.00320274127336,False,dwarf
15.344675584139997,-33.4636699311,,,simbad,,,,,,,,,381.4215136384532,368.53649788600393,530.3786584510441,False,dwarf
15.284906208549998,-33.57334539313,,,simbad,,,,,,,,,306.792551815059,203.91547667402654,368.3791409355192,False,dwarf
15.16734104211,-33.57664122512,,,simbad,,,,,,,,,159.99887643526,198.96848836966961,255.31960329096736,False,dwarf
15.107447887889998,-33.50706703937,,,simbad,,,,,,,,,85.21536271029899,303.3981693225902,315.1382350495524,False,dwarf
15.25390519655,-33.46527078691,,,simbad,,,,,,,,,268.0842113280379,366.1336402788646,453.78738072717397,False,dwarf
15.136883333333333,-33.60209722222223,,,simbad,,,,,,,,,121.96891271078962,160.7594654818434,201.79202513939993,False,dwarf
15.578255729969998,-33.60432204304,,,simbad,,,,,,,,,673.0732770001331,157.4200469076492,691.2370847835816,False,dwarf
15.51537619031,-33.41887823103,,,simbad,,,,,,,,,594.560916473754,435.7680852517087,737.1543308711214,False,dwarf
15.536686176261671,-33.48631784731778,,,simbad,,,,,,,,,621.1688927550132,334.54235710842653,705.5277329957704,False,dwarf
15.61446093355,-33.491900377570005,,,simbad,,,,,,,,,718.2796511525872,326.1630732279801,788.8650122786554,False,dwarf
15.1,-33.38333333333333,,,simbad,,,,,,,,,75.91581531632066,489.12037800156696,494.97672186834956,False,dwarf
15.555964188030002,-33.5121389724,,,simbad,,,,,,,,,645.2397148120918,295.78528327256805,709.8050601196239,False,dwarf
15.153392104600004,-33.15369637664,,,simbad,,,,,,,,,142.5820184769094,833.8015821575797,845.9046698070846,False,dwarf
15.570404396160002,-33.40775110271,,,simbad,,,,,,,,,663.2699808240394,452.4697174426315,802.9046722151618,False,dwarf
15.271560000000001,-33.57965,,,simbad,,,,,,,,,290.12827050823927,194.45236795244435,349.2651381836081,False,dwarf
15.096791666666668,-33.59766666666667,,,simbad,,,,,,,,,71.90984096095447,167.40965474562387,182.20048773007923,False,dwarf
15.472958333333334,-33.29388888888889,,,simbad,,,,,,,,,541.5973277179197,623.3749825744261,825.7869182124755,False,dwarf
15.348416666666667,-33.20355555555555,,,simbad,,,,,,,,,386.09268683216567,758.9637943976921,851.5242827023919,False,dwarf
15.431000620700003,-33.26428276186,,,simbad,,,,,,,,,489.20828226779696,667.8132805803502,827.8280746380242,False,dwarf
15.11757354028,-33.74238812477,,,simbad,,,,,,,,,97.85840805234933,-49.814816282731215,109.8079411874313,False,dwarf
15.073025125229998,-33.65057001304,,,simbad,,,,,,,,,42.23457171072392,88.00262290538474,97.61260515843037,False,dwarf
15.086155362649997,-33.62182865927,,,simbad,,,,,,,,,58.62918814223712,131.1429108153457,143.65181780729247,False,dwarf
15.113583333333334,-33.711222222222226,,,simbad,,,,,,,,,92.8761742754259,-3.035321494694765,92.92576028537748,False,dwarf
15.096050388700002,-33.78979303039,,,simbad,,,,,,,,,70.98426988833073,-120.96878116402254,140.25766498800894,False,dwarf
15.08958486495,-33.77915663371,,,simbad,,,,,,,,,62.91131747174356,-105.00372889920739,122.4075853399974,False,dwarf
15.16571556407,-33.76328458267001,,,simbad,,,,,,,,,157.969279548988,-81.18004762565212,177.60769525482127,False,dwarf
15.13809553999,-33.75406811254,,,simbad,,,,,,,,,123.48249259027538,-67.34628119613784,140.65364398854615,False,dwarf
15.09305607021,-33.72932283389,,,simbad,,,,,,,,,67.24551775863902,-30.20403473426514,73.71732071132355,False,dwarf
15.11236010965,-33.70088142593999,,,simbad,,,,,,,,,91.34883836696078,12.486039551960815,92.19821828368623,False,dwarf
15.15017731986,-33.70493357424,,,simbad,,,,,,,,,138.56798879592392,6.403833205128384,138.715884449714,False,dwarf
15.10430201225,-33.635847182709995,,,simbad,,,,,,,,,81.28737399164523,110.10134324989984,136.8573818100064,False,dwarf
15.088108405289997,-33.75733052095,,,simbad,,,,,,,,,61.06778722715871,-72.2431012698721,94.59566754302506,False,dwarf
15.092916666666667,-33.748333333333335,,,simbad,,,,,,,,,67.07145634992108,-58.738474199457215,89.15597909383122,False,dwarf
15.148889987419999,-33.76077571312,,,simbad,,,,,,,,,136.9606057076708,-77.41427668868961,157.32507031953,False,dwarf
15.168197375639998,-33.737297056210004,,,simbad,,,,,,,,,161.06810765421747,-42.1732081244961,166.49779213798197,False,dwarf
15.166314997459997,-33.78259510948,,,simbad,,,,,,,,,158.7177413011174,-110.1648231147443,193.20354462491449,False,dwarf
15.217278512719998,-33.72043785743999,,,simbad,,,,,,,,,222.351570451593,-16.86783473499265,222.99045883386302,False,dwarf
15.14677351796,-33.767563514849996,,,simbad,,,,,,,,,134.31794938122383,-87.60265275654034,160.3606444735116,False,dwarf
15.139458333333334,-33.74361111111112,,,simbad,,,,,,,,,125.18409732328267,-51.650498181647905,135.4209444105952,False,dwarf
15.108520794359999,-33.61732887626,,,simbad,,,,,,,,,86.55501023379023,137.89700932223425,162.81079502473997,False,dwarf
15.08000507242,-33.708136885769996,,,simbad,,,,,,,,,50.94984114812249,1.5957165528963646,50.97482343604638,False,dwarf
15.095657072749999,-33.67078827096,,,simbad,,,,,,,,,70.4931695425839,57.655358309336656,91.06825623639378,False,dwarf
15.093337663780002,-33.7414609311,,,simbad,,,,,,,,,67.5971198220344,-48.4231142010485,83.15147982545025,False,dwarf
15.134833333333335,-33.74922222222222,,,simbad,,,,,,,,,119.4092511746326,-60.07268144986399,133.66860634667862,False,dwarf
15.201541666666667,-33.724666666666664,,,simbad,,,,,,,,,202.70230238175455,-23.215206157186863,204.02737362370016,False,dwarf
15.095208333333334,-33.76094444444444,,,simbad,,,,,,,,,69.93286660375577,-77.66753956468997,104.51245157133853,False,dwarf
15.104125,-33.72202777777778,,,simbad,,,,,,,,,81.06635377322628,-19.254278382540235,83.32155153451137,False,dwarf
15.077493453549996,-33.66084123193,,,simbad,,,,,,,,,47.81379518956662,72.58569635256174,86.91859597011516,False,dwarf
15.217208333333334,-33.69086111111111,,,simbad,,,,,,,,,222.263943389799,27.52636333509284,223.96196375643638,False,dwarf
15.061747884110003,-33.6138575485,,,simbad,,,,,,,,,28.153634964947603,143.10741382143055,145.85046812539784,False,dwarf
15.074226695829998,-33.687474503569995,,,simbad,,,,,,,,,43.73487124623451,32.60960421271619,54.553874746297424,False,dwarf
15.079602719660002,-33.668768262209994,,,simbad,,,,,,,,,50.447457302399016,60.68735741951703,78.91705328280815,False,dwarf
15.081115225419168,-33.676580371252776,,,simbad,,,,,,,,,52.33599526091284,48.9615133278849,71.66788811808914,False,dwarf
15.082526570885,-33.66764823946,,,simbad,,,,,,,,,54.09822292097295,62.36849270240463,82.5617744793387,False,dwarf
15.083509897730002,-33.694640751790004,,,simbad,,,,,,,,,55.32601994664216,21.853186337638554,59.485546448223865,False,dwarf
15.092126235479999,-33.65312584922,,,simbad,,,,,,,,,66.08451181065367,84.16635584788823,107.00999092592136,False,dwarf
15.09407056684,-33.67911279649,,,simbad,,,,,,,,,68.51223385735726,45.160385701165985,82.05721555599658,False,dwarf
15.0985556538,-33.66893773137,,,simbad,,,,,,,,,74.11238243191245,60.43298706477152,95.62840140515205,False,dwarf
15.10095624719,-33.68278842577,,,simbad,,,,,,,,,77.10980026817774,39.64332806156068,86.70360290780764,False,dwarf
15.105929938530004,-33.73286069818,,,simbad,,,,,,,,,83.32002778804788,-35.51430944430089,90.57313733059395,False,dwarf
15.109896268669997,-33.75681485137001,,,simbad,,,,,,,,,88.27244861685232,-71.46908991587631,113.57753298174092,False,dwarf
15.111774167330003,-33.7371466599,,,simbad,,,,,,,,,90.6172217723737,-41.947465796340786,99.85524907824694,False,dwarf
15.117130581460001,-33.70954157692,,,simbad,,,,,,,,,97.30532285544432,-0.5127012036509893,97.30667355596161,False,dwarf
15.117662105613336,-33.72915567612361,,,simbad,,,,,,,,,97.96899208999606,-29.95313374240194,102.44566185114883,False,dwarf
15.119896939552916,-33.75110509469944,,,simbad,,,,,,,,,100.75944012650713,-62.89884132441581,118.78017096536448,False,dwarf
15.120231411599997,-33.61665465578999,,,simbad,,,,,,,,,101.17706706984039,138.90900289162755,171.85025453923882,False,dwarf
15.124694972179997,-33.72472022147,,,simbad,,,,,,,,,106.75033747517676,-23.29559101495815,109.2626153439516,False,dwarf
15.125918065989998,-33.74171361253,,,simbad,,,,,,,,,108.27751122179737,-48.802384771487354,118.7673869198559,False,dwarf
15.126111970990001,-33.64687385926,,,simbad,,,,,,,,,108.51962398773746,93.55048747380246,143.27666417468686,False,dwarf
15.127139484539997,-33.61763996625,,,simbad,,,,,,,,,109.80259321301087,137.43006848701333,175.90802483299933,False,dwarf
15.131135154084584,-33.746072554913056,,,simbad,,,,,,,,,114.79164767373106,-55.34508386955106,127.43704596457675,False,dwarf
15.13313916527,-33.68397079095,,,simbad,,,,,,,,,117.29388686853324,37.868617841300576,123.25537762685546,False,dwarf
15.13439797969,-33.74916704862,,,simbad,,,,,,,,,118.86566191830755,-59.989866802236506,133.14589630261787,False,dwarf
15.1361952694,-33.71330837124,,,simbad,,,,,,,,,121.10978549880453,-6.166596032764149,121.2666774105638,False,dwarf
15.140767438245001,-33.77503247159361,,,simbad,,,,,,,,,126.81866585459778,-98.81343102693951,160.7702340623284,False,dwarf
15.142186463620002,-33.69663280661,,,simbad,,,,,,,,,128.59048276738827,18.863145605579,129.96665157065198,False,dwarf
15.149275397554161,-33.62944632649777,,,simbad,,,,,,,,,137.44183473014044,119.7089206130022,182.26487211834677,False,dwarf
15.163346678690003,-33.693568549700004,,,simbad,,,,,,,,,155.01145282179326,23.462543615319742,156.77704378774277,False,dwarf
15.169223023239999,-33.67835580975,,,simbad,,,,,,,,,162.34874702562018,46.29661004776842,168.82088663048762,False,dwarf
15.178286513829999,-33.841053236860006,,,simbad,,,,,,,,,173.6655608044306,-197.9094876852403,263.30190338345767,False,dwarf
15.17904160008,-33.78511028684,,,simbad,,,,,,,,,174.6083731120449,-113.9400619682578,208.49561549866104,False,dwarf
15.185222741989998,-33.59822765741001,,,simbad,,,,,,,,,182.32624198841725,166.5676170888015,246.9567362520417,False,dwarf
15.186603775990001,-33.70457504430999,,,simbad,,,,,,,,,184.0506222859452,6.941980591262498,184.18149379992857,False,dwarf
15.097924954969999,-33.69615909081999,,,simbad,,,,,,,,,73.32488217042459,19.574185027450675,75.89260217435903,False,dwarf
15.126315505610002,-33.68234691250999,,,simbad,,,,,,,,,108.77376044534334,40.30603202830019,116.00132404109576,False,dwarf
15.073625000000003,-33.61227777777778,,,simbad,,,,,,,,,42.98358457671945,145.47862306695913,151.69580848699272,False,dwarf
15.105666666666666,-33.67575,,,simbad,,,,,,,,,82.9913024894443,50.20788659212272,96.99684615976902,False,dwarf
15.134708333333332,-33.811833333333325,,,simbad,,,,,,,,,119.2531742516945,-154.05090465084825,194.81529917552612,False,dwarf
15.099250000000001,-33.74894444444445,,,simbad,,,,,,,,,74.97935377870398,-59.655741684117245,95.81602688983808,False,dwarf
15.160666666666668,-33.66927777777777,,,simbad,,,,,,,,,151.66514858151265,59.922583134200515,163.07370500398733,False,dwarf
15.079916666666668,-33.72011111111111,,,simbad,,,,,,,,,50.83945636452166,-16.377393998819876,53.41225849589851,False,dwarf
15.119166666666668,-33.67819444444444,,,simbad,,,,,,,,,99.84761016659213,46.538816653482584,110.16082203526906,False,dwarf
15.084958333333333,-33.747055555555555,,,simbad,,,,,,,,,57.13455892295878,-56.820551276980154,80.57873708827273,False,dwarf
15.103722758289997,-33.722056903669994,,,simbad,,,,,,,,,80.56410858623545,-19.29799585616676,82.84315443269507,False,dwarf
15.072583333333338,-33.64552777777778,,,simbad,,,,,,,,,41.68294355224985,95.57093310617293,104.26538753567566,False,dwarf
15.173265783199998,-33.69084560822999,,,simbad,,,,,,,,,167.39659930344084,27.549632898528298,169.6484710547089,False,dwarf
15.153916666666662,-33.74527777777778,,,simbad,,,,,,,,,143.23699474293477,-54.15213677615704,153.13161195654914,False,dwarf
15.137402841440002,-33.71070012278,,,simbad,,,,,,,,,122.61757852462715,-2.251659025781727,122.63825068717952,False,dwarf
15.085701848030002,-33.70536908167,,,simbad,,,,,,,,,58.062922811073285,5.750143888079373,58.3469550199346,False,dwarf
15.116720946899997,-33.71181209836,,,simbad,,,,,,,,,96.79384684221344,-3.9207156420424383,96.87322022963637,False,dwarf
15.091736811339999,-33.663361525010004,,,simbad,,,,,,,,,65.59827083874721,68.80277888949648,95.06290296404048,False,dwarf
15.107499999999998,-33.69666666666666,,,simbad,,,,,,,,,85.28043069251126,18.812322230841616,87.33072384228379,False,dwarf
15.12988713434,-33.82437034412,,,simbad,,,,,,,,,113.23335102174295,-172.8687466771992,206.65283777717383,False,dwarf
15.203078462819999,-33.63078752285999,,,simbad,,,,,,,,,204.62116970009723,117.6958074634613,236.0553455948671,False,dwarf
15.15256901088,-33.60945909524,,,simbad,,,,,,,,,141.55429099605837,149.70941808028937,206.03525708318867,False,dwarf
15.15657266319,-33.72120398237,,,simbad,,,,,,,,,146.5533128604769,-18.01777535087257,147.6567429512629,False,dwarf
15.16783470076,-33.69657999522,,,simbad,,,,,,,,,160.61526621984433,18.94241461244639,161.7284106587995,False,dwarf
15.09586541424,-33.77345520378999,,,simbad,,,,,,,,,70.75330793201813,-96.4459786200742,119.6154562558986,False,dwarf
15.128582528399999,-33.76663655906,,,simbad,,,,,,,,,111.60439997566257,-86.21130772873275,141.02457826288978,False,dwarf
15.123946595509997,-33.72034977619,,,simbad,,,,,,,,,105.81590285236925,-16.735626262335266,107.13116485343848,False,dwarf
15.229583333333332,-33.77908333333333,,,simbad,,,,,,,,,237.71555876051193,-104.89370626843674,259.82951428109834,False,dwarf
15.1043584595,-33.707838903299994,,,simbad,,,,,,,,,81.35785489634961,2.0429832213708643,81.38350160676475,False,dwarf
15.177085892849998,-33.73191239317,,,simbad,,,,,,,,,172.1664469790589,-34.09091959686439,175.50919139564448,False,dwarf
15.157456808669997,-33.73577084916,,,simbad,,,,,,,,,147.65727050804486,-39.88239704877073,152.94860289731884,False,dwarf
15.142135690519998,-33.62100559684,,,simbad,,,,,,,,,128.5270866936567,132.37831365970766,184.5080755450739,False,dwarf
15.08293574304,-33.72722828331,,,simbad,,,,,,,,,54.60912156820394,-27.060149592790683,60.94594206700793,False,dwarf
15.082346919030002,-33.67885944646,,,simbad,,,,,,,,,53.873906851148895,45.540659828948506,70.54324586423758,False,dwarf
15.12075606812,-33.675305997159995,,,simbad,,,,,,,,,101.83216127176637,50.87432737650577,113.83315095037526,False,dwarf
15.122624999999998,-33.61036111111112,,,simbad,,,,,,,,,104.16573836783054,148.35550745065086,181.27288170229835,False,dwarf
15.100999999999999,-33.67055555555555,,,simbad,,,,,,,,,77.16443069981354,58.004660211733004,96.53439786679631,False,dwarf
15.146624999999998,-33.796055555555554,,,simbad,,,,,,,,,134.13250757164363,-130.36872595602046,187.04955037329813,False,dwarf
15.094333333333335,-33.684888888888885,,,simbad,,,,,,,,,68.84032814320099,36.49056829881503,77.91374945177567,False,dwarf
15.101264108169998,-33.74762928754,,,simbad,,,,,,,,,77.4942002237783,-57.68171332210148,96.60502637076468,False,dwarf
15.122374999999998,-33.702444444444446,,,simbad,,,,,,,,,103.85358452195833,10.139975103145016,104.34742983491229,False,dwarf
15.067583333333333,-33.63927777777778,,,simbad,,,,,,,,,35.43986663478549,104.95207783565141,110.7741973074597,False,dwarf
15.077625,-33.688694444444444,,,simbad,,,,,,,,,47.978046110682996,30.778493507976677,57.00182954273824,False,dwarf
15.116208333333335,-33.75855555555555,,,simbad,,,,,,,,,96.15378965709421,-74.08185757920683,121.38234174626308,False,dwarf
15.136666666666667,-33.713277777777776,,,simbad,,,,,,,,,121.69837937769955,-6.120675761264627,121.85219823594903,False,dwarf
15.125166666666667,-33.77136111111111,,,simbad,,,,,,,,,107.33930246754144,-93.30278078047472,142.22213173619522,False,dwarf
15.090166666666669,-33.77463888888889,,,simbad,,,,,,,,,63.637764045318654,-98.2226700163742,117.0361393665785,False,dwarf
15.138916666666667,-33.71180555555556,,,simbad,,,,,,,,,124.50776399055754,-3.9108950027810785,124.569171120511,False,dwarf
15.106333333333334,-33.623694444444446,,,simbad,,,,,,,,,83.82371274510754,128.34239869445364,153.29118083249406,False,dwarf
15.131916666666669,-33.654916666666665,,,simbad,,,,,,,,,115.76745630611536,81.47836902369221,141.56563339437045,False,dwarf
15.160875,-33.71827777777778,,,simbad,,,,,,,,,151.92527678640815,-13.625591544849325,152.53506636696295,False,dwarf
15.175349241570002,-33.73408237643999,,,simbad,,,,,,,,,169.99803747509256,-37.34802793547121,174.05231379114645,False,dwarf
15.09516150259,-33.69070314207999,,,simbad,,,,,,,,,69.8743930172097,27.76347219008435,75.18803885973533,False,dwarf
15.130166504290003,-33.65992031272,,,simbad,,,,,,,,,113.58217663900108,73.96798057547028,135.54398917128856,False,dwarf
15.16822490233,-33.77222442884,,,simbad,,,,,,,,,161.10247790280874,-94.59860615042493,186.82319093738923,False,dwarf
15.13993065137,-33.62350018719,,,simbad,,,,,,,,,125.77384088976613,128.63397556145162,179.9048601925705,False,dwarf
15.093382502689998,-33.79572091051,,,simbad,,,,,,,,,67.65310637483601,-129.86642937916093,146.4316642050396,False,dwarf
15.14466216369,-33.75017881337,,,simbad,,,,,,,,,131.68167995970052,-61.50850865054424,145.33878172539863,False,dwarf
15.1520617502,-33.65397636026,,,simbad,,,,,,,,,140.92091750756668,82.88975310223523,163.49133359454845,False,dwarf
15.15065119297,-33.68962091451999,,,simbad,,,,,,,,,139.15967405089353,29.387877529379878,142.22890784799256,False,dwarf
15.212670734790002,-33.85788141671,,,simbad,,,,,,,,,216.59822804448282,-223.1683021982527,310.99659724514737,False,dwarf
15.092750000000002,-33.78794444444444,,,simbad,,,,,,,,,66.86335378600626,-118.1940847959977,135.79598580324873,False,dwarf
15.122333333333332,-33.698972222222224,,,simbad,,,,,,,,,103.80155888097764,15.351722175070082,104.93063899482175,False,dwarf
15.120958333333332,-33.77594444444444,,,simbad,,,,,,,,,102.0847127286784,-100.18228691541542,143.03069315534833,False,dwarf
15.163520483890002,-33.70356341031,,,simbad,,,,,,,,,155.22846866824307,8.46042618601106,155.45885724633595,False,dwarf
15.120249027550003,-33.66892173664001,,,simbad,,,,,,,,,101.19906261601132,60.45699488508616,117.88256234445667,False,dwarf
15.108791666666663,-33.6855,,,simbad,,,,,,,,,86.89322556285308,35.573300814155,93.89298365443088,False,dwarf
15.136222932870002,-33.684740635770005,,,simbad,,,,,,,,,121.14432653301064,36.71309373318188,126.58514566329694,False,dwarf
15.140484772369998,-33.69609843559,,,simbad,,,,,,,,,126.4657248946788,19.665227506023175,127.98554897331273,False,dwarf
15.13188622391,-33.69191150534,,,simbad,,,,,,,,,115.72944501182229,25.9497392896153,118.60309191561325,False,dwarf
15.11611297797,-33.79393580287001,,,simbad,,,,,,,,,96.03472748353349,-127.1870128786181,159.37128074977093,False,dwarf
15.13999837736,-33.74357885319,,,simbad,,,,,,,,,125.85840460274211,-51.60207958537488,136.02614684935725,False,dwarf
15.116094031060005,-33.67547661744,,,simbad,,,,,,,,,96.01107008024337,50.61822921002701,108.53723188985536,False,dwarf
15.37825,-34.138305555555554,,,simbad,,,,,,,,,423.3430457730132,-644.0802113417739,770.7520048929069,False,dwarf
15.555208333333333,-34.10041666666667,,,simbad,,,,,,,,,644.2959430101481,-587.2096272928995,871.7410214993912,False,dwarf
15.345666666666666,-34.15091666666667,,,simbad,,,,,,,,,382.6589945275632,-663.0092767070162,765.5123820634167,False,dwarf
15.363967623599999,-34.043358841250004,,,simbad,,,,,,,,,405.5098508871488,-501.5667923836995,644.9864234141605,False,dwarf
15.36708275978,-33.998636341,,,simbad,,,,,,,,,409.3994578431719,-434.43907278225447,596.9465839103094,False,dwarf
15.3170069158,-33.98418805155,,,simbad,,,,,,,,,346.87398870839024,-412.75243367445523,539.1531652013683,False,dwarf
15.308791034089998,-33.99970087837,,,simbad,,,,,,,,,336.6155124163287,-436.0369254443206,550.8522520152237,False,dwarf
15.347976284089995,-33.94899412109001,,,simbad,,,,,,,,,385.5428183723122,-359.9269368354143,527.4378301356379,False,dwarf
15.339881942469997,-33.96808355505,,,simbad,,,,,,,,,375.4360989063414,-388.57985568057865,540.3208015639889,False,dwarf
15.30757391834,-33.92771202816,,,simbad,,,,,,,,,335.09580296738875,-327.9828738078221,468.8944046132314,False,dwarf
15.32261171254,-33.854866151020005,,,simbad,,,,,,,,,353.8722241393003,-218.64243918454784,415.9688296373466,False,dwarf
15.228449719950001,-33.86397127081,,,simbad,,,,,,,,,236.3001116511531,-232.3090706291988,331.3687478670092,False,dwarf
15.47725,-34.08936111111112,,,simbad,,,,,,,,,546.9559687387363,-570.6154246158906,790.4193789049599,False,dwarf
15.348069324787085,-34.24362888671416,,,simbad,,,,,,,,,385.6589904179875,-802.168757419973,890.0604318083828,False,dwarf
15.320188376105417,-34.18669459708027,,,simbad,,,,,,,,,350.84640898770164,-716.7113476399554,797.9776679428107,False,dwarf
15.303046427532083,-34.19392521362055,,,simbad,,,,,,,,,329.4427082960062,-727.5643812795878,798.675420277948,False,dwarf
15.324320757368753,-34.13380398660083,,,simbad,,,,,,,,,356.00616380355876,-637.3234321619399,730.0147572815231,False,dwarf
15.626805377948749,-34.02409393408667,,,simbad,,,,,,,,,733.6931143295299,-472.6504912158611,872.7565942811085,False,dwarf
15.19795929464,-33.878782544719996,,,simbad,,,,,,,,,198.22929755986675,-254.5405432976049,322.6232207906276,False,dwarf
15.223917526659996,-33.8659823565,,,simbad,,,,,,,,,230.6411453882926,-235.32767637660234,329.50637810949036,False,dwarf
15.239174684900416,-33.90695644317944,,,simbad,,,,,,,,,249.6914678756554,-296.82909034422835,387.88314993626824,False,dwarf
15.260906119370002,-34.06594377926,,,simbad,,,,,,,,,276.8256712597314,-535.4664039321659,602.7907779722964,False,dwarf
15.300006067390004,-33.94989959724,,,simbad,,,,,,,,,325.64646785124955,-361.28604128535113,486.38793740350445,False,dwarf
15.325559394971249,-34.15374002522361,,,simbad,,,,,,,,,357.5527457686068,-667.2470903463543,757.0090128805243,False,dwarf
15.3423413554,-33.84859359851,,,simbad,,,,,,,,,378.50695972510147,-209.22744351742196,432.4854236632439,False,dwarf
15.30238680999,-33.85219053910001,,,simbad,,,,,,,,,328.61909968574025,-214.62639075872403,392.4984080074504,False,dwarf
15.329268838234587,-33.99427643902722,,,simbad,,,,,,,,,362.18441369140055,-427.8949333561823,560.5993431256188,False,dwarf
15.345815668884171,-34.00468072307056,,,simbad,,,,,,,,,382.84504098851136,-443.5115884629086,585.8949176348839,False,dwarf
15.38265334294,-33.84992470319,,,simbad,,,,,,,,,428.8411275066887,-211.22540922191968,478.03858227362304,False,dwarf
15.3875675367,-33.98449699895,,,simbad,,,,,,,,,434.9770654328881,-413.2161585181755,599.9605329628982,False,dwarf
15.406239646856253,-33.91120350590833,,,simbad,,,,,,,,,458.29134941624466,-303.203859965814,549.5120941780366,False,dwarf
15.415153487766666,-33.84822494673445,,,simbad,,,,,,,,,469.42130830298777,-208.6741034116215,513.7131944222698,False,dwarf
15.437656697559998,-34.05392987081,,,simbad,,,,,,,,,497.519162228893,-517.4337297023939,717.8182091718414,False,dwarf
15.44606360647,-33.98282628914,,,simbad,,,,,,,,,508.01615802154004,-410.70845123359857,653.270119265888,False,dwarf
15.455973027499999,-33.9028833121,,,simbad,,,,,,,,,520.3892135610978,-290.7153891989034,596.0875532233564,False,dwarf
15.64463344002,-34.0130107439,,,simbad,,,,,,,,,755.9535068895477,-456.01480942299213,882.8449529740165,False,dwarf
15.241933788551252,-33.92707131559,,,simbad,,,,,,,,,253.136527138738,-327.02117503195603,413.5467933512993,False,dwarf
15.301540524797502,-34.04827744770083,,,simbad,,,,,,,,,327.5624149755664,-508.94953782089993,605.24934345502,False,dwarf
15.356307641493334,-34.04539390493555,,,simbad,,,,,,,,,395.9454793914908,-504.6213886985431,641.4168446358449,False,dwarf
15.50257070899375,-33.873854099446675,,,simbad,,,,,,,,,578.571795509263,-247.1430299535522,629.1462467609855,False,dwarf
15.629395969988336,-33.94526174501665,,,simbad,,,,,,,,,736.9277674025095,-354.3247032147778,817.6848596354756,False,dwarf
15.283749999999994,-34.00944444444445,,,simbad,,,,,,,,,305.3488920329982,-450.6618540084093,544.3657341568043,False,dwarf
15.29096643408,-34.017438787340005,,,simbad,,,,,,,,,314.35944263925114,-462.6612280436435,559.3543341311596,False,dwarf
15.280249735719995,-33.89118099086999,,,simbad,,,,,,,,,300.97840820670393,-273.15040213818764,406.4469761172974,False,dwarf
15.37007843648,-34.05321510641,,,simbad,,,,,,,,,413.1399058547601,-516.3608803769723,661.2965602461289,False,dwarf
15.47795,-33.95253000000001,,,simbad,,,,,,,,,547.8299995071817,-365.23423152350574,658.4176123377962,False,dwarf
15.368480806469996,-34.01999406091,,,simbad,,,,,,,,,411.14508044714063,-466.49665063300125,621.8194289564248,False,dwarf
15.331666666666669,-33.87611111111112,,,simbad,,,,,,,,,365.1783791586749,-250.53076644639893,442.8554092942492,False,dwarf
15.457390000000004,-33.96511,,,simbad,,,,,,,,,522.1584672225877,-384.1165996349687,648.2245189804015,False,dwarf
15.223744329789996,-33.87427825827001,,,simbad,,,,,,,,,230.42488911203873,-247.77968520315176,338.3643035570808,False,dwarf
15.004958333333336,-33.725944444444444,,,simbad,,,,,,,,,-42.75467175640759,-25.133129079663917,49.59471881494243,False,dwarf
15.033414602850003,-33.72963486514,,,simbad,,,,,,,,,-7.223735881098552,-30.67238838488229,31.511549776438045,False,dwarf
14.999548153559997,-33.73458410636,,,simbad,,,,,,,,,-49.50990544885759,-38.10111609463007,62.47340062147487,False,dwarf
14.904749999999996,-33.74302777777779,,,simbad,,,,,,,,,-167.87633831052693,-50.77492467356159,175.38688075268442,False,dwarf
14.987958333333337,-33.727972222222235,,,simbad,,,,,,,,,-63.981133275774525,-28.176789369688706,69.91077795616513,False,dwarf
14.910833333333333,-33.73305555555556,,,simbad,,,,,,,,,-160.28059472761228,-35.80678708297547,164.23152878617014,False,dwarf
15.041304552209999,-33.74466823952,,,simbad,,,,,,,,,2.6277762647667604,-53.23723011785852,53.30204385123984,False,dwarf
14.9896649426,-33.71644491512,,,simbad,,,,,,,,,-61.85023469180865,-10.874495566949527,62.79893458704069,False,dwarf
15.02302358858,-33.72731800644,,,simbad,,,,,,,,,-20.19811614871145,-27.194822499695626,33.8750980330211,False,dwarf
14.93216574033,-33.74301248811,,,simbad,,,,,,,,,-133.644623184659,-50.751975139734064,142.95680566784387,False,dwarf
14.960106049919998,-33.7406127212,,,simbad,,,,,,,,,-98.75792281105115,-47.14996542778827,109.4360386609236,False,dwarf
14.91381471875,-33.74074539382999,,,simbad,,,,,,,,,-156.55799103224183,-47.349104810759044,163.56143274755132,False,dwarf
15.020958333333333,-33.73866666666666,,,simbad,,,,,,,,,-22.77682562053749,-44.228970351191556,49.749227166609884,False,dwarf
14.904741666666666,-33.718475,,,simbad,,,,,,,,,-167.8867434387175,-13.921618778525602,168.46296356134886,False,dwarf
14.998628394289996,-33.72011559369,,,simbad,,,,,,,,,-50.65833102249093,-16.38412227422603,53.241956807400086,False,dwarf
14.973473865539995,-33.72109834162001,,,simbad,,,,,,,,,-82.06666258423583,-17.859210364469913,83.98743062242828,False,dwarf
14.931114169020002,-33.72614326992,,,simbad,,,,,,,,,-134.95763129915878,-25.4315627696029,137.33290439943346,False,dwarf
14.91130778078,-33.73216590119,,,simbad,,,,,,,,,-159.6881923470449,-34.4714308649785,163.3664540869569,False,dwarf
15.017358218120004,-33.74688903713,,,simbad,,,,,,,,,-27.271984858245744,-56.57060992494989,62.80123458491261,False,dwarf
15.030961875589998,-33.743411483610004,,,simbad,,,,,,,,,-10.286248869451072,-51.350860664846735,52.37096339408687,False,dwarf
15.01317993996,-33.74538308765,,,simbad,,,,,,,,,-32.489047245334056,-54.310205120596144,63.28614833556215,False,dwarf
14.99663016411,-33.72515421408001,,,simbad,,,,,,,,,-53.15335196499174,-23.94700661271476,58.29869596160532,False,dwarf
15.011754018539998,-33.71782658367,,,simbad,,,,,,,,,-34.26947466600146,-12.948356788664572,36.63409392096755,False,dwarf
15.034595115549998,-33.72344978517,,,simbad,,,,,,,,,-5.749729563477136,-21.38868752697598,22.14803251261251,False,dwarf
14.92873163082,-33.729402499619994,,,simbad,,,,,,,,,-137.9325051474414,-30.32361165315112,141.22640475470607,False,dwarf
15.025,-33.736666666666665,,,simbad,,,,,,,,,-17.73033844558928,-41.227004037769134,44.877954090236486,False,dwarf
14.9621235765,-33.73444843179,,,simbad,,,,,,,,,-96.23880808665783,-37.89747085025685,103.43174792483507,False,dwarf
14.927978269070003,-33.73199846666,,,simbad,,,,,,,,,-138.87316421782035,-34.220114455595805,143.02717214999313,False,dwarf
15.019283842579995,-33.7336112854,,,simbad,,,,,,,,,-24.867620534670472,-36.640928219173084,44.2826847855791,False,dwarf
15.031737315930833,-33.72957655357278,,,simbad,,,,,,,,,-9.318022130904223,-30.584863704643972,31.972791937265487,False,dwarf
14.97,-33.740611111111114,,,simbad,,,,,,,,,-86.40418453765761,-47.14754871148563,98.43055651127602,False,dwarf
14.941829243309998,-33.73492849664,,,simbad,,,,,,,,,-121.57862470540874,-38.618040104244855,127.56455231274748,False,dwarf
14.920100784219999,-33.74306635207001,,,simbad,,,,,,,,,-148.70911298476167,-50.83282403647016,157.15717064212294,False,dwarf
14.93506196584,-33.71682971125,,,simbad,,,,,,,,,-130.0283514588092,-11.45206807685284,130.53168981642918,False,dwarf
14.935483270548751,-33.722364603207225,,,simbad,,,,,,,,,-129.50230391832392,-19.759847678881393,131.00113854637496,False,dwarf
14.954592115249998,-33.734691002459996,,,simbad,,,,,,,,,-105.64270646358479,-38.26156534023384,112.35803848072518,False,dwarf
14.96472223968,-33.73408679382,,,simbad,,,,,,,,,-92.99407726359469,-37.354658348460525,100.21611101233988,False,dwarf
14.968810713289999,-33.70917853122,,,simbad,,,,,,,,,-87.88914621914857,0.03222427717819443,87.88915212661297,False,dwarf
14.96953141594,-33.71785458392,,,simbad,,,,,,,,,-86.9892658034336,-12.990384692299184,87.95386551752199,False,dwarf
14.995166002477916,-33.71430922509834,,,simbad,,,,,,,,,-54.98152670273033,-7.668860816478107,55.51377941363352,False,dwarf
14.995284370939997,-33.72808295251,,,simbad,,,,,,,,,-54.83373002005577,-28.34299366656534,61.725709699405876,False,dwarf
14.995842026763748,-33.73594206224111,,,simbad,,,,,,,,,-54.137432379825455,-40.139384999726246,67.3945978015777,False,dwarf
15.01735331745,-33.72567700472,,,simbad,,,,,,,,,-27.278103910200386,-24.73170655783563,36.82054130778877,False,dwarf
15.021026971055417,-33.73866993165389,,,simbad,,,,,,,,,-22.69112350485685,-44.23387104203336,49.71440870890354,False,dwarf
15.038581067064166,-33.729377371561675,,,simbad,,,,,,,,,-0.7728091850321768,-30.285894860860864,30.295753193469025,False,dwarf
15.039190305860004,-33.70659605203,,,simbad,,,,,,,,,-0.01210425233126464,3.9084820439279078,3.908500786827524,False,dwarf
14.903104690054999,-33.71724473707139,,,simbad,,,,,,,,,-169.93069761846226,-12.075014844361354,170.3591734441935,False,dwarf
15.042591916377916,-33.71301589142695,,,simbad,,,,,,,,,4.235198968983692,-5.727588759706359,7.123354778978452,False,dwarf
15.01275,-33.72341666666667,,,simbad,,,,,,,,,-33.02587689336804,-21.33897721131217,39.319975750257036,False,dwarf
14.979874999999998,-33.726083333333335,,,simbad,,,,,,,,,-74.07410762567493,-25.341598962542065,78.28901620609615,False,dwarf
15.032625000000001,-33.73983333333333,,,simbad,,,,,,,,,-8.209646146460582,-45.98011736736418,46.70727441166611,False,dwarf
14.991880254769999,-33.73414581453,,,simbad,,,,,,,,,-59.08416183710918,-37.44324744007032,69.94951721671882,False,dwarf
14.957208333333332,-33.73919444444445,,,simbad,,,,,,,,,-102.37605631816551,-45.021155906149524,111.83810346382855,False,dwarf
14.983955878149999,-33.71601493241,,,simbad,,,,,,,,,-68.97866038942799,-10.229098761554756,69.73299112037058,False,dwarf
14.984083333333333,-33.74130555555556,,,simbad,,,,,,,,,-68.8195178868119,-48.18989812588592,84.01423881436102,False,dwarf
14.995771227510001,-33.71908026071001,,,simbad,,,,,,,,,-54.2258334171955,-14.830104909672626,56.2171950689585,False,dwarf
14.976999999999999,-33.730250000000005,,,simbad,,,,,,,,,-77.66387685321546,-31.595695448857875,83.84489095209317,False,dwarf
15.04349265374,-33.72045037738,,,simbad,,,,,,,,,5.359873495768423,-16.886626954059736,17.716839836049136,False,dwarf
15.009205955379999,-33.71159113141,,,simbad,,,,,,,,,-37.451025525684024,-3.5890479719113966,37.6226072763454,False,dwarf
15.02191666666667,-33.72149999999999,,,simbad,,,,,,,,,-21.580235878021334,-18.462092827582268,28.39991993167065,False,dwarf
15.011376774259999,-33.714068101319995,,,simbad,,,,,,,,,-34.74050767734162,-7.306938086498738,35.500622781570435,False,dwarf
14.994355977110002,-33.72475590226,,,simbad,,,,,,,,,-55.992936838125694,-23.349147279765337,60.666231582738895,False,dwarf
14.90649859686,-33.71969506864001,,,simbad,,,,,,,,,-165.69301337160005,-15.752921257218055,166.44016705199903,False,dwarf
14.92390867497,-33.74413789591999,,,simbad,,,,,,,,,-143.95452201565243,-52.44119330697661,153.20895262423358,False,dwarf
15.036262787199997,-33.706524176269994,,,simbad,,,,,,,,,-3.6674490866764873,4.016366349075096,5.438876855872636,False,dwarf
14.975832478930002,-33.73295660222,,,simbad,,,,,,,,,-79.12166162176379,-35.658259792998635,86.78564875170245,False,dwarf
14.900541666666665,-33.74261111111111,,,simbad,,,,,,,,,-173.130928049386,-50.149515024917605,180.247862967848,False,dwarf
15.007483219480001,-33.70744259249,,,simbad,,,,,,,,,-39.60206007211696,2.6378390719956624,39.68981427174115,False,dwarf
14.933,-33.70586111111112,,,simbad,,,,,,,,,-132.60295372687014,5.011615984357842,132.69762481621567,False,dwarf
14.924583333333333,-33.708555555555556,,,simbad,,,,,,,,,-143.11213320459618,0.9673002565446787,143.11540217655258,False,dwarf
14.931333333333331,-33.7261388888889,,,simbad,,,,,,,,,-134.68397936602622,-25.424986915699055,137.06277487900078,False,dwarf
15.05016666666667,-33.731722222222224,,,simbad,,,,,,,,,13.6931487056315,-33.80547620735097,36.47344983793431,False,dwarf
15.047125,-33.714,,,simbad,,,,,,,,,9.895276914172188,-7.204719152229089,12.240281176126866,False,dwarf
15.020208333333333,-33.74477777777778,,,simbad,,,,,,,,,-23.71328715815814,-53.40164519780144,58.42992125338813,False,dwarf
15.030666666666669,-33.74183333333333,,,simbad,,,,,,,,,-10.65485127246564,-48.9820836808057,50.12754110618049,False,dwarf
14.927996909569998,-33.7368958156,,,simbad,,,,,,,,,-138.84988940277083,-41.57095272708622,144.93942147600606,False,dwarf
14.999132430760003,-33.709642056919996,,,simbad,,,,,,,,,-50.02898333219913,-0.6635199912199408,50.0333831759577,False,dwarf
14.906846437099999,-33.73417006478,,,simbad,,,,,,,,,-165.2586946969394,-37.47964665687364,169.4554811343095,False,dwarf
15.008437903940003,-33.72418474107,,,simbad,,,,,,,,,-38.41002636897819,-22.491843953803105,44.510820820423305,False,dwarf
14.927436313159998,-33.70506147182,,,simbad,,,,,,,,,-139.54985870422755,6.211861091766746,139.68804631246468,False,dwarf
15.020333333333333,-33.73744444444444,,,simbad,,,,,,,,,-23.55721023522004,-42.39443538188104,48.499796962614624,False,dwarf
14.981124999999999,-33.72141666666667,,,simbad,,,,,,,,,-72.51333839630982,-18.337010897870655,74.79592377961761,False,dwarf
14.910505911270004,-33.71485362151,,,simbad,,,,,,,,,-160.6894189527798,-8.485990660954013,160.9133350623241,False,dwarf
14.937859030470001,-33.72896121132,,,simbad,,,,,,,,,-126.53589353316843,-29.66124534760595,129.96584869806458,False,dwarf
14.941926428380002,-33.76005369891,,,simbad,,,,,,,,,-121.45727793195702,-76.3305455205734,143.4511155136445,False,dwarf
14.99897556477,-33.78683591369,,,simbad,,,,,,,,,-50.22484862046475,-116.53019880487703,126.89295745805897,False,dwarf
15.01068906786,-33.813849102430005,,,simbad,,,,,,,,,-35.59918846770647,-157.0765401127916,161.06005610754244,False,dwarf
15.065307097969999,-33.84539746102,,,simbad,,,,,,,,,32.59772414367683,-204.43009497838437,207.01274200449234,False,dwarf
15.001541666666666,-33.774861111111115,,,simbad,,,,,,,,,-47.02077431667722,-98.55622182898304,109.198361153195,False,dwarf
14.982392528360002,-33.80872639073001,,,simbad,,,,,,,,,-70.93068298699704,-149.38743613438788,165.3716053734972,False,dwarf
14.982920987850006,-33.755191118270005,,,simbad,,,,,,,,,-70.27084033822634,-69.03189388176978,98.5058037617298,False,dwarf
15.026648533510002,-33.77405110358,,,simbad,,,,,,,,,-15.6719541447998,-97.34041416796302,98.59394695977682,False,dwarf
14.924745,-33.750763,,,simbad,,,,,,,,,-142.91027371759571,-62.38536294255215,155.93357510014349,False,dwarf
14.936120813690001,-33.79739185454,,,simbad,,,,,,,,,-128.70625774452057,-132.37448822401788,184.6301869011934,False,dwarf
14.973958333333332,-33.83144444444444,,,simbad,,,,,,,,,-81.46174864467079,-183.48685211310723,200.7571702097457,False,dwarf
15.04220113482,-33.76774943841999,,,simbad,,,,,,,,,3.7472631041866586,-87.88172090353163,87.96157598484822,False,dwarf
15.033384957160003,-33.76403037637,,,simbad,,,,,,,,,-7.2607519456875975,-82.29947140772364,82.61913527027215,False,dwarf
15.029124999999997,-33.87375,,,simbad,,,,,,,,,-12.579799988687626,-246.98677843747996,247.3069349829887,False,dwarf
15.023864153570004,-33.86448062971001,,,simbad,,,,,,,,,-19.148573771367914,-233.07360975884262,233.85887933430018,False,dwarf
14.952317463421243,-33.80389926549665,,,simbad,,,,,,,,,-108.48287172905567,-142.14200246377362,178.80962592375772,False,dwarf
14.914743748670002,-33.7558329413,,,simbad,,,,,,,,,-155.39798998240235,-69.99525943938268,170.4343616603099,False,dwarf
15.01679286304,-33.76167766005,,,simbad,,,,,,,,,-27.97789590827455,-78.76808383887112,83.58931565159315,False,dwarf
14.969749999999998,-33.76027777777778,,,simbad,,,,,,,,,-86.71633838353382,-76.6668841268825,115.74771904608906,False,dwarf
14.94205427979,-33.78332698856,,,simbad,,,,,,,,,-121.29764069463286,-111.26336128657522,164.59846051185053,False,dwarf
15.01424507759,-33.77918423108001,,,simbad,,,,,,,,,-31.159100014980933,-105.04515208675325,109.56903527307661,False,dwarf
15.04724051001,-33.74980800608,,,simbad,,,,,,,,,10.039504489608754,-60.95193315386926,61.77321268633048,False,dwarf
14.935973554359997,-33.77066992935999,,,simbad,,,,,,,,,-128.89012800932716,-92.26532861381287,158.51042856063324,False,dwarf
15.037666617600005,-33.88587308064,,,simbad,,,,,,,,,-1.9146048534124225,-265.18331828561423,265.19022985154277,False,dwarf
15.042473232960003,-33.870287825030005,,,simbad,,,,,,,,,4.087009027610752,-241.79011212191392,241.82465127178304,False,dwarf
14.9751404964,-33.88892418617001,,,simbad,,,,,,,,,-79.98568165383313,-269.7629762955134,281.37123635766693,False,dwarf
14.954737988400002,-33.87018047947,,,simbad,,,,,,,,,-105.46056700445276,-241.62898824439827,263.64085258721235,False,dwarf
14.99530194805,-33.84384705864,,,simbad,,,,,,,,,-54.81178297010865,-202.10296711987775,209.4037747296373,False,dwarf
15.018308904099998,-33.82325007507999,,,simbad,,,,,,,,,-26.08494371875363,-171.18724171716272,173.16320629839598,False,dwarf
15.04506458564,-33.79730046011001,,,simbad,,,,,,,,,7.322611847909985,-132.23730672397372,132.4398955522295,False,dwarf
15.017316463860004,-33.81030853713,,,simbad,,,,,,,,,-27.32411986960763,-151.76221123223453,154.20238741584404,False,dwarf
15.025291519780001,-33.80114509942,,,simbad,,,,,,,,,-17.366342363687533,-138.00804557191591,139.09640717744233,False,dwarf
15.02516073344,-33.79656570459,,,simbad,,,,,,,,,-17.529644199764352,-131.134451064145,132.30091716108763,False,dwarf
14.951316614,-33.84794297591,,,simbad,,,,,,,,,-109.7325477129819,-208.25086995344753,235.39255906665693,False,dwarf
14.986063893480004,-33.81367437429,,,simbad,,,,,,,,,-66.3465600197462,-156.8142761176463,170.27208585306988,False,dwarf
14.986910375899997,-33.79955908281,,,simbad,,,,,,,,,-65.28962904828602,-135.6274613540347,150.52423039033604,False,dwarf
14.99176691071,-33.75483704012,,,simbad,,,,,,,,,-59.22568497405217,-68.50042854245753,90.55379876706442,False,dwarf
14.92371264975,-33.776838682340006,,,simbad,,,,,,,,,-144.19928212089752,-101.52452293475478,176.35379701416056,False,dwarf
14.956661342229998,-33.752572253249994,,,simbad,,,,,,,,,-103.05903782442097,-65.10102159701935,121.89876246406693,False,dwarf
14.941563543000001,-33.76830274802,,,simbad,,,,,,,,,-121.91038219987115,-88.71222929359956,150.7713530958678,False,dwarf
14.994255417050002,-33.79361516779,,,simbad,,,,,,,,,-56.11849767600778,-126.70574502407139,138.57716840633265,False,dwarf
15.019272500240001,-33.75114966334,,,simbad,,,,,,,,,-24.88178275487233,-62.96573810321382,67.70367263260668,False,dwarf
14.99624752947,-33.88971877958,,,simbad,,,,,,,,,-53.63111546275197,-270.95564762035383,276.21234498686766,False,dwarf
14.9853299387,-33.826483680289996,,,simbad,,,,,,,,,-67.26298724884707,-176.040828672849,188.4533969273622,False,dwarf
15.00645264497,-33.80140656767,,,simbad,,,,,,,,,-40.888851259136935,-138.4005050111845,144.31423334045303,False,dwarf
15.03616425554,-33.75556668332,,,simbad,,,,,,,,,-3.790477233109176,-69.59561069605846,69.69875713247723,False,dwarf
14.999217587280002,-33.78020886278999,,,simbad,,,,,,,,,-49.922655591323434,-106.5831070252703,117.69549797868277,False,dwarf
15.05487536856,-33.77162246067,,,simbad,,,,,,,,,19.5725063259228,-93.69506206638233,95.71754102306184,False,dwarf
14.9718286268105,-33.7975635379215,,,simbad,,,,,,,,,-84.1209329714012,-132.63218208792705,157.0593107376446,False,dwarf
14.923178822170001,-33.81749807486,,,simbad,,,,,,,,,-144.86582744941703,-162.55358626952844,217.7378615943706,False,dwarf
14.91843680545,-33.78693777565001,,,simbad,,,,,,,,,-150.78678247478797,-116.68309189116344,190.66094960001828,False,dwarf
14.927959710050002,-33.76245034917,,,simbad,,,,,,,,,-138.89633729569627,-79.92787719337757,160.2518582319702,False,dwarf
14.989041666666667,-33.80283333333333,,,simbad,,,,,,,,,-62.62846661032822,-140.54205624042825,153.86485759343716,False,dwarf
14.937577343779997,-33.78485735432,,,simbad,,,,,,,,,-126.88761186763239,-113.56041451595434,170.28339258573132,False,dwarf
15.033708333333331,-33.764111111111106,,,simbad,,,,,,,,,-6.856979481014271,-82.42065289428501,82.70539396631433,False,dwarf
14.990499999999999,-33.80422222222222,,,simbad,,,,,,,,,-60.80756917607158,-142.6267550692002,155.048223887513,False,dwarf
15.058416666666666,-33.78886111111111,,,simbad,,,,,,,,,23.994225619438776,-119.56998602298773,121.95369785543205,False,dwarf
15.03667094381,-33.77364514943,,,simbad,,,,,,,,,-3.1578184645510854,-96.73108382642769,96.78261411891312,False,dwarf
15.04667559957,-33.79499173260001,,,simbad,,,,,,,,,9.33414862392643,-128.77194561801963,129.10979942972475,False,dwarf
14.92501615405,-33.83232555188,,,simbad,,,,,,,,,-142.57170659946914,-184.80937953312937,233.41207827810746,False,dwarf
14.904534429510003,-33.78016438575,,,simbad,,,,,,,,,-168.14550294056016,-106.51634773737962,199.04432293950086,False,dwarf
14.908281454730002,-33.75811597824,,,simbad,,,,,,,,,-163.46690960853624,-73.42205943248037,179.19885420468523,False,dwarf
14.924830174260004,-33.75103047049001,,,simbad,,,,,,,,,-142.80392382627696,-62.78683164297183,155.99726564252336,False,dwarf
14.926616352970004,-33.81652100105,,,simbad,,,,,,,,,-140.57367361130505,-161.08701493785736,213.7989338003518,False,dwarf
14.9289963664,-33.76616848100999,,,simbad,,,,,,,,,-137.60195222969367,-85.50873045964002,162.0062969215773,False,dwarf
14.93003603923,-33.77711818021,,,simbad,,,,,,,,,-136.30380074035668,-101.94404452995288,170.20961873934115,False,dwarf
14.93639914034,-33.86334114378,,,simbad,,,,,,,,,-128.35873480769487,-231.3632605705831,264.58443480916196,False,dwarf
14.94755172376,-33.78563753179,,,simbad,,,,,,,,,-114.43344758380293,-114.73144775766531,162.04418851191443,False,dwarf
14.949043182110001,-33.860370550030005,,,simbad,,,,,,,,,-112.57118974415387,-226.9044493863983,253.29410161264886,False,dwarf
14.968123911980001,-33.79937100621,,,simbad,,,,,,,,,-88.74669690021544,-135.34516154527054,161.84649815307742,False,dwarf
14.977940205130002,-33.754795658,,,simbad,,,,,,,,,-76.48992226425511,-68.43831467734263,102.63776655728027,False,dwarf
14.981587548660002,-33.79157412145,,,simbad,,,,,,,,,-71.935793023817,-123.64216884564838,143.04595148000962,False,dwarf
14.982809407120001,-33.7621276182,,,simbad,,,,,,,,,-70.41016175421181,-79.44346344324616,106.15486216896832,False,dwarf
14.990751383749581,-33.75861482512166,,,simbad,,,,,,,,,-60.49368755918169,-74.17082019963384,95.71205150655953,False,dwarf
14.99998939605,-33.84851843003,,,simbad,,,,,,,,,-48.95896328798958,-209.11461689502153,214.76941841283255,False,dwarf
15.001313873180004,-33.85829389339,,,simbad,,,,,,,,,-47.30520076838306,-223.78742274746676,228.7325787894904,False,dwarf
15.00408492742,-33.80248508605,,,simbad,,,,,,,,,-43.84521981583301,-140.01934293376527,146.72361669582057,False,dwarf
14.957413421650003,-33.76376214686001,,,simbad,,,,,,,,,-102.11997989099451,-81.89686343108926,130.90296609621805,False,dwarf
15.006744645630004,-33.83773918291,,,simbad,,,,,,,,,-40.52425474306696,-192.93514852583638,197.1450906291291,False,dwarf
15.008308156890005,-33.83967737212999,,,simbad,,,,,,,,,-38.57203053156882,-195.84433789956336,199.60662871419532,False,dwarf
15.010569117600001,-33.80006007453,,,simbad,,,,,,,,,-35.74896020759545,-136.37944148741,140.98702144645134,False,dwarf
15.019366960384167,-33.81075781775306,,,simbad,,,,,,,,,-24.763838365740423,-152.43657388008057,154.4349596008034,False,dwarf
15.019790633650002,-33.88509467421001,,,simbad,,,,,,,,,-24.23483340844406,-264.014943345122,265.1249091652141,False,dwarf
15.020680852179996,-33.7724233664,,,simbad,,,,,,,,,-23.123292857223127,-94.89720807722857,97.67377730698102,False,dwarf
15.022047761489999,-33.79271485643139,,,simbad,,,,,,,,,-21.41654886491559,-125.3543928389993,127.17072135250895,False,dwarf
15.024732342339998,-33.76567793721,,,simbad,,,,,,,,,-18.064539917377157,-84.77243247822352,86.67579195312541,False,dwarf
15.03035906274,-33.80477741081,,,simbad,,,,,,,,,-11.038930267324671,-143.46008378824493,143.88416737771087,False,dwarf
15.032782696939998,-33.78545989227,,,simbad,,,,,,,,,-8.01274332125177,-114.46481383017648,114.7449243352804,False,dwarf
15.036986607339998,-33.80825084423,,,simbad,,,,,,,,,-2.763676124988659,-148.67364884764456,148.69933344637613,False,dwarf
15.043719724939997,-33.82687560061,,,simbad,,,,,,,,,5.6433980892318765,-176.62909447194951,176.71922633367998,False,dwarf
15.05755155834,-33.77015142039,,,simbad,,,,,,,,,22.914038054376846,-91.48705538325719,94.3129600991115,False,dwarf
15.057742872620002,-33.8492973229,,,simbad,,,,,,,,,23.15291600746867,-210.2837219737792,211.55448765458644,False,dwarf
15.061331732639998,-33.847800955320004,,,simbad,,,,,,,,,27.634021837636308,-208.03769943995576,209.8650126895675,False,dwarf
15.031666666666668,-33.78327777777777,,,simbad,,,,,,,,,-9.406235888972766,-111.18949673131672,111.58665447517679,False,dwarf
15.059958333333334,-33.82822222222222,,,simbad,,,,,,,,,25.91917433565679,-178.65035083036474,180.52077844407435,False,dwarf
14.9140243578525,-33.75392276124251,,,simbad,,,,,,,,,-156.2962324238805,-67.12811134679231,170.10201528167448,False,dwarf
14.918431785499996,-33.764496711099994,,,simbad,,,,,,,,,-150.79305046158794,-82.99943198283688,172.12626114856667,False,dwarf
15.02050694678125,-33.81341307450778,,,simbad,,,,,,,,,-23.34043381337051,-156.42206954567706,158.1538481718006,False,dwarf
15.030677290099584,-33.771009767015,,,simbad,,,,,,,,,-10.641586690701315,-92.77541921000521,93.3837340059173,False,dwarf
15.056810360770001,-33.767475258590004,,,simbad,,,,,,,,,21.988567366269738,-87.4701815968173,90.19162801170172,False,dwarf
14.911510926070003,-33.770731100960006,,,simbad,,,,,,,,,-159.43454201286247,-92.35714615510405,184.2531292346658,False,dwarf
14.927707637069998,-33.81731009961,,,simbad,,,,,,,,,-139.21107949629143,-162.2714385854027,213.80305057481965,False,dwarf
15.03772649777,-33.771859987330004,,,simbad,,,,,,,,,-1.8398375519890413,-94.05158558232051,94.06957931640956,False,dwarf
15.056166666666664,-33.790388888888884,,,simbad,,,,,,,,,21.1848410065808,-121.86315473462828,123.69084836943298,False,dwarf
15.027666666666669,-33.80386111111111,,,simbad,,,,,,,,,-14.40069742294029,-142.0847333737132,142.8126449028455,False,dwarf
15.036874999999998,-33.782472222222225,,,simbad,,,,,,,,,-2.9030307666208324,-109.9803714106502,110.01867879254192,False,dwarf
15.011583333333336,-33.78636111111111,,,simbad,,,,,,,,,-34.48259484077177,-115.81752813120016,120.84183534428034,False,dwarf
14.987124999999999,-33.75655555555555,,,simbad,,,,,,,,,-65.02164609535656,-71.0798912657653,96.33361512630373,False,dwarf
15.004750000000001,-33.77863888888889,,,simbad,,,,,,,,,-43.0147999613031,-104.22660264323812,112.7539698381497,False,dwarf
15.005458333333333,-33.750416666666666,,,simbad,,,,,,,,,-42.130364064667106,-61.86552244261034,74.84858344229714,False,dwarf
14.945104861270003,-33.750414263450004,,,simbad,,,,,,,,,-117.48863773010326,-61.86191525487273,132.77980476968816,False,dwarf
15.023124999999997,-33.75347222222223,,,simbad,,,,,,,,,-20.071492289640897,-66.4518598659105,69.41696105687515,False,dwarf
15.05364363753,-33.782789498739994,,,simbad,,,,,,,,,18.034548013541198,-110.45659811984088,111.9191895532699,False,dwarf
15.018291666666666,-33.76011111111111,,,simbad,,,,,,,,,-26.106466643182507,-76.41672026742108,80.75309738344954,False,dwarf
15.0615,-33.78822222222222,,,simbad,,,,,,,,,27.844123051874806,-118.61102456174444,121.83542315810574,False,dwarf
14.947639885360001,-33.77210370815,,,simbad,,,,,,,,,-114.3233676538104,-94.41740642806873,148.27163932563576,False,dwarf
15.024279413809998,-33.77119955122999,,,simbad,,,,,,,,,-18.630073447559102,-93.06028212011319,94.90677396759678,False,dwarf
14.93895833333333,-33.75838888888889,,,simbad,,,,,,,,,-125.16328706689754,-73.83169371975495,145.31678301874942,False,dwarf
15.01252514456,-33.891050595180005,,,simbad,,,,,,,,,-33.30663485481492,-272.9546804038063,274.9792528168189,False,dwarf
14.938095708470001,-33.83224551815,,,simbad,,,,,,,,,-126.24037374143376,-184.68925025244442,223.71131200989126,False,dwarf
15.02977879763,-33.83591458441,,,simbad,,,,,,,,,-11.763458210177186,-190.19645690956222,190.5598886702381,False,dwarf
14.980218558929996,-33.88185694421,,,simbad,,,,,,,,,-73.64513466054348,-259.1551651491095,269.4160453325522,False,dwarf
14.933703818949999,-33.76317042318,,,simbad,,,,,,,,,-131.72415455870558,-81.00869615397133,154.6404272716944,False,dwarf
14.99971671638,-33.85321708237001,,,simbad,,,,,,,,,-49.299435318718096,-216.1672149166376,221.71761122554125,False,dwarf
15.061437004409997,-33.85505493851,,,simbad,,,,,,,,,27.765465789104987,-218.9258060272292,220.67947261845165,False,dwarf
15.01107288467,-33.82185947437,,,simbad,,,,,,,,,-35.11994889429717,-169.0999734737535,172.70845908397823,False,dwarf
15.041666666666664,-33.75972222222222,,,simbad,,,,,,,,,3.0799179459440587,-75.83300459537945,75.89552345505359,False,dwarf
14.939115266215415,-33.75951520841,,,simbad,,,,,,,,,-124.96733825615094,-75.52228035002307,146.01524050623868,False,dwarf
15.072309417729995,-33.848009844710006,,,simbad,,,,,,,,,41.34092831613967,-208.3512388959652,212.41306716754448,False,dwarf
14.900916666666664,-33.76452777777778,,,simbad,,,,,,,,,-172.66269728057966,-83.04606254291946,191.5960739057238,False,dwarf
15.040749999999997,-33.82933333333334,,,simbad,,,,,,,,,1.9353538444085931,-180.31810989338038,180.32849566838922,False,dwarf
14.992723682199998,-33.78833798226,,,simbad,,,,,,,,,-58.0310453731541,-118.78477842868152,132.20221561476205,False,dwarf
15.04689927256,-33.82405671058,,,simbad,,,,,,,,,9.61343016011175,-172.3979880162847,172.66581685877026,False,dwarf
15.044208333333334,-33.81711111111111,,,simbad,,,,,,,,,6.253482045654947,-161.97276020018924,162.09343319383217,False,dwarf
14.92243695126,-33.83263740668,,,simbad,,,,,,,,,-145.79213888021033,-185.27746833527092,235.76065836350614,False,dwarf
15.017124999999998,-33.76172222222222,,,simbad,,,,,,,,,-27.56318459059417,-78.83497090880186,83.51456030517555,False,dwarf
15.020041666666664,-33.81511111111111,,,simbad,,,,,,,,,-23.921389722072956,-158.9707938867573,160.76052436845671,False,dwarf
15.008583333333336,-33.751444444444445,,,simbad,,,,,,,,,-38.22844099125039,-63.408199575895274,74.04062043282781,False,dwarf
14.97025,-33.76902777777778,,,simbad,,,,,,,,,-86.0920306917854,-89.80048674813901,124.40243232685609,False,dwarf
15.040166666666666,-33.76336111111112,,,simbad,,,,,,,,,1.2069948707067333,-81.29491552676593,81.30387522819512,False,dwarf
14.959249999999997,-33.755805555555554,,,simbad,,,,,,,,,-99.82679991020304,-69.95415389823667,121.89738975027272,False,dwarf
15.049333333333333,-33.80897222222222,,,simbad,,,,,,,,,12.652635886053442,-149.75642506359276,150.28997319413068,False,dwarf
15.049208333333333,-33.75933333333333,,,simbad,,,,,,,,,12.496558963115346,-75.24928892331873,76.2798759135312,False,dwarf
15.036083333333334,-33.764833333333335,,,simbad,,,,,,,,,-3.891517945218199,-83.50469628525903,83.59532411332172,False,dwarf
14.955916666666665,-33.76225,,,simbad,,,,,,,,,-103.98885118850733,-79.62715646374075,130.97391044786963,False,dwarf
15.0066091433275,-33.76477256185418,,,simbad,,,,,,,,,-40.69344500247152,-83.41347931863763,92.81037117806372,False,dwarf
15.01524486942,-33.763409184560004,,,simbad,,,,,,,,,-29.910744555753705,-81.36707296382806,86.6905600546015,False,dwarf
14.99541768992,-33.82202374131,,,simbad,,,,,,,,,-54.667265890713274,-169.34653538389477,177.95156365285095,False,dwarf
15.071336642929998,-33.83801647197,,,simbad,,,,,,,,,40.12630673618914,-193.35135473443742,197.47117984639934,False,dwarf
14.99213627118,-33.777035501620006,,,simbad,,,,,,,,,-58.76449580915733,-101.81994535895412,117.56090864145645,False,dwarf
14.91217127317,-33.7625845045,,,simbad,,,,,,,,,-158.61002246536287,-80.12924208407802,177.70153252977784,False,dwarf
14.924051457340003,-33.83783932471001,,,simbad,,,,,,,,,-143.77624175197727,-193.08545968092884,240.7355445972169,False,dwarf
14.926316745459998,-33.82692702928,,,simbad,,,,,,,,,-140.94776815730998,-176.70628803939059,226.03403633344,False,dwarf
15.049166666666666,-33.76702777777778,,,simbad,,,,,,,,,12.444533322138627,-86.79852043470704,87.68608532292951,False,dwarf
14.978958333333331,-33.79091666666667,,,simbad,,,,,,,,,-75.21867172721039,-122.6553402895767,143.88252526960213,False,dwarf
14.955374999999998,-33.771277777777776,,,simbad,,,,,,,,,-104.66518452123246,-93.17769885074401,140.13166813387895,False,dwarf
15.0547304475,-33.78767113959,,,simbad,,,,,,,,,19.39155566101719,-117.78385881283415,119.36946773692165,False,dwarf
15.029730202060001,-33.81795844798,,,simbad,,,,,,,,,-11.82413538644649,-163.24459856844896,163.672261362184,False,dwarf
14.980549939450002,-33.87787421694,,,simbad,,,,,,,,,-73.23136784547536,-253.1771585990521,263.5555100406912,False,dwarf
15.016990134640002,-33.88791529486999,,,simbad,,,,,,,,,-27.731579553784567,-268.2486474472332,269.6782849282046,False,dwarf
15.191072563280002,-33.36491545864,,,simbad,,,,,,,,,189.63041884179515,516.7652976987547,550.4598701593035,False,dwarf
15.211666666666664,-33.464444444444446,,,simbad,,,,,,,,,215.3445331396095,367.3739664013394,425.836704785495,False,dwarf
15.209791666666666,-33.46730555555556,,,simbad,,,,,,,,,213.00337929556582,363.07948681406475,420.94792235678665,False,dwarf
14.971986681990002,-33.3997347474,,,simbad,,,,,,,,,-83.92358284283469,464.50213174119904,472.0226669867628,False,dwarf
15.374554433079998,-33.42000051422,,,simbad,,,,,,,,,418.7287040659763,434.08355708645206,603.1270696475156,False,dwarf
15.018833333333333,-33.175,,,simbad,,,,,,,,,-25.430133310457368,801.8252023172237,802.2283632178834,False,dwarf
14.90381043619,-33.24790192606999,,,simbad,,,,,,,,,-169.04949213746028,692.4006391940646,712.7386449100978,False,dwarf
15.033333333333331,-33.41638888888889,,,simbad,,,,,,,,,-7.325210249824595,439.5045458768159,439.56558617752404,False,dwarf
15.246950525800003,-33.47880783205,,,simbad,,,,,,,,,259.40050244246726,345.81476353203254,432.2921134419642,False,dwarf
15.192202470410002,-33.47112902927999,,,simbad,,,,,,,,,191.0412382662311,357.34051715355173,405.20241845016506,False,dwarf
15.289030841290002,-33.49050209358,,,simbad,,,,,,,,,311.94263170548186,328.26187394527983,452.83999752827566,False,dwarf
15.30833218131,-33.455965698119996,,,simbad,,,,,,,,,336.0425817764656,380.1004218244008,507.3469694775756,False,dwarf
15.3410986046,-33.45223838202,,,simbad,,,,,,,,,376.95524195837623,385.69506051025,539.3106100772573,False,dwarf
14.977908450529998,-33.49153112586999,,,simbad,,,,,,,,,-76.52957154631518,326.7173138102928,335.5606926689655,False,dwarf
15.061987171620004,-33.46036059750001,,,simbad,,,,,,,,,28.45241303101142,373.50375187954876,374.5858946562014,False,dwarf
14.914289683409997,-33.49053694721,,,simbad,,,,,,,,,-155.96494285115492,328.20955923369866,363.38213793600636,False,dwarf
14.878731351119997,-33.46021301041,,,simbad,,,,,,,,,-200.36362355977397,373.72527761579266,424.04736147629086,False,dwarf
14.8821215832,-33.43819571268,,,simbad,,,,,,,,,-196.13052763107322,406.7728706649099,451.58759081468867,False,dwarf
14.971648910070002,-33.37409018049,,,simbad,,,,,,,,,-84.34533005825942,502.99419473435216,510.0169552466821,False,dwarf
15.1296437538,-33.456842629330005,,,simbad,,,,,,,,,112.92946233545625,378.784162848578,395.26004792828894,False,dwarf
15.154620882730002,-33.45475635956,,,simbad,,,,,,,,,144.11628975292342,381.91561863371516,408.2022105875003,False,dwarf
15.271459239300006,-33.30786447501,,,simbad,,,,,,,,,290.00245914817106,602.3978632014133,668.5690778832171,False,dwarf
15.065416666666666,-33.163333333333334,,,simbad,,,,,,,,,32.734533303884916,819.3366724788926,819.9903246620702,False,dwarf
14.917360000000004,-33.38439,,,simbad,,,,,,,,,-152.1312983246809,487.53433913263655,510.7187716967624,False,dwarf
14.934227817810001,-33.37335768193001,,,simbad,,,,,,,,,-131.06988152117535,504.09366273521994,520.8548114895211,False,dwarf
15.012605413919998,-33.19012448849,,,simbad,,,,,,,,,-33.20640929709906,779.1235998398014,779.8309108042188,False,dwarf
14.899748499021664,-33.42326527213166,,,simbad,,,,,,,,,-174.12128937262275,429.18321045030194,463.1592075574152,False,dwarf
15.10188523806,-33.41939060178,,,simbad,,,,,,,,,78.26975255958106,434.99902538596103,441.9845090639196,False,dwarf
15.460208414933332,-33.47611276833111,,,simbad,,,,,,,,,525.6775834654069,349.86000878035117,631.4577955032444,False,dwarf
15.286736961995414,-33.290988984965274,,,simbad,,,,,,,,,309.07845873038576,627.7276895198543,699.6938943860274,False,dwarf
15.330143767170416,-33.274518816509726,,,simbad,,,,,,,,,363.2768634201393,652.4491349598967,746.76633106099,False,dwarf
14.93235272425,-33.28914708426,,,simbad,,,,,,,,,-133.41115218567978,630.492351454817,644.4525900099519,False,dwarf
14.849642781758332,-33.384164491338055,,,simbad,,,,,,,,,-236.68405874852695,487.8728238359156,542.2538482143824,False,dwarf
15.020056668050003,-33.46943450182,,,simbad,,,,,,,,,-23.9026587640652,359.8839743295954,360.6768804279756,False,dwarf
15.059917391949996,-33.35742849716,,,simbad,,,,,,,,,25.868054294599943,528.0031007752035,528.6363879465905,False,dwarf
15.186063420297085,-33.24624434863861,,,simbad,,,,,,,,,183.37592585521273,694.8886349995196,718.6772190870892,False,dwarf
15.28122609580875,-33.42584563151944,,,simbad,,,,,,,,,302.1975064333504,425.3101344709733,521.7394401214578,False,dwarf
15.357025301135831,-33.38208746634778,,,simbad,,,,,,,,,396.8415602612241,490.9904033623926,631.3119673699587,False,dwarf
15.39188381682,-33.25114481336,,,simbad,,,,,,,,,440.3664391901799,687.5331199926462,816.470692585999,False,dwarf
15.486887076331252,-33.322758304230845,,,simbad,,,,,,,,,558.988970497827,580.0424764019294,805.5544324058452,False,dwarf
14.848290864220832,-33.40193455994666,,,simbad,,,,,,,,,-238.37208378306286,461.2002501607229,519.1598222853853,False,dwarf
15.00169891024,-33.48762580254,,,simbad,,,,,,,,,-46.82443757205636,332.5791383501306,335.8592133910498,False,dwarf
15.00437134679,-33.435629519269995,,,simbad,,,,,,,,,-43.48759218432021,410.62468375019455,412.9210597425821,False,dwarf
15.379440928229998,-33.42017215739,,,simbad,,,,,,,,,424.83005708162636,433.8259235793247,607.1947870077871,False,dwarf
15.065506130689998,-33.23082642172,,,simbad,,,,,,,,,32.84623945968573,718.0306836158207,718.781564914158,False,dwarf
15.086557113262916,-33.41371685482695,,,simbad,,,,,,,,,59.130820137856134,443.5152239979565,447.4396135883959,False,dwarf
15.05083362537,-33.34546471292,,,simbad,,,,,,,,,14.525923602765788,545.9605394100236,546.1537448826999,False,dwarf
14.896083333333333,-33.48441666666667,,,simbad,,,,,,,,,-178.69767163412124,337.39599724361244,381.7969575618276,False,dwarf
14.858137810370001,-33.42398470109,,,simbad,,,,,,,,,-226.077035340792,428.10335970138505,484.13150330885844,False,dwarf
14.925620640237502,-33.23013106983112,,,simbad,,,,,,,,,-141.81693584664632,719.0743950890284,732.9256640107399,False,dwarf
15.24145385614,-33.46495645964,,,simbad,,,,,,,,,252.5372761470111,366.6054402168317,445.1680858286325,False,dwarf
14.802113588370004,-33.158320338630006,,,simbad,,,,,,,,,-296.0297407781683,826.8610930932887,878.2555862029103,False,dwarf
15.41829857155,-33.28740431421001,,,simbad,,,,,,,,,473.34830829723137,633.1082199458789,790.4964510552152,False,dwarf
15.241469999999994,-33.31427,,,simbad,,,,,,,,,252.5574336189511,592.7832780815002,644.3425114403364,False,dwarf
15.493127237939998,-33.31610671088999,,,simbad,,,,,,,,,566.7805322779844,590.0264059718708,818.1511666638373,False,dwarf
15.011666666666667,-33.19,,,simbad,,,,,,,,,-34.37854355881833,779.3104549664982,780.0683748732005,False,dwarf
14.999583333333332,-33.254444444444445,,,simbad,,,,,,,,,-49.46597944268228,682.5804293115148,684.3704593283638,False,dwarf
14.891309654970001,-33.16143860369,,,simbad,,,,,,,,,-184.6581598744213,822.1806297600677,842.662224121189,False,dwarf
15.003178580940002,-33.45847817008001,,,simbad,,,,,,,,,-44.97689797353161,376.32924373070375,379.0074155451907,False,dwarf
14.880416666666665,-33.43805555555555,,,simbad,,,,,,,,,-198.2593126421657,406.9832441479966,452.70533028292454,False,dwarf
15.131666666666666,-33.17611111111111,,,simbad,,,,,,,,,115.45530246023915,800.1574432541985,808.4440987856125,False,dwarf
15.004706694245833,-33.367918992938606,,,simbad,,,,,,,,,-43.068872192151815,512.2570433059321,514.0643988533338,False,dwarf
14.98295225706,-33.49022968008,,,simbad,,,,,,,,,-70.23179712159917,328.6707620204454,336.0907245581611,False,dwarf
14.908278829109996,-33.47848304051001,,,simbad,,,,,,,,,-163.47018799806625,346.30227016300074,382.9461642113302,False,dwarf
15.43849336749,-33.42794451448,,,simbad,,,,,,,,,498.56384117440155,422.1597464992559,653.2876512615939,False,dwarf
15.342124051409998,-33.359892482579994,,,simbad,,,,,,,,,378.235630620291,524.304700161405,646.4964121184819,False,dwarf
14.8572605072,-33.47497728273,,,simbad,,,,,,,,,-227.1724495748434,351.56435354231365,418.57474425418894,False,dwarf
14.906470567230004,-33.488210196000004,,,simbad,,,,,,,,,-165.72801159880655,331.70197360977414,370.79910076092887,False,dwarf
15.26813968467,-33.48323587475001,,,simbad,,,,,,,,,285.8576121708046,339.1683460221,443.564810799235,False,dwarf
15.231041666666664,-33.40086111111111,,,simbad,,,,,,,,,239.53645619477248,462.8114787824802,521.1258760982573,False,dwarf
14.847290907850002,-33.39677011157,,,simbad,,,,,,,,,-239.62064469050316,468.95200018781424,526.6251340774044,False,dwarf
15.191506529259998,-33.60126850425,,,simbad,,,,,,,,,190.1722754403315,162.0033571998163,249.82110017003083,False,dwarf
15.117479896089998,-33.59311441055,,,simbad,,,,,,,,,97.74148247613822,174.24251450179696,199.78451205371792,False,dwarf
15.028083333333335,-33.615722222222225,,,simbad,,,,,,,,,-13.880441013153247,140.30856997159825,140.9934801691004,False,dwarf
15.031416666666669,-33.60902777777778,,,simbad,,,,,,,,,-9.71838973484499,150.35681832627535,150.67056751814175,False,dwarf
15.48637810458,-33.591750417769994,,,simbad,,,,,,,,,558.3534605394522,176.28984469046748,585.5225838832954,False,dwarf
15.174306779930001,-33.60410118042,,,simbad,,,,,,,,,168.69640383468666,157.7515579802191,230.96326701868009,False,dwarf
15.04975026098,-33.59478720372,,,simbad,,,,,,,,,13.173218159484414,171.73168012895235,172.23618561902194,False,dwarf
15.10422298621,-33.50634675234001,,,simbad,,,,,,,,,81.18870086240454,304.4793080226116,315.11784170632643,False,dwarf
15.359513448229997,-33.52708875602999,,,simbad,,,,,,,,,399.9482989993908,273.34590984742226,484.43433848440304,False,dwarf
14.960798484650004,-33.60107530177,,,simbad,,,,,,,,,-97.89333815510258,162.29335086813367,189.53162636129204,False,dwarf
14.885499999999999,-33.5905,,,simbad,,,,,,,,,-191.9121844427479,178.16670070208284,261.8657285263821,False,dwarf
15.205458333333329,-33.52397222222223,,,simbad,,,,,,,,,207.5927126337607,278.0237746002099,346.9754365680537,False,dwarf
15.165426088989996,-33.59923098862,,,simbad,,,,,,,,,157.6078365109575,165.06163384198925,228.22263931576035,False,dwarf
15.12083825337,-33.60257390739,,,simbad,,,,,,,,,101.93477903921033,160.04396907395102,189.74923244829324,False,dwarf
15.092619497369997,-33.61152856714,,,simbad,,,,,,,,,66.70040619459634,146.6031756150956,161.06345112083844,False,dwarf
15.101378115140001,-33.6152067241,,,simbad,,,,,,,,,77.63655108034988,141.0823239703818,161.03309038994297,False,dwarf
15.02546234834,-33.52003596838,,,simbad,,,,,,,,,-17.153043195735098,283.9320253179511,284.4496825310733,False,dwarf
15.56661075504,-33.50174759987,,,simbad,,,,,,,,,658.5331821621558,311.3825584152572,728.4401483264402,False,dwarf
15.037804665649997,-33.613801754019995,,,simbad,,,,,,,,,-1.7422359345299605,143.19116039615443,143.201759073165,False,dwarf
15.19397058643,-33.60127741827,,,simbad,,,,,,,,,193.24893512859802,161.98997740593902,252.1624549934302,False,dwarf
15.175027887830002,-33.61178320449,,,simbad,,,,,,,,,169.5967902517851,146.22096924167005,223.92776315071208,False,dwarf
15.171936117829997,-33.59192097547,,,simbad,,,,,,,,,165.73635866756052,176.03384045550862,241.77769452515201,False,dwarf
15.131686530050004,-33.56977695078,,,simbad,,,,,,,,,115.48010418624315,209.2716485370829,239.01940788206704,False,dwarf
15.12637521284,-33.57681727386999,,,simbad,,,,,,,,,108.84831181122397,198.70424216117,226.56418701330165,False,dwarf
15.11326302102,-33.525809109730005,,,simbad,,,,,,,,,92.47622739347325,275.2666373902499,290.38521707047124,False,dwarf
15.352739812299996,-33.59994126185,,,simbad,,,,,,,,,391.49063297501624,163.99552568709598,424.4519385661536,False,dwarf
15.325443552280001,-33.56398479229,,,simbad,,,,,,,,,357.4081028022491,217.96558087159633,418.62817200159316,False,dwarf
15.276103946190004,-33.53884419323,,,simbad,,,,,,,,,295.80191162283626,255.70119661039126,391.0011161975247,False,dwarf
15.35865298507,-33.54303237813,,,simbad,,,,,,,,,398.8739114608904,249.41480161827957,470.43399166131263,False,dwarf
15.337216597209999,-33.55255189127999,,,simbad,,,,,,,,,372.10810781238825,235.12617272001336,440.16901412716174,False,dwarf
15.3268847138,-33.53595034026,,,simbad,,,,,,,,,359.2075592462168,260.0448211763684,443.45617555771366,False,dwarf
15.202351397880001,-33.58703265158,,,simbad,,,,,,,,,203.71334523121706,183.37113227896774,274.0877581698309,False,dwarf
15.211671758930002,-33.57533657399,,,simbad,,,,,,,,,215.3508914179494,200.92674774119268,294.52939478489805,False,dwarf
15.193002921239998,-33.57146081347,,,simbad,,,,,,,,,192.04069348629315,206.74419900117934,282.17510835531834,False,dwarf
15.20239743587,-33.56829043921,,,simbad,,,,,,,,,203.77082897375513,211.50287736591378,293.69374844336085,False,dwarf
14.909522613579998,-33.58063875592,,,simbad,,,,,,,,,-161.91717957507177,192.96826197041895,251.9006216138227,False,dwarf
14.930731239159998,-33.56218683574001,,,simbad,,,,,,,,,-135.4357634131584,220.66428336964415,258.91228624061785,False,dwarf
14.942062980170004,-33.52995245316,,,simbad,,,,,,,,,-121.28677726631787,269.0475486893453,295.12212013909607,False,dwarf
15.05820492988,-33.50165415637,,,simbad,,,,,,,,,23.729847810356112,311.5228155348582,312.4253035140847,False,dwarf
14.976156530310002,-33.53175381487,,,simbad,,,,,,,,,-78.71704608365444,266.3437351034796,277.7325306351575,False,dwarf
15.024425306470002,-33.49803280727001,,,simbad,,,,,,,,,-18.4479096279376,316.95839953853744,317.4948068987455,False,dwarf
14.886057732229999,-33.53472165627,,,simbad,,,,,,,,,-191.21579140049988,261.8890551502795,324.2674144721076,False,dwarf
14.882255625019999,-33.53379981256,,,simbad,,,,,,,,,-195.96316095259118,263.27272703212134,328.19824687140095,False,dwarf
15.121885055020002,-33.50199791436,,,simbad,,,,,,,,,103.24183168286739,311.0068405818871,327.69517954642066,False,dwarf
15.109274732789999,-33.5640159477,,,simbad,,,,,,,,,87.49638935569396,217.9188171259441,234.8280839419635,False,dwarf
14.914375542839998,-33.55238340145,,,simbad,,,,,,,,,-155.85773744603793,235.37907311690654,282.30292662877605,False,dwarf
14.95659007186,-33.59333690888,,,simbad,,,,,,,,,-103.1480271047875,173.90854825606849,202.19717765622565,False,dwarf
14.972989671610001,-33.60556140899,,,simbad,,,,,,,,,-82.67123457382135,155.55977949169585,176.1629303271969,False,dwarf
14.931755618769994,-33.53238832679,,,simbad,,,,,,,,,-134.1567072735816,265.3913433988302,297.37280853757505,False,dwarf
14.94636205848,-33.60592855296,,,simbad,,,,,,,,,-115.91888195361857,155.0087025766318,193.55847971057133,False,dwarf
15.096271849869998,-33.61063486279,,,simbad,,,,,,,,,71.26078971203363,147.9446107915261,164.21238690378632,False,dwarf
14.89181995573,-33.60433379952,,,simbad,,,,,,,,,-184.02099049527774,157.40240062919585,242.15540602410053,False,dwarf
14.99625477881,-33.61248056031,,,simbad,,,,,,,,,-53.622063825307855,145.1742499016193,154.76074619677692,False,dwarf
15.112822614287083,-33.60431638783917,,,simbad,,,,,,,,,91.92632877175939,157.42853526885204,182.30247842075485,False,dwarf
15.136268172267087,-33.60194267253472,,,simbad,,,,,,,,,121.20081314014995,160.99144195966142,201.5139734362969,False,dwarf
15.120916666666666,-33.61036111111112,,,simbad,,,,,,,,,102.03268708769771,148.35550745065086,180.05561869954562,False,dwarf
14.970931805100001,-33.58725981269,,,simbad,,,,,,,,,-85.24071835538076,183.03016727899802,201.9059736608091,False,dwarf
14.903129708929999,-33.60388882199,,,simbad,,,,,,,,,-169.8994586662611,158.07030440684565,232.06043865846976,False,dwarf
15.09227304287,-33.51940375017,,,simbad,,,,,,,,,66.26781777621804,284.88097420252933,292.48691104971556,False,dwarf
14.952826667039998,-33.57316411903,,,simbad,,,,,,,,,-107.84707225734982,204.18756604487842,230.91893192593287,False,dwarf
14.923380454420002,-33.56534847383,,,simbad,,,,,,,,,-144.6140663202587,215.9187178489388,259.8732785324606,False,dwarf
15.358507245046667,-33.54593701309166,,,simbad,,,,,,,,,398.6919382257674,245.05499346441817,467.98206314779327,False,dwarf
14.887736103249994,-33.60164424827,,,simbad,,,,,,,,,-189.1201515257261,161.4393717545679,248.6545846462984,False,dwarf
14.90884218123,-33.58558846441,,,simbad,,,,,,,,,-162.76677787470678,185.53883289627882,246.81507752207403,False,dwarf
14.91727285966,-33.55545720668,,,simbad,,,,,,,,,-152.24010309373244,230.76534323964592,276.4592060874477,False,dwarf
14.918622589329999,-33.59832787127,,,simbad,,,,,,,,,-150.55480986421543,166.41719777287923,224.41353454688883,False,dwarf
14.92132591055292,-33.51434159781084,,,simbad,,,,,,,,,-147.17940139875677,292.4791796303501,327.4230393746582,False,dwarf
14.96177193095,-33.60575145922,,,simbad,,,,,,,,,-96.67787812992432,155.27451729753872,182.91196746437384,False,dwarf
14.978689106830002,-33.608444566959996,,,simbad,,,,,,,,,-75.55483208091226,151.23220794058233,169.05535593218684,False,dwarf
14.98995910078,-33.58017146662,,,simbad,,,,,,,,,-61.48294426308042,193.66965533903024,203.1947042479105,False,dwarf
14.991104269769997,-33.573920956399995,,,simbad,,,,,,,,,-60.05306864547315,203.05156590013794,211.745860569306,False,dwarf
15.034455800015413,-33.601229927399444,,,simbad,,,,,,,,,-5.923681083119801,162.06126040274472,162.16948578848223,False,dwarf
15.062577743319995,-33.54986593088,,,simbad,,,,,,,,,29.189809940676454,239.1577540399963,240.93251404040132,False,dwarf
15.067431381859999,-33.543822806719994,,,simbad,,,,,,,,,35.25013768763427,248.2283816181068,250.71877003475754,False,dwarf
15.077399928759998,-33.53711927795,,,simbad,,,,,,,,,47.69701869803758,258.2902653924304,262.6573181717446,False,dwarf
15.08104241668,-33.59873783554,,,simbad,,,,,,,,,52.24508514913763,165.80184830875777,173.83843598249774,False,dwarf
15.08533145515,-33.51076708948,,,simbad,,,,,,,,,57.6004445631673,297.8444564284866,303.36303571637586,False,dwarf
15.1091407488,-33.52745159942,,,simbad,,,,,,,,,87.32909488463925,272.8012880304966,286.4383241894637,False,dwarf
15.122368043100002,-33.59826284708,,,simbad,,,,,,,,,103.84489802960036,166.51479798684443,196.242046451258,False,dwarf
15.13559811531,-33.61502171979999,,,simbad,,,,,,,,,120.36416971571548,141.36001230861385,185.66148343489292,False,dwarf
15.15689271407,-33.52955743708999,,,simbad,,,,,,,,,146.9529333127458,269.64046115706265,307.08491155088313,False,dwarf
15.168296766960003,-33.50352625426001,,,simbad,,,,,,,,,161.19220918535942,308.7128281342326,348.26216928729554,False,dwarf
15.190976887757499,-33.58957237359,,,simbad,,,,,,,,,189.51095691257393,179.55905231921366,261.06676552118535,False,dwarf
15.191862259665413,-33.602549270500276,,,simbad,,,,,,,,,190.61644589690795,160.08094863046418,248.9187408790229,False,dwarf
15.209366003549999,-33.610647091080004,,,simbad,,,,,,,,,212.47188977990916,147.92625633419766,258.8947300732416,False,dwarf
15.229840718752085,-33.543291970075,,,simbad,,,,,,,,,238.0369341538532,249.02515848121064,344.49254212240635,False,dwarf
15.242706906189998,-33.604249528249994,,,simbad,,,,,,,,,254.1018537157261,157.52889038606077,298.9700710238933,False,dwarf
15.254874129830004,-33.57873160988,,,simbad,,,,,,,,,269.294036327026,195.83085605385287,332.96997189549455,False,dwarf
15.317321055042914,-33.549737819510824,,,simbad,,,,,,,,,347.2662277996506,239.35004704731978,421.7609251599216,False,dwarf
15.00362938952,-33.52145882801,,,simbad,,,,,,,,,-44.41401144553588,281.7963369789498,285.27491994116485,False,dwarf
15.363785659720003,-33.56107602469999,,,simbad,,,,,,,,,405.2826479873451,222.33159203099584,462.26114002225137,False,dwarf
15.368230498199999,-33.55919665241,,,simbad,,,,,,,,,410.8325416906058,225.1524981834736,468.4837507856835,False,dwarf
14.919340613339996,-33.51663848078,,,simbad,,,,,,,,,-149.65827403961708,289.03159698069356,325.4794356664138,False,dwarf
14.969517569690003,-33.51083665128,,,simbad,,,,,,,,,-87.00655444418346,297.7400453383292,310.192319560493,False,dwarf
15.164535841518747,-33.571161103524446,,,simbad,,,,,,,,,156.4962598232419,207.194058581345,259.65449591731215,False,dwarf
15.19413125417333,-33.51328163276583,,,simbad,,,,,,,,,193.44954734455112,294.0701693096168,351.99430655281685,False,dwarf
15.374544879429996,-33.51456771177,,,simbad,,,,,,,,,418.71677523161424,292.1397863861581,510.5579229138573,False,dwarf
15.084249999999999,-33.60286111111112,,,simbad,,,,,,,,,56.25012302631882,159.61288112601358,169.2345950502525,False,dwarf
14.959115404999999,-33.61201796605,,,simbad,,,,,,,,,-99.99485729774165,145.8685960942674,176.85196864187924,False,dwarf
15.112249999999996,-33.61497222222223,,,simbad,,,,,,,,,91.21135376409545,141.43430733912686,168.2949029174014,False,dwarf
14.900416666666661,-33.515277777777776,,,simbad,,,,,,,,,-173.28700497232805,291.0739892683285,338.7513148621842,False,dwarf
15.02016134955,-33.59824543738,,,simbad,,,,,,,,,-23.771951832801953,166.5409296533076,168.2289717727865,False,dwarf
15.233124999999998,-33.52780555555556,,,simbad,,,,,,,,,242.13773824371168,272.27000583279784,364.36470789302854,False,dwarf
15.21211879036,-33.54789054203,,,simbad,,,,,,,,,215.90906173835026,242.1227794318206,324.4074032147306,False,dwarf
15.374374999999995,-33.60416666666667,,,simbad,,,,,,,,,418.50466116197583,157.65326422697234,447.2143816289004,False,dwarf
14.918750000000001,-33.59111111111111,,,simbad,,,,,,,,,-150.39572294163068,177.24943321742282,232.45695312258002,False,dwarf
14.899415149339998,-33.59933199531,,,simbad,,,,,,,,,-174.53751491323385,164.91002450157956,240.12217784536043,False,dwarf
15.01842084722,-33.58566604867999,,,simbad,,,,,,,,,-25.945169817044434,185.42238021380243,187.22876627534345,False,dwarf
15.056037103739998,-33.593561521610006,,,simbad,,,,,,,,,21.02306674321429,173.5714083315456,174.83993572832776,False,dwarf
15.22273849254,-33.53167699574999,,,simbad,,,,,,,,,229.16898524840178,266.4590393087278,351.45247677191344,False,dwarf
14.943984840949998,-33.57476563014,,,simbad,,,,,,,,,-118.8871123314856,201.78372484346886,234.20251298870392,False,dwarf
14.89350811617,-33.594227563180006,,,simbad,,,,,,,,,-181.91312740009022,172.57169115330973,250.745637066719,False,dwarf
14.990704700739999,-33.59484374207,,,simbad,,,,,,,,,-60.55197668309511,171.64681701790818,182.01420733725527,False,dwarf
15.332960730160002,-33.59933201218,,,simbad,,,,,,,,,366.7941667436656,164.9099991800045,402.1607496844129,False,dwarf
14.948380741740003,-33.61172714596001,,,simbad,,,,,,,,,-113.39832298078092,146.30511215097664,185.10636265769838,False,dwarf
15.02663391787,-33.5983515003,,,simbad,,,,,,,,,-15.690203457743726,166.38173099684073,167.11990573851597,False,dwarf
15.14489979214,-33.53835534432,,,simbad,,,,,,,,,131.97838649792573,256.4349505904724,288.4045394700539,False,dwarf
15.28217107221,-33.60818781148,,,simbad,,,,,,,,,303.3774185049889,151.61759359145321,339.15446738206805,False,dwarf
15.160251237419999,-33.51648638388999,,,simbad,,,,,,,,,151.1464372333714,289.25989185078737,326.36870334312187,False,dwarf
15.2763428674,-33.57869993498,,,simbad,,,,,,,,,296.10023232107955,195.87839954524844,355.0263299939953,False,dwarf
15.080315668149998,-33.55067768172001,,,simbad,,,,,,,,,51.33765575464529,237.93932970169607,243.4146246988354,False,dwarf
15.044166666666666,-33.616,,,simbad,,,,,,,,,6.201456404674257,139.8916302058515,140.02901936095168,False,dwarf
15.014624999999999,-33.60161111111111,,,simbad,,,,,,,,,-30.684723049320397,161.4891100719169,164.3784806488769,False,dwarf
14.89125,-33.50777777777778,,,simbad,,,,,,,,,-184.73264598766684,302.33136294368165,354.30270040318464,False,dwarf
14.901666666666664,-33.50305555555555,,,simbad,,,,,,,,,-171.726235742959,309.41933896151966,353.8788314746025,False,dwarf
14.999291666666666,-33.613972222222216,,,simbad,,,,,,,,,-49.830158929535195,142.93529049586672,151.37219694541182,False,dwarf
15.321758033400004,-33.61159047297999,,,simbad,,,,,,,,,352.8063072325333,146.51025599196265,382.01772934497046,False,dwarf
15.33887120159,-33.54987412772,,,simbad,,,,,,,,,374.17407229485326,239.14545072121805,444.0684440245317,False,dwarf
15.35614168278,-33.59330100109,,,simbad,,,,,,,,,395.7382607889997,173.96244524405867,432.2865986907233,False,dwarf
15.325196435670001,-33.5671660321,,,simbad,,,,,,,,,357.09954920148715,213.19059349932166,415.8970031107442,False,dwarf
15.08786645731,-33.562898280169996,,,simbad,,,,,,,,,60.76568725732771,219.59641726328627,227.84875514851225,False,dwarf
15.428830270949998,-33.49673678393,,,simbad,,,,,,,,,486.49835018238474,318.90370874259924,581.7045815359947,False,dwarf
14.992974469850001,-33.57790716190001,,,simbad,,,,,,,,,-57.71790805537072,197.06833858541438,205.3467481678338,False,dwarf
14.90291666666667,-33.501944444444455,,,simbad,,,,,,,,,-170.16546651358595,311.08709802450664,354.5863344110928,False,dwarf
15.096708333333334,-33.61044444444445,,,simbad,,,,,,,,,71.8057896789931,148.23042552092969,164.70680156429387,False,dwarf
15.06273322433,-33.56462171179,,,simbad,,,,,,,,,29.383945921607232,217.00957542991995,218.98989042007864,False,dwarf
15.047083333333333,-33.59738888888889,,,simbad,,,,,,,,,9.84325127319547,167.82659451138016,168.11500653098904,False,dwarf
15.273311152300002,-33.75365897889,,,simbad,,,,,,,,,292.3147862088549,-66.73217847864143,299.83515117616514,False,dwarf
15.18531711127,-33.69837375257,,,simbad,,,,,,,,,182.4440729231574,16.250015042861055,183.16632532669203,False,dwarf
15.209151177480003,-33.7338108148,,,simbad,,,,,,,,,212.20365464413533,-36.940418487839466,215.39495249978393,False,dwarf
15.207461822340003,-33.75921478544,,,simbad,,,,,,,,,210.0942998281496,-75.07135053216496,223.1038379118647,False,dwarf
15.193868813520002,-33.81734728104001,,,simbad,,,,,,,,,193.12185990755162,-162.327247285589,252.2819612764035,False,dwarf
15.206775972869998,-33.8041042085,,,simbad,,,,,,,,,209.23793762914195,-142.44961845987848,253.12528191127345,False,dwarf
15.194652536939998,-33.81089776732999,,,simbad,,,,,,,,,194.10042902616354,-152.64663583785176,246.9331326103374,False,dwarf
15.18973084554,-33.800324320369995,,,simbad,,,,,,,,,187.95512943132317,-136.77607004247471,232.4539180478776,False,dwarf
15.303946881170004,-33.82640834169,,,simbad,,,,,,,,,330.56702856043586,-175.92774670320165,374.4664636938025,False,dwarf
15.36539628036,-33.791842788130005,,,simbad,,,,,,,,,407.29369369541655,-124.04543300711101,425.7645151653405,False,dwarf
15.328824050409999,-33.76732298865,,,simbad,,,,,,,,,361.62904477123095,-87.24162698160055,372.0035853329235,False,dwarf
15.34727501815,-33.76731420454,,,simbad,,,,,,,,,384.66720693171567,-87.22844218044168,394.43334191454204,False,dwarf
15.24952165283,-33.75617312642,,,simbad,,,,,,,,,262.61085120503344,-70.50587157467048,271.9108991878335,False,dwarf
15.267199663689997,-33.73808027020001,,,simbad,,,,,,,,,284.68388751436765,-43.348799131590845,287.96533506039253,False,dwarf
15.391391023529998,-33.78707694938,,,simbad,,,,,,,,,439.75112990740365,-116.89198931573652,455.0217504922468,False,dwarf
15.580097977690002,-33.73659132124,,,simbad,,,,,,,,,675.3735358435339,-41.113911821410774,676.6237999531614,False,dwarf
15.558550188459996,-33.724781720349995,,,simbad,,,,,,,,,648.4686347307005,-23.387899797986833,648.8902558109957,False,dwarf
15.37339553813,-33.756260926959996,,,simbad,,,,,,,,,417.2816900035554,-70.6376587063564,423.2182505985995,False,dwarf
15.324864181849996,-33.7081204926,,,simbad,,,,,,,,,356.68469197060443,1.6203224249484727,356.68837229565776,False,dwarf
15.177888455859998,-33.78453027443,,,simbad,,,,,,,,,173.168539499566,-113.06947311015291,206.81404406330907,False,dwarf
15.23386589281,-33.733539573899996,,,simbad,,,,,,,,,243.06282840379978,-36.53329046552067,245.79304274916555,False,dwarf
15.176905485299999,-33.72388916433,,,simbad,,,,,,,,,171.94118733682959,-22.04818824554411,173.34905395677725,False,dwarf
15.2187765293,-33.71023134295,,,simbad,,,,,,,,,224.22201699810765,-1.5480283967557185,224.22736072704606,False,dwarf
15.197558050320001,-33.70328527906,,,simbad,,,,,,,,,197.72829772937652,8.87789650761106,197.9275038223764,False,dwarf
15.19972031643,-33.698396157480005,,,simbad,,,,,,,,,200.42813645752562,16.216385650319687,201.08308990911297,False,dwarf
15.243580711279998,-33.68292689263,,,simbad,,,,,,,,,255.19290019327426,39.435491636935716,258.2219477691648,False,dwarf
15.24290732741,-33.67125713611999,,,simbad,,,,,,,,,254.35210273419915,56.95159960142582,260.6501042824839,False,dwarf
15.18284689738,-33.68027570073,,,simbad,,,,,,,,,179.35972585958527,43.41488602405485,184.53932802767883,False,dwarf
15.27127358307,-33.66203749419,,,simbad,,,,,,,,,289.7706459233449,70.79012684928965,298.292254841072,False,dwarf
15.330518615939999,-33.62002403102,,,simbad,,,,,,,,,363.744905360325,133.8516274227286,387.59078206183483,False,dwarf
15.243844243720002,-33.63592272303,,,simbad,,,,,,,,,255.52195085191065,109.98795850191834,278.188458392123,False,dwarf
15.1692662045,-33.68634370738,,,simbad,,,,,,,,,162.40266381113528,34.306910247572596,165.98671423848245,False,dwarf
15.397286013790003,-33.75194529131,,,simbad,,,,,,,,,447.1117054315819,-64.15996228518917,451.6916845530528,False,dwarf
15.188114116010002,-33.7551805809,,,simbad,,,,,,,,,185.9364560692222,-69.01607746688288,198.33200610213314,False,dwarf
15.686110068277086,-33.76442405568223,,,simbad,,,,,,,,,807.7418629867296,-82.89037742452487,811.9838248948392,False,dwarf
15.454432476598745,-33.695107221124715,,,simbad,,,,,,,,,518.4656580067393,21.153023723109232,518.8969926150966,False,dwarf
15.449874363907087,-33.63188151041389,,,simbad,,,,,,,,,512.7743283802429,116.05375057140432,525.7432689702255,False,dwarf
15.243054812000004,-33.65966099438,,,simbad,,,,,,,,,254.53625426210598,74.35721303603837,265.174847721782,False,dwarf
15.215230704629999,-33.61578811809,,,simbad,,,,,,,,,219.79464576797972,140.20966138397117,260.7075669283106,False,dwarf
15.227778990870005,-33.67973233437001,,,simbad,,,,,,,,,235.46262900371383,44.230469778330004,239.58085089203675,False,dwarf
15.324517566250002,-33.78497647758,,,simbad,,,,,,,,,356.25190240029303,-113.73921652278484,373.9679496147295,False,dwarf
15.170084423347088,-33.675657291507775,,,simbad,,,,,,,,,163.42430445067237,50.347040477438654,171.00388232441654,False,dwarf
15.17469171955,-33.66918485272,,,simbad,,,,,,,,,169.17704536593288,60.062062080753044,179.52248878661177,False,dwarf
15.176042870270003,-33.74409640474,,,simbad,,,,,,,,,170.86411294034505,-52.37891574465014,178.7123272342346,False,dwarf
15.18882894587,-33.79556684755,,,simbad,,,,,,,,,186.82900362899662,-129.635183471136,227.39911475333128,False,dwarf
15.19074012237,-33.64303076861,,,simbad,,,,,,,,,189.21532800746405,99.31890180918023,213.69764764628036,False,dwarf
15.19448705215,-33.69747144688,,,simbad,,,,,,,,,193.8938021716377,17.604360685755438,194.69134555939652,False,dwarf
15.20225841837167,-33.756569895652774,,,simbad,,,,,,,,,203.5972495867659,-71.10141551016636,215.65539948456004,False,dwarf
15.203703154609999,-33.73578845637999,,,simbad,,,,,,,,,205.40116947903152,-39.90882518942151,209.24233498829446,False,dwarf
15.204937592710001,-33.75269322673,,,simbad,,,,,,,,,206.9425078806635,-65.28260075292125,216.99543665479186,False,dwarf
15.20607369769,-33.82344265506,,,simbad,,,,,,,,,208.36106603595337,-171.47630102347367,269.8489496965513,False,dwarf
15.20622598484,-33.67718607848,,,simbad,,,,,,,,,208.55121411415044,48.052356981922,214.0155085969339,False,dwarf
15.21258100258,-33.63905999445,,,simbad,,,,,,,,,216.48618702667983,105.27896694245543,240.7279170636867,False,dwarf
15.213182807500006,-33.78816099968,,,simbad,,,,,,,,,217.23760990766007,-118.51913055706898,247.4650752457733,False,dwarf
15.22578325908,-33.6707309072,,,simbad,,,,,,,,,232.97072758938953,57.74146034690774,240.01965785435797,False,dwarf
15.229709702430004,-33.73756272923,,,simbad,,,,,,,,,237.87334515861383,-42.57197885269925,241.65285373937488,False,dwarf
15.231254687399998,-33.82031148216001,,,simbad,,,,,,,,,239.80243715941413,-166.77646323982322,292.0951857843242,False,dwarf
15.23164641644,-33.68398191203,,,simbad,,,,,,,,,240.2915560649207,37.8519252875349,243.25459947157023,False,dwarf
15.23988844893,-33.661048083980006,,,simbad,,,,,,,,,250.58268462317682,72.27521490957645,260.7976006852516,False,dwarf
15.261041408900002,-33.65011555907,,,simbad,,,,,,,,,276.99459584811655,88.68475065985426,290.84530446383684,False,dwarf
15.26818872181333,-33.68898444840416,,,simbad,,,,,,,,,285.91884070232686,30.343202449052864,287.5244222730076,False,dwarf
15.268926493239997,-33.77308492059001,,,simbad,,,,,,,,,286.84003345516675,-95.89018977368124,302.44360348235796,False,dwarf
15.27248330335125,-33.82330376819279,,,simbad,,,,,,,,,291.281121276236,-171.26783417509571,337.9014096374405,False,dwarf
15.285686580390001,-33.75972205056,,,simbad,,,,,,,,,307.76693609932926,-75.83274693326847,316.97175341568493,False,dwarf
15.714423671656666,-33.71464023319166,,,simbad,,,,,,,,,843.0946637285705,-8.165698389279052,843.134206777175,False,dwarf
15.323076893539996,-33.62827218127,,,simbad,,,,,,,,,354.45305629200254,121.4712928234225,374.68953027131033,False,dwarf
15.326826173190002,-33.71310061736,,,simbad,,,,,,,,,359.1344645400133,-5.854760958145411,359.1821847563143,False,dwarf
15.34834941892,-33.74947361425,,,simbad,,,,,,,,,386.0087202611709,-60.45001664929206,390.7133688915271,False,dwarf
15.349315859550002,-33.78059765705,,,simbad,,,,,,,,,387.21543289902417,-107.166680660975,401.7716875528564,False,dwarf
15.35569717324,-33.76932566539,,,simbad,,,,,,,,,395.1832393392435,-90.24761103667566,405.35715603956584,False,dwarf
15.359194796899997,-33.68897480633001,,,simbad,,,,,,,,,399.550426046783,30.357675039956344,400.7020481454985,False,dwarf
15.36342642061,-33.75427145154,,,simbad,,,,,,,,,404.8340965082444,-67.65148961024225,410.44776737379294,False,dwarf
15.397391849733332,-33.73965211775778,,,simbad,,,,,,,,,447.2438538185477,-45.708115840728425,449.5734607738494,False,dwarf
15.40350308589,-33.62957860486999,,,simbad,,,,,,,,,454.8744372959178,119.51037300429923,470.31211228385837,False,dwarf
15.404349773485,-33.815394692733605,,,simbad,,,,,,,,,455.9316244520471,-159.39644512568353,482.9915867737114,False,dwarf
15.414884968279999,-33.70442986207001,,,simbad,,,,,,,,,469.0860307411688,7.1598966881307735,469.14067011621313,False,dwarf
15.41811452301208,-33.809969393651386,,,simbad,,,,,,,,,473.11850246147606,-151.2531625831295,496.7077979685726,False,dwarf
15.420982147660004,-33.64555175569,,,simbad,,,,,,,,,476.6990627109528,95.53494266380102,486.177870392387,False,dwarf
15.449749703573747,-33.639232026429724,,,simbad,,,,,,,,,512.6186755703253,105.0207498384701,523.2659595656007,False,dwarf
15.450423038149996,-33.708504689920005,,,simbad,,,,,,,,,513.4594114804654,1.043648718762169,513.4604721305371,False,dwarf
15.469139534244166,-33.65237263991888,,,simbad,,,,,,,,,536.8291164287177,85.29691032234265,543.5633018850477,False,dwarf
15.490710160324582,-33.71418117493556,,,simbad,,,,,,,,,563.7625319842822,-7.476659678925746,563.8121078065665,False,dwarf
15.5814428197525,-33.65597623802861,,,simbad,,,,,,,,,677.0527263311346,79.88797025607708,681.7495742749372,False,dwarf
15.585507008740004,-33.7374329815,,,simbad,,,,,,,,,682.1273352223516,-42.37722969535063,683.4424123905385,False,dwarf
15.607633037019996,-33.62138123351,,,simbad,,,,,,,,,709.7542345083334,131.81448934498997,721.8906655469309,False,dwarf
15.618004449752922,-33.78892030245222,,,simbad,,,,,,,,,722.7041399952107,-119.65883122901965,732.5431795172979,False,dwarf
15.652522295808751,-33.63361563764166,,,simbad,,,,,,,,,765.8036535855333,113.45085481091854,774.1616964835445,False,dwarf
15.683988493833754,-33.78930617402139,,,simbad,,,,,,,,,805.0928324995606,-120.23801795499867,814.0218976808376,False,dwarf
15.215332621009997,-33.69143007339001,,,simbad,,,,,,,,,219.92190012787515,26.672360537658648,221.5334217956874,False,dwarf
15.239037332514167,-33.633377509028335,,,simbad,,,,,,,,,249.51996757322536,113.80828184864878,274.24904600578816,False,dwarf
15.31877584742,-33.68602690696,,,simbad,,,,,,,,,349.0827039414669,34.782422342028106,350.81127560992826,False,dwarf
15.345925336000422,-33.62352070978028,,,simbad,,,,,,,,,382.9819730369253,128.6031714991056,403.997484386827,False,dwarf
15.365819175034163,-33.74199222726805,,,simbad,,,,,,,,,407.8217264911733,-49.220580800517276,410.78123882740994,False,dwarf
15.280458333333332,-33.62072222222222,,,simbad,,,,,,,,,301.2388663956746,132.80365418803262,329.21370748048395,False,dwarf
15.32229225404,-33.61809606947,,,simbad,,,,,,,,,353.47334334181403,136.74546523607845,379.0022779824304,False,dwarf
15.346572919486665,-33.773056912269155,,,simbad,,,,,,,,,383.7905557399438,-95.84814975583922,395.57813196231245,False,dwarf
15.346674911108755,-33.77334802625167,,,simbad,,,,,,,,,383.9179040482736,-96.28510694027193,395.8077549358009,False,dwarf
15.268124999999998,-33.77683333333333,,,simbad,,,,,,,,,285.8392766659385,-101.5164941658222,303.33099194217914,False,dwarf
15.203369760560001,-33.73663707808,,,simbad,,,,,,,,,204.98488853944016,-41.18259206755815,209.08087052365553,False,dwarf
15.176330417439999,-33.725561510000006,,,simbad,,,,,,,,,171.2231487602826,-24.55835092843861,172.9753718646392,False,dwarf
15.719458333333337,-33.62413888888889,,,simbad,,,,,,,,,849.3810197487404,127.67529506924546,858.92321989828,False,dwarf
15.31423588189,-33.77921174059,,,simbad,,,,,,,,,343.41403314018373,-105.08644339790175,359.1327870629854,False,dwarf
15.225416666666662,-33.67861111111111,,,simbad,,,,,,,,,232.5129946626256,45.91340700485769,237.00281354822746,False,dwarf
15.296666666666665,-33.825,,,simbad,,,,,,,,,321.4768407364442,-173.8138495476127,365.45671894828433,False,dwarf
15.339860226220003,-33.67166728648001,,,simbad,,,,,,,,,375.40898366252486,56.335970819321844,379.61249534582674,False,dwarf
15.722512046940004,-33.66257179202,,,simbad,,,,,,,,,853.1939335348034,69.98815480578658,856.0597117220908,False,dwarf
15.273057679659999,-33.6995531028,,,simbad,,,,,,,,,291.99829637125555,14.479830211758582,292.3570942643208,False,dwarf
15.20491666666667,-33.81869444444445,,,simbad,,,,,,,,,206.9163793010435,-164.34931686500587,264.24436791925655,False,dwarf
15.366208333333333,-33.791916666666665,,,simbad,,,,,,,,,408.30763553012997,-124.15632344628791,426.7668190990306,False,dwarf
15.312315613919997,-33.78926765515,,,simbad,,,,,,,,,341.0163570124131,-120.18020177781975,361.57355634694176,False,dwarf
15.330896082410002,-33.75651867688,,,simbad,,,,,,,,,364.21621580152186,-71.02453699492716,371.0767261741492,False,dwarf
15.726858664130003,-33.81729577129,,,simbad,,,,,,,,,858.6211866243856,-162.2499320184181,873.81656116158,False,dwarf
15.64363,-33.68255,,,simbad,,,,,,,,,754.7005962441629,40.00120112646166,755.7599394403321,False,dwarf
15.22071077945,-33.7536726876,,,simbad,,,,,,,,,226.63715149091982,-66.75275502145838,236.26326150900604,False,dwarf
15.366040000000002,-33.72201,,,simbad,,,,,,,,,408.09745194057706,-19.227594237516634,408.5501568480352,False,dwarf
15.36583333333333,-33.721944444444446,,,simbad,,,,,,,,,407.8394047613156,-19.129196452809527,408.2877737980828,False,dwarf
15.32649327815,-33.72858513087,,,simbad,,,,,,,,,358.7188066719808,-29.096754926589252,359.8969344234929,False,dwarf
15.24249517743,-33.72354784479,,,simbad,,,,,,,,,253.83748592886363,-21.53587336494911,254.74941237278088,False,dwarf
15.195583333333332,-33.72394444444445,,,simbad,,,,,,,,,195.26263572177803,-22.131162766241495,196.5128119853809,False,dwarf
15.181583333333334,-33.70761111111111,,,simbad,,,,,,,,,177.7820203528897,2.3848954601084493,177.79801598193083,False,dwarf
15.294583333333334,-33.65333333333333,,,simbad,,,,,,,,,318.875558687505,83.85492568848973,329.71695511527855,False,dwarf
15.349583333333335,-33.749722222222225,,,simbad,,,,,,,,,387.54940477957734,-60.82317302822915,392.2932570440468,False,dwarf
15.236374999999999,-33.67927777777778,,,simbad,,,,,,,,,246.19573824006252,44.912751567040665,250.25885954525586,False,dwarf
15.657890429860002,-33.767885827280004,,,simbad,,,,,,,,,772.5063883425719,-88.08643828517471,777.5122768418852,False,dwarf
15.162553046760001,-33.66503819712,,,simbad,,,,,,,,,154.02051178516314,66.28612229305463,167.67876448499186,False,dwarf
15.378956167509997,-33.68491935382,,,simbad,,,,,,,,,424.2247773893202,36.44484095034129,425.787374381761,False,dwarf
15.279568464889996,-33.78288451672,,,simbad,,,,,,,,,300.1277629680422,-110.59921850741605,319.85756398536597,False,dwarf
15.31797213619,-33.800700375880005,,,simbad,,,,,,,,,348.07917773580397,-137.34052302898837,374.19451257215076,False,dwarf
15.243378084109999,-33.76295934694,,,simbad,,,,,,,,,254.9398967916989,-80.69187427294521,267.40517861448177,False,dwarf
15.578969015499997,-33.74441031149999,,,simbad,,,,,,,,,673.9638962857106,-52.850084504177715,676.0328874608947,False,dwarf
15.197159955600004,-33.74700346889,,,simbad,,,,,,,,,197.23123053790187,-56.742370069290835,205.2312229183838,False,dwarf
15.29379492406,-33.68183174051,,,simbad,,,,,,,,,317.8911387403334,41.07929652309594,320.5343736519663,False,dwarf
15.269583333333333,-33.641666666666666,,,simbad,,,,,,,,,287.660174100199,101.36639585015872,304.99757699202775,False,dwarf
15.37308982652,-33.63197750559,,,simbad,,,,,,,,,416.8999737843982,115.90966342894049,432.7131130641203,False,dwarf
15.25692237235,-33.72375364066,,,simbad,,,,,,,,,271.85150344661434,-21.844769499545833,272.7277651444254,False,dwarf
15.178929718230002,-33.7077515696,,,simbad,,,,,,,,,174.4686757130025,2.174069634075071,174.4822208244228,False,dwarf
15.62904152239,-33.7587710901,,,simbad,,,,,,,,,736.485198678587,-74.40537130010605,740.2341569739567,False,dwarf
15.519208333333335,-33.614361111111116,,,simbad,,,,,,,,,599.3457892044324,142.35157482379645,616.0189492961226,False,dwarf
14.422541666666666,-33.821805555555564,,,simbad,,,,,,,,,-769.969081358638,-169.01904224145346,788.3018602594334,False,dwarf
14.854616353860003,-33.80386546483,,,simbad,,,,,,,,,-230.47398011147425,-142.09126823243756,270.75484116877163,False,dwarf
14.83713652414,-33.806019703089994,,,simbad,,,,,,,,,-252.29956440069404,-145.32474357624014,291.1603532287319,False,dwarf
14.495124999999998,-33.96447222222223,,,simbad,,,,,,,,,-679.3404147734971,-383.15930593280666,779.9451601667499,False,dwarf
14.950249999999999,-33.852250000000005,,,simbad,,,,,,,,,-111.06433836163096,-214.715640568103,241.73972276040536,False,dwarf
14.53979166666666,-33.91119444444444,,,simbad,,,,,,,,,-623.568927644187,-303.1902588611366,693.3704209090581,False,dwarf
15.144047063270001,-33.79846846513,,,simbad,,,,,,,,,130.91365611289825,-133.99046258593805,187.32813302021628,False,dwarf
14.982443513050002,-33.87654809952,,,simbad,,,,,,,,,-70.86702271873975,-251.186678687807,260.9921118716617,False,dwarf
15.069433760469998,-33.799300216919995,,,simbad,,,,,,,,,37.750338423656586,-135.23890801329142,140.40886828020552,False,dwarf
15.16408431975,-33.98395653758999,,,simbad,,,,,,,,,155.93248279680196,-412.4049351199399,440.8999543008105,False,dwarf
15.160181193150002,-33.96412781575,,,simbad,,,,,,,,,151.05897888032698,-382.6423576189188,411.38058892530603,False,dwarf
15.19269451172,-33.96485204347999,,,simbad,,,,,,,,,191.6556086152073,-383.72941124327343,428.9290540016785,False,dwarf
15.15897683994,-33.92948185073,,,simbad,,,,,,,,,149.5552049351608,-330.63934767576296,362.88997995901184,False,dwarf
15.119988451900001,-33.93106741629,,,simbad,,,,,,,,,100.87370385085597,-333.019254875192,347.9616764044832,False,dwarf
15.13254432001,-33.91960871197,,,simbad,,,,,,,,,116.55115392610067,-315.8199326930933,336.63986895163737,False,dwarf
14.71833927697,-33.95935825063,,,simbad,,,,,,,,,-400.63163473367746,-375.4833207089465,549.084174676339,False,dwarf
14.768208336979999,-33.893938971649995,,,simbad,,,,,,,,,-338.3643592448977,-277.29008483551064,437.47026270970105,False,dwarf
14.7772724409,-33.8962716059,,,simbad,,,,,,,,,-327.04677965281377,-280.79132955554286,431.0491466582965,False,dwarf
14.753083650539997,-33.89498873992,,,simbad,,,,,,,,,-357.2492754043785,-278.8657693272536,453.20322381844824,False,dwarf
14.76618688244,-33.89515492072,,,simbad,,,,,,,,,-340.8883784805696,-279.11520390902257,440.57937268588427,False,dwarf
14.976764041610002,-33.93464556592,,,simbad,,,,,,,,,-77.9584981288298,-338.3899972020332,347.2539670571019,False,dwarf
14.95157531796,-33.94542992167,,,simbad,,,,,,,,,-109.4095259687549,-354.57713353880393,371.07329195362803,False,dwarf
14.94405969356,-33.89243873946,,,simbad,,,,,,,,,-118.79365021114239,-275.0382615871718,299.5963562318153,False,dwarf
15.082003535979998,-33.8767388599,,,simbad,,,,,,,,,53.445153492485204,-251.47300680515295,257.089590577798,False,dwarf
15.074135921490003,-33.85376415557,,,simbad,,,,,,,,,43.621529008889624,-216.9883625753113,221.32958972127554,False,dwarf
15.082239151160001,-33.853990686479996,,,simbad,,,,,,,,,53.73934623082022,-217.3283816556917,223.87394400956526,False,dwarf
14.952608825370005,-33.86986437431,,,simbad,,,,,,,,,-108.1190727176697,-241.15451972347967,264.28249330667154,False,dwarf
14.858083869089999,-33.883222481809995,,,simbad,,,,,,,,,-226.14438725280766,-261.20481408656235,345.49853659305626,False,dwarf
14.920141647060001,-33.86065507399,,,simbad,,,,,,,,,-148.6580910141233,-227.33151505803306,271.62261644153284,False,dwarf
14.922363442460005,-33.85340738936,,,simbad,,,,,,,,,-145.883923098706,-216.4528625032247,261.02482775496486,False,dwarf
14.902780752940002,-33.85619128141,,,simbad,,,,,,,,,-170.3351704835325,-220.63143758037685,278.73338793986954,False,dwarf
14.89515052455,-33.84119375535,,,simbad,,,,,,,,,-179.86239103084557,-198.12040357192438,267.5858255192808,False,dwarf
14.829677002359999,-33.851727487949994,,,simbad,,,,,,,,,-261.61363804869825,-213.93135878186166,337.9472175996259,False,dwarf
14.851948738850004,-33.84631040306,,,simbad,,,,,,,,,-233.80480525019442,-205.80040560348857,311.47791880748423,False,dwarf
14.885145693680004,-33.81544180486001,,,simbad,,,,,,,,,-192.3545767643615,-159.46715963388436,249.86007725103946,False,dwarf
14.850152632809996,-33.80956720676,,,simbad,,,,,,,,,-236.04745088213056,-150.64948683330192,280.02440420629244,False,dwarf
14.94031401117,-33.845910618930006,,,simbad,,,,,,,,,-123.47056686497231,-205.20033635803503,239.48310780388732,False,dwarf
14.689715167039997,-33.88936415317999,,,simbad,,,,,,,,,-436.37213873104685,-270.42335936701267,513.3706621458306,False,dwarf
14.736044816660002,-33.85354958443,,,simbad,,,,,,,,,-378.52422550370954,-216.66629490825918,436.147764688134,False,dwarf
14.772546460269998,-33.856557419770006,,,simbad,,,,,,,,,-332.9477117695175,-221.18100509177842,399.7189209756864,False,dwarf
15.17412667437,-33.902236367389996,,,simbad,,,,,,,,,168.47152126181683,-289.74433608585514,335.16329418673484,False,dwarf
15.137784597319998,-33.88187446572,,,simbad,,,,,,,,,123.09424478912759,-259.1814646405115,286.92721152481573,False,dwarf
15.117788970369999,-33.813843184919996,,,simbad,,,,,,,,,98.12739737678895,-157.06765802993706,185.2005273074337,False,dwarf
15.113126052770003,-33.82078070887,,,simbad,,,,,,,,,92.30520672947797,-167.48076462820194,191.2329932564432,False,dwarf
15.14362290477,-33.81515630753,,,simbad,,,,,,,,,130.38404528475817,-159.03863295026179,205.65331515807364,False,dwarf
14.645833333333332,-33.98694444444445,,,simbad,,,,,,,,,-491.16367135303324,-416.88973298231156,644.2350514548657,False,dwarf
15.126949303249999,-33.85210300666,,,simbad,,,,,,,,,109.56512992866625,-214.49500604060833,240.8581020282401,False,dwarf
15.155194164100003,-33.88590766428,,,simbad,,,,,,,,,144.83209769057558,-265.2352277467478,302.20202275848783,False,dwarf
15.069152520680001,-33.81101559517,,,simbad,,,,,,,,,37.39917809541434,-152.8234934410928,157.33314548991976,False,dwarf
14.922889915219999,-33.86023791663,,,simbad,,,,,,,,,-145.22656111158688,-226.70536888697512,269.23238723169425,False,dwarf
15.122249990149996,-33.83717791034,,,simbad,,,,,,,,,103.69749530015505,-192.09268785194377,218.29514712359043,False,dwarf
14.53834125809,-33.902982202960004,,,simbad,,,,,,,,,-625.3799301053551,-290.86382271411804,689.7114036627557,False,dwarf
15.054339436189997,-33.87487006618,,,simbad,,,,,,,,,18.90333292422552,-248.66797890806168,249.38544410182467,False,dwarf
15.099171698120001,-33.83271553946,,,simbad,,,,,,,,,74.88158484677932,-185.39474432203784,199.9461501789899,False,dwarf
15.019144322310002,-33.89525991346499,,,simbad,,,,,,,,,-25.041827690094443,-279.2727962508219,280.39327356378124,False,dwarf
14.8502404429175,-33.80686829385444,,,simbad,,,,,,,,,-235.9378098310762,-146.59846402061726,277.77285641525395,False,dwarf
15.161670696547917,-33.93651078368583,,,simbad,,,,,,,,,152.9187957367288,-341.1896576521523,373.89108116985653,False,dwarf
14.927849119195411,-33.96554642622027,,,simbad,,,,,,,,,-139.03442273801184,-384.7716680407398,409.12077340676,False,dwarf
15.00317404499,-33.926288574839994,,,simbad,,,,,,,,,-44.98256163048322,-325.8462943501179,328.9365263885175,False,dwarf
14.597657690005002,-33.94961433338695,,,simbad,,,,,,,,,-551.3165207224188,-360.85786504669716,658.9144897386409,False,dwarf
14.72538231775,-33.90165214017,,,simbad,,,,,,,,,-391.83758566920363,-288.86742086894526,486.8070258146927,False,dwarf
15.187625833333332,-33.95307722222223,,,simbad,,,,,,,,,185.32677880764075,-366.05560286203763,410.2958924116911,False,dwarf
14.771016019010004,-33.87930336456001,,,simbad,,,,,,,,,-334.8586442702782,-255.3222851051442,421.09355363605516,False,dwarf
14.864883363330001,-33.95136258461001,,,simbad,,,,,,,,,-217.65443414477392,-363.48196068622826,423.66565644053156,False,dwarf
14.86929709845,-33.87438679993999,,,simbad,,,,,,,,,-212.143376575285,-247.94260442159754,326.3132656085682,False,dwarf
14.873589086905415,-33.87256761395916,,,simbad,,,,,,,,,-206.7843337640821,-245.21203690544334,320.762690682024,False,dwarf
14.891443222890002,-33.85191320727,,,simbad,,,,,,,,,-184.49138491476722,-214.21012035306353,282.70664436734194,False,dwarf
14.89516827084,-33.81059517826,,,simbad,,,,,,,,,-179.84023274015456,-152.19245474039056,235.59510307291785,False,dwarf
14.908993492127914,-33.83271123275334,,,simbad,,,,,,,,,-162.57784875987986,-185.38828002788898,246.57731298537857,False,dwarf
14.913452600820834,-33.839602722296114,,,simbad,,,,,,,,,-157.01013704923727,-195.7322897562699,250.92491384765418,False,dwarf
14.929882910279998,-33.94631552206,,,simbad,,,,,,,,,-136.49499990298716,-355.90640480776494,381.18270420063016,False,dwarf
14.93504805465,-33.92900667745,,,simbad,,,,,,,,,-130.04572118464526,-329.92612058596427,354.63098376106217,False,dwarf
14.943366937279999,-33.96009487305,,,simbad,,,,,,,,,-119.65863635936458,-376.5889785542254,395.14231363383175,False,dwarf
14.954301930909999,-33.80508485795999,,,simbad,,,,,,,,,-106.00503509455591,-143.92155678196895,178.74697751834447,False,dwarf
14.959272294439998,-33.85652367403,,,simbad,,,,,,,,,-99.7989627294524,-221.13035330442287,242.60763820295006,False,dwarf
14.961801758790001,-33.859085739760005,,,simbad,,,,,,,,,-96.64063463004213,-224.97597081155217,244.85424175271638,False,dwarf
14.966338312770002,-33.91343856127,,,simbad,,,,,,,,,-90.97622354257038,-306.5586404179992,319.7731590753043,False,dwarf
14.992052174550004,-33.93920120994,,,simbad,,,,,,,,,-58.869500155068664,-345.22794214404075,350.2112934865419,False,dwarf
14.99217591861,-33.84526550332,,,simbad,,,,,,,,,-58.714991418142404,-204.23202869328995,212.50452174344278,False,dwarf
14.995021901100001,-33.90989913561,,,simbad,,,,,,,,,-55.16145389997863,-301.246022117895,306.2547172505507,False,dwarf
15.023528029690004,-33.95945166994,,,simbad,,,,,,,,,-19.568263218693787,-375.62354151977263,376.1329045287748,False,dwarf
15.02484533931,-33.80264128177999,,,simbad,,,,,,,,,-17.923450162345183,-140.25379009363513,141.39439770143488,False,dwarf
15.037516556730003,-33.82630193272001,,,simbad,,,,,,,,,-2.1019731641557455,-175.76802863151642,175.78059671133332,False,dwarf
15.03900242166,-33.8143265074,,,simbad,,,,,,,,,-0.24669935477173652,-157.79311693168307,157.79330978082515,False,dwarf
15.052457017860002,-33.89678129192001,,,simbad,,,,,,,,,16.552916439226756,-281.55635968679405,282.042519352532,False,dwarf
15.05270790206,-33.88594343203,,,simbad,,,,,,,,,16.866174310820565,-265.2889145370461,265.8245210888701,False,dwarf
15.071514469650003,-33.83080744354,,,simbad,,,,,,,,,40.348343914382234,-182.53072448472852,186.93703281467035,False,dwarf
15.09045061021,-33.80779461126,,,simbad,,,,,,,,,63.99230032156644,-147.98885084413092,161.2318655682306,False,dwarf
15.091156929499997,-33.86402540121999,,,simbad,,,,,,,,,64.87422145271304,-232.3903194628707,241.2756207932139,False,dwarf
15.09304088464,-33.8399698071,,,simbad,,,,,,,,,67.22655682233082,-196.28327786398114,207.47658930880587,False,dwarf
15.09476086113,-33.85633560644,,,simbad,,,,,,,,,69.37414592698846,-220.84806701950166,231.48788484356882,False,dwarf
15.096463332999999,-33.86761641399,,,simbad,,,,,,,,,71.49987849383217,-237.78036914619594,248.2976773470384,False,dwarf
15.11037729917,-33.79979943822,,,simbad,,,,,,,,,88.87307069908397,-135.98823077607403,162.45375220379228,False,dwarf
15.12064894159209,-33.807323643153055,,,simbad,,,,,,,,,101.69840144103733,-147.28193564826108,178.98193602696588,False,dwarf
15.136722436390002,-33.98262787294,,,simbad,,,,,,,,,121.76801431219022,-410.4106318593874,428.09384024154724,False,dwarf
15.15579881572,-33.83768750661001,,,simbad,,,,,,,,,145.58707500495854,-192.85758326994883,241.63949146036677,False,dwarf
15.156240374750004,-33.990720964370006,,,simbad,,,,,,,,,146.1384124025408,-422.55822578157745,447.11507439943205,False,dwarf
15.160211309960001,-33.82514285755,,,simbad,,,,,,,,,151.09658319259464,-174.02827632396756,230.46912681044262,False,dwarf
15.177162871000002,-33.96956819020001,,,simbad,,,,,,,,,172.26256308134407,-390.8082680346121,427.0895608693419,False,dwarf
14.506888379290002,-33.88268897279,,,simbad,,,,,,,,,-664.6524784301473,-260.40402603359667,713.8439422295629,False,dwarf
14.52177034062,-33.92256537009,,,simbad,,,,,,,,,-646.0706325769754,-320.25782673137184,721.0910745953763,False,dwarf
14.661583807007503,-33.82662849066556,,,simbad,,,,,,,,,-471.4973876261769,-176.25818660749127,503.36540890735677,False,dwarf
14.552671673596244,-33.94193100218972,,,simbad,,,,,,,,,-607.4867528524239,-349.32531433219793,700.7626774625421,False,dwarf
14.691826656556668,-33.83462951339805,,,simbad,,,,,,,,,-433.73570043845143,-188.2675869654422,472.83331326866596,False,dwarf
14.865695736179168,-33.93008288404751,,,simbad,,,,,,,,,-216.64009290817444,-331.54148856196986,396.0463211458342,False,dwarf
14.90801518138,-33.924076824059995,,,simbad,,,,,,,,,-163.7993826095613,-322.52649368248944,361.73688900967005,False,dwarf
14.937013717780417,-33.81054400066528,,,simbad,,,,,,,,,-127.59136396124481,-152.11563803271068,198.54149060483428,False,dwarf
14.950754177559997,-33.83964605382,,,simbad,,,,,,,,,-110.43481450420607,-195.79732964377072,224.79422267978734,False,dwarf
15.047478090672918,-33.97533813307749,,,simbad,,,,,,,,,10.336151360146411,-399.4688551089229,399.60255533088565,False,dwarf
15.077243033530001,-33.88491031401,,,simbad,,,,,,,,,47.501116900265984,-263.7382217901314,267.98172650349363,False,dwarf
15.083454609415831,-33.95412450711556,,,simbad,,,,,,,,,55.256986107043026,-367.6275598472094,371.75712134785994,False,dwarf
15.12591474037,-33.83427856993723,,,simbad,,,,,,,,,108.27335880150976,-187.7408267418017,216.72502913105276,False,dwarf
14.71864192417,-33.96912623491,,,simbad,,,,,,,,,-400.25374478398413,-390.14490058829176,558.9419501778792,False,dwarf
14.412144477242913,-33.83820103899527,,,simbad,,,,,,,,,-782.9511720182173,-193.62838673065386,806.5385855076097,False,dwarf
15.057041666666661,-33.841555555555566,,,simbad,,,,,,,,,22.277379467131603,-198.66345958658104,199.90860864613035,False,dwarf
14.504458333333334,-33.918666666666674,,,simbad,,,,,,,,,-667.6866711942355,-314.4059385599351,738.0085264359707,False,dwarf
14.673000000000002,-33.97552777777778,,,simbad,,,,,,,,,-457.24295343482663,-399.75350860981564,607.3499700433523,False,dwarf
15.08291666666667,-33.91583333333333,,,simbad,,,,,,,,,54.58530251500028,-310.1531529492343,314.91988431187576,False,dwarf
14.57877654162,-33.81970897373001,,,simbad,,,,,,,,,-574.8918130539302,-165.87210823461461,598.3428390200978,False,dwarf
14.95871717834,-33.81192180603,,,simbad,,,,,,,,,-100.49208923153326,-154.18370067838617,184.04149954018692,False,dwarf
14.91840521062,-33.88434752674,,,simbad,,,,,,,,,-150.82623226556527,-262.8934875770488,303.08668421732114,False,dwarf
15.04030859365,-33.85899708413,,,simbad,,,,,,,,,1.38420708542969,-224.84290020417652,224.84716098158907,False,dwarf
14.799043269950001,-33.93495532784,,,simbad,,,,,,,,,-299.8633875896031,-338.85494462654077,452.482844663274,False,dwarf
14.877752606870002,-33.81170459844,,,simbad,,,,,,,,,-201.5856986868226,-153.857675744294,253.5921495245678,False,dwarf
14.838999999999995,-33.81322222222221,,,simbad,,,,,,,,,-249.9727997751367,-156.13560347961064,294.7282261700816,False,dwarf
14.765257050549998,-33.9240408656,,,simbad,,,,,,,,,-342.0493808824873,-322.472520639699,470.0918054272101,False,dwarf
15.020427469830002,-33.833685901959996,,,simbad,,,,,,,,,-23.43966995733187,-186.85124209044312,188.31570512957762,False,dwarf
14.91792172839,-33.97947488359001,,,simbad,,,,,,,,,-151.42991561558776,-405.67804795174345,433.01928124886206,False,dwarf
14.761752962909998,-33.84709807674,,,simbad,,,,,,,,,-346.42463861489614,-206.98269053014573,403.5490855132241,False,dwarf
14.732279393880004,-33.8317745864,,,simbad,,,,,,,,,-383.22579031216605,-183.98238962772862,425.10178316905893,False,dwarf
14.95500458806,-33.97368091757999,,,simbad,,,,,,,,,-105.12768656774605,-396.98140256012414,410.66539233503664,False,dwarf
14.744009798460004,-33.80298516003,,,simbad,,,,,,,,,-368.57902669898954,-140.76994555485612,394.5461652251756,False,dwarf
14.965916666666665,-33.91338888888889,,,simbad,,,,,,,,,-91.50269735358651,-306.48408301059413,319.851898168241,False,dwarf
14.999125,-33.80202777777778,,,simbad,,,,,,,,,-50.03826149345001,-139.33293091974264,148.04557829254023,False,dwarf
15.105625,-33.81641666666667,,,simbad,,,,,,,,,82.9392768484636,-160.93041078580805,181.0456317060288,False,dwarf
15.066625,-33.80444444444444,,,simbad,,,,,,,,,34.2432768922733,-142.9603068817995,147.00425625150856,False,dwarf
15.075083333333332,-33.80313888888889,,,simbad,,,,,,,,,44.80448201097608,-141.00068998275827,147.94808611092537,False,dwarf
14.870833333333334,-33.82,,,simbad,,,,,,,,,-210.22521006729545,-166.30893376403753,268.0546593468756,False,dwarf
14.83083333333333,-33.89666666666667,,,simbad,,,,,,,,,-260.16982540698655,-281.384309112193,383.23030603913367,False,dwarf
14.906250000000002,-33.911111111111104,,,simbad,,,,,,,,,-166.00341523528166,-303.0651769314059,345.55120508868396,False,dwarf
15.176250000000007,-33.91111111111112,,,simbad,,,,,,,,,171.12273830760762,-303.06517693142496,348.03949924451086,False,dwarf
15.05484460507,-33.87310668909999,,,simbad,,,,,,,,,19.534094559060154,-246.02117961202885,246.7954652499443,False,dwarf
14.512224971689998,-33.81854905782,,,simbad,,,,,,,,,-657.9891270640845,-164.13109399048608,678.150947318567,False,dwarf
15.021492179360003,-33.97124721148,,,simbad,,,,,,,,,-22.11025725922192,-393.3284506956414,393.9494048766955,False,dwarf
15.159493168369996,-33.85106028576,,,simbad,,,,,,,,,150.19990055578933,-212.92989953255437,260.5746577123583,False,dwarf
14.973238289029998,-33.79848558157,,,simbad,,,,,,,,,-82.36080703860847,-134.0161540740845,157.30108737341791,False,dwarf
14.82840389526,-33.87465568171,,,simbad,,,,,,,,,-263.20325915859087,-248.34619142953306,361.87261077519895,False,dwarf
15.162113654179999,-33.87371636129,,,simbad,,,,,,,,,153.471879450381,-246.93628730034712,290.7424079278973,False,dwarf
14.755605191930002,-33.90873785075,,,simbad,,,,,,,,,-354.1008400347071,-299.5029531028901,463.7773429466313,False,dwarf
14.677499632919996,-33.8092874094,,,simbad,,,,,,,,,-451.6246425508543,-150.22951570865172,475.9555915726203,False,dwarf
15.158868903390001,-33.80469296726,,,simbad,,,,,,,,,149.42043369839084,-143.33333544201344,207.05291849077608,False,dwarf
15.002086435929998,-33.82656189229999,,,simbad,,,,,,,,,-46.34056703402683,-176.15822358250566,182.15149708080685,False,dwarf
14.859597635230001,-33.86999746603999,,,simbad,,,,,,,,,-224.2542755633929,-241.35428816849847,329.4569357682196,False,dwarf
15.173994109409998,-33.98363581941,,,simbad,,,,,,,,,168.3059986134476,-411.923542533722,444.98080190363373,False,dwarf
15.08796436547,-33.941097635119995,,,simbad,,,,,,,,,60.887936892074244,-348.0744443971831,353.35981619502365,False,dwarf
14.67212602194,-33.86374656988,,,simbad,,,,,,,,,-458.3342158853788,-231.97179831798053,513.6936525460898,False,dwarf
14.856834784470001,-33.97263948189,,,simbad,,,,,,,,,-227.70401352462142,-395.4182251306497,456.294521707958,False,dwarf
14.849604234720001,-33.920976380489996,,,simbad,,,,,,,,,-236.7321891735773,-317.87278010557964,396.3397957850871,False,dwarf
14.990452175580002,-33.89029576312,,,simbad,,,,,,,,,-60.86728348258614,-271.8216901955921,278.55315015152485,False,dwarf
15.025625000000002,-33.80127777777777,,,simbad,,,,,,,,,-16.94995383090673,-138.2071935521949,139.24269921415532,False,dwarf
15.203119193519997,-33.9568930255,,,simbad,,,,,,,,,204.67202667869603,-371.78305931130785,424.39755147224906,False,dwarf
14.414208333333333,-33.9505,,,simbad,,,,,,,,,-780.3742095544029,-362.1872357153566,860.3275542796421,False,dwarf
14.70195530274,-33.96544214002,,,simbad,,,,,,,,,-421.0889169999928,-384.61513621066536,570.302269873245,False,dwarf
14.418461969180003,-33.62569612376,,,simbad,,,,,,,,,-775.0630544004795,125.33791175666553,785.1320464865272,False,dwarf
14.365583333333332,-33.85011111111111,,,simbad,,,,,,,,,-841.0881325767115,-211.50520437179287,867.2737158692944,False,dwarf
14.356679626630001,-33.72538898623,,,simbad,,,,,,,,,-852.2054377365937,-24.299395655529523,852.5517982721303,False,dwarf
14.360676796179998,-33.75700578114,,,simbad,,,,,,,,,-847.2145103460397,-71.7556722847501,850.2477892037804,False,dwarf
14.37624724292,-33.733825644709995,,,simbad,,,,,,,,,-827.7730110186275,-36.962677932955266,828.5978501847685,False,dwarf
14.365690877530831,-33.77931221124028,,,simbad,,,,,,,,,-840.9538512373092,-105.23724815171165,847.5129841538755,False,dwarf
14.379248057750003,-33.67773800988,,,simbad,,,,,,,,,-824.0261474588763,47.223917246854484,825.3782103109189,False,dwarf
14.420955457644167,-33.59453467332695,,,simbad,,,,,,,,,-771.9496463455617,172.11072399548777,790.9035072670299,False,dwarf
14.356542637159999,-33.67972990017665,,,simbad,,,,,,,,,-852.3764848962145,44.23412346155442,853.5234792801183,False,dwarf
14.33357371502875,-33.73772224145723,,,simbad,,,,,,,,,-881.0558344115244,-42.81140401906147,882.0953461302644,False,dwarf
14.341819293041247,-33.70355840154917,,,simbad,,,,,,,,,-870.760278859335,8.467944251646653,870.801452294974,False,dwarf
14.46330769544,-33.670232008953604,,,simbad,,,,,,,,,-719.0679907083685,58.49029821166596,721.4429223758868,False,dwarf
14.375625,-33.737944444444445,,,simbad,,,,,,,,,-828.54995310081,-43.14492696024619,829.672531488032,False,dwarf
14.48027607097,-33.78475551147,,,simbad,,,,,,,,,-697.881015988738,-113.40755011346593,707.0354905520737,False,dwarf
14.416740332699996,-33.40967788252001,,,simbad,,,,,,,,,-777.2127161941967,449.5776534011213,897.8750874434704,False,dwarf
14.379583333333333,-33.59666666666667,,,simbad,,,,,,,,,-823.6075172078193,168.91063790233508,840.7497523031465,False,dwarf
14.40125,-33.64611111111111,,,simbad,,,,,,,,,-796.5541838988255,94.69535959809616,802.1631872730989,False,dwarf
14.367363111322922,-33.55366506725111,,,simbad,,,,,,,,,-838.8658743997099,233.4553143369018,870.7452779226147,False,dwarf
14.325083333333334,-33.71552777777778,,,simbad,,,,,,,,,-891.6570556081432,-9.497887863879173,891.7076396945683,False,dwarf
15.1712031216,-33.70422907376,,,simbad,,,,,,,,,164.82112829874438,7.461276559519225,164.98992387891082,False,dwarf
15.159583333333336,-33.64683333333333,,,simbad,,,,,,,,,150.31248191606633,93.6113162071317,177.0788545868743,False,dwarf
15.18536135198,-33.796312164190006,,,simbad,,,,,,,,,182.49931255423672,-130.753891194197,224.50518734584483,False,dwarf
15.201357748870002,-33.783597473,,,simbad,,,,,,,,,202.47265979154108,-111.66935387517208,231.22547990643147,False,dwarf
15.171095007449999,-33.7091975244,,,simbad,,,,,,,,,164.68613530788093,0.003715833907236288,164.68613534980133,False,dwarf
15.183374999999998,-33.680194444444446,,,simbad,,,,,,,,,180.01912291497996,43.53685034005061,185.2089143443442,False,dwarf
15.1716894786,-33.776532619090005,,,simbad,,,,,,,,,165.4284011308129,-101.06512715161497,193.8574626545732,False,dwarf
15.205257139719999,-33.81896204122,,,simbad,,,,,,,,,207.34149919309624,-164.7509751178835,264.8270777128619,False,dwarf
15.214825817859996,-33.84858956756,,,simbad,,,,,,,,,219.28909791838146,-209.22139312935718,303.0862910275661,False,dwarf
15.16220465329,-33.79722718372,,,simbad,,,,,,,,,153.58550233901323,-132.12732009677873,202.59845814981827,False,dwarf
15.15055713668,-33.72382122175,,,simbad,,,,,,,,,139.0422339202851,-21.946207577343777,140.7635565072549,False,dwarf
15.227710586219999,-33.84929546336,,,simbad,,,,,,,,,235.37721790541468,-210.2809308355662,315.62716071650937,False,dwarf
15.22523277347,-33.77529682292,,,simbad,,,,,,,,,232.28338278835076,-99.21021791530049,252.58312940178902,False,dwarf
15.188537113849998,-33.78071564374,,,simbad,,,,,,,,,186.46461767942495,-107.34377669537842,215.1551534162298,False,dwarf
15.195827222009997,-33.769774928569994,,,simbad,,,,,,,,,195.5671588753222,-90.92194750278426,215.66945580741046,False,dwarf
15.170517932069997,-33.75141308158,,,simbad,,,,,,,,,163.9655901109752,-63.3611244446135,175.78210042927046,False,dwarf
15.17463486736,-33.75675491733,,,simbad,,,,,,,,,169.10605884691475,-71.37912993130536,183.5533691559116,False,dwarf
15.15092872156,-33.74930403385,,,simbad,,,,,,,,,139.50620051772594,-60.195479325187094,151.93905262993115,False,dwarf
15.358049443250001,-33.62525001093,,,simbad,,,,,,,,,398.12031985986005,126.00751960048152,417.585541034628,False,dwarf
15.210005104150001,-33.75078543755,,,simbad,,,,,,,,,213.26988062066974,-62.41904132717946,222.2165131131322,False,dwarf
15.22075344482,-33.70873719182,,,simbad,,,,,,,,,226.69042412824587,0.6946672829724054,226.6914884905872,False,dwarf
15.23986834339,-33.72315155066,,,simbad,,,,,,,,,250.5575805366408,-20.94104255071261,251.43116041470677,False,dwarf
15.160113009540003,-33.73057453343,,,simbad,,,,,,,,,150.9738437759814,-32.08281466107965,154.34509548758467,False,dwarf
15.141161232810001,-33.69993761147,,,simbad,,,,,,,,,127.31036380639077,13.902689174485339,128.06722257782405,False,dwarf
15.201319627060006,-33.68051933348,,,simbad,,,,,,,,,202.4250603131321,43.04919736988077,206.95201964940114,False,dwarf
15.21635481316,-33.64029903217,,,simbad,,,,,,,,,221.19822497125455,103.41919219420204,244.18063814425386,False,dwarf
15.200633426909999,-33.64402371023,,,simbad,,,,,,,,,201.56826024967998,97.82851316195229,224.05397012229216,False,dwarf
15.20175149405,-33.62937583917,,,simbad,,,,,,,,,202.96429608046276,119.81472090474998,235.69062948899958,False,dwarf
15.20937110065,-33.62759858592,,,simbad,,,,,,,,,212.47825409738113,122.48234809822245,245.252796232633,False,dwarf
15.33059177879,-33.64653020198,,,simbad,,,,,,,,,363.83625762033495,94.06631126276066,375.79953868219866,False,dwarf
15.312441609130001,-33.63567353029,,,simbad,,,,,,,,,341.17367656987045,110.3619926074384,358.5794849074426,False,dwarf
15.26080522328,-33.632550515450006,,,simbad,,,,,,,,,276.69969084962094,115.04958528043852,299.6650229664395,False,dwarf
15.149700523309997,-33.70983519911999,,,simbad,,,,,,,,,137.97265328879473,-0.9534231802676985,137.97594743762636,False,dwarf
15.156253951359995,-33.64202696861,,,simbad,,,,,,,,,146.1553643666316,100.8255887018885,177.55897575235457,False,dwarf
15.251347375839996,-33.80104049369,,,simbad,,,,,,,,,264.8904770413108,-137.8510341330963,298.6132489336957,False,dwarf
15.195130797510002,-33.749795851109994,,,simbad,,,,,,,,,194.69759253118667,-60.93368874861271,204.0099678004798,False,dwarf
15.14870993292,-33.73313868524999,,,simbad,,,,,,,,,136.73578688910425,-35.931563354137495,141.37804872488135,False,dwarf
15.129916666666668,-33.63383333333333,,,simbad,,,,,,,,,113.27022553912961,113.12409724443472,160.08499420949366,False,dwarf
15.293250945250003,-33.63729229929001,,,simbad,,,,,,,,,317.2119184298768,107.93224760380849,335.07129281210086,False,dwarf
15.233788081455835,-33.875666704065004,,,simbad,,,,,,,,,242.96567194997957,-249.86371895545355,348.5171384542731,False,dwarf
15.17413315811,-33.86136826167,,,simbad,,,,,,,,,168.47961695932298,-228.4019977532956,283.81834667346055,False,dwarf
15.285410203460003,-33.83468318813,,,simbad,,,,,,,,,307.4218476128921,-188.34815183404552,360.5318553041117,False,dwarf
15.135833333333334,-33.64222222222222,,,simbad,,,,,,,,,120.65786655812548,100.53251631865567,157.0512897104611,False,dwarf
15.141671533099997,-33.68781863452,,,simbad,,,,,,,,,127.94753259868104,32.09306945305257,131.91109204691242,False,dwarf
15.197303629439999,-33.63520434999,,,simbad,,,,,,,,,197.4106239047252,111.0662243352003,226.50973625548616,False,dwarf
15.158201782011245,-33.62276567099806,,,simbad,,,,,,,,,148.58745568222062,129.7364719938885,197.25563148244183,False,dwarf
15.158468830770001,-33.68476592047,,,simbad,,,,,,,,,148.92089687054516,36.675141824365376,153.37046505949203,False,dwarf
15.161950707244587,-33.82734759622111,,,simbad,,,,,,,,,153.26842140013338,-177.33755193426038,234.392440843397,False,dwarf
15.162348099352918,-33.674424012122216,,,simbad,,,,,,,,,153.7646112998737,52.1981720626814,162.3828958199925,False,dwarf
15.166502780029997,-33.806475380790005,,,simbad,,,,,,,,,158.95220950677208,-146.00870812884304,215.83407459559865,False,dwarf
15.167236156579996,-33.74469486894001,,,simbad,,,,,,,,,159.86791474899186,-53.27720042876783,168.51175107902128,False,dwarf
15.181974272014166,-33.71739341722889,,,simbad,,,,,,,,,178.27015240378046,-12.298181256501506,178.69385132198835,False,dwarf
15.184170556560003,-33.80593348299,,,simbad,,,,,,,,,181.0124670742392,-145.19532865837382,232.0499875038043,False,dwarf
15.188002728169998,-33.87453893839999,,,simbad,,,,,,,,,185.79737549866115,-248.1709616875456,310.0153076335292,False,dwarf
15.192599963359998,-33.70946264359,,,simbad,,,,,,,,,191.53755407842547,-0.3942236048142256,191.53795977454797,False,dwarf
15.19985879023,-33.70227598556,,,simbad,,,,,,,,,200.60103697441633,10.392829051288466,200.87007475206568,False,dwarf
15.200866104850002,-33.814315245050004,,,simbad,,,,,,,,,201.8587855049664,-157.77621233404005,256.2036347595719,False,dwarf
15.207543803170003,-33.738343477680004,,,simbad,,,,,,,,,210.19666235364105,-43.74386912578543,214.70016988978938,False,dwarf
15.209884285289997,-33.87103200649,,,simbad,,,,,,,,,213.11902433345185,-242.90711595890158,323.146384037194,False,dwarf
15.227618138800004,-33.7094708003,,,simbad,,,,,,,,,235.26178663464412,-0.40646668912902584,235.26213776486472,False,dwarf
15.230552451778332,-33.67660023705306,,,simbad,,,,,,,,,238.92561495936513,48.93169509626571,243.8847274199529,False,dwarf
15.24300851855,-33.85407674567,,,simbad,,,,,,,,,254.47845154827561,-217.45755505036922,334.7343283126074,False,dwarf
15.262035688479997,-33.64784177144,,,simbad,,,,,,,,,278.23606862719055,92.0976675944365,293.08239500428886,False,dwarf
15.304997672520004,-33.64293702255,,,simbad,,,,,,,,,331.87906280488767,99.45961306623997,346.462013732439,False,dwarf
15.333753559589999,-33.69596477634,,,simbad,,,,,,,,,367.78410576644575,19.86584778901812,368.32024158712835,False,dwarf
15.441007165637915,-33.61961791276917,,,simbad,,,,,,,,,501.7026082128815,134.46120407686024,519.4086276616968,False,dwarf
15.3595,-33.69788888888888,,,simbad,,,,,,,,,399.9315073325368,16.97778726152155,400.2917134010801,False,dwarf
15.192153732019994,-33.74526630128,,,simbad,,,,,,,,,190.9803827627014,-54.13491074628829,198.5046477080487,False,dwarf
15.249744629629998,-33.74838664665,,,simbad,,,,,,,,,262.88926346767283,-58.81849658978888,269.3889017529462,False,dwarf
15.32405453234,-33.7736013089,,,simbad,,,,,,,,,355.6737511371875,-96.66527992930773,368.57562804912834,False,dwarf
15.194958333333336,-33.69738888888888,,,simbad,,,,,,,,,194.48225110709944,17.728278839877156,195.28860147563483,False,dwarf
15.169083333333331,-33.64383333333333,,,simbad,,,,,,,,,162.17432805923474,98.11426567727489,189.54398384241895,False,dwarf
15.137916666666667,-33.69808333333334,,,simbad,,,,,,,,,123.25914860706862,16.685929425476864,124.38343119616624,False,dwarf
15.177583333333335,-33.73188888888889,,,simbad,,,,,,,,,172.78755881892218,-34.05564006680284,176.11168928541375,False,dwarf
15.294257130499998,-33.65891047411999,,,simbad,,,,,,,,,318.4682568116624,75.48373130508578,327.2916501965752,False,dwarf
15.166344522629998,-33.77877880745,,,simbad,,,,,,,,,158.75460688258244,-104.43661804678372,190.02639920677623,False,dwarf
15.16591572888,-33.81126513184,,,simbad,,,,,,,,,158.21920840998828,-153.19804377974887,220.2338723444356,False,dwarf
15.271426480679999,-33.76693278045,,,simbad,,,,,,,,,289.9615562312906,-86.6559310457844,302.6333664312044,False,dwarf
15.172375,-33.68625,,,simbad,,,,,,,,,166.28435369656626,34.44756344660726,169.81496080055132,False,dwarf
15.168291666666667,-33.754,,,simbad,,,,,,,,,161.18584088064134,-67.24404542083029,174.65004135401205,False,dwarf
15.235833333333332,-33.724944444444446,,,simbad,,,,,,,,,245.5194049073374,-23.63214592295271,246.6541232312503,False,dwarf
15.34125,-33.70666666666667,,,simbad,,,,,,,,,377.1442765838047,3.80249066367222,377.1634450674783,False,dwarf
15.209999999999999,-33.808611111111105,,,simbad,,,,,,,,,213.26350750045737,-149.21440336810576,260.281120721226,False,dwarf
15.2010058478,-33.72468224623,,,simbad,,,,,,,,,202.0332707020679,-23.238590819351312,203.36537211099704,False,dwarf
15.3723356464,-33.64384284799999,,,simbad,,,,,,,,,415.95829288464193,98.09998432288158,427.36975600018206,False,dwarf
15.150323113650002,-33.68178132864001,,,simbad,,,,,,,,,138.75002916493744,41.15496389085504,144.72491715709694,False,dwarf
15.343267947939996,-33.80158024176999,,,simbad,,,,,,,,,379.66391742477043,-138.66118691002316,404.1925468753961,False,dwarf
15.270833333333332,-33.79333333333333,,,simbad,,,,,,,,,289.2209433295642,-126.28271625162401,315.58846380108884,False,dwarf
15.182987720149999,-33.76419774333,,,simbad,,,,,,,,,179.5355593365534,-82.55068639567442,197.6047390390374,False,dwarf
15.148973499517085,-33.61989294140389,,,simbad,,,,,,,,,137.0648801968006,134.04839072853437,191.7178980697241,False,dwarf
15.187000000000001,-33.73269444444445,,,simbad,,,,,,,,,184.54535368014112,-35.26476538749801,187.88451570782425,False,dwarf
15.170166666666665,-33.85425000000001,,,simbad,,,,,,,,,163.526994724685,-217.7176068815445,272.29034935141186,False,dwarf
15.186201259920002,-33.790082682610006,,,simbad,,,,,,,,,183.5480345288421,-121.40354426755451,220.06522110530113,False,dwarf
15.163521931829997,-33.75881278784,,,simbad,,,,,,,,,155.23027658839737,-74.46795890551971,172.1682771978175,False,dwarf
15.246245426410002,-33.72417891012,,,simbad,,,,,,,,,258.52010449722144,-22.483091796076103,259.4959225998842,False,dwarf
15.178624999999998,-33.669194444444436,,,simbad,,,,,,,,,174.08819984339178,60.04766506393122,184.1532606399973,False,dwarf
15.215888852840003,-33.84222350444,,,simbad,,,,,,,,,220.61641974760718,-199.6660396116561,297.55357842992885,False,dwarf
15.409713111739997,-33.792372266650005,,,simbad,,,,,,,,,462.62837110410777,-124.84017134747938,479.1764582411244,False,dwarf
15.176375,-33.78047222222222,,,simbad,,,,,,,,,171.27881523053776,-106.97840509720868,201.94259507077544,False,dwarf
15.147666666666664,-33.63736111111111,,,simbad,,,,,,,,,135.43314859611323,107.82896221935268,173.11621192701588,False,dwarf
15.187416666666666,-33.758972222222226,,,simbad,,,,,,,,,185.06561008992813,-74.70726722784127,199.5756894378907,False,dwarf
15.149083333333333,-33.668527777777776,,,simbad,,,,,,,,,137.20202038939712,61.04832050172915,150.17087545531052,False,dwarf
15.172749999999999,-33.74333333333333,,,simbad,,,,,,,,,166.7525844653766,-51.233558415872515,174.4456990981296,False,dwarf
15.199416666666668,-33.69266666666666,,,simbad,,,,,,,,,200.0489946918347,24.81625485769601,201.5823573192253,False,dwarf
15.163166666666667,-33.753972222222224,,,simbad,,,,,,,,,154.78668704024284,-67.20235144426611,168.74559112620614,False,dwarf
15.312916666666665,-33.65999999999999,,,simbad,,,,,,,,,341.7668407181905,73.8483713103959,349.654336966798,False,dwarf
15.139166666666668,-33.683055555555555,,,simbad,,,,,,,,,124.81991783643373,39.24237075278558,130.84332444184207,False,dwarf
15.314583333333333,-33.770833333333336,,,simbad,,,,,,,,,343.8478663573466,-92.51059522554539,356.0752243943468,False,dwarf
15.324999999999994,-33.63055555555555,,,simbad,,,,,,,,,356.85427660205045,118.04398648033421,375.8714640317113,False,dwarf
15.2469481354,-33.81925043563,,,simbad,,,,,,,,,259.39751775224966,-165.18385026979576,307.5268713559564,False,dwarf
15.331768554530004,-33.73590738623,,,simbad,,,,,,,,,365.305597912227,-40.08733689110788,367.4985366569924,False,dwarf
15.20324442683,-33.75358342222,,,simbad,,,,,,,,,204.8283949160919,-66.61876918958897,215.3897206744979,False,dwarf
15.18223609698,-33.74341655027,,,simbad,,,,,,,,,178.59707108390327,-51.35846563616675,185.83488852271557,False,dwarf
15.248142902289999,-33.790726962049995,,,simbad,,,,,,,,,260.88932207079,-122.37059685519247,288.16280354211654,False,dwarf
15.445574465210003,-33.66776397180999,,,simbad,,,,,,,,,507.4054087196062,62.1947803943752,511.2029337809156,False,dwarf
15.19828767193,-33.65731454856,,,simbad,,,,,,,,,198.63931449575034,77.87918869000121,213.36059920790066,False,dwarf
15.16521182805,-33.69442438369,,,simbad,,,,,,,,,157.34030700519696,22.17795121139332,158.89566931928817,False,dwarf
15.19380171854,-33.81460950772,,,simbad,,,,,,,,,193.03808408336587,-158.21789564535015,249.59287732028642,False,dwarf
15.2094137036,-33.70604813325,,,simbad,,,,,,,,,212.5314487961332,4.730898903962943,212.58409661078343,False,dwarf
15.190173116269994,-33.88279185905999,,,simbad,,,,,,,,,188.50735546846448,-260.55845659191345,321.59871325500364,False,dwarf
15.27875,-33.765,,,simbad,,,,,,,,,299.1058151155458,-83.75486014470135,310.61095478716385,False,dwarf
15.164708333333333,-33.76566666666667,,,simbad,,,,,,,,,156.71163575646085,-84.75551558251837,178.1629428448132,False,dwarf
15.156666666666666,-33.65247222222222,,,simbad,,,,,,,,,146.6706870475451,85.1474389623228,169.59474284552985,False,dwarf
15.187083333333334,-33.70455555555556,,,simbad,,,,,,,,,184.64940496209852,6.971232883408618,184.78095367426744,False,dwarf
15.234124999999997,-33.637944444444436,,,simbad,,,,,,,,,243.38635362720458,106.9533887112759,265.84947712713665,False,dwarf
15.150829787809998,-33.761319362479995,,,simbad,,,,,,,,,139.38267031552886,-78.23028522120579,159.8358730388101,False,dwarf
15.13524201571,-33.67799593207,,,simbad,,,,,,,,,119.91953827709959,46.83678038392647,128.74152266197925,False,dwarf
14.9435,-34.10494444444444,,,simbad,,,,,,,,,-119.49249220020091,-594.0057454746927,605.9053402546973,False,dwarf
14.661125,-34.14252777777778,,,simbad,,,,,,,,,-472.0702611137991,-650.4176957812371,803.6750029790801,False,dwarf
14.632000000000001,-34.12083333333334,,,simbad,,,,,,,,,-508.4361841580067,-617.8547000758441,800.1573493800865,False,dwarf
15.137562180969999,-34.211543747380006,,,simbad,,,,,,,,,122.81653231297932,-754.0095036985446,763.9464852181143,False,dwarf
14.97331288455,-34.02668448451,,,simbad,,,,,,,,,-82.26766592479576,-476.53886376789444,483.58790052885905,False,dwarf
15.01747053225,-34.02081625758,,,simbad,,,,,,,,,-27.13174770774857,-467.7307539861868,468.5170113861008,False,dwarf
15.13314332453,-33.99781506464999,,,simbad,,,,,,,,,117.29908018455362,-433.20635081388394,448.8059899306428,False,dwarf
15.09165979818,-34.00609607609999,,,simbad,,,,,,,,,65.50211102244118,-445.63600952089797,450.42422174002377,False,dwarf
15.09456906129,-34.00351950571,,,simbad,,,,,,,,,69.1346616962142,-441.76862076343014,447.14551964553254,False,dwarf
14.906227709840001,-34.00343463778,,,simbad,,,,,,,,,-166.03124707195934,-441.6412354299586,471.81919824904344,False,dwarf
14.748950265338335,-34.24791265863389,,,simbad,,,,,,,,,-362.4102837530734,-808.5986269186909,886.09985510933,False,dwarf
14.951394548971665,-34.252428712091664,,,simbad,,,,,,,,,-109.63523690844646,-815.3771470936404,822.7148820670106,False,dwarf
14.897015682157498,-34.2566815652225,,,simbad,,,,,,,,,-177.53352654948708,-821.7606080110005,840.7191266574745,False,dwarf
15.131738349500006,-34.0504577881,,,simbad,,,,,,,,,115.54480674867914,-512.2221920359509,525.0925407780081,False,dwarf
14.66770937719583,-34.14302798717,,,simbad,,,,,,,,,-463.84890645636915,-651.1685016537949,799.4849751976692,False,dwarf
14.566196069249584,-34.025051952798606,,,simbad,,,,,,,,,-590.5999843872295,-474.0884611662881,757.3428619649193,False,dwarf
14.782448295855417,-34.063830199173616,,,simbad,,,,,,,,,-320.58412753275496,-532.2939558221251,621.3783374327626,False,dwarf
14.694088663723331,-34.011960510661666,,,simbad,,,,,,,,,-430.91132349258453,-454.4384270216277,626.2578164526349,False,dwarf
14.89307284794,-34.023742115660006,,,simbad,,,,,,,,,-182.45661000801545,-472.12241768321127,506.1521429517588,False,dwarf
15.009956840716667,-34.22103062781889,,,simbad,,,,,,,,,-36.51345854308235,-768.2491514470811,769.1163704888471,False,dwarf
14.673502590773754,-34.14092180550583,,,simbad,,,,,,,,,-456.6154108631192,-648.007158450896,792.7237292028666,False,dwarf
14.92551666980833,-34.14047792976583,,,simbad,,,,,,,,,-141.94675492393907,-647.3409084414767,662.7210068914922,False,dwarf
14.828340528240831,-34.02449051169082,,,simbad,,,,,,,,,-263.28238019352887,-473.24574752001183,541.5525360167236,False,dwarf
15.17721570237084,-34.123204959553604,,,simbad,,,,,,,,,172.32852914370451,-621.4144710864817,644.8667047014635,False,dwarf
14.95375,-34.02611111111111,,,simbad,,,,,,,,,-106.69418451940788,-475.6782399536534,487.49711483830026,False,dwarf
14.67289643416042,-34.14010878782723,,,simbad,,,,,,,,,-457.3722673353346,-646.7868326092055,792.1632393415597,False,dwarf
14.7,-34.11666666666667,,,simbad,,,,,,,,,-423.5303380805429,-611.6006035895188,743.9309414090011,False,dwarf
14.701249999999998,-34.01888888888889,,,simbad,,,,,,,,,-421.9695688511778,-464.837806044047,627.7997315739248,False,dwarf
14.883966507929165,-34.01163550981167,,,simbad,,,,,,,,,-193.82692623285442,-453.95060621986414,493.599058163869,False,dwarf
15.139693437389997,-34.16270860244,,,simbad,,,,,,,,,125.47765186515653,-680.7087736878572,692.1770551623478,False,dwarf
15.006768598030002,-34.00341950098,,,simbad,,,,,,,,,-40.49434740796011,-441.6185153481067,443.4712000460261,False,dwarf
15.06285651934,-34.05866939528,,,simbad,,,,,,,,,29.53789396780348,-524.5476761027006,525.3786745622598,False,dwarf
14.783583,-34.019154,,,simbad,,,,,,,,,-319.167318482115,-465.2357333564829,564.191514274017,False,dwarf
14.783376237070003,-34.01913364476,,,simbad,,,,,,,,,-319.4254858572465,-465.20518048408667,564.3124143277105,False,dwarf
15.10931584976,-34.18905532603,,,simbad,,,,,,,,,87.54772863695844,-720.2547620310802,725.5560123229209,False,dwarf
15.207999999999997,-34.20241666666667,,,simbad,,,,,,,,,210.7662767334716,-740.3099092778535,769.7279942830935,False,dwarf
14.765225598199999,-34.04060675056001,,,simbad,,,,,,,,,-342.088652770543,-497.4359506122621,603.7111654722728,False,dwarf
14.846025523046247,-34.16085725412667,,,simbad,,,,,,,,,-241.20062362250854,-677.9299310523281,719.5600963453305,False,dwarf
14.9085262394,-34.00279397996,,,simbad,,,,,,,,,-163.16126770393151,-440.67961883291787,469.9150196934333,False,dwarf
14.662458333333333,-34.088944444444444,,,simbad,,,,,,,,,-470.4054406024766,-569.9900149672561,739.0330816078418,False,dwarf
15.16925,-34.26336111111112,,,simbad,,,,,,,,,162.38243062315354,-831.7864938843192,847.4885398537563,False,dwarf
15.318700000000002,-34.23789,,,simbad,,,,,,,,,348.98799968605766,-793.5547851237142,866.9035822498486,False,dwarf
15.332264775942495,-34.241924999855556,,,simbad,,,,,,,,,365.9251876014808,-799.6112519442562,879.3630633345022,False,dwarf
15.326674807650004,-34.24439340341001,,,simbad,,,,,,,,,358.9454671982421,-803.3162841034654,879.8630011132209,False,dwarf
15.17008513093458,-34.262058050251106,,,simbad,,,,,,,,,163.42518795530248,-829.8306214812712,845.769857825531,False,dwarf
15.355131305400002,-34.17250306426,,,simbad,,,,,,,,,394.4766880491994,-695.4100959087655,799.5042582163674,False,dwarf
15.633397591379998,-33.64798743457,,,simbad,,,,,,,,,741.9242534310513,91.87902968975625,747.5917026866697,False,dwarf
15.266491688597913,-33.946866964911386,,,simbad,,,,,,,,,283.79989892326165,-356.73411123959454,455.8526173564839,False,dwarf
15.277922614130002,-33.91304100504,,,simbad,,,,,,,,,298.0727283901808,-305.96191521292207,427.15342088145076,False,dwarf
15.422965176780002,-33.67567490903001,,,simbad,,,,,,,,,479.1751033760958,50.32059687330448,481.81006855936266,False,dwarf
15.5306,-33.904,,,simbad,,,,,,,,,613.5695994480456,-292.39151892811344,679.6767273549422,False,dwarf
15.220685644709999,-33.68895985349,,,simbad,,,,,,,,,226.60576786789449,30.38011900095561,228.6331683319599,False,dwarf
15.289210685790005,-33.84177725211999,,,simbad,,,,,,,,,312.1671883148219,-198.99622239568026,370.19974336583823,False,dwarf
15.252,-33.737638888888895,,,simbad,,,,,,,,,265.70535360713023,-42.68629321792572,269.1123456182879,False,dwarf
15.487202886402914,-34.15143288582111,,,simbad,,,,,,,,,559.3832958115669,-663.7841129630033,868.0547334443215,False,dwarf
15.21250008122,-33.66732219865,,,simbad,,,,,,,,,216.38514737173205,62.857874466616614,225.33007874127043,False,dwarf
15.633337992880001,-34.02908451436001,,,simbad,,,,,,,,,741.8498378271217,-480.14126814836857,883.6723483640587,False,dwarf
15.267005499369997,-33.67207527672,,,simbad,,,,,,,,,284.441450957491,55.72358434098557,289.848334262265,False,dwarf
15.31221649114,-33.79072912704,,,simbad,,,,,,,,,340.8925907844518,-122.37384646873161,362.19209923918606,False,dwarf
15.529083333333336,-33.73983333333333,,,simbad,,,,,,,,,611.6758661164191,-45.98011736736418,613.4016110040698,False,dwarf
15.388166666666669,-33.76011111111111,,,simbad,,,,,,,,,435.72514832598057,-76.41672026742108,442.375315789802,False,dwarf
15.344375,-33.65386111111111,,,simbad,,,,,,,,,381.0461996572174,83.06274013355086,389.99439107723305,False,dwarf
15.25119688206,-33.90662646155,,,simbad,,,,,,,,,264.7025681924876,-296.3337934764114,397.3426314452289,False,dwarf
15.278333333333329,-34.01611111111111,,,simbad,,,,,,,,,298.58555870575077,-460.6684083864936,548.9705988055923,False,dwarf
15.318333333333333,-33.68611111111111,,,simbad,,,,,,,,,348.53017404544187,34.65603332949496,350.2489441329996,False,dwarf
15.440978399309998,-34.02551150663,,,simbad,,,,,,,,,501.6666901333173,-474.77824372680556,690.7125659097478,False,dwarf
15.426912275789997,-34.01109024108,,,simbad,,,,,,,,,484.1035119201429,-453.1321670377495,663.087453551749,False,dwarf
15.684951713160002,-33.94891521980999,,,simbad,,,,,,,,,806.2955229679918,-359.8085073430559,882.9352367612618,False,dwarf
15.626196016799996,-33.961250109789994,,,simbad,,,,,,,,,732.9322566250944,-378.3229694429757,824.8138953786508,False,dwarf
15.291886738709996,-34.02414431816,,,simbad,,,,,,,,,315.5085491577633,-472.72611686128084,568.3446367780575,False,dwarf
15.279784901339998,-33.98950753081,,,simbad,,,,,,,,,300.3980088490633,-420.73688244622144,516.9704904257568,False,dwarf
15.328506445780002,-33.97423659077,,,simbad,,,,,,,,,361.2324787443481,-397.8154586589644,537.3509494248876,False,dwarf
15.32562002984,-33.92997297893,,,simbad,,,,,,,,,357.6284553985044,-331.37652283175913,487.5535990994092,False,dwarf
15.35330377684,-33.89942858597001,,,simbad,,,,,,,,,392.1948077754117,-285.529903466714,485.1227607726761,False,dwarf
15.30811543196,-33.905233234110014,,,simbad,,,,,,,,,335.7719452036923,-294.2425825555246,446.4543611331578,False,dwarf
15.276950441179999,-33.91586302950001,,,simbad,,,,,,,,,296.8588582893925,-310.19772639523825,429.3574399095196,False,dwarf
15.34809182936,-33.87624041496,,,simbad,,,,,,,,,385.68708997392883,-250.7248493456653,460.0190011857815,False,dwarf
15.33151240427,-33.845644280449996,,,simbad,,,,,,,,,364.98576475709945,-204.80056678556014,418.51867417238554,False,dwarf
15.372580441800002,-33.85673005879,,,simbad,,,,,,,,,416.2639481868922,-221.44013335297808,471.4991062764853,False,dwarf
15.36626342426,-33.794809786710005,,,simbad,,,,,,,,,408.3764229086551,-128.49884790168642,428.1159383855377,False,dwarf
15.34573036828,-33.8169466641,,,simbad,,,,,,,,,382.73853334192273,-161.72592800634368,415.50458564766666,False,dwarf
15.2719917345,-33.84931216834,,,simbad,,,,,,,,,290.6673408465217,-210.30600472917249,358.77028675732714,False,dwarf
15.25849220069,-33.81943000099,,,simbad,,,,,,,,,273.811615261383,-165.45337485068768,319.9181456271741,False,dwarf
15.342934353910003,-33.80580541257,,,simbad,,,,,,,,,379.24738678707917,-145.00309711508507,406.0227562068353,False,dwarf
15.317285731739997,-33.78036571261,,,simbad,,,,,,,,,347.22212258023217,-106.8185359632341,363.2814364022066,False,dwarf
15.322171953940002,-33.77697109602,,,simbad,,,,,,,,,353.323134786318,-101.72327363813838,367.67494064035725,False,dwarf
15.332706841020002,-33.75546525236,,,simbad,,,,,,,,,366.47715685775916,-69.4433645335304,372.998508544315,False,dwarf
15.247708088190004,-33.82088479291999,,,simbad,,,,,,,,,260.3464064965781,-167.63699303412105,309.64885404148265,False,dwarf
15.254228308579998,-33.79739854012,,,simbad,,,,,,,,,268.4876539792823,-132.38452316698647,299.35143613059415,False,dwarf
15.295974555629998,-33.761347844,,,simbad,,,,,,,,,320.61266024897753,-78.2730355030068,330.0290078141333,False,dwarf
15.31824444489,-33.71563719014,,,simbad,,,,,,,,,348.4191865676835,-9.662113976718345,348.5531322696517,False,dwarf
15.333968350510002,-33.73222730183,,,simbad,,,,,,,,,368.0522970133945,-34.563592191422245,369.67165869459194,False,dwarf
15.2881132096,-33.69796413166001,,,simbad,,,,,,,,,310.79686266096763,16.86484912939723,311.25409712332737,False,dwarf
15.302256112499999,-33.70692511219,,,simbad,,,,,,,,,328.45590878914084,3.414568286225217,328.4736569271297,False,dwarf
15.470116777830002,-33.72134999621001,,,simbad,,,,,,,,,538.049317803411,-18.23693966537543,538.3582955217413,False,dwarf
15.364505996430001,-33.729009205829996,,,simbad,,,,,,,,,406.1820714847419,-29.733284298729235,407.2688834060676,False,dwarf
15.342083523430002,-33.7203062181,,,simbad,,,,,,,,,378.1850267610063,-16.67024630290537,378.5522573939067,False,dwarf
15.319480658649997,-33.71070595142001,,,simbad,,,,,,,,,349.9627420856995,-2.2604077162682312,349.97004199100473,False,dwarf
15.30808744445,-33.6947896934,,,simbad,,,,,,,,,335.73699956816154,21.629627489702983,336.43301512243863,False,dwarf
15.33699372845,-33.67612020885001,,,simbad,,,,,,,,,371.8298304501564,49.652209343791,375.1303302924354,False,dwarf
15.36439506249,-33.67076330143,,,simbad,,,,,,,,,406.0435576607064,57.692837153302754,410.1217309245646,False,dwarf
15.40890773218,-33.64877009519,,,simbad,,,,,,,,,461.62276179594545,90.70426928170461,470.4496133211762,False,dwarf
15.274359239530003,-33.67600266243,,,simbad,,,,,,,,,293.62344404747904,49.82864454035063,297.82145777467355,False,dwarf
15.216317539260002,-33.67677657182,,,simbad,,,,,,,,,221.15168420631275,48.667019581138504,226.44325165965887,False,dwarf
15.284587316699998,-33.6532381902,,,simbad,,,,,,,,,306.3943785454773,83.99773392909849,317.6997552871152,False,dwarf
15.285833333333331,-34.11388888888889,,,simbad,,,,,,,,,307.95017408194536,-607.4312059319749,681.0330239107893,False,dwarf
15.272810946740002,-33.86156284528,,,simbad,,,,,,,,,291.69022185173264,-228.6940644744704,370.6536936950261,False,dwarf
15.403333333333327,-34.09138888888889,,,simbad,,,,,,,,,454.6624816422687,-573.6590849058962,731.9854629076841,False,dwarf
15.268055374570002,-33.720993203899994,,,simbad,,,,,,,,,285.7523412829621,-17.701400417598823,286.30008754004706,False,dwarf
15.4470679892,-34.13601661963,,,simbad,,,,,,,,,509.2702457491316,-640.6445570707147,818.4018766533427,False,dwarf
15.374402162877919,-34.176072823205836,,,simbad,,,,,,,,,418.53857714921236,-700.7682439600007,816.2417976953094,False,dwarf
15.48425051169,-34.08646817639001,,,simbad,,,,,,,,,555.6969153271884,-566.2731783260313,793.387909030392,False,dwarf
15.325175336979576,-34.21069533654084,,,simbad,,,,,,,,,357.0732050520524,-752.7360533189762,833.1343467486944,False,dwarf
15.361624637118334,-34.151004599324445,,,simbad,,,,,,,,,402.58436192282716,-663.1412621452641,775.7773533846059,False,dwarf
15.293917092940832,-34.1258699380625,,,simbad,,,,,,,,,318.0436806843225,-625.4145589413484,701.6374800130283,False,dwarf
15.472323916420835,-33.998315189190286,,,simbad,,,,,,,,,540.8051850014256,-433.9570293251307,693.3894659029069,False,dwarf
15.707260498430836,-33.837264718401116,,,simbad,,,,,,,,,834.150615444178,-192.2229852895434,856.0122226461051,False,dwarf
15.69746473366042,-33.807519786054996,,,simbad,,,,,,,,,821.919472858766,-147.5763428403809,835.0631094896801,False,dwarf
15.444031966944166,-33.836881533831665,,,simbad,,,,,,,,,505.47942165587307,-191.6478317048822,540.5907297713667,False,dwarf
15.694926579627918,-33.666640861786945,,,simbad,,,,,,,,,818.7502946881115,63.88054962210443,821.238558320231,False,dwarf
15.25839913322,-33.86166441554,,,simbad,,,,,,,,,273.6954097866356,-228.8465197239524,356.76309636513656,False,dwarf
15.264827352459998,-33.80499703262,,,simbad,,,,,,,,,281.72178321815795,-143.78973242591053,316.2951948587486,False,dwarf
15.28092487586,-33.74906878017,,,simbad,,,,,,,,,301.82139857152623,-59.84236751394434,307.6967103908426,False,dwarf
15.29286656281,-33.64386958405,,,simbad,,,,,,,,,316.7319726021437,98.05985396214179,331.5642885286678,False,dwarf
15.29415372397,-33.9028507306,,,simbad,,,,,,,,,318.3391418275534,-290.66648491617707,431.07634436724703,False,dwarf
15.294379972089997,-33.85665599533,,,simbad,,,,,,,,,318.62163871066815,-221.32896534699276,387.95136235904863,False,dwarf
15.298023861019999,-33.85464244562,,,simbad,,,,,,,,,323.1714544844061,-218.30666114707475,389.9969067758747,False,dwarf
15.338321472920002,-33.69814331916,,,simbad,,,,,,,,,373.48767262074534,16.59589171000686,373.8562092854836,False,dwarf
15.30910310785,-33.73309877876,,,simbad,,,,,,,,,337.0051725138508,-35.87166438482381,338.90892966522404,False,dwarf
15.32197419664,-33.65461286914,,,simbad,,,,,,,,,353.07621197933736,81.93436399425823,362.4583444601898,False,dwarf
15.331838564249999,-33.8241805412,,,simbad,,,,,,,,,365.3930131256062,-172.58385569119005,404.1005336376666,False,dwarf
15.344014136199997,-33.7405975211,,,simbad,,,,,,,,,380.59561956518814,-47.12715033370674,383.50227369702156,False,dwarf
15.346667391510001,-33.84770828378,,,simbad,,,,,,,,,383.9085149615918,-207.8986010192976,436.5862757414573,False,dwarf
15.35290542645208,-33.740844658609724,,,simbad,,,,,,,,,391.6974213530336,-47.498099573198836,394.56677426980775,False,dwarf
15.3840169136,-33.72300787395,,,simbad,,,,,,,,,430.54370280924496,-20.725386229003995,431.04225043844235,False,dwarf
15.401219052202915,-33.783601173152775,,,simbad,,,,,,,,,452.02255769780936,-111.67490774215949,465.6132275686433,False,dwarf
15.434297342459999,-33.70342227834999,,,simbad,,,,,,,,,493.3246197724218,8.672262880849546,493.4008397004195,False,dwarf
15.44783540055,-33.79099122739,,,simbad,,,,,,,,,510.22844736620766,-122.7672546794476,524.7903079547671,False,dwarf
15.484292646898748,-33.9774703212811,,,simbad,,,,,,,,,555.7495259970183,-402.66923368949193,686.29443200859,False,dwarf
15.511710081548339,-33.96062397214278,,,simbad,,,,,,,,,589.9833566763886,-377.38314738072387,700.3559102928452,False,dwarf
15.515146648234168,-33.790442271874994,,,simbad,,,,,,,,,594.274306706711,-121.94328169763446,606.6565054154868,False,dwarf
15.535293210482498,-33.86462873002917,,,simbad,,,,,,,,,619.4296142544582,-233.2959058434061,661.9063579530887,False,dwarf
15.576403495927083,-33.697694880064724,,,simbad,,,,,,,,,670.7605490803223,17.26899123883996,670.9828107045237,False,dwarf
15.404548779371668,-33.82349827936417,,,simbad,,,,,,,,,456.1801062635453,-171.55979216714857,487.37362632692253,False,dwarf
15.581646640330002,-33.95119449471999,,,simbad,,,,,,,,,677.3072198396754,-363.22966059249075,768.5576467520744,False,dwarf
15.514157113750002,-34.04124943766001,,,simbad,,,,,,,,,593.0387587272855,-498.4006131243988,774.6600160816203,False,dwarf
15.31101537254,-33.96177491022,,,simbad,,,,,,,,,339.3928556230939,-379.11068604905915,508.8343765161573,False,dwarf
15.264800355890001,-33.64682243962001,,,simbad,,,,,,,,,281.6880748855591,93.62766748734374,296.84054920420317,False,dwarf
15.511091881990001,-33.70593930179,,,simbad,,,,,,,,,589.2114631977792,4.894253092336154,589.2317897712238,False,dwarf
15.708854099869995,-33.6316571188,,,simbad,,,,,,,,,836.1404107162693,116.39055860435832,844.2023149488552,False,dwarf
15.64625,-33.655,,,simbad,,,,,,,,,757.9719685489129,81.3532870939615,762.3252996109381,False,dwarf
15.609061496829998,-33.926811611910004,,,simbad,,,,,,,,,711.5378314018018,-326.6313641825469,782.9266463620526,False,dwarf
15.677916666666668,-33.684999999999995,,,simbad,,,,,,,,,797.5114556928353,36.3237923925106,798.3382364982147,False,dwarf
15.594399999999997,-33.86563999999999,,,simbad,,,,,,,,,693.2312609148408,-234.8138050365003,731.9201487493699,False,dwarf
15.46829788119,-33.813900195349994,,,simbad,,,,,,,,,535.7782154777227,-157.15322972512723,558.350636959905,False,dwarf
15.259535761699999,-33.80850631502,,,simbad,,,,,,,,,275.11462159207997,-149.0571062004591,312.89946615903375,False,dwarf
15.475734596740004,-33.67917374607,,,simbad,,,,,,,,,545.063812916113,45.06890140818376,546.9239124638747,False,dwarf
15.422083333333333,-33.98861111111111,,,simbad,,,,,,,,,478.0740200827531,-419.3913715768398,635.9590326673468,False,dwarf
15.609752379950002,-33.86217001929,,,simbad,,,,,,,,,712.4004786936332,-229.60542243667504,748.4872023323055,False,dwarf
15.307916666666662,-33.98916666666667,,,simbad,,,,,,,,,335.5237638007261,-420.2252511083524,537.7410694228992,False,dwarf
15.343333333333337,-33.86222222222223,,,simbad,,,,,,,,,379.74555863275185,-229.6837781586891,443.80325286161514,False,dwarf
15.313750000000002,-33.66027777777778,,,simbad,,,,,,,,,342.80735353777254,73.43143154463006,350.58387980377114,False,dwarf
15.299166666666665,-33.64833333333333,,,simbad,,,,,,,,,324.5983791951744,91.35984147206489,337.21021397628965,False,dwarf
15.270416666666666,-34.01416666666667,,,simbad,,,,,,,,,288.7006869197771,-457.74983002622815,541.1866531216305,False,dwarf
15.32833333333333,-34.01305555555555,,,simbad,,,,,,,,,361.01632788035874,-456.08207096320297,581.6731422803556,False,dwarf
15.509791666666668,-33.69016666666666,,,simbad,,,,,,,,,587.5879943432135,28.56871274948358,588.2820942748834,False,dwarf
15.739754604890003,-33.7311806863,,,simbad,,,,,,,,,874.7232566419253,-32.99263990933476,875.3452404614094,False,dwarf
15.412874999999996,-33.94402777777778,,,simbad,,,,,,,,,466.5763534264257,-352.47253917328834,584.748137618211,False,dwarf
15.555339798629998,-33.78591869463,,,simbad,,,,,,,,,644.4600926019582,-115.15346844480257,654.6671919772616,False,dwarf
15.378247008070002,-33.87272171424,,,simbad,,,,,,,,,423.33931000319285,-245.4433388314279,489.34507657756046,False,dwarf
15.336834627700002,-33.88466005712,,,simbad,,,,,,,,,371.631174806181,-263.3625904133976,455.4882919648729,False,dwarf
15.397458333333333,-33.85325,,,simbad,,,,,,,,,447.3268662642614,-216.2166237248142,496.8409742128384,False,dwarf
15.25740618098,-33.72456313527,,,simbad,,,,,,,,,272.45559434470204,-23.059807274613764,273.4297087027435,False,dwarf
14.88301646852,-33.62766264131001,,,simbad,,,,,,,,,-195.01316005406213,122.38620203671525,230.23578141384309,False,dwarf
15.006129468799996,-33.67357655489,,,simbad,,,,,,,,,-41.29237399658496,53.470191094277865,67.55828214166223,False,dwarf
14.91428875536833,-33.68949485029,,,simbad,,,,,,,,,-155.9661016182549,29.577097815264295,158.74580173714682,False,dwarf
14.965527908579997,-33.67134871228,,,simbad,,,,,,,,,-91.98810668105884,56.81414532769491,108.11872585302834,False,dwarf
14.971541666666665,-33.66605555555555,,,simbad,,,,,,,,,-84.47923582144357,64.75908441695255,106.44472884787231,False,dwarf
14.892484999889998,-33.68031548518001,,,simbad,,,,,,,,,-183.19060612640374,43.35517023468949,188.2510795693828,False,dwarf
15.04,-33.69916666666666,,,simbad,,,,,,,,,0.9988923067919162,15.059864339044493,15.092955302093493,False,dwarf
14.972776972669994,-33.6662651736,,,simbad,,,,,,,,,-82.93681374236587,64.4444512628799,105.03143516257212,False,dwarf
14.999083333333333,-33.67494444444444,,,simbad,,,,,,,,,-50.09028713442673,51.41701191280834,71.78263006641085,False,dwarf
14.993150712040002,-33.68270193931,,,simbad,,,,,,,,,-57.497849345713846,39.7731427813075,69.91355781309286,False,dwarf
14.994988201189999,-33.621319109779996,,,simbad,,,,,,,,,-55.20353212602791,131.90773601736018,142.99328928454992,False,dwarf
14.977229071520002,-33.69981545358,,,simbad,,,,,,,,,-77.37785462941973,14.086046109831774,78.64953326028018,False,dwarf
14.945150298560002,-33.6639960398,,,simbad,,,,,,,,,-117.43190403082822,67.85038287702693,135.6242107474355,False,dwarf
14.97963101888,-33.66676389794,,,simbad,,,,,,,,,-74.37874620538793,63.69587442869995,97.92528941148053,False,dwarf
14.999535924060003,-33.649391655180004,,,simbad,,,,,,,,,-49.52517539068145,89.77131820582306,102.52625307641404,False,dwarf
14.97092891578,-33.66666073769001,,,simbad,,,,,,,,,-85.24432600478161,63.85071622638638,106.50591100324905,False,dwarf
14.90488647835,-33.66412094602,,,simbad,,,,,,,,,-167.70592934319748,67.66290074463632,180.84122006346908,False,dwarf
14.90188596876,-33.66987576966,,,simbad,,,,,,,,,-171.45241177558657,59.02500739112049,181.3281031753962,False,dwarf
15.007928452089999,-33.70169907251999,,,simbad,,,,,,,,,-39.04613578604145,11.258765807228288,40.63693550606393,False,dwarf
15.01193680997,-33.6999371089,,,simbad,,,,,,,,,-34.04123847452732,13.903443523587855,36.77107094841318,False,dwarf
15.014396523750001,-33.70199250041999,,,simbad,,,,,,,,,-30.970002009833102,10.81833547162403,32.80514299413531,False,dwarf
14.97689860148,-33.66471058298999,,,simbad,,,,,,,,,-77.79048460514879,66.77786558410159,102.52142618532103,False,dwarf
14.98661866006,-33.65796126118,,,simbad,,,,,,,,,-65.65386993371699,76.90848394015082,101.12045064795679,False,dwarf
14.98630712697,-33.65747832467,,,simbad,,,,,,,,,-66.04285494235624,77.6333635074109,101.92447114609381,False,dwarf
15.01296417349,-33.66380779896001,,,simbad,,,,,,,,,-32.75845657901858,68.13292920725766,75.59902459556359,False,dwarf
14.993700911280001,-33.64279157583,,,simbad,,,,,,,,,-56.81086211066642,99.67792614315884,114.73082852467415,False,dwarf
15.009070995530003,-33.64205272206,,,simbad,,,,,,,,,-37.619538470544185,100.78693320720377,107.57897368933257,False,dwarf
14.952875921580002,-33.66270258398,,,simbad,,,,,,,,,-107.785572280994,69.7918382767968,128.40806159270508,False,dwarf
14.942395327699998,-33.68740268506,,,simbad,,,,,,,,,-120.87180302770032,32.71740258655353,125.22148856796825,False,dwarf
14.940814710780003,-33.655047716249996,,,simbad,,,,,,,,,-122.84538562941388,81.28166580640995,147.30138480918745,False,dwarf
14.94766102109,-33.64468137874,,,simbad,,,,,,,,,-114.29697725619151,96.8413638057366,149.8067046351978,False,dwarf
14.921186543949997,-33.6515696737,,,simbad,,,,,,,,,-147.35341668311148,86.5021490922897,170.867349735903,False,dwarf
14.92738155431,-33.65015236344,,,simbad,,,,,,,,,-139.6182314467181,88.6295079203947,165.37363824540068,False,dwarf
14.92799964992,-33.649692561,,,simbad,,,,,,,,,-138.84646775960314,89.3196636382485,165.09495425896083,False,dwarf
14.91310221201,-33.64614456829,,,simbad,,,,,,,,,-157.44763790864985,94.64514093611531,183.704821346176,False,dwarf
14.92634540554,-33.63117080248,,,simbad,,,,,,,,,-140.91198274052624,117.12051120952216,183.2304587830478,False,dwarf
14.986599,-33.657772,,,simbad,,,,,,,,,-65.67841778707309,77.19256178354672,101.35258337960605,False,dwarf
14.96626992981,-33.69613901513,,,simbad,,,,,,,,,-91.06160755839865,19.604318299976555,93.14797725730067,False,dwarf
15.00410470169,-33.69340474224,,,simbad,,,,,,,,,-43.82052935811329,23.70841585373551,49.82296433893638,False,dwarf
15.015377371299998,-33.63743321936,,,simbad,,,,,,,,,-29.74530067004465,107.720728952315,111.75212909814951,False,dwarf
14.96055140503,-33.69346225974,,,simbad,,,,,,,,,-98.20184556958887,23.622083055016454,101.00299639679744,False,dwarf
14.923676053430002,-33.69926290008999,,,simbad,,,,,,,,,-144.24497684902707,14.915419591523316,145.01407892948723,False,dwarf
15.027734174230003,-33.66749272572,,,simbad,,,,,,,,,-14.31640644086024,62.60191620677347,64.21806137014563,False,dwarf
14.99993847335,-33.67637736127,,,simbad,,,,,,,,,-49.02254615457939,49.26622789267721,69.50087224093718,False,dwarf
14.96012468758,-33.63450753782,,,simbad,,,,,,,,,-98.73465154206134,112.11212766576084,149.39096553967423,False,dwarf
15.025083333333335,-33.660999999999994,,,simbad,,,,,,,,,-17.62628716363187,72.34738815367514,74.46361911586992,False,dwarf
15.039621531781249,-33.699307162888886,,,simbad,,,,,,,,,0.5263310666963278,14.848981875907219,14.858307007959917,False,dwarf
14.917947382950002,-33.6625176548,,,simbad,,,,,,,,,-151.39788293731303,70.0694138611635,166.82638195665382,False,dwarf
14.99552392197,-33.643505349749994,,,simbad,,,,,,,,,-54.534622918864315,98.60656351155272,112.68220562475959,False,dwarf
14.892416123339997,-33.68728206326,,,simbad,,,,,,,,,-183.27660644629657,32.898453876689885,186.20586118043482,False,dwarf
14.930127809480002,-33.61713405936,,,simbad,,,,,,,,,-136.18921499445943,138.18942620777386,194.02015306776994,False,dwarf
15.025712709284582,-33.661503475026386,,,simbad,,,,,,,,,-16.84043866890359,71.59168061923316,73.54569401703534,False,dwarf
14.964291666666666,-33.65183333333333,,,simbad,,,,,,,,,-93.53169735176195,86.1064004235661,127.1317843947968,False,dwarf
14.997583333333333,-33.70097222222223,,,simbad,,,,,,,,,-51.96321020966803,12.349755861628564,53.41059525165374,False,dwarf
15.0245,-33.65561111111111,,,simbad,,,,,,,,,-18.3546461373377,80.43601960931102,82.50361377186064,False,dwarf
15.00591666666667,-33.68877777777777,,,simbad,,,,,,,,,-41.5580820138954,30.65341157825552,51.640157068502276,False,dwarf
15.010500000000002,-33.69863888888889,,,simbad,,,,,,,,,-35.83526150622205,15.852049893973819,39.184862549974,False,dwarf
14.99762657161,-33.67906107338,,,simbad,,,,,,,,,-51.90922223226378,45.23802121810072,68.85525336884528,False,dwarf
15.029419503,-33.67961613540001,,,simbad,,,,,,,,,-12.21207901240138,44.40488247512641,46.053539076111434,False,dwarf
14.87912663138,-33.62975485154,,,simbad,,,,,,,,,-199.87007054634475,119.24582972119113,232.7393671171599,False,dwarf
14.89017089247,-33.63178043765,,,simbad,,,,,,,,,-186.08003625006765,116.20545908760427,219.38433994382407,False,dwarf
14.902594032910002,-33.677347996840005,,,simbad,,,,,,,,,-170.568311985396,47.80932025078921,177.14197739776395,False,dwarf
14.90858558022,-33.692442699839994,,,simbad,,,,,,,,,-163.08717384321054,25.152425292190415,165.01536525501132,False,dwarf
14.91013277539,-33.6698696635,,,simbad,,,,,,,,,-161.15532215268422,59.03417263443123,171.6277116224745,False,dwarf
14.912619379080002,-33.65497545882,,,simbad,,,,,,,,,-158.05051053269986,81.39012299179372,177.77602763102334,False,dwarf
14.924075095759997,-33.65863249283,,,simbad,,,,,,,,,-143.74672645712954,75.90097653923533,162.55485107110886,False,dwarf
14.92532787789375,-33.62423423297389,,,simbad,,,,,,,,,-142.1824834127618,127.53218520357646,190.9982116466529,False,dwarf
14.906740406010002,-33.67275861126001,,,simbad,,,,,,,,,-165.39108674703886,54.697910706033916,174.20124285139815,False,dwarf
14.939284477343332,-33.68888135881472,,,simbad,,,,,,,,,-124.7560586387755,30.497938186441864,128.42974110658955,False,dwarf
14.94753233164,-33.67123332172,,,simbad,,,,,,,,,-114.45766088315419,56.9873446146989,127.85974183095153,False,dwarf
14.948044749730002,-33.67037089208,,,simbad,,,,,,,,,-113.81784777319791,58.281836978189446,127.87210404648508,False,dwarf
14.962645945935414,-33.63471140261389,,,simbad,,,,,,,,,-95.58656957373361,111.80613004388817,147.09657711267468,False,dwarf
14.96994142914,-33.69794490525,,,simbad,,,,,,,,,-86.47731701447785,16.893707646986613,88.11199530191308,False,dwarf
14.98870883249,-33.67562004225999,,,simbad,,,,,,,,,-63.04404848346693,50.40295097095782,80.71560887316967,False,dwarf
14.992712684667916,-33.675051027123885,,,simbad,,,,,,,,,-58.04477706089282,51.25703310616747,77.43693942102502,False,dwarf
15.002360341359996,-33.69344503273,,,simbad,,,,,,,,,-45.99856450051105,23.647940506868803,51.721301475543726,False,dwarf
15.003924349250001,-33.70143016843,,,simbad,,,,,,,,,-44.04572018914615,11.662386317079942,45.56354597251371,False,dwarf
15.010051456428332,-33.672244129688885,,,simbad,,,,,,,,,-36.39531990997615,55.47013887873597,66.3442206870784,False,dwarf
15.010273305999998,-33.68793590328999,,,simbad,,,,,,,,,-36.11831512197389,31.91705100448616,48.19990489693085,False,dwarf
15.013933193289166,-33.6559661590975,,,simbad,,,,,,,,,-31.54852355087287,79.90309856189847,85.90584670458956,False,dwarf
15.02222336756,-33.62761845165,,,simbad,,,,,,,,,-21.19728442447755,122.45252997208867,124.27367767768632,False,dwarf
15.023124338169998,-33.63252244566,,,simbad,,,,,,,,,-20.07231866075858,115.09171756244751,116.82894088321278,False,dwarf
15.035322032540002,-33.70105407621,,,simbad,,,,,,,,,-4.842089827237594,12.22689440467617,13.150771105837833,False,dwarf
15.04024135995167,-33.699150903275836,,,simbad,,,,,,,,,1.3002580554061478,15.08352492316889,15.139464822724271,False,dwarf
15.040398190709999,-33.65093728195,,,simbad,,,,,,,,,1.4960793528599907,87.45135845749563,87.46415465487244,False,dwarf
14.971740997587501,-33.6863567111375,,,simbad,,,,,,,,,-84.2303481672829,34.28739182658891,90.94161198621747,False,dwarf
14.925558329760007,-33.6938481278,,,simbad,,,,,,,,,-141.89473766739894,23.042901596241894,143.75358044818935,False,dwarf
14.930839183710416,-33.630967978140845,,,simbad,,,,,,,,,-135.3009821869433,117.4249471263571,179.1507018919527,False,dwarf
14.9565057638,-33.68174507235,,,simbad,,,,,,,,,-103.2532954454568,41.20938397148244,111.1730918327626,False,dwarf
14.98831437847,-33.643803341029994,,,simbad,,,,,,,,,-63.53656984092043,98.15928361942183,116.92792937458636,False,dwarf
15.038230090210421,-33.64711574774084,,,simbad,,,,,,,,,-1.211044283869883,93.18741693825272,93.19528584580469,False,dwarf
15.011375000000001,-33.655055555555556,,,simbad,,,,,,,,,-34.742723045667276,81.26989914080451,88.38468934710626,False,dwarf
14.94375,-33.692388888888885,,,simbad,,,,,,,,,-119.1803383543287,25.233194623452306,121.82227694948611,False,dwarf
15.027833333333335,-33.677638888888886,,,simbad,,,,,,,,,-14.192594859025473,47.37269618499518,49.4530291556371,False,dwarf
15.048208333333333,-33.69097222222222,,,simbad,,,,,,,,,11.24794357962247,27.359587428788412,29.581468169174553,False,dwarf
15.038958333333332,-33.70058333333334,,,simbad,,,,,,,,,-0.3017487176816474,12.933471533679741,12.936991079888967,False,dwarf
14.929656990820002,-33.63068014397,,,simbad,,,,,,,,,-136.77708641616945,117.85698136873512,180.54982532765482,False,dwarf
15.030964900980003,-33.69501786253,,,simbad,,,,,,,,,-10.282471320950291,21.287149468689258,23.640472689193054,False,dwarf
14.92722393331,-33.66478193966,,,simbad,,,,,,,,,-139.8150394520804,66.67076042429598,154.89750014942356,False,dwarf
14.986216121930005,-33.678882091249996,,,simbad,,,,,,,,,-66.15648523527109,45.50667038058065,80.2965602489388,False,dwarf
15.024183187040004,-33.65566831509,,,simbad,,,,,,,,,-18.750223672877407,80.35015740049789,82.50890062331287,False,dwarf
15.03911376511,-33.69453367458,,,simbad,,,,,,,,,-0.10767421024730925,22.01390742632214,22.014170752273035,False,dwarf
15.011248942979996,-33.6857885368,,,simbad,,,,,,,,,-34.90011978004489,35.140211937263466,49.5262844927547,False,dwarf
14.996128830309997,-33.69396942078,,,simbad,,,,,,,,,-53.779325059938905,22.86084287623136,58.436580503262775,False,dwarf
15.024868331890003,-33.68799775176,,,simbad,,,,,,,,,-17.894741273247043,31.824217492727236,36.5103079179135,False,dwarf
15.03340028473,-33.70260808752,,,simbad,,,,,,,,,-7.241613705996843,9.894349603019492,12.261285541640946,False,dwarf
14.933532319680003,-33.687751533390006,,,simbad,,,,,,,,,-131.93829118548098,32.19378711896326,135.8092508263185,False,dwarf
14.956666666666663,-33.63111111111111,,,simbad,,,,,,,,,-103.05238965089065,117.21010694882162,156.07051029490867,False,dwarf
15.031541666666667,-33.68125,,,simbad,,,,,,,,,-9.562312811910864,41.95247923019196,43.02845965024222,False,dwarf
14.995199739810003,-33.651799643,,,simbad,,,,,,,,,-54.939401750889864,86.1569690464361,102.1829789153469,False,dwarf
14.9372029711,-33.703574103449995,,,simbad,,,,,,,,,-127.35505935503531,8.444375962977757,127.63470777468284,False,dwarf
15.038957149260003,-33.65975878589,,,simbad,,,,,,,,,-0.3032271698536225,74.21042962665436,74.21104912402974,False,dwarf
14.94935468405,-33.66615880409,,,simbad,,,,,,,,,-112.18224362988319,64.60411010578393,129.45480612319776,False,dwarf
14.919577192960004,-33.68802481131,,,simbad,,,,,,,,,-149.3628770866537,31.783601563956985,152.70712615978073,False,dwarf
15.0324571646,-33.67416794357,,,simbad,,,,,,,,,-8.419208008795707,52.582526646527626,53.25227856184332,False,dwarf
14.955296,-33.688278,,,simbad,,,,,,,,,-104.76382513652521,31.403569604802506,109.36929752522006,False,dwarf
14.909998464689998,-33.6164249027,,,simbad,,,,,,,,,-161.32302455887378,139.2538584099159,213.11207224104385,False,dwarf
15.013099899650003,-33.62317824667,,,simbad,,,,,,,,,-32.58898680769759,129.11720285943008,133.1664151931541,False,dwarf
14.4757962247,-33.62876267969,,,simbad,,,,,,,,,-703.4746209571393,120.7350629566144,713.7601121931152,False,dwarf
15.03610635416,-33.64090147292,,,simbad,,,,,,,,,-3.8627737869033876,102.51493877552798,102.58768782597178,False,dwarf
15.049166666666666,-33.6951111111111,,,simbad,,,,,,,,,12.444533322138627,21.14718491906542,24.537111476434358,False,dwarf
15.024666666666665,-33.62730555555556,,,simbad,,,,,,,,,-18.146543573422882,122.92218173965041,124.25441564506986,False,dwarf
15.020124999999998,-33.68233333333333,,,simbad,,,,,,,,,-23.81733844011555,40.32641414375004,46.83465904716559,False,dwarf
15.018791666666667,-33.65891666666667,,,simbad,,,,,,,,,-25.482158951438056,75.47443639681872,79.66009649908659,False,dwarf
15.033333333333331,-33.62986111111111,,,simbad,,,,,,,,,-7.325210249824595,119.0863358947154,119.31141647819423,False,dwarf
14.960333333333331,-33.68116666666666,,,simbad,,,,,,,,,-98.47413324475275,42.07756115992267,107.08723580087569,False,dwarf
14.572916666666666,-33.68694444444444,,,simbad,,,,,,,,,-582.208543066004,33.40521403222607,583.1660963598432,False,dwarf
14.699166666666667,-33.65833333333333,,,simbad,,,,,,,,,-424.570850900117,76.35000990491459,431.38119041809176,False,dwarf
14.99275758289,-33.68574053638999,,,simbad,,,,,,,,,-57.988716450106516,35.212259744195286,67.84242383511611,False,dwarf
14.736968381439997,-33.62243153842001,,,simbad,,,,,,,,,-377.3710483117557,130.2379993656484,399.21278108632754,False,dwarf
15.019291125529998,-33.68667268221001,,,simbad,,,,,,,,,-24.858526931259938,33.81312456874519,41.96753214442869,False,dwarf
14.984593765270002,-33.65052634356,,,simbad,,,,,,,,,-68.18218471846082,88.06817005932355,111.37689567670776,False,dwarf
14.68225901357,-33.70170514613,,,simbad,,,,,,,,,-445.68200665536517,11.249649420910002,445.82396264495065,False,dwarf
14.967801284229997,-33.6865160964,,,simbad,,,,,,,,,-89.14953487201096,34.04815723215404,95.4301659791147,False,dwarf
14.951670221959997,-33.63827162119,,,simbad,,,,,,,,,-109.2910273744019,106.46230192691752,152.57375395568667,False,dwarf
14.87862293728,-33.63022046721999,,,simbad,,,,,,,,,-200.49899074817873,118.54694842802616,232.92321540077398,False,dwarf
14.90711507561,-33.68884652857,,,simbad,,,,,,,,,-164.9232685207542,30.550217797117085,167.7289489236133,False,dwarf
14.928716029840002,-33.67755979998,,,simbad,,,,,,,,,-137.95198477106388,47.491407305111146,145.89785423403526,False,dwarf
14.986407420539997,-33.70183007317999,,,simbad,,,,,,,,,-65.91762684799193,11.062136023059832,66.83939244684817,False,dwarf
15.015243309920002,-33.63296685376,,,simbad,,,,,,,,,-29.91269177144086,114.42466848964128,118.2699196244655,False,dwarf
14.90084172125,-33.702055978420006,,,simbad,,,,,,,,,-172.7562752807479,10.723056062776237,173.08874769956304,False,dwarf
14.97496038428,-33.62838554057,,,simbad,,,,,,,,,-80.21057241761862,121.30114242346623,145.42249853719363,False,dwarf
15.031586525910003,-33.61774265422001,,,simbad,,,,,,,,,-9.506300870591916,137.27593557364037,137.604695573445,False,dwarf
14.792234767189997,-33.67181227983,,,simbad,,,,,,,,,-308.36458887429205,56.11833824315271,313.4293980448931,False,dwarf
15.021124999999996,-33.61963888888889,,,simbad,,,,,,,,,-22.56872305662664,134.42971927446501,136.31102921120572,False,dwarf
15.029073969799997,-33.6636019089,,,simbad,,,,,,,,,-12.643517081431442,68.44196671946135,69.60000957339233,False,dwarf
14.9455,-33.68425,,,simbad,,,,,,,,,-116.99526143321913,37.44952976004878,122.8428202097138,False,dwarf
14.995291666666667,-33.62113888888889,,,simbad,,,,,,,,,-54.82462046350272,132.17824453938866,143.0972653074878,False,dwarf
14.961125,-33.6635,,,simbad,,,,,,,,,-97.48564606615142,68.59493026187802,119.20031730900239,False,dwarf
15.014624999999999,-33.69208333333333,,,simbad,,,,,,,,,-30.684723049320397,25.69182836578232,40.020273279805465,False,dwarf
14.972124999999998,-33.68636111111111,,,simbad,,,,,,,,,-83.75087684773774,34.28078754031239,90.49520300628632,False,dwarf
14.981749999999998,-33.628388888888885,,,simbad,,,,,,,,,-71.73295378162727,121.29611665321805,140.91970966968444,False,dwarf
14.946541666666667,-33.637861111111114,,,simbad,,,,,,,,,-115.69462040874558,107.07847064098752,157.6421392468922,False,dwarf
14.70532240935,-33.66631861514,,,simbad,,,,,,,,,-416.8846958888876,64.36423641147937,421.82413941736803,False,dwarf
15.003757057130002,-33.63210462348,,,simbad,,,,,,,,,-44.25460370371457,115.71886161713252,123.89239235295238,False,dwarf
15.03135689743,-33.68070886269,,,simbad,,,,,,,,,-9.79301852321059,42.76471721797037,43.87167936754778,False,dwarf
15.669708333333334,-33.47180555555556,,,simbad,,,,,,,,,787.2624044200007,356.3250626088452,864.1467720568991,False,dwarf
15.6494204006,-33.52692699342,,,simbad,,,,,,,,,761.9305795099049,273.5887128004082,809.5609870566168,False,dwarf
15.68173818589,-33.459544874520006,,,simbad,,,,,,,,,802.283063383395,374.7281383330725,885.482518997645,False,dwarf
15.662980998029996,-33.45763750079999,,,simbad,,,,,,,,,778.8625500703417,377.59107416038097,865.5644927951157,False,dwarf
15.651562908170002,-33.485876930829996,,,simbad,,,,,,,,,764.6057474210573,335.20416533010547,834.8555452555648,False,dwarf
15.62748749945042,-33.36741034861778,,,simbad,,,,,,,,,734.5448217299254,513.0205098642482,895.9610140355556,False,dwarf
14.86338984207,-33.57214414957,,,simbad,,,,,,,,,-219.51926776558665,205.71852302469628,300.84683750340776,False,dwarf
14.801330428010004,-33.27671273484,,,simbad,,,,,,,,,-297.0076068514052,649.1561004989545,713.8747518596015,False,dwarf
14.436185969500002,-33.46645427315,,,simbad,,,,,,,,,-752.9325949439085,364.35724736641714,836.4590224496358,False,dwarf
15.019045627510003,-33.3728704423,,,simbad,,,,,,,,,-25.16505953564135,504.8250012131499,505.4518395171682,False,dwarf
14.876875,-33.20633333333333,,,simbad,,,,,,,,,-202.68149212536545,754.7943967401483,781.5333445224771,False,dwarf
14.665083333333333,-33.38333333333333,,,simbad,,,,,,,,,-467.1278252208083,489.12037800156696,676.3483934126832,False,dwarf
15.098958333333336,-33.436305555555556,,,simbad,,,,,,,,,74.61517429185504,409.6099646722364,416.3505102595584,False,dwarf
15.059931506879996,-33.58602926303,,,simbad,,,,,,,,,25.88567841333473,184.87720159216425,186.68060428300612,False,dwarf
14.82322045965,-33.59403097151,,,simbad,,,,,,,,,-269.6753766005756,172.86677193872845,320.32441303337873,False,dwarf
15.06298487578,-33.591003637769994,,,simbad,,,,,,,,,29.69816179335663,177.41074889223606,179.87927795165407,False,dwarf
15.10942547087,-33.55862928245,,,simbad,,,,,,,,,87.68460324126148,226.00411093705785,242.41791972960124,False,dwarf
14.76829214837,-33.53547929805,,,simbad,,,,,,,,,-338.25971105403016,260.75184759967794,427.0961930865243,False,dwarf
14.713606281789998,-33.50010215660001,,,simbad,,,,,,,,,-406.5413253254193,313.85234104884364,513.5943352288731,False,dwarf
14.699427734599997,-33.44610580944,,,simbad,,,,,,,,,-424.2448774624259,394.89994866015763,579.5944146598584,False,dwarf
14.674094552240001,-33.43468598104,,,simbad,,,,,,,,,-455.87627866992824,412.04091874113647,614.492392280801,False,dwarf
14.48578351408,-33.45242980004,,,simbad,,,,,,,,,-691.0043377978842,385.4077452863367,791.2181273088921,False,dwarf
14.611315616710002,-33.43381758635,,,simbad,,,,,,,,,-534.2630233319481,413.3443645442001,675.4928140256137,False,dwarf
14.60941768886,-33.36102192958,,,simbad,,,,,,,,,-536.6328052422161,522.609419237992,749.0629965085724,False,dwarf
15.128445164149994,-33.59069776333,,,simbad,,,,,,,,,111.43288485996526,177.8698612747418,209.89277114305335,False,dwarf
15.056637270040001,-33.591655115340004,,,simbad,,,,,,,,,21.772443618050467,176.43289203267432,177.7712144643066,False,dwarf
15.088982673459997,-33.58070296089001,,,simbad,,,,,,,,,62.15941191351766,192.87189139186344,202.640960761908,False,dwarf
14.91622970741,-33.57821182568,,,simbad,,,,,,,,,-153.54259904040632,196.61104338318313,249.4618850652478,False,dwarf
15.030995413029999,-33.56877488071999,,,simbad,,,,,,,,,-10.244373505944019,210.77573881900747,211.0245465893192,False,dwarf
15.01319134423,-33.528887860999994,,,simbad,,,,,,,,,-32.47480769837515,270.6454835902836,272.5868502383505,False,dwarf
15.076098683299996,-33.51285681676,,,simbad,,,,,,,,,46.072263598979625,294.7078109790688,298.2873569650722,False,dwarf
14.88935785927,-33.46698747523,,,simbad,,,,,,,,,-187.09520201087705,363.5569200252151,408.8743678854319,False,dwarf
14.9573942433,-33.46065697720001,,,simbad,,,,,,,,,-102.14392627383864,373.05889094184795,386.7897591526914,False,dwarf
14.778021555520002,-33.45661992216999,,,simbad,,,,,,,,,-326.111423614279,379.118442544635,500.0794477772521,False,dwarf
14.673817740700002,-33.39513171231,,,simbad,,,,,,,,,-456.2219098170996,471.4112098810557,656.0235969831288,False,dwarf
14.905881660939997,-33.34749253833,,,simbad,,,,,,,,,-166.46332905194555,542.916807624845,567.8632757280658,False,dwarf
14.932750000000002,-33.586055555555554,,,simbad,,,,,,,,,-132.91510757273838,184.83773695415496,227.66513747916258,False,dwarf
15.12482674488,-33.56198415978999,,,simbad,,,,,,,,,106.91487089552473,220.968496556887,245.4747768900457,False,dwarf
14.68526887276,-33.58667023038,,,simbad,,,,,,,,,-441.9238501685864,183.91512039580093,478.66633562224655,False,dwarf
14.66933158931125,-33.52230343977805,,,simbad,,,,,,,,,-461.82338745376836,280.52858894114377,540.3490819947626,False,dwarf
14.52905152212125,-33.53785368496972,,,simbad,,,,,,,,,-636.9792373445173,257.187932825659,686.9411776849155,False,dwarf
14.77232896722,-33.54038887253,,,simbad,,,,,,,,,-333.21927693754947,253.38265899855773,418.6142118991694,False,dwarf
14.75607745703,-33.549934510309996,,,simbad,,,,,,,,,-353.51116256576245,239.05481747067947,426.7520917518001,False,dwarf
15.003447625320003,-33.517213297279994,,,simbad,,,,,,,,,-44.64096502181966,288.168807096002,291.6060307010336,False,dwarf
14.838564466929999,-33.550102973,,,simbad,,,,,,,,,-250.51661306635415,238.80195781044634,346.0996221846242,False,dwarf
15.055385048470834,-33.39490901658805,,,simbad,,,,,,,,,20.208900503247506,471.7454724087626,472.17813418001134,False,dwarf
15.008095546497502,-33.33625274561361,,,simbad,,,,,,,,,-38.83749913833735,559.7875471771188,561.1331832229273,False,dwarf
14.794082345886249,-33.34630006813056,,,simbad,,,,,,,,,-306.0576736919411,544.7066853090961,624.8013065336414,False,dwarf
15.066923811090001,-33.54103082952,,,simbad,,,,,,,,,34.61637701600487,252.41909236923888,254.78165505040693,False,dwarf
14.721283213360833,-33.56866147462667,,,simbad,,,,,,,,,-396.9557904680603,210.94595945494765,449.5243012301905,False,dwarf
14.79881399898,-33.51394328641,,,simbad,,,,,,,,,-300.149658849735,293.07703833413944,419.5044315693494,False,dwarf
14.86845595047,-33.58981789114,,,simbad,,,,,,,,,-213.19364688290574,179.19053461198686,278.4973586333679,False,dwarf
14.88575623874,-33.4909617548,,,simbad,,,,,,,,,-191.59224081013508,327.5719301962663,379.48775499501477,False,dwarf
14.893232245499995,-33.51135849577,,,simbad,,,,,,,,,-182.25758376251332,296.9567655484138,348.42667441504125,False,dwarf
14.929158854249996,-33.535823895369994,,,simbad,,,,,,,,,-137.39906740055943,260.23461282651874,294.27972651120837,False,dwarf
14.93899899287,-33.29411537921,,,simbad,,,,,,,,,-125.11251894392765,623.0350244172769,635.4728822279764,False,dwarf
14.948349896100003,-33.51853987929,,,simbad,,,,,,,,,-113.43683732139708,286.1776298429788,307.8401401442412,False,dwarf
14.974435672044581,-33.32781637132278,,,simbad,,,,,,,,,-80.86573618666804,572.4504028913966,578.1338349029004,False,dwarf
14.981281412411665,-33.48899249247,,,simbad,,,,,,,,,-72.31803945293339,330.52775978474915,338.3467139173083,False,dwarf
14.99891521923333,-33.57033894978195,,,simbad,,,,,,,,,-50.300196985873384,208.4280975010646,214.41171060539338,False,dwarf
15.01969823879,-33.52870308736,,,simbad,,,,,,,,,-24.350199051999567,270.9228257117184,272.0149071016038,False,dwarf
15.0833122767,-33.58528856188,,,simbad,,,,,,,,,55.07926728848008,185.98898154246933,193.97326346752232,False,dwarf
15.09203560717,-33.56993091662001,,,simbad,,,,,,,,,65.97135190860902,209.0405484045219,219.2034902776705,False,dwarf
15.177226181030003,-33.43066535695,,,simbad,,,,,,,,,172.34161295873267,418.07580777970463,452.2046136516855,False,dwarf
14.432159536462084,-33.41922691669472,,,simbad,,,,,,,,,-757.9600611756534,435.24471394197883,874.0374221690026,False,dwarf
14.480187461799998,-33.43990923678,,,simbad,,,,,,,,,-697.9916547615201,404.20089985218664,806.5796411750314,False,dwarf
14.4932106638,-33.35665774836,,,simbad,,,,,,,,,-681.7306844019926,529.1599817420661,862.9988483957976,False,dwarf
14.521378303757084,-33.38248711377972,,,simbad,,,,,,,,,-646.5601358349084,490.3905392984318,811.4942330566878,False,dwarf
14.676055713789998,-33.50162110435,,,simbad,,,,,,,,,-453.42754218908965,311.5724260601704,550.1580797340515,False,dwarf
14.57644513641,-33.26044713151,,,simbad,,,,,,,,,-577.8028414642903,673.5704971310896,887.4420196326242,False,dwarf
14.613484795891665,-33.241502324437505,,,simbad,,,,,,,,,-531.5545528361718,702.0063334541234,880.5470656646153,False,dwarf
14.694183396553335,-33.220634980484725,,,simbad,,,,,,,,,-430.7930386237199,733.3278652526222,850.5012640100107,False,dwarf
14.75626360159,-33.37399976588001,,,simbad,,,,,,,,,-353.2787396045943,503.1299055410774,614.7727789243634,False,dwarf
14.761852503999997,-33.4317854214175,,,simbad,,,,,,,,,-346.3003500786345,416.3946098795561,541.579545035937,False,dwarf
14.833499236029999,-33.5515772171,,,simbad,,,,,,,,,-256.8411382890334,236.58914224747352,349.20165026385774,False,dwarf
14.883892134477914,-33.43333516093444,,,simbad,,,,,,,,,-193.91979006820787,414.0684769673359,457.22815814224197,False,dwarf
14.931952048320001,-33.40569696448,,,simbad,,,,,,,,,-133.91144231567233,455.5529443274302,474.82708375623895,False,dwarf
14.932893710843748,-33.58612150922193,,,simbad,,,,,,,,,-132.7356680024636,184.73874161179603,227.48002156754376,False,dwarf
14.978624544425418,-33.42559157722445,,,simbad,,,,,,,,,-75.63544569246935,425.69146568864056,432.3585833602029,False,dwarf
14.992311279743753,-33.424030292541666,,,simbad,,,,,,,,,-58.545977424211976,428.0349277003421,432.0202898059227,False,dwarf
15.0416734722,-33.39011285309,,,simbad,,,,,,,,,3.0884154395592476,478.9444330361863,478.9543905700012,False,dwarf
15.097971197090002,-33.52345532326,,,simbad,,,,,,,,,73.38262079282491,278.7996312362275,288.29540997365876,False,dwarf
15.170131578575411,-33.39339245102722,,,simbad,,,,,,,,,163.4831831941702,474.02181177163015,501.42140881952514,False,dwarf
15.023500000000002,-33.54069444444445,,,simbad,,,,,,,,,-19.603261520826603,252.92400070180875,253.68255358471635,False,dwarf
14.855369663530002,-33.442019392140004,,,simbad,,,,,,,,,-229.5333860689792,401.033592198758,462.0752291479503,False,dwarf
14.79696524391,-33.57759654505,,,simbad,,,,,,,,,-302.4580428704451,197.53456924547197,361.2489082945638,False,dwarf
14.569458333333333,-33.59038888888889,,,simbad,,,,,,,,,-586.5266712672463,178.3334766083873,613.0386325404547,False,dwarf
14.65966240417417,-33.26706234333666,,,simbad,,,,,,,,,-473.8964807617604,663.6411756011636,815.4737791196453,False,dwarf
15.086121791666665,-33.413804999999996,,,simbad,,,,,,,,,58.58727089600982,443.38291957787004,447.2369413235432,False,dwarf
15.00541666666667,-33.44722222222221,,,simbad,,,,,,,,,-42.18238970563985,393.2242318781247,395.480278316656,False,dwarf
14.865277843690006,-33.5543604874,,,simbad,,,,,,,,,-217.16187989878856,232.41150040658053,318.07921592335117,False,dwarf
14.56333478967,-33.35792238169,,,simbad,,,,,,,,,-594.1726220867712,527.26178841431,794.3841000166894,False,dwarf
15.04518935907,-33.54510622365,,,simbad,,,,,,,,,7.478405872057112,246.30199442312707,246.41550075268668,False,dwarf
14.994558788490002,-33.22518724108001,,,simbad,,,,,,,,,-55.73970342911253,726.4949987741229,728.6301515736075,False,dwarf
14.750708333333332,-33.2365,,,simbad,,,,,,,,,-360.215133009295,709.5147381792359,795.7173529227912,False,dwarf
14.993492154299998,-33.58823272498,,,simbad,,,,,,,,,-57.07151928730879,181.56984231874483,190.32804825725378,False,dwarf
14.421020252080002,-33.50609771394001,,,simbad,,,,,,,,,-771.8687430162156,304.85311046638583,829.8896163987492,False,dwarf
14.693833333333332,-33.47416666666667,,,simbad,,,,,,,,,-431.230132945411,352.7810745999453,557.1480181747119,False,dwarf
14.994499999999999,-33.15636111111111,,,simbad,,,,,,,,,-55.81310764210406,829.801860599326,831.6767586260736,False,dwarf
15.047962500000002,-33.33003888888889,,,simbad,,,,,,,,,10.940992297851492,569.1144414591603,569.2195997941687,False,dwarf
15.129166666666666,-33.531666666666666,,,simbad,,,,,,,,,112.33376400150897,266.4745430888216,289.1842953017036,False,dwarf
15.126791666666664,-33.473166666666664,,,simbad,,,,,,,,,109.3683024657129,354.2820577566661,370.77918230738004,False,dwarf
14.730833333333331,-33.46222222222222,,,simbad,,,,,,,,,-385.0313637562025,370.70948452737065,534.4854282340258,False,dwarf
14.87791666666667,-33.48222222222223,,,simbad,,,,,,,,,-201.3808511008919,340.68982139307,395.7572508381388,False,dwarf
14.982083333333328,-33.48500000000001,,,simbad,,,,,,,,,-71.31674865380162,336.5204237355166,343.99429389116494,False,dwarf
14.961628153160003,-33.52978540667,,,simbad,,,,,,,,,-96.85740129031909,269.29828265722546,286.1868641759171,False,dwarf
14.38639794481,-33.56866926541,,,simbad,,,,,,,,,-815.0986884855322,210.93426562039298,841.9496044203888,False,dwarf
14.94741518303,-33.35422548427001,,,simbad,,,,,,,,,-114.6039344397554,532.8107691738239,544.9966766290173,False,dwarf
14.86767249787,-33.58600630243999,,,simbad,,,,,,,,,-214.17187785150227,184.9116650510274,282.95214636821925,False,dwarf
14.856495637915835,-33.5834016901925,,,simbad,,,,,,,,,-228.12747712941166,188.8211441642882,296.1343787960816,False,dwarf
14.946412500000006,-33.37278333333333,,,simbad,,,,,,,,,-115.85589989577299,504.9557503049189,518.076152034296,False,dwarf
14.929836860029997,-33.51786259604,,,simbad,,,,,,,,,-136.55249895355163,287.19422059356646,318.0048825298219,False,dwarf
14.94734960035,-33.59195324558,,,simbad,,,,,,,,,-114.68582198289312,175.98540356393522,210.05642106694333,False,dwarf
15.075802036559999,-33.53972659534,,,simbad,,,,,,,,,45.701865915956645,254.3767259058243,258.44956806070877,False,dwarf
14.96661,-33.24370999999999,,,simbad,,,,,,,,,-90.63699068769756,698.6926496193327,704.5470053254114,False,dwarf
14.661696508140004,-33.58403955643,,,simbad,,,,,,,,,-471.3566672583983,187.86371768556066,507.4149033991655,False,dwarf
14.946748720479999,-33.56029711333,,,simbad,,,,,,,,,-115.43608983220803,223.50072487792528,251.5513165473551,False,dwarf
14.904151564470002,-33.50789215483,,,simbad,,,,,,,,,-168.6235541193064,302.1596849147774,346.0265570611947,False,dwarf
14.98182504314,-33.55686173,,,simbad,,,,,,,,,-71.63925376259617,228.6571773931141,239.61695986104093,False,dwarf
14.848700855010415,-33.42024303856999,,,simbad,,,,,,,,,-237.86016297609888,433.7195321220271,494.6615910652114,False,dwarf
14.93332327399,-33.50612648934,,,simbad,,,,,,,,,-132.1993088498718,304.8099190756708,332.24350110619287,False,dwarf
15.044657982479999,-33.50438737395,,,simbad,,,,,,,,,6.814920887356326,307.4203019836381,307.4958295951543,False,dwarf
15.05541096017,-33.57112853604,,,simbad,,,,,,,,,20.241254249440924,207.24294182696212,208.22906932194678,False,dwarf
14.710999150640001,-33.520186663720004,,,simbad,,,,,,,,,-409.7966293860875,283.7058341508014,498.4197806943464,False,dwarf
14.367375,-33.566750000000006,,,simbad,,,,,,,,,-838.8510300146214,213.81505067406482,865.6719508285712,False,dwarf
15.152914854540002,-33.46505629965,,,simbad,,,,,,,,,141.98611671021817,366.4555820434512,393.00095540501206,False,dwarf
15.172916666666666,-33.47222222222222,,,simbad,,,,,,,,,166.96068702929142,355.69965296022986,392.93525437318675,False,dwarf
14.63296466014,-33.371172939489995,,,simbad,,,,,,,,,-507.23169466736147,507.37292433943935,717.4338132733067,False,dwarf
14.780485749839999,-33.44021317128,,,simbad,,,,,,,,,-323.0345926784175,403.74469928693225,517.0697537752585,False,dwarf
15.027129539169998,-33.57657477021999,,,simbad,,,,,,,,,-15.07136307818033,199.06823605526625,199.63794376618276,False,dwarf
14.819066723860004,-33.49595548535999,,,simbad,,,,,,,,,-274.86179500692765,320.0764247365444,421.8980019229282,False,dwarf
14.89326871823,-33.59304483354,,,simbad,,,,,,,,,-182.2120433507513,174.34694842190467,252.18661178993295,False,dwarf
15.025550911290003,-33.552650526570005,,,simbad,,,,,,,,,-17.042462133954302,234.97812281104237,235.59533890845248,False,dwarf
14.738041666666668,-33.43866666666666,,,simbad,,,,,,,,,-376.03092786685687,406.0659766633365,553.4336781548071,False,dwarf
14.657916666666667,-33.40333333333333,,,simbad,,,,,,,,,-476.0762354691693,459.1007148672759,661.3788992477305,False,dwarf
14.71568111572,-33.60019565669,,,simbad,,,,,,,,,-403.95065576222817,163.6136833171027,435.8274539990836,False,dwarf
14.793325348869999,-33.61234135056999,,,simbad,,,,,,,,,-307.002871811687,145.38320137662208,339.68667701742226,False,dwarf
14.494764258380004,-33.44345139398,,,simbad,,,,,,,,,-679.790842309691,398.88418155654824,788.1777588743269,False,dwarf
14.696,-33.56675,,,simbad,,,,,,,,,-428.52479961451047,213.81505067407437,478.9053975258719,False,dwarf
14.794708333333332,-33.21330555555556,,,simbad,,,,,,,,,-305.2760561356404,744.3292086197149,804.4994973610497,False,dwarf
14.706958333333334,-33.44313888888889,,,simbad,,,,,,,,,-414.8420560370735,399.35324643469073,575.8271849218247,False,dwarf
14.720116906264584,-33.31880410345806,,,simbad,,,,,,,,,-398.41205945031226,585.977665160142,708.5915559629332,False,dwarf
14.430666666666664,-33.61302777777778,,,simbad,,,,,,,,,-759.8240813677651,144.35288569941142,773.4147595153039,False,dwarf
14.49785068314,-33.41363712291,,,simbad,,,,,,,,,-675.9370848743674,443.634900262347,808.5189344964288,False,dwarf
14.787971123989998,-33.585306930079994,,,simbad,,,,,,,,,-313.68823936353436,185.96141118366117,364.66691372321225,False,dwarf
14.713586843860002,-33.60792292530001,,,simbad,,,,,,,,,-406.565595823837,152.01518328606144,434.05552600685365,False,dwarf
14.73931267217,-33.612785535389996,,,simbad,,,,,,,,,-374.44393084289595,144.7164874433191,401.4363200845332,False,dwarf
14.730148543650001,-33.57837796419,,,simbad,,,,,,,,,-385.88640268926497,196.3616722779973,432.9736967995552,False,dwarf
14.77414057767,-33.573236219879995,,,simbad,,,,,,,,,-330.95727226078463,204.0793438834443,388.8201315032392,False,dwarf
14.781193690140002,-33.55567382988,,,simbad,,,,,,,,,-322.15064752923945,230.44019546510498,396.08550010004666,False,dwarf
14.762377388980001,-33.53691125565,,,simbad,,,,,,,,,-345.64497061803837,258.602503360956,431.6777738754891,False,dwarf
14.754451903299996,-33.53849312499,,,simbad,,,,,,,,,-355.54085395973766,256.22814412548547,438.24897110707525,False,dwarf
14.69555451458,-33.46169547062001,,,simbad,,,,,,,,,-429.08103956304353,371.5001298100753,567.5587061806073,False,dwarf
14.57743149756,-33.45500151365,,,simbad,,,,,,,,,-576.5712557587229,381.5476464738332,691.3848562826004,False,dwarf
14.570077938530002,-33.389221853020004,,,simbad,,,,,,,,,-585.7530226869944,480.28180913389275,757.4808378908839,False,dwarf
14.579000871489999,-33.35628931989,,,simbad,,,,,,,,,-574.611711327272,529.7129866699805,781.5206120386634,False,dwarf
14.858058137159997,-33.60226748057,,,simbad,,,,,,,,,-226.1765165364564,160.50391056954783,277.33972297650286,False,dwarf
14.84260632611,-33.57625397523,,,simbad,,,,,,,,,-245.46988551629738,199.54974393199265,316.3472222079846,False,dwarf
14.81587091887,-33.54716171008,,,simbad,,,,,,,,,-278.8521262800859,243.21674391284654,370.01742236074796,False,dwarf
14.80918948512,-33.550412017250004,,,simbad,,,,,,,,,-287.19466724412104,238.338087596514,373.2101564703525,False,dwarf
14.777115154659997,-33.46254202615,,,simbad,,,,,,,,,-327.2431696716916,370.2294642183328,494.1234140092628,False,dwarf
14.680952498,-33.41725663539,,,simbad,,,,,,,,,-447.313342094838,438.2020729943572,626.1870988711006,False,dwarf
14.801889622819996,-33.54368806104,,,simbad,,,,,,,,,-296.30938760928046,248.43063261422293,386.67432343832945,False,dwarf
14.654769999999997,-33.52706,,,simbad,,,,,,,,,-480.00521187589345,273.3890721640968,552.4007496435601,False,dwarf
14.78776,-33.610240000000005,,,simbad,,,,,,,,,-313.95185202526915,148.5372931885245,347.31699189338576,False,dwarf
14.505603628840001,-33.46004243472,,,simbad,,,,,,,,,-666.2566376059674,373.9813088534285,764.0418355860711,False,dwarf
14.44672311513,-33.52688270507001,,,simbad,,,,,,,,,-739.7757528121952,273.65518886777676,788.7682339211618,False,dwarf
14.586651392670833,-33.54091807835667,,,simbad,,,,,,,,,-565.0591528891504,252.5883299662921,618.944836555702,False,dwarf
14.776412554140004,-33.55570153814,,,simbad,,,,,,,,,-328.1204474894059,230.39860583353567,400.932096034584,False,dwarf
14.741320440260836,-33.33167288184917,,,simbad,,,,,,,,,-371.9370007181934,566.6618455475902,677.8220855819368,False,dwarf
14.709914586053749,-33.60370508549167,,,simbad,,,,,,,,,-411.15083341287306,158.346089796104,440.5888014575676,False,dwarf
14.740326705400001,-33.61295400811,,,simbad,,,,,,,,,-373.1777933525439,144.46361272822483,400.16421735827964,False,dwarf
14.750053957629998,-33.48740822895001,,,simbad,,,,,,,,,-361.03219657906084,332.90571264405133,491.0910918330176,False,dwarf
14.7929745699775,-33.34666949202695,,,simbad,,,,,,,,,-307.4408597330658,544.1521862629337,624.9971872321804,False,dwarf
14.54794796442,-33.513148185700004,,,simbad,,,,,,,,,-613.3848487970242,294.2704711077329,680.3205736266656,False,dwarf
14.605111963769994,-33.51879170178,,,simbad,,,,,,,,,-542.0089998266864,285.79964852700203,612.7439881314893,False,dwarf
14.64808721455542,-33.556722079532776,,,simbad,,,,,,,,,-488.349440586571,228.86679039225544,539.3191855160258,False,dwarf
14.675786774539999,-33.429317223279995,,,simbad,,,,,,,,,-453.7633438738619,420.0993337113912,618.3725595693453,False,dwarf
14.68631014139,-33.51360796577999,,,simbad,,,,,,,,,-440.6237061388182,293.58034895188024,529.4701801822416,False,dwarf
14.69028521427,-33.50673753455,,,simbad,,,,,,,,,-435.6603689903496,303.89275050747,531.1786525452646,False,dwarf
14.766915478767917,-33.20767092071084,,,simbad,,,,,,,,,-339.9786418971778,752.7867006158694,825.9983617237846,False,dwarf
14.53286076783583,-33.52203001710333,,,simbad,,,,,,,,,-632.2229545457915,280.93899177055823,691.8327697873726,False,dwarf
14.591363335158748,-33.61482952812417,,,simbad,,,,,,,,,-559.175749012609,141.64848877687808,576.8377697902467,False,dwarf
14.627506991259997,-33.45568876172,,,simbad,,,,,,,,,-514.0462239889405,380.5160986962746,639.5592402305833,False,dwarf
14.688600772040004,-33.43958102802999,,,simbad,,,,,,,,,-437.76358947132576,404.6935356578325,596.1659316583402,False,dwarf
14.713904020161248,-33.554885681199714,,,simbad,,,,,,,,,-406.1695646148205,231.623193359195,467.5714051578688,False,dwarf
14.7616918989,-33.446848776538054,,,simbad,,,,,,,,,-346.5008840771577,393.78476755998906,524.5276978659244,False,dwarf
14.76757124382958,-33.61271021516583,,,simbad,,,,,,,,,-339.15984355322786,144.82954183115092,368.7885514303164,False,dwarf
14.512083333333333,-33.59805555555556,,,simbad,,,,,,,,,-658.1659788951107,166.82593907356312,678.9796386657964,False,dwarf
14.389107985479168,-33.58799799710028,,,simbad,,,,,,,,,-811.7148900161203,181.92216491261414,831.8513910310992,False,dwarf
14.660999795021668,-33.266092831651946,,,simbad,,,,,,,,,-472.2265939758337,665.0963963101659,815.6906107359495,False,dwarf
14.504713773539999,-33.552136346370006,,,simbad,,,,,,,,,-667.3677246226313,235.7498986307629,707.7836495514736,False,dwarf
14.699583333333333,-33.52166666666667,,,simbad,,,,,,,,,-424.05059449033,281.48437465597186,508.9718654926477,False,dwarf
14.458349397060001,-33.45820809386,,,simbad,,,,,,,,,-725.2589983415799,376.7346235879638,817.2695952287694,False,dwarf
14.65463712737,-33.56900833468,,,simbad,,,,,,,,,-480.17111868575336,210.42532835716577,524.2548254753111,False,dwarf
14.73950835558,-33.489246850410005,,,simbad,,,,,,,,,-374.1995975268757,330.1459728010252,499.0207432021349,False,dwarf
14.717891563760004,-33.43378530082,,,simbad,,,,,,,,,-401.19065633506966,413.3928245809484,576.062123512368,False,dwarf
14.485571753669996,-33.40494914764,,,simbad,,,,,,,,,-691.2687451034299,456.67540480858435,828.4955662608913,False,dwarf
14.816384941339999,-33.59245317271,,,simbad,,,,,,,,,-278.210309916585,175.2350213622127,328.7982500800414,False,dwarf
14.640000000000002,-33.353888888888896,,,simbad,,,,,,,,,-498.44726109006774,533.3159931715053,729.9833016314135,False,dwarf
14.78375,-33.449166666666656,,,simbad,,,,,,,,,-318.95879971307335,390.3056535178402,504.0567617663637,False,dwarf
14.85708333333333,-33.57472222222222,,,simbad,,,,,,,,,-227.39367159031949,201.84887939692976,304.0573169537651,False,dwarf
14.822168652810005,-33.59309388844,,,simbad,,,,,,,,,-270.98867880145747,174.2733178432465,322.1894680939349,False,dwarf
14.688353623429999,-33.54727304131999,,,simbad,,,,,,,,,-438.07218302778733,243.04963759680055,500.9794046452082,False,dwarf
14.56899403,-33.42132694131,,,simbad,,,,,,,,,-587.1064075518514,432.0926123657538,728.9704791344449,False,dwarf
14.771653611068336,-33.49108247403779,,,simbad,,,,,,,,,-334.0625370178517,327.39073265365204,467.7418844472864,False,dwarf
14.817552948399998,-33.53768293204,,,simbad,,,,,,,,,-276.7519183334438,257.44423009712534,377.98036445236517,False,dwarf
14.759167046420004,-33.47563498944,,,simbad,,,,,,,,,-349.65345372472945,350.57714684854926,495.1382368532053,False,dwarf
14.776721792990001,-33.57311851355001,,,simbad,,,,,,,,,-327.7343271041253,204.25601910219316,386.1739381442892,False,dwarf
14.85913997144,-33.59584228001,,,simbad,,,,,,,,,-224.8257216120543,170.1480283886252,281.95204674362157,False,dwarf
14.78504166666667,-33.56733333333334,,,simbad,,,,,,,,,-317.3460048427236,212.9394771659785,382.16712015211124,False,dwarf
14.557209315035415,-33.36610237424778,,,simbad,,,,,,,,,-601.8209839467034,514.9837573630281,792.0838131576231,False,dwarf
14.752172909900004,-33.44750510389,,,simbad,,,,,,,,,-358.3864401778466,392.7996312594235,531.7258605906698,False,dwarf
14.454875,-33.54055555555556,,,simbad,,,,,,,,,-729.5971839590565,253.1324705846869,772.2616774806922,False,dwarf
14.698900500860002,-33.56709279192,,,simbad,,,,,,,,,-424.9031896208792,213.3005257759004,475.43646772862553,False,dwarf
14.72391662138,-33.58574556247999,,,simbad,,,,,,,,,-393.6676767043138,185.30303133927117,435.09936003779075,False,dwarf
14.793276186410003,-33.77111254101,,,simbad,,,,,,,,,-307.06425681553026,-92.92968124543988,320.8183028912986,False,dwarf
14.86015120859,-33.70596592941,,,simbad,,,,,,,,,-223.56307535020574,4.854285483220311,223.61577034635633,False,dwarf
14.810673118529998,-33.67776090841001,,,simbad,,,,,,,,,-285.3421797449339,47.18954693900712,289.2179331955384,False,dwarf
14.8505,-33.80636111111111,,,simbad,,,,,,,,,-235.61372286497067,-145.83719126550076,277.09621570584727,False,dwarf
14.783752224719999,-33.80666247575001,,,simbad,,,,,,,,,-318.95602189345766,-146.28953451252391,350.90393530137385,False,dwarf
14.789978205409996,-33.78601355368,,,simbad,,,,,,,,,-311.18216662660217,-115.29585028111211,331.85459755512056,False,dwarf
14.868427822180003,-33.64684927234,,,simbad,,,,,,,,,-213.2287682985079,93.58739202659794,232.86285143070566,False,dwarf
14.6775,-33.73305555555556,,,simbad,,,,,,,,,-451.62418420911473,-35.80678708297547,453.0414216865318,False,dwarf
14.595243358190002,-33.80967157911,,,simbad,,,,,,,,,-554.3310925674817,-150.8061479726823,574.4784194845064,False,dwarf
14.69509226934,-33.83092575355,,,simbad,,,,,,,,,-429.6582060806534,-182.70830581700403,466.89238488860053,False,dwarf
14.868075397340002,-33.79194898926,,,simbad,,,,,,,,,-213.66881137525831,-124.2048391144579,247.14611672847317,False,dwarf
14.756598805380003,-33.81323946325,,,simbad,,,,,,,,,-352.86019899579117,-156.16148197193303,385.8713885312303,False,dwarf
14.746944863350002,-33.783623938459996,,,simbad,,,,,,,,,-364.9142595257916,-111.70907808485686,381.62984020097986,False,dwarf
14.72119173774,-33.75850963182,,,simbad,,,,,,,,,-397.07000833544475,-74.01292682564264,403.90903042245554,False,dwarf
14.779555073679997,-33.81124412943,,,simbad,,,,,,,,,-324.1966492488442,-153.1665195160854,358.55745715972705,False,dwarf
14.51112840118,-33.67910768801,,,simbad,,,,,,,,,-659.3583218719507,45.16805344361163,660.903585762462,False,dwarf
14.629649104690001,-33.75495090444001,,,simbad,,,,,,,,,-511.37154820705206,-68.67133696893512,515.9618327325951,False,dwarf
14.82540008254,-33.62753331159,,,simbad,,,,,,,,,-266.9538659299101,122.5803237681089,293.7521103073454,False,dwarf
14.86135143946,-33.65178533932,,,simbad,,,,,,,,,-222.06444862218052,86.1784386291975,238.20021542064023,False,dwarf
14.524306073909997,-33.72489868162,,,simbad,,,,,,,,,-642.9044769826523,-23.563456694248195,643.3361508696053,False,dwarf
14.819812448919999,-33.69591221773,,,simbad,,,,,,,,,-273.9306712251614,19.944737377368238,274.6557940166558,False,dwarf
14.863538063449997,-33.68061871314,,,simbad,,,,,,,,,-219.33419627035732,42.900030174104046,223.4902732615061,False,dwarf
14.562934837169996,-33.643809482719995,,,simbad,,,,,,,,,-594.6720089309421,98.15006504617685,602.7173744588181,False,dwarf
14.850298116639998,-33.752614455030006,,,simbad,,,,,,,,,-235.86579753394022,-65.1643657580021,244.70200042289062,False,dwarf
14.87465474034,-33.879099054849995,,,simbad,,,,,,,,,-205.45374249218895,-255.01561967165708,327.48161258392196,False,dwarf
14.86918813746,-33.86006987019,,,simbad,,,,,,,,,-212.27942694359842,-226.45313401098855,310.3926175135312,False,dwarf
14.817962612489996,-33.8722680269,,,simbad,,,,,,,,,-276.2404054486088,-244.76236177567202,369.0763814502585,False,dwarf
14.80100211738,-33.84919877371999,,,simbad,,,,,,,,,-297.4175405545928,-210.13580131447785,364.1623929287874,False,dwarf
14.85123116085,-33.83435705367,,,simbad,,,,,,,,,-234.70078417985306,-187.8586295027589,300.62488714890657,False,dwarf
14.857862075389999,-33.8061411929,,,simbad,,,,,,,,,-226.42132227858897,-145.50709773477567,269.1448135736266,False,dwarf
14.84687470338,-33.791476938390005,,,simbad,,,,,,,,,-240.14032399442564,-123.4962987094883,270.0346477826334,False,dwarf
14.901524350710003,-33.80314355447,,,simbad,,,,,,,,,-171.903933635761,-141.00769294141568,222.3378777179199,False,dwarf
14.895230357069995,-33.75725225126,,,simbad,,,,,,,,,-179.7627109182779,-72.12561978350452,193.69237792397254,False,dwarf
14.700631381700003,-33.86087147724001,,,simbad,,,,,,,,,-422.74198517706304,-227.6563326913581,480.14392826101897,False,dwarf
14.71117978094,-33.82153899821,,,simbad,,,,,,,,,-409.57109161478445,-168.61894415546308,442.9230490893755,False,dwarf
14.598352797239999,-33.72895207573,,,simbad,,,,,,,,,-550.4485991356256,-29.64753298088718,551.2464389927843,False,dwarf
14.6095931355,-33.71496514879,,,simbad,,,,,,,,,-536.41373986853,-8.653391229749952,536.4835332976382,False,dwarf
14.572588419459997,-33.72111038645999,,,simbad,,,,,,,,,-582.6183975778387,-17.877289466411874,582.8926098989713,False,dwarf
14.756213933679994,-33.80556887334999,,,simbad,,,,,,,,,-353.3407557210912,-144.64805572994544,381.8019770509384,False,dwarf
14.822102011829998,-33.78672600625,,,simbad,,,,,,,,,-271.0718877542643,-116.36522958864504,294.9929405729543,False,dwarf
14.833141042049999,-33.76733308944,,,simbad,,,,,,,,,-257.2883848027369,-87.25678809725723,271.68190963597647,False,dwarf
14.811925689350002,-33.74235238208001,,,simbad,,,,,,,,,-283.77820055016554,-49.76116710707657,288.1080367836836,False,dwarf
14.702890023390001,-33.79714287151,,,simbad,,,,,,,,,-419.9218104171342,-132.0007688896663,440.1801106950048,False,dwarf
14.772964606999997,-33.76481010552,,,simbad,,,,,,,,,-332.4256073298858,-83.46983172867195,342.74479896485116,False,dwarf
14.771218349320003,-33.72111986297,,,simbad,,,,,,,,,-334.6060115326662,-17.89151354832552,335.08400321538574,False,dwarf
14.859847368279999,-33.75522046383,,,simbad,,,,,,,,,-223.94245503539807,-69.07594107304749,234.35381115400793,False,dwarf
14.804950047219998,-33.69651958261,,,simbad,,,,,,,,,-292.4880946234233,19.0330929225031,293.10671115250375,False,dwarf
14.795609730079997,-33.69250542234,,,simbad,,,,,,,,,-304.15055829112345,25.05827987613096,305.18106019075395,False,dwarf
14.796397553,-33.68695749595,,,simbad,,,,,,,,,-303.16687047374063,33.385623942221,304.9995921945687,False,dwarf
14.864710398509995,-33.64490903676,,,simbad,,,,,,,,,-217.87040067983605,96.49965295222995,238.2849019814162,False,dwarf
14.856009806470004,-33.65551439432,,,simbad,,,,,,,,,-228.73409374646045,80.58118988373009,242.51312089264846,False,dwarf
14.839754455980001,-33.6520011179,,,simbad,,,,,,,,,-249.0307744323326,85.85455861503655,263.414752527929,False,dwarf
14.828928495679998,-33.64203800438,,,simbad,,,,,,,,,-262.54823500399266,100.80902419699855,281.23661757186386,False,dwarf
14.82999583609,-33.63330926313,,,simbad,,,,,,,,,-261.21553734864204,113.9107177925629,284.9722944083455,False,dwarf
14.829151036089998,-33.64155352309,,,simbad,,,,,,,,,-262.27036762461955,101.53622245302275,281.2389557013445,False,dwarf
14.654999637889999,-33.75248428148,,,simbad,,,,,,,,,-479.7184824738057,-64.96897745199392,484.0979141228856,False,dwarf
14.759758555069997,-33.68592618153,,,simbad,,,,,,,,,-348.9148869248789,34.93360951591518,350.65931527853564,False,dwarf
14.70232185615,-33.668579939050005,,,simbad,,,,,,,,,-420.6312327733943,60.97002731068191,425.02703233409835,False,dwarf
14.619052832379996,-33.710441086639996,,,simbad,,,,,,,,,-524.6022168209953,-1.8628501426607436,524.6055242791068,False,dwarf
14.653383634299999,-33.65539492698,,,simbad,,,,,,,,,-481.7362494160584,80.76050834884607,488.45887617097804,False,dwarf
14.645824974999998,-33.65088333365,,,simbad,,,,,,,,,-491.17410769661564,87.53233394712635,498.91273140479973,False,dwarf
14.649181633510004,-33.64176409249,,,simbad,,,,,,,,,-486.9829322438926,101.22016133031097,497.3910909501636,False,dwarf
14.77091765256,-33.64057103393001,,,simbad,,,,,,,,,-334.9814661329742,103.01092213382823,350.46231285468997,False,dwarf
14.750584742050002,-33.64750004634,,,simbad,,,,,,,,,-360.36945098692644,92.61059121376314,372.07910826809604,False,dwarf
14.757796121239998,-33.626153371079994,,,simbad,,,,,,,,,-351.3652119941021,124.6515912308983,372.8210447333349,False,dwarf
14.52862814662,-33.65707364705,,,simbad,,,,,,,,,-637.5078705083719,78.24077779894,642.2911366901322,False,dwarf
14.901784132989997,-33.81376844203,,,simbad,,,,,,,,,-171.57956548460302,-156.95547021097212,232.53938789166995,False,dwarf
14.402319875730416,-33.955571073639724,,,simbad,,,,,,,,,-795.218320603401,-369.79883183504825,876.9967807522784,False,dwarf
14.912416666666665,-33.83722222222222,,,simbad,,,,,,,,,-158.30362037041755,-192.15919924079427,248.96825917221767,False,dwarf
14.86195209681,-33.674747799429994,,,simbad,,,,,,,,,-221.31445861476348,51.71217276735396,227.2756881064636,False,dwarf
14.83077869768,-33.67163664981,,,simbad,,,,,,,,,-260.2380443242231,56.381955944987624,266.27573053111473,False,dwarf
14.79667996615,-33.741202693110004,,,simbad,,,,,,,,,-302.81424507015043,-48.03550332764428,306.600516303129,False,dwarf
14.387875000000003,-33.866583333333345,,,simbad,,,,,,,,,-813.2544146530273,-236.2297324810305,846.8690745686121,False,dwarf
14.881372140719998,-33.661671977279994,,,simbad,,,,,,,,,-197.06629304064595,71.33876157470232,209.58135116415764,False,dwarf
14.843977505139998,-33.67897341647,,,simbad,,,,,,,,,-243.75781028591896,45.36959276357444,247.9440864850756,False,dwarf
14.840547062559999,-33.66293095491999,,,simbad,,,,,,,,,-248.04111366349142,69.44905734238405,257.58021203728134,False,dwarf
14.774436639210002,-33.70149887285,,,simbad,,,,,,,,,-330.58760526747744,11.559262139862803,330.78963299611365,False,dwarf
14.78642927115,-33.736475682549994,,,simbad,,,,,,,,,-315.6134205386354,-40.940340095446224,318.2576671051749,False,dwarf
14.545410900317084,-33.878144501082225,,,simbad,,,,,,,,,-616.552666064834,-253.58285054405738,666.6644224208343,False,dwarf
14.710462922430006,-33.79700915307,,,simbad,,,,,,,,,-410.4661721781516,-131.80005976349474,431.1075669206524,False,dwarf
14.64344833019542,-33.650985085352495,,,simbad,,,,,,,,,-494.14162296070833,87.3796063555139,501.8078707524299,False,dwarf
14.556833333333334,-33.65705555555555,,,simbad,,,,,,,,,-602.2904404838355,78.2679328273821,607.3546278800254,False,dwarf
14.499175956919998,-33.93285906874,,,simbad,,,,,,,,,-674.2823276453236,-335.70849502533065,753.2309413499739,False,dwarf
14.7027631471,-33.83783028101999,,,simbad,,,,,,,,,-420.08023010462904,-193.0718852545379,462.3247263563777,False,dwarf
14.70467242774,-33.653026295790006,,,simbad,,,,,,,,,-417.6962729261222,84.31578386949768,426.1212595328957,False,dwarf
14.707560425380004,-33.62200776108,,,simbad,,,,,,,,,-414.0902746453242,130.87408201520455,434.2796114246702,False,dwarf
14.72865687653,-33.70386049745,,,simbad,,,,,,,,,-387.7489212023476,8.014503392782757,387.83173949306587,False,dwarf
14.73325410656,-33.87949111993,,,simbad,,,,,,,,,-382.0087490654366,-255.60410275309064,459.6347916626332,False,dwarf
14.733999227109999,-33.64506578268,,,simbad,,,,,,,,,-381.078380084153,96.26437996642623,393.0490587927704,False,dwarf
14.751305344700002,-33.62387086246,,,simbad,,,,,,,,,-359.4696954327511,128.0775982245681,381.6049437592348,False,dwarf
14.770223996162498,-33.63197229118833,,,simbad,,,,,,,,,-335.84757618175263,115.91749015800823,355.2892609574487,False,dwarf
14.775553143270006,-33.84286973019,,,simbad,,,,,,,,,-329.1935211224256,-200.63601357784955,385.51677563160837,False,dwarf
14.793007486189998,-33.87779247616,,,simbad,,,,,,,,,-307.39976004377445,-253.05446706505984,398.159736508542,False,dwarf
14.821684607799998,-33.63518583768,,,simbad,,,,,,,,,-271.59306484725437,111.09401100070659,293.4359762424336,False,dwarf
14.82854924197,-33.70490584631,,,simbad,,,,,,,,,-263.02177702054223,6.445452361037107,263.10073934366324,False,dwarf
14.822249999999999,-33.65544444444444,,,simbad,,,,,,,,,-270.8871074486275,80.68618346875334,282.64834191029246,False,dwarf
14.83464009646,-33.7903547346,,,simbad,,,,,,,,,-255.41664240571683,-121.81188972228951,282.9766734123593,False,dwarf
14.839939433450002,-33.71614044270001,,,simbad,,,,,,,,,-248.79980871769092,-10.417487592864427,249.01780833046274,False,dwarf
14.847199297630004,-33.83944342263,,,simbad,,,,,,,,,-239.7350306204766,-195.49318364055802,309.33876213064826,False,dwarf
14.847533218330833,-33.88483399849305,,,simbad,,,,,,,,,-239.31809209655694,-263.6236734845963,356.04857874488016,False,dwarf
14.850840398060003,-33.65267883097,,,simbad,,,,,,,,,-235.18869661074189,84.8373227118866,250.0221876921734,False,dwarf
14.85491438733,-33.81207453414001,,,simbad,,,,,,,,,-230.10185093604147,-154.41294299906838,277.1104811619831,False,dwarf
14.856855451200003,-33.77990170626,,,simbad,,,,,,,,,-227.67820872761425,-106.1220702472765,251.19566183153515,False,dwarf
14.861200657010002,-33.67288307844,,,simbad,,,,,,,,,-222.25271790880925,54.51108756530165,228.83996435370446,False,dwarf
14.862938105776664,-33.74472069869195,,,simbad,,,,,,,,,-220.0833126507261,-53.31597045136882,226.44923760633085,False,dwarf
14.86967730887,-33.64916138404,,,simbad,,,,,,,,,-211.6686399959092,90.11695130844477,230.0536417248082,False,dwarf
14.87279060514,-33.71571610174,,,simbad,,,,,,,,,-207.7813303798168,-9.78055895917973,208.01139533198793,False,dwarf
14.87523371126,-33.7179497127,,,simbad,,,,,,,,,-204.73083049488199,-13.133171388794773,205.15163451908336,False,dwarf
14.877519357190002,-33.87387709444,,,simbad,,,,,,,,,-201.87693782546663,-247.17754505122235,319.1410923139425,False,dwarf
14.883330423629998,-33.78832600093,,,simbad,,,,,,,,,-194.62115087399133,-118.76679465415552,227.99768393547168,False,dwarf
14.895932105010006,-33.848870153250004,,,simbad,,,,,,,,,-178.88649764504737,-209.64254752407797,275.590959162482,False,dwarf
14.458985758079999,-33.870190410410004,,,simbad,,,,,,,,,-724.4644281825537,-241.64389441806944,763.7018262459542,False,dwarf
14.5223674703025,-33.66588845154861,,,simbad,,,,,,,,,-645.3250472694667,65.0099047167827,648.5913230568419,False,dwarf
14.547953218868336,-33.85108375264195,,,simbad,,,,,,,,,-613.3782880120013,-212.96512292710236,649.2973646857729,False,dwarf
14.55898624439,-33.92482653652,,,simbad,,,,,,,,,-599.6022826191894,-323.651799457342,681.3760963037357,False,dwarf
14.58123362128,-33.71680802813,,,simbad,,,,,,,,,-571.8238655919894,-11.41952207894903,571.9378801452804,False,dwarf
14.62390233427,-33.63936704581,,,simbad,,,,,,,,,-518.5470541588636,104.81808802285397,529.0348560856858,False,dwarf
14.658479564119999,-33.71772131502,,,simbad,,,,,,,,,-475.3733930496107,-12.790350318085508,475.5454298810567,False,dwarf
14.670106903309996,-33.66225840354,,,simbad,,,,,,,,,-460.8553184678982,70.4585456357758,466.2102864730213,False,dwarf
14.68968767838,-33.63375722591,,,simbad,,,,,,,,,-436.4064614947905,113.23833320494647,450.8586471849448,False,dwarf
14.892709852110002,-33.72193480971,,,simbad,,,,,,,,,-182.90985218549432,-19.11473487868531,183.90591919783824,False,dwarf
14.495464064736245,-33.89729106287083,,,simbad,,,,,,,,,-678.917053327822,-282.32151729776,735.278045659356,False,dwarf
14.63145242628,-33.67068982201,,,simbad,,,,,,,,,-509.1198931283974,57.80312852509195,512.3907368857863,False,dwarf
14.763530016220834,-33.72632223108473,,,simbad,,,,,,,,,-344.20578251370074,-25.7001804635677,345.1639030833453,False,dwarf
14.796988821822916,-33.71485775036,,,simbad,,,,,,,,,-302.428603125667,-8.492187995257972,302.54780985075564,False,dwarf
14.798656715909999,-33.62835520859,,,simbad,,,,,,,,,-300.34604491050004,121.34667021455292,323.9332663767949,False,dwarf
14.822315804830001,-33.77717151769001,,,simbad,,,,,,,,,-270.80494252557594,-102.02410318906318,289.3859611795519,False,dwarf
14.84773613333,-33.690746302300006,,,simbad,,,,,,,,,-239.06472930705397,27.69868942680298,240.66400269798862,False,dwarf
14.85056926609333,-33.806326444187775,,,simbad,,,,,,,,,-235.5272361552841,-145.78515679747727,276.995290417386,False,dwarf
14.854418984643335,-33.647081781529444,,,simbad,,,,,,,,,-230.72041835163398,93.23839964945746,248.84796686640811,False,dwarf
14.911831816380001,-33.84296978569,,,simbad,,,,,,,,,-159.03387343538634,-200.7861951980856,256.1383787759777,False,dwarf
14.885190215100003,-33.73659341172001,,,simbad,,,,,,,,,-192.29898663445468,-41.117049596691714,196.64565092616462,False,dwarf
14.550666666666666,-33.63038888888889,,,simbad,,,,,,,,,-609.9902353487035,118.29415033978607,621.3546436821557,False,dwarf
14.9160876315,-33.86078017478,,,simbad,,,,,,,,,-153.71999720725756,-227.51928923670707,274.581253031185,False,dwarf
14.83638455366,-33.63914867807001,,,simbad,,,,,,,,,-253.2384863099532,105.14585432255052,274.199528864977,False,dwarf
14.648188799890002,-33.75980499823,,,simbad,,,,,,,,,-488.22259957507515,-75.95724998882791,494.09595278823065,False,dwarf
14.874364962539998,-33.75820921161,,,simbad,,,,,,,,,-205.81556351106522,-73.56200115050204,218.56672710328942,False,dwarf
14.777083333333334,-33.77583333333333,,,simbad,,,,,,,,,-327.28290226968585,-100.015511009111,342.22390413365684,False,dwarf
14.873057113090002,-33.84138578954,,,simbad,,,,,,,,,-207.44856445362265,-198.40864365662503,287.0555639097254,False,dwarf
14.765299832669998,-33.77955331899,,,simbad,,,,,,,,,-341.99596246931793,-105.59914682299043,357.9279510670529,False,dwarf
14.74375,-33.80305555555555,,,simbad,,,,,,,,,-368.9034150527565,-140.87560805302758,394.8869035330199,False,dwarf
14.684999999999999,-33.95305555555556,,,simbad,,,,,,,,,-442.2595688329241,-366.0230815603012,574.0787598049442,False,dwarf
14.703333333333333,-33.79111111111111,,,simbad,,,,,,,,,-419.36828680223465,-122.94719812559273,437.01919122891513,False,dwarf
14.726125000000001,-33.6195,,,simbad,,,,,,,,,-390.910261186806,134.63818915734316,413.4468215873783,False,dwarf
14.786010186429998,-33.77691340804999,,,simbad,,,,,,,,,-316.13669616701657,-101.63668496681733,332.07292330818035,False,dwarf
14.865502200889999,-33.65930875485,,,simbad,,,,,,,,,-216.88174404747917,74.88591863769068,229.44627194898393,False,dwarf
14.767116363899998,-33.64423796794001,,,simbad,,,,,,,,,-339.72781363094504,97.50691594803217,353.4438937259473,False,dwarf
14.651495568430002,-33.69371124389999,,,simbad,,,,,,,,,-484.0937175063833,23.24836202458225,484.6516415591472,False,dwarf
14.727166666666664,-33.66233333333333,,,simbad,,,,,,,,,-389.6096201623404,70.34607727805064,395.9093667892345,False,dwarf
14.831605333000002,-33.703263736500006,,,simbad,,,,,,,,,-259.20589474713074,8.910231527318846,259.35899463394566,False,dwarf
14.866249999999997,-33.8265,,,simbad,,,,,,,,,-215.9480305749728,-176.06532428268906,278.6261838449105,False,dwarf
14.787375391380003,-33.737915418300005,,,simbad,,,,,,,,,-314.4320802648218,-43.10135920633806,317.3724314824732,False,dwarf
14.40793915476,-33.98255269618,,,simbad,,,,,,,,,-788.2020023629285,-410.29779280884406,888.5981517608166,False,dwarf
14.881300223098336,-33.69773401028721,,,simbad,,,,,,,,,-197.15609048939905,17.21025743396587,197.90582855996809,False,dwarf
14.84333418723,-33.64598034901,,,simbad,,,,,,,,,-244.5610669248174,94.89163130939748,262.32525068693565,False,dwarf
14.820318959620002,-33.71825338025,,,simbad,,,,,,,,,-273.29823417323564,-13.588971266580208,273.6358619448348,False,dwarf
14.734612267730002,-33.64992163766,,,simbad,,,,,,,,,-380.3129281353121,88.97582342999843,390.58241186963517,False,dwarf
14.796169700359998,-33.67760622603,,,simbad,,,,,,,,,-303.4513707852161,47.421722586032054,307.1344236721981,False,dwarf
14.517333555370003,-33.86280390042,,,simbad,,,,,,,,,-651.6104708933733,-230.55686733616577,691.1965529816754,False,dwarf
14.764317198070001,-33.76392110392,,,simbad,,,,,,,,,-343.2228951472262,-82.13545530077782,352.91385460294686,False,dwarf
14.876709380830002,-33.685558931699994,,,simbad,,,,,,,,,-202.8882867688267,35.484845325062906,205.96803430564972,False,dwarf
14.87128770626,-33.7065720027,,,simbad,,,,,,,,,-209.65787304121798,3.944579683190952,209.69497713832948,False,dwarf
14.78463963575,-33.68029394592,,,simbad,,,,,,,,,-317.84798682991726,43.387500301176104,320.7956014570895,False,dwarf
14.78871595899,-33.71990689606999,,,simbad,,,,,,,,,-312.7582269243682,-16.07087066175472,313.17085016441337,False,dwarf
14.775579711250003,-33.73650125864,,,simbad,,,,,,,,,-329.1603479338908,-40.97872937575886,331.70135802135593,False,dwarf
14.717416666666667,-33.83705555555556,,,simbad,,,,,,,,,-401.783620151385,-191.90903538135194,445.263018094871,False,dwarf
14.89276665981,-33.78024403297,,,simbad,,,,,,,,,-182.83892121737412,-106.6358968730845,211.66314184066212,False,dwarf
14.716573858259999,-33.82378833722001,,,simbad,,,,,,,,,-402.83596369328757,-171.99516412322336,438.01729432349384,False,dwarf
14.883616718880004,-33.74983564819,,,simbad,,,,,,,,,-194.2636782206138,-60.993423495388384,203.61378731679733,False,dwarf
14.815432984030004,-33.87968724502001,,,simbad,,,,,,,,,-279.3989384582733,-255.8984832097988,378.87702559100313,False,dwarf
14.868249144450001,-33.71207344861,,,simbad,,,,,,,,,-213.45186806087685,-4.312997965293164,213.4954377267266,False,dwarf
14.805833333333332,-33.79611111111111,,,simbad,,,,,,,,,-291.3852099942886,-130.45211390916788,319.25396571818203,False,dwarf
14.741689999999997,-33.71402,,,simbad,,,,,,,,,-371.4755627427581,-7.234738815367514,371.5460067888974,False,dwarf
14.723123724420002,-33.86346076744,,,simbad,,,,,,,,,-394.6577000460925,-231.54281366939665,457.566142505772,False,dwarf
14.741980534090002,-33.8736396656,,,simbad,,,,,,,,,-371.1127974085475,-246.82116836146784,445.6965307826814,False,dwarf
14.71231419792,-33.8254665844,,,simbad,,,,,,,,,-408.1546411222632,-174.5141848731897,443.8979745297305,False,dwarf
14.705654501589997,-33.788072396249994,,,simbad,,,,,,,,,-416.47004040928897,-118.38613830100653,432.9694819503331,False,dwarf
14.7739878249,-33.85484757728,,,simbad,,,,,,,,,-331.1480017192762,-218.61456031364202,396.8013672151304,False,dwarf
14.765005235080002,-33.63782882981,,,simbad,,,,,,,,,-342.36380155212726,107.12692433024174,358.73270066956775,False,dwarf
14.708321733710003,-33.83477831166,,,simbad,,,,,,,,,-413.1396933529054,-188.4909306503866,454.10707675743345,False,dwarf
14.640759012359998,-33.72188490649,,,simbad,,,,,,,,,-497.4995465811151,-19.0398309859956,497.8637504502516,False,dwarf
14.863066646650003,-33.72842171034,,,simbad,,,,,,,,,-219.92281453886724,-28.851463463602567,221.80723905835129,False,dwarf
14.82333456876,-33.626029702109996,,,simbad,,,,,,,,,-269.5328982104338,124.83721627187694,297.03924620195806,False,dwarf
14.662916666666662,-33.711666666666666,,,simbad,,,,,,,,,-469.83315855171287,-3.702425119893382,469.8477464311683,False,dwarf
14.78985168494,-33.75582910036999,,,simbad,,,,,,,,,-311.3401420317667,-69.98949426813783,319.1100332930169,False,dwarf
14.565174196500001,-33.79930393113889,,,simbad,,,,,,,,,-591.8759104223313,-135.2444829932844,607.1310925314107,False,dwarf
14.768388941510002,-33.75981911351,,,simbad,,,,,,,,,-338.13885365040795,-75.97843678635674,346.5697724910677,False,dwarf
14.60019197153,-33.93299390165,,,simbad,,,,,,,,,-548.1521778242062,-335.9108769522088,642.8895140754919,False,dwarf
14.643625,-33.63213888888889,,,simbad,,,,,,,,,-493.92103032491053,115.66742981552713,507.2838835576694,False,dwarf
14.385291666666665,-33.95305555555556,,,simbad,,,,,,,,,-816.4800043937189,-366.0230815603012,894.7695199377692,False,dwarf
14.55125,-33.93583333333333,,,simbad,,,,,,,,,-609.2618763749977,-340.17281608352533,697.7947970615566,False,dwarf
15.148468130955834,-34.270424776424726,,,simbad,,,,,,,,,136.43386923688934,-842.3889365447272,853.3658776210267,False,dwarf
15.105791225270831,-34.13528495033472,,,simbad,,,,,,,,,83.1468282787512,-639.5463337822212,644.9286069845998,False,dwarf
15.079691512617087,-33.97578815960723,,,simbad,,,,,,,,,50.55832555456068,-400.1443373501321,403.32571824303153,False,dwarf
15.125129676472502,-33.933692103402215,,,simbad,,,,,,,,,107.29311594206811,-336.95886602227955,353.62846339000856,False,dwarf
14.651708333333332,-34.03661111111111,,,simbad,,,,,,,,,-483.828055975018,-491.43856309915935,689.6386365695672,False,dwarf
14.93449841116,-33.97896136305,,,simbad,,,,,,,,,-130.73201450169518,-404.9072622705603,425.4888372861405,False,dwarf
15.007583333333333,-34.16938888888888,,,simbad,,,,,,,,,-39.47705637474723,-690.7357711296571,691.8629513842297,False,dwarf
14.673260605540005,-33.97572716398,,,simbad,,,,,,,,,-456.9175573485569,-400.0527839410222,607.3021358041926,False,dwarf
15.076041666666665,-34.30138888888889,,,simbad,,,,,,,,,46.00107175348826,-888.8655478160621,890.0550885741948,False,dwarf
15.128708333333334,-34.26588888888889,,,simbad,,,,,,,,,111.76148195074519,-835.5806457526804,843.021734241943,False,dwarf
14.867791666666667,-34.20119444444445,,,simbad,,,,,,,,,-214.0230818587508,-738.4753743085334,768.8639398674164,False,dwarf
15.016291666666667,-34.26761111111111,,,simbad,,,,,,,,,-28.603697410164283,-838.1656723003465,838.6536029423734,False,dwarf
14.991130653899997,-33.90599300749,,,simbad,,,,,,,,,-60.02012501487384,-295.3829896017939,301.419186437915,False,dwarf
14.761109930140002,-34.00643160527,,,simbad,,,,,,,,,-347.22753922360414,-446.1396331536682,565.3384263127434,False,dwarf
14.76945501569,-33.95993708195,,,simbad,,,,,,,,,-336.80773702931856,-376.3521367708562,505.05483125577547,False,dwarf
14.770599072539998,-33.95706996235,,,simbad,,,,,,,,,-335.3792500468211,-372.0486385429569,500.89862327983684,False,dwarf
14.745643372920005,-33.972665352190006,,,simbad,,,,,,,,,-366.5393204981539,-395.45705601521286,539.2006645243193,False,dwarf
14.9896277657,-34.28547336717,,,simbad,,,,,,,,,-61.89665434105816,-864.9766177856777,867.1884138608904,False,dwarf
14.935813392070003,-34.13097446705999,,,simbad,,,,,,,,,-129.09010910846868,-633.0763709895475,646.1036664304975,False,dwarf
15.19617699028,-33.99044313759,,,simbad,,,,,,,,,196.0038849179046,-422.1412124643036,465.4253174933047,False,dwarf
15.07631424636,-34.02388041691,,,simbad,,,,,,,,,46.34141895181448,-472.3300055300059,474.59789425833213,False,dwarf
15.075512485910004,-34.00991044978,,,simbad,,,,,,,,,45.34032852007169,-451.36132016800934,453.6328766019018,False,dwarf
15.077092458559997,-34.01006179645001,,,simbad,,,,,,,,,47.3131066763515,-451.5884889705164,454.060231064164,False,dwarf
15.029848977159999,-34.029593016,,,simbad,,,,,,,,,-11.675830969413045,-480.90452054515544,481.04623780837545,False,dwarf
15.045875923749998,-33.99000759492,,,simbad,,,,,,,,,8.335661093267426,-421.4874702526099,421.56988842397953,False,dwarf
14.996891367099998,-34.00311727004,,,simbad,,,,,,,,,-52.82720989346549,-441.1648717977326,444.31650679829363,False,dwarf
15.035593001830003,-33.99606138906,,,simbad,,,,,,,,,-4.50375340328803,-430.57411329096817,430.59766700601284,False,dwarf
15.153327057660004,-33.97290127528,,,simbad,,,,,,,,,142.5007998669771,-395.8111725995834,420.6815450164001,False,dwarf
15.191521007250001,-33.96401044692001,,,simbad,,,,,,,,,190.19035288136993,-382.46618898198403,427.1448888182355,False,dwarf
15.175217611460003,-33.95377810134,,,simbad,,,,,,,,,169.83368209481722,-367.10761061270335,404.4891560272681,False,dwarf
15.170285494729999,-33.93900434166,,,simbad,,,,,,,,,163.67536527255658,-344.93244617167517,381.795779991189,False,dwarf
15.052626649849994,-33.952154003379995,,,simbad,,,,,,,,,16.764721551465254,-364.66986692987933,365.0550201481334,False,dwarf
15.09983574918,-33.91584945173,,,simbad,,,,,,,,,75.71072921571934,-310.1773463911386,319.2837307672039,False,dwarf
14.67571080932,-34.15232019344,,,simbad,,,,,,,,,-453.8581952161642,-665.1159467537877,805.2120739228028,False,dwarf
14.583353633489997,-34.10688208146999,,,simbad,,,,,,,,,-569.1767857333941,-596.9141060138701,824.7840101360694,False,dwarf
14.46449569697,-33.99209497962,,,simbad,,,,,,,,,-717.5846337223992,-424.62059952888274,833.8047493860763,False,dwarf
14.85823219849,-34.01752650552,,,simbad,,,,,,,,,-225.95918088214233,-462.792891554358,515.0095260266285,False,dwarf
14.840314788440002,-34.0151595045,,,simbad,,,,,,,,,-248.33113470290598,-459.24006289140175,522.08216578172,False,dwarf
14.705954171299998,-34.02130241821,,,simbad,,,,,,,,,-416.09586819941615,-468.4604729032693,626.5708149965019,False,dwarf
14.665571301099998,-34.04586382445,,,simbad,,,,,,,,,-466.5185411607029,-505.32672997475237,687.7460674360027,False,dwarf
14.784906035289998,-33.92456001322,,,simbad,,,,,,,,,-317.51535626612264,-323.2517524731742,453.10892392644513,False,dwarf
14.96278401988,-33.98888144785,,,simbad,,,,,,,,,-95.41416832246264,-419.7971424685474,430.503779706317,False,dwarf
15.010988895460002,-33.94928538253,,,simbad,,,,,,,,,-35.2248191139483,-360.3641153510415,362.08159786759273,False,dwarf
14.963301513650002,-33.98067371348,,,simbad,,,,,,,,,-94.76801764037857,-407.47747142439096,418.35256290108043,False,dwarf
14.88391187636,-33.9874097168,,,simbad,,,,,,,,,-193.8951400505382,-417.58809895128326,460.40758651543155,False,dwarf
14.95434183189,-33.93363464933001,,,simbad,,,,,,,,,-105.9552141171113,-336.87262842760776,353.1425706174887,False,dwarf
14.88694242247,-33.96234167295,,,simbad,,,,,,,,,-190.111153557209,-379.9613873606338,424.8681049359558,False,dwarf
14.949756639729998,-33.92043766776,,,simbad,,,,,,,,,-111.68035558435682,-317.06418137154355,336.1579940032,False,dwarf
14.961832261310002,-33.90145851458,,,simbad,,,,,,,,,-96.60254871433371,-288.5767921196487,304.31663997910493,False,dwarf
14.932256350989999,-33.90089176299,,,simbad,,,,,,,,,-133.53148532067385,-287.7261075290183,317.2017820343157,False,dwarf
15.034429228699999,-33.92798031554,,,simbad,,,,,,,,,-5.956858436306177,-328.38556864635416,328.43959240265104,False,dwarf
14.86177775859,-33.93564348005,,,simbad,,,,,,,,,-221.5321399981878,-339.887849503002,405.70955040761856,False,dwarf
14.883283518400003,-33.90763878692,,,simbad,,,,,,,,,-194.679717465731,-297.8532768059063,355.8324983704449,False,dwarf
14.805816042629997,-33.90024297050001,,,simbad,,,,,,,,,-291.40679943246334,-286.7522809293368,408.8334543229666,False,dwarf
14.70894355124,-33.91922106956001,,,simbad,,,,,,,,,-412.36328241922484,-315.2380879648695,519.0554197687412,False,dwarf
15.241283818239996,-33.98990737465,,,simbad,,,,,,,,,252.324964209291,-421.33704131537473,491.1138258567089,False,dwarf
15.242746557840004,-33.96472510039,,,simbad,,,,,,,,,254.15136337590351,-383.53887180332566,460.10322938444847,False,dwarf
15.23455643696,-33.91732095397,,,simbad,,,,,,,,,243.92505245246986,-312.38604646845516,396.3388364040698,False,dwarf
15.192718740650003,-33.897175921,,,simbad,,,,,,,,,191.685861229934,-282.1486912890072,341.10314186703266,False,dwarf
15.00735814485,-33.91182156845,,,simbad,,,,,,,,,-39.758230179218764,-304.13156143064947,306.71929108751647,False,dwarf
15.25996,-34.23214999999999,,,simbad,,,,,,,,,275.6443320597267,-784.9391418041605,831.9310392892579,False,dwarf
15.026545263960003,-34.224120913147786,,,simbad,,,,,,,,,-15.800898093575231,-772.8876176751955,773.0491174150598,False,dwarf
14.86190204557125,-34.27029954232722,,,simbad,,,,,,,,,-221.3769533614285,-842.2009622737249,870.8100920030591,False,dwarf
14.846799276650836,-34.23654154146639,,,simbad,,,,,,,,,-240.23450296878605,-791.5307715772386,827.1841262804301,False,dwarf
14.868316953444582,-34.22039976321972,,,simbad,,,,,,,,,-213.3672007071016,-767.3022343095583,796.4158970751557,False,dwarf
15.018952991912917,-34.051533920771384,,,simbad,,,,,,,,,-25.280725767223238,-513.8374490500921,514.4589771222031,False,dwarf
14.711420846569997,-34.00366713236999,,,simbad,,,,,,,,,-409.2700933607388,-441.99020589355786,602.376420044259,False,dwarf
14.740973166090004,-33.98593221972,,,simbad,,,,,,,,,-372.3706125901826,-415.3704007201091,557.8462538326952,False,dwarf
14.921042744619998,-33.91936779923999,,,simbad,,,,,,,,,-147.53296673868317,-315.4583267431166,348.25268439207224,False,dwarf
14.90769512831,-33.90739163991001,,,simbad,,,,,,,,,-164.1990057962973,-297.48231330667505,339.78970001279214,False,dwarf
14.729135858340836,-33.953577706688336,,,simbad,,,,,,,,,-387.15085714492545,-366.8068216158633,533.3226327205533,False,dwarf
14.742062482209999,-33.89788316192999,,,simbad,,,,,,,,,-371.0104757252707,-283.2102480126628,466.7513445907635,False,dwarf
14.863338807119165,-34.223651941870834,,,simbad,,,,,,,,,-219.58299079029325,-772.1836996875129,802.7978300341283,False,dwarf
14.874990369439997,-34.00305337896,,,simbad,,,,,,,,,-205.0346708347856,-441.06897236278587,486.39598541259863,False,dwarf
14.88586518892,-33.89409986143,,,simbad,,,,,,,,,-191.45620393935306,-277.5315776853917,337.1635428681603,False,dwarf
14.92120334643,-33.914844211900004,,,simbad,,,,,,,,,-147.3324368480976,-308.6684983378629,342.0279064838861,False,dwarf
14.934849915140004,-33.922035527460004,,,simbad,,,,,,,,,-130.2931212249048,-319.4625418680428,345.01103329505094,False,dwarf
14.949381169482914,-33.93683395096999,,,simbad,,,,,,,,,-112.14917351090949,-341.67472630246823,359.60958790478134,False,dwarf
14.95160927951,-33.9005892945,,,simbad,,,,,,,,,-109.36712105497544,-287.2721074200959,307.38645199396274,False,dwarf
14.999977817310002,-33.901494015669996,,,simbad,,,,,,,,,-48.973420680872145,-288.6300786577771,292.755389769651,False,dwarf
15.021587862400004,-33.91330215826001,,,simbad,,,,,,,,,-21.990785943536306,-306.3539017974803,307.14216221963835,False,dwarf
15.03195053273,-34.02755880322,,,simbad,,,,,,,,,-9.051796355446031,-477.8512014252092,477.93692650890273,False,dwarf
15.08170519387,-34.0424076474,,,simbad,,,,,,,,,53.072638944397774,-500.1390664360694,502.94710535012075,False,dwarf
15.0991603547,-33.97186142932999,,,simbad,,,,,,,,,74.86742127806656,-394.2503813430325,401.2960178695448,False,dwarf
15.14655722026,-33.95858526467,,,simbad,,,,,,,,,134.04787674559066,-374.3230818026124,397.60105989572804,False,dwarf
15.15205546890125,-34.10137007421222,,,simbad,,,,,,,,,140.91307458131897,-588.6406759602618,605.2721206060248,False,dwarf
15.191840817967083,-34.17508615990444,,,simbad,,,,,,,,,190.58967346252555,-699.2872789632472,724.7945378866858,False,dwarf
15.224134989509999,-34.03240792959,,,simbad,,,,,,,,,230.91267284814444,-485.1296584313569,537.2815351113411,False,dwarf
15.240943160259999,-34.07859293214,,,simbad,,,,,,,,,251.89961341495774,-554.4525693517488,608.9918446903546,False,dwarf
14.597272857628335,-33.984625378060564,,,simbad,,,,,,,,,-551.7970283479901,-413.40885340080536,689.4830241302835,False,dwarf
14.679759923080004,-34.05131617344001,,,simbad,,,,,,,,,-448.8024094859122,-513.5106139732852,681.9946872399966,False,dwarf
14.94059409779583,-34.26534448620277,,,simbad,,,,,,,,,-123.1208463952514,-834.7635064903483,843.7943200716303,False,dwarf
15.18582557895083,-34.12071946085222,,,simbad,,,,,,,,,183.07895349144917,-617.6837793996741,644.244638739811,False,dwarf
14.79291057090625,-34.096978140611945,,,simbad,,,,,,,,,-307.52076995795926,-582.0484576008415,658.292815509219,False,dwarf
14.921965509892917,-33.99794378469027,,,simbad,,,,,,,,,-146.38078782356405,-433.39955742627876,457.4521957769375,False,dwarf
15.038912048972083,-33.96356350499862,,,simbad,,,,,,,,,-0.35954008315116315,-381.79533668594587,381.79550597696425,False,dwarf
15.058188166138748,-34.07954425900028,,,simbad,,,,,,,,,23.708916345144004,-555.8804949455616,556.3858709341779,False,dwarf
15.12875,-33.90138888888889,,,simbad,,,,,,,,,111.81350759172192,-288.47228513001187,309.38409747124194,False,dwarf
15.090419910719994,-33.9372665349,,,simbad,,,,,,,,,63.95396846607932,-342.3240274952772,348.24682322046755,False,dwarf
14.94945523319,-33.90830505211001,,,simbad,,,,,,,,,-112.05669642688352,-298.8533296340103,319.17082549544085,False,dwarf
14.954166666666666,-33.965,,,simbad,,,,,,,,,-106.17392810961687,-383.951491487736,398.3612064770905,False,dwarf
15.128374999999998,-34.10922222222222,,,simbad,,,,,,,,,111.34527682291159,-600.426617867313,610.6634868029618,False,dwarf
14.832019474929998,-33.97304352092999,,,simbad,,,,,,,,,-258.6887907623879,-396.0246809243342,473.02794670857156,False,dwarf
14.993333333333334,-33.91258333333334,,,simbad,,,,,,,,,-57.269825589507775,-305.2749576899181,310.6004390139105,False,dwarf
14.830278613070002,-34.22422844415999,,,simbad,,,,,,,,,-260.862457661315,-773.049019913343,815.8762216207074,False,dwarf
14.700490542910003,-33.93019608309,,,simbad,,,,,,,,,-422.9178386568485,-331.7113984181055,537.4866975978804,False,dwarf
15.203000000000001,-33.975638888888895,,,simbad,,,,,,,,,204.52319981601516,-399.92028451612003,449.18367426970906,False,dwarf
15.024166666666666,-34.01416666666667,,,simbad,,,,,,,,,-18.770851265167334,-457.74983002622815,458.13453454881545,False,dwarf
14.636916666666666,-33.95580555555556,,,simbad,,,,,,,,,-502.2971585225037,-370.15078524126176,623.9503500075177,False,dwarf
15.17838863928,-33.9907363963,,,simbad,,,,,,,,,173.79307621234747,-422.5813888485761,456.9234766791287,False,dwarf
15.185171376220003,-33.94912266361,,,simbad,,,,,,,,,182.2621058978167,-360.11987699283907,403.6159078277818,False,dwarf
15.199249999999997,-33.981722222222224,,,simbad,,,,,,,,,199.8408921279159,-409.0512653861371,455.25742155453247,False,dwarf
15.087916666666665,-33.9411111111111,,,simbad,,,,,,,,,60.82837943245671,-348.0946716328472,353.3694839167053,False,dwarf
14.867916666666666,-33.980555555555554,,,simbad,,,,,,,,,-213.86700493581668,-407.3001183699645,460.03530541079533,False,dwarf
14.920833333333329,-34.026944444444446,,,simbad,,,,,,,,,-147.79444089269546,-476.9290592509223,499.30403995637187,False,dwarf
15.012916666666667,-33.916388888888896,,,simbad,,,,,,,,,-32.81777432945323,-310.98703248075645,312.7138319344477,False,dwarf
14.65675,-34.05472222222222,,,simbad,,,,,,,,,-477.53295341657696,-518.6230358263324,704.9876416565612,False,dwarf
14.854627167230003,-34.07952055535,,,simbad,,,,,,,,,-230.46047837134586,-555.8449161657421,601.7271831307361,False,dwarf
15.190238565130828,-34.02436252765889,,,simbad,,,,,,,,,188.58907592293224,-473.0536456437513,509.2598464578857,False,dwarf
14.9575,-34.28916666666667,,,simbad,,,,,,,,,-102.01187683131258,-870.5201981228805,876.4769468471752,False,dwarf
14.479504835650001,-33.99473208977,,,simbad,,,,,,,,,-698.8439922735821,-428.57885744643687,819.7943416412263,False,dwarf
14.964355491179994,-33.90519152377001,,,simbad,,,,,,,,,-93.45200508257446,-294.17997603770954,308.66670626340783,False,dwarf
15.141709493039999,-33.89925251281,,,simbad,,,,,,,,,127.99492996372364,-285.2656206191961,312.66463887634245,False,dwarf
15.164388938930001,-33.9136411127,,,simbad,,,,,,,,,156.3128349910575,-306.8626667027992,344.3811821207639,False,dwarf
14.877358486800006,-33.93795693242,,,simbad,,,,,,,,,-202.07780306916388,-343.36030254424134,398.4115157177723,False,dwarf
14.851958333333332,-34.153277777777774,,,simbad,,,,,,,,,-233.792825430714,-666.553264715916,706.3655851797441,False,dwarf
14.907291666666667,-33.91924999999999,,,simbad,,,,,,,,,-164.70277421081207,-315.28151206800237,355.7097632686284,False,dwarf
14.948083333333333,-34.29216666666666,,,simbad,,,,,,,,,-113.76967169252755,-875.0231475930142,882.3882631929164,False,dwarf
14.830833333333333,-34.25588888888889,,,simbad,,,,,,,,,-260.1698254069826,-820.5708141855301,860.8279730267852,False,dwarf
15.014624999999999,-34.00861111111111,,,simbad,,,,,,,,,-30.684723049320397,-449.41103471113087,450.4573568593844,False,dwarf
14.778666666666668,-34.11255555555556,,,simbad,,,,,,,,,-325.30592791249114,-605.4298950563694,687.2912807267188,False,dwarf
14.467559172884169,-34.076064432491115,,,simbad,,,,,,,,,-713.7595305690091,-550.657333967014,901.4855334001494,False,dwarf
